date,brand,store_id,state,listings,units_avail,cheapest_10x10,median_price,median_ppsf
2026-04-29,publicstorage,6137,AL,14,124,78,108.5,
2026-04-29,publicstorage,5465,AL,9,20,61,75,
2026-04-29,publicstorage,6169,AL,13,73,83,99,
2026-04-29,publicstorage,5892,AL,12,34,78,94.0,
2026-04-29,publicstorage,2651,AL,7,14,129,148,
2026-04-29,publicstorage,5470,AL,21,64,45,74,
2026-04-29,publicstorage,6346,AL,9,40,25,60,
2026-04-29,publicstorage,5466,AL,9,16,56,71,
2026-04-29,publicstorage,6234,AL,14,82,34,53.0,
2026-04-29,publicstorage,6207,AL,27,254,29,33,
2026-04-29,publicstorage,5792,AL,13,82,59,80,
2026-04-29,publicstorage,6193,AL,5,200,43,93,
2026-04-29,publicstorage,5469,AL,16,56,103,110.0,
2026-04-29,publicstorage,6072,AL,13,52,61,91,
2026-04-29,publicstorage,6292,AL,17,93,58,94,
2026-04-29,publicstorage,5789,AL,6,92,61,76.0,
2026-04-29,publicstorage,6463,AL,6,355,44,58.0,
2026-04-29,publicstorage,6175,AL,4,32,86,106.0,
2026-04-29,publicstorage,6174,AL,7,154,51,56,
2026-04-29,publicstorage,6076,AZ,7,45,110,137,
2026-04-29,publicstorage,6246,AZ,13,120,80,80,
2026-04-29,publicstorage,5476,AZ,12,33,86,115.0,
2026-04-29,publicstorage,1860,AZ,8,60,90,79.5,
2026-04-29,publicstorage,6339,AZ,14,418,70,63.0,
2026-04-29,publicstorage,5839,AZ,11,54,106,69,
2026-04-29,publicstorage,2503,AZ,7,66,91,60,
2026-04-29,publicstorage,2508,AZ,9,36,,48,
2026-04-29,publicstorage,2036,AZ,26,605,60,49.0,
2026-04-29,publicstorage,6080,AZ,14,65,80,77.5,
2026-04-29,publicstorage,6079,AZ,15,45,101,135,
2026-04-29,publicstorage,2496,AZ,10,65,57,60.5,
2026-04-29,publicstorage,1683,AZ,7,11,92,125,
2026-04-29,publicstorage,2642,AZ,4,52,81,34.5,
2026-04-29,publicstorage,6248,AZ,9,63,98,132,
2026-04-29,publicstorage,6247,AZ,16,123,90,90.0,
2026-04-29,publicstorage,6243,AZ,7,94,47,52,
2026-04-29,publicstorage,2021,AZ,16,21,82,85.5,
2026-04-29,publicstorage,6448,AZ,11,336,52,52,
2026-04-29,publicstorage,6288,AZ,21,353,66,109,
2026-04-29,publicstorage,6166,AZ,8,91,104,113.5,
2026-04-29,publicstorage,5840,AZ,16,61,129,129.5,
2026-04-29,publicstorage,6235,AZ,10,32,133,195.0,
2026-04-29,publicstorage,5791,AZ,15,54,78,110,
2026-04-29,publicstorage,1676,AZ,11,58,83,111,
2026-04-29,publicstorage,5549,AZ,7,14,158,143,
2026-04-29,publicstorage,5886,AZ,7,45,105,141,
2026-04-29,publicstorage,2498,AZ,12,77,152,151.5,
2026-04-29,publicstorage,1862,AZ,12,30,86,89.5,
2026-04-29,publicstorage,6242,AZ,12,177,105,107.0,
2026-04-29,publicstorage,2278,AZ,10,29,64,87.0,
2026-04-29,publicstorage,6244,AZ,10,155,78,102.0,
2026-04-29,publicstorage,6345,AZ,21,548,55,55,
2026-04-29,publicstorage,5319,AZ,13,31,126,162,
2026-04-29,publicstorage,6077,AZ,18,165,97,128.0,
2026-04-29,publicstorage,1679,AZ,4,12,,123.0,
2026-04-29,publicstorage,2291,AZ,13,34,106,112,
2026-04-29,publicstorage,1861,AZ,4,10,,39.5,
2026-04-29,publicstorage,5501,AZ,14,31,61,68.0,
2026-04-29,publicstorage,6249,AZ,16,156,79,104.0,
2026-04-29,publicstorage,1680,AZ,18,53,132,133.5,
2026-04-29,publicstorage,6078,AZ,14,75,99,123.0,
2026-04-29,publicstorage,5441,AZ,8,38,69,87.5,
2026-04-29,publicstorage,5407,AZ,13,33,107,107,
2026-04-29,publicstorage,1684,AZ,15,29,100,105,
2026-04-29,publicstorage,1859,AZ,8,25,95,149.0,
2026-04-29,publicstorage,1113,AZ,15,59,88,88,
2026-04-29,publicstorage,6484,AZ,16,115,68,72.0,
2026-04-29,publicstorage,1235,AZ,8,13,75,118.5,
2026-04-29,publicstorage,2022,AZ,12,33,92,136.0,
2026-04-29,publicstorage,5345,AZ,19,57,68,76,
2026-04-29,publicstorage,6220,AZ,13,130,78,78,
2026-04-29,publicstorage,6413,AZ,19,524,66,87,
2026-04-29,publicstorage,1858,AZ,5,13,,129,
2026-04-29,publicstorage,1678,AZ,8,15,,44.5,
2026-04-29,publicstorage,5412,AZ,12,20,92,144.5,
2026-04-29,publicstorage,1677,AZ,13,24,85,119,
2026-04-29,publicstorage,1072,AZ,7,30,99,48,
2026-04-29,publicstorage,5475,AZ,5,28,62,62,
2026-04-29,publicstorage,1675,AZ,18,85,94,123.5,
2026-04-29,publicstorage,1342,AZ,12,40,173,177.5,
2026-04-29,publicstorage,5734,AZ,10,90,68,67.5,
2026-04-29,publicstorage,2289,AZ,11,45,88,88,
2026-04-29,publicstorage,2018,AZ,11,98,53,38,
2026-04-29,publicstorage,5366,AZ,8,10,124,186.5,
2026-04-29,publicstorage,5442,AZ,22,74,72,82.5,
2026-04-29,publicstorage,1682,AZ,6,8,283,175.0,
2026-04-29,publicstorage,6245,AZ,10,128,101,96.0,
2026-04-29,publicstorage,1100,AZ,7,11,140,152,
2026-04-29,publicstorage,6318,AZ,9,81,47,49,
2026-04-29,publicstorage,1685,AZ,10,31,61,64.0,
2026-04-29,publicstorage,1034,AZ,10,31,66,96.5,
2026-04-29,publicstorage,1686,AZ,17,36,104,133,
2026-04-29,publicstorage,1681,AZ,13,32,121,136,
2026-04-29,publicstorage,6136,AZ,12,184,80,96.0,
2026-04-29,publicstorage,1939,AZ,10,41,89,80.0,
2026-04-29,publicstorage,1010,AZ,10,27,73,161.0,
2026-04-29,publicstorage,1236,AZ,7,71,66,55,
2026-04-29,publicstorage,6251,CA,22,67,190,137.5,
2026-04-29,publicstorage,2210,CA,9,18,280,150,
2026-04-29,publicstorage,1704,CA,20,42,202,323.0,
2026-04-29,publicstorage,2212,CA,22,37,128,155.0,
2026-04-29,publicstorage,6253,CA,14,59,134,179.5,
2026-04-29,publicstorage,1940,CA,18,26,157,103.0,
2026-04-29,publicstorage,2235,CA,20,108,212,115.0,
2026-04-29,publicstorage,2236,CA,11,18,305,221,
2026-04-29,publicstorage,2228,CA,6,20,,161.5,
2026-04-29,publicstorage,1689,CA,18,51,380,248.0,
2026-04-29,publicstorage,2321,CA,7,107,263,148,
2026-04-29,publicstorage,2058,CA,12,28,263,276.5,
2026-04-29,publicstorage,2209,CA,6,46,161,162.0,
2026-04-29,publicstorage,5480,CA,15,27,,120,
2026-04-29,publicstorage,2173,CA,12,37,281,288.0,
2026-04-29,publicstorage,2211,CA,16,232,174,174.0,
2026-04-29,publicstorage,2222,CA,4,16,331,363.0,
2026-04-29,publicstorage,5566,CA,15,45,106,128,
2026-04-29,publicstorage,2192,CA,22,81,116,143.0,
2026-04-29,publicstorage,1582,CA,18,70,159,160.5,
2026-04-29,publicstorage,1698,CA,13,29,153,153,
2026-04-29,publicstorage,1512,CA,10,55,118,164.0,
2026-04-29,publicstorage,5382,CA,14,39,152,169.5,
2026-04-29,publicstorage,2215,CA,16,48,113,122.0,
2026-04-29,publicstorage,6241,CA,21,654,184,184,
2026-04-29,publicstorage,6254,CA,6,73,207,94.5,
2026-04-29,publicstorage,2536,CA,17,55,103,143,
2026-04-29,publicstorage,6255,CA,16,50,426,392.0,
2026-04-29,publicstorage,2053,CA,9,12,249,350,
2026-04-29,publicstorage,6178,CA,17,104,181,272,
2026-04-29,publicstorage,1692,CA,13,30,264,264,
2026-04-29,publicstorage,5836,CA,20,165,171,176.5,
2026-04-29,publicstorage,5900,CA,19,51,161,161,
2026-04-29,publicstorage,6250,CA,6,138,362,294.5,
2026-04-29,publicstorage,1697,CA,18,69,247,224.0,
2026-04-29,publicstorage,2206,CA,6,17,172,105.5,
2026-04-29,publicstorage,5485,CA,16,43,178,220.0,
2026-04-29,publicstorage,2057,CA,12,22,175,174.5,
2026-04-29,publicstorage,1690,CA,25,52,138,147,
2026-04-29,publicstorage,6236,CA,12,503,42,34.5,
2026-04-29,publicstorage,5590,CA,16,33,189,302.5,
2026-04-29,publicstorage,6262,CA,7,137,93,118,
2026-04-29,publicstorage,2208,CA,19,69,123,117,
2026-04-29,publicstorage,5220,CA,14,42,229,211.0,
2026-04-29,publicstorage,2253,CA,16,60,158,126.5,
2026-04-29,publicstorage,2518,CA,14,84,308,153.5,
2026-04-29,publicstorage,1656,CA,19,41,322,325,
2026-04-29,publicstorage,2430,CA,12,59,249,184.5,
2026-04-29,publicstorage,5565,CA,22,152,131,139.0,
2026-04-29,publicstorage,1863,CA,15,30,168,259,
2026-04-29,publicstorage,1694,CA,17,36,150,150,
2026-04-29,publicstorage,5269,CA,13,269,186,121,
2026-04-29,publicstorage,5481,CA,9,16,274,267,
2026-04-29,publicstorage,2227,CA,5,13,367,232,
2026-04-29,publicstorage,2054,CA,21,36,218,186,
2026-04-29,publicstorage,2436,CA,16,67,153,79.0,
2026-04-29,publicstorage,2560,CA,20,121,158,126.5,
2026-04-29,publicstorage,2627,CA,20,44,199,131.5,
2026-04-29,publicstorage,2216,CA,7,21,212,180,
2026-04-29,publicstorage,1864,CA,21,139,133,248,
2026-04-29,publicstorage,2231,CA,11,44,125,129,
2026-04-29,publicstorage,6252,CA,8,31,237,196.0,
2026-04-29,publicstorage,1705,CA,18,43,151,201.5,
2026-04-29,publicstorage,2055,CA,10,15,307,306.0,
2026-04-29,publicstorage,5799,CA,10,24,165,245.0,
2026-04-29,publicstorage,1709,CA,14,36,128,188.5,
2026-04-29,publicstorage,2061,CA,5,8,308,262,
2026-04-29,publicstorage,2381,CA,9,29,180,180,
2026-04-29,publicstorage,2224,CA,20,35,183,147.0,
2026-04-29,publicstorage,2214,CA,7,17,,133,
2026-04-29,publicstorage,2217,CA,11,49,,118,
2026-04-29,publicstorage,6304,CA,6,46,283,299.5,
2026-04-29,publicstorage,2223,CA,15,22,271,242,
2026-04-29,publicstorage,1937,CA,13,35,87,95,
2026-04-29,publicstorage,6483,CA,11,382,66,73,
2026-04-29,publicstorage,6256,CA,11,73,125,133,
2026-04-29,publicstorage,1231,CA,15,42,139,156,
2026-04-29,publicstorage,2189,CA,11,52,144,201,
2026-04-29,publicstorage,1664,CA,17,35,119,119,
2026-04-29,publicstorage,5622,CA,11,75,126,126,
2026-04-29,publicstorage,2260,CA,10,55,155,269.5,
2026-04-29,publicstorage,2220,CA,12,41,203,210.5,
2026-04-29,publicstorage,2207,CA,14,25,153,133.5,
2026-04-29,publicstorage,2257,CA,11,29,166,166,
2026-04-29,publicstorage,1868,CA,8,9,196,196.5,
2026-04-29,publicstorage,2180,CA,33,168,99,122,
2026-04-29,publicstorage,2185,CA,13,24,148,167,
2026-04-29,publicstorage,6416,CA,7,102,145,145,
2026-04-29,publicstorage,2567,CA,16,65,136,103.5,
2026-04-29,publicstorage,1699,CA,4,4,,416.5,
2026-04-29,publicstorage,6421,CA,7,10,183,183,
2026-04-29,publicstorage,5862,CA,19,220,226,190,
2026-04-29,publicstorage,5400,CA,14,144,285,364.0,
2026-04-29,publicstorage,2062,CA,7,12,250,223,
2026-04-29,publicstorage,1708,CA,9,16,,283,
2026-04-29,publicstorage,1695,CA,20,34,143,233.0,
2026-04-29,publicstorage,5898,CA,15,81,187,240,
2026-04-29,publicstorage,1696,CA,6,19,134,147.0,
2026-04-29,publicstorage,2287,CA,9,27,160,143,
2026-04-29,publicstorage,6259,CA,14,83,144,120.0,
2026-04-29,publicstorage,2064,CA,18,27,180,198.5,
2026-04-29,publicstorage,2181,CA,11,64,137,199,
2026-04-29,publicstorage,1865,CA,7,13,224,224,
2026-04-29,publicstorage,2202,CA,11,22,217,217,
2026-04-29,publicstorage,2221,CA,15,29,258,188,
2026-04-29,publicstorage,5285,CA,14,39,197,198.0,
2026-04-29,publicstorage,1651,CA,11,48,171,180,
2026-04-29,publicstorage,1636,CA,24,70,134,90.0,
2026-04-29,publicstorage,6258,CA,16,72,106,97.5,
2026-04-29,publicstorage,2205,CA,7,13,133,137,
2026-04-29,publicstorage,2532,CA,13,54,151,183,
2026-04-29,publicstorage,2063,CA,10,33,140,219.0,
2026-04-29,publicstorage,1688,CA,9,13,290,142,
2026-04-29,publicstorage,6370,CA,6,53,100,130.5,
2026-04-29,publicstorage,2230,CA,10,19,157,111.0,
2026-04-29,publicstorage,6257,CA,13,47,208,121,
2026-04-29,publicstorage,5854,CA,6,114,95,130.0,
2026-04-29,publicstorage,6138,CA,5,106,92,70,
2026-04-29,publicstorage,1514,CA,13,29,177,155,
2026-04-29,publicstorage,6464,CA,10,669,64,71.0,
2026-04-29,publicstorage,1700,CA,10,31,103,110.0,
2026-04-29,publicstorage,1713,CA,14,22,199,212.0,
2026-04-29,publicstorage,5383,CA,15,41,187,263,
2026-04-29,publicstorage,1866,CA,26,48,244,248.0,
2026-04-29,publicstorage,2167,CA,13,31,281,253,
2026-04-29,publicstorage,2037,CA,13,35,,200,
2026-04-29,publicstorage,1712,CA,13,48,348,241,
2026-04-29,publicstorage,2234,CA,10,151,,147.5,
2026-04-29,publicstorage,1707,CA,12,34,174,121.5,
2026-04-29,publicstorage,2023,CA,18,24,182,166.0,
2026-04-29,publicstorage,1706,CA,21,32,188,187,
2026-04-29,publicstorage,5228,CA,30,491,100,93.5,
2026-04-29,publicstorage,6261,CA,12,55,210,86.5,
2026-04-29,publicstorage,2056,CA,15,22,221,264,
2026-04-29,publicstorage,1701,CA,6,13,201,143.5,
2026-04-29,publicstorage,1702,CA,13,25,148,214,
2026-04-29,publicstorage,1517,CA,10,29,122,81.0,
2026-04-29,publicstorage,1710,CA,20,51,188,355.5,
2026-04-29,publicstorage,1691,CA,11,66,178,178,
2026-04-29,publicstorage,2282,CA,12,142,187,194.5,
2026-04-29,publicstorage,1367,CA,9,19,302,302,
2026-04-29,publicstorage,2225,CA,7,13,183,173,
2026-04-29,publicstorage,6161,CA,10,235,236,181.5,
2026-04-29,publicstorage,6314,CA,10,830,110,132.0,
2026-04-29,publicstorage,5899,CA,13,138,130,130,
2026-04-29,publicstorage,6371,CA,11,91,111,97,
2026-04-29,publicstorage,1693,CA,13,38,248,85,
2026-04-29,publicstorage,6276,CA,6,172,90,82.0,
2026-04-29,publicstorage,5794,CA,6,42,101,131.5,
2026-04-29,publicstorage,1867,CA,15,42,,144,
2026-04-29,publicstorage,6332,CA,9,111,74,69,
2026-04-29,publicstorage,5901,CA,10,41,114,106.5,
2026-04-29,publicstorage,2229,CA,11,61,203,164,
2026-04-29,publicstorage,2500,CA,15,24,149,179,
2026-04-29,publicstorage,1687,CA,32,103,163,225.5,
2026-04-29,publicstorage,2232,CA,9,22,219,159,
2026-04-29,publicstorage,2271,CA,21,34,231,228,
2026-04-29,publicstorage,2255,CA,16,37,267,219.5,
2026-04-29,publicstorage,1703,CA,12,22,136,145.0,
2026-04-29,publicstorage,1711,CA,9,30,143,127,
2026-04-29,publicstorage,6173,CA,8,47,195,212.5,
2026-04-29,publicstorage,2270,CA,15,32,197,197,
2026-04-29,publicstorage,6260,CA,12,210,78,114.5,
2026-04-29,publicstorage,2237,CA,10,17,155,71.5,
2026-04-29,publicstorage,6422,CA,10,645,127,146.5,
2026-04-29,publicstorage,2218,CA,11,15,145,145,
2026-04-29,publicstorage,6308,CA,21,125,128,126,
2026-04-29,publicstorage,1941,CA,10,36,164,114.5,
2026-04-29,publicstorage,2059,CA,18,30,180,217.0,
2026-04-29,publicstorage,1630,CA,4,17,213,146.5,
2026-04-29,publicstorage,5386,CA,19,230,173,102,
2026-04-29,publicstorage,2272,CA,14,42,139,138.5,
2026-04-29,publicstorage,2060,CA,14,22,304,304.0,
2026-04-29,publicstorage,5265,CO,22,79,71,66.5,
2026-04-29,publicstorage,6156,CO,8,90,90,108.0,
2026-04-29,publicstorage,2386,CO,11,35,107,116,
2026-04-29,publicstorage,6099,CO,7,28,124,139,
2026-04-29,publicstorage,1055,CO,14,54,67,85.0,
2026-04-29,publicstorage,5426,CO,13,35,104,127,
2026-04-29,publicstorage,6097,CO,5,20,92,92,
2026-04-29,publicstorage,2573,CO,12,30,125,136.5,
2026-04-29,publicstorage,6226,CO,7,23,102,67,
2026-04-29,publicstorage,6316,CO,7,56,127,127,
2026-04-29,publicstorage,5762,CO,14,35,111,123.5,
2026-04-29,publicstorage,5424,CO,16,31,125,239.0,
2026-04-29,publicstorage,5236,CO,12,100,116,79.0,
2026-04-29,publicstorage,1671,CO,7,25,76,97,
2026-04-29,publicstorage,2522,CO,20,51,71,100.5,
2026-04-29,publicstorage,1201,CO,11,67,,91,
2026-04-29,publicstorage,6114,CO,3,9,182,181,
2026-04-29,publicstorage,6069,CO,6,29,112,120.5,
2026-04-29,publicstorage,6112,CO,9,26,68,68,
2026-04-29,publicstorage,6108,CO,6,12,188,172.5,
2026-04-29,publicstorage,6110,CO,5,22,117,117,
2026-04-29,publicstorage,5312,CO,11,111,90,90,
2026-04-29,publicstorage,5639,CO,13,82,46,46,
2026-04-29,publicstorage,6228,CO,17,97,81,68,
2026-04-29,publicstorage,6498,CO,5,228,68,68,
2026-04-29,publicstorage,6281,CO,17,127,50,31,
2026-04-29,publicstorage,5301,CO,16,130,70,55.0,
2026-04-29,publicstorage,1031,CO,15,86,34,58,
2026-04-29,publicstorage,5640,CO,11,46,85,85,
2026-04-29,publicstorage,6101,CO,5,9,140,154,
2026-04-29,publicstorage,1382,CO,5,59,108,108,
2026-04-29,publicstorage,2521,CO,10,98,98,48.5,
2026-04-29,publicstorage,1258,CO,9,109,73,83,
2026-04-29,publicstorage,2387,CO,13,81,94,78,
2026-04-29,publicstorage,6103,CO,10,51,95,99.0,
2026-04-29,publicstorage,1230,CO,7,14,112,114,
2026-04-29,publicstorage,2611,CO,27,206,94,62,
2026-04-29,publicstorage,5227,CO,13,279,97,61,
2026-04-29,publicstorage,1019,CO,17,33,104,95,
2026-04-29,publicstorage,5249,CO,15,93,101,50,
2026-04-29,publicstorage,5623,CO,11,77,93,138,
2026-04-29,publicstorage,6317,CO,5,23,156,206,
2026-04-29,publicstorage,6480,CO,18,414,98,102.0,
2026-04-29,publicstorage,1246,CO,4,5,139,230.5,
2026-04-29,publicstorage,6348,CO,4,7,158,205.0,
2026-04-29,publicstorage,1715,CO,7,15,81,88,
2026-04-29,publicstorage,2117,CO,15,38,73,74,
2026-04-29,publicstorage,2118,CO,14,17,102,160.0,
2026-04-29,publicstorage,6105,CO,4,8,,96.5,
2026-04-29,publicstorage,5433,CO,15,58,99,99,
2026-04-29,publicstorage,5413,CO,13,53,81,87,
2026-04-29,publicstorage,1180,CO,15,54,,38,
2026-04-29,publicstorage,1167,CO,7,54,140,257,
2026-04-29,publicstorage,1056,CO,23,204,62,69,
2026-04-29,publicstorage,1176,CO,12,24,154,158.5,
2026-04-29,publicstorage,2388,CO,7,20,105,114,
2026-04-29,publicstorage,5500,CO,10,92,117,51.0,
2026-04-29,publicstorage,2389,CO,15,52,160,160,
2026-04-29,publicstorage,1188,CO,6,23,145,90.0,
2026-04-29,publicstorage,6372,CO,10,64,120,141.0,
2026-04-29,publicstorage,6240,CO,13,116,84,109,
2026-04-29,publicstorage,6347,CO,4,36,67,83.0,
2026-04-29,publicstorage,1872,CO,9,22,106,106,
2026-04-29,publicstorage,5577,CO,14,36,148,189.0,
2026-04-29,publicstorage,2174,CO,10,29,67,53.0,
2026-04-29,publicstorage,5342,CO,16,26,150,152.0,
2026-04-29,publicstorage,5221,CO,18,249,76,61.0,
2026-04-29,publicstorage,1871,CO,14,34,99,137.5,
2026-04-29,publicstorage,1006,CO,14,49,137,151.5,
2026-04-29,publicstorage,6461,CO,14,347,52,64.5,
2026-04-29,publicstorage,6106,CO,7,8,143,206,
2026-04-29,publicstorage,1160,CO,6,47,119,138.5,
2026-04-29,publicstorage,2523,CO,24,331,70,46.0,
2026-04-29,publicstorage,5250,CO,8,26,198,144.5,
2026-04-29,publicstorage,1066,CT,7,35,88,57,
2026-04-29,publicstorage,1186,CT,7,40,170,101,
2026-04-29,publicstorage,1239,CT,14,92,127,97.5,
2026-04-29,publicstorage,2201,CT,22,52,117,123.5,
2026-04-29,publicstorage,6477,CT,13,644,58,74,
2026-04-29,publicstorage,1644,CT,5,29,93,103,
2026-04-29,publicstorage,1046,CT,18,63,77,166.0,
2026-04-29,publicstorage,5486,CT,14,21,122,123.5,
2026-04-29,publicstorage,1084,CT,5,7,137,105,
2026-04-29,publicstorage,1154,CT,9,23,158,268,
2026-04-29,publicstorage,1262,DE,5,29,155,207,
2026-04-29,publicstorage,5409,DE,18,80,96,78.0,
2026-04-29,publicstorage,1441,DE,10,35,132,146.0,
2026-04-29,publicstorage,1286,DE,7,41,167,159,
2026-04-29,publicstorage,1667,DE,10,24,195,197.5,
2026-04-29,publicstorage,1412,DE,3,9,118,118,
2026-04-29,publicstorage,1081,DC,7,41,286,199,
2026-04-29,publicstorage,1040,VA,5,19,252,144,
2026-04-29,publicstorage,1445,MD,7,23,117,141,
2026-04-29,publicstorage,2195,DC,1,1,,587,
2026-04-29,publicstorage,1934,FL,15,39,105,102,
2026-04-29,publicstorage,6017,FL,23,92,55,76,
2026-04-29,publicstorage,2146,FL,17,28,134,139,
2026-04-29,publicstorage,2137,FL,16,37,112,89.0,
2026-04-29,publicstorage,2537,FL,8,22,116,140.5,
2026-04-29,publicstorage,2254,FL,16,28,203,184.0,
2026-04-29,publicstorage,5830,FL,8,39,113,112.5,
2026-04-29,publicstorage,5813,FL,17,66,47,49,
2026-04-29,publicstorage,5825,FL,2,4,,51.0,
2026-04-29,publicstorage,2300,FL,12,27,170,291.5,
2026-04-29,publicstorage,2391,FL,15,95,119,197,
2026-04-29,publicstorage,5300,FL,4,6,271,404.5,
2026-04-29,publicstorage,2301,FL,13,27,189,324,
2026-04-29,publicstorage,6046,FL,3,73,,27,
2026-04-29,publicstorage,2444,FL,22,150,54,50.5,
2026-04-29,publicstorage,2393,FL,12,30,254,194.5,
2026-04-29,publicstorage,2392,FL,20,39,106,107.0,
2026-04-29,publicstorage,6152,FL,12,38,101,68.0,
2026-04-29,publicstorage,2542,FL,19,62,,46,
2026-04-29,publicstorage,6150,FL,20,220,107,93.0,
2026-04-29,publicstorage,2302,FL,18,61,76,89.0,
2026-04-29,publicstorage,5844,FL,11,124,48,62,
2026-04-29,publicstorage,2147,FL,15,65,53,83,
2026-04-29,publicstorage,1619,FL,20,108,106,88.0,
2026-04-29,publicstorage,6377,FL,14,42,80,67.0,
2026-04-29,publicstorage,6378,FL,16,44,76,101.5,
2026-04-29,publicstorage,6179,FL,16,147,47,64.0,
2026-04-29,publicstorage,6291,FL,14,124,54,64.0,
2026-04-29,publicstorage,6423,FL,11,351,46,64,
2026-04-29,publicstorage,2303,FL,18,69,88,86.5,
2026-04-29,publicstorage,6488,FL,11,289,79,112,
2026-04-29,publicstorage,6020,FL,14,39,130,114.0,
2026-04-29,publicstorage,2394,FL,19,48,100,131,
2026-04-29,publicstorage,2512,FL,22,54,99,80.0,
2026-04-29,publicstorage,2395,FL,18,91,100,112.0,
2026-04-29,publicstorage,6199,FL,21,214,34,54,
2026-04-29,publicstorage,6489,FL,18,345,103,163.5,
2026-04-29,publicstorage,2396,FL,16,105,233,94.0,
2026-04-29,publicstorage,1577,FL,14,53,179,95.5,
2026-04-29,publicstorage,6327,FL,17,132,191,249,
2026-04-29,publicstorage,2397,FL,12,32,220,391.5,
2026-04-29,publicstorage,2065,FL,15,29,152,152,
2026-04-29,publicstorage,2149,FL,13,30,117,135,
2026-04-29,publicstorage,2445,FL,9,15,161,125,
2026-04-29,publicstorage,5258,FL,13,31,199,303,
2026-04-29,publicstorage,1634,FL,17,47,99,73,
2026-04-29,publicstorage,2398,FL,14,31,165,264.0,
2026-04-29,publicstorage,1718,FL,9,26,,229,
2026-04-29,publicstorage,2406,FL,13,36,202,202,
2026-04-29,publicstorage,5555,FL,9,12,127,396,
2026-04-29,publicstorage,5398,FL,25,128,51,51,
2026-04-29,publicstorage,2447,FL,16,41,37,47.0,
2026-04-29,publicstorage,2446,FL,10,59,56,73.0,
2026-04-29,publicstorage,5554,FL,18,57,75,91.0,
2026-04-29,publicstorage,2304,FL,26,180,25,53.5,
2026-04-29,publicstorage,2399,FL,11,17,129,118,
2026-04-29,publicstorage,6277,FL,21,327,32,30,
2026-04-29,publicstorage,2242,FL,9,29,83,76,
2026-04-29,publicstorage,6200,FL,10,63,104,156.5,
2026-04-29,publicstorage,6237,FL,16,63,97,107.5,
2026-04-29,publicstorage,6289,FL,16,257,101,84.5,
2026-04-29,publicstorage,2268,FL,15,57,143,96,
2026-04-29,publicstorage,2400,FL,15,24,156,101,
2026-04-29,publicstorage,6024,FL,28,245,54,54.0,
2026-04-29,publicstorage,5841,FL,13,76,118,118,
2026-04-29,publicstorage,2401,FL,10,35,63,62.5,
2026-04-29,publicstorage,5315,FL,20,42,129,123.0,
2026-04-29,publicstorage,1573,FL,16,75,155,64.5,
2026-04-29,publicstorage,2263,FL,19,28,169,208,
2026-04-29,publicstorage,2630,FL,10,48,127,84.0,
2026-04-29,publicstorage,5769,FL,11,66,165,187,
2026-04-29,publicstorage,2448,FL,13,32,135,140,
2026-04-29,publicstorage,1635,FL,19,54,150,105,
2026-04-29,publicstorage,6373,FL,6,32,126,106.0,
2026-04-29,publicstorage,5402,FL,20,357,124,163.0,
2026-04-29,publicstorage,6403,FL,9,33,74,74,
2026-04-29,publicstorage,5578,FL,11,19,,222,
2026-04-29,publicstorage,1043,FL,7,33,111,111,
2026-04-29,publicstorage,6490,FL,12,115,114,209.0,
2026-04-29,publicstorage,1622,FL,9,43,141,141,
2026-04-29,publicstorage,6433,FL,14,104,106,109.0,
2026-04-29,publicstorage,1665,FL,25,109,196,293,
2026-04-29,publicstorage,2538,FL,14,50,134,134.5,
2026-04-29,publicstorage,2285,FL,19,63,107,120,
2026-04-29,publicstorage,2450,FL,20,64,77,91.0,
2026-04-29,publicstorage,6482,FL,10,628,77,81.5,
2026-04-29,publicstorage,6362,FL,11,23,59,59,
2026-04-29,publicstorage,2449,FL,13,38,100,124,
2026-04-29,publicstorage,6360,FL,11,90,58,58,
2026-04-29,publicstorage,2305,FL,14,57,70,74.0,
2026-04-29,publicstorage,2539,FL,19,49,92,76,
2026-04-29,publicstorage,2505,FL,17,158,114,64,
2026-04-29,publicstorage,2402,FL,14,24,134,144.5,
2026-04-29,publicstorage,2531,FL,14,39,116,130.5,
2026-04-29,publicstorage,6021,FL,16,51,70,93.0,
2026-04-29,publicstorage,2306,FL,16,42,136,85.5,
2026-04-29,publicstorage,2403,FL,9,19,98,56,
2026-04-29,publicstorage,1719,FL,12,40,156,93.0,
2026-04-29,publicstorage,6402,FL,9,76,86,84,
2026-04-29,publicstorage,2540,FL,11,54,90,90,
2026-04-29,publicstorage,2143,FL,20,41,117,122.0,
2026-04-29,publicstorage,1717,FL,15,42,101,131,
2026-04-29,publicstorage,2150,FL,16,48,103,123.5,
2026-04-29,publicstorage,2451,FL,19,112,88,102,
2026-04-29,publicstorage,2405,FL,16,36,127,52.5,
2026-04-29,publicstorage,5440,FL,17,285,157,112,
2026-04-29,publicstorage,5605,FL,19,314,127,91,
2026-04-29,publicstorage,6282,FL,11,358,134,54,
2026-04-29,publicstorage,2524,FL,18,47,197,210.5,
2026-04-29,publicstorage,1580,FL,8,31,332,158.5,
2026-04-29,publicstorage,1642,FL,8,38,486,161.5,
2026-04-29,publicstorage,1574,FL,24,58,233,318.5,
2026-04-29,publicstorage,2632,FL,10,32,228,178.0,
2026-04-29,publicstorage,5314,FL,15,69,152,121,
2026-04-29,publicstorage,6458,FL,10,1279,134,149.5,
2026-04-29,publicstorage,1572,FL,21,85,228,124,
2026-04-29,publicstorage,5896,FL,13,124,109,126,
2026-04-29,publicstorage,2613,FL,13,114,186,83,
2026-04-29,publicstorage,1466,FL,16,38,135,98.5,
2026-04-29,publicstorage,5746,FL,16,56,193,197.5,
2026-04-29,publicstorage,1662,FL,14,39,181,135.5,
2026-04-29,publicstorage,5316,FL,16,44,161,103.5,
2026-04-29,publicstorage,1575,FL,8,34,346,395.0,
2026-04-29,publicstorage,5317,FL,16,37,195,192.0,
2026-04-29,publicstorage,1606,FL,14,63,121,114.5,
2026-04-29,publicstorage,1579,FL,14,37,164,221.5,
2026-04-29,publicstorage,2407,FL,10,20,108,110.5,
2026-04-29,publicstorage,6343,FL,9,55,69,69,
2026-04-29,publicstorage,5756,FL,9,48,70,70,
2026-04-29,publicstorage,2431,FL,9,48,137,120,
2026-04-29,publicstorage,5334,FL,20,92,54,78.0,
2026-04-29,publicstorage,2470,FL,26,136,98,48.5,
2026-04-29,publicstorage,5833,FL,10,52,130,147.5,
2026-04-29,publicstorage,5552,FL,12,292,45,25.5,
2026-04-29,publicstorage,6018,FL,15,74,71,80,
2026-04-29,publicstorage,6008,FL,17,60,56,75,
2026-04-29,publicstorage,2307,FL,12,28,112,86.0,
2026-04-29,publicstorage,6215,FL,21,91,53,53,
2026-04-29,publicstorage,1578,FL,11,41,346,152,
2026-04-29,publicstorage,5852,FL,9,25,232,126,
2026-04-29,publicstorage,2156,FL,14,31,202,111.5,
2026-04-29,publicstorage,2158,FL,5,16,170,170,
2026-04-29,publicstorage,2312,FL,7,52,91,91,
2026-04-29,publicstorage,2159,FL,13,33,131,107,
2026-04-29,publicstorage,2309,FL,12,36,254,99.0,
2026-04-29,publicstorage,2308,FL,22,43,133,95.5,
2026-04-29,publicstorage,5303,FL,18,42,81,79.5,
2026-04-29,publicstorage,2462,FL,3,3,,280,
2026-04-29,publicstorage,2152,FL,12,49,95,101.0,
2026-04-29,publicstorage,1873,FL,19,137,90,71,
2026-04-29,publicstorage,5807,FL,12,51,82,102.0,
2026-04-29,publicstorage,5831,FL,10,36,74,98.0,
2026-04-29,publicstorage,5811,FL,21,104,44,57,
2026-04-29,publicstorage,5860,FL,7,28,186,175,
2026-04-29,publicstorage,5815,FL,10,96,53,64.0,
2026-04-29,publicstorage,5820,FL,13,133,50,54,
2026-04-29,publicstorage,2311,FL,13,102,52,65,
2026-04-29,publicstorage,5816,FL,10,68,45,54.0,
2026-04-29,publicstorage,5829,FL,15,22,88,88,
2026-04-29,publicstorage,5826,FL,5,40,69,70,
2026-04-29,publicstorage,5812,FL,7,19,,67,
2026-04-29,publicstorage,5824,FL,5,59,54,54,
2026-04-29,publicstorage,5809,FL,10,58,58,85.5,
2026-04-29,publicstorage,5819,FL,5,49,46,78,
2026-04-29,publicstorage,5822,FL,13,28,51,51,
2026-04-29,publicstorage,5827,FL,5,25,50,50,
2026-04-29,publicstorage,5821,FL,12,65,52,60.0,
2026-04-29,publicstorage,6212,FL,10,62,49,65.5,
2026-04-29,publicstorage,5810,FL,6,80,50,51.5,
2026-04-29,publicstorage,2310,FL,21,309,42,34,
2026-04-29,publicstorage,5814,FL,17,85,59,68,
2026-04-29,publicstorage,5823,FL,11,41,62,89,
2026-04-29,publicstorage,5808,FL,13,133,54,67,
2026-04-29,publicstorage,6375,FL,10,55,50,68.5,
2026-04-29,publicstorage,5828,FL,2,25,,73.0,
2026-04-29,publicstorage,5817,FL,3,13,85,85,
2026-04-29,publicstorage,5818,FL,7,18,41,42,
2026-04-29,publicstorage,5859,FL,12,29,66,102.5,
2026-04-29,publicstorage,5832,FL,10,34,76,91.0,
2026-04-29,publicstorage,2155,FL,9,25,115,115,
2026-04-29,publicstorage,6007,FL,12,35,117,185.5,
2026-04-29,publicstorage,2139,FL,3,7,,158,
2026-04-29,publicstorage,2541,FL,15,44,94,94,
2026-04-29,publicstorage,2157,FL,2,3,62,97.5,
2026-04-29,publicstorage,2313,FL,15,123,67,20,
2026-04-29,publicstorage,2144,FL,20,54,92,119.0,
2026-04-29,publicstorage,2283,FL,11,15,82,82,
2026-04-29,publicstorage,2453,FL,11,22,88,98,
2026-04-29,publicstorage,1935,FL,11,35,102,102,
2026-04-29,publicstorage,2140,FL,10,33,81,97.5,
2026-04-29,publicstorage,6351,FL,5,20,122,122,
2026-04-29,publicstorage,5877,FL,9,32,77,137,
2026-04-29,publicstorage,2284,FL,22,66,55,55.0,
2026-04-29,publicstorage,2526,FL,9,17,143,61,
2026-04-29,publicstorage,2454,FL,10,41,81,188.5,
2026-04-29,publicstorage,2408,FL,11,66,82,106,
2026-04-29,publicstorage,2141,FL,15,49,129,129,
2026-04-29,publicstorage,2153,FL,7,28,163,92,
2026-04-29,publicstorage,6010,FL,9,119,58,74,
2026-04-29,publicstorage,2148,FL,7,31,83,110,
2026-04-29,publicstorage,6011,FL,12,43,56,74.5,
2026-04-29,publicstorage,2409,FL,9,57,72,96,
2026-04-29,publicstorage,2142,FL,10,56,109,197.5,
2026-04-29,publicstorage,6481,FL,6,80,44,42.0,
2026-04-29,publicstorage,6019,FL,18,66,67,62.5,
2026-04-29,publicstorage,6405,FL,18,121,82,108.0,
2026-04-29,publicstorage,6013,FL,19,74,82,96,
2026-04-29,publicstorage,2410,FL,15,79,100,49,
2026-04-29,publicstorage,2315,FL,12,121,232,106.5,
2026-04-29,publicstorage,2314,FL,16,53,167,113.5,
2026-04-29,publicstorage,6012,FL,17,104,46,58,
2026-04-29,publicstorage,6359,FL,8,126,62,87.5,
2026-04-29,publicstorage,6358,FL,9,20,66,77,
2026-04-29,publicstorage,6426,FL,8,62,138,117.0,
2026-04-29,publicstorage,1663,FL,15,36,208,205,
2026-04-29,publicstorage,2411,FL,11,41,137,152,
2026-04-29,publicstorage,2455,FL,10,34,103,103.5,
2026-04-29,publicstorage,5771,FL,11,90,82,85,
2026-04-29,publicstorage,6009,FL,15,69,76,115,
2026-04-29,publicstorage,5281,FL,12,51,77,83.5,
2026-04-29,publicstorage,6328,FL,9,138,180,226,
2026-04-29,publicstorage,2264,FL,20,56,92,94.0,
2026-04-29,publicstorage,1576,FL,19,61,137,137,
2026-04-29,publicstorage,6056,FL,12,23,194,203.0,
2026-04-29,publicstorage,5443,FL,23,85,61,78,
2026-04-29,publicstorage,2316,FL,12,25,76,87.5,
2026-04-29,publicstorage,2481,FL,15,193,111,57,
2026-04-29,publicstorage,6374,FL,5,18,85,85,
2026-04-29,publicstorage,5472,FL,20,82,57,87.5,
2026-04-29,publicstorage,6442,FL,8,339,46,35.5,
2026-04-29,publicstorage,2456,FL,17,69,68,89,
2026-04-29,publicstorage,6202,FL,11,210,76,76,
2026-04-29,publicstorage,6014,FL,16,65,85,103.5,
2026-04-29,publicstorage,6404,FL,20,61,108,109.5,
2026-04-29,publicstorage,1518,FL,21,61,143,141,
2026-04-29,publicstorage,2457,FL,24,58,67,93.5,
2026-04-29,publicstorage,2543,FL,21,74,185,153,
2026-04-29,publicstorage,2458,FL,24,70,65,111.5,
2026-04-29,publicstorage,6197,FL,19,94,52,48,
2026-04-29,publicstorage,2472,FL,17,84,63,64,
2026-04-29,publicstorage,5736,FL,15,109,52,52,
2026-04-29,publicstorage,6432,FL,10,676,46,53.0,
2026-04-29,publicstorage,1874,FL,13,73,98,98,
2026-04-29,publicstorage,2529,FL,8,18,,117.5,
2026-04-29,publicstorage,2459,FL,14,26,73,77.0,
2026-04-29,publicstorage,6176,FL,13,97,54,56,
2026-04-29,publicstorage,6290,FL,12,90,46,46.5,
2026-04-29,publicstorage,6022,FL,9,36,41,56,
2026-04-29,publicstorage,6485,FL,22,165,63,75.5,
2026-04-29,publicstorage,6419,FL,6,384,60,68.5,
2026-04-29,publicstorage,6361,FL,11,47,134,90,
2026-04-29,publicstorage,2412,FL,8,25,,128.5,
2026-04-29,publicstorage,2460,FL,17,134,81,86,
2026-04-29,publicstorage,2404,FL,9,36,134,134,
2026-04-29,publicstorage,6357,FL,13,148,70,111,
2026-04-29,publicstorage,1581,FL,18,36,165,158.5,
2026-04-29,publicstorage,2151,FL,3,4,,246,
2026-04-29,publicstorage,2317,FL,10,70,103,55.0,
2026-04-29,publicstorage,2154,FL,16,91,83,116.0,
2026-04-29,publicstorage,2631,FL,15,86,95,46,
2026-04-29,publicstorage,2461,FL,15,35,128,128,
2026-04-29,publicstorage,1670,FL,9,21,96,96,
2026-04-29,publicstorage,1189,FL,20,75,98,101.0,
2026-04-29,publicstorage,5719,FL,12,105,157,125.5,
2026-04-29,publicstorage,5444,FL,13,40,173,187,
2026-04-29,publicstorage,6434,FL,19,129,65,65,
2026-04-29,publicstorage,6023,FL,16,88,75,42.5,
2026-04-29,publicstorage,5350,FL,15,58,53,61,
2026-04-29,publicstorage,6379,FL,12,22,122,149.0,
2026-04-29,publicstorage,2413,FL,9,64,88,88,
2026-04-29,publicstorage,2318,FL,9,88,65,65,
2026-04-29,publicstorage,6045,FL,9,57,279,86,
2026-04-29,publicstorage,6476,FL,11,697,76,82,
2026-04-29,publicstorage,2320,FL,18,57,131,73.0,
2026-04-29,publicstorage,1875,FL,25,137,70,70,
2026-04-29,publicstorage,2319,FL,16,53,126,158.5,
2026-04-29,publicstorage,6353,FL,12,376,78,68.0,
2026-04-29,publicstorage,1876,FL,34,333,113,115.0,
2026-04-29,publicstorage,5219,FL,9,33,174,183,
2026-04-29,publicstorage,2241,FL,22,144,106,124.0,
2026-04-29,publicstorage,2415,FL,17,33,303,307,
2026-04-29,publicstorage,2414,FL,10,32,248,241.5,
2026-04-29,publicstorage,6016,FL,12,77,179,193.5,
2026-04-29,publicstorage,6015,FL,16,52,101,148.0,
2026-04-29,publicstorage,6320,FL,4,120,74,75.0,
2026-04-29,publicstorage,6376,FL,11,75,96,122,
2026-04-29,publicstorage,2145,FL,18,39,62,122.5,
2026-04-29,publicstorage,6068,GA,12,60,94,102.0,
2026-04-29,publicstorage,2326,GA,18,41,54,50.0,
2026-04-29,publicstorage,2226,GA,11,20,95,102,
2026-04-29,publicstorage,1730,GA,10,28,,75.5,
2026-04-29,publicstorage,1723,GA,5,52,53,73,
2026-04-29,publicstorage,2510,GA,17,31,150,150,
2026-04-29,publicstorage,1725,GA,5,37,48,53,
2026-04-29,publicstorage,6331,GA,13,229,61,65,
2026-04-29,publicstorage,2422,GA,21,209,53,53,
2026-04-29,publicstorage,1527,GA,10,17,127,143.5,
2026-04-29,publicstorage,2290,GA,6,6,,168.0,
2026-04-29,publicstorage,1961,GA,11,22,100,112,
2026-04-29,publicstorage,2418,GA,15,46,76,120,
2026-04-29,publicstorage,1962,GA,8,20,159,237.0,
2026-04-29,publicstorage,2421,GA,8,18,140,54.0,
2026-04-29,publicstorage,2183,GA,9,28,86,113,
2026-04-29,publicstorage,5330,GA,21,124,96,115,
2026-04-29,publicstorage,5587,GA,18,28,76,81.0,
2026-04-29,publicstorage,5575,GA,15,153,71,32,
2026-04-29,publicstorage,6443,GA,15,1030,72,72,
2026-04-29,publicstorage,1724,GA,11,27,73,84,
2026-04-29,publicstorage,2416,GA,15,81,33,38,
2026-04-29,publicstorage,1726,GA,7,106,87,74,
2026-04-29,publicstorage,1603,GA,11,34,71,31,
2026-04-29,publicstorage,2417,GA,18,55,74,89.5,
2026-04-29,publicstorage,1604,GA,12,23,,64.0,
2026-04-29,publicstorage,1722,GA,7,40,62,122,
2026-04-29,publicstorage,1602,GA,5,12,,206,
2026-04-29,publicstorage,1609,GA,14,48,81,193.5,
2026-04-29,publicstorage,1728,GA,17,67,68,71,
2026-04-29,publicstorage,6232,GA,5,9,97,132,
2026-04-29,publicstorage,5624,GA,7,61,85,104,
2026-04-29,publicstorage,5326,GA,14,39,64,117.5,
2026-04-29,publicstorage,5435,GA,18,38,77,105.5,
2026-04-29,publicstorage,5325,GA,6,30,81,104.0,
2026-04-29,publicstorage,6004,GA,20,85,52,89.0,
2026-04-29,publicstorage,6312,GA,12,374,43,44.0,
2026-04-29,publicstorage,2184,GA,5,12,80,68,
2026-04-29,publicstorage,6380,GA,7,99,72,72,
2026-04-29,publicstorage,6435,GA,9,46,56,56,
2026-04-29,publicstorage,5423,GA,14,36,68,68.5,
2026-04-29,publicstorage,6497,GA,6,94,93,69.5,
2026-04-29,publicstorage,6430,GA,14,104,79,113.5,
2026-04-29,publicstorage,6001,GA,11,49,62,62,
2026-04-29,publicstorage,2025,GA,19,56,56,62,
2026-04-29,publicstorage,5722,GA,9,23,,25,
2026-04-29,publicstorage,5576,GA,16,60,53,51.5,
2026-04-29,publicstorage,5588,GA,20,54,74,28.5,
2026-04-29,publicstorage,1668,GA,17,97,53,87,
2026-04-29,publicstorage,2281,GA,12,29,60,60.0,
2026-04-29,publicstorage,1729,GA,14,35,55,115.0,
2026-04-29,publicstorage,1616,GA,10,20,,26.5,
2026-04-29,publicstorage,1727,GA,8,21,76,88.0,
2026-04-29,publicstorage,2024,GA,11,27,89,94,
2026-04-29,publicstorage,1721,GA,12,18,101,127.0,
2026-04-29,publicstorage,6233,GA,4,42,74,111.0,
2026-04-29,publicstorage,6057,GA,23,142,187,197,
2026-04-29,publicstorage,6062,GA,32,141,139,169.0,
2026-04-29,publicstorage,6418,GA,18,337,31,33.5,
2026-04-29,publicstorage,6132,GA,23,184,119,119,
2026-04-29,publicstorage,6003,GA,9,76,32,56,
2026-04-29,publicstorage,5468,GA,21,132,28,29,
2026-04-29,publicstorage,6222,GA,16,39,100,61.5,
2026-04-29,publicstorage,5863,,8,174,53,39.5,
2026-04-29,publicstorage,6224,GA,17,96,119,139,
2026-04-29,publicstorage,6427,GA,4,63,72,96.5,
2026-04-29,publicstorage,1605,GA,22,77,50,59.5,
2026-04-29,publicstorage,5868,GA,4,24,83,67.0,
2026-04-29,publicstorage,6325,GA,7,206,50,50,
2026-04-29,publicstorage,5867,GA,11,125,47,47,
2026-04-29,publicstorage,5866,GA,9,30,61,61,
2026-04-29,publicstorage,6365,GA,10,82,46,40.0,
2026-04-29,publicstorage,6459,GA,6,65,72,76.5,
2026-04-29,publicstorage,6344,GA,9,361,50,50,
2026-04-29,publicstorage,6508,GA,6,270,102,105.5,
2026-04-29,publicstorage,6507,GA,16,393,59,92.0,
2026-04-29,publicstorage,2419,GA,11,39,66,74,
2026-04-29,publicstorage,6005,GA,5,23,45,24,
2026-04-29,publicstorage,2038,GA,16,39,52,40.0,
2026-04-29,publicstorage,1720,GA,17,66,39,35,
2026-04-29,publicstorage,1942,GA,9,13,74,78,
2026-04-29,publicstorage,5263,GA,11,26,53,53,
2026-04-29,publicstorage,5262,GA,18,40,97,103.5,
2026-04-29,publicstorage,2420,GA,7,25,,110,
2026-04-29,publicstorage,1528,GA,0,0,,,
2026-04-29,publicstorage,6060,GA,12,126,72,106.5,
2026-04-29,publicstorage,5570,GA,13,52,38,65,
2026-04-29,publicstorage,2280,GA,16,30,77,85.5,
2026-04-29,publicstorage,1620,GA,14,23,39,79.0,
2026-04-29,publicstorage,6223,GA,22,142,35,57.5,
2026-04-29,publicstorage,5748,GA,8,40,67,67.0,
2026-04-29,publicstorage,5870,GA,27,108,129,139,
2026-04-29,publicstorage,6352,GA,14,346,51,52.5,
2026-04-29,publicstorage,6153,GA,11,281,42,34,
2026-04-29,publicstorage,6449,GA,7,328,37,58,
2026-04-29,publicstorage,2327,GA,16,57,101,127.0,
2026-04-29,publicstorage,6285,GA,14,51,70,74.5,
2026-04-29,publicstorage,2572,GA,14,53,89,107.0,
2026-04-29,publicstorage,2328,GA,8,20,83,214.5,
2026-04-29,publicstorage,2329,GA,11,24,117,140,
2026-04-29,publicstorage,6415,GA,10,54,100,126.0,
2026-04-29,publicstorage,6364,GA,9,24,85,102,
2026-04-29,publicstorage,6363,GA,8,42,69,95.5,
2026-04-29,publicstorage,6002,GA,11,28,48,124,
2026-04-29,publicstorage,1296,HI,6,12,430,319.0,
2026-04-29,publicstorage,2179,HI,15,46,312,182,
2026-04-29,publicstorage,1335,HI,9,14,524,306,
2026-04-29,publicstorage,1669,HI,8,23,363,474.5,
2026-04-29,publicstorage,1035,HI,4,7,514,480.0,
2026-04-29,publicstorage,6071,HI,15,53,279,352,
2026-04-29,publicstorage,6263,HI,8,26,558,492.0,
2026-04-29,publicstorage,1422,HI,11,22,516,516,
2026-04-29,publicstorage,6264,HI,10,34,387,333.0,
2026-04-29,publicstorage,2276,HI,19,47,241,258,
2026-04-29,publicstorage,1519,HI,18,60,269,211.0,
2026-04-29,publicstorage,1298,HI,10,16,324,268.0,
2026-04-29,publicstorage,6367,HI,10,741,173,104.0,
2026-04-29,publicstorage,2275,HI,13,28,304,270,
2026-04-29,publicstorage,2233,HI,13,23,222,191,
2026-04-29,publicstorage,6409,ID,7,10,151,151,
2026-04-29,publicstorage,5561,ID,7,65,118,142,
2026-04-29,publicstorage,6410,ID,15,61,161,148,
2026-04-29,publicstorage,5562,ID,6,45,125,132.0,
2026-04-29,publicstorage,6408,ID,11,79,,159,
2026-04-29,publicstorage,6407,ID,7,22,121,142,
2026-04-29,publicstorage,6272,ID,9,79,97,144,
2026-04-29,publicstorage,5558,ID,4,9,165,201.5,
2026-04-29,publicstorage,6274,ID,13,107,100,132,
2026-04-29,publicstorage,6273,ID,10,110,95,131.5,
2026-04-29,publicstorage,6322,ID,12,74,80,84.0,
2026-04-29,publicstorage,5560,ID,5,35,110,110,
2026-04-29,publicstorage,5557,ID,2,6,,177.0,
2026-04-29,publicstorage,5559,ID,7,36,135,137,
2026-04-29,publicstorage,5851,ID,12,138,62,67.0,
2026-04-29,publicstorage,6412,ID,15,130,69,81,
2026-04-29,publicstorage,6411,ID,9,58,74,109,
2026-04-29,publicstorage,6275,ID,14,91,102,135.0,
2026-04-29,publicstorage,1877,IL,8,50,116,89.5,
2026-04-29,publicstorage,1022,IL,10,54,147,128.0,
2026-04-29,publicstorage,1016,IL,24,59,104,104.5,
2026-04-29,publicstorage,2040,IL,12,39,91,112.0,
2026-04-29,publicstorage,1327,IL,6,20,65,65.0,
2026-04-29,publicstorage,1195,IL,11,31,71,74,
2026-04-29,publicstorage,1880,IL,9,39,,165,
2026-04-29,publicstorage,5399,IL,11,88,73,108,
2026-04-29,publicstorage,1943,IL,10,18,98,172.0,
2026-04-29,publicstorage,1131,IL,14,39,140,138.5,
2026-04-29,publicstorage,1881,IL,7,21,,233,
2026-04-29,publicstorage,1341,IL,12,39,78,65.0,
2026-04-29,publicstorage,1228,IL,15,52,69,69,
2026-04-29,publicstorage,1277,IL,7,15,95,87,
2026-04-29,publicstorage,1130,IL,5,18,,186,
2026-04-29,publicstorage,1645,IL,13,27,78,133,
2026-04-29,publicstorage,5445,IL,17,78,63,63,
2026-04-29,publicstorage,2203,IL,9,14,96,61,
2026-04-29,publicstorage,1319,IL,18,28,64,86.5,
2026-04-29,publicstorage,1310,IL,8,54,85,125.5,
2026-04-29,publicstorage,2238,IL,6,50,81,108.5,
2026-04-29,publicstorage,5446,IL,14,45,102,118.5,
2026-04-29,publicstorage,1194,IL,8,33,113,149.0,
2026-04-29,publicstorage,2026,IL,12,43,81,92.0,
2026-04-29,publicstorage,1311,IL,11,43,,139,
2026-04-29,publicstorage,5589,IL,16,80,122,129.5,
2026-04-29,publicstorage,1357,IL,5,26,77,118,
2026-04-29,publicstorage,1334,IL,17,47,60,60,
2026-04-29,publicstorage,1737,IL,13,27,212,193,
2026-04-29,publicstorage,1250,IL,7,20,,65,
2026-04-29,publicstorage,1350,IL,8,17,89,95.5,
2026-04-29,publicstorage,5447,IL,23,111,97,83,
2026-04-29,publicstorage,1232,IL,9,19,105,155,
2026-04-29,publicstorage,5805,IL,19,161,96,99,
2026-04-29,publicstorage,1251,IL,14,28,171,189.5,
2026-04-29,publicstorage,1883,IL,11,36,129,163,
2026-04-29,publicstorage,1590,IL,16,42,163,164.5,
2026-04-29,publicstorage,1400,IL,14,66,75,42.0,
2026-04-29,publicstorage,1329,IL,8,54,89,90.5,
2026-04-29,publicstorage,1882,IL,6,30,115,122.0,
2026-04-29,publicstorage,1210,IL,9,21,162,162,
2026-04-29,publicstorage,1181,IL,7,25,135,174,
2026-04-29,publicstorage,1185,IL,6,29,68,60.5,
2026-04-29,publicstorage,1359,IL,8,46,63,75.0,
2026-04-29,publicstorage,5908,IL,5,53,61,61,
2026-04-29,publicstorage,1733,IL,8,38,69,72.0,
2026-04-29,publicstorage,6025,IL,6,35,,145.0,
2026-04-29,publicstorage,6026,IL,7,17,100,130,
2026-04-29,publicstorage,1878,IL,8,45,144,170.5,
2026-04-29,publicstorage,1259,IN,5,26,,147,
2026-04-29,publicstorage,1433,IL,6,17,86,116.0,
2026-04-29,publicstorage,1740,IL,14,26,209,162.5,
2026-04-29,publicstorage,1443,IL,5,6,157,138,
2026-04-29,publicstorage,5401,IL,14,81,101,90.5,
2026-04-29,publicstorage,1218,IL,30,108,99,127.5,
2026-04-29,publicstorage,1268,IL,9,28,267,267,
2026-04-29,publicstorage,1287,IL,9,19,273,273,
2026-04-29,publicstorage,1355,IL,10,16,152,175.5,
2026-04-29,publicstorage,1216,IL,2,7,,33.5,
2026-04-29,publicstorage,1209,IL,5,13,189,269,
2026-04-29,publicstorage,1293,IL,6,14,,213.5,
2026-04-29,publicstorage,1526,IL,7,35,142,138,
2026-04-29,publicstorage,1244,IL,11,20,175,204,
2026-04-29,publicstorage,1254,IL,17,39,101,91,
2026-04-29,publicstorage,1349,IL,16,59,94,103.0,
2026-04-29,publicstorage,1736,IL,11,16,80,80,
2026-04-29,publicstorage,1184,IL,3,8,132,132,
2026-04-29,publicstorage,1326,IL,10,53,136,128.5,
2026-04-29,publicstorage,1273,IL,7,18,146,171,
2026-04-29,publicstorage,6504,IL,6,19,112,119.5,
2026-04-29,publicstorage,1197,IL,4,7,,136.5,
2026-04-29,publicstorage,1229,IL,10,14,193,182.5,
2026-04-29,publicstorage,1735,IL,10,14,112,74.5,
2026-04-29,publicstorage,1316,IL,16,49,114,146.5,
2026-04-29,publicstorage,1217,IL,7,18,229,229,
2026-04-29,publicstorage,1739,IL,8,16,244,208.0,
2026-04-29,publicstorage,1297,IL,12,42,91,62.5,
2026-04-29,publicstorage,1308,IL,9,31,212,138,
2026-04-29,publicstorage,1501,IL,7,24,,135,
2026-04-29,publicstorage,1487,IL,9,12,187,187,
2026-04-29,publicstorage,1731,IL,7,9,124,196,
2026-04-29,publicstorage,6209,IL,16,157,102,102.5,
2026-04-29,publicstorage,1223,IL,0,0,,,
2026-04-29,publicstorage,1234,IL,5,9,127,95,
2026-04-29,publicstorage,1345,IL,22,72,110,120.0,
2026-04-29,publicstorage,1502,IL,6,24,185,137.5,
2026-04-29,publicstorage,1275,IL,5,29,148,148,
2026-04-29,publicstorage,1226,IL,6,25,81,65.5,
2026-04-29,publicstorage,1738,IL,10,20,,106.0,
2026-04-29,publicstorage,1290,IL,12,30,123,102.0,
2026-04-29,publicstorage,2039,IL,6,14,102,71.5,
2026-04-29,publicstorage,1344,IL,10,41,83,56.0,
2026-04-29,publicstorage,1661,IL,6,32,129,85.0,
2026-04-29,publicstorage,1448,IL,11,141,104,104,
2026-04-29,publicstorage,2204,IL,8,16,87,89.0,
2026-04-29,publicstorage,1098,IL,16,24,73,72.0,
2026-04-29,publicstorage,1190,IL,8,14,100,107.5,
2026-04-29,publicstorage,1166,IL,9,67,94,177,
2026-04-29,publicstorage,1080,IL,11,49,72,64,
2026-04-29,publicstorage,1091,IL,9,66,79,97,
2026-04-29,publicstorage,6027,IL,8,53,225,170.5,
2026-04-29,publicstorage,2435,IL,13,44,113,113,
2026-04-29,publicstorage,1741,IL,6,18,115,128.0,
2026-04-29,publicstorage,1110,IL,9,22,95,52,
2026-04-29,publicstorage,1111,IL,12,20,112,136.0,
2026-04-29,publicstorage,1108,IL,14,33,81,62.0,
2026-04-29,publicstorage,1351,IL,5,10,111,43,
2026-04-29,publicstorage,1289,IL,5,22,165,256,
2026-04-29,publicstorage,1601,IL,7,11,144,110,
2026-04-29,publicstorage,6382,IL,6,23,,140.0,
2026-04-29,publicstorage,1600,IL,17,50,84,80,
2026-04-29,publicstorage,1884,IL,7,28,178,155,
2026-04-29,publicstorage,5798,IL,17,54,122,80,
2026-04-29,publicstorage,1879,IL,6,23,150,180.0,
2026-04-29,publicstorage,1419,IL,6,26,150,176.0,
2026-04-29,publicstorage,1425,IL,6,29,98,100.0,
2026-04-29,publicstorage,1451,IL,12,34,104,137.5,
2026-04-29,publicstorage,1009,IL,10,44,106,105.0,
2026-04-29,publicstorage,1322,IL,7,20,161,161,
2026-04-29,publicstorage,1144,IL,9,33,91,175,
2026-04-29,publicstorage,1119,IL,12,25,,122.0,
2026-04-29,publicstorage,1339,IL,10,34,101,93.5,
2026-04-29,publicstorage,1405,IL,23,50,81,92,
2026-04-29,publicstorage,1732,IL,15,49,100,140,
2026-04-29,publicstorage,5905,IL,12,62,72,73.5,
2026-04-29,publicstorage,6028,IL,7,51,115,115,
2026-04-29,publicstorage,6381,IL,7,36,98,126,
2026-04-29,publicstorage,1074,IL,11,34,134,81,
2026-04-29,publicstorage,5906,IL,16,67,55,58.5,
2026-04-29,publicstorage,1734,IL,4,6,160,154.5,
2026-04-29,publicstorage,5907,IL,5,21,104,164,
2026-04-29,publicstorage,1064,IL,9,30,77,70,
2026-04-29,publicstorage,5267,IN,5,31,,105,
2026-04-29,publicstorage,1744,IN,8,10,177,238.5,
2026-04-29,publicstorage,5235,IN,4,13,95,121.5,
2026-04-29,publicstorage,1029,IN,7,15,127,127,
2026-04-29,publicstorage,2626,IN,8,42,75,100.0,
2026-04-29,publicstorage,1052,IN,6,28,97,99.0,
2026-04-29,publicstorage,2625,IN,8,29,109,143.5,
2026-04-29,publicstorage,5359,IN,8,20,113,91.0,
2026-04-29,publicstorage,1748,IN,8,37,60,58.0,
2026-04-29,publicstorage,5580,IN,14,32,69,97.0,
2026-04-29,publicstorage,1746,IN,19,41,87,50,
2026-04-29,publicstorage,1200,IN,4,12,,124.5,
2026-04-29,publicstorage,1175,IN,7,17,118,183,
2026-04-29,publicstorage,1213,IN,6,14,105,106.0,
2026-04-29,publicstorage,5548,IN,10,36,71,142.5,
2026-04-29,publicstorage,1314,IN,9,18,101,127,
2026-04-29,publicstorage,1331,IN,17,59,76,85,
2026-04-29,publicstorage,1267,IN,12,27,69,72.0,
2026-04-29,publicstorage,2138,IN,15,57,53,76,
2026-04-29,publicstorage,1320,IN,12,42,62,78.0,
2026-04-29,publicstorage,1944,IN,10,22,68,53.5,
2026-04-29,publicstorage,1207,IN,7,58,83,83,
2026-04-29,publicstorage,6030,IN,13,32,119,119,
2026-04-29,publicstorage,1238,IN,7,19,67,85,
2026-04-29,publicstorage,1945,IN,3,8,,125,
2026-04-29,publicstorage,5340,IN,7,49,91,106,
2026-04-29,publicstorage,5835,IN,7,27,122,132,
2026-04-29,publicstorage,1747,IN,6,25,66,133.5,
2026-04-29,publicstorage,1749,IN,6,16,95,96.5,
2026-04-29,publicstorage,1745,IN,13,41,83,95,
2026-04-29,publicstorage,1282,IN,5,12,88,88,
2026-04-29,publicstorage,1377,IN,14,52,82,126.0,
2026-04-29,publicstorage,6032,IN,14,58,44,58.5,
2026-04-29,publicstorage,1202,IN,5,34,98,192,
2026-04-29,publicstorage,1174,IN,6,21,101,85.5,
2026-04-29,publicstorage,1742,IN,8,20,132,176.5,
2026-04-29,publicstorage,1240,IN,6,24,58,52.5,
2026-04-29,publicstorage,2028,IN,10,23,106,77.0,
2026-04-29,publicstorage,6031,IN,8,49,91,111.5,
2026-04-29,publicstorage,2027,IN,10,36,56,69.5,
2026-04-29,publicstorage,6206,IN,8,23,126,143.5,
2026-04-29,publicstorage,5915,IN,2,8,134,153.0,
2026-04-29,publicstorage,5912,IN,11,97,63,86,
2026-04-29,publicstorage,5911,IN,8,83,112,175.0,
2026-04-29,publicstorage,5910,IN,3,4,,39,
2026-04-29,publicstorage,5764,IN,25,342,74,86,
2026-04-29,publicstorage,1424,IN,8,25,127,160.0,
2026-04-29,publicstorage,5909,IN,8,20,115,160.5,
2026-04-29,publicstorage,5354,IN,12,30,65,96.0,
2026-04-29,publicstorage,5365,IN,9,24,122,122,
2026-04-29,publicstorage,5738,IN,10,57,90,107.5,
2026-04-29,publicstorage,5874,IN,15,46,97,109,
2026-04-29,publicstorage,5581,IN,9,14,107,112,
2026-04-29,publicstorage,2568,IN,19,132,71,87,
2026-04-29,publicstorage,5913,IN,10,38,,83.5,
2026-04-29,publicstorage,5914,IN,6,199,59,54.0,
2026-04-29,publicstorage,5582,IN,6,41,,201.5,
2026-04-29,publicstorage,5916,IN,7,58,,148,
2026-04-29,publicstorage,5788,IA,4,21,87,96.5,
2026-04-29,publicstorage,6491,KS,14,565,26,45.0,
2026-04-29,publicstorage,1141,KS,10,23,125,95.5,
2026-04-29,publicstorage,6034,KS,6,11,116,131.0,
2026-04-29,publicstorage,6033,KS,6,24,105,125.5,
2026-04-29,publicstorage,6267,KS,17,50,85,111,
2026-04-29,publicstorage,5848,KS,3,9,170,177,
2026-04-29,publicstorage,1183,KS,5,9,,234,
2026-04-29,publicstorage,6053,KS,16,203,58,27.5,
2026-04-29,publicstorage,5650,KS,6,27,48,20.0,
2026-04-29,publicstorage,6120,KS,12,30,67,79.0,
2026-04-29,publicstorage,1077,KS,9,46,68,78,
2026-04-29,publicstorage,6266,KS,10,23,84,73.5,
2026-04-29,publicstorage,1124,KS,3,7,,99,
2026-04-29,publicstorage,5837,KS,27,64,54,62,
2026-04-29,publicstorage,5803,KS,14,72,73,91.0,
2026-04-29,publicstorage,6265,KS,15,112,39,42,
2026-04-29,publicstorage,6311,KS,7,357,58,58,
2026-04-29,publicstorage,1050,KS,13,53,71,87,
2026-04-29,publicstorage,1073,KS,9,39,127,127,
2026-04-29,publicstorage,6493,KS,15,410,46,46,
2026-04-29,publicstorage,1137,KS,7,21,88,108,
2026-04-29,publicstorage,1143,KS,5,17,,88,
2026-04-29,publicstorage,6117,KS,10,25,93,111.5,
2026-04-29,publicstorage,6115,KS,9,37,,66,
2026-04-29,publicstorage,6119,KS,12,34,122,124.0,
2026-04-29,publicstorage,1442,KS,14,76,77,70.0,
2026-04-29,publicstorage,1082,KS,8,102,90,94.0,
2026-04-29,publicstorage,1242,KY,4,8,,150.5,
2026-04-29,publicstorage,1269,KY,5,11,101,101,
2026-04-29,publicstorage,5793,KY,13,66,106,141,
2026-04-29,publicstorage,6336,KY,6,92,69,80.5,
2026-04-29,publicstorage,1484,KY,8,84,66,75.0,
2026-04-29,publicstorage,6036,KY,19,79,78,94,
2026-04-29,publicstorage,1481,KY,6,15,99,76.5,
2026-04-29,publicstorage,2584,KY,12,43,104,71.5,
2026-04-29,publicstorage,6487,KY,8,71,78,115.0,
2026-04-29,publicstorage,5233,KY,19,38,55,31,
2026-04-29,publicstorage,2643,KY,7,28,78,78,
2026-04-29,publicstorage,2583,KY,11,77,39,20,
2026-04-29,publicstorage,5286,KY,7,18,,116,
2026-04-29,publicstorage,1053,KY,9,46,47,64,
2026-04-29,publicstorage,1343,KY,5,16,78,78,
2026-04-29,publicstorage,6037,KY,8,62,48,61.5,
2026-04-29,publicstorage,5847,KY,9,26,77,77,
2026-04-29,publicstorage,2635,KY,7,17,,51,
2026-04-29,publicstorage,1069,KY,9,40,95,95,
2026-04-29,publicstorage,6213,KY,8,33,96,100.5,
2026-04-29,publicstorage,2581,KY,6,25,,184.0,
2026-04-29,publicstorage,6035,KY,14,136,85,98.0,
2026-04-29,publicstorage,2582,KY,7,19,108,116,
2026-04-29,publicstorage,6469,LA,18,61,82,103.5,
2026-04-29,publicstorage,1000,LA,11,74,112,112,
2026-04-29,publicstorage,5942,LA,8,22,59,83.0,
2026-04-29,publicstorage,6383,LA,10,67,56,78.0,
2026-04-29,publicstorage,5492,LA,11,79,81,67,
2026-04-29,publicstorage,1379,LA,7,13,155,155,
2026-04-29,publicstorage,1001,LA,8,54,42,41.5,
2026-04-29,publicstorage,1048,LA,11,71,73,84,
2026-04-29,publicstorage,2239,LA,9,26,160,182,
2026-04-29,publicstorage,5493,LA,13,60,86,97,
2026-04-29,publicstorage,2186,LA,18,53,120,108.0,
2026-04-29,publicstorage,2530,LA,9,84,82,47,
2026-04-29,publicstorage,2029,MD,2,2,230,281.0,
2026-04-29,publicstorage,1436,MD,5,8,203,213,
2026-04-29,publicstorage,5545,MD,6,16,117,135.0,
2026-04-29,publicstorage,1398,MD,10,58,74,73.5,
2026-04-29,publicstorage,1271,MD,8,46,113,114.5,
2026-04-29,publicstorage,5535,MD,14,92,96,67.0,
2026-04-29,publicstorage,6306,MD,17,372,61,65,
2026-04-29,publicstorage,1165,MD,14,46,80,59.0,
2026-04-29,publicstorage,5505,MD,9,25,137,137,
2026-04-29,publicstorage,5512,MD,18,65,138,102.0,
2026-04-29,publicstorage,1173,MD,9,22,112,167,
2026-04-29,publicstorage,5741,MD,19,361,57,32,
2026-04-29,publicstorage,5504,MD,10,56,168,58.5,
2026-04-29,publicstorage,5543,MD,9,52,102,126,
2026-04-29,publicstorage,1203,MD,2,5,107,138.0,
2026-04-29,publicstorage,5514,MD,2,2,,171.5,
2026-04-29,publicstorage,1378,MD,7,37,46,76,
2026-04-29,publicstorage,1276,MD,4,21,98,114.0,
2026-04-29,publicstorage,6191,MD,13,142,64,68,
2026-04-29,publicstorage,5532,MD,5,10,106,232,
2026-04-29,publicstorage,5528,MD,10,26,162,217.0,
2026-04-29,publicstorage,1387,MD,10,74,76,111.5,
2026-04-29,publicstorage,5506,MD,14,93,113,128.5,
2026-04-29,publicstorage,5507,MD,12,24,162,171.0,
2026-04-29,publicstorage,5542,MD,11,164,209,209,
2026-04-29,publicstorage,1446,MD,9,26,365,365,
2026-04-29,publicstorage,1438,MD,11,66,90,66,
2026-04-29,publicstorage,5544,MD,24,120,103,64.0,
2026-04-29,publicstorage,6238,MD,21,257,90,94,
2026-04-29,publicstorage,5508,MD,17,122,109,77,
2026-04-29,publicstorage,5509,MD,9,30,74,93,
2026-04-29,publicstorage,5510,MD,14,50,103,88.0,
2026-04-29,publicstorage,5511,MD,15,84,126,115,
2026-04-29,publicstorage,1352,MD,19,78,156,194,
2026-04-29,publicstorage,1431,MD,11,42,96,96,
2026-04-29,publicstorage,1307,MD,19,45,120,101,
2026-04-29,publicstorage,1418,MD,5,28,109,109,
2026-04-29,publicstorage,5795,MD,10,30,159,273.5,
2026-04-29,publicstorage,5515,MD,19,128,122,122,
2026-04-29,publicstorage,5516,MD,8,30,,73.0,
2026-04-29,publicstorage,1362,MD,5,19,229,229,
2026-04-29,publicstorage,5503,MD,8,16,140,156.0,
2026-04-29,publicstorage,1211,MD,6,15,83,83.5,
2026-04-29,publicstorage,5518,MD,16,28,105,108.5,
2026-04-29,publicstorage,5519,MD,16,35,113,74.0,
2026-04-29,publicstorage,6386,MD,6,45,162,129.0,
2026-04-29,publicstorage,1346,MD,10,30,145,51.5,
2026-04-29,publicstorage,1754,MD,4,7,,397.5,
2026-04-29,publicstorage,1755,MD,5,13,122,95,
2026-04-29,publicstorage,5520,MD,9,28,121,171,
2026-04-29,publicstorage,2561,MD,6,38,119,214.0,
2026-04-29,publicstorage,1129,MD,9,17,172,197,
2026-04-29,publicstorage,5522,MD,12,95,113,87.0,
2026-04-29,publicstorage,2463,MD,22,64,131,136.5,
2026-04-29,publicstorage,1090,MD,10,22,144,147.0,
2026-04-29,publicstorage,1751,MD,13,31,131,131,
2026-04-29,publicstorage,1886,MD,4,29,,163.0,
2026-04-29,publicstorage,5523,MD,8,44,134,91.5,
2026-04-29,publicstorage,1752,MD,10,33,131,155.5,
2026-04-29,publicstorage,1363,MD,11,44,103,162,
2026-04-29,publicstorage,5524,MD,13,45,162,174,
2026-04-29,publicstorage,1356,MD,11,22,117,136,
2026-04-29,publicstorage,1432,MD,6,15,104,87.0,
2026-04-29,publicstorage,2464,MD,20,50,162,91.0,
2026-04-29,publicstorage,5525,MD,15,45,152,77,
2026-04-29,publicstorage,1361,MD,7,19,107,58,
2026-04-29,publicstorage,2256,MD,8,42,107,116.0,
2026-04-29,publicstorage,1885,MD,3,3,134,36,
2026-04-29,publicstorage,1360,MD,15,35,73,51,
2026-04-29,publicstorage,1471,MD,7,68,,23,
2026-04-29,publicstorage,5526,MD,14,44,134,134.5,
2026-04-29,publicstorage,1437,MD,15,62,106,143,
2026-04-29,publicstorage,5750,MD,17,57,114,71,
2026-04-29,publicstorage,1365,MD,11,55,85,85,
2026-04-29,publicstorage,5529,MD,21,102,98,98,
2026-04-29,publicstorage,2474,MD,11,108,67,95,
2026-04-29,publicstorage,5498,MD,21,130,44,14,
2026-04-29,publicstorage,1593,MD,13,30,97,53,
2026-04-29,publicstorage,5530,MD,7,57,53,32,
2026-04-29,publicstorage,1338,MD,8,22,237,278.5,
2026-04-29,publicstorage,1388,MD,10,39,97,95.0,
2026-04-29,publicstorage,1465,MD,17,209,78,78,
2026-04-29,publicstorage,5531,MD,15,86,78,89,
2026-04-29,publicstorage,5527,MD,15,162,74,70,
2026-04-29,publicstorage,1366,MD,8,45,165,166.5,
2026-04-29,publicstorage,5534,MD,12,47,172,152.0,
2026-04-29,publicstorage,1397,MD,13,39,124,75,
2026-04-29,publicstorage,1047,MD,14,30,164,117.5,
2026-04-29,publicstorage,1065,MD,19,62,132,137,
2026-04-29,publicstorage,1309,MD,14,30,222,99.0,
2026-04-29,publicstorage,1753,MD,4,11,,114.5,
2026-04-29,publicstorage,2471,MD,6,79,125,125.5,
2026-04-29,publicstorage,1375,MD,13,25,264,94,
2026-04-29,publicstorage,1392,MD,16,52,206,180.5,
2026-04-29,publicstorage,1421,MD,9,15,248,244,
2026-04-29,publicstorage,6337,MD,14,151,101,74.0,
2026-04-29,publicstorage,1750,MD,14,50,172,70.5,
2026-04-29,publicstorage,5537,MD,9,87,94,215,
2026-04-29,publicstorage,1515,MD,11,33,167,108,
2026-04-29,publicstorage,6230,MD,13,344,65,39,
2026-04-29,publicstorage,5538,MD,7,73,,43,
2026-04-29,publicstorage,5539,MD,11,35,113,127,
2026-04-29,publicstorage,5540,MD,6,57,167,167.5,
2026-04-29,publicstorage,5448,MD,16,109,95,92.5,
2026-04-29,publicstorage,1520,MA,7,22,297,315,
2026-04-29,publicstorage,2297,MA,6,14,400,428.5,
2026-04-29,publicstorage,5355,MA,9,33,114,114,
2026-04-29,publicstorage,6162,MA,12,97,96,169.5,
2026-04-29,publicstorage,1414,MA,18,50,130,87.5,
2026-04-29,publicstorage,5865,MA,13,205,90,119,
2026-04-29,publicstorage,5338,MA,15,216,194,146,
2026-04-29,publicstorage,2295,MA,6,22,145,198.0,
2026-04-29,publicstorage,5796,MA,18,139,110,110.0,
2026-04-29,publicstorage,6330,MA,9,222,68,68,
2026-04-29,publicstorage,6501,MA,16,178,86,93.0,
2026-04-29,publicstorage,6342,MA,6,57,89,145.0,
2026-04-29,publicstorage,5380,MA,13,56,148,205,
2026-04-29,publicstorage,1468,MA,7,13,127,127,
2026-04-29,publicstorage,1469,MA,4,7,225,286.5,
2026-04-29,publicstorage,1594,MA,14,50,79,86.0,
2026-04-29,publicstorage,6086,MA,8,39,94,73.5,
2026-04-29,publicstorage,5887,MA,17,360,119,93,
2026-04-29,publicstorage,6074,MA,10,108,150,167.0,
2026-04-29,publicstorage,5337,MA,10,58,184,170.5,
2026-04-29,publicstorage,2261,MA,5,14,202,365,
2026-04-29,publicstorage,1474,MA,9,24,182,95,
2026-04-29,publicstorage,1522,MA,10,29,194,130.5,
2026-04-29,publicstorage,2322,MA,3,4,,473,
2026-04-29,publicstorage,6385,MA,9,29,106,106,
2026-04-29,publicstorage,6283,MA,20,329,65,30.5,
2026-04-29,publicstorage,1347,MA,6,27,101,113.5,
2026-04-29,publicstorage,6384,MA,7,41,71,78,
2026-04-29,publicstorage,1488,MA,5,21,,394,
2026-04-29,publicstorage,2296,MA,2,7,,437.5,
2026-04-29,publicstorage,1513,MA,11,24,198,265,
2026-04-29,publicstorage,1409,MA,7,11,122,71,
2026-04-29,publicstorage,2294,MA,9,21,,147,
2026-04-29,publicstorage,1138,MI,8,34,78,64.0,
2026-04-29,publicstorage,1760,MI,4,9,,272.0,
2026-04-29,publicstorage,1771,MI,4,23,,113.5,
2026-04-29,publicstorage,5638,MI,5,45,44,45,
2026-04-29,publicstorage,2579,MI,10,60,94,54.5,
2026-04-29,publicstorage,1758,MI,8,27,97,134.5,
2026-04-29,publicstorage,1761,MI,11,30,66,101,
2026-04-29,publicstorage,1946,MI,12,24,91,116.5,
2026-04-29,publicstorage,5849,MI,8,30,83,110.5,
2026-04-29,publicstorage,2041,MI,7,11,94,94,
2026-04-29,publicstorage,5449,MI,10,33,144,139.5,
2026-04-29,publicstorage,2134,MI,13,47,84,53,
2026-04-29,publicstorage,6451,MI,4,335,94,70.0,
2026-04-29,publicstorage,6500,MI,15,118,128,137,
2026-04-29,publicstorage,1394,MI,5,12,112,127,
2026-04-29,publicstorage,2136,MI,12,27,106,117.5,
2026-04-29,publicstorage,5619,MI,6,35,100,188.0,
2026-04-29,publicstorage,5923,MI,15,31,60,78,
2026-04-29,publicstorage,1772,MI,16,51,44,64.5,
2026-04-29,publicstorage,1762,MI,7,28,131,131,
2026-04-29,publicstorage,1332,MI,12,44,123,57.5,
2026-04-29,publicstorage,5922,MI,15,48,67,94,
2026-04-29,publicstorage,1768,MI,19,61,110,102,
2026-04-29,publicstorage,6387,MI,9,52,74,88,
2026-04-29,publicstorage,1887,MI,3,10,,183,
2026-04-29,publicstorage,5924,MI,11,112,,91,
2026-04-29,publicstorage,1763,MI,8,39,130,139.0,
2026-04-29,publicstorage,1408,MI,8,66,,61.5,
2026-04-29,publicstorage,5450,MI,13,68,70,70,
2026-04-29,publicstorage,1283,MI,14,98,102,110.0,
2026-04-29,publicstorage,5305,MI,19,41,126,79,
2026-04-29,publicstorage,1914,MI,10,52,112,154.0,
2026-04-29,publicstorage,6208,MI,3,4,134,50,
2026-04-29,publicstorage,6333,MI,20,139,73,94.5,
2026-04-29,publicstorage,1364,MI,6,10,164,189.5,
2026-04-29,publicstorage,1187,MI,8,32,104,108.5,
2026-04-29,publicstorage,5649,MI,5,32,98,106,
2026-04-29,publicstorage,1770,MI,10,24,40,37.5,
2026-04-29,publicstorage,5451,MI,9,23,148,148,
2026-04-29,publicstorage,2135,MI,17,58,90,95,
2026-04-29,publicstorage,1406,MI,15,98,63,29,
2026-04-29,publicstorage,6096,MI,18,247,114,130.5,
2026-04-29,publicstorage,5918,MI,11,17,145,145,
2026-04-29,publicstorage,5917,MI,9,245,54,83,
2026-04-29,publicstorage,5427,MI,8,21,71,78.5,
2026-04-29,publicstorage,1766,MI,4,11,112,120.0,
2026-04-29,publicstorage,6221,MI,21,221,92,99,
2026-04-29,publicstorage,1888,MI,4,28,,184.0,
2026-04-29,publicstorage,2132,MI,11,62,84,73,
2026-04-29,publicstorage,1389,MI,16,51,125,117.0,
2026-04-29,publicstorage,5452,MI,15,85,59,68,
2026-04-29,publicstorage,1764,MI,10,46,88,115.5,
2026-04-29,publicstorage,1313,MI,7,44,,93,
2026-04-29,publicstorage,1767,MI,7,20,100,55,
2026-04-29,publicstorage,1402,MI,12,58,103,58.0,
2026-04-29,publicstorage,1889,MI,9,67,57,46,
2026-04-29,publicstorage,1773,MI,10,81,123,145.0,
2026-04-29,publicstorage,1472,MI,22,169,83,102.5,
2026-04-29,publicstorage,1890,MI,10,56,109,109.0,
2026-04-29,publicstorage,1765,MI,22,114,99,104.5,
2026-04-29,publicstorage,1336,MI,5,27,150,150,
2026-04-29,publicstorage,1411,MI,7,25,131,138,
2026-04-29,publicstorage,5919,MI,16,32,97,100.5,
2026-04-29,publicstorage,1473,MI,17,68,99,87,
2026-04-29,publicstorage,2133,MI,12,41,91,90.0,
2026-04-29,publicstorage,5920,MI,8,30,73,67.5,
2026-04-29,publicstorage,5921,MI,17,51,74,108,
2026-04-29,publicstorage,1916,MN,10,17,114,101.5,
2026-04-29,publicstorage,1533,MN,9,30,102,75,
2026-04-29,publicstorage,1328,MN,10,41,95,44.5,
2026-04-29,publicstorage,1534,MN,14,272,108,77.5,
2026-04-29,publicstorage,5243,MN,15,87,120,106,
2026-04-29,publicstorage,1212,MN,4,24,,14.5,
2026-04-29,publicstorage,1535,MN,11,18,,55,
2026-04-29,publicstorage,1547,MN,8,25,126,137.0,
2026-04-29,publicstorage,1917,MN,8,26,91,48.0,
2026-04-29,publicstorage,1918,MN,17,48,108,121,
2026-04-29,publicstorage,1227,MN,10,26,81,74.0,
2026-04-29,publicstorage,1919,MN,11,25,,157,
2026-04-29,publicstorage,1920,MN,19,50,84,37,
2026-04-29,publicstorage,1426,MN,9,62,59,50,
2026-04-29,publicstorage,1536,MN,23,133,79,54,
2026-04-29,publicstorage,5453,MN,12,45,86,84.5,
2026-04-29,publicstorage,1922,MN,10,17,102,106.0,
2026-04-29,publicstorage,1921,MN,5,22,101,71,
2026-04-29,publicstorage,1923,MN,6,14,,183.5,
2026-04-29,publicstorage,5245,MN,11,23,220,220,
2026-04-29,publicstorage,1932,MN,10,13,200,121.0,
2026-04-29,publicstorage,2499,MN,9,26,,104,
2026-04-29,publicstorage,1420,MN,13,30,66,66,
2026-04-29,publicstorage,5648,MN,17,71,83,83,
2026-04-29,publicstorage,5343,MN,16,97,82,47.5,
2026-04-29,publicstorage,1924,MN,6,15,135,143.5,
2026-04-29,publicstorage,5327,MN,10,27,127,152.5,
2026-04-29,publicstorage,5246,MN,6,17,,90.0,
2026-04-29,publicstorage,5727,MN,29,158,66,66,
2026-04-29,publicstorage,5242,MN,13,53,,110,
2026-04-29,publicstorage,5927,MN,15,77,90,46,
2026-04-29,publicstorage,1925,MN,13,26,118,118,
2026-04-29,publicstorage,1553,MN,24,134,108,89.5,
2026-04-29,publicstorage,1926,MN,5,15,103,153,
2026-04-29,publicstorage,5454,MN,10,28,179,164.5,
2026-04-29,publicstorage,1537,MN,14,32,219,209.5,
2026-04-29,publicstorage,5241,MN,9,17,64,62,
2026-04-29,publicstorage,5873,MN,16,153,96,94.0,
2026-04-29,publicstorage,2494,MN,31,80,75,81,
2026-04-29,publicstorage,1927,MN,15,27,79,125,
2026-04-29,publicstorage,5925,MN,14,69,84,93.0,
2026-04-29,publicstorage,1555,MN,12,35,158,100.0,
2026-04-29,publicstorage,5244,MN,12,19,104,71.5,
2026-04-29,publicstorage,1929,MN,12,78,95,67.0,
2026-04-29,publicstorage,1928,MN,5,22,146,146,
2026-04-29,publicstorage,1930,MN,12,19,196,246.0,
2026-04-29,publicstorage,6323,MN,11,187,44,44,
2026-04-29,publicstorage,1915,MN,8,17,130,164.5,
2026-04-29,publicstorage,1931,MN,11,74,69,26,
2026-04-29,publicstorage,2618,MN,9,12,100,140,
2026-04-29,publicstorage,1538,MN,21,102,109,211,
2026-04-29,publicstorage,1548,MN,5,22,,54,
2026-04-29,publicstorage,1531,MN,7,18,116,116,
2026-04-29,publicstorage,5339,MN,7,49,102,102,
2026-04-29,publicstorage,1539,MN,25,126,83,85,
2026-04-29,publicstorage,2495,MN,12,106,137,78.0,
2026-04-29,publicstorage,2504,MN,48,816,64,41.0,
2026-04-29,publicstorage,5405,MN,18,219,78,75.0,
2026-04-29,publicstorage,1541,MN,6,11,76,83.0,
2026-04-29,publicstorage,5403,MN,6,56,99,86.5,
2026-04-29,publicstorage,5647,MN,13,53,85,76,
2026-04-29,publicstorage,1542,MN,19,34,103,169,
2026-04-29,publicstorage,1543,MN,21,187,103,111,
2026-04-29,publicstorage,1544,MN,6,13,139,95.0,
2026-04-29,publicstorage,1552,MN,10,42,133,74.0,
2026-04-29,publicstorage,1358,MN,5,14,121,78,
2026-04-29,publicstorage,5614,MN,4,15,,106.0,
2026-04-29,publicstorage,1933,MN,12,27,117,151.0,
2026-04-29,publicstorage,5926,MN,12,29,124,141.0,
2026-04-29,publicstorage,1545,MN,6,15,135,157.0,
2026-04-29,publicstorage,2126,MS,4,10,81,113.0,
2026-04-29,publicstorage,5943,MS,34,473,40,42.0,
2026-04-29,publicstorage,5946,MS,25,87,36,82,
2026-04-29,publicstorage,5944,MS,8,25,73,87.5,
2026-04-29,publicstorage,5945,MS,10,44,74,100.5,
2026-04-29,publicstorage,1071,MO,0,0,,,
2026-04-29,publicstorage,1106,MO,6,17,109,117.0,
2026-04-29,publicstorage,6270,MO,12,80,126,143.0,
2026-04-29,publicstorage,6094,MO,13,38,83,43,
2026-04-29,publicstorage,5455,MO,13,54,115,134,
2026-04-29,publicstorage,1036,MO,13,189,129,38,
2026-04-29,publicstorage,1086,MO,7,13,116,85,
2026-04-29,publicstorage,1155,MO,8,35,99,122.0,
2026-04-29,publicstorage,1142,MO,7,60,51,31,
2026-04-29,publicstorage,1161,MO,7,62,59,80,
2026-04-29,publicstorage,1140,MO,23,305,87,51,
2026-04-29,publicstorage,1083,MO,7,16,131,113,
2026-04-29,publicstorage,5651,MO,20,53,121,112.0,
2026-04-29,publicstorage,6139,MO,15,156,61,87,
2026-04-29,publicstorage,5456,MO,14,45,73,81.5,
2026-04-29,publicstorage,1133,MO,10,22,91,70.0,
2026-04-29,publicstorage,1460,MO,5,21,,89,
2026-04-29,publicstorage,6269,MO,7,55,95,95,
2026-04-29,publicstorage,1132,MO,5,21,92,91,
2026-04-29,publicstorage,5473,MO,10,19,111,106.5,
2026-04-29,publicstorage,6239,MO,19,163,70,84,
2026-04-29,publicstorage,6268,MO,6,21,97,126.5,
2026-04-29,publicstorage,6038,MO,9,36,79,62,
2026-04-29,publicstorage,6039,MO,5,40,163,163,
2026-04-29,publicstorage,6465,MO,11,25,82,49,
2026-04-29,publicstorage,5635,MO,8,23,100,85.0,
2026-04-29,publicstorage,1007,MO,8,19,124,135.5,
2026-04-29,publicstorage,1060,MO,8,42,72,83.0,
2026-04-29,publicstorage,1099,MO,7,16,127,127,
2026-04-29,publicstorage,1027,MO,5,18,110,129,
2026-04-29,publicstorage,1272,MO,6,9,,266.5,
2026-04-29,publicstorage,1087,MO,10,14,120,112.5,
2026-04-29,publicstorage,1088,MO,3,15,136,136,
2026-04-29,publicstorage,1012,MO,6,19,88,114.5,
2026-04-29,publicstorage,1038,MO,8,23,143,108.0,
2026-04-29,publicstorage,1037,MO,10,19,81,77.5,
2026-04-29,publicstorage,1004,MO,8,21,107,87.5,
2026-04-29,publicstorage,5457,MO,0,0,,,
2026-04-29,publicstorage,1085,MO,7,25,82,82,
2026-04-29,publicstorage,5499,NE,19,65,61,81,
2026-04-29,publicstorage,5223,NE,18,48,76,103.0,
2026-04-29,publicstorage,6444,NE,7,178,61,107,
2026-04-29,publicstorage,5406,NE,10,27,91,107.5,
2026-04-29,publicstorage,5551,NE,5,18,110,139,
2026-04-29,publicstorage,5271,NE,13,65,62,68,
2026-04-29,publicstorage,5550,NE,9,53,,112,
2026-04-29,publicstorage,5362,NE,9,22,,132,
2026-04-29,publicstorage,1078,NE,4,34,82,91.5,
2026-04-29,publicstorage,5491,NE,13,31,73,103,
2026-04-29,publicstorage,5270,NE,14,29,95,132.0,
2026-04-29,publicstorage,2245,NV,8,47,198,192.5,
2026-04-29,publicstorage,1479,NV,8,25,82,86.0,
2026-04-29,publicstorage,2194,NV,16,46,123,112.5,
2026-04-29,publicstorage,1495,NV,8,72,71,60.5,
2026-04-29,publicstorage,1499,NV,11,78,97,102,
2026-04-29,publicstorage,1500,NV,9,20,102,84,
2026-04-29,publicstorage,1494,NV,12,38,98,91.5,
2026-04-29,publicstorage,5894,NV,30,1548,62,25.5,
2026-04-29,publicstorage,1507,NV,17,134,116,123,
2026-04-29,publicstorage,1508,NV,11,64,90,90,
2026-04-29,publicstorage,1475,NV,9,37,73,73,
2026-04-29,publicstorage,6095,NV,12,62,123,133.5,
2026-04-29,publicstorage,1505,NV,14,60,96,113.0,
2026-04-29,publicstorage,5474,NV,17,72,84,84,
2026-04-29,publicstorage,1483,NV,11,59,83,83,
2026-04-29,publicstorage,6445,NV,15,604,60,67,
2026-04-29,publicstorage,5801,NV,6,35,75,93.0,
2026-04-29,publicstorage,1477,NV,8,70,55,62.5,
2026-04-29,publicstorage,1506,NV,13,46,118,133,
2026-04-29,publicstorage,1486,NV,12,45,85,111.5,
2026-04-29,publicstorage,6452,NV,9,301,57,58,
2026-04-29,publicstorage,1478,NV,5,33,49,66,
2026-04-29,publicstorage,1503,NV,13,66,78,159,
2026-04-29,publicstorage,5742,NV,12,33,70,53.0,
2026-04-29,publicstorage,5553,NV,11,38,71,50,
2026-04-29,publicstorage,2193,NV,17,72,72,72,
2026-04-29,publicstorage,1493,NV,7,29,193,199,
2026-04-29,publicstorage,5458,NV,15,32,72,80,
2026-04-29,publicstorage,1492,NV,8,24,80,152.0,
2026-04-29,publicstorage,6186,NV,15,256,58,80,
2026-04-29,publicstorage,1504,NV,13,58,90,90,
2026-04-29,publicstorage,6130,NV,13,63,82,82,
2026-04-29,publicstorage,6460,NV,15,743,54,65,
2026-04-29,publicstorage,6205,NV,22,375,62,50.0,
2026-04-29,publicstorage,2251,NV,6,19,174,194.0,
2026-04-29,publicstorage,2246,NV,5,19,201,317,
2026-04-29,publicstorage,5416,NV,6,46,86,103.0,
2026-04-29,publicstorage,2248,NV,7,38,146,161,
2026-04-29,publicstorage,2247,NV,6,15,,192.0,
2026-04-29,publicstorage,5257,NH,22,154,47,51.0,
2026-04-29,publicstorage,5256,NH,12,29,122,94.5,
2026-04-29,publicstorage,5255,NH,20,410,58,44.0,
2026-04-29,publicstorage,5935,NJ,10,31,191,259.0,
2026-04-29,publicstorage,1597,NJ,9,27,125,178,
2026-04-29,publicstorage,6309,NJ,19,1111,67,88,
2026-04-29,publicstorage,1076,NJ,20,83,63,29.5,
2026-04-29,publicstorage,1095,NJ,7,30,89,89,
2026-04-29,publicstorage,1096,NJ,4,36,122,113.5,
2026-04-29,publicstorage,1598,NJ,12,40,147,227.0,
2026-04-29,publicstorage,1947,NJ,13,26,102,76,
2026-04-29,publicstorage,1324,NJ,8,20,131,126.0,
2026-04-29,publicstorage,1205,NJ,8,40,97,108.5,
2026-04-29,publicstorage,1018,NJ,9,23,141,150,
2026-04-29,publicstorage,2274,NJ,18,44,93,101.0,
2026-04-29,publicstorage,1089,NJ,6,17,89,85.0,
2026-04-29,publicstorage,1079,NJ,10,22,85,116.0,
2026-04-29,publicstorage,1102,NJ,8,24,94,91.0,
2026-04-29,publicstorage,1777,NJ,18,52,102,150.5,
2026-04-29,publicstorage,1383,NJ,10,58,77,51.0,
2026-04-29,publicstorage,1529,NJ,10,24,,118.0,
2026-04-29,publicstorage,1030,NJ,9,21,,334,
2026-04-29,publicstorage,1171,NJ,9,30,100,151,
2026-04-29,publicstorage,1059,NJ,7,21,174,194,
2026-04-29,publicstorage,6390,NJ,17,51,90,94,
2026-04-29,publicstorage,5850,NJ,13,102,107,107,
2026-04-29,publicstorage,6129,NJ,16,166,161,84.0,
2026-04-29,publicstorage,1057,NJ,11,36,91,91,
2026-04-29,publicstorage,1005,NJ,12,21,181,298.5,
2026-04-29,publicstorage,2244,NJ,31,96,137,99,
2026-04-29,publicstorage,1595,NJ,15,41,216,191,
2026-04-29,publicstorage,1033,NJ,15,35,109,120,
2026-04-29,publicstorage,1599,NJ,12,30,76,86.5,
2026-04-29,publicstorage,6425,NJ,9,350,127,70,
2026-04-29,publicstorage,2600,NJ,22,348,185,85.0,
2026-04-29,publicstorage,6389,NJ,9,41,58,85,
2026-04-29,publicstorage,6388,NJ,9,95,58,39,
2026-04-29,publicstorage,1470,NJ,3,5,,343,
2026-04-29,publicstorage,6391,NJ,9,32,151,148,
2026-04-29,publicstorage,6195,NJ,16,176,70,69.5,
2026-04-29,publicstorage,5936,NJ,20,79,89,104.0,
2026-04-29,publicstorage,6171,NJ,14,60,80,78.5,
2026-04-29,publicstorage,1112,NJ,8,31,132,138.0,
2026-04-29,publicstorage,1097,NJ,6,38,77,74.5,
2026-04-29,publicstorage,1115,NJ,5,15,109,109,
2026-04-29,publicstorage,6061,NJ,13,83,109,125,
2026-04-29,publicstorage,1123,NJ,14,44,130,130.5,
2026-04-29,publicstorage,1778,NJ,19,27,143,74,
2026-04-29,publicstorage,5933,NJ,19,109,56,66,
2026-04-29,publicstorage,1774,NJ,15,35,134,205,
2026-04-29,publicstorage,1312,NJ,6,15,157,169.0,
2026-04-29,publicstorage,1222,NJ,11,54,150,104,
2026-04-29,publicstorage,1237,NJ,3,9,101,101,
2026-04-29,publicstorage,1775,NJ,20,59,119,141.0,
2026-04-29,publicstorage,1017,NJ,14,28,130,126.5,
2026-04-29,publicstorage,1219,NJ,5,12,,165,
2026-04-29,publicstorage,1058,NJ,18,63,135,47.5,
2026-04-29,publicstorage,1666,NJ,20,61,113,119.5,
2026-04-29,publicstorage,5934,NJ,6,51,159,127.0,
2026-04-29,publicstorage,6329,NJ,19,336,186,194,
2026-04-29,publicstorage,1243,NJ,8,24,130,148.0,
2026-04-29,publicstorage,1257,NJ,17,50,126,126,
2026-04-29,publicstorage,6203,NJ,16,128,70,74.5,
2026-04-29,publicstorage,5770,NJ,19,87,161,140,
2026-04-29,publicstorage,6280,NJ,14,254,51,42.0,
2026-04-29,publicstorage,1011,NJ,8,27,130,120.0,
2026-04-29,publicstorage,1304,NJ,14,72,102,56.0,
2026-04-29,publicstorage,1104,NJ,6,23,127,121.5,
2026-04-29,publicstorage,6229,NJ,12,35,146,154.5,
2026-04-29,publicstorage,1114,NJ,4,33,95,100.0,
2026-04-29,publicstorage,5804,NJ,14,40,98,64.5,
2026-04-29,publicstorage,1204,NJ,11,30,122,63,
2026-04-29,publicstorage,1284,NJ,7,18,108,108,
2026-04-29,publicstorage,1300,NJ,4,12,119,100.0,
2026-04-29,publicstorage,5940,NJ,13,107,57,88,
2026-04-29,publicstorage,1093,NJ,7,46,146,146,
2026-04-29,publicstorage,1776,NJ,22,32,70,81.5,
2026-04-29,publicstorage,6462,NJ,19,630,50,58,
2026-04-29,publicstorage,2467,NJ,17,54,127,113,
2026-04-29,publicstorage,2262,NJ,18,74,106,122.0,
2026-04-29,publicstorage,5321,NJ,14,31,65,60.5,
2026-04-29,publicstorage,6305,NJ,19,73,197,144,
2026-04-29,publicstorage,1779,NJ,19,44,198,244,
2026-04-29,publicstorage,1294,NY,3,4,177,183,
2026-04-29,publicstorage,1281,NY,3,12,,167,
2026-04-29,publicstorage,1333,NY,11,46,160,211,
2026-04-29,publicstorage,1952,NY,16,34,151,176.0,
2026-04-29,publicstorage,1291,NY,12,27,102,133.0,
2026-04-29,publicstorage,2279,NY,23,364,257,147,
2026-04-29,publicstorage,1530,NY,13,64,298,308,
2026-04-29,publicstorage,2252,NY,23,175,171,183,
2026-04-29,publicstorage,2269,NY,12,42,291,200.5,
2026-04-29,publicstorage,1784,NY,26,71,295,202.0,
2026-04-29,publicstorage,1386,NY,20,300,170,174.5,
2026-04-29,publicstorage,5856,NY,38,1655,225,153.0,
2026-04-29,publicstorage,1783,NY,7,19,339,255,
2026-04-29,publicstorage,1390,NY,16,34,257,131.5,
2026-04-29,publicstorage,1265,NY,8,24,263,263.0,
2026-04-29,publicstorage,1672,NY,22,81,253,187.0,
2026-04-29,publicstorage,5379,NY,23,158,227,252,
2026-04-29,publicstorage,1585,NY,9,52,155,197,
2026-04-29,publicstorage,1948,NY,19,50,186,186,
2026-04-29,publicstorage,1292,NY,21,253,127,140,
2026-04-29,publicstorage,1396,NY,6,30,120,69.5,
2026-04-29,publicstorage,1321,NY,13,46,155,201,
2026-04-29,publicstorage,1521,NY,16,60,186,157.5,
2026-04-29,publicstorage,1369,NY,2,7,411,231.5,
2026-04-29,publicstorage,1586,NY,7,18,215,230,
2026-04-29,publicstorage,1950,NY,5,8,,150,
2026-04-29,publicstorage,5937,NY,12,44,160,132.5,
2026-04-29,publicstorage,1951,NY,20,57,164,266.0,
2026-04-29,publicstorage,1525,NY,14,43,153,192.0,
2026-04-29,publicstorage,2607,NY,16,61,146,169.5,
2026-04-29,publicstorage,5579,NY,19,66,143,153,
2026-04-29,publicstorage,5938,NY,10,37,97,122.0,
2026-04-29,publicstorage,1380,NY,14,36,256,221.0,
2026-04-29,publicstorage,6271,NY,18,76,220,144.0,
2026-04-29,publicstorage,1214,NY,15,29,186,92,
2026-04-29,publicstorage,1584,NY,11,43,98,159,
2026-04-29,publicstorage,5939,NY,17,93,122,163,
2026-04-29,publicstorage,1225,NY,6,36,139,180.5,
2026-04-29,publicstorage,1524,NY,17,33,306,291,
2026-04-29,publicstorage,1781,NY,20,39,287,142.5,
2026-04-29,publicstorage,1782,NY,28,558,172,182.5,
2026-04-29,publicstorage,2182,NY,9,34,216,267,
2026-04-29,publicstorage,1785,NY,25,61,124,113,
2026-04-29,publicstorage,1639,NY,8,47,170,137.5,
2026-04-29,publicstorage,1295,NY,8,34,194,215.5,
2026-04-29,publicstorage,1198,NY,20,49,211,293.5,
2026-04-29,publicstorage,1248,NY,12,24,164,179.0,
2026-04-29,publicstorage,1949,NY,22,64,193,191.5,
2026-04-29,publicstorage,5381,NY,14,27,224,230.5,
2026-04-29,publicstorage,1169,NY,7,58,224,224,
2026-04-29,publicstorage,1592,NY,4,16,210,194.5,
2026-04-29,publicstorage,1191,NY,10,33,134,138.0,
2026-04-29,publicstorage,1208,NY,11,36,133,134,
2026-04-29,publicstorage,1253,NY,16,50,198,198.0,
2026-04-29,publicstorage,5725,NY,14,81,168,174.0,
2026-04-29,publicstorage,1381,NY,6,21,245,274.0,
2026-04-29,publicstorage,1653,NY,18,46,305,329.0,
2026-04-29,publicstorage,1256,NY,11,42,208,216,
2026-04-29,publicstorage,5895,NY,10,17,141,186.0,
2026-04-29,publicstorage,1261,NY,6,43,202,202.0,
2026-04-29,publicstorage,1657,NY,11,39,192,192,
2026-04-29,publicstorage,1288,NY,16,70,164,180.5,
2026-04-29,publicstorage,1337,NY,11,42,148,148,
2026-04-29,publicstorage,1306,NY,10,30,169,156.5,
2026-04-29,publicstorage,1395,NY,12,37,216,212.0,
2026-04-29,publicstorage,1637,NY,14,39,147,144.5,
2026-04-29,publicstorage,1193,NY,10,18,185,92.5,
2026-04-29,publicstorage,1583,NY,8,23,,271.5,
2026-04-29,publicstorage,6499,NY,5,72,,137,
2026-04-29,publicstorage,1368,NY,14,40,153,142.5,
2026-04-29,publicstorage,2616,NY,8,28,139,157.0,
2026-04-29,publicstorage,1305,NY,3,21,223,242,
2026-04-29,publicstorage,1266,NY,16,89,227,228.5,
2026-04-29,publicstorage,1780,NY,20,100,171,116.5,
2026-04-29,publicstorage,1278,NY,20,80,161,117.0,
2026-04-29,publicstorage,1279,NY,23,65,157,138,
2026-04-29,publicstorage,2466,NC,15,33,105,146,
2026-04-29,publicstorage,2330,NC,0,0,,,
2026-04-29,publicstorage,2331,NC,5,23,151,161,
2026-04-29,publicstorage,2653,NC,10,68,177,105.5,
2026-04-29,publicstorage,2621,NC,8,14,90,70.5,
2026-04-29,publicstorage,5718,NC,12,55,86,58.0,
2026-04-29,publicstorage,1788,NC,15,54,108,109,
2026-04-29,publicstorage,5875,NC,6,80,94,172.5,
2026-04-29,publicstorage,5897,NC,15,278,72,81,
2026-04-29,publicstorage,2120,NC,8,16,229,241.5,
2026-04-29,publicstorage,2112,NC,16,35,76,118.0,
2026-04-29,publicstorage,2080,NC,11,77,78,134,
2026-04-29,publicstorage,2332,NC,19,32,74,84,
2026-04-29,publicstorage,1163,NC,10,25,43,63.0,
2026-04-29,publicstorage,2440,NC,12,41,71,104.5,
2026-04-29,publicstorage,1168,NC,6,30,86,107.0,
2026-04-29,publicstorage,2079,NC,10,184,76,107.5,
2026-04-29,publicstorage,2092,NC,14,57,105,191.0,
2026-04-29,publicstorage,1796,NC,9,62,97,251,
2026-04-29,publicstorage,2439,NC,13,109,62,62,
2026-04-29,publicstorage,1196,NC,18,45,105,123.0,
2026-04-29,publicstorage,2441,NC,8,161,86,82.0,
2026-04-29,publicstorage,1014,NC,5,23,123,123,
2026-04-29,publicstorage,2334,NC,4,8,,159.5,
2026-04-29,publicstorage,1164,NC,7,122,53,54,
2026-04-29,publicstorage,2104,NC,13,137,58,81,
2026-04-29,publicstorage,2072,NC,13,30,78,81,
2026-04-29,publicstorage,2076,NC,6,40,83,149.0,
2026-04-29,publicstorage,1020,NC,11,91,74,83,
2026-04-29,publicstorage,1206,NC,13,28,62,75,
2026-04-29,publicstorage,2423,NC,7,41,95,195,
2026-04-29,publicstorage,2335,NC,15,51,108,55,
2026-04-29,publicstorage,1024,NC,8,35,55,93.0,
2026-04-29,publicstorage,2333,NC,11,19,75,80,
2026-04-29,publicstorage,1621,NC,14,25,80,80.0,
2026-04-29,publicstorage,5348,NC,16,35,77,88.0,
2026-04-29,publicstorage,2442,NC,21,55,69,53,
2026-04-29,publicstorage,6219,,12,246,50,70.0,
2026-04-29,publicstorage,2083,NC,10,26,124,159.0,
2026-04-29,publicstorage,2107,NC,10,23,64,81.5,
2026-04-29,publicstorage,5633,NC,12,114,95,43.0,
2026-04-29,publicstorage,2564,NC,16,192,53,66.0,
2026-04-29,publicstorage,5347,NC,7,34,77,127,
2026-04-29,publicstorage,5765,NC,10,74,75,166.0,
2026-04-29,publicstorage,5483,NC,5,33,98,104,
2026-04-29,publicstorage,5733,NC,11,71,59,59,
2026-04-29,publicstorage,5714,NC,17,93,96,137,
2026-04-29,publicstorage,5482,NC,4,18,88,94.0,
2026-04-29,publicstorage,5484,NC,1,7,,145,
2026-04-29,publicstorage,6495,NC,4,138,81,87.5,
2026-04-29,publicstorage,5716,NC,5,16,,117,
2026-04-29,publicstorage,6210,NC,9,75,69,102,
2026-04-29,publicstorage,1015,NC,1,3,,135,
2026-04-29,publicstorage,6196,NC,9,134,73,73,
2026-04-29,publicstorage,6225,NC,7,49,92,92,
2026-04-29,publicstorage,5747,NC,11,23,129,128,
2026-04-29,publicstorage,6204,NC,12,62,87,95.5,
2026-04-29,publicstorage,6211,NC,12,172,63,69.0,
2026-04-29,publicstorage,1789,NC,5,11,157,157,
2026-04-29,publicstorage,6154,NC,14,257,54,46.5,
2026-04-29,publicstorage,1044,NC,7,20,73,73,
2026-04-29,publicstorage,2074,NC,16,50,48,69.0,
2026-04-29,publicstorage,5890,NC,13,38,73,92,
2026-04-29,publicstorage,1792,NC,11,138,62,80,
2026-04-29,publicstorage,2077,NC,6,9,112,164.0,
2026-04-29,publicstorage,2087,NC,13,37,129,174,
2026-04-29,publicstorage,2116,NC,7,33,85,152,
2026-04-29,publicstorage,1264,NC,7,21,99,147,
2026-04-29,publicstorage,6214,NC,7,19,103,117,
2026-04-29,publicstorage,1192,NC,5,18,171,171,
2026-04-29,publicstorage,2091,NC,9,58,76,76,
2026-04-29,publicstorage,2085,NC,1,1,,74,
2026-04-29,publicstorage,2637,NC,17,197,86,86,
2026-04-29,publicstorage,5224,NC,11,84,106,133,
2026-04-29,publicstorage,5602,NC,9,23,121,106,
2026-04-29,publicstorage,2093,NC,9,73,100,109,
2026-04-29,publicstorage,2106,NC,16,110,73,55.0,
2026-04-29,publicstorage,2078,NC,16,159,51,71.5,
2026-04-29,publicstorage,2100,NC,10,118,55,91.5,
2026-04-29,publicstorage,2336,NC,13,28,68,93,
2026-04-29,publicstorage,2506,NC,12,55,87,92.5,
2026-04-29,publicstorage,2337,NC,17,42,111,144,
2026-04-29,publicstorage,5715,NC,11,32,135,65,
2026-04-29,publicstorage,5706,NC,9,38,81,94,
2026-04-29,publicstorage,1790,NC,5,15,,176,
2026-04-29,publicstorage,5800,NC,8,43,84,85.5,
2026-04-29,publicstorage,2103,NC,21,263,87,126,
2026-04-29,publicstorage,2443,NC,20,103,57,57.5,
2026-04-29,publicstorage,5838,NC,15,75,88,125,
2026-04-29,publicstorage,1787,NC,9,50,92,125,
2026-04-29,publicstorage,1786,NC,6,35,89,73.5,
2026-04-29,publicstorage,6368,NC,9,366,35,40,
2026-04-29,publicstorage,2030,NC,5,10,,130,
2026-04-29,publicstorage,1795,NC,4,11,130,190.0,
2026-04-29,publicstorage,1023,NC,9,59,92,110,
2026-04-29,publicstorage,2475,NC,16,69,139,152.0,
2026-04-29,publicstorage,1793,NC,12,30,85,85.5,
2026-04-29,publicstorage,1794,NC,13,37,102,134,
2026-04-29,publicstorage,1791,NC,14,89,58,77.5,
2026-04-29,publicstorage,1215,NC,8,17,143,182.5,
2026-04-29,publicstorage,5574,NC,17,64,99,70,
2026-04-29,publicstorage,2122,NC,13,54,115,148,
2026-04-29,publicstorage,1008,NC,16,61,93,114.0,
2026-04-29,publicstorage,2099,NC,8,38,58,82.5,
2026-04-29,publicstorage,2101,NC,8,29,72,117.5,
2026-04-29,publicstorage,5751,NC,8,34,108,133.5,
2026-04-29,publicstorage,5878,NC,15,126,41,62,
2026-04-29,publicstorage,6369,NC,8,66,81,91.5,
2026-04-29,publicstorage,2088,NC,9,18,125,125,
2026-04-29,publicstorage,1025,NC,9,42,108,173,
2026-04-29,publicstorage,2073,NC,7,22,124,165,
2026-04-29,publicstorage,2113,NC,9,20,95,129,
2026-04-29,publicstorage,2089,NC,13,21,120,141,
2026-04-29,publicstorage,5335,NC,6,12,67,97.5,
2026-04-29,publicstorage,2090,NC,6,79,52,64.0,
2026-04-29,publicstorage,5843,OH,7,38,101,126,
2026-04-29,publicstorage,1157,OH,9,24,69,69,
2026-04-29,publicstorage,2624,OH,13,42,67,94,
2026-04-29,publicstorage,6192,OH,10,42,91,109.5,
2026-04-29,publicstorage,2636,OH,2,18,,119.0,
2026-04-29,publicstorage,1178,OH,5,18,158,183,
2026-04-29,publicstorage,5395,OH,10,21,62,77.0,
2026-04-29,publicstorage,2608,OH,10,68,97,106.5,
2026-04-29,publicstorage,2545,OH,13,28,94,99,
2026-04-29,publicstorage,2546,OH,11,60,63,63,
2026-04-29,publicstorage,5459,OH,8,26,101,130.5,
2026-04-29,publicstorage,1464,OH,9,49,127,87,
2026-04-29,publicstorage,6149,OH,15,124,100,132,
2026-04-29,publicstorage,5634,OH,12,21,101,108.5,
2026-04-29,publicstorage,6278,OH,25,501,49,32,
2026-04-29,publicstorage,1353,OH,14,26,64,61.5,
2026-04-29,publicstorage,1452,OH,14,55,82,86.0,
2026-04-29,publicstorage,1463,OH,7,24,99,99,
2026-04-29,publicstorage,1170,OH,10,30,101,165.5,
2026-04-29,publicstorage,6355,OH,12,48,83,112.0,
2026-04-29,publicstorage,1103,OH,11,22,71,86,
2026-04-29,publicstorage,2554,OH,5,15,127,169,
2026-04-29,publicstorage,1107,OH,9,35,92,92,
2026-04-29,publicstorage,1121,OH,4,13,68,72.5,
2026-04-29,publicstorage,1127,OH,4,7,99,195.5,
2026-04-29,publicstorage,1139,OH,6,13,90,171.0,
2026-04-29,publicstorage,1128,OH,9,28,74,108,
2026-04-29,publicstorage,5928,OH,2,12,,197.5,
2026-04-29,publicstorage,1117,OH,8,21,143,183.5,
2026-04-29,publicstorage,5929,OH,10,101,85,85.5,
2026-04-29,publicstorage,1135,OH,13,32,85,122,
2026-04-29,publicstorage,1399,OH,7,29,,190,
2026-04-29,publicstorage,2555,OH,21,50,107,57,
2026-04-29,publicstorage,1146,OH,9,37,45,75,
2026-04-29,publicstorage,1447,OH,8,19,62,83.5,
2026-04-29,publicstorage,1136,OH,7,29,106,120,
2026-04-29,publicstorage,2556,OH,17,24,117,119,
2026-04-29,publicstorage,1156,OH,10,24,62,89.5,
2026-04-29,publicstorage,1455,OH,6,16,80,73.5,
2026-04-29,publicstorage,1449,OH,3,15,,116,
2026-04-29,publicstorage,5930,OH,13,66,62,67,
2026-04-29,publicstorage,1151,OH,9,28,92,113,
2026-04-29,publicstorage,2243,OH,7,16,77,125,
2026-04-29,publicstorage,6218,OH,9,323,58,58,
2026-04-29,publicstorage,2597,OH,13,35,56,102,
2026-04-29,publicstorage,2557,OH,9,25,103,142,
2026-04-29,publicstorage,2619,OH,6,16,,102.0,
2026-04-29,publicstorage,2598,OH,22,125,57,41.0,
2026-04-29,publicstorage,6182,OH,12,41,103,107.5,
2026-04-29,publicstorage,6183,OH,11,48,,113,
2026-04-29,publicstorage,2559,OH,13,36,89,118,
2026-04-29,publicstorage,6055,OH,26,132,95,132.0,
2026-04-29,publicstorage,5563,OH,4,12,,91.5,
2026-04-29,publicstorage,5238,OH,7,15,,172,
2026-04-29,publicstorage,6184,OH,5,79,91,93,
2026-04-29,publicstorage,1252,OH,7,29,116,55,
2026-04-29,publicstorage,6341,OH,5,121,98,108,
2026-04-29,publicstorage,1179,OH,6,32,127,138.0,
2026-04-29,publicstorage,5471,OH,3,3,87,98,
2026-04-29,publicstorage,2547,OH,6,22,84,78.0,
2026-04-29,publicstorage,5931,OH,11,24,,107,
2026-04-29,publicstorage,5394,OH,6,23,,94.5,
2026-04-29,publicstorage,5393,OH,9,16,55,68,
2026-04-29,publicstorage,5932,OH,15,54,71,91,
2026-04-29,publicstorage,1149,OH,8,26,66,98.5,
2026-04-29,publicstorage,1491,OH,3,6,104,104,
2026-04-29,publicstorage,2606,OH,6,42,122,124.5,
2026-04-29,publicstorage,1145,OH,2,3,,140.5,
2026-04-29,publicstorage,1120,OH,7,13,106,162,
2026-04-29,publicstorage,5787,OH,1,2,,62,
2026-04-29,publicstorage,5494,OH,8,31,116,119.0,
2026-04-29,publicstorage,5396,OH,13,28,63,80,
2026-04-29,publicstorage,1116,OH,8,30,87,135.0,
2026-04-29,publicstorage,2558,OH,13,19,,89,
2026-04-29,publicstorage,2585,OK,6,17,80,177.0,
2026-04-29,publicstorage,5436,OK,14,55,137,150.0,
2026-04-29,publicstorage,5998,OK,16,48,123,136.0,
2026-04-29,publicstorage,6392,OK,10,59,54,60.0,
2026-04-29,publicstorage,2587,OK,6,27,60,82.5,
2026-04-29,publicstorage,2614,OK,6,31,78,97.0,
2026-04-29,publicstorage,5779,OK,6,33,88,129.5,
2026-04-29,publicstorage,2586,OK,10,24,55,122.0,
2026-04-29,publicstorage,2588,OK,12,25,67,101.5,
2026-04-29,publicstorage,2589,OK,10,16,92,94.0,
2026-04-29,publicstorage,6438,OK,4,33,103,105.0,
2026-04-29,publicstorage,5780,OK,8,49,85,118.0,
2026-04-29,publicstorage,2590,OK,9,79,56,80,
2026-04-29,publicstorage,5777,OK,18,65,43,66.5,
2026-04-29,publicstorage,5990,OK,4,187,38,28.0,
2026-04-29,publicstorage,5679,OK,36,113,34,14.0,
2026-04-29,publicstorage,2592,OK,5,64,84,101,
2026-04-29,publicstorage,5992,OK,5,21,157,155,
2026-04-29,publicstorage,5776,OK,7,45,,135,
2026-04-29,publicstorage,5997,OK,4,20,76,77.0,
2026-04-29,publicstorage,6393,OK,7,51,62,47,
2026-04-29,publicstorage,5994,OK,9,36,60,96,
2026-04-29,publicstorage,2593,OK,11,46,49,83,
2026-04-29,publicstorage,5989,OK,9,34,61,61,
2026-04-29,publicstorage,5999,OK,8,73,46,66.5,
2026-04-29,publicstorage,2595,OK,9,80,44,69,
2026-04-29,publicstorage,2615,OK,5,54,71,103,
2026-04-29,publicstorage,2591,OK,18,127,35,47.0,
2026-04-29,publicstorage,5995,OK,22,152,46,66.5,
2026-04-29,publicstorage,5991,OK,7,32,74,110,
2026-04-29,publicstorage,5996,OK,10,18,67,85.0,
2026-04-29,publicstorage,5782,OK,6,47,129,117.0,
2026-04-29,publicstorage,2594,OK,11,79,31,31,
2026-04-29,publicstorage,5781,OK,18,78,39,61.0,
2026-04-29,publicstorage,5993,OK,5,47,92,124,
2026-04-29,publicstorage,5778,OK,4,25,62,64.0,
2026-04-29,publicstorage,5784,OK,11,57,37,63,
2026-04-29,publicstorage,6000,OK,3,4,,122,
2026-04-29,publicstorage,5261,OK,14,25,133,90.5,
2026-04-29,publicstorage,5628,OK,45,452,41,41,
2026-04-29,publicstorage,5785,OK,9,55,50,70,
2026-04-29,publicstorage,5672,OK,52,284,32,35.0,
2026-04-29,publicstorage,5783,OK,7,48,88,81,
2026-04-29,publicstorage,1894,OR,15,37,150,113,
2026-04-29,publicstorage,1895,OR,13,26,172,95,
2026-04-29,publicstorage,5724,OR,15,72,96,84,
2026-04-29,publicstorage,1797,OR,10,20,157,160.5,
2026-04-29,publicstorage,1798,OR,17,46,136,106,
2026-04-29,publicstorage,6089,OR,16,76,93,104.0,
2026-04-29,publicstorage,1799,OR,26,76,95,107.0,
2026-04-29,publicstorage,6486,OR,6,20,136,190.5,
2026-04-29,publicstorage,5616,OR,22,112,78,90.0,
2026-04-29,publicstorage,2067,OR,13,55,82,82,
2026-04-29,publicstorage,5432,OR,24,124,80,89.0,
2026-04-29,publicstorage,1963,OR,12,20,154,191.0,
2026-04-29,publicstorage,1938,OR,10,20,,93.0,
2026-04-29,publicstorage,5604,OR,27,208,73,73,
2026-04-29,publicstorage,6087,OR,10,53,104,72.5,
2026-04-29,publicstorage,6088,OR,22,136,66,97.5,
2026-04-29,publicstorage,5625,OR,23,122,71,73,
2026-04-29,publicstorage,2066,OR,14,51,86,79.5,
2026-04-29,publicstorage,5753,OR,16,48,74,75.5,
2026-04-29,publicstorage,1964,OR,17,61,102,102,
2026-04-29,publicstorage,1893,OR,9,26,93,76,
2026-04-29,publicstorage,2178,OR,18,72,82,85.0,
2026-04-29,publicstorage,6446,OR,10,55,99,85.0,
2026-04-29,publicstorage,5876,OR,20,76,85,86.5,
2026-04-29,publicstorage,5439,OR,13,25,142,164,
2026-04-29,publicstorage,1965,OR,7,29,177,177,
2026-04-29,publicstorage,5438,OR,9,56,88,94,
2026-04-29,publicstorage,5757,OR,4,37,,89.5,
2026-04-29,publicstorage,1891,OR,6,26,188,131.5,
2026-04-29,publicstorage,1892,OR,10,68,100,58.5,
2026-04-29,publicstorage,5941,PA,14,34,108,119.0,
2026-04-29,publicstorage,1068,PA,4,14,,151.5,
2026-04-29,publicstorage,1803,PA,11,23,98,127,
2026-04-29,publicstorage,6429,PA,9,78,94,93,
2026-04-29,publicstorage,5735,PA,11,19,108,151,
2026-04-29,publicstorage,5460,PA,15,39,104,143,
2026-04-29,publicstorage,6158,PA,14,73,71,72.5,
2026-04-29,publicstorage,1802,PA,15,24,88,152,
2026-04-29,publicstorage,1384,PA,6,14,104,118.5,
2026-04-29,publicstorage,2031,PA,10,26,74,92.5,
2026-04-29,publicstorage,5420,PA,23,84,58,55,
2026-04-29,publicstorage,1092,PA,5,20,132,185,
2026-04-29,publicstorage,6172,PA,15,349,57,71,
2026-04-29,publicstorage,6324,PA,11,354,54,54,
2026-04-29,publicstorage,6349,PA,16,91,113,100.0,
2026-04-29,publicstorage,1450,PA,8,38,77,88.0,
2026-04-29,publicstorage,1966,PA,10,21,147,142.5,
2026-04-29,publicstorage,1638,PA,15,22,117,137,
2026-04-29,publicstorage,1061,PA,5,21,175,175,
2026-04-29,publicstorage,1042,PA,10,152,49,49.5,
2026-04-29,publicstorage,1002,PA,9,17,159,163,
2026-04-29,publicstorage,2265,PA,12,259,59,89.0,
2026-04-29,publicstorage,1199,PA,11,34,102,151,
2026-04-29,publicstorage,1032,PA,7,19,113,128,
2026-04-29,publicstorage,1028,PA,11,59,123,87,
2026-04-29,publicstorage,5846,PA,15,139,73,131,
2026-04-29,publicstorage,5461,PA,15,78,109,116,
2026-04-29,publicstorage,6090,PA,13,57,,85,
2026-04-29,publicstorage,1801,PA,6,33,140,82.5,
2026-04-29,publicstorage,6315,PA,9,320,40,64,
2026-04-29,publicstorage,6302,PA,22,470,46,46.5,
2026-04-29,publicstorage,5462,PA,7,30,73,136,
2026-04-29,publicstorage,5464,PA,8,30,98,118.0,
2026-04-29,publicstorage,5463,PA,8,55,103,109.0,
2026-04-29,publicstorage,5391,PA,18,55,89,117.5,
2026-04-29,publicstorage,5392,PA,17,61,57,66,
2026-04-29,publicstorage,1800,PA,13,51,117,169,
2026-04-29,publicstorage,5497,PA,10,22,121,202.0,
2026-04-29,publicstorage,1241,PA,7,63,241,107,
2026-04-29,publicstorage,2298,RI,6,16,69,136.5,
2026-04-29,publicstorage,1067,RI,4,38,119,95.5,
2026-04-29,publicstorage,6073,RI,15,81,86,98,
2026-04-29,publicstorage,6310,RI,7,26,144,158,
2026-04-29,publicstorage,6439,RI,23,723,73,51,
2026-04-29,publicstorage,5797,SC,6,26,78,85.5,
2026-04-29,publicstorage,6217,SC,10,56,79,93.5,
2026-04-29,publicstorage,6335,SC,8,50,78,96.0,
2026-04-29,publicstorage,6334,SC,9,36,73,91,
2026-04-29,publicstorage,6181,SC,10,52,72,99.5,
2026-04-29,publicstorage,2338,SC,9,51,140,165,
2026-04-29,publicstorage,2339,SC,10,20,124,179.0,
2026-04-29,publicstorage,6354,SC,8,86,84,101.5,
2026-04-29,publicstorage,5488,SC,10,66,94,111.0,
2026-04-29,publicstorage,5883,SC,14,53,48,53.0,
2026-04-29,publicstorage,2476,SC,2,5,,186.0,
2026-04-29,publicstorage,2082,SC,25,196,80,120,
2026-04-29,publicstorage,2115,SC,13,134,90,90,
2026-04-29,publicstorage,6417,SC,8,113,77,110.5,
2026-04-29,publicstorage,2114,SC,0,0,,,
2026-04-29,publicstorage,2096,SC,8,33,86,80.0,
2026-04-29,publicstorage,5234,SC,3,10,,150,
2026-04-29,publicstorage,6313,SC,11,161,51,70,
2026-04-29,publicstorage,2629,SC,14,31,75,67.0,
2026-04-29,publicstorage,6163,SC,31,260,50,46,
2026-04-29,publicstorage,2628,SC,7,18,,224,
2026-04-29,publicstorage,5573,SC,0,0,,,
2026-04-29,publicstorage,5882,SC,9,42,100,150,
2026-04-29,publicstorage,6085,SC,4,7,,222.0,
2026-04-29,publicstorage,5603,SC,11,55,88,95,
2026-04-29,publicstorage,5489,SC,10,35,99,110.5,
2026-04-29,publicstorage,2341,SC,15,41,83,96,
2026-04-29,publicstorage,5885,SC,12,69,120,161.0,
2026-04-29,publicstorage,2094,SC,17,242,88,91,
2026-04-29,publicstorage,6006,SC,15,34,77,91,
2026-04-29,publicstorage,2105,SC,15,39,77,98,
2026-04-29,publicstorage,5601,SC,16,38,85,114.0,
2026-04-29,publicstorage,5353,SC,10,30,99,87.0,
2026-04-29,publicstorage,5351,SC,12,35,92,67.0,
2026-04-29,publicstorage,6420,SC,8,383,45,45.5,
2026-04-29,publicstorage,2097,SC,13,142,63,104,
2026-04-29,publicstorage,2109,SC,17,38,108,211,
2026-04-29,publicstorage,2108,SC,12,70,47,73.0,
2026-04-29,publicstorage,5378,SC,11,49,81,83,
2026-04-29,publicstorage,6453,SC,14,348,45,45.0,
2026-04-29,publicstorage,5775,SC,22,130,58,32.0,
2026-04-29,publicstorage,5774,SC,13,77,134,48,
2026-04-29,publicstorage,6201,SC,5,12,124,150,
2026-04-29,publicstorage,2544,SC,8,33,120,89.5,
2026-04-29,publicstorage,2345,SC,7,16,,159,
2026-04-29,publicstorage,2343,SC,7,13,,103,
2026-04-29,publicstorage,2342,SC,16,34,148,199.0,
2026-04-29,publicstorage,2565,SC,8,38,110,150.5,
2026-04-29,publicstorage,2110,SC,19,54,77,165,
2026-04-29,publicstorage,2566,SC,16,101,96,105.5,
2026-04-29,publicstorage,2086,SC,6,9,,245.5,
2026-04-29,publicstorage,5880,SC,12,55,91,90.5,
2026-04-29,publicstorage,5879,SC,10,65,62,82.5,
2026-04-29,publicstorage,6091,SC,7,90,113,197,
2026-04-29,publicstorage,6424,SC,15,598,54,60,
2026-04-29,publicstorage,5881,SC,14,65,67,98.0,
2026-04-29,publicstorage,6455,SC,11,487,52,52,
2026-04-29,publicstorage,2340,SC,9,35,74,87,
2026-04-29,publicstorage,5352,SC,10,45,111,152.5,
2026-04-29,publicstorage,2346,SC,5,13,,198,
2026-04-29,publicstorage,2111,SC,14,35,57,84.0,
2026-04-29,publicstorage,2084,SC,11,21,51,91,
2026-04-29,publicstorage,5884,SC,14,75,70,95.5,
2026-04-29,publicstorage,2098,SC,6,12,109,86.0,
2026-04-29,publicstorage,6295,SC,13,39,86,84,
2026-04-29,publicstorage,6198,SC,16,88,73,83.5,
2026-04-29,publicstorage,2347,SC,9,19,78,80,
2026-04-29,publicstorage,5248,SC,14,26,82,150.0,
2026-04-29,publicstorage,2095,SC,10,44,74,95.5,
2026-04-29,publicstorage,2349,SC,6,23,79,104.0,
2026-04-29,publicstorage,2348,SC,6,21,117,130.5,
2026-04-29,publicstorage,5891,TN,18,64,91,99.0,
2026-04-29,publicstorage,5222,TN,11,24,134,165,
2026-04-29,publicstorage,5954,TN,14,72,107,125.5,
2026-04-29,publicstorage,6296,TN,15,46,148,148,
2026-04-29,publicstorage,5404,TN,4,12,104,119.5,
2026-04-29,publicstorage,5437,TN,7,8,123,138,
2026-04-29,publicstorage,2603,TN,20,116,37,52.5,
2026-04-29,publicstorage,5636,TN,9,27,75,101,
2026-04-29,publicstorage,2602,TN,21,70,43,41,
2026-04-29,publicstorage,5950,TN,11,51,78,109,
2026-04-29,publicstorage,5948,TN,7,80,57,57,
2026-04-29,publicstorage,5363,TN,6,37,77,126.0,
2026-04-29,publicstorage,6478,TN,10,293,41,45.5,
2026-04-29,publicstorage,5397,TN,16,537,38,45.5,
2026-04-29,publicstorage,2605,TN,7,16,,166,
2026-04-29,publicstorage,6287,TN,8,54,121,149.0,
2026-04-29,publicstorage,2549,TN,4,11,106,142.5,
2026-04-29,publicstorage,2604,TN,9,35,62,53,
2026-04-29,publicstorage,6436,TN,7,36,118,169,
2026-04-29,publicstorage,5364,TN,8,22,104,116.0,
2026-04-29,publicstorage,2129,TN,7,11,57,152,
2026-04-29,publicstorage,6040,TN,20,57,42,36.5,
2026-04-29,publicstorage,5953,TN,13,64,44,47,
2026-04-29,publicstorage,2128,TN,16,101,38,41.5,
2026-04-29,publicstorage,6492,TN,9,110,66,90,
2026-04-29,publicstorage,2127,TN,8,19,80,40.0,
2026-04-29,publicstorage,2131,TN,8,11,91,136.0,
2026-04-29,publicstorage,5951,TN,7,20,76,58,
2026-04-29,publicstorage,5947,TN,7,71,40,41,
2026-04-29,publicstorage,5952,TN,7,19,66,82,
2026-04-29,publicstorage,5949,TN,14,61,42,88.0,
2026-04-29,publicstorage,5331,TN,17,63,89,121,
2026-04-29,publicstorage,6454,TN,16,111,76,89.0,
2026-04-29,publicstorage,6297,TN,8,16,128,179.5,
2026-04-29,publicstorage,5297,TN,4,146,101,184.5,
2026-04-29,publicstorage,5620,TN,3,12,284,206,
2026-04-29,publicstorage,6441,TN,7,192,45,82,
2026-04-29,publicstorage,5955,TN,9,29,100,118,
2026-04-29,publicstorage,5479,TN,16,44,102,98.5,
2026-04-29,publicstorage,5688,TX,19,474,59,40,
2026-04-29,publicstorage,5986,TX,11,89,73,99,
2026-04-29,publicstorage,6298,TX,13,33,95,126,
2026-04-29,publicstorage,5744,TX,11,78,93,125,
2026-04-29,publicstorage,5692,TX,18,95,74,74.5,
2026-04-29,publicstorage,5686,TX,21,224,57,44,
2026-04-29,publicstorage,5977,TX,9,35,50,50,
2026-04-29,publicstorage,5646,TX,12,97,52,42.5,
2026-04-29,publicstorage,1976,TX,13,37,85,93,
2026-04-29,publicstorage,5626,TX,20,103,47,100.0,
2026-04-29,publicstorage,2001,TX,9,23,52,62,
2026-04-29,publicstorage,1979,TX,13,22,111,260,
2026-04-29,publicstorage,5685,TX,25,78,91,113,
2026-04-29,publicstorage,6049,TX,0,0,,,
2026-04-29,publicstorage,5699,TX,21,57,100,100,
2026-04-29,publicstorage,5660,TX,18,37,94,165.0,
2026-04-29,publicstorage,6123,TX,10,16,,164.5,
2026-04-29,publicstorage,1997,TX,10,13,111,129.0,
2026-04-29,publicstorage,2437,TX,11,35,52,95,
2026-04-29,publicstorage,2017,TX,13,62,62,83,
2026-04-29,publicstorage,5279,TX,8,21,133,186.5,
2026-04-29,publicstorage,2350,TX,7,9,196,315,
2026-04-29,publicstorage,5430,TX,8,64,72,38.0,
2026-04-29,publicstorage,1623,TX,5,7,110,134,
2026-04-29,publicstorage,1982,TX,13,32,94,106,
2026-04-29,publicstorage,2562,TX,7,28,80,191,
2026-04-29,publicstorage,1994,TX,19,133,64,41,
2026-04-29,publicstorage,5324,TX,11,74,64,29,
2026-04-29,publicstorage,1955,TX,8,13,100,86.5,
2026-04-29,publicstorage,6122,TX,6,34,58,62.0,
2026-04-29,publicstorage,2045,TX,6,16,,106.5,
2026-04-29,publicstorage,5773,TX,11,54,77,48,
2026-04-29,publicstorage,2534,TX,12,68,97,49.5,
2026-04-29,publicstorage,6437,TX,7,25,115,126,
2026-04-29,publicstorage,6227,TX,9,35,101,116,
2026-04-29,publicstorage,5599,TX,9,33,94,94,
2026-04-29,publicstorage,5737,TX,8,27,94,84.0,
2026-04-29,publicstorage,5637,TX,14,35,85,94.5,
2026-04-29,publicstorage,6397,TX,7,26,51,65,
2026-04-29,publicstorage,5664,TX,11,15,87,122,
2026-04-29,publicstorage,1967,TX,6,18,101,65.0,
2026-04-29,publicstorage,2190,TX,6,7,132,50.5,
2026-04-29,publicstorage,5975,TX,5,48,77,29,
2026-04-29,publicstorage,6170,TX,13,55,81,104,
2026-04-29,publicstorage,5272,TX,6,58,,40.5,
2026-04-29,publicstorage,5655,TX,13,30,90,90,
2026-04-29,publicstorage,5682,TX,24,81,61,48.0,
2026-04-29,publicstorage,5673,TX,20,62,41,48.0,
2026-04-29,publicstorage,5978,TX,14,76,60,76.0,
2026-04-29,publicstorage,1989,TX,12,19,74,123.5,
2026-04-29,publicstorage,5678,TX,27,208,62,53,
2026-04-29,publicstorage,5979,TX,6,19,126,148.0,
2026-04-29,publicstorage,6456,TX,8,138,45,59.5,
2026-04-29,publicstorage,6399,TX,13,69,75,102,
2026-04-29,publicstorage,6301,TX,18,230,62,52.0,
2026-04-29,publicstorage,2351,TX,24,52,73,52.5,
2026-04-29,publicstorage,6128,TX,13,97,60,82,
2026-04-29,publicstorage,5758,TX,7,17,121,57,
2026-04-29,publicstorage,1983,TX,13,53,74,50,
2026-04-29,publicstorage,5702,TX,39,106,60,47,
2026-04-29,publicstorage,6505,TX,7,318,89,120,
2026-04-29,publicstorage,5967,TX,16,37,60,62.5,
2026-04-29,publicstorage,2640,TX,13,102,103,103,
2026-04-29,publicstorage,5592,TX,15,43,112,129,
2026-04-29,publicstorage,5593,TX,11,30,80,162,
2026-04-29,publicstorage,2596,TX,15,40,92,102,
2026-04-29,publicstorage,2641,TX,9,215,140,39,
2026-04-29,publicstorage,2528,TX,9,22,53,55,
2026-04-29,publicstorage,5971,TX,12,34,100,94.5,
2026-04-29,publicstorage,1556,TX,2,2,,100.0,
2026-04-29,publicstorage,1978,TX,11,20,,174,
2026-04-29,publicstorage,6098,TX,4,7,,24.0,
2026-04-29,publicstorage,2259,TX,20,44,157,115.5,
2026-04-29,publicstorage,2032,TX,17,38,92,90,
2026-04-29,publicstorage,5644,TX,15,72,107,190,
2026-04-29,publicstorage,2599,TX,21,182,88,50,
2026-04-29,publicstorage,5296,TX,16,310,102,118.0,
2026-04-29,publicstorage,6396,TX,4,19,113,143.5,
2026-04-29,publicstorage,5974,TX,5,68,105,77,
2026-04-29,publicstorage,6102,TX,8,45,48,117.0,
2026-04-29,publicstorage,5341,TX,11,64,129,129,
2026-04-29,publicstorage,5982,TX,11,49,140,140,
2026-04-29,publicstorage,6100,TX,6,34,142,74.5,
2026-04-29,publicstorage,5641,TX,14,41,103,67.0,
2026-04-29,publicstorage,5980,TX,12,97,120,122.0,
2026-04-29,publicstorage,2552,TX,8,158,83,91.0,
2026-04-29,publicstorage,2044,TX,16,37,102,127.0,
2026-04-29,publicstorage,2352,TX,15,33,119,196,
2026-04-29,publicstorage,2645,TX,1,1,,106,
2026-04-29,publicstorage,6058,TX,16,272,44,48.0,
2026-04-29,publicstorage,6299,TX,15,45,140,173,
2026-04-29,publicstorage,5700,TX,6,14,94,119.5,
2026-04-29,publicstorage,5689,TX,9,53,113,116,
2026-04-29,publicstorage,5965,TX,12,37,131,117.0,
2026-04-29,publicstorage,6468,TX,16,77,68,91.5,
2026-04-29,publicstorage,5964,TX,14,61,88,101.0,
2026-04-29,publicstorage,5336,TX,10,40,56,78.5,
2026-04-29,publicstorage,1563,TX,10,42,80,85.5,
2026-04-29,publicstorage,6472,TX,7,33,118,118,
2026-04-29,publicstorage,6475,TX,11,75,97,78,
2026-04-29,publicstorage,6474,TX,8,40,73,69.0,
2026-04-29,publicstorage,6473,TX,8,91,74,71.5,
2026-04-29,publicstorage,6471,TX,10,63,122,136.5,
2026-04-29,publicstorage,6470,TX,7,81,119,121,
2026-04-29,publicstorage,5645,TX,14,105,61,42.5,
2026-04-29,publicstorage,5981,TX,20,37,101,102.5,
2026-04-29,publicstorage,5983,TX,8,18,101,290.0,
2026-04-29,publicstorage,6048,TX,11,49,113,136,
2026-04-29,publicstorage,5276,TX,17,462,43,61,
2026-04-29,publicstorage,5662,TX,25,51,62,67,
2026-04-29,publicstorage,5690,TX,17,114,55,55,
2026-04-29,publicstorage,5676,TX,33,124,78,89,
2026-04-29,publicstorage,5703,TX,22,368,59,65.0,
2026-04-29,publicstorage,5704,TX,13,87,50,54,
2026-04-29,publicstorage,5631,TX,15,235,34,22,
2026-04-29,publicstorage,5674,TX,55,526,46,71,
2026-04-29,publicstorage,5681,TX,19,113,66,70,
2026-04-29,publicstorage,5627,TX,18,78,76,96.0,
2026-04-29,publicstorage,5671,TX,24,233,56,22.0,
2026-04-29,publicstorage,6109,TX,0,0,,,
2026-04-29,publicstorage,5666,TX,51,179,68,90,
2026-04-29,publicstorage,2047,TX,19,31,87,70,
2026-04-29,publicstorage,6190,TX,11,64,56,56,
2026-04-29,publicstorage,5790,TX,25,327,48,75,
2026-04-29,publicstorage,6121,TX,8,31,64,84.0,
2026-04-29,publicstorage,5668,TX,15,179,60,54,
2026-04-29,publicstorage,5675,TX,27,172,68,79,
2026-04-29,publicstorage,5696,TX,14,323,46,28.0,
2026-04-29,publicstorage,5705,TX,40,448,38,49.5,
2026-04-29,publicstorage,5632,TX,21,582,49,61,
2026-04-29,publicstorage,5677,TX,39,145,50,57,
2026-04-29,publicstorage,5630,TX,19,704,35,20,
2026-04-29,publicstorage,5302,TX,10,28,91,94.5,
2026-04-29,publicstorage,5976,TX,21,83,61,30,
2026-04-29,publicstorage,5957,TX,16,44,96,115.5,
2026-04-29,publicstorage,2353,TX,9,28,74,71,
2026-04-29,publicstorage,5691,TX,15,274,47,30,
2026-04-29,publicstorage,5251,TX,15,175,66,84,
2026-04-29,publicstorage,5973,TX,28,354,62,36.0,
2026-04-29,publicstorage,5231,TX,11,75,122,142,
2026-04-29,publicstorage,2525,TX,15,90,104,29,
2026-04-29,publicstorage,5985,TX,11,51,121,121,
2026-04-29,publicstorage,5667,TX,8,37,72,64.0,
2026-04-29,publicstorage,6326,TX,10,65,66,80.5,
2026-04-29,publicstorage,1561,TX,9,63,57,57,
2026-04-29,publicstorage,6231,TX,11,246,48,52,
2026-04-29,publicstorage,6286,TX,24,122,52,105.5,
2026-04-29,publicstorage,5694,TX,18,161,42,59.0,
2026-04-29,publicstorage,2513,TX,13,79,125,50,
2026-04-29,publicstorage,5237,TX,12,29,114,149.5,
2026-04-29,publicstorage,1551,TX,12,50,65,75.5,
2026-04-29,publicstorage,5670,TX,10,21,137,92.0,
2026-04-29,publicstorage,5669,TX,27,42,62,82,
2026-04-29,publicstorage,5659,TX,25,55,,41,
2026-04-29,publicstorage,1953,TX,9,18,94,87,
2026-04-29,publicstorage,2601,TX,12,105,83,27.5,
2026-04-29,publicstorage,2013,TX,17,48,87,76,
2026-04-29,publicstorage,5274,TX,15,187,46,29,
2026-04-29,publicstorage,6111,TX,16,82,63,67.5,
2026-04-29,publicstorage,5273,TX,16,313,45,28.0,
2026-04-29,publicstorage,5467,TX,19,253,75,71,
2026-04-29,publicstorage,1970,TX,18,45,79,73.5,
2026-04-29,publicstorage,2010,TX,7,18,55,36,
2026-04-29,publicstorage,5654,TX,16,48,147,149.5,
2026-04-29,publicstorage,2480,TX,11,164,44,53,
2026-04-29,publicstorage,5278,TX,21,189,73,41,
2026-04-29,publicstorage,1993,TX,10,32,53,59.5,
2026-04-29,publicstorage,2355,TX,8,27,67,88.0,
2026-04-29,publicstorage,2046,TX,11,18,174,183,
2026-04-29,publicstorage,2357,TX,22,106,64,112.5,
2026-04-29,publicstorage,2002,TX,16,178,48,77.5,
2026-04-29,publicstorage,5598,TX,20,98,62,90.0,
2026-04-29,publicstorage,5956,TX,14,39,44,52.5,
2026-04-29,publicstorage,5226,TX,17,351,49,49,
2026-04-29,publicstorage,6116,TX,12,32,39,45.0,
2026-04-29,publicstorage,5963,TX,12,67,59,63.5,
2026-04-29,publicstorage,2356,TX,25,63,38,56,
2026-04-29,publicstorage,5230,TX,18,959,49,62.5,
2026-04-29,publicstorage,2502,TX,3,8,139,139,
2026-04-29,publicstorage,6447,TX,11,56,61,58,
2026-04-29,publicstorage,1969,TX,15,59,72,82,
2026-04-29,publicstorage,5869,TX,16,310,69,95.0,
2026-04-29,publicstorage,6398,TX,11,77,54,54,
2026-04-29,publicstorage,6466,TX,13,59,65,66,
2026-04-29,publicstorage,5275,TX,16,249,46,26.0,
2026-04-29,publicstorage,2042,TX,17,31,85,79,
2026-04-29,publicstorage,5786,TX,27,367,57,120,
2026-04-29,publicstorage,6467,TX,15,102,41,53,
2026-04-29,publicstorage,6082,TX,19,693,54,54,
2026-04-29,publicstorage,2014,TX,16,41,98,130.0,
2026-04-29,publicstorage,6406,TX,11,222,55,62,
2026-04-29,publicstorage,2358,TX,7,19,,34,
2026-04-29,publicstorage,5972,TX,15,66,95,101,
2026-04-29,publicstorage,6118,TX,18,74,56,54.5,
2026-04-29,publicstorage,1972,TX,24,76,45,29.0,
2026-04-29,publicstorage,5569,TX,18,58,56,67.0,
2026-04-29,publicstorage,5322,TX,21,224,53,53,
2026-04-29,publicstorage,2515,TX,16,60,40,30.5,
2026-04-29,publicstorage,5240,TX,17,61,60,87,
2026-04-29,publicstorage,6113,TX,13,36,84,102,
2026-04-29,publicstorage,2068,TX,18,45,116,123.5,
2026-04-29,publicstorage,1977,TX,16,49,80,132.5,
2026-04-29,publicstorage,2354,TX,18,27,176,109.0,
2026-04-29,publicstorage,6366,TX,12,19,123,133.5,
2026-04-29,publicstorage,2634,TX,17,77,120,138,
2026-04-29,publicstorage,6177,TX,13,74,71,71,
2026-04-29,publicstorage,5229,TX,16,76,113,74.5,
2026-04-29,publicstorage,1995,TX,25,241,75,83,
2026-04-29,publicstorage,2006,TX,13,123,62,73,
2026-04-29,publicstorage,5665,TX,25,94,57,57,
2026-04-29,publicstorage,6070,TX,17,249,98,29,
2026-04-29,publicstorage,2005,TX,20,522,78,81.0,
2026-04-29,publicstorage,1957,TX,14,34,43,48.0,
2026-04-29,publicstorage,5618,TX,14,57,46,99.5,
2026-04-29,publicstorage,5304,TX,21,56,57,64,
2026-04-29,publicstorage,6104,TX,9,51,93,93,
2026-04-29,publicstorage,1003,TX,22,74,44,47.0,
2026-04-29,publicstorage,2004,TX,8,41,56,59.5,
2026-04-29,publicstorage,1998,TX,18,109,49,40.0,
2026-04-29,publicstorage,1975,TX,14,31,86,109.0,
2026-04-29,publicstorage,5723,TX,18,80,74,79.0,
2026-04-29,publicstorage,2359,TX,32,106,63,76.0,
2026-04-29,publicstorage,5323,TX,8,43,87,99.0,
2026-04-29,publicstorage,2550,TX,18,79,95,99.0,
2026-04-29,publicstorage,6394,TX,5,19,82,82,
2026-04-29,publicstorage,1988,TX,10,30,83,71.0,
2026-04-29,publicstorage,5594,TX,10,29,127,168.5,
2026-04-29,publicstorage,2633,TX,14,73,82,115.0,
2026-04-29,publicstorage,5284,TX,12,48,53,26.0,
2026-04-29,publicstorage,1968,TX,12,22,74,76.0,
2026-04-29,publicstorage,1991,TX,11,17,126,83,
2026-04-29,publicstorage,5346,TX,17,67,80,103,
2026-04-29,publicstorage,6506,TX,12,241,93,79.0,
2026-04-29,publicstorage,1564,TX,11,20,115,115,
2026-04-29,publicstorage,2563,TX,11,28,84,120,
2026-04-29,publicstorage,5969,TX,12,38,90,102.0,
2026-04-29,publicstorage,2517,TX,8,22,104,75.5,
2026-04-29,publicstorage,2520,TX,13,36,65,135,
2026-04-29,publicstorage,5429,TX,11,35,121,86,
2026-04-29,publicstorage,2553,TX,18,351,70,102.0,
2026-04-29,publicstorage,6300,TX,21,64,54,72,
2026-04-29,publicstorage,1980,TX,20,39,130,159.0,
2026-04-29,publicstorage,5370,TX,15,29,122,155,
2026-04-29,publicstorage,5958,TX,35,817,38,43,
2026-04-29,publicstorage,2360,TX,18,60,53,90.0,
2026-04-29,publicstorage,2623,TX,17,264,64,29,
2026-04-29,publicstorage,6395,TX,11,17,99,69,
2026-04-29,publicstorage,5687,TX,15,80,58,73,
2026-04-29,publicstorage,2639,TX,8,220,70,26.5,
2026-04-29,publicstorage,5959,TX,26,77,59,83.0,
2026-04-29,publicstorage,5600,TX,10,36,91,110.5,
2026-04-29,publicstorage,2533,TX,7,20,114,129,
2026-04-29,publicstorage,5629,TX,17,78,66,27,
2026-04-29,publicstorage,6340,TX,12,410,54,50.0,
2026-04-29,publicstorage,2551,TX,16,102,103,117.0,
2026-04-29,publicstorage,5987,TX,12,43,105,60.0,
2026-04-29,publicstorage,6185,TX,10,47,59,85.5,
2026-04-29,publicstorage,6063,TX,15,308,77,77,
2026-04-29,publicstorage,1566,TX,9,20,74,79,
2026-04-29,publicstorage,6135,TX,8,19,65,76.0,
2026-04-29,publicstorage,5661,TX,18,54,118,109.0,
2026-04-29,publicstorage,5663,TX,15,23,91,76,
2026-04-29,publicstorage,6494,TX,11,297,33,36,
2026-04-29,publicstorage,1956,TX,18,79,64,30.5,
2026-04-29,publicstorage,1990,TX,17,37,74,77,
2026-04-29,publicstorage,2535,TX,16,140,141,180.0,
2026-04-29,publicstorage,2277,TX,14,63,64,111.0,
2026-04-29,publicstorage,5596,TX,7,14,116,116,
2026-04-29,publicstorage,5754,TX,5,23,89,103,
2026-04-29,publicstorage,6496,TX,16,103,58,69.5,
2026-04-29,publicstorage,2509,TX,8,14,92,94.0,
2026-04-29,publicstorage,2527,TX,11,48,109,109,
2026-04-29,publicstorage,1981,TX,8,38,84,167.0,
2026-04-29,publicstorage,2003,TX,11,84,66,102,
2026-04-29,publicstorage,5376,TX,16,30,116,124.5,
2026-04-29,publicstorage,2008,TX,16,62,47,68.0,
2026-04-29,publicstorage,1999,TX,8,194,36,72.0,
2026-04-29,publicstorage,5374,TX,14,44,49,67.0,
2026-04-29,publicstorage,1985,TX,8,44,78,59.5,
2026-04-29,publicstorage,1996,TX,13,18,65,84,
2026-04-29,publicstorage,2009,TX,12,29,83,91.0,
2026-04-29,publicstorage,2007,TX,13,22,87,102,
2026-04-29,publicstorage,5656,TX,10,17,75,85.0,
2026-04-29,publicstorage,5280,TX,22,291,43,32.0,
2026-04-29,publicstorage,5621,TX,11,42,44,56,
2026-04-29,publicstorage,5277,TX,14,121,51,38.0,
2026-04-29,publicstorage,2570,TX,13,110,116,116,
2026-04-29,publicstorage,5966,TX,23,79,69,78,
2026-04-29,publicstorage,2569,TX,11,56,,59,
2026-04-29,publicstorage,6107,TX,11,38,115,124,
2026-04-29,publicstorage,1973,TX,9,18,99,90,
2026-04-29,publicstorage,2650,TX,13,62,99,52,
2026-04-29,publicstorage,5218,TX,14,253,67,33.0,
2026-04-29,publicstorage,5684,TX,16,233,74,114.0,
2026-04-29,publicstorage,2361,TX,18,34,87,97.0,
2026-04-29,publicstorage,6502,TX,24,91,126,134.0,
2026-04-29,publicstorage,5643,TX,11,62,100,89,
2026-04-29,publicstorage,5239,TX,17,41,110,191,
2026-04-29,publicstorage,6319,TX,22,55,69,94.5,
2026-04-29,publicstorage,2646,TX,20,72,53,59.5,
2026-04-29,publicstorage,5697,TX,21,194,70,38,
2026-04-29,publicstorage,5695,TX,16,107,69,55.5,
2026-04-29,publicstorage,6479,TX,7,85,90,114,
2026-04-29,publicstorage,5732,TX,11,28,98,81,
2026-04-29,publicstorage,2016,TX,8,15,69,74.5,
2026-04-29,publicstorage,2511,TX,10,33,83,130.0,
2026-04-29,publicstorage,6167,TX,13,28,107,138,
2026-04-29,publicstorage,2652,TX,10,155,122,135.0,
2026-04-29,publicstorage,6075,TX,14,200,82,29.0,
2026-04-29,publicstorage,5709,TX,16,57,56,73.5,
2026-04-29,publicstorage,5970,TX,16,27,67,76.5,
2026-04-29,publicstorage,5698,TX,25,415,53,46,
2026-04-29,publicstorage,2647,TX,6,6,119,141.0,
2026-04-29,publicstorage,2648,TX,12,14,,99.5,
2026-04-29,publicstorage,2654,TX,24,116,102,76.0,
2026-04-29,publicstorage,5960,TX,11,19,170,87,
2026-04-29,publicstorage,5428,TX,12,55,73,60.5,
2026-04-29,publicstorage,5693,TX,20,302,40,33.5,
2026-04-29,publicstorage,6050,TX,9,156,46,46,
2026-04-29,publicstorage,5657,TX,13,54,73,79,
2026-04-29,publicstorage,5658,TX,22,85,52,63.0,
2026-04-29,publicstorage,6160,TX,11,99,84,115,
2026-04-29,publicstorage,1987,TX,8,22,143,155.5,
2026-04-29,publicstorage,6188,TX,19,292,56,32,
2026-04-29,publicstorage,5568,TX,14,41,72,80.5,
2026-04-29,publicstorage,6307,TX,11,238,56,78,
2026-04-29,publicstorage,5653,TX,14,114,64,54.0,
2026-04-29,publicstorage,2000,TX,11,213,70,123,
2026-04-29,publicstorage,1984,TX,12,22,109,129.0,
2026-04-29,publicstorage,6303,TX,16,615,58,37.0,
2026-04-29,publicstorage,6151,TX,21,178,42,42,
2026-04-29,publicstorage,5375,TX,16,46,88,80.5,
2026-04-29,publicstorage,5752,TX,15,150,54,41,
2026-04-29,publicstorage,5652,TX,22,83,70,74.5,
2026-04-29,publicstorage,1177,TX,7,155,70,70,
2026-04-29,publicstorage,5768,TX,18,88,61,71.5,
2026-04-29,publicstorage,2362,TX,22,79,57,57.0,
2026-04-29,publicstorage,1954,TX,13,22,69,103,
2026-04-29,publicstorage,1986,TX,10,52,103,105.5,
2026-04-29,publicstorage,6124,TX,6,14,97,206.5,
2026-04-29,publicstorage,1971,TX,11,141,87,87,
2026-04-29,publicstorage,5377,TX,12,26,64,106.0,
2026-04-29,publicstorage,6126,TX,10,59,55,81.5,
2026-04-29,publicstorage,5564,TX,20,55,63,83.5,
2026-04-29,publicstorage,6125,TX,12,35,91,98.5,
2026-04-29,publicstorage,6051,TX,7,24,116,118,
2026-04-29,publicstorage,6168,TX,12,83,42,34.0,
2026-04-29,publicstorage,6180,TX,14,134,43,55.0,
2026-04-29,publicstorage,5988,TX,9,16,161,188,
2026-04-29,publicstorage,2043,TX,12,35,113,157.0,
2026-04-29,publicstorage,2644,TX,11,108,94,24,
2026-04-29,publicstorage,5591,TX,19,75,113,113,
2026-04-29,publicstorage,2363,TX,18,33,62,84.5,
2026-04-29,publicstorage,2516,TX,10,66,106,71.0,
2026-04-29,publicstorage,2012,TX,18,160,57,40.0,
2026-04-29,publicstorage,5961,TX,21,29,76,82,
2026-04-29,publicstorage,2325,TX,15,77,94,100,
2026-04-29,publicstorage,2364,TX,15,34,68,113,
2026-04-29,publicstorage,2638,TX,15,94,65,65,
2026-04-29,publicstorage,5597,TX,11,54,52,67,
2026-04-29,publicstorage,1049,TX,12,54,99,75.5,
2026-04-29,publicstorage,5968,TX,11,25,,77,
2026-04-29,publicstorage,2011,TX,15,52,52,52,
2026-04-29,publicstorage,5642,TX,19,61,66,69,
2026-04-29,publicstorage,5889,TX,13,67,73,73,
2026-04-29,publicstorage,5888,TX,14,94,56,50.5,
2026-04-29,publicstorage,5962,TX,17,33,76,104,
2026-04-29,publicstorage,2365,TX,20,49,64,67.5,
2026-04-29,publicstorage,2019,TX,21,42,61,97,
2026-04-29,publicstorage,5680,TX,37,162,59,74,
2026-04-29,publicstorage,6284,TX,13,92,80,82,
2026-04-29,publicstorage,5264,TX,24,108,65,61.0,
2026-04-29,publicstorage,5683,TX,13,74,82,101,
2026-04-29,publicstorage,6059,TX,13,36,145,175,
2026-04-29,publicstorage,2649,TX,9,23,87,117,
2026-04-29,publicstorage,5617,TX,7,37,,65,
2026-04-29,publicstorage,5586,UT,6,12,,160.0,
2026-04-29,publicstorage,6350,UT,10,45,65,59.5,
2026-04-29,publicstorage,5834,UT,12,73,85,87.0,
2026-04-29,publicstorage,6431,UT,15,98,96,185,
2026-04-29,publicstorage,5417,UT,6,21,66,79.0,
2026-04-29,publicstorage,2577,UT,6,22,81,84.0,
2026-04-29,publicstorage,6187,UT,18,132,67,55.0,
2026-04-29,publicstorage,5585,UT,11,49,99,93,
2026-04-29,publicstorage,5306,UT,13,18,89,115,
2026-04-29,publicstorage,6093,UT,8,19,94,62.0,
2026-04-29,publicstorage,1255,UT,2,6,,78.5,
2026-04-29,publicstorage,1330,UT,8,15,118,72.0,
2026-04-29,publicstorage,1825,VA,3,10,259,130,
2026-04-29,publicstorage,1828,VA,13,22,228,228,
2026-04-29,publicstorage,1126,VA,9,35,231,528,
2026-04-29,publicstorage,5502,VA,11,61,223,237,
2026-04-29,publicstorage,1958,VA,8,17,245,258.0,
2026-04-29,publicstorage,5478,VA,18,487,137,82.5,
2026-04-29,publicstorage,5556,VA,17,219,137,162,
2026-04-29,publicstorage,1026,VA,4,4,,96.0,
2026-04-29,publicstorage,1370,VA,5,9,216,216,
2026-04-29,publicstorage,1824,VA,7,21,154,91,
2026-04-29,publicstorage,1075,VA,11,27,114,71,
2026-04-29,publicstorage,2424,VA,12,31,133,207.5,
2026-04-29,publicstorage,5513,VA,15,24,133,143,
2026-04-29,publicstorage,1467,VA,10,48,122,87.0,
2026-04-29,publicstorage,1815,VA,1,1,,261,
2026-04-29,publicstorage,2366,VA,7,59,75,75,
2026-04-29,publicstorage,1819,VA,6,23,85,152.0,
2026-04-29,publicstorage,5864,VA,17,38,114,133,
2026-04-29,publicstorage,5288,VA,11,32,142,185,
2026-04-29,publicstorage,1045,VA,14,44,74,93.0,
2026-04-29,publicstorage,1054,VA,8,53,62,107.5,
2026-04-29,publicstorage,1811,VA,4,12,106,163.5,
2026-04-29,publicstorage,5287,VA,12,34,92,141.5,
2026-04-29,publicstorage,5290,VA,8,20,121,173.5,
2026-04-29,publicstorage,1813,VA,7,10,244,244,
2026-04-29,publicstorage,5547,VA,9,63,156,187,
2026-04-29,publicstorage,5546,VA,14,79,130,165.5,
2026-04-29,publicstorage,1805,VA,2,2,265,161.5,
2026-04-29,publicstorage,2048,VA,13,42,181,181,
2026-04-29,publicstorage,1063,VA,6,18,162,119.0,
2026-04-29,publicstorage,1896,VA,6,10,181,327.0,
2026-04-29,publicstorage,2425,VA,11,33,137,245,
2026-04-29,publicstorage,1013,VA,14,23,151,193.0,
2026-04-29,publicstorage,1094,VA,5,18,278,179,
2026-04-29,publicstorage,1897,VA,15,120,181,182,
2026-04-29,publicstorage,2477,VA,18,50,107,119.5,
2026-04-29,publicstorage,5521,VA,7,43,146,62,
2026-04-29,publicstorage,1814,VA,8,42,83,117.5,
2026-04-29,publicstorage,5584,VA,8,19,166,98.5,
2026-04-29,publicstorage,5289,VA,4,11,,259.0,
2026-04-29,publicstorage,1162,VA,4,15,237,280.0,
2026-04-29,publicstorage,1899,VA,8,13,157,207.0,
2026-04-29,publicstorage,1152,VA,17,30,123,84,
2026-04-29,publicstorage,5310,VA,10,34,144,155.0,
2026-04-29,publicstorage,1812,VA,4,7,,321.0,
2026-04-29,publicstorage,1827,VA,8,23,143,104.5,
2026-04-29,publicstorage,1647,VA,5,15,183,183,
2026-04-29,publicstorage,1041,VA,9,101,109,49,
2026-04-29,publicstorage,1039,VA,11,33,147,78,
2026-04-29,publicstorage,1903,VA,7,35,137,174,
2026-04-29,publicstorage,1374,VA,16,78,62,98.5,
2026-04-29,publicstorage,6338,VA,11,145,91,48,
2026-04-29,publicstorage,2426,VA,11,28,147,101,
2026-04-29,publicstorage,1898,VA,8,27,79,101.5,
2026-04-29,publicstorage,2468,VA,18,59,126,57.0,
2026-04-29,publicstorage,1373,VA,8,28,188,225.0,
2026-04-29,publicstorage,1823,VA,8,25,,156.5,
2026-04-29,publicstorage,5583,VA,11,23,75,85,
2026-04-29,publicstorage,2427,VA,5,13,91,152,
2026-04-29,publicstorage,5292,VA,9,10,,90,
2026-04-29,publicstorage,1323,VA,6,26,90,102.0,
2026-04-29,publicstorage,1900,VA,5,11,161,246,
2026-04-29,publicstorage,1303,VA,6,23,106,148.0,
2026-04-29,publicstorage,1172,VA,3,5,103,159,
2026-04-29,publicstorage,1808,VA,13,31,103,137,
2026-04-29,publicstorage,1654,VA,9,38,154,190,
2026-04-29,publicstorage,6400,VA,8,14,119,204.5,
2026-04-29,publicstorage,2367,VA,5,7,,215,
2026-04-29,publicstorage,5295,VA,4,14,98,115.5,
2026-04-29,publicstorage,5857,VA,4,9,179,262.5,
2026-04-29,publicstorage,1820,VA,2,2,,307.5,
2026-04-29,publicstorage,5291,VA,13,33,83,129,
2026-04-29,publicstorage,1821,VA,4,4,152,175.5,
2026-04-29,publicstorage,5533,VA,15,24,211,319,
2026-04-29,publicstorage,5294,VA,7,29,117,119,
2026-04-29,publicstorage,1901,VA,6,12,139,110.5,
2026-04-29,publicstorage,1806,VA,6,12,137,112.5,
2026-04-29,publicstorage,1021,VA,9,21,148,179,
2026-04-29,publicstorage,1822,VA,7,10,159,191,
2026-04-29,publicstorage,6457,VA,11,144,66,99,
2026-04-29,publicstorage,1260,VA,6,63,94,141.0,
2026-04-29,publicstorage,5311,VA,12,27,142,163.0,
2026-04-29,publicstorage,5333,VA,13,45,142,187,
2026-04-29,publicstorage,6450,VA,7,381,58,79,
2026-04-29,publicstorage,6133,VA,15,77,70,81,
2026-04-29,publicstorage,1523,VA,10,30,242,242.5,
2026-04-29,publicstorage,1826,VA,20,58,157,158.5,
2026-04-29,publicstorage,1101,VA,14,66,137,122.0,
2026-04-29,publicstorage,2478,VA,16,51,84,117.5,
2026-04-29,publicstorage,2428,VA,4,10,189,264.0,
2026-04-29,publicstorage,2612,VA,18,218,127,71.0,
2026-04-29,publicstorage,2034,VA,13,30,162,162,
2026-04-29,publicstorage,1125,VA,10,40,224,132.5,
2026-04-29,publicstorage,5536,VA,17,107,103,103,
2026-04-29,publicstorage,1818,VA,4,23,100,128.0,
2026-04-29,publicstorage,1902,VA,7,35,88,88,
2026-04-29,publicstorage,2368,VA,7,10,174,130,
2026-04-29,publicstorage,1807,VA,8,37,105,122.5,
2026-04-29,publicstorage,1147,VA,7,91,87,135,
2026-04-29,publicstorage,1809,VA,13,35,134,137,
2026-04-29,publicstorage,1817,VA,6,8,122,120.5,
2026-04-29,publicstorage,1134,VA,8,22,144,77.0,
2026-04-29,publicstorage,1062,VA,8,43,108,114.0,
2026-04-29,publicstorage,5361,VA,11,37,94,168,
2026-04-29,publicstorage,1153,VA,8,69,130,124.0,
2026-04-29,publicstorage,5293,VA,6,9,215,192.5,
2026-04-29,publicstorage,1816,VA,6,15,97,124.5,
2026-04-29,publicstorage,1810,VA,3,6,120,76,
2026-04-29,publicstorage,1070,VA,4,5,,112.0,
2026-04-29,publicstorage,1371,VA,9,10,138,137,
2026-04-29,publicstorage,5266,VA,8,69,107,57.0,
2026-04-29,publicstorage,2033,VA,11,30,102,77,
2026-04-29,publicstorage,5517,VA,12,28,94,92.5,
2026-04-29,publicstorage,5541,VA,10,31,,117.5,
2026-04-29,publicstorage,1372,VA,5,13,,128,
2026-04-29,publicstorage,2429,VA,7,31,,203,
2026-04-29,publicstorage,1391,VA,6,27,101,108.0,
2026-04-29,publicstorage,1912,WA,9,19,170,204,
2026-04-29,publicstorage,5902,WA,11,22,168,198,
2026-04-29,publicstorage,1844,WA,25,75,104,104,
2026-04-29,publicstorage,1906,WA,11,39,166,217,
2026-04-29,publicstorage,6081,WA,18,547,107,59.0,
2026-04-29,publicstorage,2622,WA,9,53,208,272,
2026-04-29,publicstorage,1855,WA,19,74,163,239,
2026-04-29,publicstorage,1843,WA,13,42,96,117,
2026-04-29,publicstorage,1829,WA,11,26,226,190,
2026-04-29,publicstorage,2071,WA,16,22,185,186.5,
2026-04-29,publicstorage,1834,WA,10,29,182,156.0,
2026-04-29,publicstorage,1846,WA,9,28,164,164,
2026-04-29,publicstorage,1845,WA,7,30,,179,
2026-04-29,publicstorage,5260,WA,15,55,150,165,
2026-04-29,publicstorage,1849,WA,12,26,143,128.5,
2026-04-29,publicstorage,1836,WA,19,74,89,89,
2026-04-29,publicstorage,1835,WA,17,58,106,121,
2026-04-29,publicstorage,5496,WA,13,88,114,93,
2026-04-29,publicstorage,1832,WA,15,60,192,213,
2026-04-29,publicstorage,1109,WA,29,80,99,133,
2026-04-29,publicstorage,2574,WA,20,125,143,111.0,
2026-04-29,publicstorage,2049,WA,20,43,111,114.0,
2026-04-29,publicstorage,1830,WA,8,32,99,72.5,
2026-04-29,publicstorage,1852,WA,15,45,124,133,
2026-04-29,publicstorage,1910,WA,12,57,,151.5,
2026-04-29,publicstorage,1907,WA,13,82,150,86,
2026-04-29,publicstorage,5721,WA,16,41,60,51.5,
2026-04-29,publicstorage,1856,WA,3,12,,69,
2026-04-29,publicstorage,1909,WA,9,34,260,246,
2026-04-29,publicstorage,1837,WA,8,29,155,158.0,
2026-04-29,publicstorage,2163,WA,8,13,,147.0,
2026-04-29,publicstorage,1850,WA,10,36,,74.0,
2026-04-29,publicstorage,1908,WA,10,28,172,206.0,
2026-04-29,publicstorage,2164,WA,8,38,87,118.0,
2026-04-29,publicstorage,1959,WA,17,28,,119,
2026-04-29,publicstorage,1833,WA,15,28,104,134,
2026-04-29,publicstorage,6428,WA,14,25,162,189.5,
2026-04-29,publicstorage,1851,WA,11,17,101,104,
2026-04-29,publicstorage,5373,WA,21,86,134,134,
2026-04-29,publicstorage,2020,WA,4,51,,35.5,
2026-04-29,publicstorage,1913,WA,28,69,89,97.5,
2026-04-29,publicstorage,5358,WA,43,353,109,109,
2026-04-29,publicstorage,1857,WA,10,23,221,207.5,
2026-04-29,publicstorage,1674,WA,23,139,119,119,
2026-04-29,publicstorage,2052,WA,18,105,119,81.0,
2026-04-29,publicstorage,2050,WA,16,79,152,105.0,
2026-04-29,publicstorage,2610,WA,17,131,91,84,
2026-04-29,publicstorage,2162,WA,6,14,,111.0,
2026-04-29,publicstorage,2165,WA,10,14,296,298.0,
2026-04-29,publicstorage,1840,WA,14,66,112,112.5,
2026-04-29,publicstorage,2507,WA,9,48,125,218,
2026-04-29,publicstorage,5232,WA,20,155,116,137.0,
2026-04-29,publicstorage,1838,WA,12,21,105,79.0,
2026-04-29,publicstorage,5357,WA,20,64,80,55.5,
2026-04-29,publicstorage,1839,WA,10,22,136,129.5,
2026-04-29,publicstorage,2051,WA,13,34,190,205,
2026-04-29,publicstorage,1841,WA,17,39,111,68,
2026-04-29,publicstorage,1905,WA,12,25,121,108.0,
2026-04-29,publicstorage,2035,WA,13,18,178,237,
2026-04-29,publicstorage,1847,WA,14,30,171,131.0,
2026-04-29,publicstorage,5903,WA,30,411,109,109.0,
2026-04-29,publicstorage,5904,WA,5,12,,40,
2026-04-29,publicstorage,1911,WA,17,56,141,127,
2026-04-29,publicstorage,2069,WA,8,33,155,119.0,
2026-04-29,publicstorage,5356,WA,10,17,134,181.5,
2026-04-29,publicstorage,1854,WA,13,58,139,139,
2026-04-29,publicstorage,6414,WA,11,45,119,130,
2026-04-29,publicstorage,1831,WA,6,34,,148.0,
2026-04-29,publicstorage,6134,WA,14,121,94,166.5,
2026-04-29,publicstorage,2070,WA,10,26,112,103.5,
2026-04-29,publicstorage,5431,WA,16,71,72,80.0,
2026-04-29,publicstorage,1904,WA,9,31,,131,
2026-04-29,publicstorage,5615,WA,16,40,110,143.0,
2026-04-29,publicstorage,1848,WA,13,27,113,51,
2026-04-29,publicstorage,1562,WI,7,30,76,82,
2026-04-29,publicstorage,1558,WI,13,27,95,128,
2026-04-29,publicstorage,6401,WI,15,74,62,71,
2026-04-29,publicstorage,1285,WI,6,17,105,163.0,
2026-04-29,publicstorage,1565,WI,5,14,140,173,
2026-04-29,publicstorage,1376,WI,3,10,127,174,
2026-04-29,publicstorage,1318,WI,9,27,141,76,
2026-04-29,publicstorage,1249,WI,5,56,54,54,
2026-04-29,publicstorage,1302,WI,7,18,72,95,
2026-04-29,publicstorage,1550,WI,5,8,,138,
2026-04-29,publicstorage,1423,WI,12,77,106,101.5,
2026-04-29,publicstorage,1549,WI,3,7,134,134,
2026-04-29,publicstorage,1274,WI,1,6,123,123,
2026-04-29,publicstorage,1532,WI,11,37,75,75,
2026-04-29,publicstorage,5759,WI,17,30,106,62,
2026-04-29,publicstorage,1429,WI,16,64,91,106.5,
2026-04-29,publicstorage,1546,WI,9,60,112,122,
2026-04-29,publicstorage,571,AL,4,6,122,95.5,
2026-04-29,publicstorage,332,AL,7,32,86,144,
2026-04-29,publicstorage,337,AL,7,29,162,66,
2026-04-29,publicstorage,346,AL,13,31,103,110,
2026-04-29,publicstorage,327,AL,12,25,66,68.0,
2026-04-29,publicstorage,810,AL,5,10,118,217,
2026-04-29,publicstorage,584,AL,15,43,120,57,
2026-04-29,publicstorage,345,AL,5,16,87,189,
2026-04-29,publicstorage,559,AL,5,22,78,92,
2026-04-29,publicstorage,565,AL,6,29,80,93.0,
2026-04-29,publicstorage,574,AL,6,14,118,124.5,
2026-04-29,publicstorage,343,AL,7,31,103,64,
2026-04-29,publicstorage,558,AL,7,18,112,112,
2026-04-29,publicstorage,635,AL,7,84,30,30,
2026-04-29,publicstorage,353,AL,8,76,49,49.5,
2026-04-29,publicstorage,607,AL,4,16,100,85.0,
2026-04-29,publicstorage,717,AL,10,27,95,98.5,
2026-04-29,publicstorage,297,AL,13,100,43,43,
2026-04-29,publicstorage,823,AL,8,98,38,70.0,
2026-04-29,publicstorage,956,AL,6,53,44,53.0,
2026-04-29,publicstorage,998,AL,12,113,67,59.0,
2026-04-29,publicstorage,887,AZ,7,9,106,97,
2026-04-29,publicstorage,827,AZ,3,4,97,110,
2026-04-29,publicstorage,850,AZ,17,54,59,64,
2026-04-29,publicstorage,893,AZ,8,56,89,89.5,
2026-04-29,publicstorage,25,CA,4,6,,126.0,
2026-04-29,publicstorage,24,CA,8,55,188,169.5,
2026-04-29,publicstorage,95,CA,4,24,245,194.5,
2026-04-29,publicstorage,92,CA,11,25,208,167,
2026-04-29,publicstorage,232,CA,5,18,290,290,
2026-04-29,publicstorage,218,CA,8,14,324,334.0,
2026-04-29,publicstorage,58,CA,9,16,263,263,
2026-04-29,publicstorage,134,CA,8,23,288,277.0,
2026-04-29,publicstorage,124,CA,6,9,,244.0,
2026-04-29,publicstorage,264,CA,12,27,267,216.0,
2026-04-29,publicstorage,52,CA,5,6,311,311,
2026-04-29,publicstorage,244,CA,7,39,,101,
2026-04-29,publicstorage,241,CA,7,17,454,325,
2026-04-29,publicstorage,2,CA,17,52,258,258,
2026-04-29,publicstorage,12,CA,19,66,404,180,
2026-04-29,publicstorage,249,CA,5,13,356,239,
2026-04-29,publicstorage,8,CA,9,21,314,299,
2026-04-29,publicstorage,28,CA,6,30,404,244.5,
2026-04-29,publicstorage,305,CA,25,68,288,336,
2026-04-29,publicstorage,4,CA,9,18,301,317,
2026-04-29,publicstorage,5,CA,8,22,329,203.5,
2026-04-29,publicstorage,121,CA,8,23,221,165.0,
2026-04-29,publicstorage,3,CA,9,44,277,170,
2026-04-29,publicstorage,7,CA,6,19,293,170.0,
2026-04-29,publicstorage,126,CA,14,75,221,179.5,
2026-04-29,publicstorage,15,CA,15,30,231,231,
2026-04-29,publicstorage,6,CA,20,59,332,234.0,
2026-04-29,publicstorage,11,CA,9,39,261,204,
2026-04-29,publicstorage,49,CA,4,22,,258.5,
2026-04-29,publicstorage,173,CA,26,616,273,167.0,
2026-04-29,publicstorage,51,CA,2,4,432,532.5,
2026-04-29,publicstorage,82,CA,15,35,,192,
2026-04-29,publicstorage,40,CA,9,13,274,246,
2026-04-29,publicstorage,76,CA,3,7,372,372,
2026-04-29,publicstorage,33,CA,7,24,246,145,
2026-04-29,publicstorage,62,CA,4,21,389,401.5,
2026-04-29,publicstorage,140,CA,4,10,234,181.5,
2026-04-29,publicstorage,90,CA,13,61,148,134,
2026-04-29,publicstorage,64,CA,10,20,215,157.0,
2026-04-29,publicstorage,23,CA,16,50,178,145.0,
2026-04-29,publicstorage,308,CA,12,40,215,220.0,
2026-04-29,publicstorage,225,CA,6,23,191,198.5,
2026-04-29,publicstorage,142,CA,7,34,158,209,
2026-04-29,publicstorage,243,CA,11,21,170,140,
2026-04-29,publicstorage,86,CA,6,18,160,168.5,
2026-04-29,publicstorage,158,CA,23,58,294,221,
2026-04-29,publicstorage,207,CA,18,98,215,184.5,
2026-04-29,publicstorage,221,CA,14,43,209,209.0,
2026-04-29,publicstorage,1,CA,13,33,232,273,
2026-04-29,publicstorage,362,CA,10,15,207,159.0,
2026-04-29,publicstorage,219,CA,11,39,184,100,
2026-04-29,publicstorage,222,CA,6,17,,350.0,
2026-04-29,publicstorage,237,CA,21,69,199,171,
2026-04-29,publicstorage,226,CA,8,22,299,264.5,
2026-04-29,publicstorage,246,CA,13,74,197,116,
2026-04-29,publicstorage,100,CA,11,45,155,185,
2026-04-29,publicstorage,216,CA,11,33,190,172,
2026-04-29,publicstorage,240,CA,6,18,,144.5,
2026-04-29,publicstorage,48,CA,7,51,243,148,
2026-04-29,publicstorage,223,CA,14,44,189,216.0,
2026-04-29,publicstorage,159,CA,25,524,118,130,
2026-04-29,publicstorage,370,CA,6,46,143,129.0,
2026-04-29,publicstorage,283,CA,5,19,140,161,
2026-04-29,publicstorage,19,CA,24,54,147,169.0,
2026-04-29,publicstorage,195,CA,5,11,252,268,
2026-04-29,publicstorage,220,CA,10,17,193,204.0,
2026-04-29,publicstorage,445,CA,10,22,103,104.5,
2026-04-29,publicstorage,137,CA,7,33,168,168,
2026-04-29,publicstorage,125,CA,20,44,159,159.0,
2026-04-29,publicstorage,260,CA,20,64,146,166.5,
2026-04-29,publicstorage,111,CA,7,35,,255,
2026-04-29,publicstorage,248,CA,14,99,163,200.5,
2026-04-29,publicstorage,261,CA,8,30,300,178.5,
2026-04-29,publicstorage,326,CA,11,33,171,216,
2026-04-29,publicstorage,135,CA,13,35,143,151,
2026-04-29,publicstorage,20,CA,10,41,233,296.0,
2026-04-29,publicstorage,242,CA,22,65,166,87.5,
2026-04-29,publicstorage,293,CA,12,32,173,169.5,
2026-04-29,publicstorage,296,CA,12,32,134,117.5,
2026-04-29,publicstorage,152,CA,12,25,174,255.0,
2026-04-29,publicstorage,146,CA,8,37,174,241.0,
2026-04-29,publicstorage,233,CA,8,36,142,128.5,
2026-04-29,publicstorage,299,CA,10,44,237,210.0,
2026-04-29,publicstorage,69,CA,8,68,213,154.0,
2026-04-29,publicstorage,255,CA,7,23,138,143,
2026-04-29,publicstorage,251,CA,16,36,127,127.0,
2026-04-29,publicstorage,21,CA,18,47,139,124.0,
2026-04-29,publicstorage,262,CA,3,23,412,406,
2026-04-29,publicstorage,259,CA,5,51,372,439,
2026-04-29,publicstorage,257,CA,7,59,203,133,
2026-04-29,publicstorage,280,CA,6,8,237,271.0,
2026-04-29,publicstorage,394,CA,8,15,312,328.0,
2026-04-29,publicstorage,174,CA,7,11,299,299,
2026-04-29,publicstorage,55,CA,12,28,214,157.5,
2026-04-29,publicstorage,441,CA,7,13,320,320,
2026-04-29,publicstorage,376,CA,12,27,201,210.0,
2026-04-29,publicstorage,272,CA,12,27,257,263.5,
2026-04-29,publicstorage,360,CA,10,22,328,249.5,
2026-04-29,publicstorage,161,CA,14,22,328,213.5,
2026-04-29,publicstorage,270,CA,6,10,248,283.5,
2026-04-29,publicstorage,375,CA,9,15,364,364,
2026-04-29,publicstorage,368,CA,7,21,324,324,
2026-04-29,publicstorage,359,CA,11,27,345,345,
2026-04-29,publicstorage,351,CA,30,466,222,144.5,
2026-04-29,publicstorage,204,CA,11,22,265,253,
2026-04-29,publicstorage,398,CA,21,52,242,278,
2026-04-29,publicstorage,188,CA,24,57,262,269.5,
2026-04-29,publicstorage,366,CA,9,23,345,345,
2026-04-29,publicstorage,164,CA,8,30,273,331.0,
2026-04-29,publicstorage,386,CA,14,37,187,164.0,
2026-04-29,publicstorage,230,CA,9,23,,118,
2026-04-29,publicstorage,215,CA,11,19,202,209,
2026-04-29,publicstorage,224,CA,7,15,202,202,
2026-04-29,publicstorage,373,CA,10,22,151,199.0,
2026-04-29,publicstorage,364,CA,10,35,297,348.0,
2026-04-29,publicstorage,202,CA,16,21,290,260.0,
2026-04-29,publicstorage,307,CA,9,21,151,165,
2026-04-29,publicstorage,438,CA,7,20,193,239,
2026-04-29,publicstorage,160,CA,7,17,,115,
2026-04-29,publicstorage,197,CA,5,16,525,525,
2026-04-29,publicstorage,168,CA,9,15,147,96,
2026-04-29,publicstorage,440,CA,6,15,156,109.0,
2026-04-29,publicstorage,341,CA,8,24,241,206.0,
2026-04-29,publicstorage,448,CA,5,8,263,272,
2026-04-29,publicstorage,387,CA,6,7,599,638.5,
2026-04-29,publicstorage,184,CA,19,40,267,135,
2026-04-29,publicstorage,309,CA,8,15,324,305.5,
2026-04-29,publicstorage,355,CA,7,12,170,141,
2026-04-29,publicstorage,374,CA,19,69,92,77,
2026-04-29,publicstorage,266,CA,8,70,183,140.0,
2026-04-29,publicstorage,88,CA,7,20,,95,
2026-04-29,publicstorage,352,CA,10,43,168,168.0,
2026-04-29,publicstorage,162,CA,6,17,198,148.5,
2026-04-29,publicstorage,382,CA,11,27,161,115,
2026-04-29,publicstorage,378,CA,19,23,149,159,
2026-04-29,publicstorage,154,CA,22,88,113,123.0,
2026-04-29,publicstorage,437,CA,10,37,252,139.5,
2026-04-29,publicstorage,238,CA,7,11,179,225,
2026-04-29,publicstorage,156,CA,6,29,144,135.5,
2026-04-29,publicstorage,320,CA,19,81,80,59,
2026-04-29,publicstorage,231,CA,5,14,272,144,
2026-04-29,publicstorage,265,CA,4,11,263,189.0,
2026-04-29,publicstorage,133,CA,7,22,96,159,
2026-04-29,publicstorage,44,CA,6,11,126,137.5,
2026-04-29,publicstorage,313,CA,9,18,94,118,
2026-04-29,publicstorage,347,CA,12,54,148,183.5,
2026-04-29,publicstorage,447,CA,11,34,178,126,
2026-04-29,publicstorage,336,CA,12,32,120,116.5,
2026-04-29,publicstorage,128,CA,8,12,194,204.5,
2026-04-29,publicstorage,150,CA,20,47,174,127.5,
2026-04-29,publicstorage,318,CA,8,10,338,363.0,
2026-04-29,publicstorage,180,CA,8,22,122,114.0,
2026-04-29,publicstorage,157,CA,15,51,95,105,
2026-04-29,publicstorage,784,CO,7,15,,256,
2026-04-29,publicstorage,847,CO,6,41,111,120.0,
2026-04-29,publicstorage,837,CO,9,42,121,164,
2026-04-29,publicstorage,879,CO,10,86,88,93.0,
2026-04-29,publicstorage,877,CO,9,67,139,52,
2026-04-29,publicstorage,808,CO,12,136,82,79.5,
2026-04-29,publicstorage,835,CO,6,45,120,160.0,
2026-04-29,publicstorage,788,CO,11,42,129,129,
2026-04-29,publicstorage,680,CO,7,29,116,161,
2026-04-29,publicstorage,868,CO,5,15,,53,
2026-04-29,publicstorage,746,CO,6,17,90,105.5,
2026-04-29,publicstorage,988,CO,11,29,125,127,
2026-04-29,publicstorage,699,CO,7,25,92,116,
2026-04-29,publicstorage,832,CO,8,40,119,81.0,
2026-04-29,publicstorage,860,CO,20,121,54,21.0,
2026-04-29,publicstorage,824,CO,4,19,,118.0,
2026-04-29,publicstorage,962,CT,8,32,104,151.5,
2026-04-29,publicstorage,878,CT,2,8,,145.0,
2026-04-29,publicstorage,6503,CT,5,208,112,112,
2026-04-29,publicstorage,947,CT,6,34,77,88.0,
2026-04-29,publicstorage,917,CT,4,31,153,161.5,
2026-04-29,publicstorage,976,CT,6,15,229,216.5,
2026-04-29,publicstorage,985,CT,13,70,182,107,
2026-04-29,publicstorage,934,PA,8,41,104,79.0,
2026-04-29,publicstorage,201,FL,12,27,190,162.0,
2026-04-29,publicstorage,167,FL,20,121,92,123.5,
2026-04-29,publicstorage,794,FL,14,34,77,86.0,
2026-04-29,publicstorage,452,FL,8,39,108,111.0,
2026-04-29,publicstorage,203,FL,7,131,126,126,
2026-04-29,publicstorage,456,FL,9,110,101,152,
2026-04-29,publicstorage,711,FL,8,99,126,203.0,
2026-04-29,publicstorage,122,FL,5,70,65,135,
2026-04-29,publicstorage,461,FL,14,40,81,105.0,
2026-04-29,publicstorage,470,FL,12,64,65,95.5,
2026-04-29,publicstorage,183,FL,6,39,91,121.5,
2026-04-29,publicstorage,468,FL,6,57,147,164.5,
2026-04-29,publicstorage,911,FL,6,23,130,134.0,
2026-04-29,publicstorage,701,FL,4,30,53,47.0,
2026-04-29,publicstorage,506,FL,7,81,77,96,
2026-04-29,publicstorage,732,FL,9,97,77,53,
2026-04-29,publicstorage,733,FL,15,95,96,55,
2026-04-29,publicstorage,449,FL,8,146,54,22.5,
2026-04-29,publicstorage,502,FL,15,84,63,72,
2026-04-29,publicstorage,885,FL,16,58,120,119.0,
2026-04-29,publicstorage,634,FL,9,22,140,140,
2026-04-29,publicstorage,841,FL,7,42,70,70,
2026-04-29,publicstorage,454,FL,5,20,86,137,
2026-04-29,publicstorage,729,FL,10,78,53,72.5,
2026-04-29,publicstorage,453,FL,6,36,98,113.5,
2026-04-29,publicstorage,485,FL,18,38,150,168.0,
2026-04-29,publicstorage,484,FL,11,29,778,282,
2026-04-29,publicstorage,509,FL,6,10,,206.0,
2026-04-29,publicstorage,483,FL,4,8,208,152.5,
2026-04-29,publicstorage,478,FL,9,15,188,384,
2026-04-29,publicstorage,404,FL,7,93,197,155,
2026-04-29,publicstorage,481,FL,17,34,,68,
2026-04-29,publicstorage,402,FL,7,54,98,59,
2026-04-29,publicstorage,391,FL,7,13,156,156,
2026-04-29,publicstorage,480,FL,8,25,168,70.0,
2026-04-29,publicstorage,465,FL,21,58,120,134,
2026-04-29,publicstorage,412,FL,6,34,124,76.0,
2026-04-29,publicstorage,401,FL,20,206,114,119.5,
2026-04-29,publicstorage,413,FL,16,277,123,130.5,
2026-04-29,publicstorage,488,FL,7,30,183,202,
2026-04-29,publicstorage,471,FL,5,15,280,280,
2026-04-29,publicstorage,499,FL,6,15,192,185.0,
2026-04-29,publicstorage,430,FL,6,33,,49.5,
2026-04-29,publicstorage,429,FL,15,78,135,235,
2026-04-29,publicstorage,595,FL,9,61,131,131,
2026-04-29,publicstorage,234,FL,9,38,127,121,
2026-04-29,publicstorage,432,FL,14,82,123,50.5,
2026-04-29,publicstorage,431,FL,9,45,178,178,
2026-04-29,publicstorage,497,FL,11,42,140,82,
2026-04-29,publicstorage,573,FL,10,63,121,167.0,
2026-04-29,publicstorage,864,FL,8,47,120,131.0,
2026-04-29,publicstorage,552,FL,11,138,101,68,
2026-04-29,publicstorage,119,FL,6,42,200,201.5,
2026-04-29,publicstorage,459,FL,20,45,103,96.0,
2026-04-29,publicstorage,482,FL,8,55,204,184.5,
2026-04-29,publicstorage,460,FL,8,29,153,169.0,
2026-04-29,publicstorage,83,FL,7,49,98,98,
2026-04-29,publicstorage,35,FL,23,61,124,141,
2026-04-29,publicstorage,29,FL,20,49,126,94.0,
2026-04-29,publicstorage,512,FL,7,32,86,146,
2026-04-29,publicstorage,518,FL,8,45,81,108.0,
2026-04-29,publicstorage,511,FL,10,39,63,79.0,
2026-04-29,publicstorage,474,FL,29,208,54,54,
2026-04-29,publicstorage,473,FL,13,87,60,42,
2026-04-29,publicstorage,505,FL,12,48,53,42.0,
2026-04-29,publicstorage,507,FL,7,48,46,46,
2026-04-29,publicstorage,613,FL,15,81,76,76,
2026-04-29,publicstorage,536,FL,10,66,108,110.5,
2026-04-29,publicstorage,34,FL,6,91,51,38.5,
2026-04-29,publicstorage,6440,FL,10,764,37,41.5,
2026-04-29,publicstorage,513,GA,4,12,67,128.0,
2026-04-29,publicstorage,804,GA,23,94,48,41,
2026-04-29,publicstorage,612,GA,9,28,74,124,
2026-04-29,publicstorage,601,GA,8,86,46,48.0,
2026-04-29,publicstorage,598,GA,7,49,41,47,
2026-04-29,publicstorage,600,GA,11,32,65,70,
2026-04-29,publicstorage,755,GA,8,17,74,49.0,
2026-04-29,publicstorage,609,GA,9,20,67,67,
2026-04-29,publicstorage,596,GA,11,31,70,150,
2026-04-29,publicstorage,721,GA,3,4,138,145,
2026-04-29,publicstorage,593,GA,6,9,132,157.0,
2026-04-29,publicstorage,611,GA,5,9,123,123,
2026-04-29,publicstorage,348,GA,23,528,75,81,
2026-04-29,publicstorage,643,GA,4,35,,119.5,
2026-04-29,publicstorage,578,GA,6,13,104,110.0,
2026-04-29,publicstorage,695,GA,4,9,,173.0,
2026-04-29,publicstorage,793,GA,8,119,78,111.0,
2026-04-29,publicstorage,594,GA,8,31,116,158.0,
2026-04-29,publicstorage,289,GA,10,79,,23.5,
2026-04-29,publicstorage,567,GA,9,22,78,70,
2026-04-29,publicstorage,569,GA,13,44,60,71,
2026-04-29,publicstorage,880,SC,13,28,124,176,
2026-04-29,publicstorage,575,SC,17,37,160,180,
2026-04-29,publicstorage,925,IL,8,31,99,132.0,
2026-04-29,publicstorage,913,IL,15,36,79,79,
2026-04-29,publicstorage,901,IL,7,42,82,152,
2026-04-29,publicstorage,950,IL,3,20,105,151,
2026-04-29,publicstorage,941,IL,15,43,56,69,
2026-04-29,publicstorage,939,IL,4,18,173,125.0,
2026-04-29,publicstorage,983,IL,6,18,95,122.0,
2026-04-29,publicstorage,974,IL,9,76,103,103,
2026-04-29,publicstorage,996,IL,11,47,97,72,
2026-04-29,publicstorage,991,IL,8,25,119,114.0,
2026-04-29,publicstorage,946,IL,14,82,96,108.5,
2026-04-29,publicstorage,978,MO,18,145,101,173.0,
2026-04-29,publicstorage,984,MO,1,2,,270,
2026-04-29,publicstorage,856,MO,13,30,148,85,
2026-04-29,publicstorage,834,MO,6,48,113,99.5,
2026-04-29,publicstorage,979,MO,8,27,58,61.5,
2026-04-29,publicstorage,924,KS,12,70,76,77.5,
2026-04-29,publicstorage,938,KS,14,27,105,116.5,
2026-04-29,publicstorage,957,MO,17,61,63,84,
2026-04-29,publicstorage,987,KS,6,15,105,124.0,
2026-04-29,publicstorage,969,KS,7,10,171,110,
2026-04-29,publicstorage,967,KS,9,40,80,80,
2026-04-29,publicstorage,966,KS,5,16,95,103,
2026-04-29,publicstorage,965,KS,11,21,87,67,
2026-04-29,publicstorage,960,KS,10,63,69,63.0,
2026-04-29,publicstorage,964,KS,11,76,94,78,
2026-04-29,publicstorage,935,LA,9,45,92,92,
2026-04-29,publicstorage,910,LA,11,41,89,131,
2026-04-29,publicstorage,940,LA,10,22,102,96.0,
2026-04-29,publicstorage,783,LA,12,63,102,104.0,
2026-04-29,publicstorage,890,MA,7,34,139,139,
2026-04-29,publicstorage,843,MA,9,51,100,100,
2026-04-29,publicstorage,848,MA,7,12,214,203,
2026-04-29,publicstorage,851,MA,4,10,122,159.0,
2026-04-29,publicstorage,891,MA,11,27,92,92,
2026-04-29,publicstorage,930,MA,10,43,141,108.0,
2026-04-29,publicstorage,970,MA,12,26,137,138.5,
2026-04-29,publicstorage,897,RI,7,28,195,169,
2026-04-29,publicstorage,568,GA,13,34,50,50,
2026-04-29,publicstorage,577,GA,8,59,59,72.0,
2026-04-29,publicstorage,907,MO,7,15,88,191,
2026-04-29,publicstorage,829,MO,7,76,85,85,
2026-04-29,publicstorage,918,MO,8,50,102,104.0,
2026-04-29,publicstorage,818,MO,6,28,119,115.5,
2026-04-29,publicstorage,853,MO,7,30,59,59,
2026-04-29,publicstorage,906,MO,10,20,,125.0,
2026-04-29,publicstorage,997,KS,3,14,53,53,
2026-04-29,publicstorage,291,NV,12,44,,83.0,
2026-04-29,publicstorage,271,NV,7,26,170,103,
2026-04-29,publicstorage,908,NH,13,35,122,139,
2026-04-29,publicstorage,899,NH,5,29,120,169,
2026-04-29,publicstorage,992,NJ,11,68,81,101,
2026-04-29,publicstorage,999,NJ,7,52,100,159,
2026-04-29,publicstorage,889,PA,9,141,92,45,
2026-04-29,publicstorage,904,PA,10,30,138,143.5,
2026-04-29,publicstorage,759,NY,13,48,178,132,
2026-04-29,publicstorage,932,NC,5,15,148,176,
2026-04-29,publicstorage,944,NC,9,68,74,147,
2026-04-29,publicstorage,993,NC,8,33,108,117.0,
2026-04-29,publicstorage,936,NC,10,23,82,74.0,
2026-04-29,publicstorage,981,NC,3,11,122,122,
2026-04-29,publicstorage,990,NC,4,28,56,67.5,
2026-04-29,publicstorage,900,NC,10,39,53,59.0,
2026-04-29,publicstorage,921,NC,10,24,119,96.0,
2026-04-29,publicstorage,958,OK,7,23,65,65,
2026-04-29,publicstorage,948,OK,9,76,99,99,
2026-04-29,publicstorage,833,OK,6,46,49,58.0,
2026-04-29,publicstorage,931,OK,10,73,66,73.0,
2026-04-29,publicstorage,828,OK,16,62,46,47.0,
2026-04-29,publicstorage,745,TX,16,68,64,75.0,
2026-04-29,publicstorage,772,TX,21,42,50,110,
2026-04-29,publicstorage,763,TX,21,135,97,95,
2026-04-29,publicstorage,182,OR,5,26,118,73,
2026-04-29,publicstorage,166,OR,9,24,80,80,
2026-04-29,publicstorage,74,OR,8,21,107,137.0,
2026-04-29,publicstorage,477,OR,14,25,125,81.0,
2026-04-29,publicstorage,138,OR,8,48,68,69.5,
2026-04-29,publicstorage,132,OR,9,34,170,154,
2026-04-29,publicstorage,492,OR,5,25,149,53,
2026-04-29,publicstorage,495,OR,6,41,119,101.5,
2026-04-29,publicstorage,920,PA,3,10,94,60,
2026-04-29,publicstorage,912,PA,10,87,65,49.5,
2026-04-29,publicstorage,928,PA,6,31,161,180.0,
2026-04-29,publicstorage,961,PA,20,32,109,128.5,
2026-04-29,publicstorage,587,SC,2,2,124,148.0,
2026-04-29,publicstorage,576,SC,2,3,,121.5,
2026-04-29,publicstorage,555,SC,5,8,184,388,
2026-04-29,publicstorage,585,SC,4,6,,299.0,
2026-04-29,publicstorage,720,SC,5,39,84,82,
2026-04-29,publicstorage,606,SC,5,10,144,220,
2026-04-29,publicstorage,718,SC,4,7,87,94.0,
2026-04-29,publicstorage,550,SC,7,70,38,46,
2026-04-29,publicstorage,588,SC,4,8,62,91.5,
2026-04-29,publicstorage,556,SC,3,10,120,175,
2026-04-29,publicstorage,706,SC,11,25,81,94,
2026-04-29,publicstorage,813,SC,6,26,129,188.0,
2026-04-29,publicstorage,525,SC,8,25,96,111.0,
2026-04-29,publicstorage,546,SC,8,39,86,111.5,
2026-04-29,publicstorage,543,SC,10,36,92,105.5,
2026-04-29,publicstorage,523,SC,8,17,116,160.0,
2026-04-29,publicstorage,541,SC,5,31,89,145,
2026-04-29,publicstorage,557,SC,8,13,150,263.5,
2026-04-29,publicstorage,786,SC,5,17,137,137,
2026-04-29,publicstorage,779,SC,9,27,80,94,
2026-04-29,publicstorage,517,SC,12,27,67,113.0,
2026-04-29,publicstorage,421,TN,7,22,126,126,
2026-04-29,publicstorage,427,TN,6,18,137,86.5,
2026-04-29,publicstorage,428,TN,11,43,120,137,
2026-04-29,publicstorage,955,TN,2,7,116,97.5,
2026-04-29,publicstorage,424,TN,3,30,115,115,
2026-04-29,publicstorage,881,TN,9,34,152,175,
2026-04-29,publicstorage,660,TN,11,62,117,118,
2026-04-29,publicstorage,632,TN,1,2,,130,
2026-04-29,publicstorage,617,TN,2,11,,111.5,
2026-04-29,publicstorage,435,TN,8,25,158,254.0,
2026-04-29,publicstorage,923,TN,10,22,102,146.0,
2026-04-29,publicstorage,869,TN,5,24,170,217,
2026-04-29,publicstorage,641,TN,6,20,73,113.5,
2026-04-29,publicstorage,570,TN,12,45,36,71.0,
2026-04-29,publicstorage,674,TN,17,85,56,87,
2026-04-29,publicstorage,681,TN,8,26,32,66.5,
2026-04-29,publicstorage,689,TN,8,12,81,83.0,
2026-04-29,publicstorage,605,TN,10,23,,88.0,
2026-04-29,publicstorage,592,TN,7,9,,193,
2026-04-29,publicstorage,572,TN,9,20,138,193,
2026-04-29,publicstorage,561,TN,10,18,72,77.0,
2026-04-29,publicstorage,579,TN,13,24,39,145,
2026-04-29,publicstorage,648,TX,10,53,36,40.0,
2026-04-29,publicstorage,638,TX,5,14,105,69,
2026-04-29,publicstorage,809,TX,4,9,231,312.0,
2026-04-29,publicstorage,636,TX,8,31,65,93.5,
2026-04-29,publicstorage,639,TX,6,104,99,107.5,
2026-04-29,publicstorage,817,TX,20,100,92,113.0,
2026-04-29,publicstorage,842,TX,15,29,115,121,
2026-04-29,publicstorage,816,TX,11,67,150,150,
2026-04-29,publicstorage,775,TX,15,44,143,143,
2026-04-29,publicstorage,830,TX,12,164,152,169.0,
2026-04-29,publicstorage,838,TX,17,47,,151,
2026-04-29,publicstorage,862,TX,8,44,76,92.0,
2026-04-29,publicstorage,812,TX,10,49,121,138.0,
2026-04-29,publicstorage,803,TX,10,23,123,141.5,
2026-04-29,publicstorage,748,TX,9,19,88,124,
2026-04-29,publicstorage,866,TX,9,34,57,79,
2026-04-29,publicstorage,688,TX,8,22,50,73.5,
2026-04-29,publicstorage,698,TX,8,48,45,24.0,
2026-04-29,publicstorage,426,TX,9,26,100,100,
2026-04-29,publicstorage,422,TX,11,62,57,74,
2026-04-29,publicstorage,750,TX,5,32,85,104,
2026-04-29,publicstorage,675,TX,5,6,75,110,
2026-04-29,publicstorage,411,TX,5,79,92,96,
2026-04-29,publicstorage,704,TX,13,66,46,24,
2026-04-29,publicstorage,702,TX,7,16,69,71,
2026-04-29,publicstorage,654,TX,8,103,74,47.0,
2026-04-29,publicstorage,5984,TX,10,51,45,45.0,
2026-04-29,publicstorage,710,TX,12,42,68,70.5,
2026-04-29,publicstorage,687,TX,15,42,67,92,
2026-04-29,publicstorage,734,TX,24,151,88,77.0,
2026-04-29,publicstorage,708,TX,18,84,89,97.5,
2026-04-29,publicstorage,724,TX,15,78,98,91,
2026-04-29,publicstorage,713,TX,38,155,71,75.5,
2026-04-29,publicstorage,821,TX,49,184,66,97,
2026-04-29,publicstorage,723,TX,11,26,,70,
2026-04-29,publicstorage,768,TX,11,72,64,38,
2026-04-29,publicstorage,825,TX,16,68,68,59.0,
2026-04-29,publicstorage,802,TX,21,177,77,85,
2026-04-29,publicstorage,799,TX,22,345,48,71.0,
2026-04-29,publicstorage,771,TX,15,61,46,55,
2026-04-29,publicstorage,780,TX,27,62,68,82,
2026-04-29,publicstorage,692,TX,25,403,36,36,
2026-04-29,publicstorage,791,TX,8,34,46,52.0,
2026-04-29,publicstorage,781,TX,16,161,44,41.5,
2026-04-29,publicstorage,790,TX,7,17,91,115,
2026-04-29,publicstorage,630,TX,10,39,41,55.0,
2026-04-29,publicstorage,627,TX,5,48,70,80,
2026-04-29,publicstorage,629,TX,18,70,66,59.0,
2026-04-29,publicstorage,625,TX,7,215,41,51,
2026-04-29,publicstorage,620,TX,6,26,,63.5,
2026-04-29,publicstorage,621,TX,8,14,79,67.5,
2026-04-29,publicstorage,622,TX,10,41,55,73.5,
2026-04-29,publicstorage,618,TX,10,48,70,93.0,
2026-04-29,publicstorage,619,TX,6,60,129,128.0,
2026-04-29,publicstorage,640,TX,13,44,109,119,
2026-04-29,publicstorage,649,TX,22,77,98,82.5,
2026-04-29,publicstorage,644,TX,3,23,61,31,
2026-04-29,publicstorage,653,TX,16,147,55,62.0,
2026-04-29,publicstorage,815,TX,10,111,75,45.0,
2026-04-29,publicstorage,952,UT,5,13,156,195,
2026-04-29,publicstorage,986,UT,8,35,75,102.5,
2026-04-29,publicstorage,942,UT,11,13,119,165,
2026-04-29,publicstorage,963,UT,8,24,52,41.5,
2026-04-29,publicstorage,894,UT,8,22,,97.5,
2026-04-29,publicstorage,980,VA,14,33,189,170.5,
2026-04-29,publicstorage,971,VA,17,46,131,130,
2026-04-29,publicstorage,973,VA,5,22,134,134,
2026-04-29,publicstorage,995,VA,5,16,96,96,
2026-04-29,publicstorage,975,VA,2,3,107,100.5,
2026-04-29,publicstorage,716,WA,8,51,103,42.0,
2026-04-29,publicstorage,169,WA,9,41,80,47,
2026-04-29,publicstorage,535,WA,7,49,79,42,
2026-04-29,publicstorage,538,WA,11,56,92,92,
2026-04-29,publicstorage,178,WA,16,58,97,75.0,
2026-04-29,publicstorage,623,WA,10,78,77,98.5,
2026-04-29,publicstorage,532,WA,6,20,109,80.0,
2026-04-29,publicstorage,539,WA,8,23,104,75.0,
2026-04-29,publicstorage,144,WA,11,41,81,104,
2026-04-29,publicstorage,524,WA,15,43,149,159,
2026-04-29,publicstorage,857,WA,14,50,197,201.0,
2026-04-29,publicstorage,676,WA,10,17,198,198.0,
2026-04-29,publicstorage,528,WA,7,125,125,118,
2026-04-29,publicstorage,527,WA,2,4,,127.0,
2026-04-29,publicstorage,529,WA,14,53,95,106.5,
2026-04-29,publicstorage,693,WA,6,40,131,142.5,
2026-04-29,publicstorage,662,WA,6,19,209,223.5,
2026-04-29,publicstorage,691,WA,6,14,,70.0,
2026-04-29,publicstorage,826,WA,7,31,248,116,
2026-04-29,publicstorage,514,WA,15,34,116,101,
2026-04-29,publicstorage,747,WA,12,34,121,108.5,
