date,brand,store_id,state,listings,units_avail,cheapest_10x10,median_price,median_ppsf
2026-09-01,cubesmart,cube_100,IL,14,14,,153.5,1.175
2026-09-01,cubesmart,cube_101,IL,6,6,83.0,90.5,0.99
2026-09-01,cubesmart,cube_102,IL,9,9,98.0,37.0,0.905
2026-09-01,cubesmart,cube_103,IL,10,10,126.0,153.0,1.31
2026-09-01,cubesmart,cube_104,IL,19,19,77.0,109.0,0.83
2026-09-01,cubesmart,cube_105,IL,11,11,92.0,176.0,0.92
2026-09-01,cubesmart,cube_106,IL,8,8,119.0,169.0,0.86
2026-09-01,cubesmart,cube_107,IL,24,24,101.0,78.5,1.005
2026-09-01,cubesmart,cube_108,IL,8,8,113.0,119.0,1.024
2026-09-01,cubesmart,cube_109,IL,7,7,,52.0,0.913
2026-09-01,cubesmart,cube_110,IL,15,15,94.0,94.0,0.785
2026-09-01,cubesmart,cube_111,IL,11,11,46.0,72.0,0.665
2026-09-01,cubesmart,cube_113,IL,8,8,,37.5,0.857
2026-09-01,cubesmart,cube_114,IL,7,7,,143.0,0.9
2026-09-01,cubesmart,cube_115,IL,9,9,86.0,103.0,0.86
2026-09-01,cubesmart,cube_116,IL,10,10,64.0,70.5,0.629
2026-09-01,cubesmart,cube_117,IL,2,2,181.0,190.5,1.405
2026-09-01,cubesmart,cube_118,IL,6,6,84.0,105.0,0.86
2026-09-01,cubesmart,cube_119,IL,9,9,69.0,100.0,0.8
2026-09-01,cubesmart,cube_120,IL,11,11,132.0,79.0,1.32
2026-09-01,cubesmart,cube_1330,IL,13,13,128.0,167.0,1.54
2026-09-01,cubesmart,cube_1331,IL,15,15,134.0,121.0,1.5
2026-09-01,cubesmart,cube_1332,IL,10,10,100.0,131.0,1.039
2026-09-01,cubesmart,cube_1333,IL,25,25,86.0,65.0,1.522
2026-09-01,cubesmart,cube_1334,RI,7,7,144.0,144.0,1.177
2026-09-01,cubesmart,cube_1335,RI,17,17,99.0,121.0,1.167
2026-09-01,cubesmart,cube_1336,RI,13,13,103.0,121.0,1.03
2026-09-01,cubesmart,cube_1337,RI,9,9,115.0,119.0,0.758
2026-09-01,cubesmart,cube_1338,FL,18,18,91.0,110.0,1.005
2026-09-01,cubesmart,cube_1339,PA,13,13,77.0,77.0,0.83
2026-09-01,cubesmart,cube_1340,NJ,17,17,116.0,118.0,1.25
2026-09-01,cubesmart,cube_1341,VA,12,12,150.0,194.0,1.67
2026-09-01,cubesmart,cube_1343,NY,17,17,161.0,293.0,2.055
2026-09-01,cubesmart,cube_1344,PA,14,14,103.0,92.5,1.28
2026-09-01,cubesmart,cube_1345,PA,14,14,51.0,45.5,0.82
2026-09-01,cubesmart,cube_1346,NJ,9,9,90.0,100.0,1.427
2026-09-01,cubesmart,cube_1348,IL,6,6,161.0,134.5,1.565
2026-09-01,cubesmart,cube_1349,FL,8,8,150.0,165.0,1.203
2026-09-01,cubesmart,cube_135,FL,15,15,45.0,17.0,0.551
2026-09-01,cubesmart,cube_1350,CO,12,12,88.0,77.5,1.115
2026-09-01,cubesmart,cube_1351,IL,7,7,,78.0,1.26
2026-09-01,cubesmart,cube_1352,IL,8,8,187.0,224.0,1.778
2026-09-01,cubesmart,cube_1353,IL,8,8,107.0,153.0,1.23
2026-09-01,cubesmart,cube_1355,IL,9,9,146.0,146.0,1.808
2026-09-01,cubesmart,cube_1356,IL,9,9,110.0,110.0,1.1
2026-09-01,cubesmart,cube_1358,FL,16,16,133.0,115.0,1.681
2026-09-01,cubesmart,cube_1359,FL,17,17,116.0,130.0,1.865
2026-09-01,cubesmart,cube_136,FL,15,15,33.0,55.0,0.55
2026-09-01,cubesmart,cube_1360,FL,13,13,134.0,72.0,1.34
2026-09-01,cubesmart,cube_1369,PA,5,5,108.0,64.0,0.94
2026-09-01,cubesmart,cube_137,FL,22,22,65.0,71.0,0.781
2026-09-01,cubesmart,cube_1370,FL,22,22,154.0,57.0,1.317
2026-09-01,cubesmart,cube_1371,GA,5,5,101.0,101.0,1.4
2026-09-01,cubesmart,cube_1374,NJ,12,12,89.0,76.5,0.94
2026-09-01,cubesmart,cube_1375,MD,7,7,290.0,182.0,2.9
2026-09-01,cubesmart,cube_1376,MD,10,10,170.0,124.5,1.871
2026-09-01,cubesmart,cube_1377,MD,16,16,104.0,92.0,1.153
2026-09-01,cubesmart,cube_1379,TX,23,23,148.0,76.0,1.593
2026-09-01,cubesmart,cube_138,FL,18,18,90.0,49.0,1.09
2026-09-01,cubesmart,cube_1380,TX,15,15,46.0,65.0,0.5
2026-09-01,cubesmart,cube_1384,CT,11,11,146.0,146.0,1.86
2026-09-01,cubesmart,cube_1385,VA,14,14,119.0,92.0,1.24
2026-09-01,cubesmart,cube_1388,MD,12,12,151.0,126.0,1.488
2026-09-01,cubesmart,cube_1396,VA,19,19,131.0,154.0,1.44
2026-09-01,cubesmart,cube_1397,DC,17,17,177.0,177.0,1.8
2026-09-01,cubesmart,cube_1399,VA,4,4,88.0,76.5,0.88
2026-09-01,cubesmart,cube_1400,VA,10,10,81.0,84.5,0.718
2026-09-01,cubesmart,cube_1401,VA,9,9,89.0,110.0,1.11
2026-09-01,cubesmart,cube_1402,VA,10,10,88.0,120.5,0.857
2026-09-01,cubesmart,cube_1404,VA,8,8,171.0,198.5,1.827
2026-09-01,cubesmart,cube_1406,MD,9,9,101.0,58.0,1.16
2026-09-01,cubesmart,cube_1407,MD,24,24,120.0,122.5,1.221
2026-09-01,cubesmart,cube_141,OH,5,5,181.0,173.0,1.34
2026-09-01,cubesmart,cube_144,OH,10,10,86.0,89.5,0.88
2026-09-01,cubesmart,cube_1441,NY,20,20,242.0,151.5,2.914
2026-09-01,cubesmart,cube_1455,MA,9,9,362.0,232.0,4.625
2026-09-01,cubesmart,cube_1475,NJ,10,10,82.0,89.0,1.173
2026-09-01,cubesmart,cube_1476,NJ,18,18,103.0,104.5,1.08
2026-09-01,cubesmart,cube_1478,NJ,7,7,83.0,140.0,0.7
2026-09-01,cubesmart,cube_1479,TX,8,8,65.0,83.0,0.884
2026-09-01,cubesmart,cube_148,OH,11,11,76.0,104.0,0.76
2026-09-01,cubesmart,cube_151,NY,15,15,,70.0,1.144
2026-09-01,cubesmart,cube_1510,NY,14,14,217.0,168.5,2.17
2026-09-01,cubesmart,cube_1511,NY,8,8,191.0,116.5,1.845
2026-09-01,cubesmart,cube_152,NY,7,7,263.0,263.0,2.4
2026-09-01,cubesmart,cube_153,CT,13,13,61.0,72.0,0.72
2026-09-01,cubesmart,cube_154,CT,8,8,73.0,101.5,0.65
2026-09-01,cubesmart,cube_155,CT,9,9,79.0,81.0,0.853
2026-09-01,cubesmart,cube_1557,VA,12,12,100.0,117.0,1.0
2026-09-01,cubesmart,cube_156,CT,7,7,107.0,132.0,0.88
2026-09-01,cubesmart,cube_157,CT,7,7,,120.0,0.992
2026-09-01,cubesmart,cube_158,CT,10,10,230.0,129.5,2.338
2026-09-01,cubesmart,cube_159,CT,17,17,114.0,121.0,1.21
2026-09-01,cubesmart,cube_160,CT,14,14,145.0,148.0,1.523
2026-09-01,cubesmart,cube_1606,FL,12,12,64.0,80.5,0.857
2026-09-01,cubesmart,cube_161,NY,21,21,211.0,119.0,1.96
2026-09-01,cubesmart,cube_162,CT,4,4,183.0,214.0,1.537
2026-09-01,cubesmart,cube_163,FL,12,12,91.0,106.5,0.915
2026-09-01,cubesmart,cube_164,TX,16,16,60.0,69.0,0.68
2026-09-01,cubesmart,cube_165,TX,10,10,81.0,90.0,0.72
2026-09-01,cubesmart,cube_166,IL,6,6,90.0,95.5,0.9
2026-09-01,cubesmart,cube_167,IL,10,10,96.0,142.0,0.917
2026-09-01,cubesmart,cube_176,TX,27,27,50.0,73.0,0.693
2026-09-01,cubesmart,cube_180,MA,11,11,187.0,187.0,2.197
2026-09-01,cubesmart,cube_181,CA,21,21,61.0,54.0,0.64
2026-09-01,cubesmart,cube_182,FL,17,17,59.0,93.0,0.676
2026-09-01,cubesmart,cube_183,FL,8,8,153.0,116.5,1.43
2026-09-01,cubesmart,cube_185,FL,16,16,130.0,104.5,1.337
2026-09-01,cubesmart,cube_186,OH,9,9,114.0,102.0,1.569
2026-09-01,cubesmart,cube_187,FL,16,16,118.0,123.5,1.164
2026-09-01,cubesmart,cube_188,FL,16,16,67.0,51.5,0.98
2026-09-01,cubesmart,cube_189,FL,13,13,81.0,78.0,1.1
2026-09-01,cubesmart,cube_191,CA,13,13,127.0,135.0,1.335
2026-09-01,cubesmart,cube_192,CA,10,10,121.0,118.5,1.334
2026-09-01,cubesmart,cube_193,GA,21,21,29.0,85.0,0.363
2026-09-01,cubesmart,cube_194,FL,21,21,137.0,179.0,1.605
2026-09-01,cubesmart,cube_195,FL,12,12,176.0,182.0,1.76
2026-09-01,cubesmart,cube_196,FL,17,17,157.0,197.0,1.85
2026-09-01,cubesmart,cube_197,FL,11,11,74.0,74.0,0.865
2026-09-01,cubesmart,cube_198,FL,15,15,95.0,93.0,0.991
2026-09-01,cubesmart,cube_199,AZ,22,22,58.0,56.0,0.727
2026-09-01,cubesmart,cube_200,NJ,10,10,,105.0,2.521
2026-09-01,cubesmart,cube_201,NJ,8,8,163.0,50.0,1.581
2026-09-01,cubesmart,cube_202,NJ,12,12,146.0,174.0,1.46
2026-09-01,cubesmart,cube_204,CO,23,23,106.0,106.0,0.787
2026-09-01,cubesmart,cube_205,CO,10,10,69.0,66.0,0.797
2026-09-01,cubesmart,cube_206,CO,7,7,124.0,254.0,1.04
2026-09-01,cubesmart,cube_207,CO,6,6,96.0,95.5,0.955
2026-09-01,cubesmart,cube_2078,VA,12,12,158.0,154.0,1.85
2026-09-01,cubesmart,cube_2079,NY,8,8,268.0,196.5,2.375
2026-09-01,cubesmart,cube_208,CO,13,13,128.0,133.0,1.35
2026-09-01,cubesmart,cube_209,CO,10,10,53.0,56.0,0.6
2026-09-01,cubesmart,cube_211,TX,13,13,77.0,100.0,0.792
2026-09-01,cubesmart,cube_213,TX,6,6,113.0,123.0,1.269
2026-09-01,cubesmart,cube_215,TX,19,19,55.0,71.0,0.769
2026-09-01,cubesmart,cube_2174,VA,5,5,,46.0,0.6
2026-09-01,cubesmart,cube_2176,FL,10,10,220.0,184.5,1.973
2026-09-01,cubesmart,cube_218,TX,11,11,83.0,110.0,0.867
2026-09-01,cubesmart,cube_219,TX,13,13,63.0,42.0,0.52
2026-09-01,cubesmart,cube_220,TX,18,18,69.0,71.5,0.96
2026-09-01,cubesmart,cube_221,TX,10,10,82.0,89.5,0.895
2026-09-01,cubesmart,cube_222,TX,12,12,54.0,74.0,0.74
2026-09-01,cubesmart,cube_223,TX,10,10,69.0,74.5,0.858
2026-09-01,cubesmart,cube_2239,NY,22,22,239.0,151.0,3.037
2026-09-01,cubesmart,cube_224,TX,12,12,44.0,107.0,0.805
2026-09-01,cubesmart,cube_225,TX,9,9,75.0,75.0,0.84
2026-09-01,cubesmart,cube_2259,TX,19,19,72.0,39.0,0.72
2026-09-01,cubesmart,cube_226,TX,13,13,60.0,64.0,0.85
2026-09-01,cubesmart,cube_227,TX,17,17,105.0,155.0,1.115
2026-09-01,cubesmart,cube_228,TX,20,20,56.0,86.5,0.807
2026-09-01,cubesmart,cube_2280,GA,12,12,68.0,129.5,0.813
2026-09-01,cubesmart,cube_2281,GA,14,14,36.0,77.0,0.445
2026-09-01,cubesmart,cube_2284,GA,11,11,46.0,48.0,0.613
2026-09-01,cubesmart,cube_2289,MN,23,23,59.0,69.0,0.83
2026-09-01,cubesmart,cube_229,TX,11,11,38.0,50.0,0.438
2026-09-01,cubesmart,cube_2295,CO,14,14,98.0,118.5,0.978
2026-09-01,cubesmart,cube_2297,CA,14,14,107.0,165.5,0.69
2026-09-01,cubesmart,cube_230,TX,8,8,63.0,81.0,0.66
2026-09-01,cubesmart,cube_231,FL,19,19,65.0,72.0,0.84
2026-09-01,cubesmart,cube_232,CA,10,10,91.0,93.5,0.987
2026-09-01,cubesmart,cube_233,CA,13,13,108.0,122.0,1.12
2026-09-01,cubesmart,cube_234,CA,11,11,94.0,158.0,1.06
2026-09-01,cubesmart,cube_235,CA,11,11,137.0,122.0,1.37
2026-09-01,cubesmart,cube_2350,NJ,10,10,74.0,217.5,1.347
2026-09-01,cubesmart,cube_2351,NJ,17,17,92.0,123.0,0.877
2026-09-01,cubesmart,cube_2359,MD,10,10,130.0,97.0,1.468
2026-09-01,cubesmart,cube_236,CA,21,21,106.0,95.0,1.28
2026-09-01,cubesmart,cube_2360,MD,11,11,101.0,101.0,1.1
2026-09-01,cubesmart,cube_2361,MD,15,15,134.0,107.0,1.415
2026-09-01,cubesmart,cube_237,CA,15,15,182.0,113.0,1.633
2026-09-01,cubesmart,cube_238,TN,19,19,63.0,111.0,0.72
2026-09-01,cubesmart,cube_239,TN,10,10,77.0,115.5,0.654
2026-09-01,cubesmart,cube_240,TN,15,15,94.0,149.0,1.147
2026-09-01,cubesmart,cube_241,TN,12,12,89.0,194.5,1.085
2026-09-01,cubesmart,cube_242,TN,17,17,68.0,145.0,0.689
2026-09-01,cubesmart,cube_243,CO,3,3,89.0,89.0,0.795
2026-09-01,cubesmart,cube_2437,NY,12,12,227.0,203.0,2.328
2026-09-01,cubesmart,cube_2438,NY,10,10,191.0,120.5,2.242
2026-09-01,cubesmart,cube_2439,NY,13,13,321.0,241.0,3.45
2026-09-01,cubesmart,cube_244,CO,6,6,75.0,109.5,0.667
2026-09-01,cubesmart,cube_2440,NY,9,9,203.0,203.0,2.28
2026-09-01,cubesmart,cube_2441,NY,10,10,342.0,256.0,5.237
2026-09-01,cubesmart,cube_2442,NY,7,7,224.0,149.0,2.505
2026-09-01,cubesmart,cube_2443,NY,11,11,268.0,268.0,2.68
2026-09-01,cubesmart,cube_2444,NY,10,10,242.0,142.0,2.323
2026-09-01,cubesmart,cube_2445,NY,9,9,310.0,183.0,3.188
2026-09-01,cubesmart,cube_2446,NY,8,8,296.0,215.0,2.147
2026-09-01,cubesmart,cube_2447,PA,16,16,82.0,39.0,0.728
2026-09-01,cubesmart,cube_2448,CT,17,17,105.0,132.0,1.16
2026-09-01,cubesmart,cube_2449,NY,14,14,283.0,160.0,2.713
2026-09-01,cubesmart,cube_245,CO,4,4,104.0,145.0,0.95
2026-09-01,cubesmart,cube_2450,NY,12,12,226.0,140.0,2.495
2026-09-01,cubesmart,cube_2451,NY,6,6,331.0,256.0,3.506
2026-09-01,cubesmart,cube_2452,NY,13,13,233.0,182.0,2.46
2026-09-01,cubesmart,cube_246,CO,7,7,50.0,101.0,0.5
2026-09-01,cubesmart,cube_247,GA,20,20,70.0,62.5,0.55
2026-09-01,cubesmart,cube_2478,VA,10,10,127.0,193.5,1.513
2026-09-01,cubesmart,cube_248,TX,17,17,47.0,75.0,0.505
2026-09-01,cubesmart,cube_249,TX,11,11,52.0,123.0,0.588
2026-09-01,cubesmart,cube_2498,CA,11,11,63.0,71.0,0.772
2026-09-01,cubesmart,cube_250,TX,9,9,53.0,59.0,0.695
2026-09-01,cubesmart,cube_2506,TX,11,11,91.0,68.0,1.44
2026-09-01,cubesmart,cube_251,NJ,8,8,123.0,123.5,0.827
2026-09-01,cubesmart,cube_2515,NY,33,33,98.0,110.0,1.44
2026-09-01,cubesmart,cube_2517,TN,7,7,,115.0,0.854
2026-09-01,cubesmart,cube_2519,NY,14,14,203.0,181.5,2.088
2026-09-01,cubesmart,cube_252,OH,8,8,,40.5,0.817
2026-09-01,cubesmart,cube_2520,CT,13,13,165.0,165.0,1.65
2026-09-01,cubesmart,cube_2521,NY,12,12,226.0,205.0,2.332
2026-09-01,cubesmart,cube_253,OH,17,17,70.0,73.0,0.9
2026-09-01,cubesmart,cube_2538,NY,12,12,220.0,133.5,2.127
2026-09-01,cubesmart,cube_254,OH,15,15,105.0,149.0,0.947
2026-09-01,cubesmart,cube_255,OH,8,8,83.0,81.0,0.916
2026-09-01,cubesmart,cube_256,OH,20,20,109.0,109.5,1.624
2026-09-01,cubesmart,cube_257,FL,26,26,127.0,39.5,0.84
2026-09-01,cubesmart,cube_2577,TX,15,15,72.0,42.0,0.72
2026-09-01,cubesmart,cube_262,VA,8,8,,116.0,0.725
2026-09-01,cubesmart,cube_2622,TX,24,24,102.0,92.0,1.438
2026-09-01,cubesmart,cube_2623,TX,17,17,69.0,65.0,0.814
2026-09-01,cubesmart,cube_2624,TX,13,13,50.0,70.0,0.678
2026-09-01,cubesmart,cube_2625,TX,24,24,73.0,76.5,0.757
2026-09-01,cubesmart,cube_2626,TX,7,7,54.0,54.0,0.627
2026-09-01,cubesmart,cube_263,VA,12,12,,132.0,1.84
2026-09-01,cubesmart,cube_2640,SC,17,17,61.0,101.0,0.824
2026-09-01,cubesmart,cube_2641,SC,13,13,49.0,31.0,0.555
2026-09-01,cubesmart,cube_2642,SC,16,16,67.0,84.0,0.8
2026-09-01,cubesmart,cube_2643,SC,10,10,,20.5,0.442
2026-09-01,cubesmart,cube_2644,SC,11,11,70.0,142.0,0.883
2026-09-01,cubesmart,cube_2645,SC,3,3,64.0,71.0,1.03
2026-09-01,cubesmart,cube_265,FL,10,10,144.0,114.0,1.52
2026-09-01,cubesmart,cube_2656,GA,11,11,70.0,88.0,0.702
2026-09-01,cubesmart,cube_266,FL,8,8,112.0,136.5,1.255
2026-09-01,cubesmart,cube_2661,SC,10,10,94.0,127.5,0.887
2026-09-01,cubesmart,cube_2668,NC,7,7,46.0,108.0,0.492
2026-09-01,cubesmart,cube_267,FL,19,19,120.0,120.0,1.2
2026-09-01,cubesmart,cube_2675,VA,19,19,166.0,227.0,1.856
2026-09-01,cubesmart,cube_2676,NY,22,22,237.0,154.5,2.08
2026-09-01,cubesmart,cube_2686,TX,4,4,47.0,50.5,0.475
2026-09-01,cubesmart,cube_2687,TX,9,9,80.0,112.0,0.607
2026-09-01,cubesmart,cube_2688,TX,18,18,98.0,111.5,1.135
2026-09-01,cubesmart,cube_2690,TX,24,24,47.0,89.0,0.61
2026-09-01,cubesmart,cube_2691,LA,9,9,35.0,48.0,0.367
2026-09-01,cubesmart,cube_2697,GA,12,12,86.0,97.5,1.095
2026-09-01,cubesmart,cube_2698,GA,11,11,44.0,139.0,0.54
2026-09-01,cubesmart,cube_2699,FL,17,17,,83.0,1.067
2026-09-01,cubesmart,cube_2700,NJ,8,8,111.0,100.0,1.52
2026-09-01,cubesmart,cube_2701,NJ,18,18,119.0,141.5,1.227
2026-09-01,cubesmart,cube_2702,GA,18,18,45.0,96.5,0.558
2026-09-01,cubesmart,cube_2703,CT,21,21,98.0,104.0,1.027
2026-09-01,cubesmart,cube_271,OH,14,14,94.0,79.5,0.907
2026-09-01,cubesmart,cube_272,NJ,6,6,108.0,30.0,1.096
2026-09-01,cubesmart,cube_2721,FL,9,9,48.0,59.0,0.48
2026-09-01,cubesmart,cube_273,NJ,14,14,110.0,110.5,1.135
2026-09-01,cubesmart,cube_274,NJ,14,14,98.0,79.0,0.857
2026-09-01,cubesmart,cube_2758,FL,13,13,93.0,163.0,1.101
2026-09-01,cubesmart,cube_2759,FL,13,13,104.0,89.0,1.18
2026-09-01,cubesmart,cube_276,NJ,10,10,91.0,85.5,1.32
2026-09-01,cubesmart,cube_277,CT,8,8,88.0,129.0,0.627
2026-09-01,cubesmart,cube_278,CT,7,7,91.0,151.0,1.007
2026-09-01,cubesmart,cube_279,CT,13,13,134.0,124.0,1.34
2026-09-01,cubesmart,cube_2801,NJ,10,10,92.0,73.0,1.199
2026-09-01,cubesmart,cube_2812,TX,13,13,59.0,104.0,0.713
2026-09-01,cubesmart,cube_282,FL,12,12,107.0,112.0,1.09
2026-09-01,cubesmart,cube_283,FL,10,10,70.0,125.5,0.92
2026-09-01,cubesmart,cube_286,FL,16,16,79.0,81.0,1.12
2026-09-01,cubesmart,cube_2876,FL,13,13,85.0,73.0,1.058
2026-09-01,cubesmart,cube_289,FL,10,10,,140.0,1.16
2026-09-01,cubesmart,cube_290,CT,14,14,92.0,102.5,0.94
2026-09-01,cubesmart,cube_2918,PA,3,3,,92.0,1.84
2026-09-01,cubesmart,cube_2922,IL,10,10,40.0,72.5,0.446
2026-09-01,cubesmart,cube_2923,IL,14,14,58.0,76.5,0.693
2026-09-01,cubesmart,cube_2924,IL,17,17,55.0,106.0,0.488
2026-09-01,cubesmart,cube_2925,IL,12,12,49.0,61.0,0.5
2026-09-01,cubesmart,cube_2926,IL,17,17,73.0,73.0,0.674
2026-09-01,cubesmart,cube_2927,IL,23,23,107.0,116.0,0.965
2026-09-01,cubesmart,cube_2928,IL,21,21,74.0,76.0,0.713
2026-09-01,cubesmart,cube_2937,AZ,15,15,104.0,119.0,1.04
2026-09-01,cubesmart,cube_2960,IL,3,3,,345.0,0.575
2026-09-01,cubesmart,cube_2961,MA,5,5,155.0,104.0,2.02
2026-09-01,cubesmart,cube_2966,NY,10,10,153.0,180.5,1.55
2026-09-01,cubesmart,cube_2974,AZ,13,13,85.0,24.0,1.0
2026-09-01,cubesmart,cube_2975,AZ,16,16,93.0,89.0,1.067
2026-09-01,cubesmart,cube_298,CA,18,18,139.0,162.0,1.598
2026-09-01,cubesmart,cube_301,AZ,12,12,26.0,28.5,0.305
2026-09-01,cubesmart,cube_3017,MD,12,12,123.0,131.5,1.23
2026-09-01,cubesmart,cube_3019,TX,9,9,74.0,74.0,0.74
2026-09-01,cubesmart,cube_3021,TX,23,23,53.0,17.0,0.5
2026-09-01,cubesmart,cube_3022,TX,24,24,52.0,62.5,0.685
2026-09-01,cubesmart,cube_3023,TX,4,4,37.0,43.0,0.43
2026-09-01,cubesmart,cube_3024,TX,20,20,64.0,83.0,0.77
2026-09-01,cubesmart,cube_3026,TX,17,17,67.0,101.0,0.655
2026-09-01,cubesmart,cube_3027,TX,20,20,72.0,93.5,0.847
2026-09-01,cubesmart,cube_3028,TX,26,26,56.0,60.0,0.633
2026-09-01,cubesmart,cube_3030,TX,24,24,70.0,107.5,0.825
2026-09-01,cubesmart,cube_3031,TX,30,30,61.0,69.5,0.746
2026-09-01,cubesmart,cube_3032,NC,23,23,51.0,63.0,0.51
2026-09-01,cubesmart,cube_3033,TX,23,23,72.0,119.0,0.888
2026-09-01,cubesmart,cube_3034,TX,24,24,82.0,96.5,0.84
2026-09-01,cubesmart,cube_3036,TX,17,17,91.0,108.0,0.8
2026-09-01,cubesmart,cube_3037,TX,6,6,86.0,130.5,1.037
2026-09-01,cubesmart,cube_3038,TX,15,15,82.0,107.0,0.82
2026-09-01,cubesmart,cube_3039,TX,23,23,88.0,122.0,0.976
2026-09-01,cubesmart,cube_3040,TX,13,13,103.0,147.0,1.06
2026-09-01,cubesmart,cube_3041,TX,16,16,74.0,59.0,1.06
2026-09-01,cubesmart,cube_3043,TX,19,19,51.0,64.0,0.455
2026-09-01,cubesmart,cube_3045,TX,19,19,80.0,114.0,1.077
2026-09-01,cubesmart,cube_3046,TX,10,10,113.0,105.0,1.495
2026-09-01,cubesmart,cube_3047,TX,15,15,88.0,77.0,1.33
2026-09-01,cubesmart,cube_3048,TX,22,22,75.0,71.0,0.76
2026-09-01,cubesmart,cube_3050,TX,21,21,64.0,123.0,0.86
2026-09-01,cubesmart,cube_3051,TX,9,9,109.0,109.0,0.958
2026-09-01,cubesmart,cube_3052,TX,7,7,52.0,87.0,0.57
2026-09-01,cubesmart,cube_3053,TX,16,16,97.0,105.0,0.949
2026-09-01,cubesmart,cube_3054,TX,14,14,,91.5,0.885
2026-09-01,cubesmart,cube_3056,TX,22,22,60.0,67.0,0.74
2026-09-01,cubesmart,cube_3058,TX,15,15,108.0,108.0,1.04
2026-09-01,cubesmart,cube_306,AZ,10,10,80.0,81.5,0.977
2026-09-01,cubesmart,cube_307,AZ,12,12,116.0,123.5,1.235
2026-09-01,cubesmart,cube_3074,MD,10,10,116.0,163.5,1.18
2026-09-01,cubesmart,cube_3075,TX,18,18,48.0,56.5,0.693
2026-09-01,cubesmart,cube_3077,FL,18,18,136.0,71.0,1.35
2026-09-01,cubesmart,cube_308,AZ,24,24,67.0,74.0,0.907
2026-09-01,cubesmart,cube_3088,FL,20,20,106.0,139.0,1.324
2026-09-01,cubesmart,cube_3093,FL,18,18,100.0,114.5,1.09
2026-09-01,cubesmart,cube_3094,FL,30,30,79.0,126.5,0.82
2026-09-01,cubesmart,cube_3096,CA,9,9,,74.0,1.467
2026-09-01,cubesmart,cube_3098,MD,14,14,132.0,122.0,1.333
2026-09-01,cubesmart,cube_3099,MD,10,10,153.0,140.0,1.647
2026-09-01,cubesmart,cube_3103,TX,14,14,78.0,96.0,0.978
2026-09-01,cubesmart,cube_3104,NY,11,11,232.0,149.0,3.02
2026-09-01,cubesmart,cube_3105,AZ,20,20,75.0,122.0,0.761
2026-09-01,cubesmart,cube_3106,TX,16,16,73.0,80.5,0.73
2026-09-01,cubesmart,cube_3107,PA,24,24,67.0,36.0,0.7
2026-09-01,cubesmart,cube_3109,TX,15,15,56.0,63.0,0.78
2026-09-01,cubesmart,cube_311,FL,20,20,82.0,82.0,0.867
2026-09-01,cubesmart,cube_3113,NY,4,4,,201.0,4.45
2026-09-01,cubesmart,cube_3114,NY,11,11,481.0,481.0,4.81
2026-09-01,cubesmart,cube_3115,FL,16,16,96.0,150.5,1.573
2026-09-01,cubesmart,cube_3116,MA,18,18,150.0,67.0,1.374
2026-09-01,cubesmart,cube_3119,IN,10,10,97.0,105.0,1.04
2026-09-01,cubesmart,cube_3121,AZ,17,17,44.0,53.0,0.482
2026-09-01,cubesmart,cube_3122,FL,12,12,59.0,61.0,0.605
2026-09-01,cubesmart,cube_3123,FL,17,17,71.0,33.0,1.1
2026-09-01,cubesmart,cube_313,GA,17,17,25.0,92.0,0.533
2026-09-01,cubesmart,cube_3136,FL,13,13,115.0,127.0,1.029
2026-09-01,cubesmart,cube_3137,TX,19,19,75.0,75.0,0.772
2026-09-01,cubesmart,cube_3138,LA,13,13,37.0,39.0,0.315
2026-09-01,cubesmart,cube_3139,TX,10,10,85.0,59.0,0.923
2026-09-01,cubesmart,cube_3140,TX,18,18,52.0,51.5,0.84
2026-09-01,cubesmart,cube_3142,NY,10,10,302.0,113.0,2.553
2026-09-01,cubesmart,cube_3143,MA,13,13,,196.0,1.784
2026-09-01,cubesmart,cube_3144,TX,10,10,77.0,80.5,0.76
2026-09-01,cubesmart,cube_3145,MA,22,22,79.0,70.0,1.075
2026-09-01,cubesmart,cube_3146,MA,17,17,60.0,53.0,0.64
2026-09-01,cubesmart,cube_3147,MA,29,29,86.0,73.0,1.055
2026-09-01,cubesmart,cube_3149,OH,18,18,103.0,106.5,1.03
2026-09-01,cubesmart,cube_3150,OH,8,8,55.0,47.5,0.572
2026-09-01,cubesmart,cube_3151,OH,10,10,61.0,74.0,0.6
2026-09-01,cubesmart,cube_3152,OH,13,13,88.0,107.0,1.02
2026-09-01,cubesmart,cube_3153,OH,11,11,86.0,78.0,0.86
2026-09-01,cubesmart,cube_3154,OH,9,9,77.0,79.0,0.77
2026-09-01,cubesmart,cube_3155,FL,15,15,75.0,117.0,0.958
2026-09-01,cubesmart,cube_3156,FL,18,18,94.0,123.0,0.947
2026-09-01,cubesmart,cube_3157,FL,21,21,63.0,77.0,1.06
2026-09-01,cubesmart,cube_3158,NV,10,10,50.0,74.0,0.929
2026-09-01,cubesmart,cube_3159,CA,10,10,146.0,153.0,1.41
2026-09-01,cubesmart,cube_316,NC,12,12,102.0,105.5,0.92
2026-09-01,cubesmart,cube_3160,CA,23,23,102.0,102.0,1.238
2026-09-01,cubesmart,cube_3162,TX,22,22,,86.5,0.653
2026-09-01,cubesmart,cube_3167,NY,11,11,464.0,396.0,4.5
2026-09-01,cubesmart,cube_3168,NY,13,13,246.0,185.0,2.51
2026-09-01,cubesmart,cube_3169,NY,12,12,259.0,140.0,2.941
2026-09-01,cubesmart,cube_3170,NY,11,11,244.0,166.0,2.44
2026-09-01,cubesmart,cube_3171,NY,10,10,226.0,258.0,2.197
2026-09-01,cubesmart,cube_3173,FL,14,14,86.0,117.0,0.81
2026-09-01,cubesmart,cube_3174,FL,17,17,76.0,120.0,0.898
2026-09-01,cubesmart,cube_3175,FL,15,15,47.0,89.0,0.609
2026-09-01,cubesmart,cube_318,GA,12,12,,44.5,0.293
2026-09-01,cubesmart,cube_3183,TX,13,13,,52.0,0.74
2026-09-01,cubesmart,cube_3186,AZ,12,12,53.0,81.0,0.627
2026-09-01,cubesmart,cube_3187,TX,21,21,57.0,82.0,0.753
2026-09-01,cubesmart,cube_3189,TX,13,13,46.0,46.0,0.51
2026-09-01,cubesmart,cube_3192,NC,15,15,68.0,96.0,1.22
2026-09-01,cubesmart,cube_3194,TX,10,10,67.0,71.0,0.772
2026-09-01,cubesmart,cube_3196,TX,16,16,61.0,70.5,0.773
2026-09-01,cubesmart,cube_3198,VA,20,20,195.0,228.5,1.95
2026-09-01,cubesmart,cube_3200,TX,15,15,100.0,103.0,1.24
2026-09-01,cubesmart,cube_3201,TN,5,5,56.0,56.0,0.755
2026-09-01,cubesmart,cube_3205,AZ,14,14,75.0,80.5,0.689
2026-09-01,cubesmart,cube_3207,IL,18,18,96.0,88.0,0.94
2026-09-01,cubesmart,cube_321,OH,9,9,88.0,107.0,0.76
2026-09-01,cubesmart,cube_3210,FL,16,16,107.0,133.5,1.32
2026-09-01,cubesmart,cube_3213,AZ,17,17,70.0,129.0,0.673
2026-09-01,cubesmart,cube_3214,NY,7,7,208.0,107.0,2.107
2026-09-01,cubesmart,cube_3216,FL,21,21,113.0,169.0,1.128
2026-09-01,cubesmart,cube_3218,VA,12,12,275.0,165.5,2.666
2026-09-01,cubesmart,cube_322,OH,7,7,93.0,64.0,0.853
2026-09-01,cubesmart,cube_3220,NJ,9,9,137.0,137.0,1.37
2026-09-01,cubesmart,cube_3221,TX,10,10,236.0,241.0,3.283
2026-09-01,cubesmart,cube_3222,MD,12,12,124.0,177.5,1.312
2026-09-01,cubesmart,cube_3223,MD,9,9,160.0,89.0,1.775
2026-09-01,cubesmart,cube_3224,DC,18,18,166.0,177.5,1.493
2026-09-01,cubesmart,cube_3227,NY,12,12,202.0,295.0,2.265
2026-09-01,cubesmart,cube_3228,NJ,12,12,137.0,86.0,1.346
2026-09-01,cubesmart,cube_323,CT,8,8,118.0,92.5,1.35
2026-09-01,cubesmart,cube_324,CT,9,9,155.0,142.0,1.893
2026-09-01,cubesmart,cube_3242,NJ,17,17,100.0,71.0,1.257
2026-09-01,cubesmart,cube_3243,NY,15,15,309.0,309.0,2.92
2026-09-01,cubesmart,cube_3248,MA,18,18,82.0,121.0,1.102
2026-09-01,cubesmart,cube_325,CA,8,8,,137.5,1.126
2026-09-01,cubesmart,cube_3250,MA,8,8,72.0,147.5,1.102
2026-09-01,cubesmart,cube_3252,MA,40,40,102.0,131.0,1.612
2026-09-01,cubesmart,cube_3254,MA,9,9,86.0,116.0,1.16
2026-09-01,cubesmart,cube_3256,MA,7,7,116.0,116.0,0.947
2026-09-01,cubesmart,cube_326,NJ,18,18,113.0,126.0,1.306
2026-09-01,cubesmart,cube_3260,MA,12,12,101.0,119.0,1.025
2026-09-01,cubesmart,cube_3279,NY,7,7,228.0,100.0,2.133
2026-09-01,cubesmart,cube_328,NC,14,14,99.0,125.0,1.187
2026-09-01,cubesmart,cube_3280,NY,10,10,137.0,146.5,1.54
2026-09-01,cubesmart,cube_3281,NC,17,17,100.0,69.0,0.82
2026-09-01,cubesmart,cube_3282,NC,12,12,71.0,96.0,0.71
2026-09-01,cubesmart,cube_3283,TX,18,18,101.0,78.0,0.753
2026-09-01,cubesmart,cube_3284,GA,13,13,92.0,125.0,0.988
2026-09-01,cubesmart,cube_3285,TN,27,27,138.0,179.0,1.474
2026-09-01,cubesmart,cube_3286,GA,10,10,61.0,100.0,0.839
2026-09-01,cubesmart,cube_3289,NY,11,11,,157.0,3.07
2026-09-01,cubesmart,cube_329,FL,19,19,90.0,90.0,1.007
2026-09-01,cubesmart,cube_3290,TX,10,10,104.0,128.5,0.763
2026-09-01,cubesmart,cube_3291,TX,22,22,104.0,118.0,0.947
2026-09-01,cubesmart,cube_3297,TX,21,21,71.0,101.0,0.735
2026-09-01,cubesmart,cube_3298,IL,4,4,,105.0,1.717
2026-09-01,cubesmart,cube_330,FL,26,26,144.0,151.0,1.6
2026-09-01,cubesmart,cube_3311,TN,16,16,52.0,75.0,0.493
2026-09-01,cubesmart,cube_3313,TN,10,10,75.0,106.0,0.76
2026-09-01,cubesmart,cube_3315,NY,15,15,234.0,234.0,1.915
2026-09-01,cubesmart,cube_3319,CT,15,15,120.0,144.0,1.313
2026-09-01,cubesmart,cube_332,OH,8,8,57.0,76.5,0.736
2026-09-01,cubesmart,cube_3320,IL,10,10,148.0,148.5,1.347
2026-09-01,cubesmart,cube_3323,AZ,11,11,141.0,190.0,1.41
2026-09-01,cubesmart,cube_3324,TX,19,19,72.0,36.0,0.973
2026-09-01,cubesmart,cube_3330,TX,13,13,59.0,59.0,0.68
2026-09-01,cubesmart,cube_3333,TX,13,13,112.0,125.0,0.98
2026-09-01,cubesmart,cube_3334,NC,11,11,,109.0,1.58
2026-09-01,cubesmart,cube_3336,FL,17,17,110.0,110.0,1.16
2026-09-01,cubesmart,cube_3337,FL,25,25,103.0,47.0,1.322
2026-09-01,cubesmart,cube_3338,FL,15,15,148.0,170.0,1.547
2026-09-01,cubesmart,cube_3345,VA,12,12,,72.5,0.782
2026-09-01,cubesmart,cube_3347,NC,18,18,79.0,95.0,0.805
2026-09-01,cubesmart,cube_3348,TX,4,4,,46.5,1.36
2026-09-01,cubesmart,cube_3351,MA,7,7,,801.0,4.076
2026-09-01,cubesmart,cube_3355,CO,12,12,86.0,139.5,1.009
2026-09-01,cubesmart,cube_3356,TX,11,11,139.0,97.0,1.393
2026-09-01,cubesmart,cube_3358,MA,17,17,76.0,119.0,0.891
2026-09-01,cubesmart,cube_336,FL,18,18,73.0,64.5,0.85
2026-09-01,cubesmart,cube_3361,TN,27,27,100.0,143.0,1.0
2026-09-01,cubesmart,cube_3362,TN,28,28,123.0,153.0,1.139
2026-09-01,cubesmart,cube_3363,NY,5,5,214.0,169.0,3.947
2026-09-01,cubesmart,cube_3370,VA,9,9,178.0,97.0,1.88
2026-09-01,cubesmart,cube_3371,CO,9,9,113.0,113.0,1.16
2026-09-01,cubesmart,cube_338,FL,8,8,148.0,175.5,1.49
2026-09-01,cubesmart,cube_3381,IL,10,10,142.0,151.5,1.606
2026-09-01,cubesmart,cube_3384,NY,24,24,368.0,117.5,2.212
2026-09-01,cubesmart,cube_3385,MD,20,20,62.0,34.5,0.774
2026-09-01,cubesmart,cube_3386,MA,23,23,105.0,105.0,1.23
2026-09-01,cubesmart,cube_3387,NY,20,20,177.0,222.0,1.654
2026-09-01,cubesmart,cube_339,FL,29,29,83.0,38.0,0.625
2026-09-01,cubesmart,cube_3391,NY,10,10,273.0,180.5,3.61
2026-09-01,cubesmart,cube_3397,PA,9,9,97.0,115.0,1.055
2026-09-01,cubesmart,cube_3399,TX,12,12,111.0,101.5,1.213
2026-09-01,cubesmart,cube_3401,NV,11,11,71.0,88.0,0.88
2026-09-01,cubesmart,cube_3402,NV,11,11,72.0,119.0,0.755
2026-09-01,cubesmart,cube_3408,AZ,14,14,73.0,78.5,0.828
2026-09-01,cubesmart,cube_3412,IL,10,10,88.0,125.0,1.068
2026-09-01,cubesmart,cube_3415,PA,14,14,101.0,110.0,1.377
2026-09-01,cubesmart,cube_3416,PA,13,13,113.0,128.0,1.13
2026-09-01,cubesmart,cube_3420,TX,13,13,43.0,71.0,0.636
2026-09-01,cubesmart,cube_3421,TX,11,11,,33.0,0.6
2026-09-01,cubesmart,cube_3422,MA,23,23,97.0,110.0,0.964
2026-09-01,cubesmart,cube_3426,NY,19,19,159.0,127.0,2.06
2026-09-01,cubesmart,cube_3431,NY,3,3,,307.0,1.16
2026-09-01,cubesmart,cube_3434,NV,12,12,61.0,90.5,0.79
2026-09-01,cubesmart,cube_3436,TX,14,14,57.0,47.5,0.646
2026-09-01,cubesmart,cube_3438,DC,16,16,260.0,183.0,2.46
2026-09-01,cubesmart,cube_3439,NC,9,9,73.0,82.0,0.82
2026-09-01,cubesmart,cube_3440,FL,14,14,142.0,87.5,1.95
2026-09-01,cubesmart,cube_3442,AZ,26,26,71.0,123.0,0.764
2026-09-01,cubesmart,cube_3445,NV,12,12,58.0,185.0,0.82
2026-09-01,cubesmart,cube_3447,MA,12,12,124.0,105.0,1.187
2026-09-01,cubesmart,cube_3448,MA,13,13,87.0,127.0,0.87
2026-09-01,cubesmart,cube_3449,MA,22,22,83.0,80.5,1.433
2026-09-01,cubesmart,cube_345,FL,14,14,43.0,45.0,0.611
2026-09-01,cubesmart,cube_3450,MA,15,15,95.0,91.0,1.017
2026-09-01,cubesmart,cube_3452,MA,7,7,62.0,62.0,0.413
2026-09-01,cubesmart,cube_3454,CT,15,15,113.0,82.0,1.16
2026-09-01,cubesmart,cube_3456,RI,10,10,118.0,58.5,1.14
2026-09-01,cubesmart,cube_3457,RI,9,9,79.0,79.0,0.883
2026-09-01,cubesmart,cube_3458,VT,8,8,78.0,84.0,0.69
2026-09-01,cubesmart,cube_3459,MA,8,8,142.0,168.5,1.42
2026-09-01,cubesmart,cube_3460,CT,22,22,75.0,106.0,1.05
2026-09-01,cubesmart,cube_3461,CT,9,9,92.0,92.0,1.113
2026-09-01,cubesmart,cube_3462,VA,4,4,179.0,92.0,2.34
2026-09-01,cubesmart,cube_3465,VT,6,6,100.0,102.0,0.91
2026-09-01,cubesmart,cube_3467,TX,20,20,177.0,175.5,2.31
2026-09-01,cubesmart,cube_3475,TX,17,17,76.0,85.0,1.06
2026-09-01,cubesmart,cube_3478,FL,8,8,,244.0,2.096
2026-09-01,cubesmart,cube_3483,TX,14,14,53.0,55.5,0.995
2026-09-01,cubesmart,cube_3487,AZ,9,9,58.0,82.0,0.627
2026-09-01,cubesmart,cube_3492,IL,12,12,117.0,61.0,0.883
2026-09-01,cubesmart,cube_3516,FL,12,12,125.0,141.0,1.282
2026-09-01,cubesmart,cube_3517,NY,7,7,184.0,106.0,1.967
2026-09-01,cubesmart,cube_3525,TN,16,16,66.0,102.5,1.004
2026-09-01,cubesmart,cube_3526,NY,11,11,228.0,151.0,2.28
2026-09-01,cubesmart,cube_3528,TX,13,13,93.0,130.0,1.307
2026-09-01,cubesmart,cube_3531,PA,10,10,100.0,116.5,1.022
2026-09-01,cubesmart,cube_3532,WA,23,23,160.0,160.0,1.701
2026-09-01,cubesmart,cube_3533,WA,19,19,98.0,204.0,1.25
2026-09-01,cubesmart,cube_3534,FL,12,12,134.0,111.5,1.514
2026-09-01,cubesmart,cube_3536,NY,23,23,,192.0,6.4
2026-09-01,cubesmart,cube_3537,NC,9,9,,97.0,0.738
2026-09-01,cubesmart,cube_3542,GA,14,14,49.0,57.0,0.575
2026-09-01,cubesmart,cube_3543,LA,8,8,,47.5,0.317
2026-09-01,cubesmart,cube_3547,TX,8,8,73.0,46.5,1.193
2026-09-01,cubesmart,cube_3548,TX,10,10,67.0,90.0,0.67
2026-09-01,cubesmart,cube_355,CA,11,11,77.0,104.0,0.77
2026-09-01,cubesmart,cube_3555,NJ,9,9,142.0,142.0,1.49
2026-09-01,cubesmart,cube_356,CA,12,12,70.0,70.5,0.664
2026-09-01,cubesmart,cube_3560,CO,13,13,90.0,62.0,0.84
2026-09-01,cubesmart,cube_3562,NY,14,14,251.0,196.0,2.551
2026-09-01,cubesmart,cube_3565,AZ,16,16,142.0,180.5,1.28
2026-09-01,cubesmart,cube_357,CA,17,17,62.0,42.0,0.644
2026-09-01,cubesmart,cube_3574,TX,7,7,68.0,68.0,0.68
2026-09-01,cubesmart,cube_3576,TX,14,14,124.0,112.5,0.867
2026-09-01,cubesmart,cube_3578,IL,15,15,109.0,150.0,1.09
2026-09-01,cubesmart,cube_3581,PA,9,9,,68.0,1.02
2026-09-01,cubesmart,cube_3582,PA,9,9,97.0,97.0,1.06
2026-09-01,cubesmart,cube_3583,PA,11,11,94.0,94.0,0.973
2026-09-01,cubesmart,cube_3584,PA,13,13,88.0,118.0,1.08
2026-09-01,cubesmart,cube_3585,PA,12,12,106.0,115.0,1.05
2026-09-01,cubesmart,cube_3607,SC,12,12,165.0,160.5,1.383
2026-09-01,cubesmart,cube_3608,TX,18,18,62.0,80.0,0.87
2026-09-01,cubesmart,cube_361,FL,16,16,86.0,88.5,0.875
2026-09-01,cubesmart,cube_3614,CO,10,10,94.0,102.0,1.354
2026-09-01,cubesmart,cube_3615,TX,11,11,71.0,46.0,0.875
2026-09-01,cubesmart,cube_3619,SC,5,5,,52.0,0.325
2026-09-01,cubesmart,cube_3625,FL,11,11,125.0,205.0,1.73
2026-09-01,cubesmart,cube_3630,FL,17,17,120.0,209.0,1.347
2026-09-01,cubesmart,cube_3634,TX,17,17,83.0,83.0,0.956
2026-09-01,cubesmart,cube_3635,NY,8,8,184.0,123.0,2.385
2026-09-01,cubesmart,cube_3645,NJ,9,9,253.0,104.0,2.53
2026-09-01,cubesmart,cube_3652,IL,12,12,107.0,131.5,1.124
2026-09-01,cubesmart,cube_3653,IL,8,8,155.0,192.0,1.462
2026-09-01,cubesmart,cube_3655,NY,9,9,280.0,221.0,3.938
2026-09-01,cubesmart,cube_366,FL,20,20,82.0,39.0,0.73
2026-09-01,cubesmart,cube_3661,NC,10,10,140.0,169.0,1.613
2026-09-01,cubesmart,cube_3674,TX,18,18,43.0,43.0,0.567
2026-09-01,cubesmart,cube_3675,FL,15,15,148.0,162.0,1.795
2026-09-01,cubesmart,cube_3682,AZ,5,5,93.0,93.0,1.385
2026-09-01,cubesmart,cube_3687,SC,10,10,170.0,173.5,1.428
2026-09-01,cubesmart,cube_3692,SC,17,17,76.0,62.0,1.96
2026-09-01,cubesmart,cube_3694,AZ,13,13,34.0,28.0,0.54
2026-09-01,cubesmart,cube_3699,FL,13,13,59.0,113.0,0.714
2026-09-01,cubesmart,cube_3706,NJ,12,12,162.0,256.0,1.917
2026-09-01,cubesmart,cube_3708,MD,16,16,134.0,169.5,1.365
2026-09-01,cubesmart,cube_3711,DC,17,17,135.0,160.0,1.289
2026-09-01,cubesmart,cube_3725,FL,9,9,158.0,88.0,1.76
2026-09-01,cubesmart,cube_3729,FL,13,13,102.0,102.0,1.23
2026-09-01,cubesmart,cube_373,CA,6,6,170.0,143.0,1.36
2026-09-01,cubesmart,cube_3730,TX,9,9,101.0,86.0,1.28
2026-09-01,cubesmart,cube_3731,CO,8,8,169.0,193.5,1.308
2026-09-01,cubesmart,cube_3735,FL,14,14,82.0,99.5,1.01
2026-09-01,cubesmart,cube_3743,LA,12,12,56.0,67.0,0.595
2026-09-01,cubesmart,cube_3744,LA,12,12,75.0,87.0,0.924
2026-09-01,cubesmart,cube_3749,NC,14,14,64.0,59.0,0.963
2026-09-01,cubesmart,cube_3751,NC,13,13,122.0,120.0,1.42
2026-09-01,cubesmart,cube_3755,GA,9,9,71.0,71.0,0.747
2026-09-01,cubesmart,cube_376,FL,9,9,202.0,202.0,2.14
2026-09-01,cubesmart,cube_3764,TX,12,12,101.0,176.5,1.258
2026-09-01,cubesmart,cube_377,NJ,8,8,128.0,161.0,1.287
2026-09-01,cubesmart,cube_3770,MA,10,10,146.0,113.5,1.6
2026-09-01,cubesmart,cube_3776,NY,11,11,95.0,107.0,0.807
2026-09-01,cubesmart,cube_3784,FL,9,9,96.0,96.0,0.88
2026-09-01,cubesmart,cube_3785,CA,16,16,182.0,189.5,2.282
2026-09-01,cubesmart,cube_3793,NV,5,5,112.0,203.0,0.851
2026-09-01,cubesmart,cube_380,FL,36,36,62.0,61.0,0.55
2026-09-01,cubesmart,cube_3802,NY,29,29,208.0,229.0,2.417
2026-09-01,cubesmart,cube_3806,TX,15,15,,46.0,0.567
2026-09-01,cubesmart,cube_381,NJ,17,17,,105.0,1.985
2026-09-01,cubesmart,cube_3816,TX,30,30,27.0,52.5,0.412
2026-09-01,cubesmart,cube_3817,TX,21,21,61.0,105.0,0.8
2026-09-01,cubesmart,cube_382,FL,14,14,96.0,67.5,0.94
2026-09-01,cubesmart,cube_3823,FL,34,34,37.0,36.0,0.494
2026-09-01,cubesmart,cube_3824,FL,15,15,,82.0,1.084
2026-09-01,cubesmart,cube_3829,NC,17,17,131.0,87.0,1.31
2026-09-01,cubesmart,cube_3830,NV,14,14,54.0,85.5,0.75
2026-09-01,cubesmart,cube_3836,GA,13,13,91.0,111.0,1.094
2026-09-01,cubesmart,cube_3838,OH,3,3,138.0,74.0,1.48
2026-09-01,cubesmart,cube_384,FL,21,21,182.0,214.0,1.98
2026-09-01,cubesmart,cube_3844,CA,10,10,281.0,379.5,3.044
2026-09-01,cubesmart,cube_3846,TX,7,7,110.0,110.0,1.287
2026-09-01,cubesmart,cube_3848,CT,12,12,179.0,97.5,2.1
2026-09-01,cubesmart,cube_385,OH,14,14,110.0,79.5,1.173
2026-09-01,cubesmart,cube_3850,PA,9,9,116.0,74.0,0.92
2026-09-01,cubesmart,cube_3854,VA,12,12,168.0,137.5,1.745
2026-09-01,cubesmart,cube_3856,NC,10,10,70.0,67.0,5.993
2026-09-01,cubesmart,cube_386,NY,9,9,193.0,193.0,1.309
2026-09-01,cubesmart,cube_3866,FL,16,16,107.0,111.5,1.137
2026-09-01,cubesmart,cube_387,MA,16,16,88.0,123.5,1.302
2026-09-01,cubesmart,cube_3875,CT,8,8,70.0,105.0,0.937
2026-09-01,cubesmart,cube_3876,CT,12,12,,120.0,0.632
2026-09-01,cubesmart,cube_3877,NC,13,13,95.0,96.0,1.34
2026-09-01,cubesmart,cube_3879,GA,17,17,127.0,127.0,1.52
2026-09-01,cubesmart,cube_388,FL,14,14,158.0,166.5,1.712
2026-09-01,cubesmart,cube_3886,NJ,9,9,103.0,110.0,0.895
2026-09-01,cubesmart,cube_3887,CA,30,30,132.0,130.5,1.454
2026-09-01,cubesmart,cube_389,FL,19,19,61.0,27.0,0.55
2026-09-01,cubesmart,cube_3892,CT,12,12,140.0,101.0,1.447
2026-09-01,cubesmart,cube_3894,RI,10,10,114.0,107.0,1.083
2026-09-01,cubesmart,cube_3895,RI,12,12,212.0,112.5,1.986
2026-09-01,cubesmart,cube_3896,RI,12,12,122.0,151.0,1.22
2026-09-01,cubesmart,cube_3902,CO,10,10,113.0,159.5,0.887
2026-09-01,cubesmart,cube_3908,IA,6,6,45.0,34.0,0.645
2026-09-01,cubesmart,cube_391,CT,7,7,72.0,72.0,0.73
2026-09-01,cubesmart,cube_3913,MA,5,5,229.0,135.0,2.7
2026-09-01,cubesmart,cube_3916,FL,13,13,,125.0,0.858
2026-09-01,cubesmart,cube_3918,NY,21,21,209.0,195.0,2.6
2026-09-01,cubesmart,cube_3919,NJ,20,20,175.0,117.5,1.871
2026-09-01,cubesmart,cube_392,CT,6,6,40.0,61.5,0.403
2026-09-01,cubesmart,cube_3927,PA,14,14,103.0,104.5,0.991
2026-09-01,cubesmart,cube_393,NJ,18,18,97.0,86.5,1.241
2026-09-01,cubesmart,cube_3932,TX,14,14,107.0,147.5,1.019
2026-09-01,cubesmart,cube_3934,FL,12,12,233.0,194.0,2.56
2026-09-01,cubesmart,cube_3936,NJ,10,10,125.0,100.0,1.64
2026-09-01,cubesmart,cube_3937,AZ,10,10,77.0,77.0,0.77
2026-09-01,cubesmart,cube_3939,TX,16,16,127.0,101.0,1.408
2026-09-01,cubesmart,cube_394,FL,23,23,146.0,134.0,1.53
2026-09-01,cubesmart,cube_3943,OH,26,26,75.0,75.5,0.745
2026-09-01,cubesmart,cube_3945,OH,14,14,52.0,45.0,0.63
2026-09-01,cubesmart,cube_3947,MD,12,12,138.0,101.0,1.519
2026-09-01,cubesmart,cube_395,FL,23,23,215.0,77.0,1.604
2026-09-01,cubesmart,cube_3954,NY,9,9,431.0,162.0,4.31
2026-09-01,cubesmart,cube_3957,TN,17,17,70.0,83.0,0.807
2026-09-01,cubesmart,cube_3958,MS,14,14,98.0,113.5,0.69
2026-09-01,cubesmart,cube_396,FL,15,15,108.0,42.0,1.05
2026-09-01,cubesmart,cube_3968,CO,9,9,113.0,126.0,1.175
2026-09-01,cubesmart,cube_397,FL,18,18,143.0,162.5,1.463
2026-09-01,cubesmart,cube_3974,FL,14,14,103.0,97.0,1.03
2026-09-01,cubesmart,cube_3975,TX,15,15,83.0,83.0,0.825
2026-09-01,cubesmart,cube_3978,FL,22,22,57.0,79.0,0.693
2026-09-01,cubesmart,cube_3979,FL,19,19,56.0,63.0,0.6
2026-09-01,cubesmart,cube_3985,MD,12,12,109.0,94.0,1.216
2026-09-01,cubesmart,cube_3986,TX,15,15,82.0,82.0,0.848
2026-09-01,cubesmart,cube_399,NC,12,12,71.0,94.5,0.938
2026-09-01,cubesmart,cube_3994,TX,12,12,112.0,106.5,1.347
2026-09-01,cubesmart,cube_3995,TX,12,12,78.0,55.0,0.96
2026-09-01,cubesmart,cube_3997,PA,14,14,103.0,34.5,1.16
2026-09-01,cubesmart,cube_3999,TN,13,13,46.0,81.0,0.65
2026-09-01,cubesmart,cube_400,NC,14,14,60.0,102.5,0.653
2026-09-01,cubesmart,cube_4001,TX,13,13,73.0,52.0,1.04
2026-09-01,cubesmart,cube_4002,TN,13,13,209.0,169.0,1.988
2026-09-01,cubesmart,cube_4004,FL,14,14,102.0,82.0,1.197
2026-09-01,cubesmart,cube_4005,NC,20,20,104.0,100.0,1.495
2026-09-01,cubesmart,cube_4007,FL,11,11,85.0,108.0,0.88
2026-09-01,cubesmart,cube_4012,NM,7,7,,85.0,0.753
2026-09-01,cubesmart,cube_4013,NM,10,10,60.0,63.0,0.867
2026-09-01,cubesmart,cube_402,GA,13,13,27.0,79.0,0.41
2026-09-01,cubesmart,cube_4028,FL,28,28,85.0,84.0,1.08
2026-09-01,cubesmart,cube_4029,GA,22,22,103.0,86.0,1.112
2026-09-01,cubesmart,cube_403,CA,9,9,104.0,139.0,0.995
2026-09-01,cubesmart,cube_4033,NV,12,12,101.0,94.5,0.741
2026-09-01,cubesmart,cube_4035,OH,9,9,98.0,121.0,0.779
2026-09-01,cubesmart,cube_4036,NY,9,9,364.0,150.0,3.0
2026-09-01,cubesmart,cube_4045,VA,12,12,109.0,90.5,1.045
2026-09-01,cubesmart,cube_405,GA,11,11,39.0,58.0,0.583
2026-09-01,cubesmart,cube_4055,TN,8,8,149.0,162.5,1.733
2026-09-01,cubesmart,cube_4056,TX,14,14,64.0,55.5,0.628
2026-09-01,cubesmart,cube_4057,WA,8,8,124.0,220.0,1.408
2026-09-01,cubesmart,cube_406,GA,12,12,71.0,97.0,0.82
2026-09-01,cubesmart,cube_4060,AL,9,9,138.0,70.0,1.18
2026-09-01,cubesmart,cube_4063,SC,8,8,74.0,87.5,0.737
2026-09-01,cubesmart,cube_4068,NV,8,8,74.0,81.5,0.593
2026-09-01,cubesmart,cube_407,GA,14,14,64.0,79.0,0.737
2026-09-01,cubesmart,cube_4072,MA,13,13,64.0,67.0,1.273
2026-09-01,cubesmart,cube_4073,MI,15,15,67.0,67.0,0.824
2026-09-01,cubesmart,cube_4074,FL,12,12,59.0,78.5,0.624
2026-09-01,cubesmart,cube_4075,NY,8,8,123.0,103.0,1.168
2026-09-01,cubesmart,cube_4076,TN,17,17,70.0,70.0,0.725
2026-09-01,cubesmart,cube_4082,MA,10,10,72.0,93.5,0.72
2026-09-01,cubesmart,cube_4086,MA,5,5,139.0,139.0,1.067
2026-09-01,cubesmart,cube_4087,MA,12,12,,245.0,1.097
2026-09-01,cubesmart,cube_4088,FL,14,14,80.0,89.5,0.83
2026-09-01,cubesmart,cube_409,GA,11,11,52.0,113.0,0.538
2026-09-01,cubesmart,cube_4090,TX,22,22,72.0,57.5,1.272
2026-09-01,cubesmart,cube_4093,NY,15,15,121.0,147.0,1.376
2026-09-01,cubesmart,cube_4096,IN,36,36,44.0,74.5,0.572
2026-09-01,cubesmart,cube_410,IL,15,15,93.0,119.0,1.195
2026-09-01,cubesmart,cube_4100,AZ,9,9,91.0,155.0,0.96
2026-09-01,cubesmart,cube_4101,FL,9,9,101.0,140.0,0.947
2026-09-01,cubesmart,cube_4102,TX,10,10,58.0,73.0,0.58
2026-09-01,cubesmart,cube_4103,NC,21,21,99.0,99.0,1.8
2026-09-01,cubesmart,cube_4105,PA,14,14,,104.5,1.35
2026-09-01,cubesmart,cube_4106,NC,26,26,107.0,126.0,2.062
2026-09-01,cubesmart,cube_411,MD,22,22,85.0,105.0,1.039
2026-09-01,cubesmart,cube_4110,MN,17,17,109.0,83.0,1.11
2026-09-01,cubesmart,cube_4113,FL,21,21,114.0,125.0,1.09
2026-09-01,cubesmart,cube_4117,FL,13,13,118.0,79.0,1.26
2026-09-01,cubesmart,cube_4118,FL,13,13,81.0,81.0,0.875
2026-09-01,cubesmart,cube_4119,FL,14,14,74.0,85.0,0.84
2026-09-01,cubesmart,cube_412,MD,19,19,121.0,131.0,1.223
2026-09-01,cubesmart,cube_4124,TX,16,16,96.0,101.0,1.01
2026-09-01,cubesmart,cube_413,MD,12,12,135.0,201.5,1.287
2026-09-01,cubesmart,cube_4130,SC,16,16,93.0,60.5,1.138
2026-09-01,cubesmart,cube_4131,NY,47,47,134.0,141.0,0.944
2026-09-01,cubesmart,cube_4132,CA,6,6,167.0,169.0,1.843
2026-09-01,cubesmart,cube_4133,TX,8,8,44.0,73.0,0.585
2026-09-01,cubesmart,cube_4134,TX,10,10,74.0,112.5,0.74
2026-09-01,cubesmart,cube_4135,TX,10,10,65.0,86.5,0.65
2026-09-01,cubesmart,cube_4136,TX,7,7,68.0,100.0,0.627
2026-09-01,cubesmart,cube_4137,TX,12,12,61.0,130.0,0.64
2026-09-01,cubesmart,cube_414,PA,16,16,93.0,80.5,0.88
2026-09-01,cubesmart,cube_4144,NC,10,10,81.0,72.0,0.838
2026-09-01,cubesmart,cube_4147,IL,6,6,64.0,43.5,0.574
2026-09-01,cubesmart,cube_4148,WI,9,9,145.0,169.0,1.127
2026-09-01,cubesmart,cube_415,CA,10,10,112.0,181.0,1.187
2026-09-01,cubesmart,cube_4154,TN,6,6,131.0,109.0,1.415
2026-09-01,cubesmart,cube_4155,NJ,15,15,,99.0,1.98
2026-09-01,cubesmart,cube_416,MA,10,10,274.0,297.5,3.19
2026-09-01,cubesmart,cube_4169,NC,12,12,107.0,137.5,1.413
2026-09-01,cubesmart,cube_417,NY,20,20,194.0,249.5,1.93
2026-09-01,cubesmart,cube_4172,NC,17,17,64.0,54.0,0.819
2026-09-01,cubesmart,cube_4178,TX,17,17,82.0,82.0,0.76
2026-09-01,cubesmart,cube_4179,TX,6,6,52.0,55.0,0.66
2026-09-01,cubesmart,cube_4180,TX,11,11,68.0,43.0,0.725
2026-09-01,cubesmart,cube_4181,IL,11,11,89.0,89.0,0.773
2026-09-01,cubesmart,cube_4185,TN,19,19,184.0,185.0,1.92
2026-09-01,cubesmart,cube_419,MD,15,15,72.0,76.0,0.92
2026-09-01,cubesmart,cube_4191,FL,12,12,139.0,88.0,1.365
2026-09-01,cubesmart,cube_420,MD,16,16,123.0,171.0,1.488
2026-09-01,cubesmart,cube_421,FL,14,14,67.0,35.0,0.66
2026-09-01,cubesmart,cube_4211,NY,12,12,197.0,197.0,1.97
2026-09-01,cubesmart,cube_4214,MA,7,7,134.0,134.0,1.34
2026-09-01,cubesmart,cube_4215,MD,9,9,86.0,47.0,0.94
2026-09-01,cubesmart,cube_4218,KY,14,14,47.0,40.0,0.677
2026-09-01,cubesmart,cube_422,FL,17,17,116.0,141.0,1.583
2026-09-01,cubesmart,cube_4220,CT,17,17,109.0,177.0,1.186
2026-09-01,cubesmart,cube_4221,MS,21,21,111.0,128.0,1.11
2026-09-01,cubesmart,cube_4222,PA,20,20,122.0,77.5,1.227
2026-09-01,cubesmart,cube_4226,OH,9,9,77.0,45.0,0.9
2026-09-01,cubesmart,cube_4229,GA,18,18,62.0,67.5,0.89
2026-09-01,cubesmart,cube_423,TX,10,10,57.0,64.0,0.555
2026-09-01,cubesmart,cube_4231,GA,13,13,75.0,48.0,0.98
2026-09-01,cubesmart,cube_4237,PA,7,7,165.0,100.0,2.0
2026-09-01,cubesmart,cube_4243,AL,27,27,86.0,98.0,0.973
2026-09-01,cubesmart,cube_4245,AZ,13,13,88.0,88.0,0.965
2026-09-01,cubesmart,cube_4248,VA,10,10,143.0,141.5,1.0
2026-09-01,cubesmart,cube_4250,TX,14,14,,41.5,0.93
2026-09-01,cubesmart,cube_4251,FL,17,17,105.0,61.0,0.98
2026-09-01,cubesmart,cube_4253,CT,5,5,97.0,97.0,1.176
2026-09-01,cubesmart,cube_4254,CT,9,9,138.0,138.0,1.38
2026-09-01,cubesmart,cube_4260,PA,9,9,,88.0,1.193
2026-09-01,cubesmart,cube_4261,PA,8,8,88.0,71.0,0.8
2026-09-01,cubesmart,cube_4262,VA,13,13,76.0,81.0,1.093
2026-09-01,cubesmart,cube_4263,VT,4,4,129.0,120.0,1.29
2026-09-01,cubesmart,cube_4264,OH,17,17,73.0,166.0,0.84
2026-09-01,cubesmart,cube_427,DC,11,11,219.0,167.0,2.147
2026-09-01,cubesmart,cube_4271,CT,12,12,166.0,221.0,1.473
2026-09-01,cubesmart,cube_4272,NY,14,14,194.0,271.5,1.8
2026-09-01,cubesmart,cube_4275,TN,11,11,148.0,84.0,1.887
2026-09-01,cubesmart,cube_4276,CA,8,8,,57.0,0.681
2026-09-01,cubesmart,cube_4277,CA,16,16,,83.0,0.692
2026-09-01,cubesmart,cube_4278,FL,15,15,105.0,149.0,1.253
2026-09-01,cubesmart,cube_4279,NJ,17,17,110.0,58.0,1.125
2026-09-01,cubesmart,cube_4282,NJ,6,6,126.0,240.5,1.45
2026-09-01,cubesmart,cube_4286,FL,13,13,107.0,167.0,1.31
2026-09-01,cubesmart,cube_4289,FL,22,22,110.0,145.0,1.077
2026-09-01,cubesmart,cube_4291,NC,13,13,128.0,104.0,1.62
2026-09-01,cubesmart,cube_4292,NY,7,7,416.0,416.0,4.3
2026-09-01,cubesmart,cube_4296,MI,21,21,117.0,157.0,1.17
2026-09-01,cubesmart,cube_4297,FL,17,17,110.0,141.0,1.252
2026-09-01,cubesmart,cube_4298,MA,20,20,289.0,191.0,3.69
2026-09-01,cubesmart,cube_4300,NY,6,6,159.0,99.5,1.595
2026-09-01,cubesmart,cube_4301,NV,8,8,140.0,152.0,0.983
2026-09-01,cubesmart,cube_4303,VA,11,11,107.0,137.0,1.07
2026-09-01,cubesmart,cube_4304,FL,24,24,42.0,45.5,0.447
2026-09-01,cubesmart,cube_4305,TX,20,20,,63.5,0.341
2026-09-01,cubesmart,cube_4306,FL,11,11,209.0,293.0,2.09
2026-09-01,cubesmart,cube_4308,NC,14,14,98.0,135.0,1.01
2026-09-01,cubesmart,cube_4309,VA,7,7,116.0,90.0,1.2
2026-09-01,cubesmart,cube_4310,FL,15,15,112.0,145.0,0.98
2026-09-01,cubesmart,cube_4311,FL,21,21,82.0,82.0,0.663
2026-09-01,cubesmart,cube_4312,FL,19,19,52.0,64.0,0.776
2026-09-01,cubesmart,cube_4316,FL,16,16,82.0,71.0,0.83
2026-09-01,cubesmart,cube_4319,TX,12,12,152.0,159.5,1.467
2026-09-01,cubesmart,cube_4320,OH,15,15,41.0,47.0,0.442
2026-09-01,cubesmart,cube_4321,SC,6,6,40.0,64.5,0.505
2026-09-01,cubesmart,cube_4326,AL,10,10,110.0,82.0,1.137
2026-09-01,cubesmart,cube_4327,NY,16,16,155.0,142.5,1.716
2026-09-01,cubesmart,cube_4334,FL,16,16,109.0,85.5,1.22
2026-09-01,cubesmart,cube_4335,PA,10,10,,57.5,1.18
2026-09-01,cubesmart,cube_4338,MD,13,13,150.0,152.0,1.68
2026-09-01,cubesmart,cube_4340,FL,15,15,94.0,67.0,1.15
2026-09-01,cubesmart,cube_4341,CT,15,15,74.0,104.0,0.893
2026-09-01,cubesmart,cube_4344,CA,11,11,77.0,87.0,0.77
2026-09-01,cubesmart,cube_4345,NC,13,13,86.0,80.0,1.0
2026-09-01,cubesmart,cube_4346,GA,8,8,63.0,44.5,0.845
2026-09-01,cubesmart,cube_4353,TX,12,12,57.0,57.5,0.649
2026-09-01,cubesmart,cube_4354,TX,10,10,39.0,57.5,0.577
2026-09-01,cubesmart,cube_4357,TX,16,16,49.0,51.0,0.51
2026-09-01,cubesmart,cube_4368,MN,8,8,107.0,85.5,0.883
2026-09-01,cubesmart,cube_4371,PA,14,14,83.0,112.0,0.958
2026-09-01,cubesmart,cube_4372,AZ,13,13,76.0,129.0,0.64
2026-09-01,cubesmart,cube_4373,CT,11,11,125.0,174.0,1.027
2026-09-01,cubesmart,cube_4376,GA,9,9,94.0,45.0,0.88
2026-09-01,cubesmart,cube_4378,AL,11,11,112.0,130.0,1.255
2026-09-01,cubesmart,cube_4380,TX,10,10,83.0,90.0,0.493
2026-09-01,cubesmart,cube_4381,NM,2,2,,52.5,
2026-09-01,cubesmart,cube_4382,SC,10,10,60.0,259.5,1.412
2026-09-01,cubesmart,cube_4383,IN,22,22,89.0,108.0,1.134
2026-09-01,cubesmart,cube_4384,IL,26,26,76.0,82.5,1.029
2026-09-01,cubesmart,cube_4385,IL,10,10,109.0,145.0,1.886
2026-09-01,cubesmart,cube_4386,TX,7,7,124.0,124.0,0.336
2026-09-01,cubesmart,cube_4388,FL,15,15,106.0,106.0,1.06
2026-09-01,cubesmart,cube_4389,TX,11,11,120.0,120.0,1.2
2026-09-01,cubesmart,cube_4390,CA,9,9,116.0,155.0,0.927
2026-09-01,cubesmart,cube_4391,NJ,17,17,55.0,55.0,0.865
2026-09-01,cubesmart,cube_4393,TX,5,5,40.0,31.0,0.54
2026-09-01,cubesmart,cube_4398,FL,9,9,,62.0,1.087
2026-09-01,cubesmart,cube_4399,TX,12,12,74.0,92.0,0.947
2026-09-01,cubesmart,cube_4402,FL,12,12,248.0,170.5,2.38
2026-09-01,cubesmart,cube_4403,MD,13,13,103.0,103.0,1.079
2026-09-01,cubesmart,cube_4404,WI,11,11,109.0,158.0,0.44
2026-09-01,cubesmart,cube_4405,FL,21,21,122.0,76.0,1.25
2026-09-01,cubesmart,cube_4408,TN,17,17,75.0,137.0,0.965
2026-09-01,cubesmart,cube_4409,TN,16,16,71.0,149.0,0.945
2026-09-01,cubesmart,cube_4412,OH,12,12,73.0,97.5,0.725
2026-09-01,cubesmart,cube_4413,MI,38,38,92.0,157.5,1.25
2026-09-01,cubesmart,cube_4414,FL,6,6,52.0,91.0,0.483
2026-09-01,cubesmart,cube_4417,NJ,15,15,100.0,209.0,1.664
2026-09-01,cubesmart,cube_4418,NJ,12,12,58.0,63.0,0.817
2026-09-01,cubesmart,cube_4419,NY,10,10,109.0,141.5,1.48
2026-09-01,cubesmart,cube_4421,NV,10,10,71.0,59.0,0.76
2026-09-01,cubesmart,cube_4423,TX,12,12,108.0,65.0,0.97
2026-09-01,cubesmart,cube_4424,NJ,15,15,48.0,39.0,0.68
2026-09-01,cubesmart,cube_4425,MD,14,14,58.0,81.5,0.559
2026-09-01,cubesmart,cube_4428,NC,8,8,87.0,46.5,3.358
2026-09-01,cubesmart,cube_4429,DE,12,12,78.0,71.5,0.898
2026-09-01,cubesmart,cube_4432,AZ,11,11,47.0,58.0,0.603
2026-09-01,cubesmart,cube_4435,VA,9,9,60.0,102.0,1.983
2026-09-01,cubesmart,cube_4436,CT,28,28,41.0,88.5,0.646
2026-09-01,cubesmart,cube_4439,MD,7,7,151.0,209.0,1.393
2026-09-01,cubesmart,cube_4441,CA,12,12,191.0,183.5,2.39
2026-09-01,cubesmart,cube_4442,GA,13,13,52.0,52.0,0.58
2026-09-01,cubesmart,cube_4446,CA,14,14,181.0,206.5,1.585
2026-09-01,cubesmart,cube_4447,CA,11,11,193.0,229.0,1.314
2026-09-01,cubesmart,cube_4448,CA,7,7,105.0,105.0,1.073
2026-09-01,cubesmart,cube_4449,CA,17,17,109.0,109.0,0.965
2026-09-01,cubesmart,cube_4450,CA,13,13,168.0,80.0,1.808
2026-09-01,cubesmart,cube_4451,CA,8,8,180.0,139.5,1.67
2026-09-01,cubesmart,cube_4452,CA,14,14,152.0,118.5,2.04
2026-09-01,cubesmart,cube_4453,CA,16,16,98.0,179.0,1.257
2026-09-01,cubesmart,cube_4454,CA,15,15,72.0,56.0,0.828
2026-09-01,cubesmart,cube_4455,CA,16,16,95.0,89.0,1.234
2026-09-01,cubesmart,cube_4456,CA,14,14,154.0,261.5,1.453
2026-09-01,cubesmart,cube_4457,CA,13,13,134.0,98.0,1.72
2026-09-01,cubesmart,cube_4458,CA,8,8,168.0,172.0,1.28
2026-09-01,cubesmart,cube_4459,CA,12,12,172.0,183.0,1.667
2026-09-01,cubesmart,cube_4460,CA,10,10,114.0,164.0,1.275
2026-09-01,cubesmart,cube_4461,CA,22,22,94.0,120.5,1.319
2026-09-01,cubesmart,cube_4462,CA,10,10,,223.5,1.328
2026-09-01,cubesmart,cube_4463,CA,12,12,,181.0,1.486
2026-09-01,cubesmart,cube_4464,CA,12,12,151.0,221.0,1.484
2026-09-01,cubesmart,cube_4465,CA,11,11,145.0,104.0,1.828
2026-09-01,cubesmart,cube_4466,GA,17,17,62.0,53.0,0.82
2026-09-01,cubesmart,cube_4467,NV,14,14,82.0,119.5,1.073
2026-09-01,cubesmart,cube_4468,CA,17,17,138.0,157.0,1.784
2026-09-01,cubesmart,cube_4469,CA,8,8,,204.0,1.472
2026-09-01,cubesmart,cube_4470,NV,15,15,71.0,83.0,0.923
2026-09-01,cubesmart,cube_4471,NV,11,11,74.0,74.0,0.853
2026-09-01,cubesmart,cube_4472,NV,10,10,79.0,81.0,1.005
2026-09-01,cubesmart,cube_4473,NV,15,15,63.0,63.0,0.82
2026-09-01,cubesmart,cube_4474,NV,10,10,88.0,77.5,0.98
2026-09-01,cubesmart,cube_4475,NV,14,14,63.0,70.0,0.797
2026-09-01,cubesmart,cube_4476,NV,13,13,51.0,80.0,0.67
2026-09-01,cubesmart,cube_4477,NV,11,11,79.0,68.0,1.03
2026-09-01,cubesmart,cube_4478,NV,20,20,86.0,116.5,0.91
2026-09-01,cubesmart,cube_4479,NV,9,9,89.0,89.0,0.947
2026-09-01,cubesmart,cube_4480,NV,11,11,58.0,85.0,0.74
2026-09-01,cubesmart,cube_4481,NV,12,12,72.0,97.5,0.935
2026-09-01,cubesmart,cube_4482,TX,19,19,119.0,144.0,1.097
2026-09-01,cubesmart,cube_4483,TX,13,13,150.0,167.0,1.55
2026-09-01,cubesmart,cube_4484,TX,15,15,101.0,101.0,1.14
2026-09-01,cubesmart,cube_4485,TX,11,11,100.0,100.0,1.088
2026-09-01,cubesmart,cube_4486,TX,13,13,39.0,27.0,0.6
2026-09-01,cubesmart,cube_4487,TX,14,14,80.0,56.5,0.943
2026-09-01,cubesmart,cube_4488,TX,13,13,98.0,160.0,1.128
2026-09-01,cubesmart,cube_4489,AZ,5,5,52.0,52.0,0.52
2026-09-01,cubesmart,cube_4490,AZ,8,8,,187.5,0.711
2026-09-01,cubesmart,cube_4491,AZ,14,14,101.0,140.0,1.01
2026-09-01,cubesmart,cube_4492,AZ,14,14,67.0,49.5,0.92
2026-09-01,cubesmart,cube_4493,AZ,10,10,,214.5,1.24
2026-09-01,cubesmart,cube_4494,AZ,9,9,67.0,67.0,0.74
2026-09-01,cubesmart,cube_4495,AZ,18,18,74.0,129.5,0.823
2026-09-01,cubesmart,cube_4496,AZ,14,14,55.0,86.5,0.571
2026-09-01,cubesmart,cube_4497,AZ,12,12,69.0,76.0,0.62
2026-09-01,cubesmart,cube_4498,AZ,8,8,,43.0,0.762
2026-09-01,cubesmart,cube_4499,AZ,22,22,83.0,178.5,1.04
2026-09-01,cubesmart,cube_4500,AZ,12,12,50.0,57.5,0.747
2026-09-01,cubesmart,cube_4501,AZ,20,20,67.0,48.0,0.7
2026-09-01,cubesmart,cube_4502,AZ,13,13,77.0,97.0,0.667
2026-09-01,cubesmart,cube_4503,AZ,16,16,64.0,50.0,0.885
2026-09-01,cubesmart,cube_4504,AZ,19,19,86.0,97.0,0.97
2026-09-01,cubesmart,cube_4505,AZ,20,20,105.0,117.5,0.767
2026-09-01,cubesmart,cube_4506,NV,20,20,44.0,82.5,0.72
2026-09-01,cubesmart,cube_4511,TX,4,4,,125.5,0.348
2026-09-01,cubesmart,cube_4515,NC,15,15,121.0,126.0,1.071
2026-09-01,cubesmart,cube_4516,IL,12,12,91.0,112.0,0.931
2026-09-01,cubesmart,cube_4517,CT,16,16,150.0,162.5,2.08
2026-09-01,cubesmart,cube_4518,FL,25,25,54.0,115.0,0.58
2026-09-01,cubesmart,cube_4519,GA,9,9,72.0,80.0,0.607
2026-09-01,cubesmart,cube_4520,MS,12,12,,33.0,0.467
2026-09-01,cubesmart,cube_4521,TX,5,5,,87.0,0.575
2026-09-01,cubesmart,cube_4522,MA,8,8,137.0,59.0,1.18
2026-09-01,cubesmart,cube_4523,TX,7,7,50.0,68.0,0.546
2026-09-01,cubesmart,cube_4524,TX,10,10,32.0,39.5,0.31
2026-09-01,cubesmart,cube_4525,TX,6,6,33.0,52.5,0.315
2026-09-01,cubesmart,cube_4527,TX,17,17,73.0,83.0,0.73
2026-09-01,cubesmart,cube_4529,TX,17,17,72.0,49.0,0.898
2026-09-01,cubesmart,cube_4533,PA,15,15,98.0,98.0,1.152
2026-09-01,cubesmart,cube_4534,IL,6,6,,136.5,1.368
2026-09-01,cubesmart,cube_4535,OH,23,23,77.0,95.0,0.794
2026-09-01,cubesmart,cube_4536,FL,13,13,186.0,186.0,2.46
2026-09-01,cubesmart,cube_4537,NJ,26,26,160.0,161.0,1.63
2026-09-01,cubesmart,cube_4538,VA,12,12,155.0,149.5,1.64
2026-09-01,cubesmart,cube_4540,MD,15,15,130.0,155.0,1.16
2026-09-01,cubesmart,cube_4541,FL,24,24,59.0,76.5,0.857
2026-09-01,cubesmart,cube_4542,FL,10,10,130.0,113.5,1.097
2026-09-01,cubesmart,cube_4543,FL,20,20,88.0,69.0,0.738
2026-09-01,cubesmart,cube_4544,TX,5,5,78.0,78.0,0.88
2026-09-01,cubesmart,cube_4546,FL,16,16,63.0,88.0,0.657
2026-09-01,cubesmart,cube_4547,NY,19,19,207.0,207.0,2.244
2026-09-01,cubesmart,cube_4548,MS,30,30,81.0,121.0,0.821
2026-09-01,cubesmart,cube_4549,NJ,9,9,135.0,73.0,1.46
2026-09-01,cubesmart,cube_4551,IL,11,11,73.0,73.0,0.755
2026-09-01,cubesmart,cube_4552,TX,11,11,30.0,46.0,0.475
2026-09-01,cubesmart,cube_4553,CO,7,7,117.0,67.0,1.32
2026-09-01,cubesmart,cube_4554,NY,15,15,275.0,164.0,3.4
2026-09-01,cubesmart,cube_4555,NY,6,6,,144.5,4.93
2026-09-01,cubesmart,cube_4556,NY,10,10,408.0,249.5,3.865
2026-09-01,cubesmart,cube_4558,NY,12,12,215.0,186.5,2.467
2026-09-01,cubesmart,cube_4559,NY,14,14,240.0,168.0,2.73
2026-09-01,cubesmart,cube_4560,NY,11,11,216.0,216.0,2.61
2026-09-01,cubesmart,cube_4561,NY,19,19,311.0,351.0,3.339
2026-09-01,cubesmart,cube_4562,NJ,9,9,102.0,72.0,0.9
2026-09-01,cubesmart,cube_4563,NC,12,12,119.0,89.5,1.398
2026-09-01,cubesmart,cube_4565,LA,17,17,54.0,54.0,0.54
2026-09-01,cubesmart,cube_4566,CA,8,8,,206.0,
2026-09-01,cubesmart,cube_4569,WI,23,23,76.0,76.0,0.895
2026-09-01,cubesmart,cube_4570,WI,23,23,92.0,72.0,0.904
2026-09-01,cubesmart,cube_4572,TN,11,11,77.0,136.0,0.888
2026-09-01,cubesmart,cube_4573,WA,11,11,88.0,61.0,1.564
2026-09-01,cubesmart,cube_4578,TX,4,4,,69.5,0.825
2026-09-01,cubesmart,cube_4579,MO,2,2,,38.0,1.8
2026-09-01,cubesmart,cube_4580,OH,14,14,60.0,59.0,0.797
2026-09-01,cubesmart,cube_4581,MD,8,8,,88.5,1.075
2026-09-01,cubesmart,cube_4582,TX,15,15,88.0,70.0,1.04
2026-09-01,cubesmart,cube_4583,VA,27,27,157.0,157.0,1.6
2026-09-01,cubesmart,cube_4585,RI,7,7,124.0,124.0,1.107
2026-09-01,cubesmart,cube_4586,NY,11,11,130.0,134.0,1.241
2026-09-01,cubesmart,cube_4587,TX,6,6,40.0,80.0,0.543
2026-09-01,cubesmart,cube_4590,TX,6,6,64.0,106.0,0.689
2026-09-01,cubesmart,cube_4593,NY,7,7,196.0,268.0,1.787
2026-09-01,cubesmart,cube_4595,CA,8,8,62.0,72.5,0.499
2026-09-01,cubesmart,cube_4596,FL,13,13,49.0,30.0,0.533
2026-09-01,cubesmart,cube_4597,FL,17,17,75.0,139.0,1.42
2026-09-01,cubesmart,cube_4599,CA,15,15,129.0,95.0,1.537
2026-09-01,cubesmart,cube_4600,MD,6,6,76.0,68.5,0.76
2026-09-01,cubesmart,cube_4601,MD,13,13,73.0,124.0,0.675
2026-09-01,cubesmart,cube_4602,MD,7,7,83.0,125.0,0.775
2026-09-01,cubesmart,cube_4603,MD,5,5,91.0,153.0,0.765
2026-09-01,cubesmart,cube_4604,CT,8,8,88.0,95.0,0.775
2026-09-01,cubesmart,cube_4605,FL,17,17,65.0,69.0,0.938
2026-09-01,cubesmart,cube_4606,AR,6,6,29.0,46.0,0.355
2026-09-01,cubesmart,cube_4613,TN,17,17,60.0,94.0,0.623
2026-09-01,cubesmart,cube_4614,TX,17,17,63.0,63.0,1.03
2026-09-01,cubesmart,cube_4617,IL,27,27,43.0,85.0,0.745
2026-09-01,cubesmart,cube_4618,FL,21,21,68.0,92.0,0.7
2026-09-01,cubesmart,cube_4620,VA,15,15,,22.0,0.458
2026-09-01,cubesmart,cube_4621,FL,15,15,49.0,52.0,0.57
2026-09-01,cubesmart,cube_4623,MA,3,3,,211.0,1.62
2026-09-01,cubesmart,cube_4624,CO,8,8,79.0,76.0,0.738
2026-09-01,cubesmart,cube_4627,FL,20,20,78.0,72.0,0.639
2026-09-01,cubesmart,cube_4628,FL,14,14,42.0,63.0,0.55
2026-09-01,cubesmart,cube_4629,AL,16,16,120.0,185.5,1.013
2026-09-01,cubesmart,cube_4630,AL,5,5,37.0,90.0,0.6
2026-09-01,cubesmart,cube_4631,MI,17,17,121.0,108.0,0.869
2026-09-01,cubesmart,cube_4632,AL,15,15,38.0,38.0,0.52
2026-09-01,cubesmart,cube_4633,FL,19,19,65.0,80.0,0.71
2026-09-01,cubesmart,cube_4634,TX,16,16,78.0,65.0,0.84
2026-09-01,cubesmart,cube_4635,MI,10,10,65.0,83.5,0.816
2026-09-01,cubesmart,cube_4636,MI,25,25,107.0,116.0,1.16
2026-09-01,cubesmart,cube_4637,PA,10,10,81.0,72.0,0.812
2026-09-01,cubesmart,cube_4638,FL,16,16,75.0,108.5,0.78
2026-09-01,cubesmart,cube_4639,CO,12,12,52.0,166.0,0.847
2026-09-01,cubesmart,cube_4640,MI,10,10,71.0,65.5,0.84
2026-09-01,cubesmart,cube_4642,FL,10,10,103.0,84.0,1.143
2026-09-01,cubesmart,cube_4645,TX,9,9,44.0,46.0,0.442
2026-09-01,cubesmart,cube_4646,TX,8,8,61.0,67.5,0.459
2026-09-01,cubesmart,cube_4647,TX,4,4,,43.5,0.347
2026-09-01,cubesmart,cube_4648,TX,4,4,48.0,45.5,0.509
2026-09-01,cubesmart,cube_4649,TX,12,12,88.0,136.5,0.806
2026-09-01,cubesmart,cube_4651,SC,8,8,44.0,86.0,0.737
2026-09-01,cubesmart,cube_4652,OH,18,18,60.0,34.0,0.59
2026-09-01,cubesmart,cube_4653,NY,9,9,203.0,148.0,2.6
2026-09-01,cubesmart,cube_4655,MI,8,8,142.0,97.0,1.199
2026-09-01,cubesmart,cube_4656,DE,23,23,47.0,39.0,0.613
2026-09-01,cubesmart,cube_4657,MD,10,10,125.0,109.5,1.42
2026-09-01,cubesmart,cube_4659,OH,6,6,,42.5,0.99
2026-09-01,cubesmart,cube_4660,MA,28,28,101.0,163.0,1.025
2026-09-01,cubesmart,cube_4663,SC,13,13,55.0,55.0,0.613
2026-09-01,cubesmart,cube_4664,NM,3,3,202.0,202.0,2.02
2026-09-01,cubesmart,cube_4666,TX,7,7,,25.0,0.64
2026-09-01,cubesmart,cube_4667,AZ,8,8,83.0,125.0,1.138
2026-09-01,cubesmart,cube_4668,TN,29,29,,26.0,0.389
2026-09-01,cubesmart,cube_4670,FL,9,9,81.0,81.0,0.827
2026-09-01,cubesmart,cube_4671,IL,16,16,145.0,81.5,1.255
2026-09-01,cubesmart,cube_4672,NY,8,8,,98.0,1.633
2026-09-01,cubesmart,cube_4674,IN,4,4,101.0,81.0,1.115
2026-09-01,cubesmart,cube_4675,IN,3,3,70.0,70.0,0.7
2026-09-01,cubesmart,cube_4679,MD,0,0,,,
2026-09-01,cubesmart,cube_4680,TX,11,11,60.0,51.0,0.66
2026-09-01,cubesmart,cube_4681,NV,11,11,73.0,73.0,1.06
2026-09-01,cubesmart,cube_4683,OH,9,9,53.0,53.0,0.653
2026-09-01,cubesmart,cube_4684,IL,17,17,101.0,111.0,1.01
2026-09-01,cubesmart,cube_4685,LA,8,8,27.0,60.5,0.29
2026-09-01,cubesmart,cube_4687,AL,23,23,86.0,32.0,0.707
2026-09-01,cubesmart,cube_4689,FL,8,8,124.0,154.5,1.3
2026-09-01,cubesmart,cube_4692,LA,7,7,94.0,120.0,0.94
2026-09-01,cubesmart,cube_4698,NC,7,7,57.0,57.0,0.487
2026-09-01,cubesmart,cube_4699,NY,12,12,248.0,118.0,2.54
2026-09-01,cubesmart,cube_4701,FL,19,19,40.0,57.0,0.53
2026-09-01,cubesmart,cube_4703,VA,1,1,,224.0,
2026-09-01,cubesmart,cube_4704,RI,10,10,96.0,181.5,1.185
2026-09-01,cubesmart,cube_4705,OH,15,15,87.0,113.0,1.453
2026-09-01,cubesmart,cube_4706,MI,21,21,83.0,77.0,0.825
2026-09-01,cubesmart,cube_4712,KS,8,8,177.0,111.0,1.635
2026-09-01,cubesmart,cube_4719,WI,13,13,92.0,104.0,0.93
2026-09-01,cubesmart,cube_4729,TX,14,14,92.0,96.5,0.917
2026-09-01,cubesmart,cube_4731,RI,9,9,,86.0,1.733
2026-09-01,cubesmart,cube_4732,IL,9,9,48.0,99.0,0.6
2026-09-01,cubesmart,cube_4733,GA,16,16,75.0,92.0,0.807
2026-09-01,cubesmart,cube_4734,FL,8,8,134.0,130.5,1.54
2026-09-01,cubesmart,cube_4735,NM,5,5,116.0,77.0,1.35
2026-09-01,cubesmart,cube_4736,CA,11,11,77.0,43.0,0.751
2026-09-01,cubesmart,cube_4738,VA,5,5,,62.0,1.22
2026-09-01,cubesmart,cube_4739,WI,6,6,,192.0,0.863
2026-09-01,cubesmart,cube_4740,WI,9,9,96.0,122.0,0.74
2026-09-01,cubesmart,cube_4741,WI,5,5,89.0,95.0,0.597
2026-09-01,cubesmart,cube_4742,WI,7,7,84.0,118.0,0.688
2026-09-01,cubesmart,cube_4743,MD,10,10,109.0,141.0,1.138
2026-09-01,cubesmart,cube_4744,WA,10,10,176.0,130.5,1.4
2026-09-01,cubesmart,cube_4747,PA,11,11,85.0,48.0,0.895
2026-09-01,cubesmart,cube_4748,IL,9,9,92.0,92.0,0.975
2026-09-01,cubesmart,cube_4752,NY,23,23,91.0,59.0,1.141
2026-09-01,cubesmart,cube_4753,FL,9,9,182.0,182.0,1.86
2026-09-01,cubesmart,cube_4754,MI,17,17,59.0,52.0,0.787
2026-09-01,cubesmart,cube_4755,FL,10,10,43.0,85.5,0.51
2026-09-01,cubesmart,cube_4756,NM,4,4,69.0,32.5,0.685
2026-09-01,cubesmart,cube_4758,LA,7,7,31.0,82.0,0.432
2026-09-01,cubesmart,cube_4759,ME,6,6,66.0,78.5,0.633
2026-09-01,cubesmart,cube_4760,ME,7,7,85.0,85.0,0.797
2026-09-01,cubesmart,cube_4762,FL,20,20,138.0,210.5,1.326
2026-09-01,cubesmart,cube_4763,FL,12,12,108.0,145.0,1.31
2026-09-01,cubesmart,cube_4766,AL,19,19,23.0,23.0,0.25
2026-09-01,cubesmart,cube_4767,KY,17,17,63.0,83.0,0.853
2026-09-01,cubesmart,cube_4769,WA,20,20,79.0,100.5,0.99
2026-09-01,cubesmart,cube_4770,FL,35,35,54.0,57.0,0.631
2026-09-01,cubesmart,cube_4771,NJ,12,12,31.0,30.5,0.56
2026-09-01,cubesmart,cube_4773,IA,10,10,82.0,75.5,1.085
2026-09-01,cubesmart,cube_4774,FL,18,18,78.0,110.0,0.837
2026-09-01,cubesmart,cube_4776,MD,13,13,304.0,164.0,2.847
2026-09-01,cubesmart,cube_4777,PA,13,13,95.0,75.0,1.06
2026-09-01,cubesmart,cube_4778,ME,7,7,73.0,73.0,0.605
2026-09-01,cubesmart,cube_4779,TX,7,7,101.0,134.0,0.827
2026-09-01,cubesmart,cube_4780,TX,12,12,112.0,175.0,0.716
2026-09-01,cubesmart,cube_4781,VT,3,3,200.0,200.0,2.0
2026-09-01,cubesmart,cube_4782,TX,7,7,47.0,65.0,0.409
2026-09-01,cubesmart,cube_4783,FL,19,19,154.0,157.0,1.597
2026-09-01,cubesmart,cube_4784,TX,6,6,46.0,39.5,0.416
2026-09-01,cubesmart,cube_4785,TX,8,8,61.0,60.0,0.698
2026-09-01,cubesmart,cube_4786,TX,4,4,,108.0,0.613
2026-09-01,cubesmart,cube_4788,NY,12,12,97.0,101.5,0.995
2026-09-01,cubesmart,cube_4789,TX,6,6,,72.0,0.533
2026-09-01,cubesmart,cube_4790,CT,10,10,85.0,131.0,0.84
2026-09-01,cubesmart,cube_4793,ME,2,2,,95.0,1.123
2026-09-01,cubesmart,cube_4794,TN,21,21,79.0,79.0,1.06
2026-09-01,cubesmart,cube_4796,IN,14,14,,57.5,1.0
2026-09-01,cubesmart,cube_4800,TX,7,7,39.0,86.0,0.505
2026-09-01,cubesmart,cube_4801,AL,16,16,37.0,37.0,0.464
2026-09-01,cubesmart,cube_4802,NC,14,14,62.0,77.5,0.672
2026-09-01,cubesmart,cube_4803,NY,13,13,107.0,129.0,0.912
2026-09-01,cubesmart,cube_4805,TX,10,10,97.0,94.5,1.097
2026-09-01,cubesmart,cube_4806,TX,6,6,61.0,64.5,0.928
2026-09-01,cubesmart,cube_4807,AZ,5,5,55.0,98.0,0.653
2026-09-01,cubesmart,cube_4808,AZ,5,5,58.0,58.0,0.655
2026-09-01,cubesmart,cube_4809,AZ,9,9,110.0,59.0,1.013
2026-09-01,cubesmart,cube_4812,PA,12,12,94.0,109.0,0.9
2026-09-01,cubesmart,cube_4815,NC,17,17,44.0,33.0,0.55
2026-09-01,cubesmart,cube_4816,MA,16,16,56.0,48.5,0.677
2026-09-01,cubesmart,cube_4817,SC,12,12,68.0,67.0,0.722
2026-09-01,cubesmart,cube_4819,NM,18,18,50.0,81.5,0.645
2026-09-01,cubesmart,cube_4820,TX,12,12,60.0,59.5,0.658
2026-09-01,cubesmart,cube_4821,NY,38,38,69.0,104.5,1.099
2026-09-01,cubesmart,cube_4822,MD,9,9,124.0,191.0,1.46
2026-09-01,cubesmart,cube_4823,CA,15,15,38.0,35.0,0.505
2026-09-01,cubesmart,cube_4824,PA,8,8,108.0,113.5,1.036
2026-09-01,cubesmart,cube_4825,RI,11,11,93.0,104.0,0.93
2026-09-01,cubesmart,cube_4826,AZ,15,15,47.0,52.0,0.52
2026-09-01,cubesmart,cube_4828,IL,15,15,92.0,74.0,1.105
2026-09-01,cubesmart,cube_4834,NM,19,19,47.0,41.0,0.66
2026-09-01,cubesmart,cube_4836,FL,18,18,75.0,77.5,0.994
2026-09-01,cubesmart,cube_4837,NC,10,10,86.0,97.0,1.185
2026-09-01,cubesmart,cube_4838,TX,7,7,62.0,82.0,0.486
2026-09-01,cubesmart,cube_4843,NC,11,11,80.0,95.0,0.8
2026-09-01,cubesmart,cube_4844,GA,6,6,38.0,67.5,0.484
2026-09-01,cubesmart,cube_4845,NY,11,11,,178.0,2.394
2026-09-01,cubesmart,cube_4847,FL,7,7,110.0,61.0,1.06
2026-09-01,cubesmart,cube_4854,FL,8,8,155.0,122.5,1.525
2026-09-01,cubesmart,cube_4855,VA,17,17,73.0,92.0,0.672
2026-09-01,cubesmart,cube_4859,NJ,12,12,111.0,123.0,0.975
2026-09-01,cubesmart,cube_4861,FL,21,21,43.0,67.0,0.6
2026-09-01,cubesmart,cube_4862,MO,30,30,40.0,41.0,0.406
2026-09-01,cubesmart,cube_4863,GA,14,14,50.0,55.0,0.617
2026-09-01,cubesmart,cube_4864,GA,11,11,83.0,52.0,1.05
2026-09-01,cubesmart,cube_4865,CO,9,9,85.0,64.0,0.853
2026-09-01,cubesmart,cube_4866,MA,14,14,115.0,115.5,1.195
2026-09-01,cubesmart,cube_4867,PA,40,40,73.0,90.5,0.814
2026-09-01,cubesmart,cube_4869,NC,11,11,50.0,50.0,0.66
2026-09-01,cubesmart,cube_4870,TX,14,14,72.0,123.0,0.947
2026-09-01,cubesmart,cube_4871,FL,21,21,62.0,130.0,0.829
2026-09-01,cubesmart,cube_4873,NM,6,6,71.0,54.0,0.79
2026-09-01,cubesmart,cube_4875,OK,13,13,23.0,51.0,0.264
2026-09-01,cubesmart,cube_4876,MI,15,15,71.0,71.0,0.657
2026-09-01,cubesmart,cube_4877,WA,11,11,118.0,193.0,1.39
2026-09-01,cubesmart,cube_4878,SC,13,13,120.0,74.0,1.34
2026-09-01,cubesmart,cube_4879,NJ,15,15,67.0,67.0,1.04
2026-09-01,cubesmart,cube_4881,TX,10,10,46.0,64.5,0.46
2026-09-01,cubesmart,cube_4883,CT,14,14,93.0,154.0,0.93
2026-09-01,cubesmart,cube_4884,CT,9,9,62.0,128.0,0.707
2026-09-01,cubesmart,cube_4888,IL,12,12,110.0,178.5,1.329
2026-09-01,cubesmart,cube_4889,TX,5,5,,147.0,0.307
2026-09-01,cubesmart,cube_4890,OH,12,12,73.0,96.0,0.93
2026-09-01,cubesmart,cube_4891,NY,21,21,139.0,155.0,1.484
2026-09-01,cubesmart,cube_4892,OH,13,13,59.0,59.0,0.59
2026-09-01,cubesmart,cube_4893,OH,12,12,75.0,54.5,0.719
2026-09-01,cubesmart,cube_4894,OH,11,11,67.0,67.0,0.805
2026-09-01,cubesmart,cube_4895,TX,15,15,29.0,27.0,0.3
2026-09-01,cubesmart,cube_4896,TX,3,3,,1568.0,0.851
2026-09-01,cubesmart,cube_4897,TX,5,5,,83.0,0.567
2026-09-01,cubesmart,cube_4898,CO,6,6,,145.0,1.045
2026-09-01,cubesmart,cube_4899,OH,11,11,116.0,122.0,1.235
2026-09-01,cubesmart,cube_4900,OH,12,12,121.0,138.5,0.886
2026-09-01,cubesmart,cube_4901,OH,8,8,,111.5,0.637
2026-09-01,cubesmart,cube_4902,OH,7,7,76.0,76.0,0.74
2026-09-01,cubesmart,cube_4903,OH,8,8,85.0,90.5,0.855
2026-09-01,cubesmart,cube_4904,NY,10,10,203.0,182.0,2.147
2026-09-01,cubesmart,cube_4905,OH,12,12,59.0,39.0,0.823
2026-09-01,cubesmart,cube_4906,OH,10,10,93.0,76.5,0.875
2026-09-01,cubesmart,cube_4907,OH,7,7,40.0,24.0,0.4
2026-09-01,cubesmart,cube_4908,CO,7,7,65.0,71.0,0.63
2026-09-01,cubesmart,cube_4909,OH,7,7,81.0,81.0,0.682
2026-09-01,cubesmart,cube_4910,TX,9,9,63.0,63.0,0.625
2026-09-01,cubesmart,cube_4911,TX,14,14,52.0,36.5,0.524
2026-09-01,cubesmart,cube_4912,TX,9,9,57.0,76.0,0.55
2026-09-01,cubesmart,cube_4913,OH,4,4,,109.0,0.83
2026-09-01,cubesmart,cube_4914,NV,7,7,57.0,57.0,0.57
2026-09-01,cubesmart,cube_4915,TX,9,9,67.0,91.0,0.621
2026-09-01,cubesmart,cube_4916,TX,16,16,37.0,33.0,0.353
2026-09-01,cubesmart,cube_4917,TX,9,9,67.0,77.0,0.785
2026-09-01,cubesmart,cube_4918,TX,28,28,43.0,41.5,0.46
2026-09-01,cubesmart,cube_4919,TX,12,12,40.0,37.5,0.553
2026-09-01,cubesmart,cube_4920,OH,12,12,104.0,104.0,1.007
2026-09-01,cubesmart,cube_4921,MD,15,15,111.0,137.0,1.507
2026-09-01,cubesmart,cube_4922,TX,4,4,,64.5,0.296
2026-09-01,cubesmart,cube_4923,TX,3,3,,47.0,0.625
2026-09-01,cubesmart,cube_4924,NJ,13,13,155.0,89.0,1.8
2026-09-01,cubesmart,cube_4925,FL,15,15,77.0,82.0,0.9
2026-09-01,cubesmart,cube_4926,WI,2,2,86.0,147.0,0.666
2026-09-01,cubesmart,cube_4927,MI,16,16,96.0,122.0,0.999
2026-09-01,cubesmart,cube_4928,NY,26,26,104.0,100.0,1.003
2026-09-01,cubesmart,cube_4929,TN,10,10,67.0,80.0,1.005
2026-09-01,cubesmart,cube_4930,TX,10,10,82.0,164.5,0.564
2026-09-01,cubesmart,cube_4931,LA,15,15,114.0,151.0,1.14
2026-09-01,cubesmart,cube_4932,FL,10,10,125.0,108.5,1.425
2026-09-01,cubesmart,cube_4933,PA,12,12,83.0,83.5,0.998
2026-09-01,cubesmart,cube_4934,TX,7,7,,34.0,0.68
2026-09-01,cubesmart,cube_4935,TX,10,10,52.0,63.5,0.461
2026-09-01,cubesmart,cube_4936,TX,16,16,,180.0,1.128
2026-09-01,cubesmart,cube_4937,IL,11,11,126.0,78.0,1.057
2026-09-01,cubesmart,cube_4939,MA,11,11,97.0,60.0,1.0
2026-09-01,cubesmart,cube_4940,NY,21,21,,56.0,1.398
2026-09-01,cubesmart,cube_4941,NJ,17,17,79.0,94.0,1.112
2026-09-01,cubesmart,cube_4942,NJ,10,10,183.0,151.5,1.527
2026-09-01,cubesmart,cube_4946,CA,8,8,104.0,105.5,0.647
2026-09-01,cubesmart,cube_4947,NC,18,18,74.0,77.0,0.9
2026-09-01,cubesmart,cube_4948,AL,5,5,78.0,88.0,0.455
2026-09-01,cubesmart,cube_4949,AL,5,5,64.0,71.0,0.355
2026-09-01,cubesmart,cube_4950,FL,10,10,166.0,239.5,2.0
2026-09-01,cubesmart,cube_4951,FL,15,15,75.0,113.0,0.96
2026-09-01,cubesmart,cube_4952,CA,7,7,,161.0,0.537
2026-09-01,cubesmart,cube_4953,FL,21,21,129.0,118.0,1.49
2026-09-01,cubesmart,cube_4954,KS,14,14,37.0,24.5,0.397
2026-09-01,cubesmart,cube_4955,MA,9,9,137.0,137.0,1.132
2026-09-01,cubesmart,cube_4956,FL,28,28,89.0,64.5,1.2
2026-09-01,cubesmart,cube_4957,FL,17,17,,93.0,1.253
2026-09-01,cubesmart,cube_4958,AR,15,15,41.0,51.0,0.322
2026-09-01,cubesmart,cube_4959,MA,36,36,60.0,69.0,0.711
2026-09-01,cubesmart,cube_4960,TX,10,10,37.0,62.0,0.385
2026-09-01,cubesmart,cube_4961,NC,14,14,38.0,48.0,0.533
2026-09-01,cubesmart,cube_4962,NC,16,16,50.0,71.5,0.587
2026-09-01,cubesmart,cube_4963,NY,16,16,116.0,157.0,1.231
2026-09-01,cubesmart,cube_4964,GA,28,28,75.0,80.0,0.888
2026-09-01,cubesmart,cube_4965,NH,18,18,84.0,84.5,0.861
2026-09-01,cubesmart,cube_4966,FL,20,20,54.0,57.0,0.667
2026-09-01,cubesmart,cube_4967,AL,7,7,50.0,81.0,0.453
2026-09-01,cubesmart,cube_4969,TX,13,13,58.0,52.0,0.91
2026-09-01,cubesmart,cube_4970,PA,20,20,73.0,77.5,0.801
2026-09-01,cubesmart,cube_4972,MA,19,19,91.0,74.0,0.91
2026-09-01,cubesmart,cube_4973,FL,16,16,98.0,119.0,1.267
2026-09-01,cubesmart,cube_4974,MA,10,10,75.0,89.0,0.825
2026-09-01,cubesmart,cube_4976,TX,19,19,65.0,65.0,0.657
2026-09-01,cubesmart,cube_4978,FL,21,21,34.0,65.0,0.39
2026-09-01,cubesmart,cube_4980,MI,10,10,140.0,183.5,1.177
2026-09-01,cubesmart,cube_4981,MI,28,28,105.0,125.5,1.121
2026-09-01,cubesmart,cube_4982,OH,9,9,36.0,23.0,0.513
2026-09-01,cubesmart,cube_4984,AZ,18,18,51.0,51.5,0.6
2026-09-01,cubesmart,cube_4985,FL,36,36,34.0,35.5,0.44
2026-09-01,cubesmart,cube_4986,IL,21,21,95.0,119.0,1.06
2026-09-01,cubesmart,cube_4987,GA,22,22,78.0,104.0,0.852
2026-09-01,cubesmart,cube_4988,AR,7,7,54.0,65.0,0.433
2026-09-01,cubesmart,cube_4989,AZ,21,21,72.0,87.0,0.725
2026-09-01,cubesmart,cube_4990,NJ,15,15,48.0,42.0,0.58
2026-09-01,cubesmart,cube_4991,MA,18,18,82.0,93.5,0.603
2026-09-01,cubesmart,cube_4992,CO,11,11,200.0,200.0,1.808
2026-09-01,cubesmart,cube_4993,VA,9,9,88.0,67.0,0.99
2026-09-01,cubesmart,cube_4994,NJ,12,12,42.0,45.0,0.42
2026-09-01,cubesmart,cube_4995,IN,23,23,103.0,119.0,0.992
2026-09-01,cubesmart,cube_4997,ME,25,25,59.0,62.0,0.813
2026-09-01,cubesmart,cube_5000,FL,14,14,33.0,34.5,0.459
2026-09-01,cubesmart,cube_5003,LA,18,18,76.0,74.5,0.786
2026-09-01,cubesmart,cube_5004,TX,12,12,78.0,65.5,0.703
2026-09-01,cubesmart,cube_5005,FL,18,18,54.0,110.0,0.715
2026-09-01,cubesmart,cube_5006,CA,6,6,,167.0,1.038
2026-09-01,cubesmart,cube_5007,MD,11,11,77.0,77.0,0.77
2026-09-01,cubesmart,cube_5008,OH,20,20,52.0,68.0,0.57
2026-09-01,cubesmart,cube_5011,MI,41,41,69.0,69.0,0.78
2026-09-01,cubesmart,cube_5012,SC,14,14,42.0,41.5,0.52
2026-09-01,cubesmart,cube_5013,AR,11,11,50.0,49.0,0.568
2026-09-01,cubesmart,cube_5014,FL,23,23,28.0,28.0,0.38
2026-09-01,cubesmart,cube_5015,MA,11,11,61.0,46.0,0.603
2026-09-01,cubesmart,cube_5017,TX,5,5,62.0,62.0,0.622
2026-09-01,cubesmart,cube_5018,OR,14,14,86.0,97.5,0.951
2026-09-01,cubesmart,cube_5019,PA,14,14,81.0,68.5,0.968
2026-09-01,cubesmart,cube_5020,CT,18,18,100.0,61.0,1.335
2026-09-01,cubesmart,cube_5021,MI,30,30,92.0,113.5,0.905
2026-09-01,cubesmart,cube_5022,TX,10,10,86.0,93.5,0.88
2026-09-01,cubesmart,cube_5023,TX,25,25,30.0,38.0,0.505
2026-09-01,cubesmart,cube_5024,TX,11,11,75.0,79.0,0.77
2026-09-01,cubesmart,cube_5025,TX,7,7,63.0,86.0,0.562
2026-09-01,cubesmart,cube_5026,TX,12,12,64.0,65.5,0.81
2026-09-01,cubesmart,cube_5027,TX,12,12,46.0,89.0,0.655
2026-09-01,cubesmart,cube_5028,TX,13,13,80.0,80.0,0.763
2026-09-01,cubesmart,cube_5029,TX,7,7,123.0,172.0,1.147
2026-09-01,cubesmart,cube_5030,TX,13,13,57.0,79.0,0.72
2026-09-01,cubesmart,cube_5031,TX,11,11,44.0,37.0,0.562
2026-09-01,cubesmart,cube_5032,TX,8,8,112.0,118.5,1.07
2026-09-01,cubesmart,cube_5033,IL,15,15,113.0,138.0,1.13
2026-09-01,cubesmart,cube_5034,AR,17,17,28.0,42.0,0.328
2026-09-01,cubesmart,cube_5036,MI,5,5,71.0,43.0,0.86
2026-09-01,cubesmart,cube_5039,AR,12,12,119.0,140.5,1.466
2026-09-01,cubesmart,cube_5040,FL,15,15,65.0,81.0,0.715
2026-09-01,cubesmart,cube_5041,VA,34,34,197.0,201.5,1.556
2026-09-01,cubesmart,cube_5042,CA,32,32,121.0,142.0,1.395
2026-09-01,cubesmart,cube_5043,NC,26,26,61.0,107.0,0.87
2026-09-01,cubesmart,cube_5044,TN,28,28,107.0,120.0,1.055
2026-09-01,cubesmart,cube_5045,NY,14,14,71.0,126.5,1.124
2026-09-01,cubesmart,cube_5046,OH,16,16,102.0,107.5,0.9
2026-09-01,cubesmart,cube_5047,NY,0,0,,,
2026-09-01,cubesmart,cube_5048,NC,14,14,89.0,154.5,0.888
2026-09-01,cubesmart,cube_5049,FL,16,16,83.0,89.0,0.887
2026-09-01,cubesmart,cube_5050,MA,15,15,60.0,60.0,1.0
2026-09-01,cubesmart,cube_5051,IN,4,4,63.0,70.5,0.55
2026-09-01,cubesmart,cube_5052,IN,17,17,64.0,89.0,0.615
2026-09-01,cubesmart,cube_5053,DE,3,3,80.0,80.0,0.8
2026-09-01,cubesmart,cube_5054,PA,5,5,114.0,150.0,0.682
2026-09-01,cubesmart,cube_5055,IN,5,5,71.0,71.0,0.662
2026-09-01,cubesmart,cube_5056,IL,7,7,60.0,77.0,0.6
2026-09-01,cubesmart,cube_5057,PA,6,6,114.0,106.0,1.223
2026-09-01,cubesmart,cube_5058,PA,4,4,99.0,115.5,0.825
2026-09-01,cubesmart,cube_5059,PA,4,4,94.0,97.5,0.825
2026-09-01,cubesmart,cube_5060,IN,8,8,55.0,61.0,0.543
2026-09-01,cubesmart,cube_5061,IN,9,9,50.0,71.0,0.473
2026-09-01,cubesmart,cube_5062,PA,4,4,119.0,126.5,1.042
2026-09-01,cubesmart,cube_5063,IN,2,2,,61.0,0.65
2026-09-01,cubesmart,cube_5064,IN,9,9,57.0,87.0,0.65
2026-09-01,cubesmart,cube_5065,IL,6,6,111.0,139.0,1.112
2026-09-01,cubesmart,cube_5066,VA,14,14,73.0,66.0,0.9
2026-09-01,cubesmart,cube_5067,NY,21,21,156.0,95.0,1.56
2026-09-01,cubesmart,cube_5068,GA,18,18,50.0,53.0,0.56
2026-09-01,cubesmart,cube_5069,NY,18,18,409.0,138.0,3.9
2026-09-01,cubesmart,cube_5070,FL,23,23,61.0,79.0,0.66
2026-09-01,cubesmart,cube_5071,NY,12,12,260.0,129.5,2.956
2026-09-01,cubesmart,cube_5072,IL,5,5,67.0,93.0,0.67
2026-09-01,cubesmart,cube_5073,MI,12,12,60.0,54.5,0.64
2026-09-01,cubesmart,cube_5074,MD,17,17,107.0,62.0,1.089
2026-09-01,cubesmart,cube_5075,NJ,9,9,37.0,37.0,0.56
2026-09-01,cubesmart,cube_5076,CA,10,10,,149.5,0.94
2026-09-01,cubesmart,cube_5077,WA,20,20,97.0,93.0,1.834
2026-09-01,cubesmart,cube_5078,SC,0,0,,,
2026-09-01,cubesmart,cube_5080,AR,12,12,52.0,79.5,0.497
2026-09-01,cubesmart,cube_5081,TX,8,8,62.0,71.0,0.7
2026-09-01,cubesmart,cube_5082,AZ,28,28,62.0,64.5,0.671
2026-09-01,cubesmart,cube_5083,TX,17,17,49.0,134.0,0.625
2026-09-01,cubesmart,cube_5084,AZ,6,6,,19.0,0.438
2026-09-01,cubesmart,cube_5085,CT,7,7,,78.0,0.637
2026-09-01,cubesmart,cube_5086,AR,9,9,47.0,64.0,0.352
2026-09-01,cubesmart,cube_5087,AR,9,9,71.0,124.0,0.55
2026-09-01,cubesmart,cube_5088,TX,19,19,33.0,37.0,0.33
2026-09-01,cubesmart,cube_5089,FL,19,19,59.0,106.0,0.72
2026-09-01,cubesmart,cube_5090,FL,21,21,101.0,101.0,1.229
2026-09-01,cubesmart,cube_5091,NY,8,8,76.0,83.0,0.742
2026-09-01,cubesmart,cube_5092,FL,0,0,,,
2026-09-01,cubesmart,cube_5093,NV,26,26,77.0,87.5,0.81
2026-09-01,cubesmart,cube_5094,FL,24,24,84.0,77.5,1.22
2026-09-01,cubesmart,cube_5095,NY,16,16,214.0,189.0,2.443
2026-09-01,cubesmart,cube_5096,CA,12,12,109.0,107.0,1.04
2026-09-01,cubesmart,cube_5097,CA,6,6,107.0,91.0,1.272
2026-09-01,cubesmart,cube_5098,CA,5,5,,86.0,1.82
2026-09-01,cubesmart,cube_5099,TX,8,8,60.0,41.0,0.557
2026-09-01,cubesmart,cube_5100,NY,39,39,257.0,273.0,2.262
2026-09-01,cubesmart,cube_5101,CA,7,7,,155.0,1.78
2026-09-01,cubesmart,cube_5102,TX,17,17,64.0,86.0,0.701
2026-09-01,cubesmart,cube_5103,FL,39,39,47.0,81.0,0.66
2026-09-01,cubesmart,cube_5104,KY,12,12,65.0,70.0,0.645
2026-09-01,cubesmart,cube_5106,MA,12,12,89.0,109.0,0.89
2026-09-01,cubesmart,cube_5107,VA,23,23,89.0,106.0,0.89
2026-09-01,cubesmart,cube_5109,MI,7,7,85.0,90.0,0.9
2026-09-01,cubesmart,cube_5110,MA,17,17,76.0,106.0,0.644
2026-09-01,cubesmart,cube_5111,IL,9,9,105.0,139.0,1.02
2026-09-01,cubesmart,cube_5112,KY,10,10,101.0,101.5,0.845
2026-09-01,cubesmart,cube_5113,KY,13,13,88.0,95.0,1.04
2026-09-01,cubesmart,cube_5114,KY,8,8,88.0,84.0,0.855
2026-09-01,cubesmart,cube_5115,KY,13,13,92.0,115.0,0.979
2026-09-01,cubesmart,cube_5116,MA,13,13,74.0,74.0,0.968
2026-09-01,cubesmart,cube_5117,PA,13,13,46.0,41.0,0.577
2026-09-01,cubesmart,cube_5119,VA,10,10,82.0,77.5,1.104
2026-09-01,cubesmart,cube_5120,VA,17,17,46.0,59.0,0.61
2026-09-01,cubesmart,cube_5122,IL,17,17,82.0,92.0,1.0
2026-09-01,cubesmart,cube_5123,NC,18,18,108.0,136.0,0.888
2026-09-01,cubesmart,cube_5124,VA,9,9,79.0,86.0,0.795
2026-09-01,cubesmart,cube_5125,TX,17,17,41.0,80.0,0.55
2026-09-01,cubesmart,cube_5126,IL,11,11,56.0,105.0,0.627
2026-09-01,cubesmart,cube_5127,FL,16,16,75.0,52.0,0.722
2026-09-01,cubesmart,cube_5128,MA,29,29,313.0,344.0,2.628
2026-09-01,cubesmart,cube_5129,NJ,6,6,102.0,110.0,0.85
2026-09-01,cubesmart,cube_5130,FL,28,28,72.0,101.5,0.832
2026-09-01,cubesmart,cube_5131,AR,5,5,43.0,70.0,0.625
2026-09-01,cubesmart,cube_5132,TX,16,16,43.0,55.5,0.38
2026-09-01,cubesmart,cube_5133,TX,6,6,126.0,166.0,0.964
2026-09-01,cubesmart,cube_5134,MD,15,15,118.0,107.0,1.6
2026-09-01,cubesmart,cube_5138,TX,7,7,49.0,65.0,0.57
2026-09-01,cubesmart,cube_5139,TX,14,14,34.0,50.0,0.282
2026-09-01,cubesmart,cube_5142,TX,10,10,138.0,100.5,1.42
2026-09-01,cubesmart,cube_5143,TX,9,9,71.0,136.0,0.86
2026-09-01,cubesmart,cube_5144,CT,24,24,79.0,78.5,0.797
2026-09-01,cubesmart,cube_5145,TX,12,12,71.0,78.0,1.16
2026-09-01,cubesmart,cube_5146,TX,11,11,110.0,118.0,1.117
2026-09-01,cubesmart,cube_5147,TX,14,14,84.0,143.0,0.85
2026-09-01,cubesmart,cube_5148,TX,8,8,104.0,127.0,0.94
2026-09-01,cubesmart,cube_5149,TX,18,18,77.0,89.5,0.968
2026-09-01,cubesmart,cube_5150,TX,20,20,77.0,78.5,0.965
2026-09-01,cubesmart,cube_5151,NM,4,4,,70.5,1.165
2026-09-01,cubesmart,cube_5152,CO,16,16,91.0,86.5,1.02
2026-09-01,cubesmart,cube_5153,VA,19,19,60.0,88.0,0.631
2026-09-01,cubesmart,cube_5154,FL,25,25,127.0,157.0,1.245
2026-09-01,cubesmart,cube_5155,CO,15,15,116.0,98.0,1.52
2026-09-01,cubesmart,cube_5156,NY,29,29,101.0,91.0,1.133
2026-09-01,cubesmart,cube_5158,FL,24,24,134.0,189.0,1.928
2026-09-01,cubesmart,cube_5159,FL,21,21,52.0,91.0,0.59
2026-09-01,cubesmart,cube_5160,TX,11,11,90.0,137.0,0.56
2026-09-01,cubesmart,cube_5161,LA,13,13,133.0,130.0,1.33
2026-09-01,cubesmart,cube_5162,AL,11,11,100.0,46.0,1.05
2026-09-01,cubesmart,cube_5163,MD,0,0,,,
2026-09-01,cubesmart,cube_5164,MI,22,22,116.0,125.0,1.107
2026-09-01,cubesmart,cube_5165,IL,9,9,53.0,80.0,0.583
2026-09-01,cubesmart,cube_5166,FL,18,18,52.0,96.0,0.727
2026-09-01,cubesmart,cube_5167,OR,19,19,80.0,95.0,0.9
2026-09-01,cubesmart,cube_5168,TN,20,20,109.0,115.0,1.15
2026-09-01,cubesmart,cube_5169,AZ,16,16,82.0,103.0,0.748
2026-09-01,cubesmart,cube_5170,SC,18,18,57.0,86.0,0.615
2026-09-01,cubesmart,cube_5171,RI,0,0,,,
2026-09-01,cubesmart,cube_5172,AZ,0,0,,,
2026-09-01,cubesmart,cube_5173,NC,12,12,98.0,89.5,1.05
2026-09-01,cubesmart,cube_5174,IL,12,12,88.0,93.5,1.055
2026-09-01,cubesmart,cube_5175,FL,21,21,57.0,99.0,0.56
2026-09-01,cubesmart,cube_5176,CA,0,0,,,
2026-09-01,cubesmart,cube_5177,FL,22,22,82.0,91.0,0.935
2026-09-01,cubesmart,cube_5178,FL,27,27,50.0,27.0,0.522
2026-09-01,cubesmart,cube_5180,PA,23,23,123.0,100.0,1.46
2026-09-01,cubesmart,cube_5182,UT,30,30,,56.0,1.242
2026-09-01,cubesmart,cube_5183,VA,15,15,142.0,155.0,1.42
2026-09-01,cubesmart,cube_5184,VA,10,10,100.0,98.0,0.932
2026-09-01,cubesmart,cube_5185,OH,24,24,68.0,134.0,0.835
2026-09-01,cubesmart,cube_5186,AL,11,11,134.0,107.0,2.02
2026-09-01,cubesmart,cube_5187,FL,34,34,43.0,52.0,0.6
2026-09-01,cubesmart,cube_5188,MA,43,43,48.0,48.0,0.605
2026-09-01,cubesmart,cube_5189,NC,20,20,62.0,82.0,0.525
2026-09-01,cubesmart,cube_5190,TX,7,7,52.0,73.0,0.365
2026-09-01,cubesmart,cube_5191,TX,9,9,119.0,86.0,1.282
2026-09-01,cubesmart,cube_5192,TX,10,10,37.0,45.5,0.362
2026-09-01,cubesmart,cube_5193,TX,13,13,61.0,75.0,0.368
2026-09-01,cubesmart,cube_5194,AZ,16,16,68.0,78.5,0.72
2026-09-01,cubesmart,cube_5195,PA,20,20,84.0,93.0,1.0
2026-09-01,cubesmart,cube_5196,PA,47,47,100.0,122.0,0.831
2026-09-01,cubesmart,cube_5197,FL,24,24,56.0,82.0,0.613
2026-09-01,cubesmart,cube_5198,GA,14,14,44.0,53.5,0.44
2026-09-01,cubesmart,cube_5199,FL,25,25,56.0,70.0,0.76
2026-09-01,cubesmart,cube_5200,DE,23,23,62.0,64.0,0.64
2026-09-01,cubesmart,cube_5202,TX,13,13,56.0,49.0,0.649
2026-09-01,cubesmart,cube_5203,FL,17,17,185.0,185.0,2.24
2026-09-01,cubesmart,cube_5204,TX,11,11,34.0,34.0,0.44
2026-09-01,cubesmart,cube_5205,TX,21,21,79.0,94.0,0.783
2026-09-01,cubesmart,cube_5206,FL,28,28,79.0,104.0,1.01
2026-09-01,cubesmart,cube_5207,TX,21,21,80.0,80.0,0.8
2026-09-01,cubesmart,cube_5208,MI,18,18,67.0,135.5,0.814
2026-09-01,cubesmart,cube_5209,WI,9,9,62.0,108.0,0.433
2026-09-01,cubesmart,cube_5211,WI,8,8,,64.5,0.399
2026-09-01,cubesmart,cube_5212,WI,3,3,,110.0,0.55
2026-09-01,cubesmart,cube_5213,FL,20,20,90.0,123.5,1.137
2026-09-01,cubesmart,cube_5215,NJ,31,31,137.0,160.0,1.535
2026-09-01,cubesmart,cube_5216,TX,7,7,82.0,89.0,0.717
2026-09-01,cubesmart,cube_5217,TX,9,9,73.0,93.0,0.62
2026-09-01,cubesmart,cube_5218,FL,20,20,109.0,122.5,1.188
2026-09-01,cubesmart,cube_5219,NC,25,25,67.0,72.0,0.72
2026-09-01,cubesmart,cube_5221,TX,27,27,83.0,101.0,0.836
2026-09-01,cubesmart,cube_5222,TX,25,25,85.0,103.0,0.887
2026-09-01,cubesmart,cube_5223,NC,0,0,,,
2026-09-01,cubesmart,cube_5224,TX,15,15,58.0,85.0,0.636
2026-09-01,cubesmart,cube_5225,PA,13,13,,120.0,1.038
2026-09-01,cubesmart,cube_5226,TX,25,25,55.0,78.0,0.55
2026-09-01,cubesmart,cube_5227,NJ,0,0,,,
2026-09-01,cubesmart,cube_5228,CA,1,1,,49.0,1.96
2026-09-01,cubesmart,cube_5229,FL,0,0,,,
2026-09-01,cubesmart,cube_5231,IN,25,25,86.0,86.0,0.96
2026-09-01,cubesmart,cube_5232,AZ,18,18,143.0,66.0,1.42
2026-09-01,cubesmart,cube_5233,TX,20,20,63.0,95.5,0.581
2026-09-01,cubesmart,cube_5234,MN,19,19,64.0,79.0,0.57
2026-09-01,cubesmart,cube_5235,FL,8,8,100.0,61.0,0.837
2026-09-01,cubesmart,cube_5236,TX,14,14,114.0,142.0,1.077
2026-09-01,cubesmart,cube_5237,IL,9,9,49.0,49.0,0.68
2026-09-01,cubesmart,cube_5238,IL,18,18,64.0,80.0,0.657
2026-09-01,cubesmart,cube_5240,IL,5,5,,67.0,1.02
2026-09-01,cubesmart,cube_5241,OH,11,11,115.0,115.0,1.15
2026-09-01,cubesmart,cube_5242,OK,32,32,37.0,30.0,0.496
2026-09-01,cubesmart,cube_5244,OR,1,1,,111.0,
2026-09-01,cubesmart,cube_5245,PA,0,0,,,
2026-09-01,cubesmart,cube_5246,CA,15,15,69.0,79.0,0.96
2026-09-01,cubesmart,cube_5247,FL,5,5,75.0,167.0,0.59
2026-09-01,cubesmart,cube_5248,TX,11,11,54.0,101.0,0.733
2026-09-01,cubesmart,cube_5249,MS,20,20,106.0,88.0,1.26
2026-09-01,cubesmart,cube_5250,AZ,18,18,100.0,55.5,0.875
2026-09-01,cubesmart,cube_5251,NJ,36,36,200.0,215.5,2.197
2026-09-01,cubesmart,cube_5252,FL,22,22,105.0,135.0,1.071
2026-09-01,cubesmart,cube_5253,FL,0,0,,,
2026-09-01,cubesmart,cube_5254,TX,0,0,,,
2026-09-01,cubesmart,cube_5255,MA,34,34,119.0,146.0,1.248
2026-09-01,cubesmart,cube_5256,OH,26,26,45.0,150.0,1.15
2026-09-01,cubesmart,cube_5258,NY,32,32,98.0,119.0,1.043
2026-09-01,cubesmart,cube_5259,TX,20,20,86.0,98.0,0.83
2026-09-01,cubesmart,cube_5260,TX,9,9,81.0,81.0,0.815
2026-09-01,cubesmart,cube_5261,TX,15,15,75.0,75.0,0.75
2026-09-01,cubesmart,cube_5262,NJ,7,7,109.0,136.0,1.06
2026-09-01,cubesmart,cube_5263,NC,16,16,57.0,97.0,0.82
2026-09-01,cubesmart,cube_5264,OH,9,9,60.0,60.0,0.61
2026-09-01,cubesmart,cube_5265,TX,0,0,,,
2026-09-01,cubesmart,cube_5266,NC,25,25,110.0,128.0,1.24
2026-09-01,cubesmart,cube_5267,SC,11,11,41.0,41.0,0.42
2026-09-01,cubesmart,cube_5268,SC,11,11,30.0,33.0,0.28
2026-09-01,cubesmart,cube_5269,ME,3,3,104.0,129.0,0.86
2026-09-01,cubesmart,cube_5270,OH,0,0,,,
2026-09-01,cubesmart,cube_5271,TX,5,5,41.0,41.0,0.41
2026-09-01,cubesmart,cube_5272,NJ,36,36,155.0,196.5,1.637
2026-09-01,cubesmart,cube_5273,FL,0,0,,,
2026-09-01,cubesmart,cube_5274,FL,16,16,102.0,118.0,1.047
2026-09-01,cubesmart,cube_5275,TX,29,29,77.0,93.0,0.813
2026-09-01,cubesmart,cube_5276,FL,0,0,,,
2026-09-01,cubesmart,cube_5277,FL,0,0,,,
2026-09-01,cubesmart,cube_5278,MI,0,0,,,
2026-09-01,cubesmart,cube_5279,NY,0,0,,,
2026-09-01,cubesmart,cube_5280,IL,37,37,63.0,53.0,0.767
2026-09-01,cubesmart,cube_5281,RI,0,0,,,
2026-09-01,cubesmart,cube_5282,PA,0,0,,,
2026-09-01,cubesmart,cube_5283,TX,10,10,80.0,98.0,0.8
2026-09-01,cubesmart,cube_5285,CT,0,0,,,
2026-09-01,cubesmart,cube_5286,AZ,0,0,,,
2026-09-01,cubesmart,cube_5288,NY,0,0,,,
2026-09-01,cubesmart,cube_5289,VA,0,0,,,
2026-09-01,cubesmart,cube_5290,NJ,0,0,,,
2026-09-01,cubesmart,cube_5292,WI,3,3,,64.0,0.47
2026-09-01,cubesmart,cube_5293,WI,1,1,,94.0,0.47
2026-09-01,cubesmart,cube_5294,WI,5,5,65.0,65.0,0.56
2026-09-01,cubesmart,cube_5295,TN,0,0,,,
2026-09-01,cubesmart,cube_5296,FL,0,0,,,
2026-09-01,cubesmart,cube_5300,FL,0,0,,,
2026-09-01,cubesmart,cube_5303,AL,0,0,,,
2026-09-01,cubesmart,cube_5309,PA,0,0,,,
2026-09-01,cubesmart,cube_5314,AZ,0,0,,,
2026-09-02,cubesmart,cube_101,IL,7,7,89.0,101.0,1.097
2026-09-02,cubesmart,cube_102,IL,9,9,98.0,37.0,0.905
2026-09-02,cubesmart,cube_104,IL,20,20,74.0,113.5,0.815
2026-09-02,cubesmart,cube_105,IL,12,12,96.0,159.0,0.915
2026-09-02,cubesmart,cube_106,IL,8,8,119.0,169.0,0.86
2026-09-02,cubesmart,cube_107,IL,24,24,101.0,78.5,1.005
2026-09-02,cubesmart,cube_108,IL,8,8,113.0,119.0,1.024
2026-09-02,cubesmart,cube_110,IL,15,15,80.0,82.0,0.76
2026-09-02,cubesmart,cube_111,IL,11,11,46.0,72.0,0.665
2026-09-02,cubesmart,cube_113,IL,8,8,,37.5,0.857
2026-09-02,cubesmart,cube_114,IL,7,7,,143.0,0.9
2026-09-02,cubesmart,cube_115,IL,9,9,86.0,105.0,0.82
2026-09-02,cubesmart,cube_116,IL,10,10,64.0,70.5,0.629
2026-09-02,cubesmart,cube_117,IL,2,2,140.0,170.0,1.2
2026-09-02,cubesmart,cube_118,IL,7,7,73.0,110.0,0.88
2026-09-02,cubesmart,cube_119,IL,9,9,72.0,100.0,0.77
2026-09-02,cubesmart,cube_120,IL,11,11,132.0,79.0,1.32
2026-09-02,cubesmart,cube_1330,IL,14,14,128.0,169.0,1.491
2026-09-02,cubesmart,cube_1331,IL,14,14,124.0,122.5,1.5
2026-09-02,cubesmart,cube_1332,IL,12,12,97.0,127.0,1.013
2026-09-02,cubesmart,cube_1333,IL,25,25,86.0,65.0,1.522
2026-09-02,cubesmart,cube_1334,RI,7,7,144.0,144.0,1.177
2026-09-02,cubesmart,cube_1335,RI,17,17,99.0,121.0,1.167
2026-09-02,cubesmart,cube_1336,RI,14,14,103.0,129.0,0.918
2026-09-02,cubesmart,cube_1337,RI,9,9,115.0,119.0,0.758
2026-09-02,cubesmart,cube_1338,FL,18,18,91.0,110.0,0.998
2026-09-02,cubesmart,cube_1339,PA,12,12,77.0,77.0,0.86
2026-09-02,cubesmart,cube_1340,NJ,17,17,86.0,116.0,1.25
2026-09-02,cubesmart,cube_1341,VA,13,13,139.0,233.0,1.665
2026-09-02,cubesmart,cube_1343,NY,18,18,137.0,233.5,1.803
2026-09-02,cubesmart,cube_1344,PA,14,14,103.0,92.5,1.28
2026-09-02,cubesmart,cube_1345,PA,14,14,51.0,45.5,0.82
2026-09-02,cubesmart,cube_1346,NJ,9,9,90.0,100.0,1.3
2026-09-02,cubesmart,cube_1348,IL,6,6,161.0,134.5,1.565
2026-09-02,cubesmart,cube_1349,FL,8,8,162.0,171.0,1.203
2026-09-02,cubesmart,cube_135,FL,16,16,45.0,18.0,0.575
2026-09-02,cubesmart,cube_1350,CO,14,14,88.0,77.5,1.11
2026-09-02,cubesmart,cube_1351,IL,9,9,113.0,113.0,1.14
2026-09-02,cubesmart,cube_1352,IL,10,10,187.0,220.0,1.79
2026-09-02,cubesmart,cube_1355,IL,9,9,146.0,146.0,1.808
2026-09-02,cubesmart,cube_1356,IL,9,9,110.0,110.0,1.1
2026-09-02,cubesmart,cube_1358,FL,16,16,123.0,114.0,1.681
2026-09-02,cubesmart,cube_1359,FL,16,16,116.0,135.0,1.743
2026-09-02,cubesmart,cube_136,FL,15,15,33.0,55.0,0.55
2026-09-02,cubesmart,cube_1360,FL,12,12,134.0,79.5,1.28
2026-09-02,cubesmart,cube_1369,PA,6,6,108.0,86.0,1.01
2026-09-02,cubesmart,cube_137,FL,22,22,65.0,69.5,0.781
2026-09-02,cubesmart,cube_1374,NJ,12,12,89.0,76.5,0.94
2026-09-02,cubesmart,cube_1376,MD,10,10,175.0,113.5,1.91
2026-09-02,cubesmart,cube_1377,MD,16,16,104.0,92.0,1.153
2026-09-02,cubesmart,cube_1379,TX,21,21,148.0,76.0,1.48
2026-09-02,cubesmart,cube_138,FL,18,18,90.0,49.0,1.09
2026-09-02,cubesmart,cube_1380,TX,15,15,46.0,65.0,0.5
2026-09-02,cubesmart,cube_1384,CT,11,11,146.0,146.0,1.86
2026-09-02,cubesmart,cube_1385,VA,13,13,119.0,91.0,1.31
2026-09-02,cubesmart,cube_1388,MD,11,11,151.0,151.0,1.488
2026-09-02,cubesmart,cube_1396,VA,19,19,131.0,154.0,1.44
2026-09-02,cubesmart,cube_1397,DC,17,17,177.0,177.0,1.8
2026-09-02,cubesmart,cube_1399,VA,4,4,88.0,76.5,0.88
2026-09-02,cubesmart,cube_1400,VA,10,10,81.0,84.5,0.718
2026-09-02,cubesmart,cube_1401,VA,9,9,89.0,110.0,1.065
2026-09-02,cubesmart,cube_1402,VA,10,10,88.0,120.5,0.857
2026-09-02,cubesmart,cube_1404,VA,8,8,171.0,198.5,1.827
2026-09-02,cubesmart,cube_1406,MD,9,9,101.0,58.0,1.16
2026-09-02,cubesmart,cube_1407,MD,24,24,120.0,122.5,1.221
2026-09-02,cubesmart,cube_144,OH,10,10,86.0,89.5,0.88
2026-09-02,cubesmart,cube_1441,NY,20,20,284.0,149.5,2.914
2026-09-02,cubesmart,cube_1455,MA,9,9,308.0,200.0,3.08
2026-09-02,cubesmart,cube_1475,NJ,10,10,82.0,89.0,1.173
2026-09-02,cubesmart,cube_1476,NJ,18,18,103.0,104.5,1.08
2026-09-02,cubesmart,cube_1478,NJ,7,7,83.0,151.0,0.733
2026-09-02,cubesmart,cube_1479,TX,8,8,65.0,83.0,0.884
2026-09-02,cubesmart,cube_148,OH,12,12,76.0,113.5,0.727
2026-09-02,cubesmart,cube_151,NY,15,15,,70.0,1.144
2026-09-02,cubesmart,cube_1511,NY,8,8,191.0,106.0,1.985
2026-09-02,cubesmart,cube_152,NY,8,8,263.0,227.0,2.555
2026-09-02,cubesmart,cube_153,CT,13,13,61.0,72.0,0.66
2026-09-02,cubesmart,cube_154,CT,8,8,73.0,101.5,0.65
2026-09-02,cubesmart,cube_155,CT,9,9,79.0,81.0,0.853
2026-09-02,cubesmart,cube_1557,VA,12,12,100.0,117.0,1.0
2026-09-02,cubesmart,cube_157,CT,7,7,,120.0,0.992
2026-09-02,cubesmart,cube_158,CT,11,11,216.0,139.0,2.36
2026-09-02,cubesmart,cube_159,CT,18,18,121.0,125.0,1.25
2026-09-02,cubesmart,cube_160,CT,13,13,145.0,145.0,1.51
2026-09-02,cubesmart,cube_1606,FL,12,12,64.0,80.0,0.841
2026-09-02,cubesmart,cube_161,NY,22,22,211.0,112.5,1.968
2026-09-02,cubesmart,cube_162,CT,4,4,183.0,214.0,1.537
2026-09-02,cubesmart,cube_163,FL,12,12,91.0,106.5,0.915
2026-09-02,cubesmart,cube_164,TX,16,16,60.0,69.0,0.68
2026-09-02,cubesmart,cube_165,TX,10,10,81.0,90.0,0.72
2026-09-02,cubesmart,cube_166,IL,6,6,69.0,85.0,0.82
2026-09-02,cubesmart,cube_167,IL,10,10,96.0,142.0,0.917
2026-09-02,cubesmart,cube_176,TX,27,27,50.0,74.0,0.693
2026-09-02,cubesmart,cube_180,MA,11,11,202.0,199.0,2.2
2026-09-02,cubesmart,cube_182,FL,17,17,59.0,93.0,0.676
2026-09-02,cubesmart,cube_183,FL,8,8,141.0,116.0,1.415
2026-09-02,cubesmart,cube_185,FL,16,16,122.0,97.5,1.25
2026-09-02,cubesmart,cube_187,FL,15,15,124.0,124.0,1.148
2026-09-02,cubesmart,cube_188,FL,16,16,67.0,51.5,0.98
2026-09-02,cubesmart,cube_191,CA,12,12,127.0,161.5,1.331
2026-09-02,cubesmart,cube_192,CA,9,9,121.0,116.0,1.4
2026-09-02,cubesmart,cube_193,GA,19,19,29.0,68.0,0.34
2026-09-02,cubesmart,cube_194,FL,19,19,137.0,200.0,1.605
2026-09-02,cubesmart,cube_195,FL,12,12,169.0,178.5,1.69
2026-09-02,cubesmart,cube_196,FL,17,17,157.0,197.0,1.85
2026-09-02,cubesmart,cube_197,FL,12,12,74.0,81.5,0.879
2026-09-02,cubesmart,cube_198,FL,15,15,95.0,93.0,0.991
2026-09-02,cubesmart,cube_199,AZ,22,22,58.0,56.0,0.673
2026-09-02,cubesmart,cube_200,NJ,10,10,,115.5,2.438
2026-09-02,cubesmart,cube_201,NJ,8,8,163.0,48.0,1.461
2026-09-02,cubesmart,cube_202,NJ,12,12,146.0,174.0,1.46
2026-09-02,cubesmart,cube_204,CO,23,23,106.0,106.0,0.787
2026-09-02,cubesmart,cube_205,CO,10,10,69.0,66.0,0.797
2026-09-02,cubesmart,cube_206,CO,7,7,124.0,255.0,1.04
2026-09-02,cubesmart,cube_2078,VA,12,12,158.0,154.0,1.85
2026-09-02,cubesmart,cube_2079,NY,9,9,294.0,232.0,2.653
2026-09-02,cubesmart,cube_208,CO,13,13,128.0,133.0,1.35
2026-09-02,cubesmart,cube_209,CO,9,9,53.0,53.0,0.578
2026-09-02,cubesmart,cube_211,TX,13,13,72.0,100.0,0.771
2026-09-02,cubesmart,cube_213,TX,6,6,113.0,121.0,1.269
2026-09-02,cubesmart,cube_215,TX,19,19,55.0,71.0,0.769
2026-09-02,cubesmart,cube_2174,VA,5,5,,46.0,0.6
2026-09-02,cubesmart,cube_2176,FL,10,10,220.0,184.5,1.973
2026-09-02,cubesmart,cube_218,TX,11,11,83.0,110.0,0.867
2026-09-02,cubesmart,cube_2239,NY,22,22,239.0,151.0,3.037
2026-09-02,cubesmart,cube_225,TX,10,10,75.0,71.0,0.89
2026-09-02,cubesmart,cube_2259,TX,19,19,72.0,39.0,0.72
2026-09-02,cubesmart,cube_226,TX,12,12,60.0,62.0,0.84
2026-09-02,cubesmart,cube_227,TX,17,17,105.0,122.0,1.115
2026-09-02,cubesmart,cube_228,TX,18,18,85.0,88.5,0.832
2026-09-02,cubesmart,cube_2280,GA,12,12,68.0,129.5,0.813
2026-09-02,cubesmart,cube_2281,GA,13,13,36.0,75.0,0.463
2026-09-02,cubesmart,cube_2284,GA,11,11,46.0,48.0,0.613
2026-09-02,cubesmart,cube_2289,MN,23,23,59.0,67.0,0.83
2026-09-02,cubesmart,cube_229,TX,11,11,38.0,62.0,0.435
2026-09-02,cubesmart,cube_2295,CO,16,16,98.0,152.0,0.978
2026-09-02,cubesmart,cube_2297,CA,14,14,107.0,165.5,0.69
2026-09-02,cubesmart,cube_230,TX,7,7,65.0,65.0,0.66
2026-09-02,cubesmart,cube_231,FL,18,18,65.0,68.5,0.87
2026-09-02,cubesmart,cube_232,CA,13,13,91.0,96.0,0.987
2026-09-02,cubesmart,cube_233,CA,13,13,108.0,122.0,1.12
2026-09-02,cubesmart,cube_234,CA,11,11,94.0,158.0,1.06
2026-09-02,cubesmart,cube_235,CA,11,11,137.0,122.0,1.37
2026-09-02,cubesmart,cube_2350,NJ,10,10,74.0,217.5,1.347
2026-09-02,cubesmart,cube_2351,NJ,17,17,92.0,123.0,0.877
2026-09-02,cubesmart,cube_2359,MD,10,10,130.0,95.5,1.407
2026-09-02,cubesmart,cube_236,CA,21,21,106.0,95.0,1.28
2026-09-02,cubesmart,cube_2360,MD,12,12,101.0,103.5,1.1
2026-09-02,cubesmart,cube_2361,MD,15,15,134.0,107.0,1.415
2026-09-02,cubesmart,cube_238,TN,19,19,57.0,107.0,0.667
2026-09-02,cubesmart,cube_239,TN,11,11,65.0,121.0,0.618
2026-09-02,cubesmart,cube_240,TN,15,15,94.0,149.0,1.293
2026-09-02,cubesmart,cube_241,TN,11,11,89.0,176.0,1.032
2026-09-02,cubesmart,cube_242,TN,16,16,68.0,139.5,0.685
2026-09-02,cubesmart,cube_243,CO,3,3,65.0,65.0,0.675
2026-09-02,cubesmart,cube_2438,NY,9,9,191.0,112.0,2.24
2026-09-02,cubesmart,cube_2439,NY,13,13,321.0,241.0,3.45
2026-09-02,cubesmart,cube_244,CO,6,6,75.0,109.5,0.647
2026-09-02,cubesmart,cube_2440,NY,9,9,203.0,203.0,2.28
2026-09-02,cubesmart,cube_2441,NY,11,11,342.0,269.0,4.25
2026-09-02,cubesmart,cube_2442,NY,7,7,242.0,149.0,2.505
2026-09-02,cubesmart,cube_2443,NY,11,11,268.0,268.0,2.68
2026-09-02,cubesmart,cube_2444,NY,10,10,242.0,144.0,2.145
2026-09-02,cubesmart,cube_2445,NY,10,10,300.0,175.5,3.275
2026-09-02,cubesmart,cube_2447,PA,17,17,63.0,36.0,0.707
2026-09-02,cubesmart,cube_2448,CT,17,17,105.0,132.0,1.16
2026-09-02,cubesmart,cube_2449,NY,14,14,283.0,160.0,2.713
2026-09-02,cubesmart,cube_245,CO,4,4,104.0,145.0,0.95
2026-09-02,cubesmart,cube_2450,NY,12,12,226.0,140.0,2.495
2026-09-02,cubesmart,cube_2451,NY,7,7,364.0,281.0,3.903
2026-09-02,cubesmart,cube_2452,NY,13,13,233.0,182.0,2.36
2026-09-02,cubesmart,cube_246,CO,7,7,50.0,101.0,0.5
2026-09-02,cubesmart,cube_247,GA,20,20,70.0,62.5,0.547
2026-09-02,cubesmart,cube_2478,VA,11,11,127.0,221.0,1.507
2026-09-02,cubesmart,cube_248,TX,16,16,47.0,71.5,0.562
2026-09-02,cubesmart,cube_249,TX,10,10,52.0,103.5,0.56
2026-09-02,cubesmart,cube_2498,CA,11,11,63.0,71.0,0.772
2026-09-02,cubesmart,cube_250,TX,9,9,53.0,59.0,0.695
2026-09-02,cubesmart,cube_2506,TX,11,11,91.0,91.0,1.36
2026-09-02,cubesmart,cube_251,NJ,8,8,113.0,123.0,0.827
2026-09-02,cubesmart,cube_2515,NY,33,33,98.0,110.0,1.44
2026-09-02,cubesmart,cube_2517,TN,7,7,,115.0,0.854
2026-09-02,cubesmart,cube_2519,NY,14,14,203.0,181.5,2.088
2026-09-02,cubesmart,cube_252,OH,8,8,,40.5,0.817
2026-09-02,cubesmart,cube_2520,CT,12,12,165.0,133.0,1.732
2026-09-02,cubesmart,cube_2521,NY,12,12,226.0,205.0,2.303
2026-09-02,cubesmart,cube_2538,NY,11,11,220.0,126.0,2.167
2026-09-02,cubesmart,cube_254,OH,16,16,105.0,173.0,0.828
2026-09-02,cubesmart,cube_255,OH,8,8,83.0,81.0,0.916
2026-09-02,cubesmart,cube_256,OH,20,20,109.0,109.5,1.624
2026-09-02,cubesmart,cube_257,FL,27,27,125.0,34.0,0.837
2026-09-02,cubesmart,cube_262,VA,9,9,,97.0,0.773
2026-09-02,cubesmart,cube_2622,TX,24,24,102.0,92.0,1.438
2026-09-02,cubesmart,cube_2623,TX,17,17,69.0,65.0,0.814
2026-09-02,cubesmart,cube_2624,TX,10,10,50.0,83.0,0.659
2026-09-02,cubesmart,cube_2626,TX,7,7,54.0,54.0,0.627
2026-09-02,cubesmart,cube_263,VA,12,12,,132.0,1.84
2026-09-02,cubesmart,cube_2641,SC,13,13,49.0,49.0,0.665
2026-09-02,cubesmart,cube_2642,SC,15,15,67.0,101.0,0.785
2026-09-02,cubesmart,cube_2643,SC,10,10,,20.5,0.442
2026-09-02,cubesmart,cube_2644,SC,11,11,70.0,142.0,0.883
2026-09-02,cubesmart,cube_2645,SC,3,3,64.0,71.0,1.03
2026-09-02,cubesmart,cube_265,FL,10,10,144.0,114.0,1.52
2026-09-02,cubesmart,cube_2656,GA,11,11,70.0,88.0,0.702
2026-09-02,cubesmart,cube_266,FL,8,8,115.0,134.5,1.278
2026-09-02,cubesmart,cube_2661,SC,10,10,94.0,122.5,0.856
2026-09-02,cubesmart,cube_2668,NC,7,7,46.0,108.0,0.492
2026-09-02,cubesmart,cube_267,FL,19,19,120.0,120.0,1.2
2026-09-02,cubesmart,cube_2675,VA,18,18,166.0,216.5,1.777
2026-09-02,cubesmart,cube_2676,NY,22,22,237.0,154.5,2.08
2026-09-02,cubesmart,cube_2686,TX,4,4,47.0,50.5,0.475
2026-09-02,cubesmart,cube_2687,TX,10,10,80.0,98.0,0.68
2026-09-02,cubesmart,cube_2691,LA,9,9,35.0,48.0,0.367
2026-09-02,cubesmart,cube_2697,GA,13,13,84.0,84.0,0.977
2026-09-02,cubesmart,cube_2698,GA,12,12,44.0,123.5,0.537
2026-09-02,cubesmart,cube_2699,FL,16,16,,84.5,1.083
2026-09-02,cubesmart,cube_2700,NJ,7,7,111.0,89.0,1.64
2026-09-02,cubesmart,cube_2702,GA,18,18,45.0,96.5,0.558
2026-09-02,cubesmart,cube_2703,CT,21,21,98.0,104.0,1.027
2026-09-02,cubesmart,cube_271,OH,13,13,94.0,74.0,0.893
2026-09-02,cubesmart,cube_272,NJ,6,6,108.0,30.0,1.096
2026-09-02,cubesmart,cube_2721,FL,9,9,48.0,59.0,0.48
2026-09-02,cubesmart,cube_273,NJ,14,14,110.0,110.5,1.135
2026-09-02,cubesmart,cube_274,NJ,14,14,99.0,77.0,0.772
2026-09-02,cubesmart,cube_2758,FL,14,14,125.0,179.5,1.185
2026-09-02,cubesmart,cube_2759,FL,15,15,104.0,104.0,1.253
2026-09-02,cubesmart,cube_276,NJ,10,10,91.0,85.5,1.3
2026-09-02,cubesmart,cube_277,CT,8,8,88.0,147.0,0.718
2026-09-02,cubesmart,cube_278,CT,6,6,91.0,126.0,0.985
2026-09-02,cubesmart,cube_279,CT,13,13,133.0,124.0,1.33
2026-09-02,cubesmart,cube_2801,NJ,12,12,92.0,83.5,1.195
2026-09-02,cubesmart,cube_2812,TX,15,15,59.0,101.0,0.713
2026-09-02,cubesmart,cube_282,FL,12,12,107.0,112.0,1.09
2026-09-02,cubesmart,cube_283,FL,11,11,70.0,105.0,0.87
2026-09-02,cubesmart,cube_286,FL,16,16,79.0,81.0,1.12
2026-09-02,cubesmart,cube_2876,FL,12,12,120.0,71.0,1.035
2026-09-02,cubesmart,cube_289,FL,11,11,,145.0,1.16
2026-09-02,cubesmart,cube_290,CT,14,14,92.0,102.5,0.94
2026-09-02,cubesmart,cube_2918,PA,3,3,,92.0,1.84
2026-09-02,cubesmart,cube_2922,IL,10,10,51.0,76.5,0.512
2026-09-02,cubesmart,cube_2923,IL,14,14,54.0,76.0,0.693
2026-09-02,cubesmart,cube_2924,IL,17,17,55.0,106.0,0.488
2026-09-02,cubesmart,cube_2925,IL,12,12,49.0,61.0,0.613
2026-09-02,cubesmart,cube_2927,IL,23,23,107.0,116.0,0.965
2026-09-02,cubesmart,cube_2928,IL,21,21,74.0,76.0,0.713
2026-09-02,cubesmart,cube_2937,AZ,16,16,94.0,106.0,1.065
2026-09-02,cubesmart,cube_2960,IL,3,3,,345.0,0.575
2026-09-02,cubesmart,cube_2975,AZ,16,16,93.0,89.0,1.067
2026-09-02,cubesmart,cube_298,CA,19,19,139.0,167.0,1.663
2026-09-02,cubesmart,cube_301,AZ,12,12,26.0,28.5,0.305
2026-09-02,cubesmart,cube_3017,MD,11,11,123.0,140.0,1.235
2026-09-02,cubesmart,cube_3019,TX,9,9,74.0,74.0,0.74
2026-09-02,cubesmart,cube_3022,TX,26,26,52.0,62.5,0.692
2026-09-02,cubesmart,cube_3023,TX,5,5,37.0,37.0,0.44
2026-09-02,cubesmart,cube_3024,TX,20,20,64.0,83.0,0.77
2026-09-02,cubesmart,cube_3027,TX,20,20,78.0,93.5,0.847
2026-09-02,cubesmart,cube_3028,TX,26,26,56.0,57.5,0.6
2026-09-02,cubesmart,cube_3030,TX,24,24,70.0,107.5,0.825
2026-09-02,cubesmart,cube_3031,TX,30,30,61.0,69.5,0.746
2026-09-02,cubesmart,cube_3032,NC,23,23,51.0,63.0,0.51
2026-09-02,cubesmart,cube_3033,TX,23,23,72.0,119.0,0.888
2026-09-02,cubesmart,cube_3034,TX,23,23,82.0,94.0,0.852
2026-09-02,cubesmart,cube_3036,TX,16,16,91.0,106.5,0.838
2026-09-02,cubesmart,cube_3037,TX,6,6,86.0,130.5,1.037
2026-09-02,cubesmart,cube_3038,TX,15,15,82.0,107.0,0.82
2026-09-02,cubesmart,cube_3039,TX,25,25,88.0,123.0,0.976
2026-09-02,cubesmart,cube_3041,TX,16,16,74.0,59.0,1.06
2026-09-02,cubesmart,cube_3043,TX,20,20,51.0,65.0,0.441
2026-09-02,cubesmart,cube_3045,TX,19,19,80.0,114.0,1.077
2026-09-02,cubesmart,cube_3046,TX,10,10,113.0,105.0,1.495
2026-09-02,cubesmart,cube_3047,TX,15,15,88.0,77.0,1.33
2026-09-02,cubesmart,cube_3048,TX,23,23,75.0,75.0,0.755
2026-09-02,cubesmart,cube_3050,TX,21,21,55.0,104.0,0.77
2026-09-02,cubesmart,cube_3051,TX,9,9,109.0,109.0,1.002
2026-09-02,cubesmart,cube_3052,TX,11,11,52.0,76.0,0.548
2026-09-02,cubesmart,cube_3053,TX,18,18,88.0,91.0,0.848
2026-09-02,cubesmart,cube_3054,TX,12,12,,117.5,0.863
2026-09-02,cubesmart,cube_3056,TX,22,22,60.0,67.0,0.74
2026-09-02,cubesmart,cube_3058,TX,15,15,108.0,108.0,1.04
2026-09-02,cubesmart,cube_306,AZ,11,11,80.0,83.0,0.951
2026-09-02,cubesmart,cube_307,AZ,12,12,116.0,123.5,1.235
2026-09-02,cubesmart,cube_3074,MD,10,10,116.0,157.0,1.133
2026-09-02,cubesmart,cube_3075,TX,18,18,48.0,56.5,0.693
2026-09-02,cubesmart,cube_3077,FL,18,18,136.0,71.0,1.35
2026-09-02,cubesmart,cube_308,AZ,24,24,67.0,74.0,0.907
2026-09-02,cubesmart,cube_3088,FL,20,20,106.0,139.0,1.324
2026-09-02,cubesmart,cube_3093,FL,17,17,97.0,113.0,1.09
2026-09-02,cubesmart,cube_3094,FL,30,30,79.0,126.5,0.82
2026-09-02,cubesmart,cube_3096,CA,7,7,,74.0,1.164
2026-09-02,cubesmart,cube_3098,MD,14,14,132.0,122.0,1.333
2026-09-02,cubesmart,cube_3099,MD,9,9,153.0,153.0,1.6
2026-09-02,cubesmart,cube_3103,TX,12,12,78.0,89.0,1.054
2026-09-02,cubesmart,cube_3104,NY,12,12,232.0,150.0,2.883
2026-09-02,cubesmart,cube_3105,AZ,20,20,75.0,122.0,0.761
2026-09-02,cubesmart,cube_3106,TX,16,16,73.0,77.0,0.73
2026-09-02,cubesmart,cube_3107,PA,25,25,67.0,35.0,0.7
2026-09-02,cubesmart,cube_3109,TX,15,15,56.0,63.0,0.78
2026-09-02,cubesmart,cube_311,FL,19,19,82.0,82.0,0.86
2026-09-02,cubesmart,cube_3113,NY,7,7,461.0,214.0,4.61
2026-09-02,cubesmart,cube_3114,NY,11,11,495.0,495.0,4.683
2026-09-02,cubesmart,cube_3115,FL,16,16,124.0,150.5,1.573
2026-09-02,cubesmart,cube_3116,MA,18,18,150.0,65.5,1.374
2026-09-02,cubesmart,cube_3119,IN,10,10,104.0,115.0,1.33
2026-09-02,cubesmart,cube_3121,AZ,18,18,44.0,55.5,0.483
2026-09-02,cubesmart,cube_3123,FL,17,17,71.0,65.0,1.06
2026-09-02,cubesmart,cube_313,GA,16,16,25.0,98.5,0.548
2026-09-02,cubesmart,cube_3136,FL,14,14,115.0,121.0,1.09
2026-09-02,cubesmart,cube_3137,TX,19,19,75.0,75.0,0.772
2026-09-02,cubesmart,cube_3138,LA,13,13,37.0,39.0,0.315
2026-09-02,cubesmart,cube_3139,TX,10,10,85.0,59.0,0.923
2026-09-02,cubesmart,cube_3140,TX,18,18,52.0,51.5,0.84
2026-09-02,cubesmart,cube_3142,NY,9,9,313.0,107.0,2.52
2026-09-02,cubesmart,cube_3143,MA,13,13,,114.0,1.529
2026-09-02,cubesmart,cube_3144,TX,10,10,77.0,80.5,0.76
2026-09-02,cubesmart,cube_3145,MA,23,23,75.0,64.0,1.1
2026-09-02,cubesmart,cube_3146,MA,18,18,58.0,53.5,0.633
2026-09-02,cubesmart,cube_3149,OH,18,18,103.0,106.5,1.03
2026-09-02,cubesmart,cube_3150,OH,9,9,55.0,55.0,0.561
2026-09-02,cubesmart,cube_3151,OH,10,10,61.0,71.0,0.6
2026-09-02,cubesmart,cube_3152,OH,13,13,74.0,96.0,0.86
2026-09-02,cubesmart,cube_3153,OH,11,11,86.0,78.0,0.86
2026-09-02,cubesmart,cube_3155,FL,14,14,75.0,125.0,0.923
2026-09-02,cubesmart,cube_3156,FL,19,19,83.0,122.0,0.954
2026-09-02,cubesmart,cube_3157,FL,19,19,63.0,77.0,0.86
2026-09-02,cubesmart,cube_3158,NV,9,9,50.0,50.0,0.88
2026-09-02,cubesmart,cube_3159,CA,9,9,132.0,146.0,1.32
2026-09-02,cubesmart,cube_316,NC,12,12,102.0,105.5,0.92
2026-09-02,cubesmart,cube_3160,CA,23,23,102.0,85.0,1.2
2026-09-02,cubesmart,cube_3162,TX,22,22,,86.5,0.653
2026-09-02,cubesmart,cube_3167,NY,12,12,446.0,350.5,4.46
2026-09-02,cubesmart,cube_3168,NY,12,12,246.0,137.5,2.545
2026-09-02,cubesmart,cube_3169,NY,12,12,259.0,134.5,2.745
2026-09-02,cubesmart,cube_3170,NY,12,12,244.0,167.0,2.36
2026-09-02,cubesmart,cube_3171,NY,10,10,226.0,258.0,2.197
2026-09-02,cubesmart,cube_3173,FL,15,15,86.0,95.0,0.79
2026-09-02,cubesmart,cube_3174,FL,17,17,74.0,120.0,0.898
2026-09-02,cubesmart,cube_3175,FL,15,15,47.0,89.0,0.609
2026-09-02,cubesmart,cube_318,GA,12,12,,44.5,0.293
2026-09-02,cubesmart,cube_3183,TX,12,12,,49.0,0.717
2026-09-02,cubesmart,cube_3186,AZ,12,12,53.0,81.0,0.627
2026-09-02,cubesmart,cube_3187,TX,21,21,57.0,82.0,0.753
2026-09-02,cubesmart,cube_3189,TX,13,13,46.0,46.0,0.51
2026-09-02,cubesmart,cube_3192,NC,13,13,,96.0,10.514
2026-09-02,cubesmart,cube_3194,TX,10,10,67.0,71.0,0.772
2026-09-02,cubesmart,cube_3196,TX,15,15,61.0,80.0,0.8
2026-09-02,cubesmart,cube_3198,VA,22,22,195.0,266.5,1.861
2026-09-02,cubesmart,cube_3200,TX,15,15,100.0,103.0,1.24
2026-09-02,cubesmart,cube_3201,TN,6,6,56.0,67.0,0.698
2026-09-02,cubesmart,cube_3205,AZ,15,15,75.0,86.0,0.687
2026-09-02,cubesmart,cube_3207,IL,18,18,96.0,88.0,0.94
2026-09-02,cubesmart,cube_321,OH,10,10,88.0,113.5,0.737
2026-09-02,cubesmart,cube_3210,FL,16,16,103.0,128.5,1.32
2026-09-02,cubesmart,cube_3213,AZ,19,19,59.0,84.0,0.64
2026-09-02,cubesmart,cube_3214,NY,7,7,208.0,107.0,2.08
2026-09-02,cubesmart,cube_3216,FL,21,21,125.0,176.0,1.159
2026-09-02,cubesmart,cube_3218,VA,13,13,275.0,152.0,2.75
2026-09-02,cubesmart,cube_322,OH,7,7,100.0,64.0,0.853
2026-09-02,cubesmart,cube_3220,NJ,8,8,155.0,120.5,1.455
2026-09-02,cubesmart,cube_3222,MD,11,11,124.0,205.0,1.3
2026-09-02,cubesmart,cube_3223,MD,12,12,160.0,108.0,1.734
2026-09-02,cubesmart,cube_3224,DC,18,18,166.0,177.5,1.493
2026-09-02,cubesmart,cube_3227,NY,12,12,195.0,291.5,2.049
2026-09-02,cubesmart,cube_323,CT,8,8,118.0,92.5,1.35
2026-09-02,cubesmart,cube_324,CT,8,8,155.0,134.5,1.907
2026-09-02,cubesmart,cube_3242,NJ,18,18,100.0,77.0,1.236
2026-09-02,cubesmart,cube_3243,NY,15,15,278.0,278.0,2.633
2026-09-02,cubesmart,cube_3248,MA,18,18,82.0,121.0,1.102
2026-09-02,cubesmart,cube_325,CA,8,8,,137.5,1.126
2026-09-02,cubesmart,cube_3252,MA,40,40,102.0,131.0,1.612
2026-09-02,cubesmart,cube_3254,MA,9,9,86.0,116.0,1.16
2026-09-02,cubesmart,cube_3256,MA,6,6,,88.0,0.887
2026-09-02,cubesmart,cube_326,NJ,16,16,113.0,115.5,1.27
2026-09-02,cubesmart,cube_3260,MA,11,11,95.0,98.0,0.948
2026-09-02,cubesmart,cube_3279,NY,7,7,228.0,93.0,2.133
2026-09-02,cubesmart,cube_328,NC,14,14,99.0,125.0,1.187
2026-09-02,cubesmart,cube_3280,NY,11,11,137.0,137.0,1.526
2026-09-02,cubesmart,cube_3281,NC,17,17,100.0,69.0,0.82
2026-09-02,cubesmart,cube_3282,NC,12,12,53.0,96.0,0.68
2026-09-02,cubesmart,cube_3283,TX,19,19,79.0,79.0,0.79
2026-09-02,cubesmart,cube_3286,GA,10,10,61.0,100.0,0.839
2026-09-02,cubesmart,cube_3289,NY,12,12,,166.0,3.185
2026-09-02,cubesmart,cube_329,FL,19,19,85.0,90.0,1.007
2026-09-02,cubesmart,cube_3290,TX,10,10,93.0,128.5,0.763
2026-09-02,cubesmart,cube_3297,TX,21,21,71.0,101.0,0.735
2026-09-02,cubesmart,cube_3298,IL,4,4,,105.0,1.717
2026-09-02,cubesmart,cube_330,FL,26,26,144.0,151.0,1.6
2026-09-02,cubesmart,cube_3311,TN,16,16,52.0,75.0,0.493
2026-09-02,cubesmart,cube_3313,TN,10,10,75.0,106.0,0.76
2026-09-02,cubesmart,cube_3315,NY,15,15,234.0,234.0,1.915
2026-09-02,cubesmart,cube_3319,CT,16,16,120.0,132.0,1.314
2026-09-02,cubesmart,cube_332,OH,8,8,57.0,76.5,0.736
2026-09-02,cubesmart,cube_3323,AZ,11,11,127.0,171.0,1.32
2026-09-02,cubesmart,cube_3324,TX,17,17,125.0,36.0,1.02
2026-09-02,cubesmart,cube_3330,TX,10,10,59.0,29.5,0.703
2026-09-02,cubesmart,cube_3333,TX,13,13,108.0,121.0,0.98
2026-09-02,cubesmart,cube_3334,NC,11,11,,109.0,1.58
2026-09-02,cubesmart,cube_3336,FL,17,17,110.0,110.0,1.16
2026-09-02,cubesmart,cube_3337,FL,24,24,198.0,46.0,1.383
2026-09-02,cubesmart,cube_3338,FL,14,14,148.0,159.0,1.614
2026-09-02,cubesmart,cube_3345,VA,12,12,,72.5,0.714
2026-09-02,cubesmart,cube_3348,TX,4,4,,46.5,1.36
2026-09-02,cubesmart,cube_3351,MA,21,21,341.0,228.0,3.895
2026-09-02,cubesmart,cube_3355,CO,12,12,86.0,136.5,1.006
2026-09-02,cubesmart,cube_3356,TX,11,11,139.0,97.0,1.393
2026-09-02,cubesmart,cube_3358,MA,17,17,76.0,119.0,0.894
2026-09-02,cubesmart,cube_336,FL,18,18,73.0,64.5,0.85
2026-09-02,cubesmart,cube_3361,TN,27,27,100.0,143.0,1.0
2026-09-02,cubesmart,cube_3362,TN,29,29,123.0,151.0,1.144
2026-09-02,cubesmart,cube_3370,VA,9,9,178.0,97.0,1.88
2026-09-02,cubesmart,cube_3371,CO,10,10,113.0,119.5,1.16
2026-09-02,cubesmart,cube_3381,IL,9,9,142.0,124.0,1.627
2026-09-02,cubesmart,cube_3384,NY,29,29,368.0,115.0,2.54
2026-09-02,cubesmart,cube_3385,MD,20,20,62.0,34.5,0.774
2026-09-02,cubesmart,cube_3386,MA,23,23,105.0,105.0,1.23
2026-09-02,cubesmart,cube_3387,NY,19,19,177.0,267.0,1.648
2026-09-02,cubesmart,cube_339,FL,29,29,83.0,38.0,0.625
2026-09-02,cubesmart,cube_3391,NY,11,11,273.0,171.0,3.42
2026-09-02,cubesmart,cube_3397,PA,9,9,97.0,119.0,1.055
2026-09-02,cubesmart,cube_3399,TX,12,12,111.0,101.5,1.213
2026-09-02,cubesmart,cube_3401,NV,12,12,71.0,91.0,0.91
2026-09-02,cubesmart,cube_3402,NV,11,11,75.0,119.0,0.755
2026-09-02,cubesmart,cube_3408,AZ,14,14,69.0,74.0,0.805
2026-09-02,cubesmart,cube_3412,IL,9,9,86.0,167.0,1.113
2026-09-02,cubesmart,cube_3415,PA,14,14,101.0,110.0,1.377
2026-09-02,cubesmart,cube_3416,PA,13,13,113.0,128.0,0.945
2026-09-02,cubesmart,cube_3420,TX,13,13,43.0,71.0,0.636
2026-09-02,cubesmart,cube_3421,TX,12,12,,33.0,0.598
2026-09-02,cubesmart,cube_3422,MA,23,23,97.0,110.0,0.964
2026-09-02,cubesmart,cube_3426,NY,18,18,159.0,126.0,2.137
2026-09-02,cubesmart,cube_3431,NY,3,3,,263.0,1.052
2026-09-02,cubesmart,cube_3434,NV,11,11,61.0,64.0,0.8
2026-09-02,cubesmart,cube_3436,TX,13,13,57.0,40.0,0.647
2026-09-02,cubesmart,cube_3438,DC,14,14,260.0,183.0,2.52
2026-09-02,cubesmart,cube_3439,NC,9,9,73.0,82.0,0.82
2026-09-02,cubesmart,cube_3440,FL,14,14,142.0,86.5,1.95
2026-09-02,cubesmart,cube_3442,AZ,26,26,71.0,123.0,0.764
2026-09-02,cubesmart,cube_3445,NV,14,14,53.0,185.0,0.82
2026-09-02,cubesmart,cube_3447,MA,12,12,124.0,105.0,1.187
2026-09-02,cubesmart,cube_3448,MA,13,13,87.0,127.0,0.87
2026-09-02,cubesmart,cube_3449,MA,23,23,83.0,83.0,1.403
2026-09-02,cubesmart,cube_345,FL,14,14,43.0,45.0,0.611
2026-09-02,cubesmart,cube_3450,MA,16,16,95.0,86.0,1.077
2026-09-02,cubesmart,cube_3452,MA,7,7,62.0,62.0,0.413
2026-09-02,cubesmart,cube_3454,CT,15,15,113.0,82.0,1.16
2026-09-02,cubesmart,cube_3456,RI,9,9,118.0,60.0,1.14
2026-09-02,cubesmart,cube_3457,RI,10,10,79.0,91.0,0.79
2026-09-02,cubesmart,cube_3458,VT,8,8,84.0,87.0,0.72
2026-09-02,cubesmart,cube_3459,MA,8,8,142.0,168.5,1.42
2026-09-02,cubesmart,cube_3460,CT,23,23,75.0,94.0,1.05
2026-09-02,cubesmart,cube_3461,CT,9,9,92.0,92.0,1.113
2026-09-02,cubesmart,cube_3462,VA,4,4,179.0,92.0,2.34
2026-09-02,cubesmart,cube_3465,VT,6,6,100.0,102.0,0.91
2026-09-02,cubesmart,cube_3475,TX,17,17,76.0,85.0,1.06
2026-09-02,cubesmart,cube_3478,FL,8,8,,244.0,2.096
2026-09-02,cubesmart,cube_3483,TX,14,14,53.0,55.5,1.0
2026-09-02,cubesmart,cube_3487,AZ,10,10,58.0,81.0,0.675
2026-09-02,cubesmart,cube_3492,IL,12,12,117.0,61.0,0.883
2026-09-02,cubesmart,cube_3516,FL,13,13,125.0,125.0,1.313
2026-09-02,cubesmart,cube_3517,NY,8,8,184.0,99.0,2.043
2026-09-02,cubesmart,cube_3525,TN,16,16,66.0,102.5,1.004
2026-09-02,cubesmart,cube_3526,NY,11,11,228.0,151.0,2.28
2026-09-02,cubesmart,cube_3528,TX,13,13,93.0,130.0,1.307
2026-09-02,cubesmart,cube_3531,PA,11,11,100.0,133.0,1.043
2026-09-02,cubesmart,cube_3532,WA,23,23,160.0,160.0,1.78
2026-09-02,cubesmart,cube_3533,WA,19,19,98.0,204.0,1.25
2026-09-02,cubesmart,cube_3534,FL,12,12,134.0,105.5,1.515
2026-09-02,cubesmart,cube_3536,NY,23,23,668.0,192.0,6.4
2026-09-02,cubesmart,cube_3537,NC,10,10,,86.0,0.735
2026-09-02,cubesmart,cube_3542,GA,15,15,45.0,45.0,0.54
2026-09-02,cubesmart,cube_3548,TX,10,10,67.0,90.0,0.67
2026-09-02,cubesmart,cube_3555,NJ,9,9,142.0,142.0,1.433
2026-09-02,cubesmart,cube_356,CA,11,11,70.0,71.0,0.652
2026-09-02,cubesmart,cube_3560,CO,13,13,90.0,62.0,0.84
2026-09-02,cubesmart,cube_3562,NY,15,15,251.0,236.0,2.551
2026-09-02,cubesmart,cube_3565,AZ,16,16,142.0,180.5,1.275
2026-09-02,cubesmart,cube_3574,TX,7,7,68.0,68.0,0.68
2026-09-02,cubesmart,cube_3576,TX,14,14,124.0,112.5,0.867
2026-09-02,cubesmart,cube_3578,IL,16,16,109.0,144.5,1.097
2026-09-02,cubesmart,cube_3581,PA,9,9,,68.0,1.02
2026-09-02,cubesmart,cube_3582,PA,10,10,97.0,111.0,1.015
2026-09-02,cubesmart,cube_3583,PA,11,11,94.0,94.0,0.973
2026-09-02,cubesmart,cube_3584,PA,12,12,88.0,126.0,1.078
2026-09-02,cubesmart,cube_3585,PA,11,11,109.0,121.0,1.04
2026-09-02,cubesmart,cube_3607,SC,12,12,165.0,160.5,1.383
2026-09-02,cubesmart,cube_3608,TX,18,18,62.0,77.0,0.87
2026-09-02,cubesmart,cube_361,FL,16,16,86.0,88.5,0.875
2026-09-02,cubesmart,cube_3614,CO,11,11,94.0,94.0,1.333
2026-09-02,cubesmart,cube_3615,TX,12,12,71.0,46.0,0.883
2026-09-02,cubesmart,cube_3619,SC,5,5,,52.0,0.325
2026-09-02,cubesmart,cube_3625,FL,11,11,125.0,125.0,1.353
2026-09-02,cubesmart,cube_3630,FL,19,19,120.0,199.0,1.347
2026-09-02,cubesmart,cube_3634,TX,16,16,83.0,93.5,0.965
2026-09-02,cubesmart,cube_3635,NY,8,8,184.0,123.0,2.06
2026-09-02,cubesmart,cube_3645,NJ,9,9,272.0,104.0,2.531
2026-09-02,cubesmart,cube_3652,IL,11,11,107.0,107.0,1.105
2026-09-02,cubesmart,cube_3653,IL,9,9,113.0,181.0,1.373
2026-09-02,cubesmart,cube_366,FL,20,20,82.0,39.0,0.73
2026-09-02,cubesmart,cube_3661,NC,10,10,140.0,169.0,1.613
2026-09-02,cubesmart,cube_3674,TX,17,17,43.0,43.0,0.6
2026-09-02,cubesmart,cube_3675,FL,15,15,148.0,162.0,1.795
2026-09-02,cubesmart,cube_3682,AZ,6,6,90.0,101.0,1.252
2026-09-02,cubesmart,cube_3687,SC,10,10,170.0,173.5,1.428
2026-09-02,cubesmart,cube_3692,SC,18,18,76.0,66.0,1.69
2026-09-02,cubesmart,cube_3694,AZ,13,13,34.0,28.0,0.54
2026-09-02,cubesmart,cube_3706,NJ,12,12,162.0,256.0,1.917
2026-09-02,cubesmart,cube_3708,MD,15,15,134.0,166.0,1.366
2026-09-02,cubesmart,cube_3711,DC,17,17,135.0,160.0,1.289
2026-09-02,cubesmart,cube_3725,FL,9,9,158.0,88.0,1.76
2026-09-02,cubesmart,cube_373,CA,8,8,170.0,114.0,1.48
2026-09-02,cubesmart,cube_3730,TX,10,10,101.0,80.0,1.28
2026-09-02,cubesmart,cube_3731,CO,9,9,110.0,169.0,1.216
2026-09-02,cubesmart,cube_3735,FL,14,14,82.0,99.5,1.01
2026-09-02,cubesmart,cube_3743,LA,12,12,56.0,67.0,0.595
2026-09-02,cubesmart,cube_3751,NC,13,13,122.0,120.0,1.42
2026-09-02,cubesmart,cube_3755,GA,10,10,71.0,63.5,0.863
2026-09-02,cubesmart,cube_376,FL,9,9,202.0,202.0,2.6
2026-09-02,cubesmart,cube_3764,TX,11,11,101.0,167.0,1.316
2026-09-02,cubesmart,cube_377,NJ,8,8,128.0,161.0,1.287
2026-09-02,cubesmart,cube_3770,MA,9,9,146.0,81.0,1.62
2026-09-02,cubesmart,cube_3776,NY,11,11,95.0,107.0,0.807
2026-09-02,cubesmart,cube_3785,CA,21,21,182.0,197.0,2.348
2026-09-02,cubesmart,cube_3793,NV,6,6,112.0,167.0,0.856
2026-09-02,cubesmart,cube_380,FL,37,37,62.0,62.0,0.55
2026-09-02,cubesmart,cube_3802,NY,28,28,208.0,218.5,2.345
2026-09-02,cubesmart,cube_3806,TX,15,15,,46.0,0.567
2026-09-02,cubesmart,cube_381,NJ,17,17,,104.0,1.947
2026-09-02,cubesmart,cube_3816,TX,28,28,34.0,52.5,0.415
2026-09-02,cubesmart,cube_382,FL,14,14,90.0,68.5,0.92
2026-09-02,cubesmart,cube_3823,FL,33,33,35.0,35.0,0.463
2026-09-02,cubesmart,cube_3824,FL,15,15,,82.0,1.053
2026-09-02,cubesmart,cube_3830,NV,15,15,54.0,107.0,0.76
2026-09-02,cubesmart,cube_3836,GA,13,13,98.0,111.0,1.094
2026-09-02,cubesmart,cube_3838,OH,3,3,138.0,74.0,1.48
2026-09-02,cubesmart,cube_3848,CT,12,12,172.0,97.5,2.1
2026-09-02,cubesmart,cube_385,OH,14,14,110.0,79.5,1.173
2026-09-02,cubesmart,cube_3854,VA,12,12,168.0,137.5,1.733
2026-09-02,cubesmart,cube_3856,NC,11,11,68.0,68.0,1.32
2026-09-02,cubesmart,cube_386,NY,10,10,83.0,140.5,1.26
2026-09-02,cubesmart,cube_3866,FL,15,15,107.0,107.0,1.133
2026-09-02,cubesmart,cube_387,MA,15,15,88.0,114.0,1.34
2026-09-02,cubesmart,cube_3875,CT,7,7,70.0,140.0,0.933
2026-09-02,cubesmart,cube_3876,CT,12,12,,120.0,0.632
2026-09-02,cubesmart,cube_3877,NC,13,13,95.0,96.0,1.34
2026-09-02,cubesmart,cube_3879,GA,16,16,127.0,139.5,1.395
2026-09-02,cubesmart,cube_388,FL,14,14,158.0,166.5,1.712
2026-09-02,cubesmart,cube_3886,NJ,10,10,103.0,106.5,0.963
2026-09-02,cubesmart,cube_3887,CA,31,31,132.0,132.0,1.432
2026-09-02,cubesmart,cube_389,FL,17,17,61.0,27.0,0.55
2026-09-02,cubesmart,cube_3892,CT,12,12,140.0,101.0,1.447
2026-09-02,cubesmart,cube_3894,RI,10,10,114.0,107.0,1.112
2026-09-02,cubesmart,cube_3895,RI,12,12,212.0,112.5,1.986
2026-09-02,cubesmart,cube_3896,RI,12,12,122.0,151.0,1.22
2026-09-02,cubesmart,cube_3902,CO,10,10,113.0,159.5,0.887
2026-09-02,cubesmart,cube_3908,IA,7,7,45.0,45.0,0.53
2026-09-02,cubesmart,cube_3913,MA,5,5,182.0,84.0,1.68
2026-09-02,cubesmart,cube_3916,FL,14,14,113.0,123.0,0.907
2026-09-02,cubesmart,cube_3918,NY,22,22,209.0,193.0,2.496
2026-09-02,cubesmart,cube_3919,NJ,20,20,175.0,115.5,1.871
2026-09-02,cubesmart,cube_392,CT,6,6,40.0,61.5,0.403
2026-09-02,cubesmart,cube_3927,PA,15,15,103.0,106.0,0.995
2026-09-02,cubesmart,cube_3932,TX,14,14,107.0,147.5,1.019
2026-09-02,cubesmart,cube_3934,FL,12,12,228.0,170.5,2.36
2026-09-02,cubesmart,cube_3936,NJ,11,11,125.0,77.0,1.78
2026-09-02,cubesmart,cube_3937,AZ,10,10,77.0,77.0,0.77
2026-09-02,cubesmart,cube_3939,TX,15,15,125.0,125.0,1.27
2026-09-02,cubesmart,cube_394,FL,23,23,142.0,118.0,1.4
2026-09-02,cubesmart,cube_3943,OH,26,26,75.0,75.5,0.745
2026-09-02,cubesmart,cube_3945,OH,14,14,52.0,45.0,0.63
2026-09-02,cubesmart,cube_3947,MD,12,12,138.0,101.0,1.519
2026-09-02,cubesmart,cube_395,FL,22,22,215.0,80.5,1.642
2026-09-02,cubesmart,cube_3954,NY,9,9,320.0,162.0,3.52
2026-09-02,cubesmart,cube_3957,TN,18,18,70.0,86.0,0.818
2026-09-02,cubesmart,cube_3958,MS,14,14,104.0,113.5,0.745
2026-09-02,cubesmart,cube_396,FL,15,15,108.0,43.0,1.05
2026-09-02,cubesmart,cube_3968,CO,10,10,113.0,127.0,1.169
2026-09-02,cubesmart,cube_397,FL,19,19,115.0,163.0,1.48
2026-09-02,cubesmart,cube_3975,TX,16,16,83.0,74.0,0.825
2026-09-02,cubesmart,cube_3978,FL,23,23,57.0,81.0,0.684
2026-09-02,cubesmart,cube_3979,FL,19,19,56.0,63.0,0.6
2026-09-02,cubesmart,cube_3985,MD,13,13,109.0,94.0,1.09
2026-09-02,cubesmart,cube_399,NC,11,11,71.0,89.0,0.938
2026-09-02,cubesmart,cube_3994,TX,12,12,112.0,106.5,1.347
2026-09-02,cubesmart,cube_3995,TX,12,12,78.0,55.0,0.96
2026-09-02,cubesmart,cube_3997,PA,18,18,103.0,44.5,1.25
2026-09-02,cubesmart,cube_3999,TN,13,13,60.0,81.0,0.65
2026-09-02,cubesmart,cube_400,NC,14,14,60.0,102.5,0.653
2026-09-02,cubesmart,cube_4001,TX,13,13,73.0,52.0,1.04
2026-09-02,cubesmart,cube_4002,TN,13,13,209.0,169.0,1.988
2026-09-02,cubesmart,cube_4005,NC,20,20,104.0,100.0,1.495
2026-09-02,cubesmart,cube_4007,FL,11,11,85.0,108.0,0.88
2026-09-02,cubesmart,cube_4012,NM,7,7,,85.0,0.753
2026-09-02,cubesmart,cube_4013,NM,10,10,60.0,63.0,0.867
2026-09-02,cubesmart,cube_402,GA,17,17,27.0,79.0,0.44
2026-09-02,cubesmart,cube_4028,FL,28,28,85.0,84.0,1.08
2026-09-02,cubesmart,cube_4029,GA,22,22,103.0,86.0,1.112
2026-09-02,cubesmart,cube_403,CA,9,9,104.0,139.0,0.995
2026-09-02,cubesmart,cube_4033,NV,12,12,94.0,111.5,0.675
2026-09-02,cubesmart,cube_4035,OH,9,9,84.0,109.0,0.715
2026-09-02,cubesmart,cube_4036,NY,9,9,364.0,150.0,3.0
2026-09-02,cubesmart,cube_4045,VA,12,12,109.0,90.5,1.065
2026-09-02,cubesmart,cube_405,GA,11,11,37.0,58.0,0.583
2026-09-02,cubesmart,cube_4055,TN,8,8,149.0,162.5,1.733
2026-09-02,cubesmart,cube_4056,TX,14,14,64.0,55.5,0.628
2026-09-02,cubesmart,cube_4057,WA,8,8,124.0,220.0,1.408
2026-09-02,cubesmart,cube_406,GA,12,12,71.0,97.0,0.82
2026-09-02,cubesmart,cube_4060,AL,10,10,,79.5,1.18
2026-09-02,cubesmart,cube_4068,NV,8,8,77.0,70.0,0.77
2026-09-02,cubesmart,cube_407,GA,14,14,64.0,79.0,0.737
2026-09-02,cubesmart,cube_4072,MA,13,13,59.0,67.0,1.273
2026-09-02,cubesmart,cube_4073,MI,15,15,67.0,67.0,0.824
2026-09-02,cubesmart,cube_4074,FL,12,12,59.0,78.5,0.637
2026-09-02,cubesmart,cube_4075,NY,7,7,133.0,133.0,1.107
2026-09-02,cubesmart,cube_4082,MA,10,10,72.0,93.5,0.72
2026-09-02,cubesmart,cube_4087,MA,12,12,,245.0,1.097
2026-09-02,cubesmart,cube_4088,FL,14,14,80.0,89.5,0.83
2026-09-02,cubesmart,cube_409,GA,11,11,52.0,113.0,0.538
2026-09-02,cubesmart,cube_4090,TX,23,23,72.0,60.0,1.24
2026-09-02,cubesmart,cube_4093,NY,15,15,121.0,147.0,1.376
2026-09-02,cubesmart,cube_4096,IN,36,36,44.0,74.5,0.572
2026-09-02,cubesmart,cube_410,IL,15,15,119.0,119.0,1.4
2026-09-02,cubesmart,cube_4100,AZ,8,8,98.0,124.5,1.03
2026-09-02,cubesmart,cube_4101,FL,8,8,101.0,120.5,0.88
2026-09-02,cubesmart,cube_4102,TX,10,10,58.0,73.0,0.58
2026-09-02,cubesmart,cube_4103,NC,21,21,99.0,99.0,1.8
2026-09-02,cubesmart,cube_4105,PA,14,14,200.0,131.5,1.38
2026-09-02,cubesmart,cube_411,MD,21,21,85.0,105.0,1.045
2026-09-02,cubesmart,cube_4110,MN,17,17,109.0,83.0,1.11
2026-09-02,cubesmart,cube_4113,FL,20,20,114.0,119.5,1.04
2026-09-02,cubesmart,cube_4118,FL,13,13,81.0,81.0,0.875
2026-09-02,cubesmart,cube_4119,FL,15,15,74.0,96.0,0.88
2026-09-02,cubesmart,cube_412,MD,19,19,121.0,131.0,1.223
2026-09-02,cubesmart,cube_4124,TX,16,16,96.0,101.0,1.01
2026-09-02,cubesmart,cube_413,MD,14,14,135.0,201.5,1.332
2026-09-02,cubesmart,cube_4131,NY,47,47,134.0,141.0,0.944
2026-09-02,cubesmart,cube_4132,CA,6,6,171.0,170.5,1.976
2026-09-02,cubesmart,cube_4133,TX,8,8,44.0,73.0,0.585
2026-09-02,cubesmart,cube_4134,TX,9,9,74.0,109.0,0.85
2026-09-02,cubesmart,cube_4135,TX,11,11,65.0,87.0,0.785
2026-09-02,cubesmart,cube_4136,TX,7,7,68.0,100.0,0.627
2026-09-02,cubesmart,cube_4137,TX,12,12,61.0,130.0,0.693
2026-09-02,cubesmart,cube_414,PA,15,15,93.0,93.0,0.88
2026-09-02,cubesmart,cube_4144,NC,10,10,81.0,72.0,0.838
2026-09-02,cubesmart,cube_4147,IL,7,7,64.0,23.0,0.52
2026-09-02,cubesmart,cube_4148,WI,9,9,145.0,169.0,1.127
2026-09-02,cubesmart,cube_415,CA,9,9,116.0,170.0,1.24
2026-09-02,cubesmart,cube_4154,TN,7,7,131.0,131.0,1.31
2026-09-02,cubesmart,cube_4155,NJ,15,15,,99.0,1.98
2026-09-02,cubesmart,cube_416,MA,10,10,241.0,238.5,2.78
2026-09-02,cubesmart,cube_417,NY,20,20,194.0,249.5,1.93
2026-09-02,cubesmart,cube_4172,NC,16,16,66.0,60.0,0.87
2026-09-02,cubesmart,cube_4178,TX,17,17,82.0,82.0,0.725
2026-09-02,cubesmart,cube_4179,TX,6,6,52.0,55.0,0.66
2026-09-02,cubesmart,cube_4180,TX,13,13,68.0,68.0,0.703
2026-09-02,cubesmart,cube_4181,IL,10,10,89.0,68.5,0.82
2026-09-02,cubesmart,cube_4185,TN,21,21,184.0,185.0,1.92
2026-09-02,cubesmart,cube_419,MD,15,15,72.0,76.0,0.92
2026-09-02,cubesmart,cube_4191,FL,12,12,139.0,88.0,1.335
2026-09-02,cubesmart,cube_420,MD,15,15,123.0,184.0,1.495
2026-09-02,cubesmart,cube_421,FL,13,13,67.0,35.0,0.65
2026-09-02,cubesmart,cube_4211,NY,12,12,197.0,197.0,1.97
2026-09-02,cubesmart,cube_4214,MA,7,7,134.0,134.0,1.34
2026-09-02,cubesmart,cube_4215,MD,9,9,86.0,47.0,0.94
2026-09-02,cubesmart,cube_4218,KY,14,14,47.0,38.5,0.677
2026-09-02,cubesmart,cube_422,FL,18,18,116.0,160.0,1.566
2026-09-02,cubesmart,cube_4221,MS,21,21,111.0,128.0,1.11
2026-09-02,cubesmart,cube_4222,PA,19,19,122.0,81.0,1.157
2026-09-02,cubesmart,cube_4226,OH,11,11,77.0,77.0,0.865
2026-09-02,cubesmart,cube_4229,GA,18,18,62.0,67.5,0.89
2026-09-02,cubesmart,cube_423,TX,8,8,57.0,42.5,0.52
2026-09-02,cubesmart,cube_4231,GA,13,13,75.0,48.0,0.98
2026-09-02,cubesmart,cube_4237,PA,8,8,165.0,110.0,1.927
2026-09-02,cubesmart,cube_4243,AL,27,27,86.0,98.0,0.973
2026-09-02,cubesmart,cube_4245,AZ,14,14,88.0,90.0,0.947
2026-09-02,cubesmart,cube_4248,VA,11,11,143.0,143.0,1.067
2026-09-02,cubesmart,cube_4250,TX,15,15,49.0,49.0,0.93
2026-09-02,cubesmart,cube_4251,FL,16,16,105.0,56.5,0.99
2026-09-02,cubesmart,cube_4253,CT,5,5,97.0,97.0,1.176
2026-09-02,cubesmart,cube_4254,CT,8,8,138.0,116.0,1.39
2026-09-02,cubesmart,cube_4260,PA,9,9,,88.0,1.193
2026-09-02,cubesmart,cube_4261,PA,10,10,96.0,62.5,0.926
2026-09-02,cubesmart,cube_4262,VA,14,14,95.0,82.0,1.107
2026-09-02,cubesmart,cube_4263,VT,3,3,129.0,111.0,1.755
2026-09-02,cubesmart,cube_427,DC,11,11,219.0,167.0,2.147
2026-09-02,cubesmart,cube_4271,CT,11,11,166.0,230.0,1.413
2026-09-02,cubesmart,cube_4272,NY,14,14,194.0,271.5,1.8
2026-09-02,cubesmart,cube_4275,TN,11,11,148.0,84.0,1.887
2026-09-02,cubesmart,cube_4276,CA,8,8,,57.0,0.681
2026-09-02,cubesmart,cube_4277,CA,17,17,,83.0,0.674
2026-09-02,cubesmart,cube_4278,FL,16,16,105.0,154.5,1.253
2026-09-02,cubesmart,cube_4282,NJ,5,5,126.0,80.0,1.6
2026-09-02,cubesmart,cube_4286,FL,13,13,107.0,167.0,1.31
2026-09-02,cubesmart,cube_4289,FL,20,20,110.0,145.0,1.077
2026-09-02,cubesmart,cube_4291,NC,14,14,138.0,121.0,1.595
2026-09-02,cubesmart,cube_4296,MI,21,21,122.0,156.0,1.196
2026-09-02,cubesmart,cube_4297,FL,16,16,110.0,132.0,1.243
2026-09-02,cubesmart,cube_4300,NY,5,5,199.0,40.0,1.6
2026-09-02,cubesmart,cube_4301,NV,8,8,140.0,152.0,0.983
2026-09-02,cubesmart,cube_4303,VA,11,11,107.0,137.0,1.07
2026-09-02,cubesmart,cube_4304,FL,24,24,42.0,45.5,0.447
2026-09-02,cubesmart,cube_4305,TX,19,19,,63.0,0.354
2026-09-02,cubesmart,cube_4306,FL,11,11,200.0,270.0,2.0
2026-09-02,cubesmart,cube_4308,NC,13,13,98.0,131.0,0.98
2026-09-02,cubesmart,cube_4309,VA,7,7,125.0,90.0,1.25
2026-09-02,cubesmart,cube_4310,FL,14,14,112.0,152.5,0.923
2026-09-02,cubesmart,cube_4311,FL,21,21,76.0,82.0,0.663
2026-09-02,cubesmart,cube_4312,FL,19,19,52.0,64.0,0.776
2026-09-02,cubesmart,cube_4316,FL,15,15,82.0,69.0,0.82
2026-09-02,cubesmart,cube_4319,TX,12,12,152.0,159.5,1.397
2026-09-02,cubesmart,cube_4321,SC,6,6,40.0,66.0,0.511
2026-09-02,cubesmart,cube_4326,AL,10,10,110.0,82.0,1.137
2026-09-02,cubesmart,cube_4334,FL,16,16,109.0,85.5,1.22
2026-09-02,cubesmart,cube_4335,PA,11,11,138.0,65.0,1.2
2026-09-02,cubesmart,cube_4338,MD,13,13,150.0,152.0,1.68
2026-09-02,cubesmart,cube_4340,FL,13,13,94.0,67.0,1.109
2026-09-02,cubesmart,cube_4341,CT,14,14,74.0,89.0,0.912
2026-09-02,cubesmart,cube_4344,CA,11,11,77.0,87.0,0.77
2026-09-02,cubesmart,cube_4345,NC,13,13,86.0,80.0,1.0
2026-09-02,cubesmart,cube_4346,GA,8,8,63.0,44.5,0.845
2026-09-02,cubesmart,cube_4353,TX,12,12,57.0,57.5,0.649
2026-09-02,cubesmart,cube_4354,TX,11,11,39.0,70.0,0.575
2026-09-02,cubesmart,cube_4357,TX,16,16,49.0,51.0,0.51
2026-09-02,cubesmart,cube_4368,MN,9,9,107.0,107.0,0.885
2026-09-02,cubesmart,cube_4371,PA,14,14,83.0,112.0,0.958
2026-09-02,cubesmart,cube_4372,AZ,13,13,76.0,129.0,0.64
2026-09-02,cubesmart,cube_4373,CT,11,11,125.0,174.0,1.027
2026-09-02,cubesmart,cube_4378,AL,11,11,112.0,130.0,1.255
2026-09-02,cubesmart,cube_4381,NM,2,2,,52.5,
2026-09-02,cubesmart,cube_4382,SC,10,10,60.0,259.5,1.412
2026-09-02,cubesmart,cube_4383,IN,22,22,89.0,108.0,1.134
2026-09-02,cubesmart,cube_4384,IL,27,27,79.0,86.0,1.075
2026-09-02,cubesmart,cube_4386,TX,7,7,124.0,124.0,0.336
2026-09-02,cubesmart,cube_4388,FL,15,15,100.0,100.0,1.057
2026-09-02,cubesmart,cube_4389,TX,11,11,120.0,120.0,1.2
2026-09-02,cubesmart,cube_4390,CA,9,9,116.0,155.0,0.927
2026-09-02,cubesmart,cube_4391,NJ,14,14,55.0,53.5,0.853
2026-09-02,cubesmart,cube_4393,TX,5,5,41.0,31.0,0.54
2026-09-02,cubesmart,cube_4398,FL,9,9,,62.0,1.087
2026-09-02,cubesmart,cube_4399,TX,10,10,77.0,92.0,0.898
2026-09-02,cubesmart,cube_4402,FL,12,12,248.0,170.5,2.38
2026-09-02,cubesmart,cube_4403,MD,17,17,103.0,103.0,1.079
2026-09-02,cubesmart,cube_4404,WI,11,11,84.0,158.0,0.44
2026-09-02,cubesmart,cube_4405,FL,20,20,122.0,75.5,1.305
2026-09-02,cubesmart,cube_4408,TN,15,15,75.0,115.0,0.965
2026-09-02,cubesmart,cube_4412,OH,13,13,73.0,105.0,0.73
2026-09-02,cubesmart,cube_4413,MI,38,38,79.0,157.5,1.25
2026-09-02,cubesmart,cube_4414,FL,7,7,52.0,89.0,0.5
2026-09-02,cubesmart,cube_4417,NJ,15,15,101.0,188.0,1.516
2026-09-02,cubesmart,cube_4418,NJ,12,12,58.0,63.0,0.817
2026-09-02,cubesmart,cube_4419,NY,11,11,109.0,120.0,1.44
2026-09-02,cubesmart,cube_4421,NV,8,8,71.0,57.0,0.81
2026-09-02,cubesmart,cube_4423,TX,12,12,108.0,65.0,0.97
2026-09-02,cubesmart,cube_4425,MD,14,14,58.0,81.5,0.559
2026-09-02,cubesmart,cube_4428,NC,9,9,80.0,50.0,1.16
2026-09-02,cubesmart,cube_4429,DE,11,11,78.0,65.0,0.867
2026-09-02,cubesmart,cube_4432,AZ,11,11,47.0,58.0,0.603
2026-09-02,cubesmart,cube_4439,MD,7,7,151.0,209.0,1.393
2026-09-02,cubesmart,cube_4442,GA,13,13,52.0,52.0,0.58
2026-09-02,cubesmart,cube_4446,CA,14,14,181.0,206.5,1.585
2026-09-02,cubesmart,cube_4447,CA,9,9,193.0,254.0,1.314
2026-09-02,cubesmart,cube_4448,CA,7,7,105.0,105.0,1.073
2026-09-02,cubesmart,cube_4449,CA,17,17,114.0,110.0,0.965
2026-09-02,cubesmart,cube_4450,CA,14,14,168.0,124.0,1.779
2026-09-02,cubesmart,cube_4451,CA,8,8,180.0,139.5,1.67
2026-09-02,cubesmart,cube_4452,CA,14,14,152.0,118.5,2.04
2026-09-02,cubesmart,cube_4453,CA,15,15,98.0,207.0,1.224
2026-09-02,cubesmart,cube_4454,CA,15,15,72.0,56.0,0.828
2026-09-02,cubesmart,cube_4455,CA,15,15,95.0,83.0,1.232
2026-09-02,cubesmart,cube_4456,CA,14,14,154.0,261.5,1.453
2026-09-02,cubesmart,cube_4457,CA,14,14,134.0,101.5,1.706
2026-09-02,cubesmart,cube_4458,CA,8,8,168.0,172.0,1.28
2026-09-02,cubesmart,cube_4459,CA,11,11,172.0,194.0,1.614
2026-09-02,cubesmart,cube_4460,CA,10,10,114.0,164.0,1.275
2026-09-02,cubesmart,cube_4461,CA,21,21,94.0,115.0,1.308
2026-09-02,cubesmart,cube_4462,CA,10,10,,223.5,1.328
2026-09-02,cubesmart,cube_4463,CA,12,12,,181.0,1.486
2026-09-02,cubesmart,cube_4464,CA,12,12,151.0,221.0,1.484
2026-09-02,cubesmart,cube_4465,CA,11,11,145.0,104.0,1.828
2026-09-02,cubesmart,cube_4466,GA,16,16,84.0,51.0,0.84
2026-09-02,cubesmart,cube_4467,NV,14,14,82.0,119.5,1.073
2026-09-02,cubesmart,cube_4468,CA,16,16,138.0,157.0,1.732
2026-09-02,cubesmart,cube_4469,CA,8,8,,204.0,1.472
2026-09-02,cubesmart,cube_4470,NV,15,15,71.0,83.0,0.923
2026-09-02,cubesmart,cube_4472,NV,10,10,79.0,81.0,0.973
2026-09-02,cubesmart,cube_4473,NV,15,15,59.0,59.0,0.82
2026-09-02,cubesmart,cube_4474,NV,10,10,88.0,76.5,0.913
2026-09-02,cubesmart,cube_4475,NV,15,15,63.0,70.0,0.753
2026-09-02,cubesmart,cube_4476,NV,13,13,51.0,59.0,0.714
2026-09-02,cubesmart,cube_4477,NV,11,11,73.0,68.0,1.03
2026-09-02,cubesmart,cube_4478,NV,19,19,86.0,124.0,0.885
2026-09-02,cubesmart,cube_4479,NV,9,9,89.0,89.0,0.947
2026-09-02,cubesmart,cube_4480,NV,11,11,58.0,71.0,0.74
2026-09-02,cubesmart,cube_4481,NV,12,12,72.0,97.5,0.96
2026-09-02,cubesmart,cube_4482,TX,19,19,119.0,144.0,1.097
2026-09-02,cubesmart,cube_4483,TX,13,13,162.0,167.0,1.62
2026-09-02,cubesmart,cube_4484,TX,15,15,101.0,101.0,1.13
2026-09-02,cubesmart,cube_4485,TX,12,12,100.0,105.5,1.098
2026-09-02,cubesmart,cube_4486,TX,12,12,39.0,28.5,0.647
2026-09-02,cubesmart,cube_4487,TX,14,14,80.0,56.5,0.943
2026-09-02,cubesmart,cube_4488,TX,13,13,101.0,160.0,1.128
2026-09-02,cubesmart,cube_4489,AZ,5,5,52.0,52.0,0.52
2026-09-02,cubesmart,cube_4490,AZ,8,8,,187.5,0.711
2026-09-02,cubesmart,cube_4491,AZ,14,14,101.0,140.0,1.01
2026-09-02,cubesmart,cube_4492,AZ,15,15,60.0,41.0,0.76
2026-09-02,cubesmart,cube_4493,AZ,10,10,,214.5,1.24
2026-09-02,cubesmart,cube_4494,AZ,9,9,67.0,67.0,0.74
2026-09-02,cubesmart,cube_4495,AZ,18,18,74.0,129.5,0.823
2026-09-02,cubesmart,cube_4496,AZ,14,14,55.0,86.5,0.571
2026-09-02,cubesmart,cube_4497,AZ,11,11,69.0,83.0,0.622
2026-09-02,cubesmart,cube_4498,AZ,8,8,,43.0,0.762
2026-09-02,cubesmart,cube_4499,AZ,23,23,82.0,176.0,1.018
2026-09-02,cubesmart,cube_4500,AZ,12,12,50.0,57.5,0.747
2026-09-02,cubesmart,cube_4502,AZ,13,13,77.0,97.0,0.667
2026-09-02,cubesmart,cube_4503,AZ,16,16,64.0,50.0,0.765
2026-09-02,cubesmart,cube_4504,AZ,19,19,86.0,97.0,0.97
2026-09-02,cubesmart,cube_4505,AZ,19,19,105.0,115.0,0.743
2026-09-02,cubesmart,cube_4506,NV,19,19,44.0,75.0,0.72
2026-09-02,cubesmart,cube_4511,TX,4,4,,125.5,0.348
2026-09-02,cubesmart,cube_4515,NC,17,17,121.0,126.0,1.1
2026-09-02,cubesmart,cube_4516,IL,12,12,91.0,112.0,0.931
2026-09-02,cubesmart,cube_4517,CT,16,16,150.0,162.5,2.0
2026-09-02,cubesmart,cube_4518,FL,24,24,,118.0,0.588
2026-09-02,cubesmart,cube_4519,GA,9,9,72.0,80.0,0.607
2026-09-02,cubesmart,cube_4521,TX,5,5,,87.0,0.575
2026-09-02,cubesmart,cube_4522,MA,8,8,137.0,59.0,1.18
2026-09-02,cubesmart,cube_4523,TX,7,7,45.0,70.0,0.533
2026-09-02,cubesmart,cube_4524,TX,10,10,32.0,39.5,0.31
2026-09-02,cubesmart,cube_4525,TX,6,6,29.0,52.5,0.295
2026-09-02,cubesmart,cube_4527,TX,17,17,73.0,102.0,0.73
2026-09-02,cubesmart,cube_4529,TX,17,17,72.0,49.0,0.896
2026-09-02,cubesmart,cube_4533,PA,15,15,98.0,98.0,1.152
2026-09-02,cubesmart,cube_4534,IL,6,6,,132.5,1.311
2026-09-02,cubesmart,cube_4535,OH,23,23,77.0,95.0,0.794
2026-09-02,cubesmart,cube_4536,FL,13,13,175.0,175.0,2.32
2026-09-02,cubesmart,cube_4538,VA,12,12,155.0,149.5,1.64
2026-09-02,cubesmart,cube_4540,MD,15,15,130.0,155.0,1.16
2026-09-02,cubesmart,cube_4541,FL,24,24,59.0,76.5,0.857
2026-09-02,cubesmart,cube_4542,FL,9,9,130.0,97.0,1.22
2026-09-02,cubesmart,cube_4543,FL,20,20,88.0,69.0,0.738
2026-09-02,cubesmart,cube_4544,TX,5,5,78.0,78.0,0.88
2026-09-02,cubesmart,cube_4546,FL,16,16,63.0,88.0,0.657
2026-09-02,cubesmart,cube_4547,NY,19,19,207.0,207.0,2.244
2026-09-02,cubesmart,cube_4548,MS,29,29,81.0,123.0,0.815
2026-09-02,cubesmart,cube_4549,NJ,12,12,135.0,82.0,1.432
2026-09-02,cubesmart,cube_4551,IL,11,11,73.0,73.0,0.755
2026-09-02,cubesmart,cube_4552,TX,11,11,30.0,46.0,0.475
2026-09-02,cubesmart,cube_4553,CO,7,7,117.0,67.0,1.32
2026-09-02,cubesmart,cube_4554,NY,13,13,302.0,175.0,3.244
2026-09-02,cubesmart,cube_4555,NY,7,7,,159.0,4.96
2026-09-02,cubesmart,cube_4559,NY,13,13,243.0,187.0,2.813
2026-09-02,cubesmart,cube_4560,NY,11,11,216.0,194.0,2.7
2026-09-02,cubesmart,cube_4561,NY,22,22,311.0,331.0,3.343
2026-09-02,cubesmart,cube_4562,NJ,9,9,99.0,70.0,0.875
2026-09-02,cubesmart,cube_4563,NC,13,13,119.0,83.0,1.37
2026-09-02,cubesmart,cube_4565,LA,18,18,54.0,58.5,0.55
2026-09-02,cubesmart,cube_4566,CA,9,9,,196.0,
2026-09-02,cubesmart,cube_4569,WI,23,23,76.0,76.0,0.895
2026-09-02,cubesmart,cube_4570,WI,23,23,92.0,72.0,0.904
2026-09-02,cubesmart,cube_4572,TN,11,11,77.0,136.0,0.888
2026-09-02,cubesmart,cube_4573,WA,11,11,88.0,61.0,1.564
2026-09-02,cubesmart,cube_4579,MO,2,2,,38.0,1.8
2026-09-02,cubesmart,cube_4580,OH,14,14,60.0,55.5,0.797
2026-09-02,cubesmart,cube_4581,MD,9,9,86.0,88.0,1.06
2026-09-02,cubesmart,cube_4582,TX,15,15,88.0,70.0,1.04
2026-09-02,cubesmart,cube_4583,VA,26,26,157.0,160.5,1.613
2026-09-02,cubesmart,cube_4585,RI,7,7,124.0,124.0,1.107
2026-09-02,cubesmart,cube_4586,NY,10,10,130.0,141.5,1.155
2026-09-02,cubesmart,cube_4587,TX,5,5,40.0,75.0,0.49
2026-09-02,cubesmart,cube_4590,TX,6,6,64.0,106.0,0.689
2026-09-02,cubesmart,cube_4593,NY,7,7,196.0,268.0,1.787
2026-09-02,cubesmart,cube_4595,CA,8,8,62.0,72.5,0.499
2026-09-02,cubesmart,cube_4596,FL,13,13,49.0,30.0,0.533
2026-09-02,cubesmart,cube_4597,FL,18,18,75.0,140.5,1.383
2026-09-02,cubesmart,cube_4599,CA,15,15,129.0,95.0,1.537
2026-09-02,cubesmart,cube_4600,MD,6,6,76.0,68.5,0.76
2026-09-02,cubesmart,cube_4601,MD,14,14,73.0,123.5,0.73
2026-09-02,cubesmart,cube_4602,MD,7,7,83.0,125.0,0.775
2026-09-02,cubesmart,cube_4603,MD,5,5,91.0,153.0,0.765
2026-09-02,cubesmart,cube_4604,CT,8,8,85.0,91.5,0.775
2026-09-02,cubesmart,cube_4606,AR,6,6,29.0,46.0,0.355
2026-09-02,cubesmart,cube_4614,TX,17,17,63.0,63.0,1.03
2026-09-02,cubesmart,cube_4617,IL,25,25,79.0,87.0,0.745
2026-09-02,cubesmart,cube_4618,FL,21,21,68.0,92.0,0.7
2026-09-02,cubesmart,cube_4620,VA,14,14,,18.5,0.458
2026-09-02,cubesmart,cube_4621,FL,15,15,49.0,52.0,0.57
2026-09-02,cubesmart,cube_4623,MA,4,4,256.0,233.5,1.983
2026-09-02,cubesmart,cube_4624,CO,8,8,79.0,76.0,0.738
2026-09-02,cubesmart,cube_4627,FL,20,20,78.0,72.0,0.639
2026-09-02,cubesmart,cube_4628,FL,14,14,42.0,63.0,0.55
2026-09-02,cubesmart,cube_4629,AL,16,16,120.0,185.5,1.013
2026-09-02,cubesmart,cube_4630,AL,5,5,37.0,90.0,0.6
2026-09-02,cubesmart,cube_4631,MI,17,17,121.0,108.0,0.889
2026-09-02,cubesmart,cube_4632,AL,15,15,38.0,38.0,0.51
2026-09-02,cubesmart,cube_4633,FL,18,18,65.0,81.0,0.735
2026-09-02,cubesmart,cube_4634,TX,16,16,78.0,65.0,0.84
2026-09-02,cubesmart,cube_4635,MI,12,12,71.0,109.0,0.749
2026-09-02,cubesmart,cube_4636,MI,26,26,107.0,120.0,1.115
2026-09-02,cubesmart,cube_4637,PA,10,10,81.0,72.0,0.812
2026-09-02,cubesmart,cube_4638,FL,16,16,75.0,108.5,0.78
2026-09-02,cubesmart,cube_4639,CO,13,13,52.0,163.0,0.847
2026-09-02,cubesmart,cube_4640,MI,10,10,71.0,65.5,0.84
2026-09-02,cubesmart,cube_4642,FL,11,11,103.0,65.0,1.147
2026-09-02,cubesmart,cube_4645,TX,9,9,44.0,46.0,0.442
2026-09-02,cubesmart,cube_4646,TX,8,8,61.0,67.5,0.459
2026-09-02,cubesmart,cube_4647,TX,4,4,,43.5,0.347
2026-09-02,cubesmart,cube_4648,TX,4,4,48.0,45.5,0.509
2026-09-02,cubesmart,cube_4649,TX,12,12,88.0,136.5,0.806
2026-09-02,cubesmart,cube_4651,SC,9,9,44.0,128.0,0.85
2026-09-02,cubesmart,cube_4652,OH,18,18,60.0,34.0,0.59
2026-09-02,cubesmart,cube_4653,NY,10,10,214.0,202.0,2.37
2026-09-02,cubesmart,cube_4655,MI,8,8,142.0,97.0,1.199
2026-09-02,cubesmart,cube_4656,DE,24,24,47.0,38.5,0.606
2026-09-02,cubesmart,cube_4657,MD,10,10,125.0,109.5,1.42
2026-09-02,cubesmart,cube_4659,OH,6,6,,42.5,0.99
2026-09-02,cubesmart,cube_4660,MA,28,28,101.0,163.0,1.025
2026-09-02,cubesmart,cube_4663,SC,13,13,55.0,55.0,0.613
2026-09-02,cubesmart,cube_4664,NM,3,3,202.0,202.0,2.02
2026-09-02,cubesmart,cube_4666,TX,8,8,46.0,26.5,0.6
2026-09-02,cubesmart,cube_4667,AZ,8,8,83.0,125.0,1.138
2026-09-02,cubesmart,cube_4668,TN,29,29,,26.0,0.389
2026-09-02,cubesmart,cube_4671,IL,15,15,145.0,82.0,1.24
2026-09-02,cubesmart,cube_4672,NY,7,7,,100.0,1.92
2026-09-02,cubesmart,cube_4674,IN,5,5,101.0,86.0,1.103
2026-09-02,cubesmart,cube_4679,MD,0,0,,,
2026-09-02,cubesmart,cube_4680,TX,11,11,60.0,51.0,0.66
2026-09-02,cubesmart,cube_4683,OH,9,9,53.0,53.0,0.653
2026-09-02,cubesmart,cube_4684,IL,17,17,101.0,111.0,1.01
2026-09-02,cubesmart,cube_4685,LA,9,9,27.0,67.0,0.31
2026-09-02,cubesmart,cube_4687,AL,23,23,86.0,32.0,0.707
2026-09-02,cubesmart,cube_4689,FL,7,7,124.0,184.0,1.24
2026-09-02,cubesmart,cube_4692,LA,7,7,94.0,120.0,0.94
2026-09-02,cubesmart,cube_4698,NC,7,7,57.0,57.0,0.487
2026-09-02,cubesmart,cube_4701,FL,19,19,40.0,57.0,0.53
2026-09-02,cubesmart,cube_4703,VA,1,1,,224.0,
2026-09-02,cubesmart,cube_4704,RI,10,10,96.0,181.5,1.185
2026-09-02,cubesmart,cube_4705,OH,15,15,87.0,128.0,1.453
2026-09-02,cubesmart,cube_4706,MI,21,21,83.0,77.0,0.825
2026-09-02,cubesmart,cube_4719,WI,14,14,92.0,115.5,0.948
2026-09-02,cubesmart,cube_4729,TX,14,14,92.0,96.5,0.917
2026-09-02,cubesmart,cube_4731,RI,9,9,,86.0,1.733
2026-09-02,cubesmart,cube_4732,IL,9,9,48.0,99.0,0.6
2026-09-02,cubesmart,cube_4733,GA,16,16,75.0,92.0,0.807
2026-09-02,cubesmart,cube_4735,NM,4,4,116.0,96.5,1.16
2026-09-02,cubesmart,cube_4736,CA,11,11,77.0,43.0,0.751
2026-09-02,cubesmart,cube_4738,VA,5,5,,62.0,1.22
2026-09-02,cubesmart,cube_4739,WI,6,6,,192.0,0.863
2026-09-02,cubesmart,cube_4741,WI,5,5,89.0,95.0,0.597
2026-09-02,cubesmart,cube_4743,MD,10,10,109.0,141.0,1.138
2026-09-02,cubesmart,cube_4744,WA,11,11,176.0,107.0,1.4
2026-09-02,cubesmart,cube_4747,PA,11,11,85.0,48.0,0.895
2026-09-02,cubesmart,cube_4748,IL,9,9,89.0,89.0,0.907
2026-09-02,cubesmart,cube_4752,NY,24,24,91.0,62.0,1.191
2026-09-02,cubesmart,cube_4753,FL,9,9,182.0,182.0,1.86
2026-09-02,cubesmart,cube_4754,MI,17,17,59.0,52.0,0.787
2026-09-02,cubesmart,cube_4755,FL,10,10,43.0,85.5,0.51
2026-09-02,cubesmart,cube_4756,NM,4,4,69.0,32.5,0.685
2026-09-02,cubesmart,cube_4758,LA,7,7,31.0,82.0,0.432
2026-09-02,cubesmart,cube_4759,ME,6,6,86.0,88.5,0.733
2026-09-02,cubesmart,cube_4760,ME,7,7,85.0,85.0,0.797
2026-09-02,cubesmart,cube_4762,FL,20,20,138.0,210.5,1.326
2026-09-02,cubesmart,cube_4763,FL,12,12,108.0,145.0,1.31
2026-09-02,cubesmart,cube_4766,AL,19,19,23.0,23.0,0.25
2026-09-02,cubesmart,cube_4767,KY,17,17,63.0,83.0,0.933
2026-09-02,cubesmart,cube_4769,WA,19,19,79.0,112.0,1.0
2026-09-02,cubesmart,cube_4770,FL,35,35,54.0,57.0,0.631
2026-09-02,cubesmart,cube_4771,NJ,11,11,31.0,30.0,0.52
2026-09-02,cubesmart,cube_4773,IA,11,11,82.0,69.0,1.16
2026-09-02,cubesmart,cube_4774,FL,19,19,78.0,116.0,0.917
2026-09-02,cubesmart,cube_4776,MD,13,13,304.0,164.0,2.847
2026-09-02,cubesmart,cube_4777,PA,13,13,88.0,75.0,1.06
2026-09-02,cubesmart,cube_4778,ME,7,7,77.0,77.0,0.605
2026-09-02,cubesmart,cube_4779,TX,7,7,101.0,134.0,0.827
2026-09-02,cubesmart,cube_4780,TX,12,12,112.0,175.0,0.716
2026-09-02,cubesmart,cube_4781,VT,3,3,200.0,200.0,2.0
2026-09-02,cubesmart,cube_4782,TX,7,7,40.0,59.0,0.379
2026-09-02,cubesmart,cube_4783,FL,19,19,154.0,157.0,1.597
2026-09-02,cubesmart,cube_4784,TX,6,6,46.0,39.5,0.416
2026-09-02,cubesmart,cube_4785,TX,8,8,61.0,62.5,0.61
2026-09-02,cubesmart,cube_4786,TX,4,4,,108.0,0.613
2026-09-02,cubesmart,cube_4788,NY,12,12,97.0,101.5,0.995
2026-09-02,cubesmart,cube_4789,TX,6,6,,72.0,0.533
2026-09-02,cubesmart,cube_4790,CT,10,10,85.0,131.0,0.84
2026-09-02,cubesmart,cube_4793,ME,2,2,,95.0,1.123
2026-09-02,cubesmart,cube_4794,TN,22,22,79.0,87.0,0.943
2026-09-02,cubesmart,cube_4796,IN,14,14,,57.5,1.0
2026-09-02,cubesmart,cube_4800,TX,7,7,39.0,86.0,0.505
2026-09-02,cubesmart,cube_4801,AL,16,16,37.0,37.0,0.464
2026-09-02,cubesmart,cube_4802,NC,14,14,62.0,77.5,0.672
2026-09-02,cubesmart,cube_4803,NY,14,14,107.0,127.5,0.85
2026-09-02,cubesmart,cube_4805,TX,11,11,97.0,97.0,1.04
2026-09-02,cubesmart,cube_4806,TX,6,6,61.0,64.5,0.893
2026-09-02,cubesmart,cube_4807,AZ,5,5,55.0,98.0,0.653
2026-09-02,cubesmart,cube_4808,AZ,5,5,58.0,58.0,0.655
2026-09-02,cubesmart,cube_4809,AZ,9,9,110.0,59.0,1.013
2026-09-02,cubesmart,cube_4815,NC,17,17,44.0,33.0,0.55
2026-09-02,cubesmart,cube_4816,MA,17,17,56.0,52.0,0.68
2026-09-02,cubesmart,cube_4817,SC,12,12,68.0,67.0,0.722
2026-09-02,cubesmart,cube_4819,NM,18,18,50.0,81.5,0.645
2026-09-02,cubesmart,cube_4820,TX,12,12,60.0,59.5,0.658
2026-09-02,cubesmart,cube_4821,NY,36,36,69.0,105.0,1.099
2026-09-02,cubesmart,cube_4822,MD,9,9,124.0,124.0,1.46
2026-09-02,cubesmart,cube_4823,CA,15,15,38.0,35.0,0.505
2026-09-02,cubesmart,cube_4824,PA,8,8,104.0,111.5,1.016
2026-09-02,cubesmart,cube_4825,RI,11,11,93.0,104.0,0.93
2026-09-02,cubesmart,cube_4826,AZ,15,15,47.0,52.0,0.52
2026-09-02,cubesmart,cube_4828,IL,15,15,92.0,74.0,1.105
2026-09-02,cubesmart,cube_4834,NM,19,19,47.0,41.0,0.66
2026-09-02,cubesmart,cube_4836,FL,18,18,75.0,77.5,0.994
2026-09-02,cubesmart,cube_4837,NC,10,10,86.0,97.0,1.185
2026-09-02,cubesmart,cube_4838,TX,6,6,62.0,88.5,0.486
2026-09-02,cubesmart,cube_4843,NC,10,10,80.0,87.5,0.822
2026-09-02,cubesmart,cube_4844,GA,6,6,38.0,67.5,0.484
2026-09-02,cubesmart,cube_4845,NY,11,11,,178.0,2.394
2026-09-02,cubesmart,cube_4847,FL,8,8,110.0,85.5,1.08
2026-09-02,cubesmart,cube_4854,FL,8,8,155.0,122.5,1.525
2026-09-02,cubesmart,cube_4855,VA,17,17,73.0,92.0,0.672
2026-09-02,cubesmart,cube_4861,FL,21,21,43.0,67.0,0.6
2026-09-02,cubesmart,cube_4863,GA,14,14,50.0,55.0,0.617
2026-09-02,cubesmart,cube_4864,GA,11,11,83.0,52.0,1.05
2026-09-02,cubesmart,cube_4865,CO,9,9,85.0,64.0,0.853
2026-09-02,cubesmart,cube_4867,PA,39,39,73.0,90.0,0.8
2026-09-02,cubesmart,cube_4869,NC,10,10,50.0,47.0,0.65
2026-09-02,cubesmart,cube_4871,FL,21,21,62.0,130.0,0.829
2026-09-02,cubesmart,cube_4873,NM,6,6,71.0,54.0,0.79
2026-09-02,cubesmart,cube_4875,OK,13,13,23.0,51.0,0.259
2026-09-02,cubesmart,cube_4876,MI,15,15,71.0,71.0,0.657
2026-09-02,cubesmart,cube_4877,WA,12,12,118.0,163.5,1.365
2026-09-02,cubesmart,cube_4878,SC,13,13,120.0,74.0,1.375
2026-09-02,cubesmart,cube_4879,NJ,15,15,67.0,67.0,1.04
2026-09-02,cubesmart,cube_4881,TX,9,9,46.0,62.0,0.462
2026-09-02,cubesmart,cube_4884,CT,9,9,62.0,128.0,0.707
2026-09-02,cubesmart,cube_4889,TX,5,5,,147.0,0.307
2026-09-02,cubesmart,cube_4890,OH,12,12,73.0,98.5,0.95
2026-09-02,cubesmart,cube_4891,NY,21,21,139.0,155.0,1.484
2026-09-02,cubesmart,cube_4892,OH,14,14,59.0,59.5,0.587
2026-09-02,cubesmart,cube_4894,OH,10,10,67.0,58.5,0.775
2026-09-02,cubesmart,cube_4895,TX,15,15,29.0,25.0,0.3
2026-09-02,cubesmart,cube_4896,TX,2,2,,1195.5,0.818
2026-09-02,cubesmart,cube_4898,CO,6,6,,145.0,1.045
2026-09-02,cubesmart,cube_4899,OH,11,11,94.0,116.0,1.235
2026-09-02,cubesmart,cube_4900,OH,12,12,121.0,133.5,0.886
2026-09-02,cubesmart,cube_4902,OH,7,7,76.0,76.0,0.74
2026-09-02,cubesmart,cube_4904,NY,10,10,203.0,182.0,2.147
2026-09-02,cubesmart,cube_4905,OH,13,13,59.0,45.0,0.8
2026-09-02,cubesmart,cube_4907,OH,7,7,40.0,24.0,0.4
2026-09-02,cubesmart,cube_4908,CO,6,6,65.0,68.0,0.64
2026-09-02,cubesmart,cube_4909,OH,7,7,75.0,75.0,0.682
2026-09-02,cubesmart,cube_4910,TX,9,9,63.0,63.0,0.625
2026-09-02,cubesmart,cube_4911,TX,12,12,52.0,36.5,0.524
2026-09-02,cubesmart,cube_4912,TX,9,9,57.0,76.0,0.55
2026-09-02,cubesmart,cube_4913,OH,4,4,,109.0,0.83
2026-09-02,cubesmart,cube_4914,NV,8,8,57.0,76.5,0.525
2026-09-02,cubesmart,cube_4916,TX,17,17,37.0,35.0,0.35
2026-09-02,cubesmart,cube_4918,TX,28,28,43.0,41.5,0.46
2026-09-02,cubesmart,cube_4919,TX,11,11,40.0,39.0,0.556
2026-09-02,cubesmart,cube_4920,OH,12,12,104.0,104.0,1.007
2026-09-02,cubesmart,cube_4921,MD,14,14,111.0,124.0,1.37
2026-09-02,cubesmart,cube_4922,TX,4,4,,67.5,0.299
2026-09-02,cubesmart,cube_4924,NJ,13,13,155.0,89.0,1.8
2026-09-02,cubesmart,cube_4925,FL,15,15,83.0,83.0,0.9
2026-09-02,cubesmart,cube_4926,WI,2,2,86.0,147.0,0.666
2026-09-02,cubesmart,cube_4928,NY,26,26,104.0,100.0,1.003
2026-09-02,cubesmart,cube_4929,TN,10,10,67.0,80.0,1.005
2026-09-02,cubesmart,cube_4930,TX,10,10,82.0,164.5,0.564
2026-09-02,cubesmart,cube_4931,LA,15,15,114.0,151.0,1.14
2026-09-02,cubesmart,cube_4932,FL,10,10,125.0,108.5,1.425
2026-09-02,cubesmart,cube_4933,PA,10,10,83.0,65.5,0.893
2026-09-02,cubesmart,cube_4934,TX,8,8,,34.0,0.68
2026-09-02,cubesmart,cube_4935,TX,10,10,52.0,63.5,0.461
2026-09-02,cubesmart,cube_4936,TX,16,16,,180.0,1.128
2026-09-02,cubesmart,cube_4937,IL,11,11,126.0,78.0,1.057
2026-09-02,cubesmart,cube_4941,NJ,17,17,79.0,94.0,1.112
2026-09-02,cubesmart,cube_4942,NJ,11,11,183.0,183.0,1.54
2026-09-02,cubesmart,cube_4946,CA,8,8,104.0,105.5,0.647
2026-09-02,cubesmart,cube_4947,NC,18,18,74.0,77.0,0.9
2026-09-02,cubesmart,cube_4948,AL,5,5,78.0,88.0,0.455
2026-09-02,cubesmart,cube_4949,AL,5,5,64.0,71.0,0.355
2026-09-02,cubesmart,cube_4950,FL,10,10,166.0,239.5,2.0
2026-09-02,cubesmart,cube_4952,CA,7,7,,161.0,0.537
2026-09-02,cubesmart,cube_4953,FL,21,21,119.0,104.0,1.343
2026-09-02,cubesmart,cube_4954,KS,14,14,37.0,24.5,0.397
2026-09-02,cubesmart,cube_4957,FL,17,17,,93.0,1.253
2026-09-02,cubesmart,cube_4958,AR,15,15,41.0,51.0,0.322
2026-09-02,cubesmart,cube_4959,MA,35,35,60.0,67.0,0.705
2026-09-02,cubesmart,cube_4960,TX,10,10,37.0,56.0,0.37
2026-09-02,cubesmart,cube_4961,NC,13,13,38.0,38.0,0.507
2026-09-02,cubesmart,cube_4962,NC,16,16,50.0,71.5,0.587
2026-09-02,cubesmart,cube_4963,NY,16,16,116.0,152.0,1.12
2026-09-02,cubesmart,cube_4964,GA,28,28,75.0,80.0,0.888
2026-09-02,cubesmart,cube_4965,NH,18,18,84.0,84.5,0.861
2026-09-02,cubesmart,cube_4966,FL,20,20,54.0,57.0,0.667
2026-09-02,cubesmart,cube_4967,AL,7,7,50.0,81.0,0.453
2026-09-02,cubesmart,cube_4969,TX,13,13,58.0,52.0,0.91
2026-09-02,cubesmart,cube_4970,PA,20,20,73.0,77.5,0.801
2026-09-02,cubesmart,cube_4972,MA,19,19,91.0,74.0,0.91
2026-09-02,cubesmart,cube_4973,FL,16,16,98.0,119.0,1.267
2026-09-02,cubesmart,cube_4974,MA,10,10,75.0,89.0,0.825
2026-09-02,cubesmart,cube_4978,FL,21,21,34.0,65.0,0.39
2026-09-02,cubesmart,cube_4980,MI,10,10,140.0,183.5,1.177
2026-09-02,cubesmart,cube_4981,MI,28,28,105.0,125.5,1.121
2026-09-02,cubesmart,cube_4984,AZ,18,18,51.0,49.0,0.6
2026-09-02,cubesmart,cube_4985,FL,36,36,34.0,35.5,0.44
2026-09-02,cubesmart,cube_4986,IL,23,23,95.0,119.0,1.06
2026-09-02,cubesmart,cube_4987,GA,22,22,78.0,104.0,0.852
2026-09-02,cubesmart,cube_4988,AR,7,7,54.0,65.0,0.433
2026-09-02,cubesmart,cube_4989,AZ,21,21,72.0,87.0,0.725
2026-09-02,cubesmart,cube_4990,NJ,15,15,48.0,42.0,0.58
2026-09-02,cubesmart,cube_4992,CO,11,11,200.0,200.0,1.808
2026-09-02,cubesmart,cube_4993,VA,8,8,88.0,67.0,1.037
2026-09-02,cubesmart,cube_4994,NJ,11,11,42.0,48.0,0.42
2026-09-02,cubesmart,cube_4995,IN,23,23,103.0,119.0,0.992
2026-09-02,cubesmart,cube_4997,ME,25,25,59.0,62.0,0.813
2026-09-02,cubesmart,cube_5000,FL,14,14,33.0,34.5,0.459
2026-09-02,cubesmart,cube_5003,LA,17,17,71.0,71.0,0.765
2026-09-02,cubesmart,cube_5005,FL,18,18,51.0,121.0,0.717
2026-09-02,cubesmart,cube_5006,CA,6,6,,167.0,1.038
2026-09-02,cubesmart,cube_5007,MD,11,11,77.0,77.0,0.77
2026-09-02,cubesmart,cube_5008,OH,21,21,52.0,68.0,0.573
2026-09-02,cubesmart,cube_5011,MI,41,41,69.0,69.0,0.78
2026-09-02,cubesmart,cube_5013,AR,11,11,50.0,49.0,0.568
2026-09-02,cubesmart,cube_5014,FL,23,23,28.0,28.0,0.38
2026-09-02,cubesmart,cube_5015,MA,11,11,61.0,46.0,0.603
2026-09-02,cubesmart,cube_5017,TX,4,4,62.0,49.5,0.62
2026-09-02,cubesmart,cube_5018,OR,14,14,86.0,97.5,0.951
2026-09-02,cubesmart,cube_5019,PA,14,14,81.0,68.5,0.968
2026-09-02,cubesmart,cube_5020,CT,19,19,100.0,61.0,1.22
2026-09-02,cubesmart,cube_5021,MI,30,30,92.0,113.5,0.905
2026-09-02,cubesmart,cube_5022,TX,12,12,86.0,93.5,0.88
2026-09-02,cubesmart,cube_5023,TX,25,25,30.0,38.0,0.505
2026-09-02,cubesmart,cube_5024,TX,11,11,75.0,79.0,0.77
2026-09-02,cubesmart,cube_5025,TX,8,8,63.0,83.0,0.573
2026-09-02,cubesmart,cube_5026,TX,12,12,64.0,65.5,0.81
2026-09-02,cubesmart,cube_5027,TX,12,12,46.0,89.0,0.655
2026-09-02,cubesmart,cube_5028,TX,13,13,80.0,80.0,0.763
2026-09-02,cubesmart,cube_5029,TX,7,7,123.0,172.0,1.147
2026-09-02,cubesmart,cube_5030,TX,12,12,57.0,68.0,0.732
2026-09-02,cubesmart,cube_5031,TX,11,11,44.0,37.0,0.562
2026-09-02,cubesmart,cube_5032,TX,8,8,112.0,118.5,1.07
2026-09-02,cubesmart,cube_5033,IL,15,15,101.0,118.0,1.03
2026-09-02,cubesmart,cube_5034,AR,17,17,28.0,42.0,0.328
2026-09-02,cubesmart,cube_5036,MI,5,5,71.0,43.0,0.86
2026-09-02,cubesmart,cube_5039,AR,13,13,119.0,128.0,1.471
2026-09-02,cubesmart,cube_5040,FL,15,15,65.0,81.0,0.715
2026-09-02,cubesmart,cube_5041,VA,35,35,197.0,201.0,1.556
2026-09-02,cubesmart,cube_5043,NC,26,26,61.0,107.0,0.87
2026-09-02,cubesmart,cube_5044,TN,28,28,107.0,120.0,1.055
2026-09-02,cubesmart,cube_5045,NY,14,14,71.0,105.5,1.085
2026-09-02,cubesmart,cube_5046,OH,16,16,102.0,107.5,0.9
2026-09-02,cubesmart,cube_5047,NY,0,0,,,
2026-09-02,cubesmart,cube_5048,NC,14,14,89.0,154.5,0.888
2026-09-02,cubesmart,cube_5049,FL,16,16,83.0,89.0,0.887
2026-09-02,cubesmart,cube_5050,MA,15,15,60.0,60.0,1.0
2026-09-02,cubesmart,cube_5051,IN,4,4,63.0,70.5,0.55
2026-09-02,cubesmart,cube_5052,IN,17,17,64.0,89.0,0.615
2026-09-02,cubesmart,cube_5053,DE,3,3,80.0,80.0,0.8
2026-09-02,cubesmart,cube_5054,PA,5,5,114.0,150.0,0.682
2026-09-02,cubesmart,cube_5055,IN,5,5,71.0,71.0,0.662
2026-09-02,cubesmart,cube_5056,IL,7,7,60.0,77.0,0.595
2026-09-02,cubesmart,cube_5057,PA,6,6,114.0,106.0,1.223
2026-09-02,cubesmart,cube_5058,PA,4,4,99.0,115.5,0.825
2026-09-02,cubesmart,cube_5059,PA,4,4,94.0,97.5,0.825
2026-09-02,cubesmart,cube_5060,IN,9,9,55.0,55.0,0.55
2026-09-02,cubesmart,cube_5061,IN,9,9,50.0,71.0,0.473
2026-09-02,cubesmart,cube_5063,IN,2,2,,61.0,0.65
2026-09-02,cubesmart,cube_5064,IN,8,8,57.0,91.5,0.58
2026-09-02,cubesmart,cube_5065,IL,6,6,111.0,139.0,1.112
2026-09-02,cubesmart,cube_5066,VA,14,14,73.0,66.0,0.9
2026-09-02,cubesmart,cube_5067,NY,21,21,156.0,95.0,1.56
2026-09-02,cubesmart,cube_5068,GA,18,18,51.0,53.5,0.56
2026-09-02,cubesmart,cube_5069,NY,18,18,511.0,124.0,3.751
2026-09-02,cubesmart,cube_5070,FL,23,23,61.0,86.0,0.66
2026-09-02,cubesmart,cube_5071,NY,11,11,260.0,131.0,3.087
2026-09-02,cubesmart,cube_5072,IL,5,5,67.0,93.0,0.67
2026-09-02,cubesmart,cube_5074,MD,17,17,107.0,62.0,1.089
2026-09-02,cubesmart,cube_5076,CA,10,10,,161.0,0.926
2026-09-02,cubesmart,cube_5077,WA,20,20,97.0,93.0,1.834
2026-09-02,cubesmart,cube_5078,SC,0,0,,,
2026-09-02,cubesmart,cube_5080,AR,12,12,52.0,79.5,0.497
2026-09-02,cubesmart,cube_5081,TX,8,8,62.0,71.0,0.7
2026-09-02,cubesmart,cube_5082,AZ,28,28,62.0,64.5,0.671
2026-09-02,cubesmart,cube_5083,TX,17,17,49.0,134.0,0.625
2026-09-02,cubesmart,cube_5084,AZ,6,6,,19.0,0.438
2026-09-02,cubesmart,cube_5085,CT,7,7,,78.0,0.637
2026-09-02,cubesmart,cube_5087,AR,10,10,71.0,119.0,0.57
2026-09-02,cubesmart,cube_5088,TX,19,19,33.0,37.0,0.33
2026-09-02,cubesmart,cube_5089,FL,19,19,59.0,106.0,0.72
2026-09-02,cubesmart,cube_5091,NY,8,8,76.0,83.0,0.742
2026-09-02,cubesmart,cube_5092,FL,0,0,,,
2026-09-02,cubesmart,cube_5094,FL,24,24,83.0,78.5,1.28
2026-09-02,cubesmart,cube_5095,NY,17,17,214.0,214.0,2.387
2026-09-02,cubesmart,cube_5096,CA,12,12,109.0,107.0,1.04
2026-09-02,cubesmart,cube_5097,CA,5,5,107.0,107.0,1.07
2026-09-02,cubesmart,cube_5098,CA,4,4,,88.5,1.77
2026-09-02,cubesmart,cube_5099,TX,8,8,60.0,41.0,0.557
2026-09-02,cubesmart,cube_5101,CA,7,7,,155.0,1.78
2026-09-02,cubesmart,cube_5102,TX,16,16,64.0,80.5,0.656
2026-09-02,cubesmart,cube_5103,FL,39,39,47.0,81.0,0.66
2026-09-02,cubesmart,cube_5104,KY,12,12,65.0,70.0,0.645
2026-09-02,cubesmart,cube_5106,MA,12,12,89.0,109.0,0.89
2026-09-02,cubesmart,cube_5107,VA,23,23,89.0,106.0,0.89
2026-09-02,cubesmart,cube_5109,MI,7,7,85.0,90.0,0.9
2026-09-02,cubesmart,cube_5110,MA,16,16,76.0,137.5,0.624
2026-09-02,cubesmart,cube_5111,IL,9,9,105.0,139.0,1.02
2026-09-02,cubesmart,cube_5112,KY,10,10,101.0,101.5,0.845
2026-09-02,cubesmart,cube_5115,KY,13,13,92.0,115.0,0.979
2026-09-02,cubesmart,cube_5116,MA,15,15,74.0,91.0,0.995
2026-09-02,cubesmart,cube_5117,PA,13,13,46.0,41.0,0.577
2026-09-02,cubesmart,cube_5119,VA,10,10,88.0,80.5,1.104
2026-09-02,cubesmart,cube_5120,VA,16,16,46.0,53.5,0.71
2026-09-02,cubesmart,cube_5122,IL,17,17,82.0,92.0,1.0
2026-09-02,cubesmart,cube_5123,NC,19,19,108.0,138.0,0.895
2026-09-02,cubesmart,cube_5124,VA,9,9,79.0,86.0,0.795
2026-09-02,cubesmart,cube_5125,TX,17,17,41.0,80.0,0.55
2026-09-02,cubesmart,cube_5126,IL,11,11,56.0,105.0,0.6
2026-09-02,cubesmart,cube_5128,MA,27,27,313.0,353.0,2.627
2026-09-02,cubesmart,cube_5129,NJ,6,6,102.0,110.0,0.85
2026-09-02,cubesmart,cube_5130,FL,28,28,72.0,101.0,0.813
2026-09-02,cubesmart,cube_5133,TX,6,6,126.0,166.0,0.964
2026-09-02,cubesmart,cube_5138,TX,8,8,49.0,63.0,0.562
2026-09-02,cubesmart,cube_5139,TX,14,14,34.0,50.0,0.282
2026-09-02,cubesmart,cube_5142,TX,10,10,138.0,100.5,1.42
2026-09-02,cubesmart,cube_5143,TX,8,8,71.0,143.0,0.84
2026-09-02,cubesmart,cube_5145,TX,12,12,71.0,78.0,1.16
2026-09-02,cubesmart,cube_5146,TX,11,11,110.0,118.0,1.117
2026-09-02,cubesmart,cube_5147,TX,14,14,84.0,143.0,0.85
2026-09-02,cubesmart,cube_5148,TX,10,10,104.0,128.5,0.99
2026-09-02,cubesmart,cube_5149,TX,18,18,77.0,89.5,0.968
2026-09-02,cubesmart,cube_5150,TX,19,19,77.0,80.0,0.97
2026-09-02,cubesmart,cube_5151,NM,3,3,,64.0,1.283
2026-09-02,cubesmart,cube_5152,CO,16,16,91.0,86.5,1.02
2026-09-02,cubesmart,cube_5153,VA,19,19,60.0,88.0,0.631
2026-09-02,cubesmart,cube_5154,FL,24,24,127.0,157.5,1.236
2026-09-02,cubesmart,cube_5155,CO,15,15,116.0,98.0,1.52
2026-09-02,cubesmart,cube_5156,NY,28,28,101.0,96.0,1.142
2026-09-02,cubesmart,cube_5158,FL,24,24,134.0,189.0,1.928
2026-09-02,cubesmart,cube_5159,FL,21,21,52.0,91.0,0.59
2026-09-02,cubesmart,cube_5160,TX,11,11,90.0,137.0,0.56
2026-09-02,cubesmart,cube_5161,LA,12,12,133.0,112.0,1.415
2026-09-02,cubesmart,cube_5162,AL,12,12,100.0,52.0,1.028
2026-09-02,cubesmart,cube_5163,MD,0,0,,,
2026-09-02,cubesmart,cube_5164,MI,22,22,116.0,125.0,1.107
2026-09-02,cubesmart,cube_5165,IL,10,10,53.0,75.0,0.583
2026-09-02,cubesmart,cube_5166,FL,18,18,52.0,96.0,0.727
2026-09-02,cubesmart,cube_5167,OR,19,19,80.0,95.0,0.9
2026-09-02,cubesmart,cube_5168,TN,20,20,109.0,115.0,1.15
2026-09-02,cubesmart,cube_5169,AZ,16,16,82.0,103.0,0.748
2026-09-02,cubesmart,cube_5170,SC,18,18,57.0,86.0,0.615
2026-09-02,cubesmart,cube_5171,RI,0,0,,,
2026-09-02,cubesmart,cube_5172,AZ,0,0,,,
2026-09-02,cubesmart,cube_5173,NC,11,11,98.0,98.0,1.05
2026-09-02,cubesmart,cube_5174,IL,12,12,88.0,93.5,1.055
2026-09-02,cubesmart,cube_5175,FL,20,20,57.0,96.5,0.56
2026-09-02,cubesmart,cube_5176,CA,0,0,,,
2026-09-02,cubesmart,cube_5177,FL,22,22,82.0,91.0,0.935
2026-09-02,cubesmart,cube_5178,FL,27,27,52.0,23.0,0.5
2026-09-02,cubesmart,cube_5182,UT,30,30,,56.0,1.242
2026-09-02,cubesmart,cube_5183,VA,15,15,142.0,155.0,1.42
2026-09-02,cubesmart,cube_5184,VA,9,9,,96.0,0.865
2026-09-02,cubesmart,cube_5185,OH,24,24,68.0,134.0,0.835
2026-09-02,cubesmart,cube_5186,AL,11,11,134.0,107.0,2.02
2026-09-02,cubesmart,cube_5187,FL,34,34,43.0,52.0,0.6
2026-09-02,cubesmart,cube_5189,NC,20,20,62.0,82.0,0.525
2026-09-02,cubesmart,cube_5190,TX,7,7,52.0,73.0,0.365
2026-09-02,cubesmart,cube_5191,TX,9,9,119.0,86.0,1.282
2026-09-02,cubesmart,cube_5192,TX,10,10,37.0,45.5,0.362
2026-09-02,cubesmart,cube_5193,TX,14,14,61.0,68.0,0.43
2026-09-02,cubesmart,cube_5194,AZ,16,16,68.0,78.5,0.72
2026-09-02,cubesmart,cube_5195,PA,20,20,84.0,93.0,1.0
2026-09-02,cubesmart,cube_5196,PA,46,46,100.0,122.0,0.829
2026-09-02,cubesmart,cube_5197,FL,24,24,56.0,82.0,0.613
2026-09-02,cubesmart,cube_5198,GA,14,14,44.0,53.5,0.44
2026-09-02,cubesmart,cube_5199,FL,25,25,46.0,56.0,0.64
2026-09-02,cubesmart,cube_5200,DE,23,23,62.0,64.0,0.64
2026-09-02,cubesmart,cube_5202,TX,13,13,56.0,56.0,0.645
2026-09-02,cubesmart,cube_5203,FL,17,17,171.0,171.0,2.24
2026-09-02,cubesmart,cube_5204,TX,12,12,34.0,31.0,0.44
2026-09-02,cubesmart,cube_5205,TX,18,18,79.0,100.5,0.755
2026-09-02,cubesmart,cube_5206,FL,28,28,79.0,104.0,1.01
2026-09-02,cubesmart,cube_5207,TX,21,21,80.0,80.0,0.8
2026-09-02,cubesmart,cube_5209,WI,9,9,62.0,123.0,0.44
2026-09-02,cubesmart,cube_5211,WI,8,8,,64.5,0.399
2026-09-02,cubesmart,cube_5212,WI,3,3,,110.0,0.55
2026-09-02,cubesmart,cube_5213,FL,20,20,90.0,123.5,1.137
2026-09-02,cubesmart,cube_5215,NJ,31,31,142.0,167.0,1.535
2026-09-02,cubesmart,cube_5216,TX,7,7,82.0,89.0,0.717
2026-09-02,cubesmart,cube_5217,TX,9,9,73.0,93.0,0.62
2026-09-02,cubesmart,cube_5218,FL,20,20,109.0,122.5,1.188
2026-09-02,cubesmart,cube_5219,NC,25,25,67.0,72.0,0.72
2026-09-02,cubesmart,cube_5221,TX,27,27,83.0,101.0,0.836
2026-09-02,cubesmart,cube_5224,TX,15,15,58.0,85.0,0.636
2026-09-02,cubesmart,cube_5225,PA,13,13,,120.0,1.038
2026-09-02,cubesmart,cube_5226,TX,26,26,55.0,82.5,0.546
2026-09-02,cubesmart,cube_5227,NJ,0,0,,,
2026-09-02,cubesmart,cube_5228,CA,1,1,,49.0,1.96
2026-09-02,cubesmart,cube_5229,FL,0,0,,,
2026-09-02,cubesmart,cube_5231,IN,25,25,86.0,86.0,0.96
2026-09-02,cubesmart,cube_5232,AZ,16,16,144.0,56.0,1.275
2026-09-02,cubesmart,cube_5233,TX,19,19,63.0,98.0,0.587
2026-09-02,cubesmart,cube_5235,FL,8,8,100.0,61.0,0.837
2026-09-02,cubesmart,cube_5236,TX,14,14,114.0,142.0,1.077
2026-09-02,cubesmart,cube_5237,IL,9,9,49.0,49.0,0.68
2026-09-02,cubesmart,cube_5238,IL,18,18,64.0,80.0,0.657
2026-09-02,cubesmart,cube_5240,IL,6,6,,60.0,1.02
2026-09-02,cubesmart,cube_5241,OH,10,10,115.0,115.0,1.15
2026-09-02,cubesmart,cube_5242,OK,32,32,37.0,30.0,0.496
2026-09-02,cubesmart,cube_5244,OR,1,1,,111.0,
2026-09-02,cubesmart,cube_5245,PA,0,0,,,
2026-09-02,cubesmart,cube_5246,CA,16,16,69.0,78.0,0.96
2026-09-02,cubesmart,cube_5247,FL,6,6,75.0,168.0,0.584
2026-09-02,cubesmart,cube_5249,MS,20,20,106.0,88.0,1.26
2026-09-02,cubesmart,cube_5250,AZ,17,17,100.0,56.0,0.875
2026-09-02,cubesmart,cube_5251,NJ,36,36,200.0,215.5,2.197
2026-09-02,cubesmart,cube_5252,FL,22,22,105.0,135.0,1.071
2026-09-02,cubesmart,cube_5253,FL,0,0,,,
2026-09-02,cubesmart,cube_5254,TX,0,0,,,
2026-09-02,cubesmart,cube_5255,MA,33,33,122.0,158.0,1.25
2026-09-02,cubesmart,cube_5256,OH,26,26,45.0,150.0,1.15
2026-09-02,cubesmart,cube_5258,NY,32,32,98.0,119.0,1.043
2026-09-02,cubesmart,cube_5259,TX,20,20,86.0,98.0,0.83
2026-09-02,cubesmart,cube_5260,TX,9,9,81.0,81.0,0.815
2026-09-02,cubesmart,cube_5262,NJ,7,7,109.0,136.0,1.06
2026-09-02,cubesmart,cube_5263,NC,16,16,57.0,97.0,0.82
2026-09-02,cubesmart,cube_5264,OH,8,8,60.0,53.5,0.618
2026-09-02,cubesmart,cube_5265,TX,0,0,,,
2026-09-02,cubesmart,cube_5266,NC,25,25,110.0,128.0,1.24
2026-09-02,cubesmart,cube_5267,SC,11,11,41.0,41.0,0.42
2026-09-02,cubesmart,cube_5268,SC,11,11,30.0,33.0,0.28
2026-09-02,cubesmart,cube_5269,ME,3,3,104.0,129.0,0.86
2026-09-02,cubesmart,cube_5270,OH,0,0,,,
2026-09-02,cubesmart,cube_5272,NJ,36,36,155.0,196.5,1.637
2026-09-02,cubesmart,cube_5273,FL,0,0,,,
2026-09-02,cubesmart,cube_5274,FL,16,16,102.0,118.0,1.047
2026-09-02,cubesmart,cube_5275,TX,29,29,77.0,93.0,0.813
2026-09-02,cubesmart,cube_5276,FL,0,0,,,
2026-09-02,cubesmart,cube_5277,FL,0,0,,,
2026-09-02,cubesmart,cube_5278,MI,0,0,,,
2026-09-02,cubesmart,cube_5279,NY,0,0,,,
2026-09-02,cubesmart,cube_5280,IL,36,36,70.0,59.5,0.839
2026-09-02,cubesmart,cube_5281,RI,0,0,,,
2026-09-02,cubesmart,cube_5282,PA,0,0,,,
2026-09-02,cubesmart,cube_5283,TX,10,10,80.0,98.0,0.8
2026-09-02,cubesmart,cube_5285,CT,0,0,,,
2026-09-02,cubesmart,cube_5286,AZ,0,0,,,
2026-09-02,cubesmart,cube_5288,NY,0,0,,,
2026-09-02,cubesmart,cube_5289,VA,0,0,,,
2026-09-02,cubesmart,cube_5290,NJ,0,0,,,
2026-09-02,cubesmart,cube_5292,WI,3,3,,64.0,0.47
2026-09-02,cubesmart,cube_5293,WI,1,1,,94.0,0.47
2026-09-02,cubesmart,cube_5294,WI,5,5,65.0,65.0,0.56
2026-09-02,cubesmart,cube_5295,TN,0,0,,,
2026-09-02,cubesmart,cube_5296,FL,0,0,,,
2026-09-02,cubesmart,cube_5300,FL,0,0,,,
2026-09-02,cubesmart,cube_5303,AL,0,0,,,
2026-09-02,cubesmart,cube_5309,PA,0,0,,,
2026-09-02,cubesmart,cube_5314,AZ,0,0,,,
2026-09-02,cubesmart,cube_5315,SC,0,0,,,
2026-09-03,cubesmart,cube_100,IL,15,15,,158.0,1.12
2026-09-03,cubesmart,cube_101,IL,6,6,89.0,95.0,1.09
2026-09-03,cubesmart,cube_102,IL,9,9,98.0,37.0,0.905
2026-09-03,cubesmart,cube_103,IL,9,9,126.0,130.0,1.28
2026-09-03,cubesmart,cube_104,IL,21,21,71.0,109.0,0.8
2026-09-03,cubesmart,cube_105,IL,13,13,96.0,140.0,0.93
2026-09-03,cubesmart,cube_106,IL,9,9,119.0,166.0,0.875
2026-09-03,cubesmart,cube_107,IL,24,24,101.0,78.5,1.005
2026-09-03,cubesmart,cube_108,IL,9,9,113.0,113.0,1.033
2026-09-03,cubesmart,cube_109,IL,8,8,56.0,56.0,0.914
2026-09-03,cubesmart,cube_110,IL,15,15,80.0,82.0,0.76
2026-09-03,cubesmart,cube_111,IL,13,13,50.0,92.0,0.665
2026-09-03,cubesmart,cube_113,IL,11,11,101.0,44.0,0.88
2026-09-03,cubesmart,cube_114,IL,7,7,,143.0,0.9
2026-09-03,cubesmart,cube_115,IL,9,9,86.0,105.0,0.82
2026-09-03,cubesmart,cube_116,IL,10,10,64.0,70.5,0.629
2026-09-03,cubesmart,cube_117,IL,3,3,145.0,145.0,1.45
2026-09-03,cubesmart,cube_118,IL,6,6,73.0,133.0,0.887
2026-09-03,cubesmart,cube_119,IL,10,10,72.0,86.5,0.768
2026-09-03,cubesmart,cube_120,IL,10,10,,72.5,1.41
2026-09-03,cubesmart,cube_1330,IL,15,15,128.0,167.0,1.54
2026-09-03,cubesmart,cube_1331,IL,16,16,124.0,122.5,1.5
2026-09-03,cubesmart,cube_1332,IL,13,13,97.0,109.0,1.01
2026-09-03,cubesmart,cube_1333,IL,26,26,86.0,75.5,1.497
2026-09-03,cubesmart,cube_1334,RI,7,7,144.0,144.0,1.177
2026-09-03,cubesmart,cube_1335,RI,19,19,86.0,99.0,1.167
2026-09-03,cubesmart,cube_1336,RI,15,15,112.0,137.0,1.12
2026-09-03,cubesmart,cube_1337,RI,7,7,115.0,119.0,0.677
2026-09-03,cubesmart,cube_1338,FL,18,18,91.0,110.0,0.998
2026-09-03,cubesmart,cube_1339,PA,10,10,83.0,65.0,0.86
2026-09-03,cubesmart,cube_1340,NJ,18,18,86.0,117.5,1.253
2026-09-03,cubesmart,cube_1341,VA,13,13,139.0,233.0,1.665
2026-09-03,cubesmart,cube_1343,NY,18,18,137.0,225.5,1.803
2026-09-03,cubesmart,cube_1344,PA,14,14,103.0,92.5,1.28
2026-09-03,cubesmart,cube_1345,PA,14,14,51.0,37.0,0.8
2026-09-03,cubesmart,cube_1346,NJ,9,9,90.0,100.0,1.3
2026-09-03,cubesmart,cube_1348,IL,7,7,161.0,161.0,1.52
2026-09-03,cubesmart,cube_1349,FL,7,7,150.0,180.0,1.267
2026-09-03,cubesmart,cube_135,FL,16,16,45.0,18.0,0.575
2026-09-03,cubesmart,cube_1350,CO,13,13,114.0,84.0,1.12
2026-09-03,cubesmart,cube_1351,IL,10,10,113.0,104.5,1.148
2026-09-03,cubesmart,cube_1352,IL,11,11,187.0,209.0,1.8
2026-09-03,cubesmart,cube_1353,IL,8,8,107.0,115.5,1.187
2026-09-03,cubesmart,cube_1355,IL,8,8,146.0,125.5,1.785
2026-09-03,cubesmart,cube_1356,IL,9,9,110.0,110.0,1.1
2026-09-03,cubesmart,cube_1358,FL,16,16,123.0,114.0,1.681
2026-09-03,cubesmart,cube_1359,FL,16,16,107.0,135.0,1.743
2026-09-03,cubesmart,cube_136,FL,16,16,26.0,58.0,0.53
2026-09-03,cubesmart,cube_1360,FL,14,14,134.0,87.0,1.3
2026-09-03,cubesmart,cube_1369,PA,6,6,108.0,86.0,1.01
2026-09-03,cubesmart,cube_137,FL,21,21,65.0,65.0,0.807
2026-09-03,cubesmart,cube_1370,FL,22,22,154.0,57.0,1.333
2026-09-03,cubesmart,cube_1371,GA,6,6,101.0,118.0,1.228
2026-09-03,cubesmart,cube_1374,NJ,12,12,89.0,76.5,0.94
2026-09-03,cubesmart,cube_1375,MD,7,7,302.0,182.0,2.92
2026-09-03,cubesmart,cube_1376,MD,10,10,175.0,113.5,1.91
2026-09-03,cubesmart,cube_1377,MD,17,17,104.0,104.0,1.077
2026-09-03,cubesmart,cube_1379,TX,22,22,148.0,68.0,1.536
2026-09-03,cubesmart,cube_138,FL,18,18,90.0,49.0,1.09
2026-09-03,cubesmart,cube_1384,CT,11,11,151.0,151.0,1.86
2026-09-03,cubesmart,cube_1385,VA,13,13,119.0,93.0,1.31
2026-09-03,cubesmart,cube_1388,MD,12,12,151.0,126.0,1.51
2026-09-03,cubesmart,cube_1396,VA,20,20,131.0,178.0,1.433
2026-09-03,cubesmart,cube_1397,DC,16,16,177.0,177.0,1.817
2026-09-03,cubesmart,cube_1399,VA,3,3,79.0,65.0,0.865
2026-09-03,cubesmart,cube_1400,VA,10,10,81.0,84.5,0.718
2026-09-03,cubesmart,cube_1401,VA,9,9,89.0,110.0,1.065
2026-09-03,cubesmart,cube_1402,VA,10,10,88.0,120.5,0.857
2026-09-03,cubesmart,cube_1404,VA,8,8,171.0,198.5,1.827
2026-09-03,cubesmart,cube_1406,MD,11,11,101.0,72.0,1.04
2026-09-03,cubesmart,cube_1407,MD,23,23,120.0,124.0,1.231
2026-09-03,cubesmart,cube_141,OH,7,7,119.0,119.0,1.34
2026-09-03,cubesmart,cube_144,OH,10,10,90.0,91.5,0.9
2026-09-03,cubesmart,cube_1441,NY,21,21,284.0,141.0,2.9
2026-09-03,cubesmart,cube_1455,MA,15,15,320.0,245.0,3.688
2026-09-03,cubesmart,cube_1475,NJ,12,12,82.0,89.0,1.173
2026-09-03,cubesmart,cube_1476,NJ,18,18,103.0,104.5,1.08
2026-09-03,cubesmart,cube_1478,NJ,7,7,83.0,140.0,0.7
2026-09-03,cubesmart,cube_1479,TX,6,6,101.0,71.5,0.97
2026-09-03,cubesmart,cube_148,OH,12,12,76.0,113.5,0.727
2026-09-03,cubesmart,cube_151,NY,15,15,,70.0,1.144
2026-09-03,cubesmart,cube_1510,NY,13,13,,155.0,2.192
2026-09-03,cubesmart,cube_1511,NY,7,7,185.0,109.0,1.85
2026-09-03,cubesmart,cube_152,NY,8,8,263.0,227.0,2.555
2026-09-03,cubesmart,cube_153,CT,13,13,61.0,72.0,0.66
2026-09-03,cubesmart,cube_154,CT,6,6,,137.5,0.615
2026-09-03,cubesmart,cube_155,CT,9,9,85.0,85.0,0.85
2026-09-03,cubesmart,cube_1557,VA,11,11,100.0,113.0,0.99
2026-09-03,cubesmart,cube_156,CT,7,7,107.0,132.0,0.88
2026-09-03,cubesmart,cube_157,CT,8,8,,131.5,0.783
2026-09-03,cubesmart,cube_158,CT,10,10,216.0,177.5,2.363
2026-09-03,cubesmart,cube_159,CT,19,19,121.0,121.0,1.25
2026-09-03,cubesmart,cube_160,CT,13,13,145.0,145.0,1.51
2026-09-03,cubesmart,cube_1606,FL,12,12,64.0,80.0,0.841
2026-09-03,cubesmart,cube_161,NY,23,23,173.0,119.0,1.96
2026-09-03,cubesmart,cube_162,CT,6,6,183.0,135.5,1.537
2026-09-03,cubesmart,cube_163,FL,12,12,91.0,106.5,0.94
2026-09-03,cubesmart,cube_164,TX,16,16,60.0,69.0,0.68
2026-09-03,cubesmart,cube_165,TX,10,10,81.0,90.0,0.72
2026-09-03,cubesmart,cube_166,IL,6,6,93.0,97.0,0.93
2026-09-03,cubesmart,cube_167,IL,9,9,96.0,131.0,0.96
2026-09-03,cubesmart,cube_176,TX,26,26,50.0,66.5,0.691
2026-09-03,cubesmart,cube_180,MA,11,11,187.0,215.0,2.32
2026-09-03,cubesmart,cube_181,CA,20,20,61.0,62.0,0.636
2026-09-03,cubesmart,cube_182,FL,17,17,59.0,93.0,0.676
2026-09-03,cubesmart,cube_183,FL,8,8,141.0,116.0,1.415
2026-09-03,cubesmart,cube_185,FL,18,18,122.0,121.0,1.24
2026-09-03,cubesmart,cube_186,OH,9,9,114.0,102.0,1.569
2026-09-03,cubesmart,cube_187,FL,16,16,118.0,121.0,1.147
2026-09-03,cubesmart,cube_188,FL,16,16,67.0,51.5,0.98
2026-09-03,cubesmart,cube_189,FL,13,13,81.0,78.0,1.06
2026-09-03,cubesmart,cube_191,CA,11,11,127.0,135.0,1.335
2026-09-03,cubesmart,cube_192,CA,9,9,121.0,116.0,1.4
2026-09-03,cubesmart,cube_193,GA,20,20,29.0,76.5,0.352
2026-09-03,cubesmart,cube_194,FL,21,21,137.0,179.0,1.53
2026-09-03,cubesmart,cube_195,FL,12,12,169.0,178.5,1.69
2026-09-03,cubesmart,cube_196,FL,17,17,157.0,197.0,1.85
2026-09-03,cubesmart,cube_197,FL,11,11,74.0,85.0,0.85
2026-09-03,cubesmart,cube_198,FL,17,17,95.0,93.0,0.991
2026-09-03,cubesmart,cube_199,AZ,22,22,58.0,56.0,0.727
2026-09-03,cubesmart,cube_200,NJ,12,12,,115.5,2.475
2026-09-03,cubesmart,cube_201,NJ,7,7,163.0,46.0,1.562
2026-09-03,cubesmart,cube_202,NJ,13,13,146.0,166.0,1.365
2026-09-03,cubesmart,cube_204,CO,23,23,106.0,110.0,0.767
2026-09-03,cubesmart,cube_205,CO,11,11,69.0,69.0,0.798
2026-09-03,cubesmart,cube_206,CO,8,8,124.0,254.5,1.042
2026-09-03,cubesmart,cube_207,CO,6,6,96.0,95.5,0.955
2026-09-03,cubesmart,cube_2078,VA,12,12,158.0,154.0,1.85
2026-09-03,cubesmart,cube_2079,NY,9,9,294.0,200.0,2.94
2026-09-03,cubesmart,cube_208,CO,13,13,128.0,133.0,1.35
2026-09-03,cubesmart,cube_209,CO,12,12,53.0,56.0,0.6
2026-09-03,cubesmart,cube_211,TX,14,14,72.0,106.0,0.729
2026-09-03,cubesmart,cube_213,TX,8,8,113.0,121.0,1.269
2026-09-03,cubesmart,cube_215,TX,21,21,55.0,74.0,0.769
2026-09-03,cubesmart,cube_2174,VA,5,5,,44.0,0.6
2026-09-03,cubesmart,cube_2176,FL,10,10,220.0,184.5,1.973
2026-09-03,cubesmart,cube_218,TX,11,11,83.0,110.0,0.867
2026-09-03,cubesmart,cube_219,TX,13,13,63.0,42.0,0.52
2026-09-03,cubesmart,cube_220,TX,17,17,69.0,69.0,0.988
2026-09-03,cubesmart,cube_221,TX,11,11,82.0,91.0,0.91
2026-09-03,cubesmart,cube_222,TX,11,11,54.0,77.0,0.75
2026-09-03,cubesmart,cube_223,TX,11,11,69.0,70.0,0.733
2026-09-03,cubesmart,cube_2239,NY,23,23,239.0,152.0,3.05
2026-09-03,cubesmart,cube_224,TX,13,13,46.0,100.0,0.767
2026-09-03,cubesmart,cube_225,TX,11,11,75.0,75.0,0.88
2026-09-03,cubesmart,cube_2259,TX,17,17,72.0,37.0,0.72
2026-09-03,cubesmart,cube_226,TX,13,13,60.0,64.0,0.85
2026-09-03,cubesmart,cube_227,TX,18,18,105.0,122.0,1.087
2026-09-03,cubesmart,cube_228,TX,18,18,85.0,88.5,0.832
2026-09-03,cubesmart,cube_2280,GA,9,9,68.0,122.0,0.83
2026-09-03,cubesmart,cube_2281,GA,14,14,36.0,77.0,0.445
2026-09-03,cubesmart,cube_2284,GA,12,12,46.0,47.0,0.627
2026-09-03,cubesmart,cube_2289,MN,23,23,59.0,67.0,0.83
2026-09-03,cubesmart,cube_229,TX,12,12,38.0,58.5,0.444
2026-09-03,cubesmart,cube_2295,CO,17,17,98.0,183.0,0.979
2026-09-03,cubesmart,cube_2297,CA,13,13,107.0,169.0,0.684
2026-09-03,cubesmart,cube_230,TX,8,8,65.0,59.5,0.667
2026-09-03,cubesmart,cube_231,FL,16,16,65.0,58.0,0.87
2026-09-03,cubesmart,cube_232,CA,16,16,91.0,115.0,0.915
2026-09-03,cubesmart,cube_233,CA,12,12,108.0,120.0,1.1
2026-09-03,cubesmart,cube_234,CA,11,11,94.0,158.0,1.06
2026-09-03,cubesmart,cube_235,CA,11,11,137.0,122.0,1.37
2026-09-03,cubesmart,cube_2350,NJ,8,8,74.0,200.0,1.347
2026-09-03,cubesmart,cube_2351,NJ,16,16,92.0,123.5,0.877
2026-09-03,cubesmart,cube_2359,MD,10,10,130.0,95.5,1.407
2026-09-03,cubesmart,cube_236,CA,21,21,106.0,101.0,1.206
2026-09-03,cubesmart,cube_2360,MD,12,12,101.0,103.5,1.1
2026-09-03,cubesmart,cube_2361,MD,14,14,134.0,99.5,1.468
2026-09-03,cubesmart,cube_237,CA,16,16,,134.5,1.597
2026-09-03,cubesmart,cube_238,TN,19,19,57.0,107.0,0.667
2026-09-03,cubesmart,cube_239,TN,12,12,65.0,110.5,0.618
2026-09-03,cubesmart,cube_240,TN,15,15,94.0,149.0,1.147
2026-09-03,cubesmart,cube_241,TN,12,12,89.0,196.5,1.085
2026-09-03,cubesmart,cube_242,TN,17,17,68.0,134.0,0.689
2026-09-03,cubesmart,cube_243,CO,3,3,89.0,89.0,0.795
2026-09-03,cubesmart,cube_2437,NY,11,11,227.0,227.0,2.27
2026-09-03,cubesmart,cube_2438,NY,8,8,184.0,110.5,2.04
2026-09-03,cubesmart,cube_2439,NY,13,13,321.0,256.0,3.45
2026-09-03,cubesmart,cube_244,CO,7,7,75.0,98.0,0.653
2026-09-03,cubesmart,cube_2440,NY,9,9,203.0,203.0,2.28
2026-09-03,cubesmart,cube_2441,NY,11,11,342.0,269.0,4.25
2026-09-03,cubesmart,cube_2442,NY,8,8,224.0,167.5,2.415
2026-09-03,cubesmart,cube_2443,NY,12,12,268.0,188.5,2.64
2026-09-03,cubesmart,cube_2444,NY,10,10,242.0,185.0,2.145
2026-09-03,cubesmart,cube_2445,NY,10,10,268.0,206.0,3.05
2026-09-03,cubesmart,cube_2446,NY,9,9,296.0,134.0,2.147
2026-09-03,cubesmart,cube_2447,PA,16,16,85.0,39.0,0.713
2026-09-03,cubesmart,cube_2448,CT,16,16,105.0,122.0,1.14
2026-09-03,cubesmart,cube_2449,NY,14,14,324.0,160.0,2.667
2026-09-03,cubesmart,cube_245,CO,4,4,104.0,145.0,0.95
2026-09-03,cubesmart,cube_2450,NY,10,10,245.0,108.0,2.42
2026-09-03,cubesmart,cube_2451,NY,6,6,,472.5,3.989
2026-09-03,cubesmart,cube_2452,NY,13,13,233.0,182.0,2.36
2026-09-03,cubesmart,cube_246,CO,7,7,46.0,101.0,0.505
2026-09-03,cubesmart,cube_247,GA,19,19,70.0,70.0,0.541
2026-09-03,cubesmart,cube_2478,VA,12,12,127.0,224.0,1.513
2026-09-03,cubesmart,cube_248,TX,16,16,47.0,71.5,0.562
2026-09-03,cubesmart,cube_249,TX,10,10,70.0,101.0,0.59
2026-09-03,cubesmart,cube_2498,CA,11,11,63.0,71.0,0.772
2026-09-03,cubesmart,cube_250,TX,8,8,53.0,56.0,0.59
2026-09-03,cubesmart,cube_2506,TX,11,11,91.0,91.0,1.36
2026-09-03,cubesmart,cube_251,NJ,8,8,113.0,123.0,0.827
2026-09-03,cubesmart,cube_2515,NY,31,31,98.0,113.0,1.453
2026-09-03,cubesmart,cube_2517,TN,9,9,,123.0,0.816
2026-09-03,cubesmart,cube_2519,NY,14,14,203.0,181.5,2.088
2026-09-03,cubesmart,cube_252,OH,12,12,71.0,41.5,0.785
2026-09-03,cubesmart,cube_2520,CT,12,12,165.0,133.0,1.732
2026-09-03,cubesmart,cube_2521,NY,12,12,234.0,209.0,2.332
2026-09-03,cubesmart,cube_253,OH,17,17,70.0,98.0,0.88
2026-09-03,cubesmart,cube_2538,NY,11,11,220.0,220.0,2.167
2026-09-03,cubesmart,cube_254,OH,15,15,105.0,179.0,0.867
2026-09-03,cubesmart,cube_255,OH,9,9,83.0,79.0,0.928
2026-09-03,cubesmart,cube_256,OH,20,20,155.0,99.0,1.556
2026-09-03,cubesmart,cube_257,FL,28,28,84.0,40.0,0.84
2026-09-03,cubesmart,cube_2577,TX,15,15,72.0,42.0,0.72
2026-09-03,cubesmart,cube_262,VA,9,9,,56.0,0.773
2026-09-03,cubesmart,cube_2622,TX,24,24,102.0,92.0,1.438
2026-09-03,cubesmart,cube_2623,TX,16,16,69.0,67.0,0.672
2026-09-03,cubesmart,cube_2624,TX,11,11,50.0,96.0,0.64
2026-09-03,cubesmart,cube_2625,TX,23,23,73.0,80.0,0.754
2026-09-03,cubesmart,cube_2626,TX,9,9,54.0,58.0,0.58
2026-09-03,cubesmart,cube_263,VA,12,12,,132.0,1.84
2026-09-03,cubesmart,cube_2640,SC,16,16,61.0,96.0,0.829
2026-09-03,cubesmart,cube_2641,SC,15,15,49.0,49.0,0.557
2026-09-03,cubesmart,cube_2642,SC,15,15,67.0,101.0,0.785
2026-09-03,cubesmart,cube_2643,SC,11,11,47.0,21.0,0.467
2026-09-03,cubesmart,cube_2644,SC,11,11,70.0,142.0,0.883
2026-09-03,cubesmart,cube_2645,SC,3,3,66.0,71.0,1.04
2026-09-03,cubesmart,cube_265,FL,11,11,144.0,84.0,1.533
2026-09-03,cubesmart,cube_2656,GA,12,12,70.0,89.0,0.7
2026-09-03,cubesmart,cube_266,FL,8,8,115.0,134.5,1.269
2026-09-03,cubesmart,cube_2661,SC,10,10,94.0,125.0,0.867
2026-09-03,cubesmart,cube_2668,NC,7,7,46.0,108.0,0.492
2026-09-03,cubesmart,cube_267,FL,21,21,120.0,118.0,1.203
2026-09-03,cubesmart,cube_2675,VA,16,16,166.0,216.5,1.868
2026-09-03,cubesmart,cube_2676,NY,24,24,237.0,201.0,2.08
2026-09-03,cubesmart,cube_2686,TX,4,4,47.0,50.5,0.475
2026-09-03,cubesmart,cube_2687,TX,10,10,80.0,98.0,0.68
2026-09-03,cubesmart,cube_2688,TX,18,18,95.0,111.5,1.085
2026-09-03,cubesmart,cube_2690,TX,25,25,47.0,91.0,0.613
2026-09-03,cubesmart,cube_2691,LA,9,9,35.0,48.0,0.367
2026-09-03,cubesmart,cube_2697,GA,14,14,84.0,85.0,0.952
2026-09-03,cubesmart,cube_2698,GA,12,12,44.0,123.5,0.537
2026-09-03,cubesmart,cube_2699,FL,16,16,,78.5,1.083
2026-09-03,cubesmart,cube_2700,NJ,7,7,111.0,89.0,1.64
2026-09-03,cubesmart,cube_2701,NJ,18,18,119.0,139.0,1.227
2026-09-03,cubesmart,cube_2702,GA,19,19,45.0,106.0,0.567
2026-09-03,cubesmart,cube_2703,CT,22,22,98.0,118.5,1.013
2026-09-03,cubesmart,cube_271,OH,13,13,94.0,74.0,0.893
2026-09-03,cubesmart,cube_272,NJ,6,6,108.0,30.0,1.096
2026-09-03,cubesmart,cube_2721,FL,9,9,48.0,64.0,0.48
2026-09-03,cubesmart,cube_273,NJ,14,14,110.0,110.5,1.135
2026-09-03,cubesmart,cube_274,NJ,14,14,99.0,77.0,0.772
2026-09-03,cubesmart,cube_2758,FL,16,16,125.0,144.0,1.185
2026-09-03,cubesmart,cube_2759,FL,15,15,104.0,104.0,1.205
2026-09-03,cubesmart,cube_276,NJ,9,9,91.0,91.0,1.44
2026-09-03,cubesmart,cube_277,CT,8,8,88.0,147.0,0.718
2026-09-03,cubesmart,cube_278,CT,5,5,91.0,101.0,0.964
2026-09-03,cubesmart,cube_279,CT,13,13,133.0,124.0,1.33
2026-09-03,cubesmart,cube_2801,NJ,12,12,92.0,83.5,1.195
2026-09-03,cubesmart,cube_2812,TX,15,15,59.0,101.0,0.713
2026-09-03,cubesmart,cube_282,FL,12,12,107.0,112.0,1.09
2026-09-03,cubesmart,cube_283,FL,14,14,70.0,104.0,0.92
2026-09-03,cubesmart,cube_286,FL,15,15,79.0,79.0,1.12
2026-09-03,cubesmart,cube_2876,FL,16,16,67.0,60.5,0.987
2026-09-03,cubesmart,cube_289,FL,10,10,,140.0,1.16
2026-09-03,cubesmart,cube_290,CT,13,13,92.0,96.0,0.96
2026-09-03,cubesmart,cube_2918,PA,3,3,,92.0,1.84
2026-09-03,cubesmart,cube_2922,IL,10,10,51.0,76.5,0.512
2026-09-03,cubesmart,cube_2923,IL,14,14,58.0,76.5,0.693
2026-09-03,cubesmart,cube_2924,IL,17,17,55.0,106.0,0.488
2026-09-03,cubesmart,cube_2925,IL,11,11,49.0,70.0,0.552
2026-09-03,cubesmart,cube_2926,IL,16,16,70.0,72.5,0.668
2026-09-03,cubesmart,cube_2927,IL,22,22,107.0,122.0,0.958
2026-09-03,cubesmart,cube_2928,IL,22,22,74.0,75.5,0.727
2026-09-03,cubesmart,cube_2937,AZ,16,16,94.0,106.0,1.065
2026-09-03,cubesmart,cube_2960,IL,3,3,,345.0,0.575
2026-09-03,cubesmart,cube_2961,MA,8,8,139.0,87.5,1.66
2026-09-03,cubesmart,cube_2966,NY,12,12,153.0,159.5,1.55
2026-09-03,cubesmart,cube_2974,AZ,14,14,65.0,26.0,1.013
2026-09-03,cubesmart,cube_2975,AZ,16,16,93.0,89.0,1.067
2026-09-03,cubesmart,cube_298,CA,19,19,139.0,167.0,1.663
2026-09-03,cubesmart,cube_301,AZ,12,12,26.0,28.5,0.305
2026-09-03,cubesmart,cube_3017,MD,12,12,123.0,150.5,1.23
2026-09-03,cubesmart,cube_3019,TX,9,9,74.0,74.0,0.74
2026-09-03,cubesmart,cube_3021,TX,23,23,53.0,17.0,0.5
2026-09-03,cubesmart,cube_3022,TX,24,24,52.0,62.5,0.692
2026-09-03,cubesmart,cube_3023,TX,4,4,49.0,41.0,0.44
2026-09-03,cubesmart,cube_3024,TX,19,19,64.0,86.0,0.77
2026-09-03,cubesmart,cube_3026,TX,16,16,67.0,106.0,0.64
2026-09-03,cubesmart,cube_3027,TX,20,20,78.0,93.5,0.847
2026-09-03,cubesmart,cube_3028,TX,24,24,56.0,59.5,0.6
2026-09-03,cubesmart,cube_3030,TX,24,24,70.0,107.5,0.825
2026-09-03,cubesmart,cube_3031,TX,32,32,61.0,71.5,0.746
2026-09-03,cubesmart,cube_3032,NC,19,19,51.0,63.0,0.507
2026-09-03,cubesmart,cube_3033,TX,23,23,72.0,110.0,0.92
2026-09-03,cubesmart,cube_3034,TX,24,24,82.0,96.5,0.84
2026-09-03,cubesmart,cube_3036,TX,18,18,84.0,98.0,0.857
2026-09-03,cubesmart,cube_3037,TX,5,5,86.0,130.0,1.128
2026-09-03,cubesmart,cube_3038,TX,15,15,82.0,107.0,0.82
2026-09-03,cubesmart,cube_3039,TX,24,24,88.0,126.0,0.958
2026-09-03,cubesmart,cube_3040,TX,14,14,103.0,160.5,1.06
2026-09-03,cubesmart,cube_3041,TX,17,17,74.0,56.0,1.06
2026-09-03,cubesmart,cube_3043,TX,19,19,51.0,66.0,0.427
2026-09-03,cubesmart,cube_3045,TX,19,19,80.0,114.0,1.077
2026-09-03,cubesmart,cube_3046,TX,11,11,113.0,113.0,1.48
2026-09-03,cubesmart,cube_3047,TX,15,15,88.0,77.0,1.24
2026-09-03,cubesmart,cube_3048,TX,20,20,75.0,71.0,0.76
2026-09-03,cubesmart,cube_3050,TX,21,21,55.0,104.0,0.77
2026-09-03,cubesmart,cube_3051,TX,9,9,109.0,109.0,1.002
2026-09-03,cubesmart,cube_3052,TX,11,11,47.0,61.0,0.528
2026-09-03,cubesmart,cube_3053,TX,18,18,89.0,100.0,0.848
2026-09-03,cubesmart,cube_3054,TX,13,13,,95.0,0.863
2026-09-03,cubesmart,cube_3056,TX,23,23,60.0,70.0,0.74
2026-09-03,cubesmart,cube_3058,TX,16,16,108.0,73.5,1.008
2026-09-03,cubesmart,cube_306,AZ,11,11,80.0,83.0,0.951
2026-09-03,cubesmart,cube_307,AZ,12,12,116.0,123.5,1.235
2026-09-03,cubesmart,cube_3074,MD,10,10,116.0,157.0,1.18
2026-09-03,cubesmart,cube_3075,TX,17,17,48.0,56.0,0.747
2026-09-03,cubesmart,cube_3077,FL,18,18,140.0,71.0,1.37
2026-09-03,cubesmart,cube_308,AZ,23,23,67.0,68.0,0.896
2026-09-03,cubesmart,cube_3088,FL,19,19,106.0,106.0,1.328
2026-09-03,cubesmart,cube_3093,FL,15,15,116.0,116.0,1.105
2026-09-03,cubesmart,cube_3094,FL,30,30,79.0,124.0,0.84
2026-09-03,cubesmart,cube_3096,CA,6,6,,79.0,1.162
2026-09-03,cubesmart,cube_3098,MD,15,15,132.0,132.0,1.32
2026-09-03,cubesmart,cube_3099,MD,9,9,153.0,153.0,1.6
2026-09-03,cubesmart,cube_3103,TX,13,13,78.0,88.0,1.133
2026-09-03,cubesmart,cube_3104,NY,12,12,215.0,150.0,2.883
2026-09-03,cubesmart,cube_3105,AZ,20,20,75.0,122.0,0.761
2026-09-03,cubesmart,cube_3106,TX,15,15,73.0,77.0,0.735
2026-09-03,cubesmart,cube_3107,PA,25,25,67.0,35.0,0.7
2026-09-03,cubesmart,cube_3109,TX,16,16,56.0,59.5,0.75
2026-09-03,cubesmart,cube_311,FL,19,19,82.0,82.0,0.86
2026-09-03,cubesmart,cube_3113,NY,7,7,461.0,256.0,4.587
2026-09-03,cubesmart,cube_3114,NY,12,12,495.0,374.5,4.589
2026-09-03,cubesmart,cube_3115,FL,17,17,124.0,146.0,1.58
2026-09-03,cubesmart,cube_3116,MA,19,19,150.0,69.0,1.393
2026-09-03,cubesmart,cube_3119,IN,10,10,104.0,115.0,1.33
2026-09-03,cubesmart,cube_3121,AZ,18,18,44.0,55.5,0.483
2026-09-03,cubesmart,cube_3122,FL,12,12,59.0,61.0,0.605
2026-09-03,cubesmart,cube_3123,FL,17,17,71.0,65.0,1.06
2026-09-03,cubesmart,cube_313,GA,16,16,25.0,98.5,0.548
2026-09-03,cubesmart,cube_3136,FL,16,16,115.0,121.0,1.158
2026-09-03,cubesmart,cube_3137,TX,19,19,75.0,75.0,0.772
2026-09-03,cubesmart,cube_3138,LA,12,12,37.0,39.5,0.315
2026-09-03,cubesmart,cube_3139,TX,11,11,88.0,56.0,0.923
2026-09-03,cubesmart,cube_3140,TX,18,18,52.0,51.5,0.84
2026-09-03,cubesmart,cube_3142,NY,11,11,313.0,119.0,2.587
2026-09-03,cubesmart,cube_3143,MA,15,15,159.0,159.0,1.64
2026-09-03,cubesmart,cube_3144,TX,10,10,77.0,80.5,0.76
2026-09-03,cubesmart,cube_3145,MA,22,22,75.0,62.5,1.103
2026-09-03,cubesmart,cube_3146,MA,18,18,58.0,53.5,0.633
2026-09-03,cubesmart,cube_3147,MA,28,28,80.0,70.5,1.025
2026-09-03,cubesmart,cube_3149,OH,18,18,103.0,106.5,1.17
2026-09-03,cubesmart,cube_3150,OH,9,9,55.0,55.0,0.561
2026-09-03,cubesmart,cube_3151,OH,10,10,61.0,64.0,0.6
2026-09-03,cubesmart,cube_3152,OH,13,13,74.0,96.0,0.88
2026-09-03,cubesmart,cube_3153,OH,13,13,86.0,86.0,0.86
2026-09-03,cubesmart,cube_3154,OH,9,9,73.0,79.0,0.73
2026-09-03,cubesmart,cube_3155,FL,16,16,75.0,125.0,0.923
2026-09-03,cubesmart,cube_3156,FL,18,18,122.0,123.0,0.981
2026-09-03,cubesmart,cube_3157,FL,19,19,63.0,79.0,1.06
2026-09-03,cubesmart,cube_3158,NV,9,9,,98.0,0.925
2026-09-03,cubesmart,cube_3159,CA,9,9,132.0,146.0,1.32
2026-09-03,cubesmart,cube_316,NC,12,12,102.0,105.5,0.92
2026-09-03,cubesmart,cube_3160,CA,22,22,102.0,93.5,1.186
2026-09-03,cubesmart,cube_3162,TX,23,23,,93.0,0.64
2026-09-03,cubesmart,cube_3167,NY,12,12,446.0,350.5,4.46
2026-09-03,cubesmart,cube_3168,NY,14,14,246.0,137.5,2.545
2026-09-03,cubesmart,cube_3169,NY,12,12,259.0,134.5,2.745
2026-09-03,cubesmart,cube_3170,NY,12,12,244.0,167.0,2.36
2026-09-03,cubesmart,cube_3171,NY,10,10,226.0,258.0,2.197
2026-09-03,cubesmart,cube_3173,FL,16,16,86.0,117.0,0.79
2026-09-03,cubesmart,cube_3174,FL,16,16,122.0,121.0,0.907
2026-09-03,cubesmart,cube_3175,FL,15,15,47.0,89.0,0.604
2026-09-03,cubesmart,cube_318,GA,12,12,,44.5,0.293
2026-09-03,cubesmart,cube_3183,TX,13,13,,52.0,0.74
2026-09-03,cubesmart,cube_3186,AZ,12,12,53.0,81.0,0.627
2026-09-03,cubesmart,cube_3187,TX,22,22,57.0,83.5,0.662
2026-09-03,cubesmart,cube_3189,TX,14,14,46.0,45.5,0.555
2026-09-03,cubesmart,cube_3192,NC,15,15,,92.0,1.22
2026-09-03,cubesmart,cube_3194,TX,10,10,67.0,71.0,0.772
2026-09-03,cubesmart,cube_3196,TX,15,15,61.0,80.0,0.8
2026-09-03,cubesmart,cube_3198,VA,22,22,195.0,266.5,1.861
2026-09-03,cubesmart,cube_3200,TX,15,15,100.0,103.0,1.24
2026-09-03,cubesmart,cube_3201,TN,6,6,56.0,67.0,0.698
2026-09-03,cubesmart,cube_3205,AZ,15,15,78.0,86.0,0.687
2026-09-03,cubesmart,cube_3207,IL,19,19,100.0,80.0,1.0
2026-09-03,cubesmart,cube_321,OH,11,11,88.0,108.0,0.74
2026-09-03,cubesmart,cube_3210,FL,17,17,103.0,122.0,1.41
2026-09-03,cubesmart,cube_3213,AZ,18,18,64.0,100.0,0.653
2026-09-03,cubesmart,cube_3214,NY,8,8,233.0,104.0,2.235
2026-09-03,cubesmart,cube_3216,FL,21,21,125.0,176.0,1.159
2026-09-03,cubesmart,cube_3218,VA,13,13,275.0,152.0,2.75
2026-09-03,cubesmart,cube_322,OH,8,8,93.0,60.5,0.867
2026-09-03,cubesmart,cube_3220,NJ,8,8,155.0,120.5,1.455
2026-09-03,cubesmart,cube_3221,TX,10,10,236.0,241.0,3.283
2026-09-03,cubesmart,cube_3222,MD,11,11,124.0,212.0,1.3
2026-09-03,cubesmart,cube_3223,MD,10,10,160.0,108.0,1.734
2026-09-03,cubesmart,cube_3224,DC,19,19,166.0,176.0,1.526
2026-09-03,cubesmart,cube_3227,NY,12,12,195.0,291.5,2.049
2026-09-03,cubesmart,cube_3228,NJ,12,12,137.0,83.0,1.315
2026-09-03,cubesmart,cube_323,CT,9,9,118.0,75.0,1.18
2026-09-03,cubesmart,cube_324,CT,8,8,155.0,134.5,1.907
2026-09-03,cubesmart,cube_3242,NJ,18,18,100.0,77.0,1.236
2026-09-03,cubesmart,cube_3243,NY,16,16,278.0,297.0,2.601
2026-09-03,cubesmart,cube_3248,MA,18,18,81.0,121.0,1.102
2026-09-03,cubesmart,cube_325,CA,8,8,,137.5,1.126
2026-09-03,cubesmart,cube_3250,MA,9,9,72.0,125.0,1.143
2026-09-03,cubesmart,cube_3252,MA,40,40,102.0,131.0,1.612
2026-09-03,cubesmart,cube_3254,MA,9,9,86.0,114.0,1.492
2026-09-03,cubesmart,cube_3256,MA,8,8,89.0,115.5,0.875
2026-09-03,cubesmart,cube_326,NJ,18,18,113.0,121.5,1.28
2026-09-03,cubesmart,cube_3260,MA,12,12,95.0,116.0,0.95
2026-09-03,cubesmart,cube_3279,NY,9,9,236.0,125.0,2.32
2026-09-03,cubesmart,cube_328,NC,14,14,99.0,125.0,1.22
2026-09-03,cubesmart,cube_3280,NY,11,11,137.0,137.0,1.526
2026-09-03,cubesmart,cube_3281,NC,18,18,100.0,73.0,0.82
2026-09-03,cubesmart,cube_3282,NC,11,11,53.0,101.0,0.68
2026-09-03,cubesmart,cube_3283,TX,16,16,,78.5,0.808
2026-09-03,cubesmart,cube_3284,GA,12,12,86.0,118.0,0.93
2026-09-03,cubesmart,cube_3285,TN,27,27,138.0,179.0,1.474
2026-09-03,cubesmart,cube_3286,GA,10,10,61.0,100.0,0.839
2026-09-03,cubesmart,cube_3289,NY,11,11,,157.0,3.07
2026-09-03,cubesmart,cube_329,FL,19,19,90.0,90.0,1.0
2026-09-03,cubesmart,cube_3290,TX,12,12,83.0,114.5,0.763
2026-09-03,cubesmart,cube_3291,TX,21,21,104.0,123.0,0.946
2026-09-03,cubesmart,cube_3297,TX,24,24,71.0,113.5,0.673
2026-09-03,cubesmart,cube_3298,IL,4,4,,105.0,1.717
2026-09-03,cubesmart,cube_330,FL,25,25,128.0,150.0,1.583
2026-09-03,cubesmart,cube_3311,TN,16,16,52.0,75.0,0.493
2026-09-03,cubesmart,cube_3313,TN,10,10,75.0,106.0,0.76
2026-09-03,cubesmart,cube_3315,NY,15,15,234.0,234.0,1.915
2026-09-03,cubesmart,cube_3319,CT,16,16,120.0,132.0,1.314
2026-09-03,cubesmart,cube_332,OH,8,8,57.0,76.5,0.736
2026-09-03,cubesmart,cube_3320,IL,10,10,148.0,148.5,1.347
2026-09-03,cubesmart,cube_3323,AZ,11,11,127.0,171.0,1.32
2026-09-03,cubesmart,cube_3324,TX,18,18,121.0,40.0,0.996
2026-09-03,cubesmart,cube_3330,TX,9,9,59.0,28.0,0.667
2026-09-03,cubesmart,cube_3333,TX,13,13,76.0,121.0,0.98
2026-09-03,cubesmart,cube_3334,NC,11,11,,109.0,1.58
2026-09-03,cubesmart,cube_3336,FL,17,17,110.0,110.0,1.16
2026-09-03,cubesmart,cube_3337,FL,24,24,198.0,46.0,1.383
2026-09-03,cubesmart,cube_3338,FL,12,12,148.0,136.0,1.62
2026-09-03,cubesmart,cube_3345,VA,12,12,,72.5,0.714
2026-09-03,cubesmart,cube_3347,NC,19,19,76.0,90.0,0.773
2026-09-03,cubesmart,cube_3348,TX,6,6,94.0,66.5,1.075
2026-09-03,cubesmart,cube_3351,MA,26,26,341.0,212.5,4.188
2026-09-03,cubesmart,cube_3355,CO,12,12,86.0,136.5,1.006
2026-09-03,cubesmart,cube_3356,TX,11,11,139.0,97.0,1.393
2026-09-03,cubesmart,cube_3358,MA,18,18,76.0,119.5,0.93
2026-09-03,cubesmart,cube_336,FL,19,19,73.0,66.0,0.838
2026-09-03,cubesmart,cube_3361,TN,25,25,100.0,121.0,1.03
2026-09-03,cubesmart,cube_3362,TN,29,29,123.0,151.0,1.144
2026-09-03,cubesmart,cube_3363,NY,4,4,214.0,191.5,3.79
2026-09-03,cubesmart,cube_3370,VA,9,9,178.0,97.0,1.88
2026-09-03,cubesmart,cube_3371,CO,11,11,113.0,126.0,1.16
2026-09-03,cubesmart,cube_338,FL,8,8,148.0,175.5,1.49
2026-09-03,cubesmart,cube_3381,IL,9,9,142.0,124.0,1.627
2026-09-03,cubesmart,cube_3384,NY,33,33,368.0,113.0,2.5
2026-09-03,cubesmart,cube_3385,MD,19,19,62.0,32.0,0.775
2026-09-03,cubesmart,cube_3386,MA,22,22,105.0,103.5,1.315
2026-09-03,cubesmart,cube_3387,NY,22,22,229.0,248.0,1.663
2026-09-03,cubesmart,cube_339,FL,28,28,83.0,37.0,0.617
2026-09-03,cubesmart,cube_3391,NY,10,10,273.0,180.5,3.61
2026-09-03,cubesmart,cube_3397,PA,9,9,97.0,115.0,1.055
2026-09-03,cubesmart,cube_3399,TX,13,13,111.0,92.0,1.227
2026-09-03,cubesmart,cube_3401,NV,13,13,71.0,94.0,0.88
2026-09-03,cubesmart,cube_3402,NV,11,11,72.0,119.0,0.755
2026-09-03,cubesmart,cube_3408,AZ,14,14,69.0,74.0,0.805
2026-09-03,cubesmart,cube_3412,IL,9,9,86.0,167.0,1.113
2026-09-03,cubesmart,cube_3415,PA,14,14,101.0,110.0,1.377
2026-09-03,cubesmart,cube_3416,PA,14,14,116.0,130.5,0.967
2026-09-03,cubesmart,cube_3420,TX,13,13,43.0,71.0,0.636
2026-09-03,cubesmart,cube_3421,TX,13,13,,33.0,0.596
2026-09-03,cubesmart,cube_3422,MA,23,23,97.0,110.0,0.964
2026-09-03,cubesmart,cube_3426,NY,18,18,159.0,126.0,2.137
2026-09-03,cubesmart,cube_3431,NY,3,3,,263.0,1.052
2026-09-03,cubesmart,cube_3434,NV,11,11,61.0,64.0,0.8
2026-09-03,cubesmart,cube_3436,TX,13,13,57.0,40.0,0.647
2026-09-03,cubesmart,cube_3438,DC,16,16,260.0,183.0,2.505
2026-09-03,cubesmart,cube_3439,NC,9,9,73.0,82.0,0.82
2026-09-03,cubesmart,cube_3440,FL,13,13,142.0,89.0,2.1
2026-09-03,cubesmart,cube_3442,AZ,26,26,71.0,123.0,0.764
2026-09-03,cubesmart,cube_3445,NV,15,15,58.0,172.0,0.853
2026-09-03,cubesmart,cube_3447,MA,11,11,124.0,86.0,1.213
2026-09-03,cubesmart,cube_3448,MA,13,13,87.0,127.0,0.87
2026-09-03,cubesmart,cube_3449,MA,23,23,83.0,83.0,1.403
2026-09-03,cubesmart,cube_345,FL,14,14,43.0,45.0,0.611
2026-09-03,cubesmart,cube_3450,MA,16,16,95.0,80.5,1.147
2026-09-03,cubesmart,cube_3452,MA,7,7,62.0,62.0,0.413
2026-09-03,cubesmart,cube_3454,CT,16,16,113.0,97.5,1.145
2026-09-03,cubesmart,cube_3456,RI,9,9,118.0,60.0,1.14
2026-09-03,cubesmart,cube_3457,RI,10,10,79.0,91.0,0.79
2026-09-03,cubesmart,cube_3458,VT,8,8,78.0,84.0,0.69
2026-09-03,cubesmart,cube_3459,MA,8,8,142.0,168.5,1.42
2026-09-03,cubesmart,cube_3460,CT,23,23,75.0,94.0,1.05
2026-09-03,cubesmart,cube_3461,CT,9,9,92.0,92.0,1.113
2026-09-03,cubesmart,cube_3462,VA,4,4,179.0,96.0,2.233
2026-09-03,cubesmart,cube_3465,VT,5,5,100.0,100.0,1.0
2026-09-03,cubesmart,cube_3467,TX,22,22,177.0,186.0,2.2
2026-09-03,cubesmart,cube_3475,TX,17,17,76.0,85.0,1.093
2026-09-03,cubesmart,cube_3478,FL,7,7,,233.0,2.25
2026-09-03,cubesmart,cube_3483,TX,14,14,53.0,51.5,0.92
2026-09-03,cubesmart,cube_3487,AZ,10,10,58.0,81.0,0.675
2026-09-03,cubesmart,cube_3492,IL,12,12,117.0,61.0,0.883
2026-09-03,cubesmart,cube_3516,FL,12,12,125.0,109.5,1.282
2026-09-03,cubesmart,cube_3517,NY,7,7,184.0,92.0,2.12
2026-09-03,cubesmart,cube_3525,TN,19,19,66.0,96.0,0.92
2026-09-03,cubesmart,cube_3526,NY,11,11,228.0,151.0,2.28
2026-09-03,cubesmart,cube_3528,TX,12,12,93.0,111.5,1.303
2026-09-03,cubesmart,cube_3531,PA,9,9,100.0,133.0,1.1
2026-09-03,cubesmart,cube_3532,WA,23,23,160.0,160.0,1.78
2026-09-03,cubesmart,cube_3533,WA,20,20,98.0,197.5,1.273
2026-09-03,cubesmart,cube_3534,FL,12,12,134.0,105.5,1.515
2026-09-03,cubesmart,cube_3536,NY,24,24,668.0,195.0,6.25
2026-09-03,cubesmart,cube_3537,NC,13,13,55.0,75.0,0.724
2026-09-03,cubesmart,cube_3542,GA,15,15,45.0,45.0,0.56
2026-09-03,cubesmart,cube_3543,LA,8,8,,50.5,0.337
2026-09-03,cubesmart,cube_3547,TX,8,8,73.0,46.5,1.193
2026-09-03,cubesmart,cube_3548,TX,10,10,67.0,90.0,0.67
2026-09-03,cubesmart,cube_355,CA,8,8,,114.0,0.696
2026-09-03,cubesmart,cube_3555,NJ,10,10,142.0,129.0,1.43
2026-09-03,cubesmart,cube_356,CA,11,11,70.0,71.0,0.652
2026-09-03,cubesmart,cube_3560,CO,14,14,90.0,74.5,0.88
2026-09-03,cubesmart,cube_3562,NY,17,17,251.0,176.0,2.551
2026-09-03,cubesmart,cube_3565,AZ,16,16,142.0,180.5,1.275
2026-09-03,cubesmart,cube_357,CA,17,17,62.0,45.0,0.648
2026-09-03,cubesmart,cube_3574,TX,8,8,68.0,74.5,0.677
2026-09-03,cubesmart,cube_3576,TX,16,16,89.0,120.5,0.873
2026-09-03,cubesmart,cube_3578,IL,18,18,109.0,136.5,1.097
2026-09-03,cubesmart,cube_3581,PA,11,11,101.0,69.0,1.013
2026-09-03,cubesmart,cube_3582,PA,10,10,97.0,111.0,1.015
2026-09-03,cubesmart,cube_3583,PA,11,11,94.0,94.0,0.973
2026-09-03,cubesmart,cube_3584,PA,13,13,88.0,118.0,1.08
2026-09-03,cubesmart,cube_3585,PA,11,11,109.0,121.0,1.04
2026-09-03,cubesmart,cube_3607,SC,12,12,159.0,157.5,1.383
2026-09-03,cubesmart,cube_3608,TX,19,19,62.0,80.0,0.875
2026-09-03,cubesmart,cube_361,FL,16,16,86.0,88.5,0.875
2026-09-03,cubesmart,cube_3614,CO,14,14,94.0,102.0,1.343
2026-09-03,cubesmart,cube_3615,TX,11,11,71.0,46.0,0.845
2026-09-03,cubesmart,cube_3619,SC,5,5,,52.0,0.325
2026-09-03,cubesmart,cube_3625,FL,11,11,116.0,116.0,1.353
2026-09-03,cubesmart,cube_3630,FL,18,18,120.0,193.0,1.394
2026-09-03,cubesmart,cube_3634,TX,17,17,83.0,83.0,0.956
2026-09-03,cubesmart,cube_3635,NY,7,7,184.0,111.0,2.22
2026-09-03,cubesmart,cube_3645,NJ,11,11,272.0,165.0,2.531
2026-09-03,cubesmart,cube_3652,IL,10,10,110.0,100.0,1.124
2026-09-03,cubesmart,cube_3653,IL,10,10,113.0,178.5,1.521
2026-09-03,cubesmart,cube_3655,NY,12,12,280.0,275.5,3.912
2026-09-03,cubesmart,cube_366,FL,20,20,82.0,39.0,0.73
2026-09-03,cubesmart,cube_3661,NC,9,9,,186.0,1.673
2026-09-03,cubesmart,cube_3674,TX,17,17,43.0,43.0,0.6
2026-09-03,cubesmart,cube_3675,FL,16,16,148.0,172.0,1.855
2026-09-03,cubesmart,cube_3682,AZ,6,6,90.0,101.0,1.252
2026-09-03,cubesmart,cube_3687,SC,9,9,170.0,177.0,1.544
2026-09-03,cubesmart,cube_3692,SC,18,18,76.0,66.0,1.69
2026-09-03,cubesmart,cube_3694,AZ,12,12,34.0,31.0,0.56
2026-09-03,cubesmart,cube_3699,FL,12,12,59.0,106.5,0.687
2026-09-03,cubesmart,cube_3706,NJ,13,13,162.0,259.0,1.968
2026-09-03,cubesmart,cube_3708,MD,13,13,,166.0,1.383
2026-09-03,cubesmart,cube_3711,DC,17,17,135.0,160.0,1.289
2026-09-03,cubesmart,cube_3725,FL,12,12,158.0,98.0,1.843
2026-09-03,cubesmart,cube_3729,FL,15,15,102.0,69.0,1.36
2026-09-03,cubesmart,cube_373,CA,8,8,163.0,114.0,1.48
2026-09-03,cubesmart,cube_3730,TX,10,10,101.0,80.0,1.28
2026-09-03,cubesmart,cube_3731,CO,8,8,110.0,193.5,1.206
2026-09-03,cubesmart,cube_3735,FL,14,14,82.0,99.5,1.01
2026-09-03,cubesmart,cube_3743,LA,12,12,56.0,67.0,0.595
2026-09-03,cubesmart,cube_3744,LA,13,13,75.0,92.0,0.92
2026-09-03,cubesmart,cube_3749,NC,15,15,64.0,54.0,0.96
2026-09-03,cubesmart,cube_3751,NC,13,13,122.0,120.0,1.42
2026-09-03,cubesmart,cube_3755,GA,10,10,73.0,92.5,0.903
2026-09-03,cubesmart,cube_376,FL,9,9,202.0,202.0,2.6
2026-09-03,cubesmart,cube_3764,TX,10,10,101.0,134.0,1.258
2026-09-03,cubesmart,cube_377,NJ,8,8,128.0,161.0,1.287
2026-09-03,cubesmart,cube_3770,MA,9,9,146.0,81.0,1.62
2026-09-03,cubesmart,cube_3776,NY,13,13,95.0,107.0,0.807
2026-09-03,cubesmart,cube_3784,FL,8,8,96.0,77.0,0.88
2026-09-03,cubesmart,cube_3785,CA,20,20,182.0,233.5,2.282
2026-09-03,cubesmart,cube_3793,NV,6,6,112.0,167.0,0.851
2026-09-03,cubesmart,cube_380,FL,37,37,62.0,62.0,0.55
2026-09-03,cubesmart,cube_3802,NY,29,29,208.0,208.0,2.344
2026-09-03,cubesmart,cube_3806,TX,15,15,,50.0,0.576
2026-09-03,cubesmart,cube_381,NJ,17,17,,104.0,1.947
2026-09-03,cubesmart,cube_3816,TX,29,29,34.0,58.0,0.414
2026-09-03,cubesmart,cube_3817,TX,23,23,61.0,105.0,0.723
2026-09-03,cubesmart,cube_382,FL,15,15,77.0,77.0,0.92
2026-09-03,cubesmart,cube_3823,FL,33,33,35.0,35.0,0.463
2026-09-03,cubesmart,cube_3824,FL,15,15,,82.0,1.053
2026-09-03,cubesmart,cube_3829,NC,19,19,131.0,87.0,1.31
2026-09-03,cubesmart,cube_3830,NV,15,15,54.0,107.0,0.787
2026-09-03,cubesmart,cube_3836,GA,13,13,98.0,111.0,1.094
2026-09-03,cubesmart,cube_3838,OH,3,3,138.0,74.0,1.48
2026-09-03,cubesmart,cube_384,FL,21,21,171.0,201.0,1.863
2026-09-03,cubesmart,cube_3844,CA,10,10,281.0,379.5,3.044
2026-09-03,cubesmart,cube_3846,TX,7,7,110.0,110.0,1.287
2026-09-03,cubesmart,cube_3848,CT,12,12,172.0,97.5,2.1
2026-09-03,cubesmart,cube_385,OH,14,14,110.0,97.0,1.173
2026-09-03,cubesmart,cube_3850,PA,7,7,116.0,54.0,0.987
2026-09-03,cubesmart,cube_3854,VA,11,11,168.0,168.0,1.787
2026-09-03,cubesmart,cube_3856,NC,10,10,68.0,66.0,5.993
2026-09-03,cubesmart,cube_386,NY,9,9,83.0,92.0,1.201
2026-09-03,cubesmart,cube_3866,FL,16,16,107.0,105.0,1.162
2026-09-03,cubesmart,cube_387,MA,16,16,88.0,114.5,1.383
2026-09-03,cubesmart,cube_3875,CT,8,8,70.0,105.0,0.96
2026-09-03,cubesmart,cube_3876,CT,12,12,,120.0,0.632
2026-09-03,cubesmart,cube_3877,NC,10,10,95.0,95.5,1.93
2026-09-03,cubesmart,cube_3879,GA,16,16,127.0,139.5,1.395
2026-09-03,cubesmart,cube_388,FL,15,15,158.0,158.0,1.716
2026-09-03,cubesmart,cube_3886,NJ,10,10,103.0,106.5,0.963
2026-09-03,cubesmart,cube_3887,CA,30,30,132.0,130.5,1.409
2026-09-03,cubesmart,cube_389,FL,18,18,61.0,23.0,0.545
2026-09-03,cubesmart,cube_3892,CT,12,12,140.0,101.0,1.447
2026-09-03,cubesmart,cube_3894,RI,11,11,114.0,100.0,1.083
2026-09-03,cubesmart,cube_3895,RI,12,12,212.0,112.5,1.986
2026-09-03,cubesmart,cube_3896,RI,12,12,122.0,151.0,1.22
2026-09-03,cubesmart,cube_3902,CO,10,10,113.0,157.0,0.887
2026-09-03,cubesmart,cube_3908,IA,7,7,45.0,45.0,0.53
2026-09-03,cubesmart,cube_391,CT,8,8,72.0,77.5,0.78
2026-09-03,cubesmart,cube_3913,MA,7,7,182.0,119.0,1.68
2026-09-03,cubesmart,cube_3916,FL,13,13,,125.0,0.858
2026-09-03,cubesmart,cube_3918,NY,19,19,209.0,228.0,2.6
2026-09-03,cubesmart,cube_3919,NJ,20,20,175.0,115.5,1.871
2026-09-03,cubesmart,cube_392,CT,6,6,40.0,61.5,0.403
2026-09-03,cubesmart,cube_3927,PA,15,15,103.0,106.0,0.995
2026-09-03,cubesmart,cube_393,NJ,19,19,97.0,83.0,1.234
2026-09-03,cubesmart,cube_3932,TX,15,15,107.0,150.0,1.019
2026-09-03,cubesmart,cube_3934,FL,12,12,228.0,170.5,2.36
2026-09-03,cubesmart,cube_3936,NJ,12,12,134.0,77.0,1.685
2026-09-03,cubesmart,cube_3937,AZ,10,10,77.0,77.0,0.77
2026-09-03,cubesmart,cube_3939,TX,15,15,125.0,125.0,1.27
2026-09-03,cubesmart,cube_394,FL,22,22,145.0,102.0,1.372
2026-09-03,cubesmart,cube_3943,OH,25,25,75.0,76.0,0.745
2026-09-03,cubesmart,cube_3945,OH,16,16,38.0,45.0,0.63
2026-09-03,cubesmart,cube_3947,MD,11,11,138.0,86.0,1.522
2026-09-03,cubesmart,cube_395,FL,21,21,215.0,77.0,1.604
2026-09-03,cubesmart,cube_3954,NY,11,11,282.0,170.0,3.4
2026-09-03,cubesmart,cube_3957,TN,18,18,70.0,86.0,0.818
2026-09-03,cubesmart,cube_3958,MS,16,16,104.0,113.5,0.77
2026-09-03,cubesmart,cube_396,FL,16,16,108.0,42.5,1.03
2026-09-03,cubesmart,cube_3968,CO,10,10,113.0,127.0,1.169
2026-09-03,cubesmart,cube_397,FL,19,19,115.0,163.0,1.48
2026-09-03,cubesmart,cube_3974,FL,14,14,103.0,97.0,1.03
2026-09-03,cubesmart,cube_3975,TX,17,17,83.0,83.0,0.827
2026-09-03,cubesmart,cube_3978,FL,23,23,57.0,81.0,0.684
2026-09-03,cubesmart,cube_3979,FL,19,19,56.0,63.0,0.6
2026-09-03,cubesmart,cube_3985,MD,13,13,109.0,109.0,1.069
2026-09-03,cubesmart,cube_3986,TX,14,14,82.0,84.0,0.864
2026-09-03,cubesmart,cube_399,NC,11,11,71.0,89.0,0.938
2026-09-03,cubesmart,cube_3994,TX,11,11,112.0,101.0,1.347
2026-09-03,cubesmart,cube_3995,TX,12,12,78.0,55.0,0.96
2026-09-03,cubesmart,cube_3997,PA,18,18,103.0,44.5,1.25
2026-09-03,cubesmart,cube_3999,TN,12,12,60.0,85.0,0.625
2026-09-03,cubesmart,cube_400,NC,14,14,60.0,102.5,0.653
2026-09-03,cubesmart,cube_4001,TX,13,13,73.0,52.0,1.04
2026-09-03,cubesmart,cube_4002,TN,14,14,209.0,153.0,2.039
2026-09-03,cubesmart,cube_4004,FL,14,14,102.0,82.0,1.247
2026-09-03,cubesmart,cube_4005,NC,20,20,104.0,100.0,1.58
2026-09-03,cubesmart,cube_4007,FL,11,11,85.0,108.0,0.88
2026-09-03,cubesmart,cube_4012,NM,7,7,,85.0,0.753
2026-09-03,cubesmart,cube_4013,NM,10,10,60.0,63.0,0.867
2026-09-03,cubesmart,cube_402,GA,18,18,27.0,78.5,0.405
2026-09-03,cubesmart,cube_4028,FL,29,29,85.0,83.0,1.01
2026-09-03,cubesmart,cube_4029,GA,23,23,103.0,87.0,1.093
2026-09-03,cubesmart,cube_403,CA,9,9,104.0,139.0,0.995
2026-09-03,cubesmart,cube_4033,NV,12,12,94.0,111.5,0.675
2026-09-03,cubesmart,cube_4035,OH,10,10,84.0,96.5,0.727
2026-09-03,cubesmart,cube_4036,NY,9,9,364.0,150.0,3.0
2026-09-03,cubesmart,cube_4045,VA,13,13,109.0,72.0,1.04
2026-09-03,cubesmart,cube_405,GA,10,10,37.0,47.5,0.58
2026-09-03,cubesmart,cube_4055,TN,7,7,149.0,176.0,1.733
2026-09-03,cubesmart,cube_4056,TX,13,13,64.0,47.0,0.615
2026-09-03,cubesmart,cube_4057,WA,8,8,124.0,220.0,1.408
2026-09-03,cubesmart,cube_406,GA,12,12,71.0,97.0,0.82
2026-09-03,cubesmart,cube_4060,AL,11,11,107.0,89.0,1.18
2026-09-03,cubesmart,cube_4063,SC,9,9,80.0,80.0,0.737
2026-09-03,cubesmart,cube_4068,NV,8,8,74.0,68.5,0.74
2026-09-03,cubesmart,cube_407,GA,14,14,64.0,79.0,0.71
2026-09-03,cubesmart,cube_4072,MA,12,12,59.0,67.0,1.265
2026-09-03,cubesmart,cube_4073,MI,14,14,67.0,72.0,0.789
2026-09-03,cubesmart,cube_4074,FL,13,13,59.0,98.0,0.628
2026-09-03,cubesmart,cube_4075,NY,7,7,123.0,123.0,1.107
2026-09-03,cubesmart,cube_4076,TN,17,17,70.0,70.0,0.725
2026-09-03,cubesmart,cube_4082,MA,10,10,58.0,91.0,0.695
2026-09-03,cubesmart,cube_4086,MA,5,5,139.0,139.0,1.067
2026-09-03,cubesmart,cube_4087,MA,14,14,,202.0,1.135
2026-09-03,cubesmart,cube_4088,FL,14,14,80.0,89.5,0.83
2026-09-03,cubesmart,cube_409,GA,11,11,52.0,113.0,0.538
2026-09-03,cubesmart,cube_4090,TX,23,23,72.0,55.0,1.24
2026-09-03,cubesmart,cube_4093,NY,15,15,121.0,147.0,1.376
2026-09-03,cubesmart,cube_4096,IN,36,36,44.0,74.5,0.572
2026-09-03,cubesmart,cube_410,IL,15,15,119.0,119.0,1.4
2026-09-03,cubesmart,cube_4100,AZ,9,9,98.0,133.0,1.08
2026-09-03,cubesmart,cube_4101,FL,8,8,101.0,120.5,0.88
2026-09-03,cubesmart,cube_4102,TX,10,10,58.0,70.0,0.62
2026-09-03,cubesmart,cube_4103,NC,20,20,99.0,98.0,1.8
2026-09-03,cubesmart,cube_4105,PA,14,14,154.0,128.0,1.38
2026-09-03,cubesmart,cube_4106,NC,26,26,107.0,126.0,2.062
2026-09-03,cubesmart,cube_411,MD,23,23,81.0,105.0,1.033
2026-09-03,cubesmart,cube_4110,MN,17,17,109.0,83.0,1.11
2026-09-03,cubesmart,cube_4113,FL,20,20,114.0,119.5,1.04
2026-09-03,cubesmart,cube_4117,FL,13,13,118.0,79.0,1.26
2026-09-03,cubesmart,cube_4118,FL,14,14,81.0,91.0,0.958
2026-09-03,cubesmart,cube_4119,FL,16,16,74.0,85.0,0.883
2026-09-03,cubesmart,cube_412,MD,19,19,121.0,131.0,1.223
2026-09-03,cubesmart,cube_4124,TX,16,16,96.0,101.0,1.01
2026-09-03,cubesmart,cube_413,MD,13,13,142.0,230.0,1.313
2026-09-03,cubesmart,cube_4130,SC,17,17,90.0,64.0,1.11
2026-09-03,cubesmart,cube_4131,NY,47,47,134.0,141.0,0.944
2026-09-03,cubesmart,cube_4132,CA,6,6,171.0,170.5,1.976
2026-09-03,cubesmart,cube_4133,TX,8,8,44.0,73.0,0.585
2026-09-03,cubesmart,cube_4134,TX,9,9,74.0,109.0,0.85
2026-09-03,cubesmart,cube_4135,TX,11,11,65.0,87.0,0.785
2026-09-03,cubesmart,cube_4136,TX,7,7,68.0,100.0,0.627
2026-09-03,cubesmart,cube_4137,TX,12,12,61.0,130.0,0.64
2026-09-03,cubesmart,cube_414,PA,15,15,93.0,93.0,0.88
2026-09-03,cubesmart,cube_4144,NC,10,10,81.0,80.0,0.845
2026-09-03,cubesmart,cube_4147,IL,8,8,64.0,43.5,0.574
2026-09-03,cubesmart,cube_4148,WI,10,10,145.0,161.5,1.113
2026-09-03,cubesmart,cube_415,CA,8,8,116.0,164.0,1.238
2026-09-03,cubesmart,cube_4154,TN,7,7,135.0,135.0,1.35
2026-09-03,cubesmart,cube_4155,NJ,15,15,,99.0,1.98
2026-09-03,cubesmart,cube_416,MA,10,10,259.0,252.0,3.0
2026-09-03,cubesmart,cube_4169,NC,12,12,116.0,140.5,1.413
2026-09-03,cubesmart,cube_417,NY,19,19,194.0,252.0,1.92
2026-09-03,cubesmart,cube_4172,NC,15,15,66.0,54.0,0.92
2026-09-03,cubesmart,cube_4178,TX,16,16,82.0,64.5,0.772
2026-09-03,cubesmart,cube_4179,TX,6,6,52.0,55.0,0.66
2026-09-03,cubesmart,cube_4180,TX,12,12,82.0,55.5,0.725
2026-09-03,cubesmart,cube_4181,IL,10,10,89.0,68.5,0.82
2026-09-03,cubesmart,cube_4185,TN,21,21,184.0,185.0,1.92
2026-09-03,cubesmart,cube_419,MD,15,15,72.0,76.0,1.14
2026-09-03,cubesmart,cube_4191,FL,12,12,139.0,88.0,1.335
2026-09-03,cubesmart,cube_420,MD,16,16,123.0,174.0,1.513
2026-09-03,cubesmart,cube_421,FL,13,13,67.0,35.0,0.65
2026-09-03,cubesmart,cube_4211,NY,12,12,197.0,197.0,1.97
2026-09-03,cubesmart,cube_4214,MA,8,8,106.0,131.0,1.2
2026-09-03,cubesmart,cube_4215,MD,11,11,86.0,70.0,0.933
2026-09-03,cubesmart,cube_4218,KY,14,14,47.0,38.5,0.677
2026-09-03,cubesmart,cube_422,FL,17,17,116.0,141.0,1.627
2026-09-03,cubesmart,cube_4220,CT,18,18,109.0,159.5,1.187
2026-09-03,cubesmart,cube_4221,MS,19,19,111.0,116.0,1.11
2026-09-03,cubesmart,cube_4222,PA,20,20,122.0,81.0,1.157
2026-09-03,cubesmart,cube_4226,OH,10,10,77.0,61.0,0.883
2026-09-03,cubesmart,cube_4229,GA,19,19,62.0,73.0,0.9
2026-09-03,cubesmart,cube_423,TX,9,9,57.0,57.0,0.54
2026-09-03,cubesmart,cube_4231,GA,12,12,75.0,44.5,1.073
2026-09-03,cubesmart,cube_4237,PA,7,7,147.0,100.0,2.0
2026-09-03,cubesmart,cube_4243,AL,27,27,86.0,98.0,0.973
2026-09-03,cubesmart,cube_4245,AZ,14,14,88.0,90.0,1.022
2026-09-03,cubesmart,cube_4248,VA,10,10,143.0,155.0,0.969
2026-09-03,cubesmart,cube_4250,TX,15,15,49.0,49.0,0.93
2026-09-03,cubesmart,cube_4251,FL,17,17,105.0,61.0,0.98
2026-09-03,cubesmart,cube_4253,CT,5,5,97.0,97.0,1.176
2026-09-03,cubesmart,cube_4254,CT,8,8,179.0,136.5,1.56
2026-09-03,cubesmart,cube_4260,PA,11,11,,88.0,1.147
2026-09-03,cubesmart,cube_4261,PA,10,10,88.0,73.0,0.903
2026-09-03,cubesmart,cube_4262,VA,14,14,95.0,82.0,1.107
2026-09-03,cubesmart,cube_4263,VT,3,3,129.0,111.0,1.755
2026-09-03,cubesmart,cube_4264,OH,18,18,73.0,174.5,0.821
2026-09-03,cubesmart,cube_427,DC,11,11,219.0,180.0,2.173
2026-09-03,cubesmart,cube_4271,CT,11,11,166.0,230.0,1.413
2026-09-03,cubesmart,cube_4272,NY,14,14,194.0,271.5,1.8
2026-09-03,cubesmart,cube_4275,TN,11,11,148.0,84.0,1.887
2026-09-03,cubesmart,cube_4276,CA,8,8,,57.0,0.681
2026-09-03,cubesmart,cube_4277,CA,18,18,,85.5,0.692
2026-09-03,cubesmart,cube_4278,FL,16,16,105.0,154.5,1.253
2026-09-03,cubesmart,cube_4279,NJ,17,17,110.0,56.0,1.125
2026-09-03,cubesmart,cube_4282,NJ,6,6,126.0,103.0,1.522
2026-09-03,cubesmart,cube_4286,FL,13,13,107.0,167.0,1.31
2026-09-03,cubesmart,cube_4289,FL,20,20,116.0,145.0,1.107
2026-09-03,cubesmart,cube_4291,NC,15,15,128.0,104.0,1.583
2026-09-03,cubesmart,cube_4292,NY,9,9,449.0,403.0,4.547
2026-09-03,cubesmart,cube_4296,MI,21,21,122.0,145.0,1.22
2026-09-03,cubesmart,cube_4297,FL,17,17,110.0,121.0,1.252
2026-09-03,cubesmart,cube_4298,MA,20,20,260.0,118.0,2.448
2026-09-03,cubesmart,cube_4300,NY,5,5,199.0,40.0,1.6
2026-09-03,cubesmart,cube_4301,NV,9,9,140.0,158.0,1.393
2026-09-03,cubesmart,cube_4303,VA,13,13,107.0,138.0,1.075
2026-09-03,cubesmart,cube_4304,FL,24,24,42.0,45.5,0.447
2026-09-03,cubesmart,cube_4305,TX,18,18,,62.0,0.367
2026-09-03,cubesmart,cube_4306,FL,11,11,200.0,270.0,2.0
2026-09-03,cubesmart,cube_4308,NC,11,11,98.0,131.0,0.98
2026-09-03,cubesmart,cube_4309,VA,8,8,116.0,103.0,1.268
2026-09-03,cubesmart,cube_4310,FL,14,14,112.0,152.5,0.923
2026-09-03,cubesmart,cube_4311,FL,23,23,76.0,79.0,0.703
2026-09-03,cubesmart,cube_4312,FL,18,18,52.0,68.0,0.787
2026-09-03,cubesmart,cube_4316,FL,12,12,88.0,59.0,0.82
2026-09-03,cubesmart,cube_4319,TX,12,12,152.0,159.5,1.397
2026-09-03,cubesmart,cube_4320,OH,15,15,41.0,47.0,0.442
2026-09-03,cubesmart,cube_4321,SC,6,6,40.0,66.0,0.511
2026-09-03,cubesmart,cube_4326,AL,11,11,110.0,88.0,1.173
2026-09-03,cubesmart,cube_4327,NY,18,18,155.0,152.5,1.716
2026-09-03,cubesmart,cube_4334,FL,17,17,109.0,86.0,1.24
2026-09-03,cubesmart,cube_4335,PA,10,10,138.0,57.5,1.18
2026-09-03,cubesmart,cube_4338,MD,12,12,150.0,152.0,1.76
2026-09-03,cubesmart,cube_4340,FL,13,13,94.0,80.0,1.075
2026-09-03,cubesmart,cube_4341,CT,14,14,74.0,89.0,0.912
2026-09-03,cubesmart,cube_4344,CA,11,11,77.0,87.0,0.77
2026-09-03,cubesmart,cube_4345,NC,13,13,86.0,80.0,1.0
2026-09-03,cubesmart,cube_4346,GA,8,8,63.0,44.5,0.845
2026-09-03,cubesmart,cube_4353,TX,13,13,46.0,57.0,0.64
2026-09-03,cubesmart,cube_4354,TX,11,11,39.0,70.0,0.575
2026-09-03,cubesmart,cube_4357,TX,16,16,49.0,51.0,0.497
2026-09-03,cubesmart,cube_4368,MN,9,9,107.0,107.0,0.885
2026-09-03,cubesmart,cube_4371,PA,14,14,83.0,112.0,0.958
2026-09-03,cubesmart,cube_4372,AZ,13,13,76.0,129.0,0.64
2026-09-03,cubesmart,cube_4373,CT,11,11,125.0,174.0,1.027
2026-09-03,cubesmart,cube_4376,GA,9,9,94.0,45.0,0.88
2026-09-03,cubesmart,cube_4378,AL,11,11,112.0,130.0,1.255
2026-09-03,cubesmart,cube_4380,TX,10,10,83.0,90.0,0.493
2026-09-03,cubesmart,cube_4381,NM,2,2,,52.5,
2026-09-03,cubesmart,cube_4382,SC,10,10,60.0,259.5,1.517
2026-09-03,cubesmart,cube_4383,IN,23,23,89.0,106.0,1.133
2026-09-03,cubesmart,cube_4384,IL,27,27,79.0,86.0,1.075
2026-09-03,cubesmart,cube_4385,IL,11,11,109.0,148.0,1.85
2026-09-03,cubesmart,cube_4386,TX,7,7,134.0,131.0,0.336
2026-09-03,cubesmart,cube_4388,FL,14,14,100.0,97.5,1.06
2026-09-03,cubesmart,cube_4389,TX,11,11,120.0,120.0,1.2
2026-09-03,cubesmart,cube_4390,CA,8,8,,165.0,0.723
2026-09-03,cubesmart,cube_4391,NJ,14,14,55.0,53.5,0.853
2026-09-03,cubesmart,cube_4393,TX,5,5,41.0,31.0,0.54
2026-09-03,cubesmart,cube_4398,FL,8,8,,64.5,1.133
2026-09-03,cubesmart,cube_4399,TX,10,10,77.0,92.0,0.898
2026-09-03,cubesmart,cube_4402,FL,12,12,248.0,186.0,2.33
2026-09-03,cubesmart,cube_4403,MD,17,17,103.0,156.0,1.157
2026-09-03,cubesmart,cube_4404,WI,13,13,84.0,121.0,0.447
2026-09-03,cubesmart,cube_4405,FL,18,18,122.0,75.5,1.305
2026-09-03,cubesmart,cube_4408,TN,15,15,75.0,115.0,0.965
2026-09-03,cubesmart,cube_4409,TN,16,16,71.0,149.0,0.905
2026-09-03,cubesmart,cube_4412,OH,14,14,72.0,105.0,0.72
2026-09-03,cubesmart,cube_4413,MI,37,37,82.0,161.0,1.185
2026-09-03,cubesmart,cube_4414,FL,7,7,52.0,89.0,0.5
2026-09-03,cubesmart,cube_4417,NJ,15,15,94.0,146.0,1.516
2026-09-03,cubesmart,cube_4418,NJ,12,12,62.0,65.0,0.817
2026-09-03,cubesmart,cube_4419,NY,10,10,109.0,146.5,1.396
2026-09-03,cubesmart,cube_4421,NV,9,9,89.0,55.0,0.89
2026-09-03,cubesmart,cube_4423,TX,12,12,108.0,65.0,0.97
2026-09-03,cubesmart,cube_4424,NJ,14,14,48.0,43.5,0.7
2026-09-03,cubesmart,cube_4425,MD,13,13,58.0,80.0,0.562
2026-09-03,cubesmart,cube_4428,NC,10,10,80.0,48.5,1.05
2026-09-03,cubesmart,cube_4429,DE,13,13,78.0,71.0,0.887
2026-09-03,cubesmart,cube_4432,AZ,11,11,47.0,58.0,0.603
2026-09-03,cubesmart,cube_4435,VA,11,11,60.0,102.0,1.863
2026-09-03,cubesmart,cube_4436,CT,27,27,41.0,86.0,0.65
2026-09-03,cubesmart,cube_4439,MD,7,7,151.0,209.0,1.393
2026-09-03,cubesmart,cube_4441,CA,13,13,191.0,191.0,2.347
2026-09-03,cubesmart,cube_4442,GA,13,13,52.0,52.0,0.58
2026-09-03,cubesmart,cube_4446,CA,15,15,181.0,209.0,1.36
2026-09-03,cubesmart,cube_4447,CA,13,13,193.0,254.0,1.436
2026-09-03,cubesmart,cube_4448,CA,7,7,105.0,105.0,1.073
2026-09-03,cubesmart,cube_4449,CA,17,17,114.0,110.0,0.965
2026-09-03,cubesmart,cube_4450,CA,16,16,168.0,124.0,1.809
2026-09-03,cubesmart,cube_4451,CA,8,8,180.0,139.5,1.67
2026-09-03,cubesmart,cube_4452,CA,14,14,152.0,118.5,2.04
2026-09-03,cubesmart,cube_4453,CA,16,16,98.0,174.5,1.257
2026-09-03,cubesmart,cube_4454,CA,15,15,72.0,56.0,0.828
2026-09-03,cubesmart,cube_4455,CA,16,16,95.0,80.5,1.194
2026-09-03,cubesmart,cube_4456,CA,14,14,154.0,286.5,1.453
2026-09-03,cubesmart,cube_4457,CA,14,14,134.0,101.5,1.706
2026-09-03,cubesmart,cube_4458,CA,8,8,168.0,172.0,1.28
2026-09-03,cubesmart,cube_4459,CA,12,12,172.0,183.0,1.667
2026-09-03,cubesmart,cube_4460,CA,11,11,114.0,214.0,1.27
2026-09-03,cubesmart,cube_4461,CA,19,19,94.0,115.0,1.33
2026-09-03,cubesmart,cube_4462,CA,11,11,,212.0,1.395
2026-09-03,cubesmart,cube_4463,CA,11,11,,184.0,1.502
2026-09-03,cubesmart,cube_4464,CA,13,13,151.0,179.0,1.5
2026-09-03,cubesmart,cube_4465,CA,12,12,145.0,124.5,1.794
2026-09-03,cubesmart,cube_4466,GA,17,17,84.0,53.0,0.84
2026-09-03,cubesmart,cube_4467,NV,14,14,82.0,119.5,1.073
2026-09-03,cubesmart,cube_4468,CA,15,15,110.0,157.0,1.784
2026-09-03,cubesmart,cube_4469,CA,7,7,,107.0,1.524
2026-09-03,cubesmart,cube_4470,NV,16,16,71.0,111.0,0.973
2026-09-03,cubesmart,cube_4471,NV,12,12,74.0,63.0,0.897
2026-09-03,cubesmart,cube_4472,NV,10,10,79.0,81.0,0.973
2026-09-03,cubesmart,cube_4473,NV,14,14,59.0,56.0,0.82
2026-09-03,cubesmart,cube_4474,NV,8,8,88.0,76.5,0.913
2026-09-03,cubesmart,cube_4475,NV,15,15,63.0,70.0,0.753
2026-09-03,cubesmart,cube_4476,NV,11,11,51.0,59.0,0.602
2026-09-03,cubesmart,cube_4477,NV,11,11,73.0,68.0,1.03
2026-09-03,cubesmart,cube_4478,NV,19,19,86.0,124.0,0.885
2026-09-03,cubesmart,cube_4479,NV,9,9,89.0,89.0,0.947
2026-09-03,cubesmart,cube_4480,NV,11,11,58.0,71.0,0.74
2026-09-03,cubesmart,cube_4481,NV,12,12,72.0,97.5,0.92
2026-09-03,cubesmart,cube_4482,TX,18,18,119.0,144.0,1.1
2026-09-03,cubesmart,cube_4483,TX,13,13,162.0,167.0,1.62
2026-09-03,cubesmart,cube_4484,TX,16,16,101.0,84.0,1.07
2026-09-03,cubesmart,cube_4485,TX,12,12,100.0,105.5,1.098
2026-09-03,cubesmart,cube_4486,TX,13,13,39.0,30.0,0.693
2026-09-03,cubesmart,cube_4487,TX,13,13,148.0,48.0,0.96
2026-09-03,cubesmart,cube_4488,TX,13,13,101.0,160.0,1.128
2026-09-03,cubesmart,cube_4489,AZ,6,6,46.0,47.5,0.504
2026-09-03,cubesmart,cube_4490,AZ,10,10,89.0,176.5,0.809
2026-09-03,cubesmart,cube_4491,AZ,15,15,101.0,158.0,1.01
2026-09-03,cubesmart,cube_4492,AZ,15,15,60.0,41.0,0.76
2026-09-03,cubesmart,cube_4493,AZ,10,10,134.0,202.0,1.24
2026-09-03,cubesmart,cube_4494,AZ,10,10,55.0,62.5,0.704
2026-09-03,cubesmart,cube_4495,AZ,19,19,74.0,92.0,0.8
2026-09-03,cubesmart,cube_4496,AZ,14,14,52.0,86.5,0.591
2026-09-03,cubesmart,cube_4497,AZ,13,13,74.0,83.0,0.665
2026-09-03,cubesmart,cube_4498,AZ,8,8,,43.0,0.777
2026-09-03,cubesmart,cube_4499,AZ,22,22,88.0,172.5,0.995
2026-09-03,cubesmart,cube_4500,AZ,12,12,50.0,57.5,0.778
2026-09-03,cubesmart,cube_4501,AZ,20,20,68.0,32.0,0.7
2026-09-03,cubesmart,cube_4502,AZ,12,12,77.0,88.5,0.658
2026-09-03,cubesmart,cube_4503,AZ,18,18,64.0,55.5,0.76
2026-09-03,cubesmart,cube_4504,AZ,20,20,86.0,91.5,1.018
2026-09-03,cubesmart,cube_4505,AZ,19,19,109.0,115.0,0.743
2026-09-03,cubesmart,cube_4506,NV,18,18,44.0,72.0,0.72
2026-09-03,cubesmart,cube_4511,TX,4,4,,125.5,0.348
2026-09-03,cubesmart,cube_4515,NC,18,18,121.0,131.5,1.086
2026-09-03,cubesmart,cube_4516,IL,12,12,91.0,112.0,0.931
2026-09-03,cubesmart,cube_4517,CT,16,16,150.0,162.5,1.995
2026-09-03,cubesmart,cube_4518,FL,23,23,,121.0,0.596
2026-09-03,cubesmart,cube_4519,GA,9,9,72.0,80.0,0.607
2026-09-03,cubesmart,cube_4520,MS,12,12,,33.5,0.48
2026-09-03,cubesmart,cube_4521,TX,6,6,68.0,78.0,0.577
2026-09-03,cubesmart,cube_4522,MA,9,9,137.0,60.0,1.16
2026-09-03,cubesmart,cube_4523,TX,7,7,45.0,70.0,0.533
2026-09-03,cubesmart,cube_4524,TX,10,10,32.0,39.5,0.31
2026-09-03,cubesmart,cube_4525,TX,6,6,29.0,52.5,0.295
2026-09-03,cubesmart,cube_4527,TX,17,17,69.0,102.0,0.69
2026-09-03,cubesmart,cube_4529,TX,17,17,72.0,49.0,0.896
2026-09-03,cubesmart,cube_4533,PA,15,15,98.0,98.0,1.152
2026-09-03,cubesmart,cube_4534,IL,8,8,118.0,104.5,1.211
2026-09-03,cubesmart,cube_4535,OH,23,23,77.0,95.0,0.794
2026-09-03,cubesmart,cube_4536,FL,13,13,175.0,175.0,2.32
2026-09-03,cubesmart,cube_4537,NJ,26,26,160.0,161.0,1.63
2026-09-03,cubesmart,cube_4538,VA,13,13,155.0,155.0,1.6
2026-09-03,cubesmart,cube_4540,MD,14,14,130.0,171.5,1.16
2026-09-03,cubesmart,cube_4541,FL,24,24,59.0,76.5,0.857
2026-09-03,cubesmart,cube_4542,FL,9,9,130.0,97.0,1.22
2026-09-03,cubesmart,cube_4543,FL,19,19,88.0,70.0,0.794
2026-09-03,cubesmart,cube_4544,TX,4,4,78.0,78.5,0.835
2026-09-03,cubesmart,cube_4546,FL,16,16,63.0,88.0,0.657
2026-09-03,cubesmart,cube_4547,NY,20,20,207.0,220.0,2.242
2026-09-03,cubesmart,cube_4548,MS,30,30,81.0,121.0,0.821
2026-09-03,cubesmart,cube_4549,NJ,11,11,135.0,83.0,1.46
2026-09-03,cubesmart,cube_4551,IL,11,11,73.0,73.0,0.755
2026-09-03,cubesmart,cube_4552,TX,10,10,30.0,47.0,0.48
2026-09-03,cubesmart,cube_4553,CO,9,9,117.0,117.0,1.28
2026-09-03,cubesmart,cube_4554,NY,14,14,302.0,178.0,3.322
2026-09-03,cubesmart,cube_4555,NY,9,9,386.0,186.0,4.65
2026-09-03,cubesmart,cube_4556,NY,9,9,408.0,285.0,3.65
2026-09-03,cubesmart,cube_4558,NY,13,13,215.0,271.0,2.71
2026-09-03,cubesmart,cube_4559,NY,13,13,240.0,211.0,2.647
2026-09-03,cubesmart,cube_4560,NY,11,11,216.0,194.0,2.7
2026-09-03,cubesmart,cube_4561,NY,21,21,311.0,351.0,3.348
2026-09-03,cubesmart,cube_4562,NJ,8,8,99.0,84.5,0.887
2026-09-03,cubesmart,cube_4563,NC,13,13,119.0,83.0,1.37
2026-09-03,cubesmart,cube_4565,LA,18,18,54.0,58.5,0.55
2026-09-03,cubesmart,cube_4566,CA,9,9,,196.0,
2026-09-03,cubesmart,cube_4569,WI,25,25,76.0,76.0,0.895
2026-09-03,cubesmart,cube_4570,WI,22,22,92.0,70.0,0.912
2026-09-03,cubesmart,cube_4572,TN,11,11,77.0,136.0,0.888
2026-09-03,cubesmart,cube_4573,WA,11,11,92.0,61.0,1.564
2026-09-03,cubesmart,cube_4578,TX,4,4,,69.5,0.825
2026-09-03,cubesmart,cube_4579,MO,2,2,,38.0,1.8
2026-09-03,cubesmart,cube_4580,OH,12,12,60.0,55.5,0.797
2026-09-03,cubesmart,cube_4581,MD,9,9,86.0,86.0,1.04
2026-09-03,cubesmart,cube_4582,TX,15,15,88.0,70.0,1.12
2026-09-03,cubesmart,cube_4583,VA,27,27,157.0,157.0,1.6
2026-09-03,cubesmart,cube_4585,RI,7,7,124.0,124.0,1.107
2026-09-03,cubesmart,cube_4586,NY,10,10,130.0,141.5,1.155
2026-09-03,cubesmart,cube_4587,TX,6,6,40.0,74.5,0.492
2026-09-03,cubesmart,cube_4590,TX,6,6,64.0,106.0,0.689
2026-09-03,cubesmart,cube_4593,NY,7,7,196.0,268.0,1.787
2026-09-03,cubesmart,cube_4595,CA,8,8,62.0,72.5,0.499
2026-09-03,cubesmart,cube_4596,FL,13,13,49.0,30.0,0.533
2026-09-03,cubesmart,cube_4597,FL,18,18,116.0,142.5,1.393
2026-09-03,cubesmart,cube_4599,CA,16,16,134.0,105.0,1.48
2026-09-03,cubesmart,cube_4600,MD,6,6,76.0,68.5,0.76
2026-09-03,cubesmart,cube_4601,MD,13,13,73.0,124.0,0.675
2026-09-03,cubesmart,cube_4602,MD,7,7,83.0,125.0,0.775
2026-09-03,cubesmart,cube_4603,MD,5,5,91.0,153.0,0.765
2026-09-03,cubesmart,cube_4604,CT,8,8,85.0,91.5,0.775
2026-09-03,cubesmart,cube_4605,FL,19,19,65.0,69.0,0.938
2026-09-03,cubesmart,cube_4606,AR,6,6,29.0,46.0,0.355
2026-09-03,cubesmart,cube_4613,TN,17,17,60.0,94.0,0.623
2026-09-03,cubesmart,cube_4614,TX,17,17,68.0,63.0,1.03
2026-09-03,cubesmart,cube_4617,IL,24,24,79.0,86.0,0.748
2026-09-03,cubesmart,cube_4618,FL,20,20,68.0,80.0,0.75
2026-09-03,cubesmart,cube_4620,VA,14,14,,24.0,0.451
2026-09-03,cubesmart,cube_4621,FL,15,15,49.0,52.0,0.57
2026-09-03,cubesmart,cube_4623,MA,3,3,256.0,211.0,2.56
2026-09-03,cubesmart,cube_4624,CO,8,8,79.0,76.0,0.738
2026-09-03,cubesmart,cube_4627,FL,22,22,65.0,65.5,0.65
2026-09-03,cubesmart,cube_4628,FL,14,14,42.0,63.0,0.55
2026-09-03,cubesmart,cube_4629,AL,16,16,120.0,185.5,1.013
2026-09-03,cubesmart,cube_4630,AL,5,5,37.0,90.0,0.6
2026-09-03,cubesmart,cube_4631,MI,17,17,121.0,108.0,0.889
2026-09-03,cubesmart,cube_4632,AL,15,15,38.0,38.0,0.51
2026-09-03,cubesmart,cube_4633,FL,18,18,65.0,81.0,0.735
2026-09-03,cubesmart,cube_4634,TX,15,15,78.0,70.0,0.84
2026-09-03,cubesmart,cube_4635,MI,11,11,71.0,102.0,0.788
2026-09-03,cubesmart,cube_4636,MI,25,25,107.0,116.0,1.07
2026-09-03,cubesmart,cube_4637,PA,11,11,81.0,68.0,0.812
2026-09-03,cubesmart,cube_4638,FL,16,16,75.0,108.5,0.78
2026-09-03,cubesmart,cube_4639,CO,13,13,52.0,163.0,0.847
2026-09-03,cubesmart,cube_4640,MI,10,10,71.0,65.5,0.84
2026-09-03,cubesmart,cube_4642,FL,11,11,103.0,65.0,1.147
2026-09-03,cubesmart,cube_4645,TX,9,9,44.0,46.0,0.442
2026-09-03,cubesmart,cube_4646,TX,8,8,61.0,67.5,0.459
2026-09-03,cubesmart,cube_4647,TX,3,3,,52.0,0.323
2026-09-03,cubesmart,cube_4648,TX,4,4,48.0,45.5,0.509
2026-09-03,cubesmart,cube_4649,TX,10,10,103.0,136.5,0.806
2026-09-03,cubesmart,cube_4651,SC,9,9,44.0,128.0,0.85
2026-09-03,cubesmart,cube_4652,OH,19,19,60.0,39.0,0.6
2026-09-03,cubesmart,cube_4653,NY,11,11,214.0,214.0,2.14
2026-09-03,cubesmart,cube_4655,MI,9,9,142.0,56.0,1.192
2026-09-03,cubesmart,cube_4656,DE,24,24,48.0,38.5,0.57
2026-09-03,cubesmart,cube_4657,MD,13,13,125.0,114.0,1.41
2026-09-03,cubesmart,cube_4659,OH,7,7,77.0,43.0,0.86
2026-09-03,cubesmart,cube_4660,MA,28,28,101.0,163.0,1.025
2026-09-03,cubesmart,cube_4663,SC,12,12,55.0,67.0,0.587
2026-09-03,cubesmart,cube_4664,NM,3,3,202.0,202.0,2.02
2026-09-03,cubesmart,cube_4666,TX,8,8,,26.5,0.6
2026-09-03,cubesmart,cube_4667,AZ,8,8,140.0,125.0,1.138
2026-09-03,cubesmart,cube_4668,TN,29,29,,26.0,0.389
2026-09-03,cubesmart,cube_4670,FL,9,9,81.0,81.0,0.827
2026-09-03,cubesmart,cube_4671,IL,15,15,145.0,82.0,1.24
2026-09-03,cubesmart,cube_4672,NY,6,6,,98.0,1.96
2026-09-03,cubesmart,cube_4674,IN,5,5,101.0,86.0,1.103
2026-09-03,cubesmart,cube_4675,IN,3,3,70.0,70.0,0.7
2026-09-03,cubesmart,cube_4679,MD,0,0,,,
2026-09-03,cubesmart,cube_4680,TX,11,11,60.0,51.0,0.66
2026-09-03,cubesmart,cube_4681,NV,11,11,73.0,73.0,1.06
2026-09-03,cubesmart,cube_4683,OH,9,9,53.0,53.0,0.653
2026-09-03,cubesmart,cube_4684,IL,17,17,101.0,111.0,1.01
2026-09-03,cubesmart,cube_4685,LA,9,9,27.0,67.0,0.31
2026-09-03,cubesmart,cube_4687,AL,23,23,86.0,32.0,0.707
2026-09-03,cubesmart,cube_4689,FL,9,9,124.0,204.0,1.327
2026-09-03,cubesmart,cube_4692,LA,7,7,94.0,120.0,0.94
2026-09-03,cubesmart,cube_4698,NC,8,8,57.0,46.5,0.483
2026-09-03,cubesmart,cube_4699,NY,11,11,275.0,128.0,2.5
2026-09-03,cubesmart,cube_4701,FL,19,19,40.0,57.0,0.53
2026-09-03,cubesmart,cube_4703,VA,1,1,,224.0,
2026-09-03,cubesmart,cube_4704,RI,10,10,96.0,181.5,1.185
2026-09-03,cubesmart,cube_4705,OH,15,15,87.0,128.0,1.453
2026-09-03,cubesmart,cube_4706,MI,22,22,42.0,76.5,0.822
2026-09-03,cubesmart,cube_4712,KS,8,8,177.0,115.5,1.672
2026-09-03,cubesmart,cube_4719,WI,14,14,95.0,101.0,0.924
2026-09-03,cubesmart,cube_4729,TX,14,14,92.0,96.5,0.917
2026-09-03,cubesmart,cube_4731,RI,12,12,206.0,88.5,1.727
2026-09-03,cubesmart,cube_4732,IL,10,10,48.0,94.5,0.6
2026-09-03,cubesmart,cube_4733,GA,17,17,75.0,86.0,0.807
2026-09-03,cubesmart,cube_4734,FL,9,9,139.0,134.0,1.559
2026-09-03,cubesmart,cube_4735,NM,4,4,116.0,96.5,1.16
2026-09-03,cubesmart,cube_4736,CA,11,11,77.0,43.0,0.751
2026-09-03,cubesmart,cube_4738,VA,5,5,,62.0,1.22
2026-09-03,cubesmart,cube_4739,WI,6,6,,192.0,0.863
2026-09-03,cubesmart,cube_4740,WI,10,10,96.0,109.0,0.777
2026-09-03,cubesmart,cube_4741,WI,6,6,89.0,92.0,0.633
2026-09-03,cubesmart,cube_4742,WI,6,6,84.0,115.5,0.721
2026-09-03,cubesmart,cube_4743,MD,11,11,109.0,132.0,1.09
2026-09-03,cubesmart,cube_4744,WA,12,12,116.0,111.5,1.28
2026-09-03,cubesmart,cube_4747,PA,11,11,57.0,57.0,0.85
2026-09-03,cubesmart,cube_4748,IL,9,9,89.0,89.0,0.907
2026-09-03,cubesmart,cube_4752,NY,24,24,91.0,62.0,1.191
2026-09-03,cubesmart,cube_4753,FL,9,9,182.0,182.0,1.86
2026-09-03,cubesmart,cube_4754,MI,17,17,59.0,52.0,0.787
2026-09-03,cubesmart,cube_4755,FL,11,11,43.0,101.0,0.515
2026-09-03,cubesmart,cube_4756,NM,4,4,69.0,32.5,0.685
2026-09-03,cubesmart,cube_4758,LA,6,6,31.0,73.0,0.427
2026-09-03,cubesmart,cube_4759,ME,6,6,86.0,88.5,0.733
2026-09-03,cubesmart,cube_4760,ME,7,7,85.0,85.0,0.797
2026-09-03,cubesmart,cube_4762,FL,20,20,138.0,210.5,1.326
2026-09-03,cubesmart,cube_4763,FL,11,11,108.0,132.0,1.32
2026-09-03,cubesmart,cube_4766,AL,19,19,23.0,23.0,0.25
2026-09-03,cubesmart,cube_4767,KY,16,16,63.0,92.0,0.918
2026-09-03,cubesmart,cube_4769,WA,19,19,79.0,112.0,1.0
2026-09-03,cubesmart,cube_4770,FL,35,35,54.0,57.0,0.631
2026-09-03,cubesmart,cube_4771,NJ,12,12,31.0,30.5,0.56
2026-09-03,cubesmart,cube_4773,IA,12,12,82.0,75.5,1.085
2026-09-03,cubesmart,cube_4774,FL,19,19,78.0,116.0,0.917
2026-09-03,cubesmart,cube_4776,MD,15,15,304.0,154.0,3.04
2026-09-03,cubesmart,cube_4777,PA,13,13,88.0,75.0,1.06
2026-09-03,cubesmart,cube_4778,ME,7,7,77.0,77.0,0.605
2026-09-03,cubesmart,cube_4779,TX,9,9,91.0,134.0,0.827
2026-09-03,cubesmart,cube_4780,TX,12,12,112.0,175.0,0.716
2026-09-03,cubesmart,cube_4781,VT,3,3,200.0,200.0,2.0
2026-09-03,cubesmart,cube_4782,TX,7,7,40.0,59.0,0.379
2026-09-03,cubesmart,cube_4783,FL,20,20,154.0,160.0,1.726
2026-09-03,cubesmart,cube_4784,TX,6,6,46.0,39.5,0.416
2026-09-03,cubesmart,cube_4785,TX,8,8,61.0,62.5,0.61
2026-09-03,cubesmart,cube_4786,TX,4,4,,108.0,0.613
2026-09-03,cubesmart,cube_4788,NY,11,11,97.0,106.0,0.995
2026-09-03,cubesmart,cube_4789,TX,6,6,,72.0,0.533
2026-09-03,cubesmart,cube_4790,CT,10,10,85.0,118.0,0.84
2026-09-03,cubesmart,cube_4793,ME,2,2,,95.0,1.123
2026-09-03,cubesmart,cube_4794,TN,22,22,85.0,88.0,0.943
2026-09-03,cubesmart,cube_4796,IN,11,11,,56.0,0.996
2026-09-03,cubesmart,cube_4800,TX,8,8,41.0,96.5,0.508
2026-09-03,cubesmart,cube_4801,AL,16,16,37.0,37.0,0.464
2026-09-03,cubesmart,cube_4802,NC,13,13,62.0,76.0,0.7
2026-09-03,cubesmart,cube_4803,NY,14,14,107.0,126.0,0.85
2026-09-03,cubesmart,cube_4805,TX,11,11,97.0,97.0,1.04
2026-09-03,cubesmart,cube_4806,TX,6,6,61.0,64.5,0.893
2026-09-03,cubesmart,cube_4807,AZ,5,5,55.0,98.0,0.653
2026-09-03,cubesmart,cube_4808,AZ,5,5,58.0,58.0,0.655
2026-09-03,cubesmart,cube_4809,AZ,9,9,110.0,59.0,1.013
2026-09-03,cubesmart,cube_4812,PA,13,13,94.0,96.0,0.86
2026-09-03,cubesmart,cube_4815,NC,18,18,44.0,33.0,0.535
2026-09-03,cubesmart,cube_4816,MA,18,18,56.0,57.5,0.677
2026-09-03,cubesmart,cube_4817,SC,12,12,68.0,67.0,0.69
2026-09-03,cubesmart,cube_4819,NM,18,18,54.0,81.5,0.645
2026-09-03,cubesmart,cube_4820,TX,13,13,60.0,60.0,0.662
2026-09-03,cubesmart,cube_4821,NY,37,37,69.0,101.0,1.09
2026-09-03,cubesmart,cube_4822,MD,9,9,124.0,124.0,1.46
2026-09-03,cubesmart,cube_4823,CA,15,15,38.0,35.0,0.505
2026-09-03,cubesmart,cube_4824,PA,8,8,104.0,111.5,1.016
2026-09-03,cubesmart,cube_4825,RI,11,11,93.0,104.0,0.835
2026-09-03,cubesmart,cube_4826,AZ,13,13,47.0,47.0,0.58
2026-09-03,cubesmart,cube_4828,IL,14,14,92.0,73.0,1.073
2026-09-03,cubesmart,cube_4834,NM,19,19,47.0,41.0,0.66
2026-09-03,cubesmart,cube_4836,FL,18,18,75.0,77.5,0.994
2026-09-03,cubesmart,cube_4837,NC,11,11,86.0,108.0,1.17
2026-09-03,cubesmart,cube_4838,TX,6,6,62.0,88.5,0.493
2026-09-03,cubesmart,cube_4843,NC,10,10,80.0,87.5,0.822
2026-09-03,cubesmart,cube_4844,GA,6,6,34.0,65.5,0.484
2026-09-03,cubesmart,cube_4845,NY,12,12,,192.5,2.397
2026-09-03,cubesmart,cube_4847,FL,9,9,113.0,113.0,1.06
2026-09-03,cubesmart,cube_4854,FL,9,9,155.0,90.0,1.5
2026-09-03,cubesmart,cube_4855,VA,17,17,73.0,92.0,0.672
2026-09-03,cubesmart,cube_4859,NJ,11,11,95.0,111.0,0.95
2026-09-03,cubesmart,cube_4861,FL,21,21,43.0,67.0,0.6
2026-09-03,cubesmart,cube_4862,MO,30,30,40.0,41.0,0.406
2026-09-03,cubesmart,cube_4863,GA,14,14,50.0,55.0,0.643
2026-09-03,cubesmart,cube_4864,GA,13,13,83.0,52.0,1.04
2026-09-03,cubesmart,cube_4865,CO,9,9,85.0,64.0,0.853
2026-09-03,cubesmart,cube_4866,MA,16,16,115.0,115.5,1.195
2026-09-03,cubesmart,cube_4867,PA,39,39,73.0,90.0,0.8
2026-09-03,cubesmart,cube_4869,NC,8,8,50.0,47.0,0.65
2026-09-03,cubesmart,cube_4870,TX,14,14,72.0,123.0,0.947
2026-09-03,cubesmart,cube_4871,FL,20,20,62.0,141.0,0.821
2026-09-03,cubesmart,cube_4873,NM,6,6,71.0,54.0,0.79
2026-09-03,cubesmart,cube_4875,OK,14,14,23.0,50.0,0.263
2026-09-03,cubesmart,cube_4876,MI,15,15,71.0,71.0,0.657
2026-09-03,cubesmart,cube_4877,WA,12,12,118.0,163.5,1.365
2026-09-03,cubesmart,cube_4878,SC,13,13,120.0,74.0,1.34
2026-09-03,cubesmart,cube_4879,NJ,15,15,67.0,67.0,1.04
2026-09-03,cubesmart,cube_4881,TX,8,8,46.0,54.0,0.46
2026-09-03,cubesmart,cube_4883,CT,14,14,93.0,154.0,0.93
2026-09-03,cubesmart,cube_4884,CT,10,10,62.0,119.0,0.843
2026-09-03,cubesmart,cube_4888,IL,12,12,110.0,178.5,1.329
2026-09-03,cubesmart,cube_4889,TX,4,4,,154.0,0.383
2026-09-03,cubesmart,cube_4890,OH,12,12,73.0,96.0,0.93
2026-09-03,cubesmart,cube_4891,NY,19,19,139.0,155.0,1.39
2026-09-03,cubesmart,cube_4892,OH,14,14,59.0,59.5,0.587
2026-09-03,cubesmart,cube_4893,OH,12,12,75.0,54.5,0.719
2026-09-03,cubesmart,cube_4894,OH,11,11,67.0,62.0,0.775
2026-09-03,cubesmart,cube_4895,TX,16,16,29.0,26.0,0.31
2026-09-03,cubesmart,cube_4896,TX,2,2,,1195.5,0.818
2026-09-03,cubesmart,cube_4897,TX,5,5,,83.0,0.567
2026-09-03,cubesmart,cube_4898,CO,6,6,,145.0,1.045
2026-09-03,cubesmart,cube_4899,OH,11,11,94.0,116.0,1.235
2026-09-03,cubesmart,cube_4900,OH,11,11,144.0,144.0,0.852
2026-09-03,cubesmart,cube_4901,OH,8,8,,107.0,0.615
2026-09-03,cubesmart,cube_4902,OH,5,5,76.0,76.0,0.76
2026-09-03,cubesmart,cube_4903,OH,6,6,,99.0,0.74
2026-09-03,cubesmart,cube_4904,NY,10,10,203.0,182.0,2.147
2026-09-03,cubesmart,cube_4905,OH,13,13,59.0,36.0,0.8
2026-09-03,cubesmart,cube_4906,OH,11,11,88.0,88.0,0.88
2026-09-03,cubesmart,cube_4907,OH,8,8,40.0,32.0,0.4
2026-09-03,cubesmart,cube_4908,CO,6,6,65.0,68.0,0.665
2026-09-03,cubesmart,cube_4909,OH,7,7,94.0,94.0,0.682
2026-09-03,cubesmart,cube_4910,TX,9,9,63.0,63.0,0.625
2026-09-03,cubesmart,cube_4911,TX,13,13,52.0,37.0,0.529
2026-09-03,cubesmart,cube_4912,TX,9,9,57.0,76.0,0.55
2026-09-03,cubesmart,cube_4913,OH,4,4,,109.0,0.83
2026-09-03,cubesmart,cube_4914,NV,8,8,57.0,76.5,0.525
2026-09-03,cubesmart,cube_4915,TX,9,9,67.0,91.0,0.621
2026-09-03,cubesmart,cube_4916,TX,18,18,25.0,33.0,0.353
2026-09-03,cubesmart,cube_4917,TX,9,9,67.0,77.0,0.785
2026-09-03,cubesmart,cube_4918,TX,27,27,43.0,43.0,0.453
2026-09-03,cubesmart,cube_4919,TX,13,13,40.0,39.0,0.57
2026-09-03,cubesmart,cube_4920,OH,12,12,104.0,104.0,1.007
2026-09-03,cubesmart,cube_4921,MD,14,14,111.0,124.0,1.37
2026-09-03,cubesmart,cube_4922,TX,4,4,,67.5,0.299
2026-09-03,cubesmart,cube_4923,TX,3,3,,47.0,0.625
2026-09-03,cubesmart,cube_4924,NJ,13,13,155.0,89.0,1.8
2026-09-03,cubesmart,cube_4925,FL,15,15,77.0,82.0,0.9
2026-09-03,cubesmart,cube_4926,WI,2,2,86.0,147.0,0.666
2026-09-03,cubesmart,cube_4927,MI,15,15,96.0,135.0,0.989
2026-09-03,cubesmart,cube_4928,NY,26,26,104.0,100.0,1.003
2026-09-03,cubesmart,cube_4929,TN,8,8,65.0,60.0,0.951
2026-09-03,cubesmart,cube_4930,TX,10,10,82.0,164.5,0.564
2026-09-03,cubesmart,cube_4931,LA,16,16,114.0,140.5,1.163
2026-09-03,cubesmart,cube_4932,FL,11,11,125.0,125.0,1.44
2026-09-03,cubesmart,cube_4933,PA,11,11,83.0,83.0,0.933
2026-09-03,cubesmart,cube_4934,TX,8,8,,34.0,0.68
2026-09-03,cubesmart,cube_4935,TX,10,10,52.0,63.5,0.461
2026-09-03,cubesmart,cube_4936,TX,16,16,,180.0,1.128
2026-09-03,cubesmart,cube_4937,IL,12,12,126.0,102.0,1.04
2026-09-03,cubesmart,cube_4939,MA,11,11,97.0,60.0,1.0
2026-09-03,cubesmart,cube_4940,NY,21,21,,56.0,1.398
2026-09-03,cubesmart,cube_4941,NJ,17,17,79.0,94.0,1.211
2026-09-03,cubesmart,cube_4942,NJ,12,12,183.0,200.5,1.553
2026-09-03,cubesmart,cube_4946,CA,8,8,80.0,93.5,0.647
2026-09-03,cubesmart,cube_4947,NC,19,19,74.0,74.0,0.9
2026-09-03,cubesmart,cube_4948,AL,5,5,72.0,88.0,0.455
2026-09-03,cubesmart,cube_4949,AL,5,5,64.0,71.0,0.355
2026-09-03,cubesmart,cube_4950,FL,11,11,166.0,198.0,2.0
2026-09-03,cubesmart,cube_4951,FL,14,14,75.0,95.0,0.96
2026-09-03,cubesmart,cube_4952,CA,7,7,,161.0,0.537
2026-09-03,cubesmart,cube_4953,FL,21,21,119.0,104.0,1.343
2026-09-03,cubesmart,cube_4954,KS,14,14,37.0,24.5,0.397
2026-09-03,cubesmart,cube_4955,MA,10,10,137.0,132.0,1.226
2026-09-03,cubesmart,cube_4956,FL,28,28,89.0,64.5,1.2
2026-09-03,cubesmart,cube_4957,FL,18,18,109.0,94.5,1.24
2026-09-03,cubesmart,cube_4958,AR,15,15,41.0,51.0,0.322
2026-09-03,cubesmart,cube_4959,MA,35,35,60.0,67.0,0.705
2026-09-03,cubesmart,cube_4960,TX,10,10,37.0,56.0,0.37
2026-09-03,cubesmart,cube_4961,NC,13,13,38.0,38.0,0.507
2026-09-03,cubesmart,cube_4962,NC,16,16,50.0,71.5,0.587
2026-09-03,cubesmart,cube_4963,NY,16,16,116.0,152.0,1.12
2026-09-03,cubesmart,cube_4964,GA,30,30,75.0,77.5,0.899
2026-09-03,cubesmart,cube_4965,NH,18,18,84.0,84.5,0.861
2026-09-03,cubesmart,cube_4966,FL,19,19,54.0,54.0,0.667
2026-09-03,cubesmart,cube_4967,AL,7,7,50.0,81.0,0.453
2026-09-03,cubesmart,cube_4969,TX,12,12,58.0,47.0,0.875
2026-09-03,cubesmart,cube_4970,PA,20,20,73.0,77.5,0.801
2026-09-03,cubesmart,cube_4972,MA,20,20,91.0,77.5,0.905
2026-09-03,cubesmart,cube_4973,FL,16,16,98.0,119.0,1.267
2026-09-03,cubesmart,cube_4974,MA,11,11,75.0,101.0,0.88
2026-09-03,cubesmart,cube_4976,TX,18,18,65.0,64.0,0.698
2026-09-03,cubesmart,cube_4978,FL,20,20,34.0,66.5,0.391
2026-09-03,cubesmart,cube_4980,MI,10,10,134.0,183.5,1.198
2026-09-03,cubesmart,cube_4981,MI,28,28,105.0,125.5,1.121
2026-09-03,cubesmart,cube_4982,OH,9,9,36.0,23.0,0.513
2026-09-03,cubesmart,cube_4984,AZ,18,18,51.0,49.0,0.6
2026-09-03,cubesmart,cube_4985,FL,36,36,34.0,35.5,0.44
2026-09-03,cubesmart,cube_4986,IL,22,22,95.0,130.0,1.057
2026-09-03,cubesmart,cube_4987,GA,22,22,78.0,104.0,0.852
2026-09-03,cubesmart,cube_4988,AR,8,8,48.0,59.5,0.457
2026-09-03,cubesmart,cube_4989,AZ,21,21,72.0,87.0,0.725
2026-09-03,cubesmart,cube_4990,NJ,16,16,75.0,38.5,0.6
2026-09-03,cubesmart,cube_4991,MA,18,18,82.0,93.5,0.603
2026-09-03,cubesmart,cube_4992,CO,11,11,200.0,200.0,1.808
2026-09-03,cubesmart,cube_4993,VA,8,8,88.0,67.0,1.0
2026-09-03,cubesmart,cube_4994,NJ,11,11,42.0,48.0,0.42
2026-09-03,cubesmart,cube_4995,IN,22,22,103.0,114.5,1.007
2026-09-03,cubesmart,cube_4997,ME,26,26,59.0,62.0,0.794
2026-09-03,cubesmart,cube_5000,FL,13,13,33.0,33.0,0.458
2026-09-03,cubesmart,cube_5003,LA,17,17,71.0,71.0,0.765
2026-09-03,cubesmart,cube_5004,TX,13,13,78.0,53.0,0.725
2026-09-03,cubesmart,cube_5005,FL,17,17,51.0,120.0,0.67
2026-09-03,cubesmart,cube_5006,CA,6,6,,167.0,1.038
2026-09-03,cubesmart,cube_5007,MD,11,11,77.0,77.0,0.77
2026-09-03,cubesmart,cube_5008,OH,21,21,52.0,68.0,0.573
2026-09-03,cubesmart,cube_5011,MI,40,40,69.0,68.0,0.786
2026-09-03,cubesmart,cube_5012,SC,13,13,42.0,41.0,0.52
2026-09-03,cubesmart,cube_5013,AR,12,12,50.0,47.0,0.565
2026-09-03,cubesmart,cube_5014,FL,23,23,28.0,28.0,0.38
2026-09-03,cubesmart,cube_5015,MA,12,12,61.0,53.5,0.606
2026-09-03,cubesmart,cube_5017,TX,4,4,62.0,49.5,0.62
2026-09-03,cubesmart,cube_5018,OR,11,11,86.0,99.0,0.927
2026-09-03,cubesmart,cube_5019,PA,14,14,81.0,68.5,0.968
2026-09-03,cubesmart,cube_5020,CT,20,20,100.0,61.0,1.335
2026-09-03,cubesmart,cube_5021,MI,30,30,92.0,113.5,0.905
2026-09-03,cubesmart,cube_5022,TX,14,14,86.0,93.5,0.88
2026-09-03,cubesmart,cube_5023,TX,24,24,30.0,38.0,0.522
2026-09-03,cubesmart,cube_5024,TX,9,9,75.0,75.0,0.865
2026-09-03,cubesmart,cube_5025,TX,8,8,63.0,83.0,0.573
2026-09-03,cubesmart,cube_5026,TX,12,12,64.0,65.5,0.81
2026-09-03,cubesmart,cube_5027,TX,13,13,46.0,76.0,0.64
2026-09-03,cubesmart,cube_5028,TX,14,14,80.0,94.5,0.8
2026-09-03,cubesmart,cube_5029,TX,8,8,163.0,173.5,1.096
2026-09-03,cubesmart,cube_5030,TX,12,12,57.0,68.0,0.732
2026-09-03,cubesmart,cube_5031,TX,11,11,44.0,37.0,0.562
2026-09-03,cubesmart,cube_5032,TX,8,8,109.0,117.0,1.07
2026-09-03,cubesmart,cube_5033,IL,15,15,101.0,118.0,1.03
2026-09-03,cubesmart,cube_5034,AR,17,17,28.0,42.0,0.328
2026-09-03,cubesmart,cube_5036,MI,5,5,71.0,43.0,0.86
2026-09-03,cubesmart,cube_5039,AR,13,13,119.0,128.0,1.46
2026-09-03,cubesmart,cube_5040,FL,15,15,65.0,71.0,0.715
2026-09-03,cubesmart,cube_5041,VA,34,34,197.0,201.0,1.638
2026-09-03,cubesmart,cube_5042,CA,32,32,121.0,142.0,1.395
2026-09-03,cubesmart,cube_5043,NC,26,26,61.0,107.0,0.87
2026-09-03,cubesmart,cube_5044,TN,29,29,107.0,122.0,1.07
2026-09-03,cubesmart,cube_5045,NY,14,14,71.0,105.5,1.085
2026-09-03,cubesmart,cube_5046,OH,17,17,102.0,113.0,0.9
2026-09-03,cubesmart,cube_5047,NY,0,0,,,
2026-09-03,cubesmart,cube_5048,NC,14,14,89.0,154.5,0.888
2026-09-03,cubesmart,cube_5049,FL,16,16,83.0,89.0,0.887
2026-09-03,cubesmart,cube_5050,MA,15,15,60.0,60.0,1.0
2026-09-03,cubesmart,cube_5051,IN,4,4,63.0,70.5,0.55
2026-09-03,cubesmart,cube_5052,IN,17,17,64.0,89.0,0.615
2026-09-03,cubesmart,cube_5053,DE,3,3,80.0,80.0,0.8
2026-09-03,cubesmart,cube_5054,PA,5,5,114.0,150.0,0.682
2026-09-03,cubesmart,cube_5055,IN,5,5,73.0,73.0,0.672
2026-09-03,cubesmart,cube_5056,IL,7,7,60.0,77.0,0.573
2026-09-03,cubesmart,cube_5057,PA,6,6,114.0,106.0,1.223
2026-09-03,cubesmart,cube_5058,PA,4,4,99.0,115.5,0.825
2026-09-03,cubesmart,cube_5059,PA,4,4,94.0,97.5,0.825
2026-09-03,cubesmart,cube_5060,IN,9,9,55.0,55.0,0.55
2026-09-03,cubesmart,cube_5061,IN,9,9,50.0,71.0,0.473
2026-09-03,cubesmart,cube_5062,PA,4,4,123.0,128.5,1.062
2026-09-03,cubesmart,cube_5063,IN,2,2,,61.0,0.65
2026-09-03,cubesmart,cube_5064,IN,8,8,59.0,91.5,0.59
2026-09-03,cubesmart,cube_5065,IL,5,5,111.0,167.0,1.11
2026-09-03,cubesmart,cube_5066,VA,15,15,73.0,73.0,0.9
2026-09-03,cubesmart,cube_5067,NY,21,21,156.0,95.0,1.56
2026-09-03,cubesmart,cube_5068,GA,18,18,51.0,53.5,0.56
2026-09-03,cubesmart,cube_5069,NY,18,18,511.0,126.5,3.751
2026-09-03,cubesmart,cube_5070,FL,20,20,61.0,68.0,0.66
2026-09-03,cubesmart,cube_5071,NY,12,12,260.0,129.0,2.956
2026-09-03,cubesmart,cube_5072,IL,4,4,67.0,82.5,0.705
2026-09-03,cubesmart,cube_5073,MI,12,12,60.0,54.5,0.64
2026-09-03,cubesmart,cube_5074,MD,18,18,107.0,63.0,1.08
2026-09-03,cubesmart,cube_5075,NJ,9,9,37.0,37.0,0.56
2026-09-03,cubesmart,cube_5076,CA,8,8,,166.0,0.926
2026-09-03,cubesmart,cube_5077,WA,20,20,97.0,99.0,1.732
2026-09-03,cubesmart,cube_5078,SC,0,0,,,
2026-09-03,cubesmart,cube_5080,AR,12,12,52.0,79.5,0.497
2026-09-03,cubesmart,cube_5081,TX,8,8,62.0,71.0,0.7
2026-09-03,cubesmart,cube_5082,AZ,28,28,62.0,64.5,0.671
2026-09-03,cubesmart,cube_5083,TX,16,16,49.0,142.0,0.625
2026-09-03,cubesmart,cube_5084,AZ,7,7,28.0,21.0,0.389
2026-09-03,cubesmart,cube_5085,CT,7,7,,78.0,0.637
2026-09-03,cubesmart,cube_5086,AR,10,10,47.0,58.5,0.353
2026-09-03,cubesmart,cube_5087,AR,11,11,71.0,119.0,0.571
2026-09-03,cubesmart,cube_5088,TX,19,19,33.0,37.0,0.33
2026-09-03,cubesmart,cube_5089,FL,19,19,59.0,106.0,0.72
2026-09-03,cubesmart,cube_5090,FL,20,20,101.0,87.5,1.176
2026-09-03,cubesmart,cube_5091,NY,7,7,,90.0,0.725
2026-09-03,cubesmart,cube_5092,FL,0,0,,,
2026-09-03,cubesmart,cube_5093,NV,27,27,77.0,96.0,0.8
2026-09-03,cubesmart,cube_5094,FL,24,24,83.0,94.5,1.23
2026-09-03,cubesmart,cube_5095,NY,18,18,214.0,193.5,2.347
2026-09-03,cubesmart,cube_5096,CA,12,12,109.0,107.0,1.04
2026-09-03,cubesmart,cube_5097,CA,5,5,107.0,107.0,1.07
2026-09-03,cubesmart,cube_5098,CA,4,4,,88.5,1.77
2026-09-03,cubesmart,cube_5099,TX,7,7,60.0,22.0,0.513
2026-09-03,cubesmart,cube_5100,NY,40,40,257.0,273.0,2.262
2026-09-03,cubesmart,cube_5101,CA,7,7,,155.0,1.78
2026-09-03,cubesmart,cube_5102,TX,18,18,64.0,91.0,0.64
2026-09-03,cubesmart,cube_5103,FL,38,38,47.0,74.0,0.66
2026-09-03,cubesmart,cube_5104,KY,12,12,65.0,70.0,0.672
2026-09-03,cubesmart,cube_5106,MA,12,12,89.0,109.0,0.89
2026-09-03,cubesmart,cube_5107,VA,23,23,89.0,106.0,0.89
2026-09-03,cubesmart,cube_5109,MI,7,7,85.0,90.0,0.9
2026-09-03,cubesmart,cube_5110,MA,19,19,74.0,106.0,0.644
2026-09-03,cubesmart,cube_5111,IL,10,10,105.0,138.0,1.035
2026-09-03,cubesmart,cube_5112,KY,10,10,101.0,101.5,0.845
2026-09-03,cubesmart,cube_5113,KY,13,13,88.0,95.0,1.04
2026-09-03,cubesmart,cube_5114,KY,8,8,88.0,84.0,0.855
2026-09-03,cubesmart,cube_5115,KY,13,13,92.0,115.0,0.979
2026-09-03,cubesmart,cube_5116,MA,15,15,74.0,91.0,0.964
2026-09-03,cubesmart,cube_5117,PA,13,13,46.0,41.0,0.577
2026-09-03,cubesmart,cube_5119,VA,10,10,82.0,77.5,1.104
2026-09-03,cubesmart,cube_5120,VA,17,17,46.0,59.0,0.6
2026-09-03,cubesmart,cube_5122,IL,17,17,82.0,92.0,1.0
2026-09-03,cubesmart,cube_5123,NC,19,19,108.0,138.0,0.895
2026-09-03,cubesmart,cube_5124,VA,11,11,79.0,86.0,0.795
2026-09-03,cubesmart,cube_5125,TX,17,17,41.0,80.0,0.55
2026-09-03,cubesmart,cube_5126,IL,11,11,56.0,105.0,0.6
2026-09-03,cubesmart,cube_5127,FL,14,14,76.0,50.5,0.68
2026-09-03,cubesmart,cube_5128,MA,30,30,313.0,346.5,2.627
2026-09-03,cubesmart,cube_5129,NJ,6,6,102.0,110.0,0.85
2026-09-03,cubesmart,cube_5130,FL,28,28,72.0,101.0,0.813
2026-09-03,cubesmart,cube_5131,AR,6,6,43.0,54.0,0.625
2026-09-03,cubesmart,cube_5132,TX,16,16,43.0,55.5,0.38
2026-09-03,cubesmart,cube_5133,TX,6,6,126.0,166.0,0.964
2026-09-03,cubesmart,cube_5134,MD,16,16,118.0,112.5,1.62
2026-09-03,cubesmart,cube_5138,TX,8,8,49.0,63.0,0.554
2026-09-03,cubesmart,cube_5139,TX,14,14,34.0,50.0,0.282
2026-09-03,cubesmart,cube_5142,TX,10,10,138.0,100.5,1.42
2026-09-03,cubesmart,cube_5143,TX,8,8,71.0,143.0,0.84
2026-09-03,cubesmart,cube_5144,CT,25,25,79.0,78.0,0.798
2026-09-03,cubesmart,cube_5145,TX,12,12,71.0,78.0,1.16
2026-09-03,cubesmart,cube_5146,TX,12,12,110.0,122.0,1.117
2026-09-03,cubesmart,cube_5147,TX,14,14,84.0,143.0,0.85
2026-09-03,cubesmart,cube_5148,TX,10,10,96.0,123.5,0.94
2026-09-03,cubesmart,cube_5149,TX,18,18,77.0,104.5,0.968
2026-09-03,cubesmart,cube_5150,TX,19,19,77.0,80.0,0.96
2026-09-03,cubesmart,cube_5151,NM,3,3,,64.0,1.283
2026-09-03,cubesmart,cube_5152,CO,16,16,91.0,86.5,1.02
2026-09-03,cubesmart,cube_5153,VA,19,19,60.0,88.0,0.631
2026-09-03,cubesmart,cube_5154,FL,25,25,127.0,149.0,1.228
2026-09-03,cubesmart,cube_5155,CO,15,15,116.0,98.0,1.52
2026-09-03,cubesmart,cube_5156,NY,30,30,101.0,108.5,1.136
2026-09-03,cubesmart,cube_5158,FL,23,23,134.0,191.0,2.005
2026-09-03,cubesmart,cube_5159,FL,21,21,52.0,91.0,0.59
2026-09-03,cubesmart,cube_5160,TX,11,11,97.0,137.0,0.56
2026-09-03,cubesmart,cube_5161,LA,14,14,116.0,123.0,1.318
2026-09-03,cubesmart,cube_5162,AL,12,12,100.0,52.0,1.028
2026-09-03,cubesmart,cube_5163,MD,0,0,,,
2026-09-03,cubesmart,cube_5164,MI,20,20,116.0,125.0,1.079
2026-09-03,cubesmart,cube_5165,IL,10,10,53.0,75.0,0.583
2026-09-03,cubesmart,cube_5166,FL,18,18,52.0,96.0,0.727
2026-09-03,cubesmart,cube_5167,OR,19,19,80.0,95.0,0.9
2026-09-03,cubesmart,cube_5168,TN,19,19,109.0,109.0,1.21
2026-09-03,cubesmart,cube_5169,AZ,15,15,82.0,100.0,0.75
2026-09-03,cubesmart,cube_5170,SC,18,18,57.0,86.0,0.615
2026-09-03,cubesmart,cube_5171,RI,0,0,,,
2026-09-03,cubesmart,cube_5172,AZ,0,0,,,
2026-09-03,cubesmart,cube_5173,NC,11,11,98.0,98.0,1.05
2026-09-03,cubesmart,cube_5174,IL,12,12,88.0,93.5,1.055
2026-09-03,cubesmart,cube_5175,FL,20,20,57.0,96.5,0.56
2026-09-03,cubesmart,cube_5176,CA,0,0,,,
2026-09-03,cubesmart,cube_5177,FL,22,22,82.0,91.0,0.935
2026-09-03,cubesmart,cube_5178,FL,28,28,52.0,24.5,0.5
2026-09-03,cubesmart,cube_5180,PA,23,23,123.0,100.0,1.46
2026-09-03,cubesmart,cube_5182,UT,32,32,,56.0,1.242
2026-09-03,cubesmart,cube_5183,VA,16,16,142.0,148.5,1.42
2026-09-03,cubesmart,cube_5184,VA,9,9,,96.0,0.865
2026-09-03,cubesmart,cube_5185,OH,24,24,68.0,134.0,0.835
2026-09-03,cubesmart,cube_5186,AL,10,10,134.0,120.5,1.771
2026-09-03,cubesmart,cube_5187,FL,34,34,43.0,52.0,0.6
2026-09-03,cubesmart,cube_5188,MA,43,43,48.0,48.0,0.605
2026-09-03,cubesmart,cube_5189,NC,20,20,62.0,82.0,0.525
2026-09-03,cubesmart,cube_5190,TX,7,7,52.0,73.0,0.365
2026-09-03,cubesmart,cube_5191,TX,9,9,119.0,86.0,1.282
2026-09-03,cubesmart,cube_5192,TX,10,10,37.0,45.5,0.362
2026-09-03,cubesmart,cube_5193,TX,13,13,61.0,75.0,0.368
2026-09-03,cubesmart,cube_5194,AZ,16,16,68.0,78.5,0.72
2026-09-03,cubesmart,cube_5195,PA,19,19,84.0,94.0,0.995
2026-09-03,cubesmart,cube_5196,PA,44,44,100.0,122.5,0.82
2026-09-03,cubesmart,cube_5197,FL,24,24,56.0,82.0,0.613
2026-09-03,cubesmart,cube_5198,GA,15,15,44.0,56.0,0.437
2026-09-03,cubesmart,cube_5199,FL,25,25,46.0,56.0,0.64
2026-09-03,cubesmart,cube_5200,DE,23,23,62.0,64.0,0.64
2026-09-03,cubesmart,cube_5202,TX,14,14,58.0,60.5,0.644
2026-09-03,cubesmart,cube_5203,FL,17,17,171.0,171.0,2.24
2026-09-03,cubesmart,cube_5204,TX,12,12,34.0,31.0,0.44
2026-09-03,cubesmart,cube_5205,TX,19,19,79.0,107.0,0.727
2026-09-03,cubesmart,cube_5206,FL,28,28,79.0,104.0,1.01
2026-09-03,cubesmart,cube_5207,TX,21,21,80.0,80.0,0.8
2026-09-03,cubesmart,cube_5208,MI,18,18,67.0,135.5,0.814
2026-09-03,cubesmart,cube_5209,WI,9,9,62.0,109.0,0.436
2026-09-03,cubesmart,cube_5211,WI,7,7,,68.0,0.392
2026-09-03,cubesmart,cube_5212,WI,3,3,,110.0,0.55
2026-09-03,cubesmart,cube_5213,FL,20,20,90.0,123.5,1.137
2026-09-03,cubesmart,cube_5215,NJ,31,31,142.0,167.0,1.535
2026-09-03,cubesmart,cube_5216,TX,7,7,82.0,89.0,0.717
2026-09-03,cubesmart,cube_5217,TX,9,9,73.0,93.0,0.62
2026-09-03,cubesmart,cube_5218,FL,20,20,109.0,122.5,1.188
2026-09-03,cubesmart,cube_5219,NC,26,26,67.0,75.0,0.71
2026-09-03,cubesmart,cube_5221,TX,27,27,83.0,101.0,0.836
2026-09-03,cubesmart,cube_5222,TX,25,25,85.0,103.0,0.9
2026-09-03,cubesmart,cube_5223,NC,0,0,,,
2026-09-03,cubesmart,cube_5224,TX,15,15,58.0,85.0,0.636
2026-09-03,cubesmart,cube_5225,PA,13,13,,120.0,1.038
2026-09-03,cubesmart,cube_5226,TX,26,26,55.0,82.5,0.546
2026-09-03,cubesmart,cube_5227,NJ,0,0,,,
2026-09-03,cubesmart,cube_5228,CA,3,3,,277.0,1.385
2026-09-03,cubesmart,cube_5229,FL,0,0,,,
2026-09-03,cubesmart,cube_5231,IN,25,25,86.0,86.0,0.96
2026-09-03,cubesmart,cube_5232,AZ,16,16,144.0,57.0,1.279
2026-09-03,cubesmart,cube_5233,TX,19,19,63.0,98.0,0.587
2026-09-03,cubesmart,cube_5234,MN,19,19,64.0,79.0,0.57
2026-09-03,cubesmart,cube_5235,FL,8,8,100.0,61.0,0.837
2026-09-03,cubesmart,cube_5236,TX,14,14,114.0,142.0,1.077
2026-09-03,cubesmart,cube_5237,IL,10,10,49.0,64.0,0.68
2026-09-03,cubesmart,cube_5238,IL,17,17,64.0,79.0,0.667
2026-09-03,cubesmart,cube_5240,IL,7,7,120.0,64.0,1.11
2026-09-03,cubesmart,cube_5241,OH,9,9,115.0,115.0,1.15
2026-09-03,cubesmart,cube_5242,OK,32,32,37.0,30.0,0.496
2026-09-03,cubesmart,cube_5244,OR,1,1,,111.0,
2026-09-03,cubesmart,cube_5245,PA,0,0,,,
2026-09-03,cubesmart,cube_5246,CA,16,16,69.0,78.0,0.96
2026-09-03,cubesmart,cube_5247,FL,6,6,75.0,168.0,0.584
2026-09-03,cubesmart,cube_5248,TX,9,9,54.0,82.0,0.54
2026-09-03,cubesmart,cube_5249,MS,20,20,106.0,88.0,1.26
2026-09-03,cubesmart,cube_5250,AZ,17,17,100.0,56.0,0.875
2026-09-03,cubesmart,cube_5251,NJ,36,36,200.0,215.5,2.197
2026-09-03,cubesmart,cube_5252,FL,22,22,105.0,135.0,1.071
2026-09-03,cubesmart,cube_5253,FL,0,0,,,
2026-09-03,cubesmart,cube_5254,TX,0,0,,,
2026-09-03,cubesmart,cube_5255,MA,34,34,122.0,158.0,1.259
2026-09-03,cubesmart,cube_5256,OH,26,26,45.0,150.0,1.15
2026-09-03,cubesmart,cube_5258,NY,35,35,98.0,98.0,1.043
2026-09-03,cubesmart,cube_5259,TX,20,20,86.0,98.0,0.83
2026-09-03,cubesmart,cube_5260,TX,9,9,81.0,81.0,0.815
2026-09-03,cubesmart,cube_5261,TX,16,16,75.0,82.5,0.802
2026-09-03,cubesmart,cube_5262,NJ,6,6,109.0,122.5,0.998
2026-09-03,cubesmart,cube_5263,NC,17,17,57.0,103.0,0.8
2026-09-03,cubesmart,cube_5264,OH,8,8,60.0,53.5,0.618
2026-09-03,cubesmart,cube_5265,TX,19,19,113.0,113.0,1.208
2026-09-03,cubesmart,cube_5266,NC,25,25,110.0,128.0,1.24
2026-09-03,cubesmart,cube_5267,SC,10,10,41.0,39.5,0.443
2026-09-03,cubesmart,cube_5268,SC,11,11,30.0,33.0,0.28
2026-09-03,cubesmart,cube_5269,ME,3,3,104.0,129.0,0.86
2026-09-03,cubesmart,cube_5270,OH,0,0,,,
2026-09-03,cubesmart,cube_5271,TX,5,5,41.0,41.0,0.41
2026-09-03,cubesmart,cube_5272,NJ,38,38,155.0,196.5,1.637
2026-09-03,cubesmart,cube_5273,FL,0,0,,,
2026-09-03,cubesmart,cube_5274,FL,16,16,102.0,118.0,1.047
2026-09-03,cubesmart,cube_5275,TX,29,29,77.0,93.0,0.813
2026-09-03,cubesmart,cube_5276,FL,0,0,,,
2026-09-03,cubesmart,cube_5277,FL,0,0,,,
2026-09-03,cubesmart,cube_5278,MI,0,0,,,
2026-09-03,cubesmart,cube_5279,NY,0,0,,,
2026-09-03,cubesmart,cube_5280,IL,36,36,70.0,59.5,0.839
2026-09-03,cubesmart,cube_5281,RI,0,0,,,
2026-09-03,cubesmart,cube_5282,PA,0,0,,,
2026-09-03,cubesmart,cube_5283,TX,10,10,80.0,98.0,0.8
2026-09-03,cubesmart,cube_5285,CT,0,0,,,
2026-09-03,cubesmart,cube_5286,AZ,0,0,,,
2026-09-03,cubesmart,cube_5288,NY,0,0,,,
2026-09-03,cubesmart,cube_5289,VA,0,0,,,
2026-09-03,cubesmart,cube_5290,NJ,0,0,,,
2026-09-03,cubesmart,cube_5292,WI,3,3,,64.0,0.47
2026-09-03,cubesmart,cube_5293,WI,1,1,,94.0,0.47
2026-09-03,cubesmart,cube_5294,WI,5,5,65.0,65.0,0.56
2026-09-03,cubesmart,cube_5295,TN,0,0,,,
2026-09-03,cubesmart,cube_5296,FL,0,0,,,
2026-09-03,cubesmart,cube_5300,FL,0,0,,,
2026-09-03,cubesmart,cube_5303,AL,0,0,,,
2026-09-03,cubesmart,cube_5309,PA,0,0,,,
2026-09-03,cubesmart,cube_5314,AZ,0,0,,,
2026-09-03,cubesmart,cube_5315,SC,0,0,,,
2026-09-03,cubesmart,cube_5316,NJ,0,0,,,
2026-09-04,cubesmart,cube_100,IL,16,16,,153.5,1.12
2026-09-04,cubesmart,cube_101,IL,6,6,89.0,95.0,1.09
2026-09-04,cubesmart,cube_102,IL,10,10,98.0,67.5,0.823
2026-09-04,cubesmart,cube_103,IL,10,10,126.0,153.0,1.27
2026-09-04,cubesmart,cube_104,IL,21,21,71.0,109.0,0.8
2026-09-04,cubesmart,cube_105,IL,11,11,,183.0,0.88
2026-09-04,cubesmart,cube_106,IL,10,10,95.0,142.5,0.89
2026-09-04,cubesmart,cube_107,IL,23,23,101.0,72.0,1.0
2026-09-04,cubesmart,cube_108,IL,9,9,113.0,113.0,1.033
2026-09-04,cubesmart,cube_109,IL,8,8,56.0,56.0,0.914
2026-09-04,cubesmart,cube_110,IL,16,16,80.0,81.0,0.747
2026-09-04,cubesmart,cube_111,IL,13,13,54.0,92.0,0.665
2026-09-04,cubesmart,cube_113,IL,11,11,101.0,44.0,0.88
2026-09-04,cubesmart,cube_114,IL,7,7,,143.0,0.9
2026-09-04,cubesmart,cube_115,IL,10,10,86.0,104.0,0.791
2026-09-04,cubesmart,cube_116,IL,11,11,64.0,77.0,0.625
2026-09-04,cubesmart,cube_117,IL,4,4,145.0,152.5,1.45
2026-09-04,cubesmart,cube_118,IL,6,6,73.0,133.0,0.887
2026-09-04,cubesmart,cube_119,IL,10,10,72.0,87.5,0.768
2026-09-04,cubesmart,cube_120,IL,11,11,132.0,75.0,1.5
2026-09-04,cubesmart,cube_1330,IL,15,15,128.0,167.0,1.54
2026-09-04,cubesmart,cube_1331,IL,17,17,124.0,121.0,1.5
2026-09-04,cubesmart,cube_1332,IL,14,14,97.0,128.5,1.025
2026-09-04,cubesmart,cube_1333,IL,26,26,86.0,75.5,1.497
2026-09-04,cubesmart,cube_1334,RI,10,10,144.0,158.5,1.39
2026-09-04,cubesmart,cube_1335,RI,19,19,86.0,99.0,1.167
2026-09-04,cubesmart,cube_1336,RI,15,15,112.0,137.0,1.12
2026-09-04,cubesmart,cube_1337,RI,8,8,115.0,117.0,0.756
2026-09-04,cubesmart,cube_1338,FL,18,18,91.0,110.0,0.957
2026-09-04,cubesmart,cube_1339,PA,11,11,83.0,47.0,0.83
2026-09-04,cubesmart,cube_1340,NJ,18,18,86.0,117.5,1.253
2026-09-04,cubesmart,cube_1341,VA,13,13,139.0,233.0,1.665
2026-09-04,cubesmart,cube_1343,NY,21,21,137.0,203.0,1.81
2026-09-04,cubesmart,cube_1344,PA,15,15,103.0,93.0,1.26
2026-09-04,cubesmart,cube_1345,PA,14,14,51.0,37.0,0.8
2026-09-04,cubesmart,cube_1346,NJ,9,9,90.0,100.0,1.3
2026-09-04,cubesmart,cube_1348,IL,7,7,129.0,129.0,1.44
2026-09-04,cubesmart,cube_1349,FL,7,7,150.0,180.0,1.267
2026-09-04,cubesmart,cube_135,FL,16,16,45.0,18.0,0.575
2026-09-04,cubesmart,cube_1350,CO,13,13,114.0,84.0,1.12
2026-09-04,cubesmart,cube_1351,IL,10,10,122.0,109.0,1.16
2026-09-04,cubesmart,cube_1352,IL,11,11,187.0,209.0,1.8
2026-09-04,cubesmart,cube_1353,IL,9,9,107.0,107.0,1.24
2026-09-04,cubesmart,cube_1355,IL,9,9,146.0,146.0,1.82
2026-09-04,cubesmart,cube_1356,IL,8,8,119.0,150.5,1.145
2026-09-04,cubesmart,cube_1358,FL,16,16,123.0,114.0,1.681
2026-09-04,cubesmart,cube_1359,FL,13,13,107.0,130.0,1.571
2026-09-04,cubesmart,cube_136,FL,16,16,33.0,58.0,0.53
2026-09-04,cubesmart,cube_1360,FL,14,14,134.0,87.0,1.3
2026-09-04,cubesmart,cube_1369,PA,7,7,108.0,64.0,1.08
2026-09-04,cubesmart,cube_137,FL,21,21,65.0,65.0,0.807
2026-09-04,cubesmart,cube_1370,FL,22,22,154.0,57.0,1.333
2026-09-04,cubesmart,cube_1371,GA,6,6,101.0,118.0,1.228
2026-09-04,cubesmart,cube_1374,NJ,11,11,89.0,89.0,0.9
2026-09-04,cubesmart,cube_1375,MD,7,7,302.0,302.0,2.92
2026-09-04,cubesmart,cube_1376,MD,9,9,175.0,120.0,1.9
2026-09-04,cubesmart,cube_1377,MD,17,17,104.0,104.0,1.077
2026-09-04,cubesmart,cube_1379,TX,24,24,148.0,67.0,1.606
2026-09-04,cubesmart,cube_138,FL,18,18,90.0,49.0,1.09
2026-09-04,cubesmart,cube_1380,TX,15,15,46.0,65.0,0.5
2026-09-04,cubesmart,cube_1384,CT,11,11,151.0,151.0,1.86
2026-09-04,cubesmart,cube_1385,VA,15,15,119.0,93.0,1.31
2026-09-04,cubesmart,cube_1388,MD,12,12,151.0,126.0,1.51
2026-09-04,cubesmart,cube_1396,VA,18,18,131.0,147.5,1.44
2026-09-04,cubesmart,cube_1397,DC,16,16,177.0,177.0,1.817
2026-09-04,cubesmart,cube_1399,VA,3,3,79.0,65.0,0.865
2026-09-04,cubesmart,cube_1400,VA,9,9,81.0,81.0,0.718
2026-09-04,cubesmart,cube_1401,VA,9,9,96.0,110.0,1.065
2026-09-04,cubesmart,cube_1402,VA,10,10,88.0,120.5,0.857
2026-09-04,cubesmart,cube_1404,VA,8,8,171.0,198.5,1.827
2026-09-04,cubesmart,cube_1406,MD,11,11,101.0,72.0,1.029
2026-09-04,cubesmart,cube_1407,MD,25,25,120.0,124.0,1.21
2026-09-04,cubesmart,cube_141,OH,7,7,119.0,119.0,1.34
2026-09-04,cubesmart,cube_144,OH,9,9,90.0,111.0,0.84
2026-09-04,cubesmart,cube_1441,NY,19,19,284.0,134.0,2.9
2026-09-04,cubesmart,cube_1455,MA,15,15,320.0,245.0,3.688
2026-09-04,cubesmart,cube_1475,NJ,12,12,82.0,89.0,1.06
2026-09-04,cubesmart,cube_1476,NJ,18,18,103.0,104.5,1.08
2026-09-04,cubesmart,cube_1478,NJ,7,7,83.0,140.0,0.7
2026-09-04,cubesmart,cube_1479,TX,7,7,65.0,65.0,0.94
2026-09-04,cubesmart,cube_148,OH,12,12,76.0,113.5,0.727
2026-09-04,cubesmart,cube_151,NY,15,15,,70.0,1.144
2026-09-04,cubesmart,cube_1510,NY,13,13,,155.0,2.192
2026-09-04,cubesmart,cube_1511,NY,7,7,185.0,109.0,1.85
2026-09-04,cubesmart,cube_152,NY,8,8,263.0,227.0,2.555
2026-09-04,cubesmart,cube_153,CT,13,13,66.0,72.0,0.66
2026-09-04,cubesmart,cube_154,CT,6,6,,137.5,0.615
2026-09-04,cubesmart,cube_155,CT,10,10,85.0,103.5,0.832
2026-09-04,cubesmart,cube_1557,VA,11,11,100.0,113.0,0.99
2026-09-04,cubesmart,cube_156,CT,7,7,107.0,132.0,0.88
2026-09-04,cubesmart,cube_157,CT,8,8,,131.5,0.783
2026-09-04,cubesmart,cube_158,CT,12,12,216.0,223.0,2.338
2026-09-04,cubesmart,cube_159,CT,19,19,121.0,121.0,1.25
2026-09-04,cubesmart,cube_160,CT,13,13,145.0,145.0,1.51
2026-09-04,cubesmart,cube_1606,FL,13,13,64.0,66.0,0.855
2026-09-04,cubesmart,cube_161,NY,24,24,173.0,126.0,1.968
2026-09-04,cubesmart,cube_162,CT,6,6,183.0,135.5,1.537
2026-09-04,cubesmart,cube_163,FL,12,12,91.0,106.5,0.968
2026-09-04,cubesmart,cube_164,TX,16,16,60.0,69.0,0.68
2026-09-04,cubesmart,cube_165,TX,12,12,81.0,108.5,0.72
2026-09-04,cubesmart,cube_166,IL,6,6,93.0,97.0,0.93
2026-09-04,cubesmart,cube_167,IL,8,8,96.0,113.5,1.03
2026-09-04,cubesmart,cube_176,TX,25,25,50.0,59.0,0.689
2026-09-04,cubesmart,cube_180,MA,11,11,187.0,215.0,2.32
2026-09-04,cubesmart,cube_181,CA,19,19,61.0,63.0,0.64
2026-09-04,cubesmart,cube_182,FL,17,17,59.0,93.0,0.676
2026-09-04,cubesmart,cube_183,FL,8,8,141.0,116.0,1.415
2026-09-04,cubesmart,cube_185,FL,18,18,122.0,121.0,1.24
2026-09-04,cubesmart,cube_186,OH,9,9,114.0,102.0,1.569
2026-09-04,cubesmart,cube_187,FL,15,15,124.0,124.0,1.147
2026-09-04,cubesmart,cube_188,FL,15,15,67.0,49.0,0.95
2026-09-04,cubesmart,cube_189,FL,12,12,81.0,74.5,1.08
2026-09-04,cubesmart,cube_191,CA,11,11,127.0,135.0,1.335
2026-09-04,cubesmart,cube_192,CA,9,9,121.0,116.0,1.4
2026-09-04,cubesmart,cube_193,GA,20,20,29.0,78.5,0.352
2026-09-04,cubesmart,cube_194,FL,21,21,137.0,179.0,1.53
2026-09-04,cubesmart,cube_195,FL,10,10,169.0,192.0,1.69
2026-09-04,cubesmart,cube_196,FL,17,17,157.0,197.0,1.85
2026-09-04,cubesmart,cube_197,FL,11,11,74.0,74.0,0.805
2026-09-04,cubesmart,cube_198,FL,16,16,95.0,94.0,0.989
2026-09-04,cubesmart,cube_199,AZ,23,23,58.0,54.0,0.76
2026-09-04,cubesmart,cube_200,NJ,12,12,,118.0,2.475
2026-09-04,cubesmart,cube_201,NJ,7,7,163.0,46.0,1.562
2026-09-04,cubesmart,cube_202,NJ,13,13,146.0,166.0,1.417
2026-09-04,cubesmart,cube_204,CO,22,22,106.0,114.0,0.753
2026-09-04,cubesmart,cube_205,CO,11,11,69.0,69.0,0.798
2026-09-04,cubesmart,cube_206,CO,9,9,124.0,254.0,1.045
2026-09-04,cubesmart,cube_207,CO,7,7,96.0,95.0,0.95
2026-09-04,cubesmart,cube_2078,VA,12,12,158.0,137.5,1.85
2026-09-04,cubesmart,cube_2079,NY,10,10,294.0,216.0,3.07
2026-09-04,cubesmart,cube_208,CO,14,14,135.0,134.0,1.448
2026-09-04,cubesmart,cube_209,CO,10,10,53.0,43.5,0.6
2026-09-04,cubesmart,cube_211,TX,14,14,72.0,106.0,0.729
2026-09-04,cubesmart,cube_213,TX,7,7,113.0,113.0,1.441
2026-09-04,cubesmart,cube_215,TX,20,20,55.0,72.5,0.77
2026-09-04,cubesmart,cube_2174,VA,4,4,,53.5,0.6
2026-09-04,cubesmart,cube_2176,FL,10,10,275.0,212.0,2.01
2026-09-04,cubesmart,cube_218,TX,11,11,83.0,110.0,0.867
2026-09-04,cubesmart,cube_219,TX,13,13,63.0,42.0,0.52
2026-09-04,cubesmart,cube_220,TX,17,17,69.0,69.0,0.988
2026-09-04,cubesmart,cube_221,TX,11,11,82.0,91.0,0.91
2026-09-04,cubesmart,cube_222,TX,11,11,54.0,74.0,0.72
2026-09-04,cubesmart,cube_223,TX,13,13,69.0,76.0,0.714
2026-09-04,cubesmart,cube_2239,NY,24,24,239.0,167.5,3.055
2026-09-04,cubesmart,cube_224,TX,12,12,46.0,104.5,0.788
2026-09-04,cubesmart,cube_225,TX,11,11,75.0,75.0,0.88
2026-09-04,cubesmart,cube_2259,TX,17,17,72.0,37.0,0.72
2026-09-04,cubesmart,cube_226,TX,12,12,60.0,62.0,0.857
2026-09-04,cubesmart,cube_227,TX,18,18,105.0,122.0,1.087
2026-09-04,cubesmart,cube_228,TX,17,17,85.0,89.0,0.85
2026-09-04,cubesmart,cube_2280,GA,9,9,68.0,122.0,0.83
2026-09-04,cubesmart,cube_2281,GA,12,12,36.0,67.0,0.48
2026-09-04,cubesmart,cube_2284,GA,12,12,46.0,47.0,0.6
2026-09-04,cubesmart,cube_2289,MN,22,22,59.0,63.0,0.82
2026-09-04,cubesmart,cube_229,TX,12,12,38.0,57.0,0.444
2026-09-04,cubesmart,cube_2295,CO,18,18,98.0,183.5,0.978
2026-09-04,cubesmart,cube_2297,CA,14,14,107.0,175.5,0.679
2026-09-04,cubesmart,cube_230,TX,8,8,65.0,59.5,0.667
2026-09-04,cubesmart,cube_231,FL,16,16,65.0,58.0,0.87
2026-09-04,cubesmart,cube_232,CA,13,13,91.0,104.0,1.013
2026-09-04,cubesmart,cube_233,CA,12,12,108.0,120.0,1.1
2026-09-04,cubesmart,cube_234,CA,11,11,94.0,158.0,1.06
2026-09-04,cubesmart,cube_235,CA,11,11,104.0,118.0,1.269
2026-09-04,cubesmart,cube_2350,NJ,8,8,71.0,200.0,1.347
2026-09-04,cubesmart,cube_2351,NJ,15,15,92.0,125.0,0.877
2026-09-04,cubesmart,cube_2359,MD,10,10,130.0,95.5,1.382
2026-09-04,cubesmart,cube_236,CA,20,20,106.0,103.5,1.203
2026-09-04,cubesmart,cube_2360,MD,12,12,101.0,103.5,1.1
2026-09-04,cubesmart,cube_2361,MD,14,14,134.0,99.5,1.468
2026-09-04,cubesmart,cube_237,CA,18,18,,111.0,1.619
2026-09-04,cubesmart,cube_238,TN,20,20,57.0,117.0,0.653
2026-09-04,cubesmart,cube_239,TN,12,12,65.0,110.5,0.618
2026-09-04,cubesmart,cube_240,TN,15,15,94.0,149.0,1.147
2026-09-04,cubesmart,cube_241,TN,11,11,89.0,176.0,1.099
2026-09-04,cubesmart,cube_242,TN,17,17,68.0,124.0,0.689
2026-09-04,cubesmart,cube_243,CO,3,3,89.0,89.0,0.795
2026-09-04,cubesmart,cube_2437,NY,12,12,222.0,200.5,2.307
2026-09-04,cubesmart,cube_2438,NY,8,8,184.0,110.5,2.04
2026-09-04,cubesmart,cube_2439,NY,11,11,321.0,241.0,3.45
2026-09-04,cubesmart,cube_244,CO,7,7,75.0,94.0,0.64
2026-09-04,cubesmart,cube_2440,NY,10,10,203.0,215.5,2.273
2026-09-04,cubesmart,cube_2441,NY,11,11,342.0,269.0,4.25
2026-09-04,cubesmart,cube_2442,NY,9,9,224.0,186.0,2.505
2026-09-04,cubesmart,cube_2443,NY,12,12,268.0,188.5,2.64
2026-09-04,cubesmart,cube_2444,NY,11,11,242.0,164.0,2.14
2026-09-04,cubesmart,cube_2445,NY,9,9,268.0,168.0,3.138
2026-09-04,cubesmart,cube_2446,NY,9,9,296.0,134.0,2.147
2026-09-04,cubesmart,cube_2447,PA,18,18,85.0,40.5,0.721
2026-09-04,cubesmart,cube_2448,CT,14,14,105.0,122.0,1.14
2026-09-04,cubesmart,cube_2449,NY,14,14,324.0,160.0,2.667
2026-09-04,cubesmart,cube_245,CO,5,5,104.0,176.0,0.97
2026-09-04,cubesmart,cube_2450,NY,13,13,226.0,150.0,2.39
2026-09-04,cubesmart,cube_2451,NY,9,9,378.0,338.0,4.16
2026-09-04,cubesmart,cube_2452,NY,12,12,233.0,176.5,2.42
2026-09-04,cubesmart,cube_246,CO,7,7,46.0,98.0,0.49
2026-09-04,cubesmart,cube_247,GA,19,19,70.0,70.0,0.541
2026-09-04,cubesmart,cube_2478,VA,12,12,127.0,224.0,1.513
2026-09-04,cubesmart,cube_248,TX,16,16,47.0,71.5,0.562
2026-09-04,cubesmart,cube_249,TX,10,10,70.0,101.0,0.59
2026-09-04,cubesmart,cube_2498,CA,10,10,63.0,70.5,0.774
2026-09-04,cubesmart,cube_250,TX,8,8,53.0,56.0,0.695
2026-09-04,cubesmart,cube_2506,TX,12,12,91.0,65.5,1.52
2026-09-04,cubesmart,cube_251,NJ,7,7,113.0,122.0,0.943
2026-09-04,cubesmart,cube_2515,NY,27,27,120.0,144.0,1.511
2026-09-04,cubesmart,cube_2517,TN,11,11,94.0,115.0,0.82
2026-09-04,cubesmart,cube_2519,NY,14,14,203.0,181.5,2.088
2026-09-04,cubesmart,cube_252,OH,12,12,62.0,41.5,0.785
2026-09-04,cubesmart,cube_2520,CT,13,13,165.0,165.0,1.65
2026-09-04,cubesmart,cube_2521,NY,12,12,234.0,209.0,2.332
2026-09-04,cubesmart,cube_253,OH,17,17,68.0,98.0,0.927
2026-09-04,cubesmart,cube_2538,NY,15,15,220.0,126.0,2.075
2026-09-04,cubesmart,cube_254,OH,17,17,105.0,167.0,0.933
2026-09-04,cubesmart,cube_255,OH,9,9,83.0,79.0,0.928
2026-09-04,cubesmart,cube_256,OH,20,20,155.0,99.0,1.556
2026-09-04,cubesmart,cube_257,FL,28,28,84.0,30.0,0.833
2026-09-04,cubesmart,cube_2577,TX,15,15,72.0,42.0,0.72
2026-09-04,cubesmart,cube_262,VA,10,10,,91.5,0.749
2026-09-04,cubesmart,cube_2622,TX,24,24,102.0,92.0,1.438
2026-09-04,cubesmart,cube_2623,TX,17,17,69.0,69.0,0.69
2026-09-04,cubesmart,cube_2624,TX,11,11,50.0,70.0,0.629
2026-09-04,cubesmart,cube_2625,TX,22,22,73.0,76.5,0.757
2026-09-04,cubesmart,cube_2626,TX,10,10,54.0,76.0,0.603
2026-09-04,cubesmart,cube_263,VA,13,13,,145.0,2.01
2026-09-04,cubesmart,cube_2640,SC,15,15,62.0,101.0,0.829
2026-09-04,cubesmart,cube_2641,SC,15,15,49.0,49.0,0.557
2026-09-04,cubesmart,cube_2642,SC,15,15,67.0,101.0,0.785
2026-09-04,cubesmart,cube_2643,SC,11,11,47.0,21.0,0.467
2026-09-04,cubesmart,cube_2644,SC,11,11,70.0,142.0,0.883
2026-09-04,cubesmart,cube_2645,SC,4,4,66.0,117.0,0.744
2026-09-04,cubesmart,cube_265,FL,13,13,144.0,144.0,1.44
2026-09-04,cubesmart,cube_2656,GA,12,12,70.0,80.0,0.623
2026-09-04,cubesmart,cube_266,FL,6,6,115.0,120.5,1.278
2026-09-04,cubesmart,cube_2661,SC,12,12,94.0,125.0,0.867
2026-09-04,cubesmart,cube_2668,NC,7,7,46.0,108.0,0.492
2026-09-04,cubesmart,cube_267,FL,20,20,120.0,119.0,1.216
2026-09-04,cubesmart,cube_2675,VA,17,17,166.0,227.0,1.779
2026-09-04,cubesmart,cube_2676,NY,24,24,237.0,242.0,2.08
2026-09-04,cubesmart,cube_2686,TX,4,4,60.0,57.0,0.49
2026-09-04,cubesmart,cube_2687,TX,10,10,80.0,98.0,0.68
2026-09-04,cubesmart,cube_2688,TX,19,19,95.0,118.0,1.079
2026-09-04,cubesmart,cube_2690,TX,23,23,47.0,91.0,0.613
2026-09-04,cubesmart,cube_2691,LA,10,10,38.0,51.5,0.44
2026-09-04,cubesmart,cube_2697,GA,14,14,84.0,85.0,0.952
2026-09-04,cubesmart,cube_2698,GA,12,12,44.0,123.5,0.537
2026-09-04,cubesmart,cube_2699,FL,15,15,,80.0,1.1
2026-09-04,cubesmart,cube_2700,NJ,5,5,196.0,89.0,1.78
2026-09-04,cubesmart,cube_2701,NJ,18,18,119.0,139.0,1.24
2026-09-04,cubesmart,cube_2702,GA,19,19,45.0,106.0,0.567
2026-09-04,cubesmart,cube_2703,CT,22,22,98.0,118.5,1.013
2026-09-04,cubesmart,cube_271,OH,13,13,94.0,74.0,0.893
2026-09-04,cubesmart,cube_272,NJ,7,7,108.0,37.0,1.111
2026-09-04,cubesmart,cube_2721,FL,10,10,48.0,70.0,0.52
2026-09-04,cubesmart,cube_273,NJ,15,15,110.0,110.0,1.16
2026-09-04,cubesmart,cube_274,NJ,15,15,99.0,99.0,0.785
2026-09-04,cubesmart,cube_2758,FL,16,16,125.0,144.0,1.185
2026-09-04,cubesmart,cube_2759,FL,15,15,107.0,137.0,1.224
2026-09-04,cubesmart,cube_276,NJ,10,10,91.0,85.5,1.32
2026-09-04,cubesmart,cube_277,CT,9,9,88.0,159.0,0.64
2026-09-04,cubesmart,cube_278,CT,5,5,91.0,101.0,0.98
2026-09-04,cubesmart,cube_279,CT,13,13,133.0,124.0,1.33
2026-09-04,cubesmart,cube_2801,NJ,12,12,92.0,83.5,1.195
2026-09-04,cubesmart,cube_2812,TX,15,15,59.0,101.0,0.713
2026-09-04,cubesmart,cube_282,FL,13,13,107.0,117.0,1.07
2026-09-04,cubesmart,cube_283,FL,13,13,70.0,105.0,0.947
2026-09-04,cubesmart,cube_286,FL,17,17,79.0,83.0,1.12
2026-09-04,cubesmart,cube_2876,FL,15,15,67.0,67.0,0.987
2026-09-04,cubesmart,cube_289,FL,10,10,,140.0,1.16
2026-09-04,cubesmart,cube_290,CT,13,13,92.0,96.0,0.96
2026-09-04,cubesmart,cube_2918,PA,3,3,,92.0,1.84
2026-09-04,cubesmart,cube_2922,IL,10,10,51.0,76.5,0.512
2026-09-04,cubesmart,cube_2923,IL,15,15,58.0,77.0,0.693
2026-09-04,cubesmart,cube_2924,IL,17,17,55.0,106.0,0.488
2026-09-04,cubesmart,cube_2925,IL,12,12,49.0,61.0,0.49
2026-09-04,cubesmart,cube_2926,IL,16,16,70.0,72.5,0.668
2026-09-04,cubesmart,cube_2927,IL,22,22,107.0,122.0,0.958
2026-09-04,cubesmart,cube_2928,IL,22,22,74.0,75.5,0.727
2026-09-04,cubesmart,cube_2937,AZ,15,15,94.0,109.0,1.04
2026-09-04,cubesmart,cube_2960,IL,3,3,,345.0,0.575
2026-09-04,cubesmart,cube_2961,MA,9,9,139.0,89.0,1.6
2026-09-04,cubesmart,cube_2966,NY,11,11,153.0,159.0,1.53
2026-09-04,cubesmart,cube_2974,AZ,14,14,65.0,26.0,1.013
2026-09-04,cubesmart,cube_2975,AZ,16,16,93.0,89.0,1.067
2026-09-04,cubesmart,cube_298,CA,20,20,139.0,163.5,1.666
2026-09-04,cubesmart,cube_301,AZ,13,13,26.0,26.0,0.292
2026-09-04,cubesmart,cube_3017,MD,12,12,123.0,150.5,1.23
2026-09-04,cubesmart,cube_3019,TX,10,10,74.0,75.5,0.713
2026-09-04,cubesmart,cube_3021,TX,24,24,53.0,18.0,0.5
2026-09-04,cubesmart,cube_3022,TX,22,22,52.0,56.0,0.705
2026-09-04,cubesmart,cube_3023,TX,5,5,49.0,33.0,0.44
2026-09-04,cubesmart,cube_3024,TX,17,17,64.0,77.0,0.755
2026-09-04,cubesmart,cube_3026,TX,14,14,67.0,94.5,0.655
2026-09-04,cubesmart,cube_3027,TX,19,19,78.0,94.0,0.84
2026-09-04,cubesmart,cube_3028,TX,23,23,56.0,60.0,0.597
2026-09-04,cubesmart,cube_3030,TX,24,24,70.0,107.5,0.825
2026-09-04,cubesmart,cube_3031,TX,31,31,61.0,71.0,0.745
2026-09-04,cubesmart,cube_3032,NC,19,19,51.0,63.0,0.507
2026-09-04,cubesmart,cube_3033,TX,23,23,72.0,110.0,0.888
2026-09-04,cubesmart,cube_3034,TX,24,24,82.0,96.5,0.84
2026-09-04,cubesmart,cube_3036,TX,17,17,84.0,91.0,0.875
2026-09-04,cubesmart,cube_3037,TX,5,5,86.0,131.0,0.873
2026-09-04,cubesmart,cube_3038,TX,16,16,82.0,108.5,0.825
2026-09-04,cubesmart,cube_3039,TX,25,25,88.0,123.0,0.976
2026-09-04,cubesmart,cube_3040,TX,14,14,103.0,160.5,1.06
2026-09-04,cubesmart,cube_3041,TX,16,16,74.0,59.0,1.06
2026-09-04,cubesmart,cube_3043,TX,20,20,51.0,65.0,0.441
2026-09-04,cubesmart,cube_3045,TX,19,19,80.0,110.0,1.118
2026-09-04,cubesmart,cube_3046,TX,11,11,113.0,113.0,1.48
2026-09-04,cubesmart,cube_3047,TX,15,15,88.0,77.0,1.24
2026-09-04,cubesmart,cube_3048,TX,19,19,,67.0,0.76
2026-09-04,cubesmart,cube_3050,TX,21,21,55.0,104.0,0.77
2026-09-04,cubesmart,cube_3051,TX,9,9,109.0,109.0,1.002
2026-09-04,cubesmart,cube_3052,TX,10,10,47.0,56.5,0.537
2026-09-04,cubesmart,cube_3053,TX,19,19,89.0,107.0,0.856
2026-09-04,cubesmart,cube_3054,TX,12,12,,117.5,0.863
2026-09-04,cubesmart,cube_3056,TX,23,23,57.0,67.0,0.74
2026-09-04,cubesmart,cube_3058,TX,17,17,108.0,108.0,1.025
2026-09-04,cubesmart,cube_306,AZ,10,10,80.0,81.5,0.977
2026-09-04,cubesmart,cube_307,AZ,12,12,116.0,123.5,1.235
2026-09-04,cubesmart,cube_3074,MD,10,10,116.0,157.0,1.18
2026-09-04,cubesmart,cube_3075,TX,16,16,48.0,55.0,0.748
2026-09-04,cubesmart,cube_3077,FL,18,18,140.0,71.0,1.37
2026-09-04,cubesmart,cube_308,AZ,22,22,67.0,74.0,0.885
2026-09-04,cubesmart,cube_3088,FL,20,20,106.0,94.0,1.347
2026-09-04,cubesmart,cube_3093,FL,14,14,116.0,138.0,1.133
2026-09-04,cubesmart,cube_3094,FL,31,31,79.0,130.0,0.82
2026-09-04,cubesmart,cube_3096,CA,6,6,,79.0,1.162
2026-09-04,cubesmart,cube_3098,MD,15,15,132.0,132.0,1.32
2026-09-04,cubesmart,cube_3099,MD,9,9,153.0,153.0,1.72
2026-09-04,cubesmart,cube_3103,TX,12,12,78.0,89.0,1.054
2026-09-04,cubesmart,cube_3104,NY,12,12,215.0,150.0,2.883
2026-09-04,cubesmart,cube_3105,AZ,20,20,75.0,122.0,0.761
2026-09-04,cubesmart,cube_3106,TX,15,15,73.0,77.0,0.735
2026-09-04,cubesmart,cube_3107,PA,24,24,67.0,36.0,0.7
2026-09-04,cubesmart,cube_3109,TX,17,17,56.0,63.0,0.78
2026-09-04,cubesmart,cube_311,FL,19,19,82.0,82.0,0.86
2026-09-04,cubesmart,cube_3113,NY,8,8,461.0,358.5,4.598
2026-09-04,cubesmart,cube_3114,NY,13,13,495.0,203.0,4.495
2026-09-04,cubesmart,cube_3115,FL,17,17,134.0,155.0,1.58
2026-09-04,cubesmart,cube_3116,MA,18,18,150.0,72.0,1.397
2026-09-04,cubesmart,cube_3119,IN,10,10,104.0,115.0,1.33
2026-09-04,cubesmart,cube_3121,AZ,18,18,44.0,55.5,0.483
2026-09-04,cubesmart,cube_3122,FL,12,12,59.0,61.0,0.617
2026-09-04,cubesmart,cube_3123,FL,17,17,71.0,65.0,1.06
2026-09-04,cubesmart,cube_313,GA,15,15,25.0,92.0,0.583
2026-09-04,cubesmart,cube_3136,FL,16,16,115.0,121.0,1.158
2026-09-04,cubesmart,cube_3137,TX,19,19,75.0,75.0,0.744
2026-09-04,cubesmart,cube_3138,LA,12,12,37.0,39.5,0.315
2026-09-04,cubesmart,cube_3139,TX,9,9,88.0,56.0,0.88
2026-09-04,cubesmart,cube_3140,TX,20,20,52.0,54.5,0.835
2026-09-04,cubesmart,cube_3142,NY,11,11,313.0,119.0,2.587
2026-09-04,cubesmart,cube_3143,MA,16,16,159.0,169.0,1.649
2026-09-04,cubesmart,cube_3144,TX,11,11,77.0,77.0,0.76
2026-09-04,cubesmart,cube_3145,MA,23,23,75.0,64.0,1.1
2026-09-04,cubesmart,cube_3146,MA,17,17,75.0,60.0,0.64
2026-09-04,cubesmart,cube_3147,MA,28,28,80.0,70.5,1.025
2026-09-04,cubesmart,cube_3149,OH,17,17,103.0,107.0,1.1
2026-09-04,cubesmart,cube_3150,OH,9,9,55.0,55.0,0.561
2026-09-04,cubesmart,cube_3151,OH,10,10,61.0,64.0,0.6
2026-09-04,cubesmart,cube_3152,OH,14,14,74.0,107.0,0.87
2026-09-04,cubesmart,cube_3153,OH,12,12,86.0,88.5,0.86
2026-09-04,cubesmart,cube_3154,OH,10,10,73.0,79.0,0.752
2026-09-04,cubesmart,cube_3155,FL,17,17,75.0,133.0,0.958
2026-09-04,cubesmart,cube_3156,FL,18,18,122.0,123.0,0.981
2026-09-04,cubesmart,cube_3157,FL,19,19,63.0,79.0,1.06
2026-09-04,cubesmart,cube_3158,NV,8,8,,74.0,0.93
2026-09-04,cubesmart,cube_3159,CA,9,9,112.0,179.0,1.193
2026-09-04,cubesmart,cube_316,NC,12,12,102.0,105.5,0.92
2026-09-04,cubesmart,cube_3160,CA,22,22,102.0,93.5,1.186
2026-09-04,cubesmart,cube_3162,TX,26,26,,86.5,0.658
2026-09-04,cubesmart,cube_3167,NY,12,12,446.0,350.5,4.46
2026-09-04,cubesmart,cube_3168,NY,15,15,246.0,145.0,2.54
2026-09-04,cubesmart,cube_3169,NY,12,12,259.0,134.5,2.745
2026-09-04,cubesmart,cube_3170,NY,11,11,244.0,166.0,2.44
2026-09-04,cubesmart,cube_3171,NY,10,10,226.0,258.0,2.197
2026-09-04,cubesmart,cube_3173,FL,16,16,86.0,117.0,0.79
2026-09-04,cubesmart,cube_3174,FL,16,16,122.0,121.0,0.907
2026-09-04,cubesmart,cube_3175,FL,14,14,47.0,90.5,0.593
2026-09-04,cubesmart,cube_318,GA,13,13,,47.0,0.278
2026-09-04,cubesmart,cube_3183,TX,12,12,,47.0,0.74
2026-09-04,cubesmart,cube_3186,AZ,14,14,53.0,81.0,0.68
2026-09-04,cubesmart,cube_3187,TX,22,22,57.0,83.5,0.662
2026-09-04,cubesmart,cube_3189,TX,14,14,46.0,45.5,0.555
2026-09-04,cubesmart,cube_3192,NC,16,16,68.0,86.0,1.157
2026-09-04,cubesmart,cube_3194,TX,10,10,67.0,71.0,0.772
2026-09-04,cubesmart,cube_3196,TX,17,17,61.0,86.0,0.8
2026-09-04,cubesmart,cube_3198,VA,23,23,195.0,254.0,1.887
2026-09-04,cubesmart,cube_3200,TX,15,15,100.0,103.0,1.24
2026-09-04,cubesmart,cube_3201,TN,7,7,56.0,56.0,0.64
2026-09-04,cubesmart,cube_3205,AZ,15,15,78.0,86.0,0.687
2026-09-04,cubesmart,cube_3207,IL,18,18,100.0,90.0,0.98
2026-09-04,cubesmart,cube_321,OH,11,11,88.0,108.0,0.74
2026-09-04,cubesmart,cube_3210,FL,17,17,103.0,122.0,1.41
2026-09-04,cubesmart,cube_3213,AZ,16,16,59.0,100.0,0.622
2026-09-04,cubesmart,cube_3214,NY,8,8,233.0,104.0,2.235
2026-09-04,cubesmart,cube_3216,FL,21,21,125.0,176.0,1.159
2026-09-04,cubesmart,cube_3218,VA,12,12,,141.0,2.773
2026-09-04,cubesmart,cube_322,OH,8,8,93.0,60.5,0.867
2026-09-04,cubesmart,cube_3220,NJ,11,11,155.0,155.0,1.573
2026-09-04,cubesmart,cube_3221,TX,10,10,236.0,241.0,3.283
2026-09-04,cubesmart,cube_3222,MD,11,11,124.0,212.0,1.325
2026-09-04,cubesmart,cube_3223,MD,9,9,160.0,89.0,1.693
2026-09-04,cubesmart,cube_3224,DC,19,19,166.0,176.0,1.526
2026-09-04,cubesmart,cube_3227,NY,12,12,195.0,291.5,2.049
2026-09-04,cubesmart,cube_3228,NJ,12,12,137.0,83.0,1.315
2026-09-04,cubesmart,cube_323,CT,9,9,118.0,75.0,1.18
2026-09-04,cubesmart,cube_324,CT,7,7,155.0,142.0,1.893
2026-09-04,cubesmart,cube_3242,NJ,17,17,100.0,71.0,1.257
2026-09-04,cubesmart,cube_3243,NY,14,14,278.0,318.5,2.707
2026-09-04,cubesmart,cube_3248,MA,18,18,81.0,121.0,1.102
2026-09-04,cubesmart,cube_325,CA,9,9,,138.0,1.065
2026-09-04,cubesmart,cube_3250,MA,8,8,78.0,132.5,0.997
2026-09-04,cubesmart,cube_3252,MA,39,39,102.0,131.0,1.613
2026-09-04,cubesmart,cube_3254,MA,7,7,116.0,91.0,1.56
2026-09-04,cubesmart,cube_3256,MA,9,9,89.0,103.0,0.89
2026-09-04,cubesmart,cube_326,NJ,17,17,113.0,125.0,1.28
2026-09-04,cubesmart,cube_3260,MA,12,12,95.0,116.0,0.95
2026-09-04,cubesmart,cube_3279,NY,10,10,236.0,114.5,2.227
2026-09-04,cubesmart,cube_328,NC,14,14,99.0,125.0,1.22
2026-09-04,cubesmart,cube_3280,NY,11,11,137.0,137.0,1.526
2026-09-04,cubesmart,cube_3281,NC,17,17,102.0,69.0,0.82
2026-09-04,cubesmart,cube_3282,NC,12,12,53.0,96.0,0.68
2026-09-04,cubesmart,cube_3283,TX,17,17,79.0,79.0,0.829
2026-09-04,cubesmart,cube_3284,GA,11,11,86.0,125.0,0.86
2026-09-04,cubesmart,cube_3285,TN,28,28,138.0,175.5,1.48
2026-09-04,cubesmart,cube_3286,GA,10,10,61.0,102.0,0.839
2026-09-04,cubesmart,cube_3289,NY,10,10,,155.0,3.2
2026-09-04,cubesmart,cube_329,FL,19,19,90.0,90.0,1.0
2026-09-04,cubesmart,cube_3290,TX,12,12,83.0,114.5,0.763
2026-09-04,cubesmart,cube_3291,TX,22,22,104.0,128.5,0.945
2026-09-04,cubesmart,cube_3297,TX,23,23,71.0,112.0,0.722
2026-09-04,cubesmart,cube_3298,IL,4,4,,105.0,1.717
2026-09-04,cubesmart,cube_330,FL,24,24,128.0,151.0,1.6
2026-09-04,cubesmart,cube_3311,TN,15,15,52.0,74.0,0.52
2026-09-04,cubesmart,cube_3313,TN,10,10,75.0,106.0,0.76
2026-09-04,cubesmart,cube_3315,NY,14,14,187.0,244.5,1.935
2026-09-04,cubesmart,cube_3319,CT,14,14,120.0,97.5,1.277
2026-09-04,cubesmart,cube_332,OH,9,9,57.0,96.0,0.772
2026-09-04,cubesmart,cube_3320,IL,10,10,148.0,148.5,1.347
2026-09-04,cubesmart,cube_3323,AZ,11,11,127.0,146.0,1.68
2026-09-04,cubesmart,cube_3324,TX,17,17,,36.0,0.973
2026-09-04,cubesmart,cube_3330,TX,11,11,59.0,34.0,0.667
2026-09-04,cubesmart,cube_3333,TX,14,14,76.0,111.0,0.913
2026-09-04,cubesmart,cube_3334,NC,11,11,,109.0,1.58
2026-09-04,cubesmart,cube_3336,FL,17,17,110.0,110.0,1.16
2026-09-04,cubesmart,cube_3337,FL,24,24,126.0,46.0,1.343
2026-09-04,cubesmart,cube_3338,FL,14,14,148.0,152.5,1.62
2026-09-04,cubesmart,cube_3345,VA,11,11,,83.0,0.67
2026-09-04,cubesmart,cube_3347,NC,21,21,76.0,89.0,0.769
2026-09-04,cubesmart,cube_3348,TX,6,6,91.0,66.5,1.075
2026-09-04,cubesmart,cube_3351,MA,31,31,341.0,228.0,4.16
2026-09-04,cubesmart,cube_3355,CO,12,12,86.0,136.5,1.006
2026-09-04,cubesmart,cube_3356,TX,11,11,139.0,97.0,1.393
2026-09-04,cubesmart,cube_3358,MA,16,16,76.0,119.5,0.93
2026-09-04,cubesmart,cube_336,FL,19,19,73.0,66.0,0.838
2026-09-04,cubesmart,cube_3361,TN,25,25,100.0,131.0,1.03
2026-09-04,cubesmart,cube_3362,TN,29,29,123.0,151.0,1.144
2026-09-04,cubesmart,cube_3363,NY,4,4,214.0,191.5,3.79
2026-09-04,cubesmart,cube_3370,VA,8,8,178.0,95.5,1.91
2026-09-04,cubesmart,cube_3371,CO,11,11,113.0,126.0,1.13
2026-09-04,cubesmart,cube_338,FL,8,8,148.0,179.0,1.49
2026-09-04,cubesmart,cube_3381,IL,8,8,142.0,133.0,1.606
2026-09-04,cubesmart,cube_3384,NY,32,32,368.0,101.0,2.529
2026-09-04,cubesmart,cube_3385,MD,20,20,62.0,34.5,0.794
2026-09-04,cubesmart,cube_3386,MA,22,22,105.0,103.5,1.315
2026-09-04,cubesmart,cube_3387,NY,22,22,229.0,248.0,1.657
2026-09-04,cubesmart,cube_339,FL,27,27,83.0,36.0,0.625
2026-09-04,cubesmart,cube_3391,NY,10,10,295.0,166.0,3.61
2026-09-04,cubesmart,cube_3397,PA,9,9,97.0,115.0,1.055
2026-09-04,cubesmart,cube_3399,TX,12,12,111.0,101.5,1.263
2026-09-04,cubesmart,cube_3401,NV,13,13,71.0,94.0,0.88
2026-09-04,cubesmart,cube_3402,NV,11,11,72.0,128.0,0.755
2026-09-04,cubesmart,cube_3408,AZ,15,15,69.0,69.0,0.81
2026-09-04,cubesmart,cube_3412,IL,8,8,,184.5,1.127
2026-09-04,cubesmart,cube_3415,PA,14,14,101.0,110.0,1.377
2026-09-04,cubesmart,cube_3416,PA,14,14,116.0,130.5,0.967
2026-09-04,cubesmart,cube_3420,TX,13,13,43.0,71.0,0.636
2026-09-04,cubesmart,cube_3421,TX,14,14,,34.5,0.598
2026-09-04,cubesmart,cube_3422,MA,22,22,97.0,112.5,0.958
2026-09-04,cubesmart,cube_3426,NY,18,18,159.0,126.0,2.137
2026-09-04,cubesmart,cube_3431,NY,4,4,,238.5,1.061
2026-09-04,cubesmart,cube_3434,NV,11,11,61.0,64.0,0.84
2026-09-04,cubesmart,cube_3436,TX,14,14,57.0,47.5,0.646
2026-09-04,cubesmart,cube_3438,DC,15,15,260.0,183.0,2.57
2026-09-04,cubesmart,cube_3439,NC,8,8,73.0,77.5,0.873
2026-09-04,cubesmart,cube_3440,FL,14,14,142.0,89.5,1.95
2026-09-04,cubesmart,cube_3442,AZ,26,26,71.0,123.0,0.764
2026-09-04,cubesmart,cube_3445,NV,13,13,53.0,198.0,0.853
2026-09-04,cubesmart,cube_3447,MA,11,11,124.0,86.0,1.213
2026-09-04,cubesmart,cube_3448,MA,13,13,87.0,127.0,0.87
2026-09-04,cubesmart,cube_3449,MA,22,22,83.0,80.5,1.433
2026-09-04,cubesmart,cube_345,FL,14,14,43.0,45.0,0.611
2026-09-04,cubesmart,cube_3450,MA,16,16,95.0,87.0,1.197
2026-09-04,cubesmart,cube_3452,MA,7,7,62.0,62.0,0.413
2026-09-04,cubesmart,cube_3454,CT,14,14,113.0,114.5,1.112
2026-09-04,cubesmart,cube_3456,RI,9,9,118.0,60.0,1.14
2026-09-04,cubesmart,cube_3457,RI,10,10,79.0,91.0,0.79
2026-09-04,cubesmart,cube_3458,VT,8,8,78.0,84.0,0.69
2026-09-04,cubesmart,cube_3459,MA,8,8,142.0,168.5,1.42
2026-09-04,cubesmart,cube_3460,CT,24,24,75.0,106.0,1.1
2026-09-04,cubesmart,cube_3461,CT,9,9,92.0,92.0,1.113
2026-09-04,cubesmart,cube_3462,VA,4,4,179.0,96.0,2.233
2026-09-04,cubesmart,cube_3465,VT,5,5,100.0,100.0,1.0
2026-09-04,cubesmart,cube_3467,TX,22,22,177.0,186.0,2.2
2026-09-04,cubesmart,cube_3475,TX,17,17,76.0,85.0,1.093
2026-09-04,cubesmart,cube_3478,FL,7,7,,233.0,2.25
2026-09-04,cubesmart,cube_3483,TX,13,13,53.0,50.0,0.96
2026-09-04,cubesmart,cube_3487,AZ,10,10,58.0,81.0,0.675
2026-09-04,cubesmart,cube_3492,IL,12,12,117.0,61.0,0.883
2026-09-04,cubesmart,cube_3516,FL,12,12,125.0,109.5,1.282
2026-09-04,cubesmart,cube_3517,NY,7,7,184.0,92.0,2.12
2026-09-04,cubesmart,cube_3525,TN,18,18,66.0,81.0,0.883
2026-09-04,cubesmart,cube_3526,NY,11,11,228.0,151.0,2.28
2026-09-04,cubesmart,cube_3528,TX,12,12,93.0,111.5,1.303
2026-09-04,cubesmart,cube_3531,PA,9,9,100.0,133.0,1.1
2026-09-04,cubesmart,cube_3532,WA,24,24,160.0,175.0,1.834
2026-09-04,cubesmart,cube_3533,WA,22,22,105.0,205.0,1.275
2026-09-04,cubesmart,cube_3534,FL,12,12,134.0,105.5,1.515
2026-09-04,cubesmart,cube_3536,NY,23,23,668.0,198.0,6.4
2026-09-04,cubesmart,cube_3537,NC,14,14,55.0,69.0,0.735
2026-09-04,cubesmart,cube_3542,GA,15,15,45.0,45.0,0.56
2026-09-04,cubesmart,cube_3543,LA,8,8,,50.5,0.337
2026-09-04,cubesmart,cube_3547,TX,8,8,73.0,46.5,1.193
2026-09-04,cubesmart,cube_3548,TX,10,10,67.0,90.0,0.67
2026-09-04,cubesmart,cube_355,CA,9,9,83.0,104.0,0.77
2026-09-04,cubesmart,cube_3555,NJ,11,11,142.0,142.0,1.433
2026-09-04,cubesmart,cube_356,CA,10,10,70.0,70.5,0.636
2026-09-04,cubesmart,cube_3560,CO,14,14,90.0,74.5,0.88
2026-09-04,cubesmart,cube_3562,NY,18,18,251.0,206.0,2.551
2026-09-04,cubesmart,cube_3565,AZ,16,16,142.0,180.5,1.275
2026-09-04,cubesmart,cube_357,CA,18,18,62.0,43.5,0.646
2026-09-04,cubesmart,cube_3574,TX,9,9,73.0,73.0,0.72
2026-09-04,cubesmart,cube_3576,TX,16,16,89.0,120.5,0.873
2026-09-04,cubesmart,cube_3578,IL,17,17,109.0,139.0,1.09
2026-09-04,cubesmart,cube_3581,PA,11,11,101.0,69.0,1.013
2026-09-04,cubesmart,cube_3582,PA,10,10,97.0,111.0,1.015
2026-09-04,cubesmart,cube_3583,PA,12,12,94.0,99.0,0.973
2026-09-04,cubesmart,cube_3584,PA,13,13,88.0,118.0,1.08
2026-09-04,cubesmart,cube_3585,PA,12,12,109.0,115.0,0.989
2026-09-04,cubesmart,cube_3607,SC,11,11,159.0,159.0,1.405
2026-09-04,cubesmart,cube_3608,TX,19,19,62.0,92.0,0.84
2026-09-04,cubesmart,cube_361,FL,16,16,88.0,89.5,0.88
2026-09-04,cubesmart,cube_3614,CO,14,14,94.0,146.0,1.32
2026-09-04,cubesmart,cube_3615,TX,12,12,71.0,58.5,0.883
2026-09-04,cubesmart,cube_3619,SC,4,4,,33.0,0.302
2026-09-04,cubesmart,cube_3625,FL,12,12,116.0,159.5,1.487
2026-09-04,cubesmart,cube_3630,FL,18,18,120.0,204.0,1.394
2026-09-04,cubesmart,cube_3634,TX,17,17,83.0,83.0,0.956
2026-09-04,cubesmart,cube_3635,NY,7,7,184.0,111.0,2.22
2026-09-04,cubesmart,cube_3645,NJ,10,10,272.0,134.0,2.554
2026-09-04,cubesmart,cube_3652,IL,10,10,110.0,100.0,1.124
2026-09-04,cubesmart,cube_3653,IL,10,10,113.0,180.0,1.5
2026-09-04,cubesmart,cube_3655,NY,11,11,280.0,272.0,3.886
2026-09-04,cubesmart,cube_366,FL,21,21,82.0,45.0,0.74
2026-09-04,cubesmart,cube_3661,NC,9,9,,186.0,1.673
2026-09-04,cubesmart,cube_3674,TX,17,17,43.0,43.0,0.6
2026-09-04,cubesmart,cube_3675,FL,16,16,148.0,172.0,1.855
2026-09-04,cubesmart,cube_3682,AZ,6,6,90.0,101.0,1.252
2026-09-04,cubesmart,cube_3687,SC,10,10,170.0,180.5,1.428
2026-09-04,cubesmart,cube_3692,SC,18,18,76.0,66.0,1.69
2026-09-04,cubesmart,cube_3694,AZ,12,12,34.0,31.0,0.56
2026-09-04,cubesmart,cube_3699,FL,12,12,59.0,106.5,0.687
2026-09-04,cubesmart,cube_3706,NJ,13,13,162.0,253.0,1.968
2026-09-04,cubesmart,cube_3708,MD,14,14,134.0,150.0,1.365
2026-09-04,cubesmart,cube_3711,DC,17,17,135.0,160.0,1.289
2026-09-04,cubesmart,cube_3725,FL,12,12,158.0,95.5,1.843
2026-09-04,cubesmart,cube_3729,FL,15,15,102.0,69.0,1.36
2026-09-04,cubesmart,cube_373,CA,9,9,163.0,163.0,1.483
2026-09-04,cubesmart,cube_3730,TX,10,10,101.0,80.0,1.28
2026-09-04,cubesmart,cube_3731,CO,9,9,110.0,218.0,1.196
2026-09-04,cubesmart,cube_3735,FL,15,15,82.0,104.0,1.06
2026-09-04,cubesmart,cube_3743,LA,12,12,56.0,67.0,0.595
2026-09-04,cubesmart,cube_3744,LA,12,12,75.0,107.0,0.907
2026-09-04,cubesmart,cube_3749,NC,15,15,64.0,54.0,0.96
2026-09-04,cubesmart,cube_3751,NC,13,13,122.0,120.0,1.42
2026-09-04,cubesmart,cube_3755,GA,10,10,68.0,78.5,0.903
2026-09-04,cubesmart,cube_376,FL,10,10,202.0,208.5,2.31
2026-09-04,cubesmart,cube_3764,TX,10,10,101.0,134.0,1.258
2026-09-04,cubesmart,cube_377,NJ,9,9,128.0,194.0,1.28
2026-09-04,cubesmart,cube_3770,MA,9,9,146.0,85.0,1.625
2026-09-04,cubesmart,cube_3776,NY,13,13,95.0,107.0,0.807
2026-09-04,cubesmart,cube_3784,FL,8,8,96.0,77.0,0.88
2026-09-04,cubesmart,cube_3785,CA,18,18,182.0,280.0,2.399
2026-09-04,cubesmart,cube_3793,NV,5,5,,203.0,0.846
2026-09-04,cubesmart,cube_380,FL,37,37,62.0,62.0,0.55
2026-09-04,cubesmart,cube_3802,NY,32,32,208.0,214.0,2.305
2026-09-04,cubesmart,cube_3806,TX,15,15,,50.0,0.576
2026-09-04,cubesmart,cube_381,NJ,17,17,,104.0,1.947
2026-09-04,cubesmart,cube_3816,TX,28,28,34.0,57.5,0.415
2026-09-04,cubesmart,cube_3817,TX,23,23,61.0,105.0,0.723
2026-09-04,cubesmart,cube_382,FL,15,15,77.0,77.0,0.92
2026-09-04,cubesmart,cube_3823,FL,34,34,35.0,35.0,0.467
2026-09-04,cubesmart,cube_3824,FL,16,16,,102.0,1.069
2026-09-04,cubesmart,cube_3829,NC,19,19,131.0,87.0,1.31
2026-09-04,cubesmart,cube_3830,NV,15,15,54.0,107.0,0.74
2026-09-04,cubesmart,cube_3836,GA,14,14,91.0,100.0,1.083
2026-09-04,cubesmart,cube_3838,OH,3,3,149.0,74.0,1.49
2026-09-04,cubesmart,cube_384,FL,21,21,171.0,242.0,1.857
2026-09-04,cubesmart,cube_3844,CA,10,10,281.0,379.5,3.044
2026-09-04,cubesmart,cube_3846,TX,7,7,110.0,110.0,1.287
2026-09-04,cubesmart,cube_3848,CT,13,13,172.0,98.0,1.96
2026-09-04,cubesmart,cube_385,OH,15,15,110.0,110.0,1.16
2026-09-04,cubesmart,cube_3850,PA,8,8,116.0,64.0,0.993
2026-09-04,cubesmart,cube_3854,VA,11,11,168.0,168.0,1.787
2026-09-04,cubesmart,cube_3856,NC,9,9,73.0,64.0,10.667
2026-09-04,cubesmart,cube_386,NY,9,9,83.0,92.0,1.201
2026-09-04,cubesmart,cube_3866,FL,15,15,124.0,116.0,1.22
2026-09-04,cubesmart,cube_387,MA,17,17,88.0,118.0,1.34
2026-09-04,cubesmart,cube_3875,CT,8,8,70.0,105.0,0.957
2026-09-04,cubesmart,cube_3876,CT,12,12,,120.0,0.657
2026-09-04,cubesmart,cube_3877,NC,10,10,95.0,95.5,1.93
2026-09-04,cubesmart,cube_3879,GA,16,16,127.0,139.5,1.395
2026-09-04,cubesmart,cube_388,FL,15,15,158.0,158.0,1.716
2026-09-04,cubesmart,cube_3886,NJ,10,10,103.0,106.5,0.963
2026-09-04,cubesmart,cube_3887,CA,30,30,132.0,130.5,1.409
2026-09-04,cubesmart,cube_389,FL,17,17,61.0,19.0,0.54
2026-09-04,cubesmart,cube_3892,CT,12,12,140.0,101.0,1.447
2026-09-04,cubesmart,cube_3894,RI,10,10,114.0,107.0,1.112
2026-09-04,cubesmart,cube_3895,RI,12,12,212.0,112.5,1.986
2026-09-04,cubesmart,cube_3896,RI,12,12,122.0,153.0,1.107
2026-09-04,cubesmart,cube_3902,CO,10,10,113.0,157.0,0.887
2026-09-04,cubesmart,cube_3908,IA,9,9,45.0,39.0,0.53
2026-09-04,cubesmart,cube_391,CT,8,8,72.0,77.5,0.782
2026-09-04,cubesmart,cube_3913,MA,7,7,197.0,119.0,1.82
2026-09-04,cubesmart,cube_3916,FL,12,12,,123.0,0.907
2026-09-04,cubesmart,cube_3918,NY,22,22,209.0,219.0,2.656
2026-09-04,cubesmart,cube_3919,NJ,20,20,175.0,115.5,1.871
2026-09-04,cubesmart,cube_392,CT,5,5,40.0,42.0,0.4
2026-09-04,cubesmart,cube_3927,PA,15,15,103.0,106.0,0.986
2026-09-04,cubesmart,cube_393,NJ,19,19,97.0,83.0,1.185
2026-09-04,cubesmart,cube_3932,TX,14,14,107.0,149.5,1.019
2026-09-04,cubesmart,cube_3934,FL,13,13,228.0,197.0,2.44
2026-09-04,cubesmart,cube_3936,NJ,11,11,134.0,77.0,1.78
2026-09-04,cubesmart,cube_3937,AZ,10,10,77.0,77.0,0.77
2026-09-04,cubesmart,cube_3939,TX,15,15,125.0,125.0,1.27
2026-09-04,cubesmart,cube_394,FL,23,23,145.0,86.0,1.344
2026-09-04,cubesmart,cube_3943,OH,25,25,75.0,76.0,0.745
2026-09-04,cubesmart,cube_3945,OH,16,16,38.0,45.0,0.63
2026-09-04,cubesmart,cube_3947,MD,13,13,138.0,116.0,1.515
2026-09-04,cubesmart,cube_395,FL,22,22,215.0,80.5,1.642
2026-09-04,cubesmart,cube_3954,NY,11,11,282.0,162.0,3.52
2026-09-04,cubesmart,cube_3957,TN,16,16,70.0,89.0,0.818
2026-09-04,cubesmart,cube_3958,MS,16,16,104.0,113.5,0.77
2026-09-04,cubesmart,cube_396,FL,18,18,108.0,39.0,0.98
2026-09-04,cubesmart,cube_3968,CO,10,10,113.0,127.0,1.169
2026-09-04,cubesmart,cube_397,FL,19,19,115.0,163.0,1.48
2026-09-04,cubesmart,cube_3974,FL,14,14,103.0,97.0,1.03
2026-09-04,cubesmart,cube_3975,TX,15,15,,57.0,0.679
2026-09-04,cubesmart,cube_3978,FL,23,23,57.0,81.0,0.684
2026-09-04,cubesmart,cube_3979,FL,19,19,56.0,63.0,0.6
2026-09-04,cubesmart,cube_3985,MD,13,13,118.0,118.0,1.114
2026-09-04,cubesmart,cube_3986,TX,14,14,82.0,90.0,0.864
2026-09-04,cubesmart,cube_399,NC,12,12,71.0,92.5,0.938
2026-09-04,cubesmart,cube_3994,TX,10,10,112.0,101.0,1.347
2026-09-04,cubesmart,cube_3995,TX,12,12,78.0,55.0,0.96
2026-09-04,cubesmart,cube_3997,PA,18,18,103.0,44.5,1.2
2026-09-04,cubesmart,cube_3999,TN,12,12,46.0,98.5,0.681
2026-09-04,cubesmart,cube_400,NC,14,14,60.0,102.5,0.653
2026-09-04,cubesmart,cube_4001,TX,13,13,73.0,52.0,1.04
2026-09-04,cubesmart,cube_4002,TN,14,14,209.0,153.0,2.039
2026-09-04,cubesmart,cube_4004,FL,14,14,102.0,82.0,1.197
2026-09-04,cubesmart,cube_4005,NC,20,20,104.0,100.0,1.58
2026-09-04,cubesmart,cube_4007,FL,12,12,85.0,125.0,0.88
2026-09-04,cubesmart,cube_4012,NM,7,7,,85.0,0.753
2026-09-04,cubesmart,cube_4013,NM,11,11,60.0,60.0,0.86
2026-09-04,cubesmart,cube_402,GA,19,19,27.0,78.0,0.4
2026-09-04,cubesmart,cube_4028,FL,27,27,85.0,85.0,1.007
2026-09-04,cubesmart,cube_4029,GA,23,23,103.0,87.0,1.093
2026-09-04,cubesmart,cube_403,CA,9,9,104.0,139.0,0.995
2026-09-04,cubesmart,cube_4033,NV,10,10,,132.0,0.63
2026-09-04,cubesmart,cube_4035,OH,10,10,84.0,96.5,0.727
2026-09-04,cubesmart,cube_4036,NY,9,9,364.0,155.0,3.1
2026-09-04,cubesmart,cube_4045,VA,14,14,109.0,90.5,1.065
2026-09-04,cubesmart,cube_405,GA,9,9,37.0,37.0,0.568
2026-09-04,cubesmart,cube_4055,TN,7,7,149.0,176.0,1.733
2026-09-04,cubesmart,cube_4056,TX,13,13,64.0,47.0,0.615
2026-09-04,cubesmart,cube_4057,WA,9,9,124.0,216.0,1.376
2026-09-04,cubesmart,cube_406,GA,12,12,71.0,97.0,0.82
2026-09-04,cubesmart,cube_4060,AL,11,11,107.0,89.0,1.07
2026-09-04,cubesmart,cube_4063,SC,9,9,74.0,74.0,0.737
2026-09-04,cubesmart,cube_4068,NV,6,6,74.0,68.5,0.74
2026-09-04,cubesmart,cube_407,GA,14,14,64.0,79.0,0.71
2026-09-04,cubesmart,cube_4072,MA,12,12,59.0,67.0,1.265
2026-09-04,cubesmart,cube_4073,MI,14,14,67.0,72.0,0.789
2026-09-04,cubesmart,cube_4074,FL,13,13,59.0,98.0,0.628
2026-09-04,cubesmart,cube_4075,NY,7,7,123.0,123.0,1.107
2026-09-04,cubesmart,cube_4076,TN,17,17,70.0,70.0,0.725
2026-09-04,cubesmart,cube_4082,MA,9,9,75.0,75.0,0.758
2026-09-04,cubesmart,cube_4086,MA,5,5,139.0,139.0,1.067
2026-09-04,cubesmart,cube_4087,MA,15,15,,160.0,1.173
2026-09-04,cubesmart,cube_4088,FL,14,14,80.0,89.5,0.83
2026-09-04,cubesmart,cube_409,GA,10,10,52.0,99.5,0.557
2026-09-04,cubesmart,cube_4090,TX,23,23,58.0,55.0,1.24
2026-09-04,cubesmart,cube_4093,NY,15,15,121.0,147.0,1.376
2026-09-04,cubesmart,cube_4096,IN,36,36,44.0,74.5,0.572
2026-09-04,cubesmart,cube_410,IL,14,14,119.0,109.0,1.5
2026-09-04,cubesmart,cube_4100,AZ,10,10,98.0,147.5,1.088
2026-09-04,cubesmart,cube_4101,FL,8,8,101.0,120.5,0.933
2026-09-04,cubesmart,cube_4102,TX,10,10,58.0,70.0,0.62
2026-09-04,cubesmart,cube_4103,NC,19,19,99.0,97.0,1.8
2026-09-04,cubesmart,cube_4105,PA,14,14,154.0,128.0,1.38
2026-09-04,cubesmart,cube_4106,NC,26,26,107.0,126.0,2.062
2026-09-04,cubesmart,cube_411,MD,22,22,81.0,105.5,1.013
2026-09-04,cubesmart,cube_4110,MN,17,17,109.0,83.0,1.11
2026-09-04,cubesmart,cube_4113,FL,20,20,114.0,119.5,1.04
2026-09-04,cubesmart,cube_4117,FL,13,13,118.0,79.0,1.35
2026-09-04,cubesmart,cube_4118,FL,15,15,81.0,101.0,0.875
2026-09-04,cubesmart,cube_4119,FL,16,16,74.0,85.0,0.883
2026-09-04,cubesmart,cube_412,MD,19,19,121.0,142.0,1.218
2026-09-04,cubesmart,cube_4124,TX,16,16,96.0,101.0,1.01
2026-09-04,cubesmart,cube_413,MD,13,13,142.0,230.0,1.313
2026-09-04,cubesmart,cube_4130,SC,15,15,90.0,57.0,1.16
2026-09-04,cubesmart,cube_4131,NY,47,47,134.0,141.0,0.944
2026-09-04,cubesmart,cube_4132,CA,6,6,171.0,170.5,1.976
2026-09-04,cubesmart,cube_4133,TX,8,8,44.0,75.5,0.61
2026-09-04,cubesmart,cube_4134,TX,9,9,74.0,109.0,0.89
2026-09-04,cubesmart,cube_4135,TX,11,11,65.0,87.0,0.785
2026-09-04,cubesmart,cube_4136,TX,7,7,74.0,100.0,0.627
2026-09-04,cubesmart,cube_4137,TX,12,12,61.0,130.0,0.64
2026-09-04,cubesmart,cube_414,PA,15,15,93.0,93.0,0.88
2026-09-04,cubesmart,cube_4144,NC,10,10,81.0,71.0,0.825
2026-09-04,cubesmart,cube_4147,IL,6,6,69.0,22.0,0.517
2026-09-04,cubesmart,cube_4148,WI,12,12,145.0,149.5,1.288
2026-09-04,cubesmart,cube_415,CA,8,8,116.0,164.0,1.2
2026-09-04,cubesmart,cube_4154,TN,6,6,146.0,116.5,1.49
2026-09-04,cubesmart,cube_4155,NJ,15,15,150.0,99.0,1.98
2026-09-04,cubesmart,cube_416,MA,10,10,259.0,256.0,3.0
2026-09-04,cubesmart,cube_4169,NC,12,12,116.0,140.5,1.413
2026-09-04,cubesmart,cube_417,NY,19,19,194.0,252.0,1.92
2026-09-04,cubesmart,cube_4172,NC,14,14,66.0,60.0,0.923
2026-09-04,cubesmart,cube_4178,TX,16,16,82.0,64.5,0.772
2026-09-04,cubesmart,cube_4179,TX,8,8,52.0,55.0,0.522
2026-09-04,cubesmart,cube_4180,TX,12,12,82.0,55.5,0.725
2026-09-04,cubesmart,cube_4181,IL,11,11,89.0,107.0,0.75
2026-09-04,cubesmart,cube_4185,TN,21,21,184.0,185.0,1.92
2026-09-04,cubesmart,cube_419,MD,15,15,72.0,76.0,1.14
2026-09-04,cubesmart,cube_4191,FL,11,11,139.0,84.0,1.39
2026-09-04,cubesmart,cube_420,MD,17,17,123.0,164.0,1.53
2026-09-04,cubesmart,cube_421,FL,14,14,67.0,41.5,0.66
2026-09-04,cubesmart,cube_4211,NY,12,12,197.0,197.0,1.97
2026-09-04,cubesmart,cube_4214,MA,8,8,106.0,131.0,1.2
2026-09-04,cubesmart,cube_4215,MD,10,10,86.0,73.5,0.927
2026-09-04,cubesmart,cube_4218,KY,14,14,47.0,38.5,0.677
2026-09-04,cubesmart,cube_422,FL,18,18,116.0,160.0,1.605
2026-09-04,cubesmart,cube_4220,CT,17,17,109.0,177.0,1.187
2026-09-04,cubesmart,cube_4221,MS,18,18,111.0,119.0,1.165
2026-09-04,cubesmart,cube_4222,PA,20,20,98.0,81.0,1.141
2026-09-04,cubesmart,cube_4226,OH,10,10,77.0,61.0,0.883
2026-09-04,cubesmart,cube_4229,GA,18,18,62.0,98.0,0.907
2026-09-04,cubesmart,cube_423,TX,10,10,57.0,64.0,0.56
2026-09-04,cubesmart,cube_4231,GA,15,15,60.0,48.0,1.013
2026-09-04,cubesmart,cube_4237,PA,7,7,147.0,100.0,2.0
2026-09-04,cubesmart,cube_4243,AL,27,27,86.0,98.0,0.973
2026-09-04,cubesmart,cube_4245,AZ,16,16,88.0,90.0,0.972
2026-09-04,cubesmart,cube_4248,VA,10,10,143.0,155.0,1.074
2026-09-04,cubesmart,cube_4250,TX,16,16,49.0,51.0,0.915
2026-09-04,cubesmart,cube_4251,FL,16,16,105.0,56.5,0.99
2026-09-04,cubesmart,cube_4253,CT,4,4,97.0,138.0,1.119
2026-09-04,cubesmart,cube_4254,CT,8,8,133.0,113.5,1.365
2026-09-04,cubesmart,cube_4260,PA,11,11,116.0,88.0,1.16
2026-09-04,cubesmart,cube_4261,PA,11,11,88.0,67.0,0.873
2026-09-04,cubesmart,cube_4262,VA,15,15,95.0,81.0,1.123
2026-09-04,cubesmart,cube_4263,VT,3,3,139.0,111.0,1.805
2026-09-04,cubesmart,cube_4264,OH,18,18,73.0,174.5,0.821
2026-09-04,cubesmart,cube_427,DC,12,12,219.0,165.0,2.16
2026-09-04,cubesmart,cube_4271,CT,11,11,166.0,230.0,1.413
2026-09-04,cubesmart,cube_4272,NY,14,14,194.0,248.0,1.8
2026-09-04,cubesmart,cube_4275,TN,12,12,164.0,89.5,1.887
2026-09-04,cubesmart,cube_4276,CA,8,8,,57.0,0.681
2026-09-04,cubesmart,cube_4277,CA,18,18,,85.5,0.692
2026-09-04,cubesmart,cube_4278,FL,16,16,105.0,154.5,1.253
2026-09-04,cubesmart,cube_4279,NJ,17,17,110.0,56.0,1.11
2026-09-04,cubesmart,cube_4282,NJ,6,6,137.0,108.5,1.522
2026-09-04,cubesmart,cube_4286,FL,13,13,115.0,167.0,1.31
2026-09-04,cubesmart,cube_4289,FL,20,20,110.0,145.0,1.077
2026-09-04,cubesmart,cube_4291,NC,15,15,128.0,104.0,1.583
2026-09-04,cubesmart,cube_4292,NY,9,9,449.0,362.0,4.547
2026-09-04,cubesmart,cube_4296,MI,18,18,122.0,164.0,1.062
2026-09-04,cubesmart,cube_4297,FL,18,18,110.0,136.0,1.243
2026-09-04,cubesmart,cube_4298,MA,21,21,260.0,116.0,2.6
2026-09-04,cubesmart,cube_4300,NY,5,5,199.0,40.0,1.6
2026-09-04,cubesmart,cube_4301,NV,8,8,,152.0,0.568
2026-09-04,cubesmart,cube_4303,VA,13,13,107.0,138.0,1.075
2026-09-04,cubesmart,cube_4304,FL,24,24,42.0,45.5,0.447
2026-09-04,cubesmart,cube_4305,TX,18,18,,62.0,0.427
2026-09-04,cubesmart,cube_4306,FL,11,11,200.0,270.0,2.0
2026-09-04,cubesmart,cube_4308,NC,10,10,98.0,131.0,0.979
2026-09-04,cubesmart,cube_4309,VA,10,10,116.0,103.0,1.335
2026-09-04,cubesmart,cube_4310,FL,14,14,112.0,152.5,0.923
2026-09-04,cubesmart,cube_4311,FL,22,22,76.0,78.0,0.685
2026-09-04,cubesmart,cube_4312,FL,18,18,52.0,68.0,0.787
2026-09-04,cubesmart,cube_4316,FL,12,12,82.0,59.0,0.79
2026-09-04,cubesmart,cube_4319,TX,10,10,152.0,121.5,1.467
2026-09-04,cubesmart,cube_4320,OH,15,15,41.0,47.0,0.442
2026-09-04,cubesmart,cube_4321,SC,6,6,40.0,66.0,0.511
2026-09-04,cubesmart,cube_4326,AL,11,11,85.0,85.0,1.13
2026-09-04,cubesmart,cube_4327,NY,16,16,155.0,177.0,1.683
2026-09-04,cubesmart,cube_4334,FL,16,16,109.0,94.0,1.22
2026-09-04,cubesmart,cube_4335,PA,11,11,138.0,65.0,1.16
2026-09-04,cubesmart,cube_4338,MD,12,12,150.0,152.0,1.76
2026-09-04,cubesmart,cube_4340,FL,12,12,94.0,83.0,1.071
2026-09-04,cubesmart,cube_4341,CT,14,14,74.0,89.0,0.912
2026-09-04,cubesmart,cube_4344,CA,10,10,77.0,101.5,0.767
2026-09-04,cubesmart,cube_4345,NC,12,12,86.0,73.5,1.0
2026-09-04,cubesmart,cube_4346,GA,9,9,63.0,47.0,0.77
2026-09-04,cubesmart,cube_4353,TX,14,14,57.0,57.5,0.649
2026-09-04,cubesmart,cube_4354,TX,10,10,39.0,54.5,0.53
2026-09-04,cubesmart,cube_4357,TX,16,16,49.0,51.0,0.5
2026-09-04,cubesmart,cube_4368,MN,8,8,107.0,85.5,0.907
2026-09-04,cubesmart,cube_4371,PA,14,14,83.0,112.0,0.954
2026-09-04,cubesmart,cube_4372,AZ,12,12,82.0,124.0,0.636
2026-09-04,cubesmart,cube_4373,CT,10,10,125.0,184.0,1.066
2026-09-04,cubesmart,cube_4376,GA,10,10,94.0,46.0,0.853
2026-09-04,cubesmart,cube_4378,AL,11,11,112.0,130.0,1.21
2026-09-04,cubesmart,cube_4380,TX,10,10,83.0,90.0,0.493
2026-09-04,cubesmart,cube_4381,NM,2,2,,52.5,
2026-09-04,cubesmart,cube_4382,SC,10,10,60.0,259.5,1.412
2026-09-04,cubesmart,cube_4383,IN,23,23,89.0,106.0,1.133
2026-09-04,cubesmart,cube_4384,IL,25,25,79.0,86.0,1.075
2026-09-04,cubesmart,cube_4385,IL,10,10,109.0,145.0,1.886
2026-09-04,cubesmart,cube_4386,TX,8,8,124.0,126.0,0.336
2026-09-04,cubesmart,cube_4388,FL,14,14,100.0,103.0,1.06
2026-09-04,cubesmart,cube_4389,TX,12,12,120.0,123.5,1.15
2026-09-04,cubesmart,cube_4390,CA,9,9,116.0,164.0,0.771
2026-09-04,cubesmart,cube_4391,NJ,17,17,55.0,55.0,0.865
2026-09-04,cubesmart,cube_4393,TX,5,5,41.0,31.0,0.54
2026-09-04,cubesmart,cube_4398,FL,8,8,,62.0,1.133
2026-09-04,cubesmart,cube_4399,TX,10,10,77.0,92.0,0.898
2026-09-04,cubesmart,cube_4402,FL,12,12,248.0,186.0,2.33
2026-09-04,cubesmart,cube_4403,MD,16,16,103.0,113.5,1.113
2026-09-04,cubesmart,cube_4404,WI,13,13,84.0,121.0,0.447
2026-09-04,cubesmart,cube_4405,FL,18,18,122.0,78.5,1.305
2026-09-04,cubesmart,cube_4408,TN,15,15,75.0,115.0,0.965
2026-09-04,cubesmart,cube_4409,TN,16,16,71.0,149.0,0.905
2026-09-04,cubesmart,cube_4412,OH,14,14,72.0,105.0,0.72
2026-09-04,cubesmart,cube_4413,MI,36,36,82.0,180.5,1.12
2026-09-04,cubesmart,cube_4414,FL,7,7,44.0,89.0,0.465
2026-09-04,cubesmart,cube_4417,NJ,16,16,94.0,167.0,1.587
2026-09-04,cubesmart,cube_4418,NJ,14,14,62.0,70.0,0.833
2026-09-04,cubesmart,cube_4419,NY,11,11,109.0,124.0,1.44
2026-09-04,cubesmart,cube_4421,NV,10,10,56.0,55.5,0.75
2026-09-04,cubesmart,cube_4423,TX,12,12,108.0,65.0,0.97
2026-09-04,cubesmart,cube_4424,NJ,14,14,48.0,43.5,0.68
2026-09-04,cubesmart,cube_4425,MD,13,13,58.0,80.0,0.562
2026-09-04,cubesmart,cube_4428,NC,9,9,80.0,50.0,1.16
2026-09-04,cubesmart,cube_4429,DE,13,13,78.0,65.0,0.929
2026-09-04,cubesmart,cube_4432,AZ,11,11,47.0,58.0,0.603
2026-09-04,cubesmart,cube_4435,VA,9,9,60.0,106.0,1.992
2026-09-04,cubesmart,cube_4436,CT,27,27,41.0,86.0,0.65
2026-09-04,cubesmart,cube_4439,MD,7,7,151.0,209.0,1.393
2026-09-04,cubesmart,cube_4441,CA,13,13,191.0,191.0,2.347
2026-09-04,cubesmart,cube_4442,GA,13,13,52.0,52.0,0.58
2026-09-04,cubesmart,cube_4446,CA,15,15,181.0,209.0,1.36
2026-09-04,cubesmart,cube_4447,CA,15,15,144.0,226.0,1.49
2026-09-04,cubesmart,cube_4448,CA,7,7,105.0,105.0,1.073
2026-09-04,cubesmart,cube_4449,CA,17,17,114.0,110.0,0.965
2026-09-04,cubesmart,cube_4450,CA,16,16,168.0,124.0,1.809
2026-09-04,cubesmart,cube_4451,CA,8,8,180.0,139.5,1.67
2026-09-04,cubesmart,cube_4452,CA,14,14,152.0,118.5,2.04
2026-09-04,cubesmart,cube_4453,CA,16,16,98.0,190.0,1.257
2026-09-04,cubesmart,cube_4454,CA,14,14,72.0,55.0,0.789
2026-09-04,cubesmart,cube_4455,CA,16,16,95.0,80.5,1.194
2026-09-04,cubesmart,cube_4456,CA,15,15,121.0,241.0,1.359
2026-09-04,cubesmart,cube_4457,CA,14,14,134.0,101.5,1.706
2026-09-04,cubesmart,cube_4458,CA,8,8,168.0,172.0,1.28
2026-09-04,cubesmart,cube_4459,CA,13,13,172.0,172.0,1.667
2026-09-04,cubesmart,cube_4460,CA,10,10,114.0,164.0,1.275
2026-09-04,cubesmart,cube_4461,CA,18,18,94.0,120.5,1.235
2026-09-04,cubesmart,cube_4462,CA,11,11,,212.0,1.337
2026-09-04,cubesmart,cube_4463,CA,11,11,,184.0,1.502
2026-09-04,cubesmart,cube_4464,CA,15,15,151.0,165.0,1.468
2026-09-04,cubesmart,cube_4465,CA,12,12,145.0,124.5,1.794
2026-09-04,cubesmart,cube_4466,GA,18,18,84.0,54.0,0.84
2026-09-04,cubesmart,cube_4467,NV,14,14,82.0,119.5,1.073
2026-09-04,cubesmart,cube_4468,CA,14,14,143.0,150.0,1.829
2026-09-04,cubesmart,cube_4469,CA,6,6,,152.5,1.505
2026-09-04,cubesmart,cube_4470,NV,15,15,70.0,118.0,0.96
2026-09-04,cubesmart,cube_4471,NV,12,12,74.0,63.0,0.897
2026-09-04,cubesmart,cube_4472,NV,10,10,79.0,81.0,0.973
2026-09-04,cubesmart,cube_4473,NV,13,13,59.0,53.0,0.82
2026-09-04,cubesmart,cube_4474,NV,9,9,118.0,65.0,0.91
2026-09-04,cubesmart,cube_4475,NV,15,15,63.0,70.0,0.753
2026-09-04,cubesmart,cube_4476,NV,11,11,51.0,59.0,0.613
2026-09-04,cubesmart,cube_4477,NV,11,11,75.0,68.0,1.03
2026-09-04,cubesmart,cube_4478,NV,19,19,86.0,124.0,0.885
2026-09-04,cubesmart,cube_4479,NV,10,10,92.0,107.0,0.933
2026-09-04,cubesmart,cube_4480,NV,10,10,58.0,65.0,0.777
2026-09-04,cubesmart,cube_4481,NV,13,13,75.0,119.0,0.92
2026-09-04,cubesmart,cube_4482,TX,16,16,119.0,148.5,1.093
2026-09-04,cubesmart,cube_4483,TX,12,12,145.0,163.5,1.535
2026-09-04,cubesmart,cube_4484,TX,16,16,101.0,84.0,1.085
2026-09-04,cubesmart,cube_4485,TX,12,12,100.0,105.5,1.098
2026-09-04,cubesmart,cube_4486,TX,12,12,39.0,28.0,0.647
2026-09-04,cubesmart,cube_4487,TX,14,14,148.0,56.5,1.04
2026-09-04,cubesmart,cube_4488,TX,14,14,101.0,140.0,1.08
2026-09-04,cubesmart,cube_4489,AZ,6,6,49.0,77.0,0.516
2026-09-04,cubesmart,cube_4490,AZ,8,8,,176.5,0.724
2026-09-04,cubesmart,cube_4491,AZ,15,15,101.0,158.0,1.01
2026-09-04,cubesmart,cube_4492,AZ,14,14,60.0,42.0,0.697
2026-09-04,cubesmart,cube_4493,AZ,10,10,134.0,202.0,1.24
2026-09-04,cubesmart,cube_4494,AZ,10,10,55.0,62.5,0.704
2026-09-04,cubesmart,cube_4495,AZ,19,19,74.0,92.0,0.8
2026-09-04,cubesmart,cube_4496,AZ,14,14,52.0,86.5,0.571
2026-09-04,cubesmart,cube_4497,AZ,13,13,69.0,83.0,0.622
2026-09-04,cubesmart,cube_4498,AZ,8,8,,43.0,0.777
2026-09-04,cubesmart,cube_4499,AZ,22,22,88.0,172.5,0.995
2026-09-04,cubesmart,cube_4500,AZ,12,12,50.0,57.5,0.778
2026-09-04,cubesmart,cube_4501,AZ,20,20,68.0,32.0,0.7
2026-09-04,cubesmart,cube_4502,AZ,12,12,77.0,88.5,0.683
2026-09-04,cubesmart,cube_4503,AZ,18,18,55.0,51.5,0.76
2026-09-04,cubesmart,cube_4504,AZ,20,20,86.0,91.5,1.018
2026-09-04,cubesmart,cube_4505,AZ,18,18,105.0,127.0,0.72
2026-09-04,cubesmart,cube_4506,NV,19,19,44.0,96.0,0.724
2026-09-04,cubesmart,cube_4511,TX,4,4,,125.5,0.348
2026-09-04,cubesmart,cube_4515,NC,18,18,121.0,131.5,1.086
2026-09-04,cubesmart,cube_4516,IL,13,13,91.0,91.0,1.0
2026-09-04,cubesmart,cube_4517,CT,16,16,150.0,162.5,1.995
2026-09-04,cubesmart,cube_4518,FL,23,23,,121.0,0.596
2026-09-04,cubesmart,cube_4519,GA,8,8,72.0,76.0,0.68
2026-09-04,cubesmart,cube_4520,MS,14,14,,30.5,0.48
2026-09-04,cubesmart,cube_4521,TX,6,6,68.0,78.0,0.577
2026-09-04,cubesmart,cube_4522,MA,9,9,137.0,60.0,1.16
2026-09-04,cubesmart,cube_4523,TX,7,7,45.0,70.0,0.533
2026-09-04,cubesmart,cube_4524,TX,10,10,32.0,39.5,0.31
2026-09-04,cubesmart,cube_4525,TX,6,6,29.0,52.5,0.295
2026-09-04,cubesmart,cube_4527,TX,17,17,73.0,102.0,0.73
2026-09-04,cubesmart,cube_4529,TX,17,17,72.0,49.0,0.896
2026-09-04,cubesmart,cube_4533,PA,15,15,98.0,98.0,1.152
2026-09-04,cubesmart,cube_4534,IL,9,9,118.0,91.0,1.229
2026-09-04,cubesmart,cube_4535,OH,23,23,77.0,95.0,0.794
2026-09-04,cubesmart,cube_4536,FL,11,11,175.0,175.0,2.32
2026-09-04,cubesmart,cube_4537,NJ,27,27,160.0,161.0,1.66
2026-09-04,cubesmart,cube_4538,VA,13,13,156.0,156.0,1.6
2026-09-04,cubesmart,cube_4540,MD,14,14,130.0,171.5,1.16
2026-09-04,cubesmart,cube_4541,FL,24,24,59.0,76.5,0.857
2026-09-04,cubesmart,cube_4542,FL,9,9,130.0,97.0,1.22
2026-09-04,cubesmart,cube_4543,FL,20,20,88.0,68.0,0.738
2026-09-04,cubesmart,cube_4544,TX,4,4,78.0,78.5,0.835
2026-09-04,cubesmart,cube_4546,FL,16,16,63.0,88.0,0.657
2026-09-04,cubesmart,cube_4547,NY,19,19,207.0,233.0,2.24
2026-09-04,cubesmart,cube_4548,MS,29,29,81.0,123.0,0.815
2026-09-04,cubesmart,cube_4549,NJ,11,11,135.0,83.0,1.46
2026-09-04,cubesmart,cube_4551,IL,11,11,73.0,73.0,0.755
2026-09-04,cubesmart,cube_4552,TX,9,9,,64.0,0.493
2026-09-04,cubesmart,cube_4553,CO,10,10,117.0,119.0,1.245
2026-09-04,cubesmart,cube_4554,NY,14,14,302.0,178.0,3.322
2026-09-04,cubesmart,cube_4555,NY,8,8,386.0,209.0,4.645
2026-09-04,cubesmart,cube_4556,NY,9,9,408.0,285.0,3.65
2026-09-04,cubesmart,cube_4558,NY,12,12,215.0,263.0,2.587
2026-09-04,cubesmart,cube_4559,NY,13,13,240.0,211.0,2.647
2026-09-04,cubesmart,cube_4560,NY,13,13,216.0,194.0,2.7
2026-09-04,cubesmart,cube_4561,NY,21,21,311.0,315.0,3.339
2026-09-04,cubesmart,cube_4562,NJ,9,9,99.0,70.0,0.875
2026-09-04,cubesmart,cube_4563,NC,12,12,119.0,81.5,1.425
2026-09-04,cubesmart,cube_4565,LA,18,18,54.0,58.5,0.55
2026-09-04,cubesmart,cube_4566,CA,9,9,,196.0,
2026-09-04,cubesmart,cube_4569,WI,24,24,76.0,76.0,0.892
2026-09-04,cubesmart,cube_4570,WI,23,23,92.0,70.0,0.92
2026-09-04,cubesmart,cube_4572,TN,10,10,77.0,135.0,0.87
2026-09-04,cubesmart,cube_4573,WA,11,11,92.0,61.0,1.564
2026-09-04,cubesmart,cube_4578,TX,4,4,,69.5,0.825
2026-09-04,cubesmart,cube_4579,MO,4,4,,41.0,1.71
2026-09-04,cubesmart,cube_4580,OH,14,14,60.0,55.5,0.797
2026-09-04,cubesmart,cube_4581,MD,9,9,86.0,86.0,1.04
2026-09-04,cubesmart,cube_4582,TX,15,15,88.0,70.0,1.04
2026-09-04,cubesmart,cube_4583,VA,29,29,157.0,164.0,1.6
2026-09-04,cubesmart,cube_4585,RI,7,7,124.0,124.0,1.107
2026-09-04,cubesmart,cube_4586,NY,10,10,130.0,141.5,1.155
2026-09-04,cubesmart,cube_4587,TX,5,5,40.0,75.0,0.493
2026-09-04,cubesmart,cube_4590,TX,6,6,64.0,106.0,0.689
2026-09-04,cubesmart,cube_4593,NY,7,7,196.0,268.0,1.787
2026-09-04,cubesmart,cube_4595,CA,8,8,62.0,72.5,0.499
2026-09-04,cubesmart,cube_4596,FL,13,13,49.0,30.0,0.533
2026-09-04,cubesmart,cube_4597,FL,18,18,75.0,142.5,1.393
2026-09-04,cubesmart,cube_4599,CA,17,17,134.0,95.0,1.49
2026-09-04,cubesmart,cube_4600,MD,6,6,76.0,68.5,0.76
2026-09-04,cubesmart,cube_4601,MD,13,13,73.0,124.0,0.675
2026-09-04,cubesmart,cube_4602,MD,7,7,83.0,125.0,0.775
2026-09-04,cubesmart,cube_4603,MD,5,5,91.0,153.0,0.765
2026-09-04,cubesmart,cube_4604,CT,7,7,,98.0,0.714
2026-09-04,cubesmart,cube_4605,FL,19,19,65.0,69.0,0.938
2026-09-04,cubesmart,cube_4606,AR,6,6,29.0,46.0,0.355
2026-09-04,cubesmart,cube_4613,TN,17,17,60.0,94.0,0.623
2026-09-04,cubesmart,cube_4614,TX,16,16,63.0,62.0,1.0
2026-09-04,cubesmart,cube_4617,IL,25,25,79.0,87.0,0.745
2026-09-04,cubesmart,cube_4618,FL,21,21,68.0,92.0,0.7
2026-09-04,cubesmart,cube_4620,VA,14,14,,24.0,0.451
2026-09-04,cubesmart,cube_4621,FL,15,15,49.0,52.0,0.57
2026-09-04,cubesmart,cube_4623,MA,3,3,256.0,211.0,2.56
2026-09-04,cubesmart,cube_4624,CO,8,8,79.0,76.0,0.738
2026-09-04,cubesmart,cube_4627,FL,22,22,65.0,65.5,0.65
2026-09-04,cubesmart,cube_4628,FL,14,14,42.0,63.0,0.55
2026-09-04,cubesmart,cube_4629,AL,16,16,120.0,185.5,1.013
2026-09-04,cubesmart,cube_4630,AL,5,5,37.0,90.0,0.6
2026-09-04,cubesmart,cube_4631,MI,18,18,121.0,98.0,0.889
2026-09-04,cubesmart,cube_4632,AL,15,15,38.0,38.0,0.51
2026-09-04,cubesmart,cube_4633,FL,18,18,65.0,81.0,0.735
2026-09-04,cubesmart,cube_4634,TX,15,15,78.0,70.0,0.84
2026-09-04,cubesmart,cube_4635,MI,10,10,71.0,88.5,0.749
2026-09-04,cubesmart,cube_4636,MI,25,25,107.0,116.0,1.07
2026-09-04,cubesmart,cube_4637,PA,9,9,81.0,81.0,0.812
2026-09-04,cubesmart,cube_4638,FL,16,16,75.0,108.5,0.78
2026-09-04,cubesmart,cube_4639,CO,13,13,52.0,163.0,0.847
2026-09-04,cubesmart,cube_4640,MI,10,10,71.0,87.5,0.86
2026-09-04,cubesmart,cube_4642,FL,11,11,103.0,65.0,1.147
2026-09-04,cubesmart,cube_4645,TX,9,9,44.0,46.0,0.442
2026-09-04,cubesmart,cube_4646,TX,8,8,61.0,67.5,0.459
2026-09-04,cubesmart,cube_4647,TX,3,3,,52.0,0.323
2026-09-04,cubesmart,cube_4648,TX,5,5,48.0,48.0,0.48
2026-09-04,cubesmart,cube_4649,TX,9,9,103.0,140.0,0.835
2026-09-04,cubesmart,cube_4651,SC,9,9,44.0,128.0,0.85
2026-09-04,cubesmart,cube_4652,OH,19,19,60.0,39.0,0.6
2026-09-04,cubesmart,cube_4653,NY,11,11,214.0,214.0,2.189
2026-09-04,cubesmart,cube_4655,MI,9,9,143.0,56.0,1.192
2026-09-04,cubesmart,cube_4656,DE,22,22,48.0,37.0,0.616
2026-09-04,cubesmart,cube_4657,MD,12,12,125.0,119.5,1.4
2026-09-04,cubesmart,cube_4659,OH,7,7,77.0,43.0,0.86
2026-09-04,cubesmart,cube_4660,MA,28,28,101.0,163.0,1.025
2026-09-04,cubesmart,cube_4663,SC,13,13,55.0,55.0,0.613
2026-09-04,cubesmart,cube_4664,NM,4,4,202.0,158.5,2.08
2026-09-04,cubesmart,cube_4666,TX,7,7,,25.0,0.64
2026-09-04,cubesmart,cube_4667,AZ,9,9,83.0,110.0,1.1
2026-09-04,cubesmart,cube_4668,TN,29,29,,26.0,0.389
2026-09-04,cubesmart,cube_4670,FL,9,9,81.0,81.0,0.827
2026-09-04,cubesmart,cube_4671,IL,16,16,145.0,92.5,1.255
2026-09-04,cubesmart,cube_4672,NY,6,6,,96.0,1.92
2026-09-04,cubesmart,cube_4674,IN,5,5,101.0,86.0,1.103
2026-09-04,cubesmart,cube_4675,IN,3,3,70.0,70.0,0.7
2026-09-04,cubesmart,cube_4679,MD,0,0,,,
2026-09-04,cubesmart,cube_4680,TX,10,10,60.0,45.0,0.66
2026-09-04,cubesmart,cube_4681,NV,10,10,73.0,63.0,1.06
2026-09-04,cubesmart,cube_4683,OH,9,9,53.0,53.0,0.653
2026-09-04,cubesmart,cube_4684,IL,17,17,101.0,111.0,1.009
2026-09-04,cubesmart,cube_4685,LA,9,9,27.0,67.0,0.31
2026-09-04,cubesmart,cube_4687,AL,23,23,86.0,32.0,0.707
2026-09-04,cubesmart,cube_4689,FL,9,9,124.0,204.0,1.24
2026-09-04,cubesmart,cube_4692,LA,6,6,94.0,107.0,0.98
2026-09-04,cubesmart,cube_4698,NC,7,7,57.0,36.0,0.48
2026-09-04,cubesmart,cube_4699,NY,14,14,275.0,126.5,2.557
2026-09-04,cubesmart,cube_4701,FL,19,19,40.0,57.0,0.53
2026-09-04,cubesmart,cube_4703,VA,1,1,,224.0,
2026-09-04,cubesmart,cube_4704,RI,10,10,96.0,181.5,1.185
2026-09-04,cubesmart,cube_4705,OH,16,16,87.0,124.5,1.319
2026-09-04,cubesmart,cube_4706,MI,21,21,83.0,77.0,0.825
2026-09-04,cubesmart,cube_4712,KS,7,7,177.0,118.0,1.573
2026-09-04,cubesmart,cube_4719,WI,14,14,92.0,101.0,0.919
2026-09-04,cubesmart,cube_4729,TX,15,15,92.0,101.0,0.915
2026-09-04,cubesmart,cube_4731,RI,11,11,206.0,86.0,1.733
2026-09-04,cubesmart,cube_4732,IL,10,10,48.0,94.5,0.6
2026-09-04,cubesmart,cube_4733,GA,17,17,75.0,86.0,0.807
2026-09-04,cubesmart,cube_4734,FL,8,8,139.0,132.0,1.625
2026-09-04,cubesmart,cube_4735,NM,4,4,,65.5,1.54
2026-09-04,cubesmart,cube_4736,CA,11,11,77.0,43.0,0.751
2026-09-04,cubesmart,cube_4738,VA,5,5,,62.0,1.22
2026-09-04,cubesmart,cube_4739,WI,6,6,,192.0,0.863
2026-09-04,cubesmart,cube_4740,WI,10,10,96.0,109.0,0.777
2026-09-04,cubesmart,cube_4741,WI,6,6,89.0,92.0,0.633
2026-09-04,cubesmart,cube_4742,WI,6,6,84.0,115.5,0.721
2026-09-04,cubesmart,cube_4743,MD,11,11,109.0,132.0,1.09
2026-09-04,cubesmart,cube_4744,WA,12,12,116.0,111.5,1.347
2026-09-04,cubesmart,cube_4747,PA,9,9,46.0,46.0,0.96
2026-09-04,cubesmart,cube_4748,IL,9,9,89.0,89.0,0.907
2026-09-04,cubesmart,cube_4752,NY,24,24,91.0,62.0,1.191
2026-09-04,cubesmart,cube_4753,FL,8,8,182.0,203.5,1.84
2026-09-04,cubesmart,cube_4754,MI,18,18,59.0,55.5,0.775
2026-09-04,cubesmart,cube_4755,FL,10,10,43.0,85.5,0.51
2026-09-04,cubesmart,cube_4756,NM,4,4,69.0,32.5,0.685
2026-09-04,cubesmart,cube_4758,LA,6,6,31.0,73.0,0.427
2026-09-04,cubesmart,cube_4759,ME,6,6,86.0,88.5,0.733
2026-09-04,cubesmart,cube_4760,ME,7,7,85.0,85.0,0.797
2026-09-04,cubesmart,cube_4762,FL,20,20,138.0,210.5,1.326
2026-09-04,cubesmart,cube_4763,FL,11,11,108.0,132.0,1.32
2026-09-04,cubesmart,cube_4766,AL,19,19,23.0,23.0,0.25
2026-09-04,cubesmart,cube_4767,KY,15,15,63.0,115.0,0.982
2026-09-04,cubesmart,cube_4769,WA,19,19,79.0,112.0,1.0
2026-09-04,cubesmart,cube_4770,FL,34,34,54.0,59.0,0.631
2026-09-04,cubesmart,cube_4771,NJ,12,12,31.0,30.5,0.56
2026-09-04,cubesmart,cube_4773,IA,13,13,82.0,82.0,1.01
2026-09-04,cubesmart,cube_4774,FL,20,20,78.0,107.5,0.888
2026-09-04,cubesmart,cube_4776,MD,15,15,304.0,154.0,3.04
2026-09-04,cubesmart,cube_4777,PA,12,12,88.0,68.0,1.06
2026-09-04,cubesmart,cube_4778,ME,7,7,79.0,79.0,0.605
2026-09-04,cubesmart,cube_4779,TX,9,9,91.0,134.0,0.805
2026-09-04,cubesmart,cube_4780,TX,12,12,112.0,175.0,0.716
2026-09-04,cubesmart,cube_4781,VT,3,3,200.0,200.0,2.0
2026-09-04,cubesmart,cube_4782,TX,7,7,40.0,59.0,0.379
2026-09-04,cubesmart,cube_4783,FL,19,19,154.0,163.0,1.597
2026-09-04,cubesmart,cube_4784,TX,5,5,46.0,46.0,0.412
2026-09-04,cubesmart,cube_4785,TX,8,8,61.0,62.5,0.61
2026-09-04,cubesmart,cube_4786,TX,4,4,,108.0,0.613
2026-09-04,cubesmart,cube_4788,NY,11,11,97.0,106.0,0.995
2026-09-04,cubesmart,cube_4789,TX,7,7,,82.0,0.567
2026-09-04,cubesmart,cube_4790,CT,10,10,85.0,118.0,0.84
2026-09-04,cubesmart,cube_4793,ME,2,2,,95.0,1.123
2026-09-04,cubesmart,cube_4794,TN,22,22,79.0,87.0,0.943
2026-09-04,cubesmart,cube_4796,IN,12,12,,63.0,0.925
2026-09-04,cubesmart,cube_4800,TX,8,8,41.0,94.5,0.508
2026-09-04,cubesmart,cube_4801,AL,17,17,37.0,37.0,0.47
2026-09-04,cubesmart,cube_4802,NC,13,13,62.0,76.0,0.7
2026-09-04,cubesmart,cube_4803,NY,15,15,107.0,126.0,0.952
2026-09-04,cubesmart,cube_4805,TX,11,11,97.0,97.0,1.04
2026-09-04,cubesmart,cube_4806,TX,6,6,61.0,64.5,0.893
2026-09-04,cubesmart,cube_4807,AZ,5,5,55.0,98.0,0.653
2026-09-04,cubesmart,cube_4808,AZ,5,5,58.0,58.0,0.655
2026-09-04,cubesmart,cube_4809,AZ,9,9,110.0,59.0,1.013
2026-09-04,cubesmart,cube_4812,PA,13,13,94.0,124.0,0.86
2026-09-04,cubesmart,cube_4815,NC,17,17,44.0,33.0,0.53
2026-09-04,cubesmart,cube_4816,MA,18,18,56.0,57.5,0.677
2026-09-04,cubesmart,cube_4817,SC,10,10,68.0,67.0,0.712
2026-09-04,cubesmart,cube_4819,NM,18,18,50.0,81.5,0.645
2026-09-04,cubesmart,cube_4820,TX,13,13,60.0,59.0,0.662
2026-09-04,cubesmart,cube_4821,NY,38,38,69.0,101.0,1.085
2026-09-04,cubesmart,cube_4822,MD,10,10,124.0,112.5,1.44
2026-09-04,cubesmart,cube_4823,CA,15,15,38.0,35.0,0.505
2026-09-04,cubesmart,cube_4824,PA,7,7,,119.0,0.992
2026-09-04,cubesmart,cube_4825,RI,9,9,93.0,104.0,0.8
2026-09-04,cubesmart,cube_4826,AZ,14,14,47.0,49.5,0.55
2026-09-04,cubesmart,cube_4828,IL,14,14,92.0,72.5,1.073
2026-09-04,cubesmart,cube_4834,NM,19,19,47.0,41.0,0.66
2026-09-04,cubesmart,cube_4836,FL,18,18,75.0,77.5,0.994
2026-09-04,cubesmart,cube_4837,NC,11,11,86.0,108.0,1.17
2026-09-04,cubesmart,cube_4838,TX,6,6,62.0,88.5,0.493
2026-09-04,cubesmart,cube_4843,NC,13,13,80.0,81.0,0.8
2026-09-04,cubesmart,cube_4844,GA,7,7,37.0,39.0,0.482
2026-09-04,cubesmart,cube_4845,NY,11,11,,178.0,2.394
2026-09-04,cubesmart,cube_4847,FL,9,9,113.0,113.0,1.06
2026-09-04,cubesmart,cube_4854,FL,8,8,155.0,84.5,1.525
2026-09-04,cubesmart,cube_4855,VA,18,18,73.0,93.0,0.667
2026-09-04,cubesmart,cube_4859,NJ,11,11,95.0,111.0,0.95
2026-09-04,cubesmart,cube_4861,FL,21,21,43.0,67.0,0.6
2026-09-04,cubesmart,cube_4862,MO,30,30,40.0,41.0,0.406
2026-09-04,cubesmart,cube_4863,GA,14,14,50.0,55.0,0.643
2026-09-04,cubesmart,cube_4864,GA,13,13,83.0,52.0,1.04
2026-09-04,cubesmart,cube_4865,CO,10,10,85.0,66.5,0.852
2026-09-04,cubesmart,cube_4866,MA,16,16,115.0,115.5,1.195
2026-09-04,cubesmart,cube_4867,PA,39,39,73.0,90.0,0.8
2026-09-04,cubesmart,cube_4869,NC,9,9,50.0,50.0,0.66
2026-09-04,cubesmart,cube_4870,TX,14,14,75.0,123.0,0.947
2026-09-04,cubesmart,cube_4871,FL,20,20,62.0,141.0,0.821
2026-09-04,cubesmart,cube_4873,NM,6,6,71.0,54.0,0.79
2026-09-04,cubesmart,cube_4875,OK,14,14,23.0,50.0,0.263
2026-09-04,cubesmart,cube_4876,MI,15,15,71.0,71.0,0.657
2026-09-04,cubesmart,cube_4877,WA,13,13,118.0,193.0,1.34
2026-09-04,cubesmart,cube_4878,SC,13,13,120.0,74.0,1.34
2026-09-04,cubesmart,cube_4879,NJ,16,16,67.0,76.5,1.04
2026-09-04,cubesmart,cube_4881,TX,9,9,46.0,51.0,0.462
2026-09-04,cubesmart,cube_4883,CT,15,15,93.0,140.0,0.932
2026-09-04,cubesmart,cube_4884,CT,12,12,62.0,119.0,0.843
2026-09-04,cubesmart,cube_4888,IL,12,12,110.0,178.5,1.329
2026-09-04,cubesmart,cube_4889,TX,5,5,,147.0,0.396
2026-09-04,cubesmart,cube_4890,OH,12,12,73.0,96.0,0.937
2026-09-04,cubesmart,cube_4891,NY,21,21,139.0,139.0,1.437
2026-09-04,cubesmart,cube_4892,OH,13,13,59.0,59.0,0.59
2026-09-04,cubesmart,cube_4893,OH,12,12,75.0,54.5,0.719
2026-09-04,cubesmart,cube_4894,OH,11,11,67.0,62.0,0.778
2026-09-04,cubesmart,cube_4895,TX,16,16,29.0,26.0,0.31
2026-09-04,cubesmart,cube_4896,TX,3,3,,702.0,1.025
2026-09-04,cubesmart,cube_4897,TX,5,5,,83.0,0.567
2026-09-04,cubesmart,cube_4898,CO,5,5,,157.0,0.981
2026-09-04,cubesmart,cube_4899,OH,11,11,94.0,116.0,1.235
2026-09-04,cubesmart,cube_4900,OH,11,11,144.0,144.0,0.852
2026-09-04,cubesmart,cube_4901,OH,8,8,,107.0,0.615
2026-09-04,cubesmart,cube_4902,OH,5,5,76.0,76.0,0.76
2026-09-04,cubesmart,cube_4903,OH,6,6,,73.5,0.777
2026-09-04,cubesmart,cube_4904,NY,10,10,203.0,182.0,2.147
2026-09-04,cubesmart,cube_4905,OH,11,11,59.0,33.0,0.847
2026-09-04,cubesmart,cube_4906,OH,11,11,88.0,88.0,0.88
2026-09-04,cubesmart,cube_4907,OH,8,8,40.0,32.0,0.4
2026-09-04,cubesmart,cube_4908,CO,6,6,65.0,68.0,0.64
2026-09-04,cubesmart,cube_4909,OH,7,7,72.0,72.0,0.682
2026-09-04,cubesmart,cube_4910,TX,9,9,63.0,63.0,0.625
2026-09-04,cubesmart,cube_4911,TX,13,13,52.0,52.0,0.567
2026-09-04,cubesmart,cube_4912,TX,9,9,57.0,76.0,0.55
2026-09-04,cubesmart,cube_4913,OH,4,4,,109.0,0.83
2026-09-04,cubesmart,cube_4914,NV,8,8,57.0,76.5,0.525
2026-09-04,cubesmart,cube_4915,TX,9,9,67.0,91.0,0.621
2026-09-04,cubesmart,cube_4916,TX,18,18,25.0,33.0,0.353
2026-09-04,cubesmart,cube_4917,TX,9,9,67.0,77.0,0.785
2026-09-04,cubesmart,cube_4918,TX,27,27,43.0,43.0,0.453
2026-09-04,cubesmart,cube_4919,TX,14,14,40.0,39.5,0.564
2026-09-04,cubesmart,cube_4920,OH,12,12,104.0,104.0,1.007
2026-09-04,cubesmart,cube_4921,MD,15,15,111.0,111.0,1.453
2026-09-04,cubesmart,cube_4922,TX,4,4,,67.5,0.299
2026-09-04,cubesmart,cube_4923,TX,3,3,,47.0,0.625
2026-09-04,cubesmart,cube_4924,NJ,13,13,239.0,89.0,1.8
2026-09-04,cubesmart,cube_4925,FL,16,16,77.0,79.5,0.9
2026-09-04,cubesmart,cube_4926,WI,3,3,86.0,95.0,0.475
2026-09-04,cubesmart,cube_4927,MI,16,16,96.0,135.0,0.978
2026-09-04,cubesmart,cube_4928,NY,26,26,104.0,100.0,1.003
2026-09-04,cubesmart,cube_4929,TN,10,10,65.0,79.0,0.951
2026-09-04,cubesmart,cube_4930,TX,10,10,82.0,164.5,0.564
2026-09-04,cubesmart,cube_4931,LA,15,15,114.0,130.0,1.187
2026-09-04,cubesmart,cube_4932,FL,11,11,125.0,125.0,1.44
2026-09-04,cubesmart,cube_4933,PA,11,11,83.0,83.0,0.933
2026-09-04,cubesmart,cube_4934,TX,6,6,,32.0,0.642
2026-09-04,cubesmart,cube_4935,TX,10,10,52.0,63.5,0.461
2026-09-04,cubesmart,cube_4936,TX,16,16,,180.0,1.128
2026-09-04,cubesmart,cube_4937,IL,12,12,126.0,102.0,1.04
2026-09-04,cubesmart,cube_4939,MA,11,11,97.0,60.0,1.0
2026-09-04,cubesmart,cube_4940,NY,21,21,,56.0,1.5
2026-09-04,cubesmart,cube_4941,NJ,18,18,79.0,95.5,1.267
2026-09-04,cubesmart,cube_4942,NJ,13,13,183.0,183.0,1.54
2026-09-04,cubesmart,cube_4946,CA,8,8,80.0,93.5,0.647
2026-09-04,cubesmart,cube_4947,NC,19,19,74.0,74.0,0.9
2026-09-04,cubesmart,cube_4948,AL,5,5,72.0,88.0,0.455
2026-09-04,cubesmart,cube_4949,AL,5,5,64.0,71.0,0.355
2026-09-04,cubesmart,cube_4950,FL,11,11,166.0,198.0,2.0
2026-09-04,cubesmart,cube_4951,FL,14,14,75.0,95.0,0.96
2026-09-04,cubesmart,cube_4952,CA,7,7,,161.0,0.537
2026-09-04,cubesmart,cube_4953,FL,21,21,119.0,104.0,1.343
2026-09-04,cubesmart,cube_4954,KS,14,14,37.0,24.5,0.397
2026-09-04,cubesmart,cube_4955,MA,10,10,137.0,132.0,1.226
2026-09-04,cubesmart,cube_4956,FL,28,28,89.0,64.5,1.2
2026-09-04,cubesmart,cube_4957,FL,16,16,105.0,100.5,1.205
2026-09-04,cubesmart,cube_4958,AR,15,15,41.0,51.0,0.322
2026-09-04,cubesmart,cube_4959,MA,37,37,60.0,71.0,0.705
2026-09-04,cubesmart,cube_4960,TX,10,10,37.0,56.0,0.37
2026-09-04,cubesmart,cube_4961,NC,13,13,38.0,38.0,0.507
2026-09-04,cubesmart,cube_4962,NC,15,15,50.0,79.0,0.648
2026-09-04,cubesmart,cube_4963,NY,17,17,116.0,148.0,1.14
2026-09-04,cubesmart,cube_4964,GA,31,31,75.0,80.0,0.91
2026-09-04,cubesmart,cube_4965,NH,19,19,84.0,84.0,0.867
2026-09-04,cubesmart,cube_4966,FL,19,19,54.0,54.0,0.667
2026-09-04,cubesmart,cube_4967,AL,7,7,50.0,81.0,0.453
2026-09-04,cubesmart,cube_4969,TX,12,12,58.0,47.0,0.875
2026-09-04,cubesmart,cube_4970,PA,20,20,73.0,77.5,0.801
2026-09-04,cubesmart,cube_4972,MA,19,19,91.0,81.0,0.91
2026-09-04,cubesmart,cube_4973,FL,17,17,98.0,112.0,1.28
2026-09-04,cubesmart,cube_4974,MA,11,11,75.0,101.0,0.88
2026-09-04,cubesmart,cube_4976,TX,18,18,65.0,64.0,0.698
2026-09-04,cubesmart,cube_4978,FL,20,20,34.0,66.5,0.391
2026-09-04,cubesmart,cube_4980,MI,11,11,134.0,156.0,1.3
2026-09-04,cubesmart,cube_4981,MI,28,28,105.0,125.5,1.121
2026-09-04,cubesmart,cube_4982,OH,9,9,36.0,23.0,0.48
2026-09-04,cubesmart,cube_4984,AZ,18,18,51.0,49.0,0.6
2026-09-04,cubesmart,cube_4985,FL,36,36,34.0,35.5,0.44
2026-09-04,cubesmart,cube_4986,IL,23,23,95.0,141.0,1.003
2026-09-04,cubesmart,cube_4987,GA,22,22,78.0,104.0,0.852
2026-09-04,cubesmart,cube_4988,AR,7,7,54.0,65.0,0.433
2026-09-04,cubesmart,cube_4989,AZ,21,21,72.0,87.0,0.725
2026-09-04,cubesmart,cube_4990,NJ,16,16,75.0,38.5,0.6
2026-09-04,cubesmart,cube_4991,MA,18,18,82.0,93.5,0.603
2026-09-04,cubesmart,cube_4992,CO,13,13,200.0,200.0,1.808
2026-09-04,cubesmart,cube_4993,VA,7,7,88.0,67.0,0.96
2026-09-04,cubesmart,cube_4994,NJ,10,10,42.0,66.0,0.42
2026-09-04,cubesmart,cube_4995,IN,22,22,103.0,114.5,1.007
2026-09-04,cubesmart,cube_4997,ME,26,26,59.0,62.0,0.794
2026-09-04,cubesmart,cube_5000,FL,13,13,33.0,33.0,0.458
2026-09-04,cubesmart,cube_5003,LA,17,17,71.0,71.0,0.765
2026-09-04,cubesmart,cube_5004,TX,13,13,78.0,53.0,0.725
2026-09-04,cubesmart,cube_5005,FL,17,17,51.0,120.0,0.67
2026-09-04,cubesmart,cube_5006,CA,6,6,139.0,152.5,1.05
2026-09-04,cubesmart,cube_5007,MD,11,11,77.0,77.0,0.77
2026-09-04,cubesmart,cube_5008,OH,20,20,52.0,65.5,0.574
2026-09-04,cubesmart,cube_5011,MI,40,40,69.0,68.0,0.786
2026-09-04,cubesmart,cube_5012,SC,15,15,42.0,41.0,0.52
2026-09-04,cubesmart,cube_5013,AR,13,13,50.0,49.0,0.562
2026-09-04,cubesmart,cube_5014,FL,23,23,28.0,28.0,0.38
2026-09-04,cubesmart,cube_5015,MA,12,12,61.0,53.5,0.606
2026-09-04,cubesmart,cube_5017,TX,4,4,62.0,49.5,0.62
2026-09-04,cubesmart,cube_5018,OR,12,12,86.0,97.5,0.99
2026-09-04,cubesmart,cube_5019,PA,12,12,81.0,78.5,0.95
2026-09-04,cubesmart,cube_5020,CT,20,20,100.0,61.0,1.335
2026-09-04,cubesmart,cube_5021,MI,29,29,92.0,118.0,0.894
2026-09-04,cubesmart,cube_5022,TX,14,14,86.0,93.5,0.88
2026-09-04,cubesmart,cube_5023,TX,24,24,30.0,38.0,0.54
2026-09-04,cubesmart,cube_5024,TX,11,11,75.0,79.0,0.807
2026-09-04,cubesmart,cube_5025,TX,10,10,63.0,83.0,0.63
2026-09-04,cubesmart,cube_5026,TX,12,12,64.0,65.5,0.81
2026-09-04,cubesmart,cube_5027,TX,13,13,46.0,76.0,0.64
2026-09-04,cubesmart,cube_5028,TX,13,13,80.0,80.0,0.872
2026-09-04,cubesmart,cube_5029,TX,10,10,163.0,167.5,1.373
2026-09-04,cubesmart,cube_5030,TX,12,12,57.0,68.0,0.732
2026-09-04,cubesmart,cube_5031,TX,11,11,44.0,37.0,0.562
2026-09-04,cubesmart,cube_5032,TX,8,8,109.0,117.0,1.07
2026-09-04,cubesmart,cube_5033,IL,15,15,101.0,118.0,1.03
2026-09-04,cubesmart,cube_5034,AR,17,17,28.0,42.0,0.328
2026-09-04,cubesmart,cube_5036,MI,4,4,71.0,43.0,0.86
2026-09-04,cubesmart,cube_5039,AR,13,13,119.0,128.0,1.46
2026-09-04,cubesmart,cube_5040,FL,15,15,65.0,71.0,0.715
2026-09-04,cubesmart,cube_5041,VA,34,34,197.0,201.0,1.638
2026-09-04,cubesmart,cube_5042,CA,33,33,121.0,142.0,1.364
2026-09-04,cubesmart,cube_5043,NC,26,26,61.0,107.0,0.87
2026-09-04,cubesmart,cube_5044,TN,29,29,107.0,122.0,1.07
2026-09-04,cubesmart,cube_5045,NY,14,14,71.0,105.5,1.085
2026-09-04,cubesmart,cube_5046,OH,17,17,102.0,113.0,0.9
2026-09-04,cubesmart,cube_5047,NY,0,0,,,
2026-09-04,cubesmart,cube_5048,NC,14,14,89.0,154.5,0.888
2026-09-04,cubesmart,cube_5049,FL,16,16,83.0,89.0,0.887
2026-09-04,cubesmart,cube_5050,MA,16,16,60.0,60.0,1.022
2026-09-04,cubesmart,cube_5051,IN,4,4,63.0,70.5,0.55
2026-09-04,cubesmart,cube_5052,IN,17,17,64.0,89.0,0.615
2026-09-04,cubesmart,cube_5053,DE,3,3,80.0,80.0,0.8
2026-09-04,cubesmart,cube_5054,PA,5,5,114.0,150.0,0.682
2026-09-04,cubesmart,cube_5055,IN,5,5,73.0,73.0,0.672
2026-09-04,cubesmart,cube_5056,IL,5,5,60.0,77.0,0.587
2026-09-04,cubesmart,cube_5057,PA,6,6,114.0,106.0,1.223
2026-09-04,cubesmart,cube_5058,PA,4,4,99.0,115.5,0.825
2026-09-04,cubesmart,cube_5059,PA,4,4,94.0,97.5,0.825
2026-09-04,cubesmart,cube_5060,IN,8,8,55.0,61.0,0.543
2026-09-04,cubesmart,cube_5061,IN,9,9,50.0,71.0,0.473
2026-09-04,cubesmart,cube_5062,PA,4,4,123.0,128.5,1.062
2026-09-04,cubesmart,cube_5063,IN,2,2,,61.0,0.65
2026-09-04,cubesmart,cube_5064,IN,7,7,57.0,96.0,0.58
2026-09-04,cubesmart,cube_5065,IL,5,5,111.0,167.0,1.11
2026-09-04,cubesmart,cube_5066,VA,14,14,73.0,66.0,0.9
2026-09-04,cubesmart,cube_5067,NY,21,21,156.0,95.0,1.56
2026-09-04,cubesmart,cube_5068,GA,18,18,51.0,53.5,0.56
2026-09-04,cubesmart,cube_5069,NY,15,15,511.0,122.0,3.76
2026-09-04,cubesmart,cube_5070,FL,19,19,61.0,61.0,0.66
2026-09-04,cubesmart,cube_5071,NY,10,10,347.0,129.0,3.278
2026-09-04,cubesmart,cube_5072,IL,3,3,67.0,98.0,0.67
2026-09-04,cubesmart,cube_5073,MI,12,12,60.0,54.5,0.64
2026-09-04,cubesmart,cube_5074,MD,19,19,107.0,64.0,1.07
2026-09-04,cubesmart,cube_5075,NJ,9,9,37.0,37.0,0.56
2026-09-04,cubesmart,cube_5076,CA,8,8,,166.0,0.926
2026-09-04,cubesmart,cube_5077,WA,18,18,101.0,95.0,1.834
2026-09-04,cubesmart,cube_5078,SC,0,0,,,
2026-09-04,cubesmart,cube_5080,AR,12,12,52.0,79.5,0.497
2026-09-04,cubesmart,cube_5081,TX,9,9,62.0,80.0,0.807
2026-09-04,cubesmart,cube_5082,AZ,27,27,62.0,67.0,0.646
2026-09-04,cubesmart,cube_5083,TX,15,15,49.0,150.0,0.626
2026-09-04,cubesmart,cube_5084,AZ,7,7,28.0,21.0,0.389
2026-09-04,cubesmart,cube_5085,CT,7,7,,78.0,0.637
2026-09-04,cubesmart,cube_5086,AR,10,10,47.0,58.5,0.353
2026-09-04,cubesmart,cube_5087,AR,11,11,71.0,119.0,0.571
2026-09-04,cubesmart,cube_5088,TX,17,17,33.0,37.0,0.327
2026-09-04,cubesmart,cube_5089,FL,19,19,59.0,106.0,0.72
2026-09-04,cubesmart,cube_5090,FL,20,20,101.0,87.5,1.176
2026-09-04,cubesmart,cube_5091,NY,7,7,,90.0,0.725
2026-09-04,cubesmart,cube_5092,FL,0,0,,,
2026-09-04,cubesmart,cube_5093,NV,29,29,77.0,96.0,0.8
2026-09-04,cubesmart,cube_5094,FL,24,24,83.0,115.0,1.15
2026-09-04,cubesmart,cube_5095,NY,18,18,214.0,193.5,2.347
2026-09-04,cubesmart,cube_5096,CA,12,12,109.0,107.0,1.04
2026-09-04,cubesmart,cube_5097,CA,6,6,107.0,91.0,1.272
2026-09-04,cubesmart,cube_5098,CA,5,5,,86.0,1.82
2026-09-04,cubesmart,cube_5099,TX,9,9,60.0,60.0,0.52
2026-09-04,cubesmart,cube_5100,NY,39,39,257.0,273.0,2.262
2026-09-04,cubesmart,cube_5101,CA,7,7,,155.0,1.78
2026-09-04,cubesmart,cube_5102,TX,18,18,64.0,91.0,0.64
2026-09-04,cubesmart,cube_5103,FL,38,38,47.0,74.0,0.66
2026-09-04,cubesmart,cube_5104,KY,12,12,65.0,70.0,0.645
2026-09-04,cubesmart,cube_5106,MA,12,12,89.0,109.0,0.89
2026-09-04,cubesmart,cube_5107,VA,23,23,89.0,106.0,0.89
2026-09-04,cubesmart,cube_5109,MI,7,7,85.0,90.0,0.9
2026-09-04,cubesmart,cube_5110,MA,18,18,74.0,104.0,0.637
2026-09-04,cubesmart,cube_5111,IL,10,10,105.0,138.0,1.035
2026-09-04,cubesmart,cube_5112,KY,8,8,101.0,116.5,0.68
2026-09-04,cubesmart,cube_5113,KY,12,12,88.0,95.0,1.04
2026-09-04,cubesmart,cube_5114,KY,8,8,88.0,84.0,0.855
2026-09-04,cubesmart,cube_5115,KY,13,13,92.0,115.0,0.979
2026-09-04,cubesmart,cube_5116,MA,15,15,74.0,91.0,0.964
2026-09-04,cubesmart,cube_5117,PA,13,13,46.0,41.0,0.577
2026-09-04,cubesmart,cube_5119,VA,10,10,82.0,77.5,1.104
2026-09-04,cubesmart,cube_5120,VA,17,17,46.0,59.0,0.6
2026-09-04,cubesmart,cube_5122,IL,16,16,82.0,91.0,0.995
2026-09-04,cubesmart,cube_5123,NC,19,19,108.0,138.0,0.893
2026-09-04,cubesmart,cube_5124,VA,9,9,79.0,79.0,0.795
2026-09-04,cubesmart,cube_5125,TX,17,17,41.0,80.0,0.55
2026-09-04,cubesmart,cube_5126,IL,11,11,56.0,105.0,0.6
2026-09-04,cubesmart,cube_5127,FL,13,13,76.0,52.0,0.68
2026-09-04,cubesmart,cube_5128,MA,31,31,313.0,349.0,2.628
2026-09-04,cubesmart,cube_5129,NJ,6,6,102.0,110.0,0.85
2026-09-04,cubesmart,cube_5130,FL,28,28,72.0,101.0,0.813
2026-09-04,cubesmart,cube_5131,AR,6,6,43.0,54.0,0.625
2026-09-04,cubesmart,cube_5132,TX,16,16,43.0,55.5,0.38
2026-09-04,cubesmart,cube_5133,TX,6,6,126.0,166.0,0.964
2026-09-04,cubesmart,cube_5134,MD,15,15,118.0,107.0,1.64
2026-09-04,cubesmart,cube_5138,TX,7,7,49.0,61.0,0.553
2026-09-04,cubesmart,cube_5139,TX,14,14,34.0,50.0,0.282
2026-09-04,cubesmart,cube_5142,TX,10,10,138.0,100.5,1.42
2026-09-04,cubesmart,cube_5143,TX,8,8,71.0,143.0,0.84
2026-09-04,cubesmart,cube_5144,CT,24,24,79.0,76.5,0.868
2026-09-04,cubesmart,cube_5145,TX,13,13,71.0,80.0,0.935
2026-09-04,cubesmart,cube_5146,TX,12,12,110.0,122.0,1.117
2026-09-04,cubesmart,cube_5147,TX,14,14,84.0,143.0,0.85
2026-09-04,cubesmart,cube_5148,TX,10,10,96.0,123.5,0.94
2026-09-04,cubesmart,cube_5149,TX,17,17,77.0,113.0,0.97
2026-09-04,cubesmart,cube_5150,TX,19,19,77.0,80.0,0.96
2026-09-04,cubesmart,cube_5151,NM,3,3,,64.0,1.283
2026-09-04,cubesmart,cube_5152,CO,16,16,91.0,86.5,1.02
2026-09-04,cubesmart,cube_5153,VA,19,19,60.0,88.0,0.631
2026-09-04,cubesmart,cube_5154,FL,25,25,127.0,149.0,1.228
2026-09-04,cubesmart,cube_5155,CO,16,16,116.0,98.0,1.52
2026-09-04,cubesmart,cube_5156,NY,30,30,101.0,98.0,1.144
2026-09-04,cubesmart,cube_5158,FL,23,23,134.0,191.0,2.005
2026-09-04,cubesmart,cube_5159,FL,22,22,52.0,99.0,0.59
2026-09-04,cubesmart,cube_5160,TX,20,20,70.0,96.0,0.679
2026-09-04,cubesmart,cube_5161,LA,14,14,116.0,123.0,1.318
2026-09-04,cubesmart,cube_5162,AL,12,12,100.0,52.0,1.028
2026-09-04,cubesmart,cube_5163,MD,0,0,,,
2026-09-04,cubesmart,cube_5164,MI,20,20,116.0,125.0,1.079
2026-09-04,cubesmart,cube_5165,IL,10,10,53.0,76.0,0.583
2026-09-04,cubesmart,cube_5166,FL,18,18,52.0,96.0,0.727
2026-09-04,cubesmart,cube_5167,OR,19,19,80.0,95.0,0.9
2026-09-04,cubesmart,cube_5168,TN,18,18,109.0,105.0,1.212
2026-09-04,cubesmart,cube_5169,AZ,14,14,82.0,97.0,0.767
2026-09-04,cubesmart,cube_5170,SC,18,18,57.0,86.0,0.615
2026-09-04,cubesmart,cube_5171,RI,0,0,,,
2026-09-04,cubesmart,cube_5172,AZ,0,0,,,
2026-09-04,cubesmart,cube_5173,NC,11,11,98.0,98.0,1.05
2026-09-04,cubesmart,cube_5174,IL,12,12,88.0,93.5,1.055
2026-09-04,cubesmart,cube_5175,FL,19,19,57.0,94.0,0.56
2026-09-04,cubesmart,cube_5176,CA,0,0,,,
2026-09-04,cubesmart,cube_5177,FL,22,22,82.0,91.0,0.935
2026-09-04,cubesmart,cube_5178,FL,28,28,52.0,24.5,0.5
2026-09-04,cubesmart,cube_5180,PA,23,23,123.0,100.0,1.46
2026-09-04,cubesmart,cube_5182,UT,32,32,,56.0,1.242
2026-09-04,cubesmart,cube_5183,VA,15,15,142.0,142.0,1.485
2026-09-04,cubesmart,cube_5184,VA,9,9,,96.0,0.865
2026-09-04,cubesmart,cube_5185,OH,23,23,68.0,134.0,0.837
2026-09-04,cubesmart,cube_5186,AL,11,11,134.0,107.0,2.02
2026-09-04,cubesmart,cube_5187,FL,34,34,43.0,52.0,0.6
2026-09-04,cubesmart,cube_5188,MA,43,43,48.0,48.0,0.605
2026-09-04,cubesmart,cube_5189,NC,20,20,62.0,82.0,0.525
2026-09-04,cubesmart,cube_5190,TX,7,7,52.0,73.0,0.365
2026-09-04,cubesmart,cube_5191,TX,9,9,119.0,86.0,1.282
2026-09-04,cubesmart,cube_5192,TX,10,10,37.0,45.5,0.362
2026-09-04,cubesmart,cube_5193,TX,13,13,61.0,75.0,0.368
2026-09-04,cubesmart,cube_5194,AZ,16,16,68.0,78.5,0.72
2026-09-04,cubesmart,cube_5195,PA,19,19,84.0,94.0,1.01
2026-09-04,cubesmart,cube_5196,PA,43,43,100.0,122.0,0.827
2026-09-04,cubesmart,cube_5197,FL,24,24,56.0,82.0,0.613
2026-09-04,cubesmart,cube_5198,GA,15,15,44.0,56.0,0.437
2026-09-04,cubesmart,cube_5199,FL,25,25,46.0,56.0,0.64
2026-09-04,cubesmart,cube_5200,DE,22,22,62.0,74.5,0.63
2026-09-04,cubesmart,cube_5202,TX,13,13,58.0,58.0,0.645
2026-09-04,cubesmart,cube_5203,FL,16,16,171.0,161.0,2.256
2026-09-04,cubesmart,cube_5204,TX,12,12,34.0,31.0,0.44
2026-09-04,cubesmart,cube_5205,TX,17,17,86.0,109.0,0.713
2026-09-04,cubesmart,cube_5206,FL,28,28,79.0,104.0,1.01
2026-09-04,cubesmart,cube_5207,TX,21,21,80.0,80.0,0.8
2026-09-04,cubesmart,cube_5208,MI,18,18,67.0,135.5,0.814
2026-09-04,cubesmart,cube_5209,WI,9,9,62.0,109.0,0.436
2026-09-04,cubesmart,cube_5211,WI,7,7,50.0,56.0,0.467
2026-09-04,cubesmart,cube_5212,WI,3,3,,110.0,0.55
2026-09-04,cubesmart,cube_5213,FL,19,19,90.0,128.0,1.095
2026-09-04,cubesmart,cube_5215,NJ,32,32,142.0,170.0,1.523
2026-09-04,cubesmart,cube_5216,TX,7,7,82.0,89.0,0.717
2026-09-04,cubesmart,cube_5217,TX,9,9,73.0,93.0,0.62
2026-09-04,cubesmart,cube_5218,FL,20,20,109.0,122.5,1.188
2026-09-04,cubesmart,cube_5219,NC,25,25,67.0,78.0,0.7
2026-09-04,cubesmart,cube_5221,TX,27,27,83.0,101.0,0.836
2026-09-04,cubesmart,cube_5222,TX,25,25,85.0,103.0,0.9
2026-09-04,cubesmart,cube_5223,NC,0,0,,,
2026-09-04,cubesmart,cube_5224,TX,15,15,58.0,85.0,0.636
2026-09-04,cubesmart,cube_5225,PA,12,12,,122.0,1.033
2026-09-04,cubesmart,cube_5226,TX,26,26,55.0,82.5,0.546
2026-09-04,cubesmart,cube_5227,NJ,0,0,,,
2026-09-04,cubesmart,cube_5228,CA,3,3,,277.0,1.385
2026-09-04,cubesmart,cube_5229,FL,0,0,,,
2026-09-04,cubesmart,cube_5231,IN,25,25,86.0,86.0,0.96
2026-09-04,cubesmart,cube_5232,AZ,16,16,144.0,57.0,1.275
2026-09-04,cubesmart,cube_5233,TX,19,19,63.0,98.0,0.587
2026-09-04,cubesmart,cube_5234,MN,23,23,64.0,98.0,0.57
2026-09-04,cubesmart,cube_5235,FL,8,8,100.0,61.0,0.837
2026-09-04,cubesmart,cube_5236,TX,15,15,114.0,145.0,1.013
2026-09-04,cubesmart,cube_5237,IL,10,10,49.0,64.0,0.68
2026-09-04,cubesmart,cube_5238,IL,18,18,64.0,80.0,0.667
2026-09-04,cubesmart,cube_5240,IL,7,7,120.0,64.0,1.11
2026-09-04,cubesmart,cube_5241,OH,9,9,115.0,115.0,1.15
2026-09-04,cubesmart,cube_5242,OK,32,32,37.0,31.0,0.496
2026-09-04,cubesmart,cube_5244,OR,1,1,,111.0,
2026-09-04,cubesmart,cube_5245,PA,0,0,,,
2026-09-04,cubesmart,cube_5246,CA,16,16,69.0,78.0,0.96
2026-09-04,cubesmart,cube_5247,FL,6,6,75.0,168.0,0.584
2026-09-04,cubesmart,cube_5248,TX,8,8,54.0,91.5,0.533
2026-09-04,cubesmart,cube_5249,MS,20,20,106.0,88.0,1.26
2026-09-04,cubesmart,cube_5250,AZ,17,17,100.0,56.0,0.875
2026-09-04,cubesmart,cube_5251,NJ,36,36,200.0,215.5,2.138
2026-09-04,cubesmart,cube_5252,FL,21,21,105.0,123.0,1.071
2026-09-04,cubesmart,cube_5253,FL,0,0,,,
2026-09-04,cubesmart,cube_5254,TX,0,0,,,
2026-09-04,cubesmart,cube_5255,MA,38,38,122.0,158.0,1.25
2026-09-04,cubesmart,cube_5256,OH,26,26,45.0,150.0,1.15
2026-09-04,cubesmart,cube_5258,NY,35,35,98.0,98.0,1.043
2026-09-04,cubesmart,cube_5259,TX,20,20,86.0,98.0,0.83
2026-09-04,cubesmart,cube_5260,TX,9,9,81.0,81.0,0.815
2026-09-04,cubesmart,cube_5261,TX,19,19,75.0,90.0,0.8
2026-09-04,cubesmart,cube_5262,NJ,6,6,109.0,122.5,0.998
2026-09-04,cubesmart,cube_5263,NC,16,16,57.0,97.0,0.82
2026-09-04,cubesmart,cube_5264,OH,9,9,60.0,47.0,0.627
2026-09-04,cubesmart,cube_5265,TX,19,19,113.0,113.0,1.208
2026-09-04,cubesmart,cube_5266,NC,25,25,110.0,128.0,1.24
2026-09-04,cubesmart,cube_5267,SC,10,10,41.0,39.5,0.443
2026-09-04,cubesmart,cube_5268,SC,11,11,30.0,33.0,0.28
2026-09-04,cubesmart,cube_5269,ME,3,3,104.0,129.0,0.86
2026-09-04,cubesmart,cube_5270,OH,0,0,,,
2026-09-04,cubesmart,cube_5271,TX,5,5,41.0,41.0,0.41
2026-09-04,cubesmart,cube_5272,NJ,38,38,155.0,196.5,1.637
2026-09-04,cubesmart,cube_5273,FL,0,0,,,
2026-09-04,cubesmart,cube_5274,FL,16,16,102.0,118.0,1.047
2026-09-04,cubesmart,cube_5275,TX,29,29,77.0,93.0,0.813
2026-09-04,cubesmart,cube_5276,FL,0,0,,,
2026-09-04,cubesmart,cube_5277,FL,0,0,,,
2026-09-04,cubesmart,cube_5278,MI,0,0,,,
2026-09-04,cubesmart,cube_5279,NY,0,0,,,
2026-09-04,cubesmart,cube_5280,IL,34,34,70.0,55.5,0.839
2026-09-04,cubesmart,cube_5281,RI,0,0,,,
2026-09-04,cubesmart,cube_5282,PA,0,0,,,
2026-09-04,cubesmart,cube_5283,TX,10,10,80.0,98.0,0.8
2026-09-04,cubesmart,cube_5285,CT,0,0,,,
2026-09-04,cubesmart,cube_5286,AZ,0,0,,,
2026-09-04,cubesmart,cube_5288,NY,0,0,,,
2026-09-04,cubesmart,cube_5289,VA,0,0,,,
2026-09-04,cubesmart,cube_5290,NJ,0,0,,,
2026-09-04,cubesmart,cube_5292,WI,2,2,,68.0,0.47
2026-09-04,cubesmart,cube_5293,WI,1,1,,94.0,0.47
2026-09-04,cubesmart,cube_5294,WI,5,5,65.0,65.0,0.56
2026-09-04,cubesmart,cube_5295,TN,0,0,,,
2026-09-04,cubesmart,cube_5296,FL,0,0,,,
2026-09-04,cubesmart,cube_5300,FL,0,0,,,
2026-09-04,cubesmart,cube_5303,AL,0,0,,,
2026-09-04,cubesmart,cube_5309,PA,0,0,,,
2026-09-04,cubesmart,cube_5314,AZ,0,0,,,
2026-09-04,cubesmart,cube_5315,SC,0,0,,,
2026-09-04,cubesmart,cube_5316,NJ,0,0,,,
2026-09-04,cubesmart,cube_5318,NV,0,0,,,
2026-09-04,cubesmart,cube_5319,MS,0,0,,,
2026-09-02,storagesense,sense_1010,PA,8,0,124,121.5,1.245
2026-09-02,storagesense,sense_1014,PA,12,0,109,129.0,1.567
2026-09-02,storagesense,sense_1015,PA,15,0,149,139,1.193
2026-09-02,storagesense,sense_1016,PA,13,0,119,119,1.19
2026-09-02,storagesense,sense_1017,PA,19,0,95,95,0.95
2026-09-02,storagesense,sense_1029,LA,5,3,79,79,0.78
2026-09-02,storagesense,sense_1030,LA,12,10,54,92.5,0.55
2026-09-02,storagesense,sense_1031,LA,22,18,72,30.5,0.101
2026-09-02,storagesense,sense_1049,MI,12,4,99,86.5,1.104
2026-09-02,storagesense,sense_1050,NY,14,11,100,128.5,1.002
2026-09-02,storagesense,sense_1051,PA,7,7,69,42,0.84
2026-09-02,storagesense,sense_1056,GA,8,4,57,68.5,0.62
2026-09-02,storagesense,sense_1057,GA,22,12,70,133.5,0.787
2026-09-02,storagesense,sense_1059,GA,19,7,37,53,0.54
2026-09-02,storagesense,sense_1077,NC,11,5,88,88,1.012
2026-09-02,storagesense,sense_1089,SC,19,15,55,61,0.548
2026-09-02,storagesense,sense_1090,SC,18,12,67,56.5,0.709
2026-09-02,storagesense,sense_1117,PA,20,15,112,98.5,1.28
2026-09-02,storagesense,sense_1118,MI,13,12,98,132,0.98
2026-09-02,storagesense,sense_1119,MI,12,11,48,51.0,0.938
2026-09-02,storagesense,sense_1120,MI,15,14,72,72,0.72
2026-09-02,storagesense,sense_1165,FL,20,14,106,169.5,1.276
2026-09-02,storagesense,sense_1245,KY,16,11,79,107.0,0.775
2026-09-02,storagesense,sense_1247,GA,20,17,76,106.0,1.053
2026-09-02,storagesense,sense_1278,TX,14,11,60,101.0,0.808
2026-09-02,storagesense,sense_1280,NY,13,7,156,156,1.048
2026-09-02,storagesense,sense_1291,AL,11,5,29,99,0.569
2026-09-02,storagesense,sense_1292,AL,18,17,59,72.0,0.48
2026-09-02,storagesense,sense_1305,TX,10,3,48,75.0,0.513
2026-09-02,storagesense,sense_1307,NC,6,4,,82.0,0.87
2026-09-02,storagesense,sense_1337,GA,12,9,80,118.0,0.927
2026-09-02,storagesense,sense_1369,PA,19,19,79,105,0.76
2026-09-02,storagesense,sense_1373,MO,13,15,79,96,0.79
2026-09-02,storagesense,sense_1375,MI,12,9,113,95.5,0.622
2026-09-02,storagesense,sense_1377,MS,10,10,77,89.5,0.77
2026-09-02,storagesense,sense_1387,SC,10,5,71,51.0,0.688
2026-09-02,storagesense,sense_1429,NY,18,10,179,176.5,2.19
2026-09-02,storagesense,sense_1465,PA,14,0,66,93.5,0.66
2026-09-02,storagesense,sense_1557,PA,9,0,73,73,0.73
2026-09-02,storagesense,sense_1558,PA,13,0,46,54,0.54
2026-09-02,storagesense,sense_163706,MI,12,6,43,84.5,0.575
2026-09-02,storagesense,sense_163709,GA,18,8,49,86.5,0.658
2026-09-02,storagesense,sense_163714,TX,14,7,99,94.0,1.358
2026-09-02,storagesense,sense_163719,KY,14,11,74,90.5,0.786
2026-09-02,storagesense,sense_163756,GA,17,10,46,79,0.66
2026-09-02,storagesense,sense_163759,GA,24,21,79,99.0,0.805
2026-09-02,storagesense,sense_163726,NH,17,12,66,112,0.62
2026-09-02,storagesense,sense_163763,LA,10,5,112,43.0,1.038
2026-09-02,storagesense,sense_163764,NC,7,5,75,75,0.75
2026-09-02,storagesense,sense_163787,GA,11,4,64,64,0.64
2026-09-02,storagesense,sense_163794,LA,10,4,45,67.5,0.637
2026-09-02,storagesense,sense_163796,TX,12,9,53,88.5,0.606
2026-09-02,storagesense,sense_163797,LA,10,5,29,37.0,0.56
2026-09-02,storagesense,sense_163798,LA,11,10,45,62,0.58
2026-09-02,storagesense,sense_163810,VA,0,0,,,
2026-09-02,storagesense,sense_163839,TX,21,8,49,99,0.79
2026-09-02,storagesense,sense_163868,TX,4,4,,110.0,0.496
2026-09-02,storagesense,sense_163879,CT,14,9,96,137.5,0.473
2026-09-02,storagesense,sense_163882,CT,16,13,127,127.0,1.27
2026-09-02,storagesense,sense_163883,NC,28,15,140,157.5,1.255
2026-09-02,storagesense,sense_163884,AL,14,10,64,94.0,0.815
2026-09-02,storagesense,sense_163885,NC,6,5,,91.5,0.593
2026-09-02,storagesense,sense_163886,NC,10,10,132,173.5,1.98
2026-09-02,storagesense,sense_163937,AL,4,2,124,130.0,1.105
2026-09-02,storagesense,sense_163958,SC,20,10,81,130.5,0.728
2026-09-02,storagesense,sense_163987,AL,12,6,39,66.0,0.468
2026-09-02,storagesense,sense_163993,TX,8,8,60,45.0,0.6
2026-09-02,storagesense,sense_164021,FL,0,0,,,
2026-09-02,storagesense,sense_164023,UT,12,13,,93.0,0.547
2026-09-02,storagesense,sense_164035,PA,3,1,,129,1.72
2026-09-02,storagesense,sense_164049,IL,4,2,62,68.0,0.547
2026-09-02,storagesense,sense_164050,IL,10,2,119,124.0,1.86
2026-09-02,storagesense,sense_164051,IL,0,0,,,
2026-09-02,storagesense,sense_164052,IL,5,5,,182,0.883
2026-09-02,storagesense,sense_164053,IL,5,5,,34,0.6
2026-09-02,storagesense,sense_164054,IL,5,6,52,66,0.75
2026-09-02,storagesense,sense_164057,PA,14,13,64,56.0,0.8
2026-09-02,storagesense,sense_164067,NC,14,8,144,111.5,2.152
2026-09-02,storagesense,sense_164069,MA,13,4,113,164,1.36
2026-09-02,storagesense,sense_164070,KS,8,7,99,299.0,0.992
2026-09-02,storagesense,sense_164072,GA,25,18,34,44,0.427
2026-09-02,storagesense,sense_164085,GA,0,0,,,
2026-09-02,storagesense,sense_164100,KY,15,1,109,79,1.14
2026-09-02,storagesense,sense_164104,ID,21,5,65,124,0.727
2026-09-02,storagesense,sense_164111,SC,6,2,89,129.0,0.828
2026-09-02,storagesense,sense_164130,NC,13,7,45,51,0.68
2026-09-02,storagesense,sense_164135,TX,13,4,122,122,1.51
2026-09-02,storagesense,sense_164187,GA,4,2,60,52.5,0.323
2026-09-02,storagesense,sense_164196,NC,11,4,99,129,0.86
2026-09-02,storagesense,sense_164223,NJ,6,8,164,164.5,1.61
2026-09-02,storagesense,sense_164224,NJ,9,12,124,84,1.68
2026-09-02,storagesense,sense_164229,SC,3,0,,248,0.58
2026-09-02,storagesense,sense_164243,AL,33,20,98,148,0.98
2026-09-02,storagesense,sense_164246,IL,9,2,123,148,0.93
2026-09-02,storagesense,sense_164247,IL,2,3,,374.5,0.607
2026-09-02,storagesense,sense_164248,IL,9,2,85,85,0.787
2026-09-02,storagesense,sense_164249,IL,7,8,,105,1.312
2026-09-02,storagesense,sense_164250,IN,9,1,94,109,0.887
2026-09-02,storagesense,sense_1679,PA,5,0,113,57,0.76
2026-09-02,storagesense,sense_1680,PA,8,0,171,127.0,0.643
2026-09-02,storagesense,sense_16890,FL,0,0,,,
2026-09-02,storagesense,sense_16966,PA,7,0,42,42,0.425
2026-09-02,storagesense,sense_16996,MS,4,0,96,77.5,2.29
2026-09-02,storagesense,sense_16997,TN,16,0,79,79.0,0.905
2026-09-02,storagesense,sense_16998,WI,4,0,79,69.0,0.788
2026-09-02,storagesense,sense_17038,CT,3,0,,34,0.88
2026-09-02,storagesense,sense_17040,PA,15,0,62,75,0.835
2026-09-02,storagesense,sense_17053,GA,13,6,69,89,0.776
2026-09-02,storagesense,sense_17057,MI,17,12,74,65,0.74
2026-09-02,storagesense,sense_17059,MI,4,5,,115.0,0.658
2026-09-02,storagesense,sense_17060,MI,9,5,137,154,0.977
2026-09-02,storagesense,sense_17080,MD,9,4,169,116,1.98
2026-09-02,storagesense,sense_17086,MO,14,13,89,153.0,0.86
2026-09-02,storagesense,sense_17087,MO,12,8,54,96.5,0.406
2026-09-02,storagesense,sense_17088,MO,5,3,,139,0.62
2026-09-02,storagesense,sense_17098,KY,21,16,139,109,1.7
2026-09-02,storagesense,sense_17122,TN,8,2,79,104.0,0.795
2026-09-02,storagesense,sense_17123,TN,8,4,89,104.0,0.88
2026-09-02,storagesense,sense_17124,PA,21,15,114,114,0.92
2026-09-02,storagesense,sense_17161,AL,10,8,64,64.0,0.64
2026-09-02,storagesense,sense_17162,AL,14,9,34,47.5,0.485
2026-09-02,storagesense,sense_17172,CT,8,7,60,69.0,0.72
2026-09-02,storagesense,sense_17173,CT,2,2,,62.0,0.827
2026-09-02,storagesense,sense_17182,NY,8,6,96,122.0,0.973
2026-09-02,storagesense,sense_17206,MI,6,5,109,174.0,0.995
2026-09-02,storagesense,sense_17207,KY,9,7,106,136,0.907
2026-09-02,storagesense,sense_17208,KY,12,6,134,226.0,1.235
2026-09-02,storagesense,sense_17209,TX,8,7,32,35.5,0.474
2026-09-02,storagesense,sense_17238,GA,28,18,149,156.5,1.534
2026-09-02,storagesense,sense_17256,OH,15,18,129,129,1.488
2026-09-02,storagesense,sense_17280,MD,25,18,89,119,0.99
2026-09-02,storagesense,sense_17284,GA,14,6,80,113.0,0.865
2026-09-02,storagesense,sense_17359,SC,0,0,,,
2026-09-02,storagesense,sense_17392,MI,15,11,132,149,1.2
2026-09-02,storagesense,sense_17403,MI,8,7,101,103.0,0.913
2026-09-02,storagesense,sense_17404,MI,2,0,,47.0,0.511
2026-09-02,storagesense,sense_17405,OH,17,9,109,154,1.027
2026-09-02,storagesense,sense_17409,MD,18,13,129,119.0,1.477
2026-09-02,storagesense,sense_1852,WI,16,12,119,179.0,1.405
2026-09-02,storagesense,sense_1892,AZ,19,10,112,142,1.94
2026-09-02,storagesense,sense_1915,GA,32,31,40,55.0,0.5
2026-09-02,storagesense,sense_1918,MS,13,12,74,65,0.76
2026-09-02,storagesense,sense_1976,PA,12,10,120,122.0,1.2
2026-09-02,storagesense,sense_1977,MA,9,10,99,81,1.125
2026-09-02,storagesense,sense_1983,PA,10,8,,105.0,0.772
2026-09-02,storagesense,sense_2100,NC,15,17,37,40,0.55
2026-09-02,storagesense,sense_2114,IL,12,7,139,144.0,1.81
2026-09-02,storagesense,sense_2115,IL,4,4,,239.0,1.015
2026-09-02,storagesense,sense_2116,IL,6,3,149,44.0,0.145
2026-09-02,storagesense,sense_2117,IL,4,1,74,66.5,0.785
2026-09-02,storagesense,sense_2119,GA,20,17,74,104.0,1.065
2026-09-02,storagesense,sense_2121,VA,15,8,219,219,2.26
2026-09-02,storagesense,sense_2130,WV,14,8,67,68.5,0.685
2026-09-02,storagesense,sense_2136,CT,17,15,91,91,0.91
2026-09-02,storagesense,sense_2137,KY,15,10,80,108,0.72
2026-09-02,storagesense,sense_2138,NJ,9,8,109,93,1.373
2026-09-02,storagesense,sense_2139,NJ,19,17,72,89,0.6
2026-09-02,storagesense,sense_2140,NY,7,8,147,100,1.47
2026-09-02,storagesense,sense_2141,NY,11,10,123,178,1.23
2026-09-02,storagesense,sense_2142,OH,15,18,96,99,1.03
2026-09-02,storagesense,sense_2143,PA,8,7,129,82.0,1.56
2026-09-02,storagesense,sense_2144,NJ,2,1,,91.0,0.96
2026-09-02,storagesense,sense_2151,PA,10,2,149,159.0,0.846
2026-09-02,storagesense,sense_2152,PA,13,11,149,149,1.173
2026-09-02,storagesense,sense_2165,NY,20,9,98,108.0,1.202
2026-09-02,storagesense,sense_2166,TX,20,17,44,44.0,0.6
2026-09-02,storagesense,sense_2170,AL,8,7,24,24.0,0.24
2026-09-02,storagesense,sense_2171,AL,8,4,39,69.0,0.435
2026-09-02,storagesense,sense_2230,VA,5,2,101,110,0.77
2026-09-02,storagesense,sense_2238,PA,4,4,,76.5,1.53
2026-09-02,storagesense,sense_2242,MI,8,6,107,123.5,0.978
2026-09-02,storagesense,sense_2267,IL,5,1,,159,0.537
2026-09-02,storagesense,sense_2280,OH,12,9,99,106.5,0.703
2026-09-02,storagesense,sense_2281,MI,7,9,99,119,0.793
2026-09-02,storagesense,sense_2290,TN,14,7,69,124.0,0.867
2026-09-02,storagesense,sense_2291,TX,15,7,72,108,0.64
2026-09-02,storagesense,sense_2306,LA,12,8,52,99.0,0.535
2026-09-02,storagesense,sense_2307,LA,25,22,96,120,1.2
2026-09-02,storagesense,sense_2315,GA,14,12,116,129.0,1.16
2026-09-02,storagesense,sense_2316,SC,15,16,100,147,0.98
2026-09-02,storagesense,sense_2322,VA,13,15,169,239,1.667
2026-09-02,storagesense,sense_2323,VA,15,8,179,179,1.79
2026-09-02,storagesense,sense_2324,CT,15,10,80,99,0.745
2026-09-02,storagesense,sense_2325,CT,10,12,108,104.0,1.14
2026-09-02,storagesense,sense_2326,VA,16,10,91,116.0,0.928
2026-09-02,storagesense,sense_2336,FL,15,15,117,194,1.44
2026-09-02,storagesense,sense_2339,NC,12,8,101,92.0,1.12
2026-09-02,storagesense,sense_2340,NC,8,3,64,72.0,0.695
2026-09-02,storagesense,sense_2341,WI,9,6,142,142,1.47
2026-09-02,storagesense,sense_2346,MI,13,7,154,188,1.52
2026-09-02,storagesense,sense_2354,TN,8,8,,66.5,0.8
2026-09-02,storagesense,sense_2355,TN,7,5,144,144,1.44
2026-09-02,storagesense,sense_2356,TN,8,7,119,124.0,1.07
2026-09-02,storagesense,sense_2357,TN,4,4,39,34.0,0.73
2026-09-02,storagesense,sense_2358,TN,2,3,79,79.0,0.79
2026-09-02,storagesense,sense_2359,TN,5,4,90,90,0.825
2026-09-02,storagesense,sense_2360,TN,7,7,110,110,1.1
2026-09-02,storagesense,sense_2364,TX,8,4,39,75.5,1.014
2026-09-02,storagesense,sense_2371,MS,7,1,59,94,0.88
2026-09-02,storagesense,sense_2382,AL,2,2,89,102.5,0.735
2026-09-02,storagesense,sense_2383,AL,5,0,169,174,1.69
2026-09-02,storagesense,sense_2384,PA,6,8,180,78.0,1.24
2026-09-02,storagesense,sense_2385,PA,14,15,74,81.5,0.495
2026-09-02,storagesense,sense_2386,PA,6,7,109,75.5,1.51
2026-09-02,storagesense,sense_2387,PA,10,9,,90.5,0.398
2026-09-02,storagesense,sense_2388,PA,8,7,79,59.0,0.718
2026-09-02,storagesense,sense_2389,PA,9,11,80,80,0.825
2026-09-02,storagesense,sense_2390,PA,12,13,50,117.0,0.553
2026-09-02,storagesense,sense_2391,NJ,12,10,101,161.0,0.736
2026-09-02,storagesense,sense_2392,PA,8,7,171,127.0,0.643
2026-09-02,storagesense,sense_2393,PA,6,2,80,80.0,0.8
2026-09-02,storagesense,sense_2394,PA,4,4,134,137.5,0.842
2026-09-02,storagesense,sense_2395,NJ,4,3,57,57.0,0.57
2026-09-02,storagesense,sense_2396,PA,15,11,97,93,0.949
2026-09-02,storagesense,sense_2397,PA,13,11,70,84,0.433
2026-09-02,storagesense,sense_2398,NJ,6,7,64,82.0,0.62
2026-09-02,storagesense,sense_2399,NJ,14,11,49,67.5,0.53
2026-09-02,storagesense,sense_2400,PA,17,15,91,94,0.91
2026-09-02,storagesense,sense_2402,NJ,17,15,69,110,0.69
2026-09-02,storagesense,sense_2403,MI,14,9,82,109.5,0.93
2026-09-02,storagesense,sense_2411,NC,33,18,29,56,0.38
2026-09-02,storagesense,sense_2417,CO,7,6,,57,0.475
2026-09-02,storagesense,sense_2420,CO,8,6,,87.0,1.125
2026-09-02,storagesense,sense_2448,KS,11,7,136,136,1.127
2026-09-02,storagesense,sense_2457,SC,25,20,94,129,0.895
2026-09-02,storagesense,sense_2506,GA,9,7,69,106,0.645
2026-09-02,storagesense,sense_2507,GA,12,12,99,127.5,0.992
2026-09-02,storagesense,sense_2513,MO,9,9,106,106,1.04
2026-09-02,storagesense,sense_2519,PA,14,9,121,122.5,1.315
2026-09-02,storagesense,sense_2550,LA,11,5,,52,0.542
2026-09-02,storagesense,sense_2556,AL,14,7,36,35.0,0.573
2026-09-02,storagesense,sense_2566,MI,6,2,54,46.5,0.53
2026-09-02,storagesense,sense_2567,GA,9,3,99,99,0.945
2026-09-02,storagesense,sense_2592,CT,8,5,,64.0,2.191
2026-09-02,storagesense,sense_2596,SC,10,8,84,94.0,0.935
2026-09-02,storagesense,sense_2597,TN,9,4,74,74,0.56
2026-09-02,storagesense,sense_2598,FL,12,6,,115.5,0.325
2026-09-02,storagesense,sense_2599,NY,10,8,109,119.0,1.285
2026-09-02,storagesense,sense_2600,NY,10,7,79,105.0,0.765
2026-09-02,storagesense,sense_2606,OH,13,14,139,144,1.063
2026-09-02,storagesense,sense_2616,PA,19,16,129,129,1.52
2026-09-02,storagesense,sense_2649,MI,10,7,65,87.0,0.655
2026-09-02,storagesense,sense_2650,MI,6,4,,34.0,0.347
2026-09-02,storagesense,sense_2665,VA,13,4,219,219,2.362
2026-09-02,storagesense,sense_2668,PA,7,6,109,114,1.018
2026-09-02,storagesense,sense_2669,PA,10,7,,118.0,1.223
2026-09-02,storagesense,sense_2678,FL,10,2,,24.0,0.96
2026-09-02,storagesense,sense_2679,FL,14,8,,27.0,0.791
2026-09-02,storagesense,sense_2680,VA,18,20,99,131.5,1.4
2026-09-02,storagesense,sense_2690,GA,32,25,65,82.5,0.68
2026-09-02,storagesense,sense_2691,SC,11,4,79,79,0.66
2026-09-02,storagesense,sense_2692,SC,13,3,76,79,0.72
2026-09-02,storagesense,sense_2698,IN,19,19,99,124,1.24
2026-09-02,storagesense,sense_2699,FL,14,8,,101.5,0.926
2026-09-02,storagesense,sense_2751,NJ,13,16,67,67,1.093
2026-09-02,storagesense,sense_2774,PA,7,5,60,83,0.52
2026-09-02,storagesense,sense_2775,PA,4,0,,81.0,0.166
2026-09-02,storagesense,sense_2782,VA,12,11,134,119.0,1.52
2026-09-02,storagesense,sense_2783,VA,3,1,144,144,1.5
2026-09-02,storagesense,sense_2784,VA,6,5,129,97.5,1.59
2026-09-02,storagesense,sense_2789,NJ,15,0,89,114,0.687
2026-09-02,storagesense,sense_2792,MI,2,0,59,56.5,0.655
2026-09-02,storagesense,sense_2793,PA,14,0,98,94.5,1.287
2026-09-02,storagesense,sense_2797,CO,4,0,83,70.5,0.995
2026-09-02,storagesense,sense_2802,AL,3,0,62,62,0.62
2026-09-02,storagesense,sense_2803,AL,3,0,49,49,0.49
2026-09-02,storagesense,sense_2804,AL,4,0,72,80.5,0.657
2026-09-02,storagesense,sense_2805,PA,17,0,73,63,0.785
2026-09-02,storagesense,sense_2813,AL,6,0,134,136.5,1.393
2026-09-02,storagesense,sense_2816,MS,2,0,64,91.5,0.617
2026-09-02,storagesense,sense_2817,MS,7,0,62,166,0.62
2026-09-02,storagesense,sense_2818,MS,6,0,49,61.0,0.352
2026-09-02,storagesense,sense_2819,AL,11,0,39,99,0.373
2026-09-02,storagesense,sense_2820,MN,6,0,,170.5,0.61
2026-09-02,storagesense,sense_820,AL,21,17,74,124,0.663
2026-09-02,storagesense,sense_825,CO,10,8,75,87.0,0.497
2026-09-02,storagesense,sense_826,CO,7,1,152,181,1.207
2026-09-02,storagesense,sense_831,FL,18,13,79,69.0,0.78
2026-09-02,storagesense,sense_834,GA,18,11,64,72.5,0.653
2026-09-02,storagesense,sense_835,GA,15,16,72,76,0.576
2026-09-02,storagesense,sense_836,IL,7,5,75,120,0.75
2026-09-02,storagesense,sense_838,KY,18,16,109,142.5,1.043
2026-09-02,storagesense,sense_844,MI,5,2,60,60,0.6
2026-09-02,storagesense,sense_845,MI,9,3,109,99,1.18
2026-09-02,storagesense,sense_847,MI,14,10,132,121.0,1.49
2026-09-02,storagesense,sense_848,MI,21,11,59,109,0.775
2026-09-02,storagesense,sense_851,NC,18,15,109,129.0,1.393
2026-09-02,storagesense,sense_852,NJ,19,20,92,119,1.36
2026-09-02,storagesense,sense_856,OK,11,7,59,50,0.625
2026-09-02,storagesense,sense_857,OK,2,2,,71.5,0.65
2026-09-02,storagesense,sense_859,PA,11,11,114,114,1.24
2026-09-02,storagesense,sense_860,PA,10,10,67,91.0,1.062
2026-09-02,storagesense,sense_861,PA,8,4,,162.0,0.985
2026-09-02,storagesense,sense_862,PA,13,7,63,33,0.66
2026-09-02,storagesense,sense_863,PA,19,16,,118,0.935
2026-09-02,storagesense,sense_864,SC,23,23,99,114,0.99
2026-09-02,storagesense,sense_865,SC,15,15,152,120,1.44
2026-09-02,storagesense,sense_866,TN,16,13,99,102.5,0.986
2026-09-02,storagesense,sense_867,TN,7,6,,49,0.53
2026-09-02,storagesense,sense_871,TX,19,23,73,93,1.073
2026-09-02,storagesense,sense_872,TX,5,5,86,86,0.8
2026-09-02,storagesense,sense_874,VA,6,1,145,153.5,1.331
2026-09-02,storagesense,sense_879,MI,10,9,107,154.0,1.382
2026-09-02,storagesense,sense_898,SC,18,11,94,79.0,0.94
2026-09-02,storagesense,sense_912,AL,22,18,49,94.0,0.55
2026-09-02,storagesense,sense_913,AL,20,11,29,49.0,0.328
2026-09-02,storagesense,sense_914,AL,14,11,34,56.0,0.384
2026-09-02,storagesense,sense_978,FL,14,10,54,130.0,0.695
2026-09-02,storagesense,sense_992,AL,25,20,99,129,1.587
2026-09-03,storagesense,sense_163726,NH,17,12,66,112,0.62
2026-09-03,storagesense,sense_163763,LA,10,5,112,43.0,1.038
2026-09-03,storagesense,sense_163764,NC,7,5,75,75,0.75
2026-09-03,storagesense,sense_163787,GA,11,4,64,64,0.64
2026-09-03,storagesense,sense_163794,LA,10,8,45,67.5,0.637
2026-09-03,storagesense,sense_163796,TX,12,9,53,88.5,0.606
2026-09-03,storagesense,sense_163797,LA,10,5,29,37.0,0.56
2026-09-03,storagesense,sense_163798,LA,11,10,45,62,0.58
2026-09-03,storagesense,sense_163810,VA,0,0,,,
2026-09-03,storagesense,sense_163839,TX,21,8,49,99,0.79
2026-09-03,storagesense,sense_163868,TX,4,4,,110.0,0.496
2026-09-03,storagesense,sense_163879,CT,14,11,96,137.5,0.473
2026-09-03,storagesense,sense_163882,CT,17,14,127,127,1.27
2026-09-03,storagesense,sense_163883,NC,28,15,140,157.5,1.255
2026-09-03,storagesense,sense_163884,AL,14,12,64,94.0,0.815
2026-09-03,storagesense,sense_163885,NC,6,4,,91.5,0.593
2026-09-03,storagesense,sense_163886,NC,10,8,132,173.5,1.98
2026-09-03,storagesense,sense_163937,AL,4,1,124,135.5,1.105
2026-09-03,storagesense,sense_163958,SC,20,10,81,130.5,0.728
2026-09-03,storagesense,sense_163987,AL,12,7,39,66.0,0.468
2026-09-03,storagesense,sense_163993,TX,7,6,60,30,0.6
2026-09-03,storagesense,sense_164021,FL,0,0,,,
2026-09-03,storagesense,sense_164023,UT,12,12,82,101.5,0.592
2026-09-03,storagesense,sense_164035,PA,3,1,,129,1.72
2026-09-03,storagesense,sense_164049,IL,4,2,62,68.0,0.547
2026-09-03,storagesense,sense_164050,IL,10,2,119,124.0,1.86
2026-09-03,storagesense,sense_164051,IL,0,0,,,
2026-09-03,storagesense,sense_164052,IL,6,6,,182.0,0.593
2026-09-03,storagesense,sense_164053,IL,5,5,,34,0.6
2026-09-03,storagesense,sense_164054,IL,6,6,52,66.0,0.635
2026-09-03,storagesense,sense_164057,PA,11,10,64,56,0.8
2026-09-03,storagesense,sense_164067,NC,13,7,144,99,2.214
2026-09-03,storagesense,sense_164069,MA,12,4,113,151.0,1.268
2026-09-03,storagesense,sense_164070,KS,8,7,99,299.0,0.992
2026-09-03,storagesense,sense_164072,GA,25,18,34,44,0.427
2026-09-03,storagesense,sense_164085,GA,0,0,,,
2026-09-03,storagesense,sense_164100,KY,15,1,109,84,1.14
2026-09-03,storagesense,sense_164104,ID,20,4,65,130.5,0.711
2026-09-03,storagesense,sense_164111,SC,7,3,89,124,0.827
2026-09-03,storagesense,sense_164130,NC,12,6,45,51.0,0.66
2026-09-03,storagesense,sense_164135,TX,13,4,122,122,1.51
2026-09-03,storagesense,sense_164187,GA,4,2,59,54.0,0.355
2026-09-03,storagesense,sense_164196,NC,11,5,99,129,0.86
2026-09-03,storagesense,sense_164223,NJ,6,8,164,164.5,1.61
2026-09-03,storagesense,sense_164224,NJ,9,12,124,84,1.68
2026-09-03,storagesense,sense_164229,SC,3,0,,248,0.58
2026-09-03,storagesense,sense_164243,AL,33,20,98,148,0.98
2026-09-03,storagesense,sense_164246,IL,9,2,123,148,0.93
2026-09-03,storagesense,sense_164247,IL,2,3,,374.5,0.607
2026-09-03,storagesense,sense_164248,IL,9,2,85,85,0.787
2026-09-03,storagesense,sense_164249,IL,7,8,,105,1.312
2026-09-03,storagesense,sense_164250,IN,9,1,94,109,0.887
2026-09-03,storagesense,sense_1679,PA,5,0,113,57,0.76
2026-09-03,storagesense,sense_1680,PA,7,0,171,111,0.66
2026-09-03,storagesense,sense_16890,FL,0,0,,,
2026-09-03,storagesense,sense_16966,PA,7,0,42,42,0.425
2026-09-03,storagesense,sense_16996,MS,4,0,96,77.5,2.29
2026-09-03,storagesense,sense_16997,TN,16,0,79,79.0,0.905
2026-09-03,storagesense,sense_16998,WI,4,0,79,69.0,0.912
2026-09-03,storagesense,sense_17038,CT,3,0,,34,0.88
2026-09-03,storagesense,sense_17040,PA,15,0,62,75,0.835
2026-09-03,storagesense,sense_17053,GA,13,6,69,89,0.776
2026-09-03,storagesense,sense_17057,MI,15,9,74,65,0.733
2026-09-03,storagesense,sense_17059,MI,4,4,73,86.5,0.698
2026-09-03,storagesense,sense_17060,MI,9,5,137,154,0.977
2026-09-03,storagesense,sense_17080,MD,9,4,169,116,1.98
2026-09-03,storagesense,sense_17086,MO,15,12,89,140,0.89
2026-09-03,storagesense,sense_17087,MO,12,8,54,96.5,0.406
2026-09-03,storagesense,sense_17088,MO,5,3,,139,0.67
2026-09-03,storagesense,sense_17098,KY,21,16,139,109,1.7
2026-09-03,storagesense,sense_17122,TN,8,2,79,104.0,0.795
2026-09-03,storagesense,sense_17123,TN,7,3,89,119,0.87
2026-09-03,storagesense,sense_17124,PA,20,14,114,117.0,0.902
2026-09-03,storagesense,sense_17161,AL,10,8,64,64.0,0.64
2026-09-03,storagesense,sense_17162,AL,15,9,34,49,0.48
2026-09-03,storagesense,sense_17172,CT,7,6,60,66,0.84
2026-09-03,storagesense,sense_17173,CT,2,2,,62.0,0.827
2026-09-03,storagesense,sense_17182,NY,8,6,96,122.0,0.973
2026-09-03,storagesense,sense_17206,MI,6,5,109,174.0,0.995
2026-09-03,storagesense,sense_17207,KY,9,7,106,136,0.907
2026-09-03,storagesense,sense_17208,KY,12,6,134,226.0,1.235
2026-09-03,storagesense,sense_17209,TX,7,6,,39,0.487
2026-09-03,storagesense,sense_17238,GA,28,18,149,156.5,1.534
2026-09-03,storagesense,sense_17256,OH,16,19,129,145.5,1.488
2026-09-03,storagesense,sense_17280,MD,25,16,89,119,0.99
2026-09-03,storagesense,sense_17284,GA,14,6,80,113.0,0.865
2026-09-03,storagesense,sense_17359,SC,0,0,,,
2026-09-03,storagesense,sense_17392,MI,15,13,132,149,1.2
2026-09-03,storagesense,sense_17403,MI,8,7,101,109.5,0.913
2026-09-03,storagesense,sense_17404,MI,3,1,120,50,0.88
2026-09-03,storagesense,sense_17405,OH,17,9,109,154,1.027
2026-09-03,storagesense,sense_17409,MD,18,11,129,119.0,1.477
2026-09-03,storagesense,sense_1852,WI,15,11,119,169,1.52
2026-09-03,storagesense,sense_1892,AZ,19,9,112,142,1.82
2026-09-03,storagesense,sense_1915,GA,32,32,40,55.0,0.5
2026-09-03,storagesense,sense_1918,MS,13,12,74,65,0.76
2026-09-03,storagesense,sense_1976,PA,12,11,120,122.0,1.2
2026-09-03,storagesense,sense_1977,MA,9,10,99,81,1.125
2026-09-03,storagesense,sense_1983,PA,9,7,,94,0.77
2026-09-03,storagesense,sense_2100,NC,16,18,37,40.0,0.545
2026-09-03,storagesense,sense_2114,IL,11,6,139,149,1.84
2026-09-03,storagesense,sense_2115,IL,5,5,,199,0.751
2026-09-03,storagesense,sense_2116,IL,6,3,149,44.0,0.145
2026-09-03,storagesense,sense_2117,IL,4,1,74,66.5,0.785
2026-09-03,storagesense,sense_2119,GA,19,17,74,105,1.08
2026-09-03,storagesense,sense_2121,VA,15,10,219,219,2.26
2026-09-03,storagesense,sense_2130,WV,14,8,67,68.5,0.668
2026-09-03,storagesense,sense_2136,CT,17,15,91,91,0.91
2026-09-03,storagesense,sense_2137,KY,13,11,79,96,0.727
2026-09-03,storagesense,sense_2138,NJ,10,12,109,93.0,1.282
2026-09-03,storagesense,sense_2139,NJ,19,17,72,89,0.6
2026-09-03,storagesense,sense_2140,NY,7,8,147,100,1.47
2026-09-03,storagesense,sense_2141,NY,11,10,123,178,1.23
2026-09-03,storagesense,sense_2142,OH,14,17,96,99.0,1.045
2026-09-03,storagesense,sense_2143,PA,9,10,129,89,1.56
2026-09-03,storagesense,sense_2144,NJ,2,1,,53.0,1.06
2026-09-03,storagesense,sense_2151,PA,10,2,149,159.0,0.846
2026-09-03,storagesense,sense_2152,PA,13,9,149,176,1.173
2026-09-03,storagesense,sense_2165,NY,19,10,98,114,1.14
2026-09-03,storagesense,sense_2166,TX,20,16,44,44.0,0.6
2026-09-03,storagesense,sense_2170,AL,8,7,24,24.0,0.24
2026-09-03,storagesense,sense_2171,AL,8,4,39,69.0,0.435
2026-09-03,storagesense,sense_2230,VA,6,3,101,105.5,0.89
2026-09-03,storagesense,sense_2238,PA,3,3,,80,1.6
2026-09-03,storagesense,sense_2242,MI,8,6,107,123.5,0.978
2026-09-03,storagesense,sense_2267,IL,5,1,,159,0.537
2026-09-03,storagesense,sense_2280,OH,12,8,99,106.5,0.703
2026-09-03,storagesense,sense_2281,MI,6,7,99,121.5,0.728
2026-09-03,storagesense,sense_2290,TN,14,9,69,124.0,0.867
2026-09-03,storagesense,sense_2291,TX,15,7,72,108,0.64
2026-09-03,storagesense,sense_2306,LA,9,5,52,74,0.55
2026-09-03,storagesense,sense_2307,LA,25,22,96,120,1.2
2026-09-03,storagesense,sense_2315,GA,14,11,116,129.0,1.16
2026-09-03,storagesense,sense_2316,SC,15,16,100,147,0.98
2026-09-03,storagesense,sense_2322,VA,13,15,169,239,1.667
2026-09-03,storagesense,sense_2323,VA,15,8,179,179,1.79
2026-09-03,storagesense,sense_2324,CT,15,10,80,99,0.745
2026-09-03,storagesense,sense_2325,CT,10,12,108,104.0,1.14
2026-09-03,storagesense,sense_2326,VA,15,9,91,116,0.947
2026-09-03,storagesense,sense_2336,FL,15,15,117,194,1.4
2026-09-03,storagesense,sense_2339,NC,12,7,101,92.0,1.12
2026-09-03,storagesense,sense_2340,NC,11,6,64,72,0.72
2026-09-03,storagesense,sense_2341,WI,9,6,142,142,1.47
2026-09-03,storagesense,sense_2346,MI,13,7,154,188,1.52
2026-09-03,storagesense,sense_2354,TN,9,9,69,69,0.72
2026-09-03,storagesense,sense_2355,TN,7,5,144,144,1.44
2026-09-03,storagesense,sense_2356,TN,8,7,119,124.0,1.07
2026-09-03,storagesense,sense_2357,TN,4,4,39,34.0,0.73
2026-09-03,storagesense,sense_2358,TN,2,3,79,79.0,0.79
2026-09-03,storagesense,sense_2359,TN,5,4,90,90,0.825
2026-09-03,storagesense,sense_2360,TN,7,7,110,110,1.1
2026-09-03,storagesense,sense_2364,TX,8,5,39,74.5,0.755
2026-09-03,storagesense,sense_2371,MS,7,1,59,94,0.82
2026-09-03,storagesense,sense_2382,AL,2,2,89,102.5,0.735
2026-09-03,storagesense,sense_2383,AL,5,0,169,174,1.69
2026-09-03,storagesense,sense_2384,PA,6,6,86,74.0,1.05
2026-09-03,storagesense,sense_2385,PA,14,11,74,81.5,0.495
2026-09-03,storagesense,sense_2386,PA,7,8,109,79,1.44
2026-09-03,storagesense,sense_2387,PA,10,9,,90.5,0.398
2026-09-03,storagesense,sense_2388,PA,8,7,79,59.0,0.718
2026-09-03,storagesense,sense_2389,PA,8,10,80,94.5,0.812
2026-09-03,storagesense,sense_2390,PA,12,12,50,117.0,0.553
2026-09-03,storagesense,sense_2391,NJ,12,10,101,161.0,0.736
2026-09-03,storagesense,sense_2392,PA,7,6,171,111,0.66
2026-09-03,storagesense,sense_2393,PA,6,2,80,80.0,0.8
2026-09-03,storagesense,sense_2394,PA,4,3,210,149.5,0.842
2026-09-03,storagesense,sense_2395,NJ,4,3,57,57.0,0.57
2026-09-03,storagesense,sense_2396,PA,15,9,97,93,0.949
2026-09-03,storagesense,sense_2397,PA,13,11,70,84,0.433
2026-09-03,storagesense,sense_2398,NJ,5,6,64,80,0.64
2026-09-03,storagesense,sense_2399,NJ,14,11,49,67.5,0.53
2026-09-03,storagesense,sense_2400,PA,17,15,91,94,0.91
2026-09-03,storagesense,sense_2402,NJ,17,15,69,110,0.69
2026-09-03,storagesense,sense_2403,MI,14,10,82,109.5,0.93
2026-09-03,storagesense,sense_2411,NC,33,18,29,56,0.38
2026-09-03,storagesense,sense_2417,CO,8,7,,56.5,0.471
2026-09-03,storagesense,sense_2420,CO,8,5,,87.0,1.141
2026-09-03,storagesense,sense_2448,KS,11,7,136,136,1.127
2026-09-03,storagesense,sense_2457,SC,26,22,94,126.5,0.92
2026-09-03,storagesense,sense_2506,GA,9,7,69,106,0.645
2026-09-03,storagesense,sense_2507,GA,13,12,99,129,0.99
2026-09-03,storagesense,sense_2513,MO,10,10,106,100.0,1.05
2026-09-03,storagesense,sense_2519,PA,14,9,121,122.5,1.315
2026-09-03,storagesense,sense_2550,LA,11,5,,52,0.542
2026-09-03,storagesense,sense_2556,AL,15,9,36,36,0.58
2026-09-03,storagesense,sense_2566,MI,6,2,54,46.5,0.53
2026-09-03,storagesense,sense_2567,GA,9,3,99,99,0.945
2026-09-03,storagesense,sense_2592,CT,8,5,,64.0,2.191
2026-09-03,storagesense,sense_2596,SC,10,8,84,94.0,0.935
2026-09-03,storagesense,sense_2597,TN,10,4,74,76.5,0.73
2026-09-03,storagesense,sense_2598,FL,12,6,,115.5,0.325
2026-09-03,storagesense,sense_2599,NY,10,8,109,119.0,1.285
2026-09-03,storagesense,sense_2600,NY,10,8,79,105.0,0.765
2026-09-03,storagesense,sense_2606,OH,13,14,139,144,1.156
2026-09-03,storagesense,sense_2616,PA,20,17,129,129.0,1.505
2026-09-03,storagesense,sense_2649,MI,8,6,65,87.0,0.655
2026-09-03,storagesense,sense_2650,MI,7,5,29,29,0.347
2026-09-03,storagesense,sense_2665,VA,13,4,219,219,2.362
2026-09-03,storagesense,sense_2668,PA,7,7,123,123,1.018
2026-09-03,storagesense,sense_2669,PA,9,6,,118,1.213
2026-09-03,storagesense,sense_2678,FL,10,5,,21.5,0.883
2026-09-03,storagesense,sense_2679,FL,14,8,,27.0,0.791
2026-09-03,storagesense,sense_2680,VA,17,13,99,124,1.4
2026-09-03,storagesense,sense_2690,GA,30,23,65,82.5,0.68
2026-09-03,storagesense,sense_2691,SC,11,4,79,79,0.66
2026-09-03,storagesense,sense_2692,SC,13,3,76,79,0.72
2026-09-03,storagesense,sense_2698,IN,18,20,99,117.5,1.19
2026-09-03,storagesense,sense_2699,FL,14,9,,101.5,0.926
2026-09-03,storagesense,sense_2751,NJ,13,16,67,67,1.093
2026-09-03,storagesense,sense_2774,PA,7,5,60,83,0.52
2026-09-03,storagesense,sense_2775,PA,4,0,,81.0,0.166
2026-09-03,storagesense,sense_2782,VA,12,11,134,119.0,1.52
2026-09-03,storagesense,sense_2783,VA,3,1,144,144,1.5
2026-09-03,storagesense,sense_2784,VA,6,5,129,97.5,1.59
2026-09-03,storagesense,sense_2789,NJ,15,0,89,114,0.687
2026-09-03,storagesense,sense_2792,MI,2,0,59,60.0,0.702
2026-09-03,storagesense,sense_2793,PA,15,0,101,91,1.213
2026-09-03,storagesense,sense_2797,CO,3,0,83,58,1.16
2026-09-03,storagesense,sense_2802,AL,3,0,62,62,0.62
2026-09-03,storagesense,sense_2803,AL,3,0,49,49,0.49
2026-09-03,storagesense,sense_2804,AL,4,0,72,80.5,0.657
2026-09-03,storagesense,sense_2805,PA,17,0,73,63,0.945
2026-09-03,storagesense,sense_2813,AL,6,0,134,136.5,1.393
2026-09-03,storagesense,sense_2816,MS,3,0,64,64,0.64
2026-09-03,storagesense,sense_2817,MS,7,0,62,166,0.62
2026-09-03,storagesense,sense_2818,MS,6,0,49,61.0,0.352
2026-09-03,storagesense,sense_2819,AL,10,0,39,77.5,0.347
2026-09-03,storagesense,sense_2820,MN,6,0,,170.5,0.61
2026-09-03,storagesense,sense_820,AL,21,17,74,124,0.663
2026-09-03,storagesense,sense_825,CO,9,6,75,82,0.248
2026-09-03,storagesense,sense_826,CO,7,1,152,181,1.207
2026-09-03,storagesense,sense_831,FL,18,13,79,69.0,0.78
2026-09-03,storagesense,sense_834,GA,18,11,64,72.5,0.653
2026-09-03,storagesense,sense_835,GA,15,16,72,76,0.576
2026-09-03,storagesense,sense_836,IL,7,5,75,120,0.75
2026-09-03,storagesense,sense_838,KY,18,15,109,142.5,1.05
2026-09-03,storagesense,sense_844,MI,5,2,60,60,0.6
2026-09-03,storagesense,sense_845,MI,9,5,109,99,1.18
2026-09-03,storagesense,sense_847,MI,14,10,132,121.0,1.49
2026-09-03,storagesense,sense_848,MI,22,10,59,109.0,0.749
2026-09-03,storagesense,sense_851,NC,18,15,109,129.0,1.393
2026-09-03,storagesense,sense_852,NJ,20,23,92,116.5,1.22
2026-09-03,storagesense,sense_856,OK,10,7,59,47.5,0.558
2026-09-03,storagesense,sense_857,OK,2,2,,71.5,0.65
2026-09-03,storagesense,sense_859,PA,11,11,114,114,1.24
2026-09-03,storagesense,sense_860,PA,10,6,67,91.0,0.95
2026-09-03,storagesense,sense_861,PA,8,6,,162.0,0.985
2026-09-03,storagesense,sense_862,PA,12,6,63,33.0,0.68
2026-09-03,storagesense,sense_863,PA,19,16,,118,0.935
2026-09-03,storagesense,sense_864,SC,23,20,99,124,0.997
2026-09-03,storagesense,sense_865,SC,15,15,152,120,1.44
2026-09-03,storagesense,sense_866,TN,16,13,99,102.5,0.986
2026-09-03,storagesense,sense_867,TN,5,4,,76,0.49
2026-09-03,storagesense,sense_871,TX,19,23,73,93,1.073
2026-09-03,storagesense,sense_872,TX,6,6,86,99.0,0.78
2026-09-03,storagesense,sense_874,VA,6,1,145,153.5,1.331
2026-09-03,storagesense,sense_879,MI,10,9,107,154.0,1.382
2026-09-03,storagesense,sense_898,SC,18,11,94,79.0,0.94
2026-09-03,storagesense,sense_912,AL,23,19,49,99,0.55
2026-09-03,storagesense,sense_913,AL,20,10,29,49.0,0.328
2026-09-03,storagesense,sense_914,AL,14,11,34,56.0,0.384
2026-09-03,storagesense,sense_978,FL,13,7,54,191,0.707
2026-09-03,storagesense,sense_992,AL,24,18,99,129.0,1.6
2026-09-03,storagesense,sense_1010,PA,8,0,124,121.5,1.245
2026-09-03,storagesense,sense_1014,PA,11,0,109,129,1.545
2026-09-03,storagesense,sense_1015,PA,15,0,149,139,1.193
2026-09-03,storagesense,sense_1016,PA,13,0,119,119,1.19
2026-09-03,storagesense,sense_1017,PA,19,0,95,95,0.95
2026-09-03,storagesense,sense_1029,LA,5,3,79,79,0.78
2026-09-03,storagesense,sense_1030,LA,14,12,54,79.0,0.55
2026-09-03,storagesense,sense_1031,LA,23,23,72,33,0.209
2026-09-03,storagesense,sense_1049,MI,12,4,99,86.5,1.104
2026-09-03,storagesense,sense_1050,NY,14,10,100,141.0,1.002
2026-09-03,storagesense,sense_1051,PA,8,6,69,55.5,0.765
2026-09-03,storagesense,sense_1056,GA,8,4,57,68.5,0.62
2026-09-03,storagesense,sense_1057,GA,21,11,70,141,0.784
2026-09-03,storagesense,sense_1059,GA,19,7,37,53,0.54
2026-09-03,storagesense,sense_1077,NC,11,5,88,88,1.012
2026-09-03,storagesense,sense_1089,SC,19,15,55,61,0.548
2026-09-03,storagesense,sense_1090,SC,17,11,67,55,0.685
2026-09-03,storagesense,sense_1117,PA,21,16,112,93,1.28
2026-09-03,storagesense,sense_1118,MI,13,11,98,132,0.98
2026-09-03,storagesense,sense_1119,MI,11,10,48,51,0.995
2026-09-03,storagesense,sense_1120,MI,15,14,72,72,0.72
2026-09-03,storagesense,sense_1165,FL,20,14,106,169.5,1.276
2026-09-03,storagesense,sense_1245,KY,15,10,79,106,0.76
2026-09-03,storagesense,sense_1247,GA,20,16,76,106.0,1.053
2026-09-03,storagesense,sense_1278,TX,14,10,60,126.0,0.846
2026-09-03,storagesense,sense_1280,NY,12,8,156,165.0,1.104
2026-09-03,storagesense,sense_1291,AL,11,5,29,99,0.569
2026-09-03,storagesense,sense_1292,AL,18,16,59,72.0,0.48
2026-09-03,storagesense,sense_1305,TX,10,3,48,75.0,0.513
2026-09-03,storagesense,sense_1307,NC,6,6,,82.0,0.91
2026-09-03,storagesense,sense_1337,GA,11,8,,124,1.013
2026-09-03,storagesense,sense_1369,PA,19,18,79,105,0.79
2026-09-03,storagesense,sense_1373,MO,14,16,79,87.5,0.79
2026-09-03,storagesense,sense_1375,MI,12,12,113,100.5,0.622
2026-09-03,storagesense,sense_1377,MS,10,10,77,81.0,0.77
2026-09-03,storagesense,sense_1387,SC,11,6,71,57,0.71
2026-09-03,storagesense,sense_1429,NY,17,9,219,174,2.19
2026-09-03,storagesense,sense_1465,PA,15,0,66,98,0.66
2026-09-03,storagesense,sense_1557,PA,8,0,73,76.5,0.552
2026-09-03,storagesense,sense_1558,PA,13,0,46,54,0.54
2026-09-03,storagesense,sense_163706,MI,13,6,43,79,0.6
2026-09-03,storagesense,sense_163709,GA,18,6,49,86.5,0.658
2026-09-03,storagesense,sense_163714,TX,14,7,99,94.0,1.358
2026-09-03,storagesense,sense_163719,KY,14,10,74,86.5,0.835
2026-09-03,storagesense,sense_163756,GA,19,12,46,69,0.661
2026-09-03,storagesense,sense_163759,GA,24,21,79,99.0,0.805
2026-09-04,storagesense,sense_163726,NH,17,12,66,112,0.62
2026-09-04,storagesense,sense_163763,LA,10,5,112,43.0,1.038
2026-09-04,storagesense,sense_163764,NC,7,5,75,75,0.75
2026-09-04,storagesense,sense_163787,GA,11,3,64,64,0.64
2026-09-04,storagesense,sense_163794,LA,10,8,45,67.5,0.637
2026-09-04,storagesense,sense_163796,TX,12,9,53,88.5,0.606
2026-09-04,storagesense,sense_163797,LA,10,5,29,37.0,0.56
2026-09-04,storagesense,sense_163798,LA,11,10,45,62,0.58
2026-09-04,storagesense,sense_163810,VA,0,0,,,
2026-09-04,storagesense,sense_163839,TX,20,7,49,91.5,0.792
2026-09-04,storagesense,sense_163868,TX,4,4,,110.0,0.496
2026-09-04,storagesense,sense_163879,CT,14,14,96,137.5,0.473
2026-09-04,storagesense,sense_163882,CT,17,14,127,127,1.27
2026-09-04,storagesense,sense_163883,NC,28,15,140,157.5,1.255
2026-09-04,storagesense,sense_163884,AL,13,11,64,94,0.835
2026-09-04,storagesense,sense_163885,NC,6,4,,91.5,0.593
2026-09-04,storagesense,sense_163886,NC,10,8,132,173.5,1.98
2026-09-04,storagesense,sense_163937,AL,4,1,124,130.0,1.105
2026-09-04,storagesense,sense_163958,SC,20,10,81,130.5,0.728
2026-09-04,storagesense,sense_163987,AL,12,7,39,66.0,0.468
2026-09-04,storagesense,sense_163993,TX,7,6,60,30,0.6
2026-09-04,storagesense,sense_164021,FL,0,0,,,
2026-09-04,storagesense,sense_164023,UT,12,12,82,91.0,0.547
2026-09-04,storagesense,sense_164035,PA,4,2,136,132.5,1.54
2026-09-04,storagesense,sense_164049,IL,4,2,62,68.0,0.547
2026-09-04,storagesense,sense_164050,IL,10,4,119,124.0,1.86
2026-09-04,storagesense,sense_164051,IL,0,0,,,
2026-09-04,storagesense,sense_164052,IL,6,7,,182.0,0.593
2026-09-04,storagesense,sense_164053,IL,5,5,,34,0.6
2026-09-04,storagesense,sense_164054,IL,6,6,52,66.0,0.635
2026-09-04,storagesense,sense_164057,PA,11,10,64,56,0.8
2026-09-04,storagesense,sense_164067,NC,13,9,144,99,2.214
2026-09-04,storagesense,sense_164069,MA,12,2,113,151.0,1.37
2026-09-04,storagesense,sense_164070,KS,8,7,99,299.0,0.992
2026-09-04,storagesense,sense_164072,GA,25,16,34,44,0.427
2026-09-04,storagesense,sense_164085,GA,0,0,,,
2026-09-04,storagesense,sense_164100,KY,15,1,109,79,1.14
2026-09-04,storagesense,sense_164104,ID,20,4,65,130.5,0.711
2026-09-04,storagesense,sense_164111,SC,7,3,89,124,0.827
2026-09-04,storagesense,sense_164130,NC,12,6,45,51.0,0.66
2026-09-04,storagesense,sense_164135,TX,13,4,122,122,1.51
2026-09-04,storagesense,sense_164187,GA,4,2,59,54.0,0.355
2026-09-04,storagesense,sense_164196,NC,11,5,99,129,0.86
2026-09-04,storagesense,sense_164223,NJ,6,8,164,164.5,1.61
2026-09-04,storagesense,sense_164224,NJ,9,12,124,84,1.68
2026-09-04,storagesense,sense_164229,SC,3,0,,248,0.58
2026-09-04,storagesense,sense_164243,AL,33,20,98,148,0.98
2026-09-04,storagesense,sense_164246,IL,9,2,123,148,0.93
2026-09-04,storagesense,sense_164247,IL,2,3,,374.5,0.607
2026-09-04,storagesense,sense_164248,IL,9,2,85,85,0.787
2026-09-04,storagesense,sense_164249,IL,7,8,,105,1.312
2026-09-04,storagesense,sense_164250,IN,9,1,94,109,0.887
2026-09-04,storagesense,sense_1679,PA,5,0,113,57,0.76
2026-09-04,storagesense,sense_1680,PA,7,0,171,111,0.66
2026-09-04,storagesense,sense_16890,FL,0,0,,,
2026-09-04,storagesense,sense_16966,PA,7,0,42,42,0.425
2026-09-04,storagesense,sense_16996,MS,4,0,96,77.5,2.29
2026-09-04,storagesense,sense_16997,TN,16,0,79,79.0,0.905
2026-09-04,storagesense,sense_16998,WI,4,0,79,69.0,0.788
2026-09-04,storagesense,sense_17038,CT,3,0,,34,0.88
2026-09-04,storagesense,sense_17040,PA,15,0,62,75,0.835
2026-09-04,storagesense,sense_17053,GA,13,6,69,89,0.776
2026-09-04,storagesense,sense_17057,MI,15,9,74,65,0.733
2026-09-04,storagesense,sense_17059,MI,3,3,,100,0.667
2026-09-04,storagesense,sense_17060,MI,9,5,137,154,0.977
2026-09-04,storagesense,sense_17080,MD,9,4,169,116,1.98
2026-09-04,storagesense,sense_17086,MO,15,12,89,140,0.89
2026-09-04,storagesense,sense_17087,MO,12,8,54,96.5,0.406
2026-09-04,storagesense,sense_17088,MO,5,3,,139,0.67
2026-09-04,storagesense,sense_17098,KY,21,17,139,109,1.7
2026-09-04,storagesense,sense_17122,TN,8,2,79,104.0,0.795
2026-09-04,storagesense,sense_17123,TN,7,3,89,119,0.87
2026-09-04,storagesense,sense_17124,PA,20,14,114,117.0,0.902
2026-09-04,storagesense,sense_17161,AL,10,8,64,64.0,0.64
2026-09-04,storagesense,sense_17162,AL,15,9,34,49,0.48
2026-09-04,storagesense,sense_17172,CT,6,5,60,66.0,0.86
2026-09-04,storagesense,sense_17173,CT,2,2,,62.0,0.827
2026-09-04,storagesense,sense_17182,NY,8,5,96,122.0,1.093
2026-09-04,storagesense,sense_17206,MI,6,5,109,174.0,0.995
2026-09-04,storagesense,sense_17207,KY,9,7,106,136,0.907
2026-09-04,storagesense,sense_17208,KY,12,6,134,226.0,1.235
2026-09-04,storagesense,sense_17209,TX,7,6,,39,0.487
2026-09-04,storagesense,sense_17238,GA,28,21,149,156.5,1.534
2026-09-04,storagesense,sense_17256,OH,15,18,129,162,1.488
2026-09-04,storagesense,sense_17280,MD,25,16,89,119,0.99
2026-09-04,storagesense,sense_17284,GA,14,6,80,113.0,0.865
2026-09-04,storagesense,sense_17359,SC,0,0,,,
2026-09-04,storagesense,sense_17392,MI,16,14,132,140.5,1.045
2026-09-04,storagesense,sense_17403,MI,8,6,101,112.5,0.945
2026-09-04,storagesense,sense_17404,MI,4,2,120,47.0,0.88
2026-09-04,storagesense,sense_17405,OH,17,9,109,154,1.027
2026-09-04,storagesense,sense_17409,MD,18,11,129,119.0,1.477
2026-09-04,storagesense,sense_1852,WI,15,11,119,169,1.52
2026-09-04,storagesense,sense_1892,AZ,19,11,112,142,1.82
2026-09-04,storagesense,sense_1915,GA,32,32,40,55.0,0.5
2026-09-04,storagesense,sense_1918,MS,13,11,74,74,0.76
2026-09-04,storagesense,sense_1976,PA,12,11,120,122.0,1.2
2026-09-04,storagesense,sense_1977,MA,9,10,99,81,1.125
2026-09-04,storagesense,sense_1983,PA,9,7,,94,0.77
2026-09-04,storagesense,sense_2100,NC,16,18,37,40.0,0.545
2026-09-04,storagesense,sense_2114,IL,12,7,139,151.0,1.715
2026-09-04,storagesense,sense_2115,IL,5,5,,199,0.751
2026-09-04,storagesense,sense_2116,IL,6,3,149,44.0,0.145
2026-09-04,storagesense,sense_2117,IL,4,1,74,66.5,0.785
2026-09-04,storagesense,sense_2119,GA,19,16,74,105,1.08
2026-09-04,storagesense,sense_2121,VA,14,9,219,219.0,2.475
2026-09-04,storagesense,sense_2130,WV,14,8,67,68.5,0.668
2026-09-04,storagesense,sense_2136,CT,17,15,91,91,0.91
2026-09-04,storagesense,sense_2137,KY,13,11,79,96,0.727
2026-09-04,storagesense,sense_2138,NJ,10,12,109,93.0,1.282
2026-09-04,storagesense,sense_2139,NJ,20,19,72,84.5,0.6
2026-09-04,storagesense,sense_2140,NY,7,8,147,100,1.47
2026-09-04,storagesense,sense_2141,NY,12,9,123,178.0,1.23
2026-09-04,storagesense,sense_2142,OH,14,17,96,99.0,1.045
2026-09-04,storagesense,sense_2143,PA,9,8,129,89,1.56
2026-09-04,storagesense,sense_2144,NJ,2,2,,53.0,1.06
2026-09-04,storagesense,sense_2151,PA,10,2,149,159.0,0.846
2026-09-04,storagesense,sense_2152,PA,13,9,149,176,1.173
2026-09-04,storagesense,sense_2165,NY,21,12,98,114,1.14
2026-09-04,storagesense,sense_2166,TX,20,16,44,44.0,0.6
2026-09-04,storagesense,sense_2170,AL,8,7,24,24.0,0.24
2026-09-04,storagesense,sense_2171,AL,8,4,39,69.0,0.435
2026-09-04,storagesense,sense_2230,VA,6,3,101,105.5,0.89
2026-09-04,storagesense,sense_2238,PA,3,3,,80,1.6
2026-09-04,storagesense,sense_2242,MI,8,6,107,123.5,0.978
2026-09-04,storagesense,sense_2267,IL,5,0,,149,0.537
2026-09-04,storagesense,sense_2280,OH,12,8,99,106.5,0.703
2026-09-04,storagesense,sense_2281,MI,6,7,99,121.5,0.728
2026-09-04,storagesense,sense_2290,TN,14,11,69,124.0,0.867
2026-09-04,storagesense,sense_2291,TX,15,9,72,108,0.64
2026-09-04,storagesense,sense_2306,LA,10,6,52,86.5,0.535
2026-09-04,storagesense,sense_2307,LA,25,22,96,120,1.2
2026-09-04,storagesense,sense_2315,GA,14,11,116,129.0,1.16
2026-09-04,storagesense,sense_2316,SC,16,17,100,156.5,0.98
2026-09-04,storagesense,sense_2322,VA,13,15,169,239,1.667
2026-09-04,storagesense,sense_2323,VA,15,8,179,179,1.79
2026-09-04,storagesense,sense_2324,CT,15,11,80,99,0.745
2026-09-04,storagesense,sense_2325,CT,10,12,108,104.0,1.14
2026-09-04,storagesense,sense_2326,VA,16,11,91,132.0,0.967
2026-09-04,storagesense,sense_2336,FL,14,14,117,182.0,1.42
2026-09-04,storagesense,sense_2339,NC,12,7,101,92.0,1.12
2026-09-04,storagesense,sense_2340,NC,9,4,64,80,0.64
2026-09-04,storagesense,sense_2341,WI,9,6,142,142,1.47
2026-09-04,storagesense,sense_2346,MI,13,7,154,188,1.52
2026-09-04,storagesense,sense_2354,TN,9,9,69,69,0.72
2026-09-04,storagesense,sense_2355,TN,7,5,144,144,1.44
2026-09-04,storagesense,sense_2356,TN,8,7,119,124.0,1.07
2026-09-04,storagesense,sense_2357,TN,4,4,39,34.0,0.73
2026-09-04,storagesense,sense_2358,TN,2,3,79,79.0,0.79
2026-09-04,storagesense,sense_2359,TN,5,4,90,90,0.825
2026-09-04,storagesense,sense_2360,TN,7,7,110,110,1.1
2026-09-04,storagesense,sense_2364,TX,8,5,39,74.5,0.755
2026-09-04,storagesense,sense_2371,MS,7,1,59,94,0.82
2026-09-04,storagesense,sense_2382,AL,2,2,89,102.5,0.735
2026-09-04,storagesense,sense_2383,AL,5,0,169,174,1.69
2026-09-04,storagesense,sense_2384,PA,5,4,86,86,0.86
2026-09-04,storagesense,sense_2385,PA,15,12,74,74,0.495
2026-09-04,storagesense,sense_2386,PA,7,8,109,79,1.44
2026-09-04,storagesense,sense_2387,PA,10,9,,90.5,0.398
2026-09-04,storagesense,sense_2388,PA,9,5,79,59,0.645
2026-09-04,storagesense,sense_2389,PA,8,10,80,94.5,0.812
2026-09-04,storagesense,sense_2390,PA,11,11,,126,0.573
2026-09-04,storagesense,sense_2391,NJ,13,11,101,161,0.805
2026-09-04,storagesense,sense_2392,PA,7,6,171,111,0.66
2026-09-04,storagesense,sense_2393,PA,6,2,80,80.0,0.8
2026-09-04,storagesense,sense_2394,PA,4,3,210,149.5,0.842
2026-09-04,storagesense,sense_2395,NJ,4,3,57,57.0,0.57
2026-09-04,storagesense,sense_2396,PA,15,9,97,93,0.949
2026-09-04,storagesense,sense_2397,PA,13,9,70,84,0.433
2026-09-04,storagesense,sense_2398,NJ,5,8,64,80,0.64
2026-09-04,storagesense,sense_2399,NJ,14,13,49,67.5,0.53
2026-09-04,storagesense,sense_2400,PA,17,15,91,94,0.91
2026-09-04,storagesense,sense_2402,NJ,17,15,69,110,0.69
2026-09-04,storagesense,sense_2403,MI,13,9,82,99,0.98
2026-09-04,storagesense,sense_2411,NC,33,20,29,56,0.38
2026-09-04,storagesense,sense_2417,CO,8,7,,56.5,0.471
2026-09-04,storagesense,sense_2420,CO,8,5,,87.0,1.141
2026-09-04,storagesense,sense_2448,KS,11,7,136,136,1.127
2026-09-04,storagesense,sense_2457,SC,26,22,94,126.5,0.92
2026-09-04,storagesense,sense_2506,GA,9,7,69,99,0.69
2026-09-04,storagesense,sense_2507,GA,13,12,99,129,0.99
2026-09-04,storagesense,sense_2513,MO,10,10,106,100.0,1.05
2026-09-04,storagesense,sense_2519,PA,14,9,121,122.5,1.315
2026-09-04,storagesense,sense_2550,LA,11,5,,52,0.542
2026-09-04,storagesense,sense_2556,AL,15,9,36,36,0.58
2026-09-04,storagesense,sense_2566,MI,6,2,54,46.5,0.53
2026-09-04,storagesense,sense_2567,GA,9,3,99,99,0.945
2026-09-04,storagesense,sense_2592,CT,8,5,,64.0,2.191
2026-09-04,storagesense,sense_2596,SC,10,8,84,94.0,0.935
2026-09-04,storagesense,sense_2597,TN,10,4,74,71.5,0.65
2026-09-04,storagesense,sense_2598,FL,12,6,,115.5,0.325
2026-09-04,storagesense,sense_2599,NY,10,8,109,119.0,1.285
2026-09-04,storagesense,sense_2600,NY,10,8,79,105.0,0.765
2026-09-04,storagesense,sense_2606,OH,12,13,139,141.5,1.243
2026-09-04,storagesense,sense_2616,PA,20,17,129,129.0,1.505
2026-09-04,storagesense,sense_2649,MI,8,6,65,87.0,0.655
2026-09-04,storagesense,sense_2650,MI,7,5,29,29,0.347
2026-09-04,storagesense,sense_2665,VA,13,4,219,219,2.362
2026-09-04,storagesense,sense_2668,PA,7,7,123,123,1.018
2026-09-04,storagesense,sense_2669,PA,9,6,,133,1.213
2026-09-04,storagesense,sense_2678,FL,10,5,,21.5,0.883
2026-09-04,storagesense,sense_2679,FL,14,8,,27.0,0.786
2026-09-04,storagesense,sense_2680,VA,17,16,99,124,1.4
2026-09-04,storagesense,sense_2690,GA,30,25,65,82.5,0.69
2026-09-04,storagesense,sense_2691,SC,11,4,79,79,0.66
2026-09-04,storagesense,sense_2692,SC,13,3,76,79,0.72
2026-09-04,storagesense,sense_2698,IN,18,20,99,117.5,1.19
2026-09-04,storagesense,sense_2699,FL,14,9,,101.5,0.926
2026-09-04,storagesense,sense_2751,NJ,12,15,90,61.0,1.097
2026-09-04,storagesense,sense_2774,PA,8,6,60,106.5,0.53
2026-09-04,storagesense,sense_2775,PA,4,0,,81.0,0.166
2026-09-04,storagesense,sense_2782,VA,12,11,134,119.0,1.52
2026-09-04,storagesense,sense_2783,VA,3,1,144,144,1.5
2026-09-04,storagesense,sense_2784,VA,6,5,129,97.5,1.59
2026-09-04,storagesense,sense_2789,NJ,15,0,89,114,0.687
2026-09-04,storagesense,sense_2792,MI,2,0,59,60.0,0.702
2026-09-04,storagesense,sense_2793,PA,14,0,101,96.0,1.287
2026-09-04,storagesense,sense_2797,CO,3,0,83,58,1.16
2026-09-04,storagesense,sense_2802,AL,3,0,62,62,0.62
2026-09-04,storagesense,sense_2803,AL,3,0,49,49,0.49
2026-09-04,storagesense,sense_2804,AL,4,0,72,80.5,0.657
2026-09-04,storagesense,sense_2805,PA,17,0,73,63,0.945
2026-09-04,storagesense,sense_2813,AL,8,0,134,136.5,1.365
2026-09-04,storagesense,sense_2816,MS,3,0,64,64,0.64
2026-09-04,storagesense,sense_2817,MS,7,0,62,166,0.62
2026-09-04,storagesense,sense_2818,MS,5,0,49,56,0.373
2026-09-04,storagesense,sense_2819,AL,10,0,39,77.5,0.347
2026-09-04,storagesense,sense_2820,MN,6,0,,170.5,0.61
2026-09-04,storagesense,sense_820,AL,21,19,74,124,0.663
2026-09-04,storagesense,sense_825,CO,9,6,75,82,0.248
2026-09-04,storagesense,sense_826,CO,7,1,152,181,1.207
2026-09-04,storagesense,sense_831,FL,18,12,79,69.0,0.785
2026-09-04,storagesense,sense_834,GA,18,11,64,72.5,0.653
2026-09-04,storagesense,sense_835,GA,15,15,72,76,0.576
2026-09-04,storagesense,sense_836,IL,7,5,75,120,0.75
2026-09-04,storagesense,sense_838,KY,17,14,109,139,1.036
2026-09-04,storagesense,sense_844,MI,5,2,60,60,0.6
2026-09-04,storagesense,sense_845,MI,9,5,109,99,1.18
2026-09-04,storagesense,sense_847,MI,13,9,132,110,1.5
2026-09-04,storagesense,sense_848,MI,22,10,59,109.0,0.749
2026-09-04,storagesense,sense_851,NC,18,15,109,129.0,1.393
2026-09-04,storagesense,sense_852,NJ,20,23,92,112.0,1.2
2026-09-04,storagesense,sense_856,OK,10,7,59,47.5,0.558
2026-09-04,storagesense,sense_857,OK,2,2,,71.5,0.65
2026-09-04,storagesense,sense_859,PA,11,9,114,114,1.24
2026-09-04,storagesense,sense_860,PA,10,4,67,91.0,0.95
2026-09-04,storagesense,sense_861,PA,8,6,,162.0,0.985
2026-09-04,storagesense,sense_862,PA,12,8,63,33.0,0.68
2026-09-04,storagesense,sense_863,PA,18,15,,123.5,0.924
2026-09-04,storagesense,sense_864,SC,24,21,99,124.0,0.997
2026-09-04,storagesense,sense_865,SC,15,15,152,120,1.44
2026-09-04,storagesense,sense_866,TN,16,13,99,102.5,0.986
2026-09-04,storagesense,sense_867,TN,8,7,,62.5,0.53
2026-09-04,storagesense,sense_871,TX,19,23,73,93,1.073
2026-09-04,storagesense,sense_872,TX,7,6,86,112,0.8
2026-09-04,storagesense,sense_874,VA,6,1,145,153.5,1.331
2026-09-04,storagesense,sense_879,MI,11,11,107,199,1.44
2026-09-04,storagesense,sense_898,SC,18,11,94,79.0,0.94
2026-09-04,storagesense,sense_912,AL,23,17,49,99,0.55
2026-09-04,storagesense,sense_913,AL,21,11,29,49,0.336
2026-09-04,storagesense,sense_914,AL,14,11,34,56.0,0.384
2026-09-04,storagesense,sense_978,FL,13,7,54,191,0.707
2026-09-04,storagesense,sense_992,AL,24,18,99,129.0,1.6
2026-09-04,storagesense,sense_1010,PA,8,0,124,121.5,1.245
2026-09-04,storagesense,sense_1014,PA,11,0,109,129,1.545
2026-09-04,storagesense,sense_1015,PA,15,0,149,139,1.193
2026-09-04,storagesense,sense_1016,PA,13,0,119,119,1.193
2026-09-04,storagesense,sense_1017,PA,19,0,95,95,0.95
2026-09-04,storagesense,sense_1029,LA,5,3,79,79,0.78
2026-09-04,storagesense,sense_1030,LA,14,12,54,79.0,0.55
2026-09-04,storagesense,sense_1031,LA,23,23,72,32,0.102
2026-09-04,storagesense,sense_1049,MI,12,4,99,86.5,1.104
2026-09-04,storagesense,sense_1050,NY,15,13,100,131,1.0
2026-09-04,storagesense,sense_1051,PA,7,5,69,42,0.84
2026-09-04,storagesense,sense_1056,GA,8,6,57,68.5,0.62
2026-09-04,storagesense,sense_1057,GA,21,11,70,141,0.784
2026-09-04,storagesense,sense_1059,GA,19,7,37,53,0.54
2026-09-04,storagesense,sense_1077,NC,11,5,88,88,1.012
2026-09-04,storagesense,sense_1089,SC,19,16,55,61,0.548
2026-09-04,storagesense,sense_1090,SC,17,13,76,55,0.733
2026-09-04,storagesense,sense_1117,PA,21,14,112,93,1.28
2026-09-04,storagesense,sense_1118,MI,13,12,87,132,0.98
2026-09-04,storagesense,sense_1119,MI,11,9,48,51,0.995
2026-09-04,storagesense,sense_1120,MI,15,14,72,72,0.72
2026-09-04,storagesense,sense_1165,FL,20,14,106,169.5,1.276
2026-09-04,storagesense,sense_1245,KY,16,11,79,106.0,0.76
2026-09-04,storagesense,sense_1247,GA,20,16,76,106.0,1.053
2026-09-04,storagesense,sense_1278,TX,14,10,60,101.0,0.808
2026-09-04,storagesense,sense_1280,NY,12,8,156,165.0,1.104
2026-09-04,storagesense,sense_1291,AL,11,5,29,99,0.569
2026-09-04,storagesense,sense_1292,AL,18,15,59,72.0,0.48
2026-09-04,storagesense,sense_1305,TX,10,3,48,75.0,0.513
2026-09-04,storagesense,sense_1307,NC,5,5,,79,1.08
2026-09-04,storagesense,sense_1337,GA,11,8,,124,1.013
2026-09-04,storagesense,sense_1369,PA,19,18,79,105,0.76
2026-09-04,storagesense,sense_1373,MO,14,15,79,87.5,0.79
2026-09-04,storagesense,sense_1375,MI,12,12,113,95.5,0.622
2026-09-04,storagesense,sense_1377,MS,10,10,77,81.0,0.77
2026-09-04,storagesense,sense_1387,SC,10,5,71,54.0,0.71
2026-09-04,storagesense,sense_1429,NY,17,10,219,174,2.19
2026-09-04,storagesense,sense_1465,PA,18,0,58,93.5,0.66
2026-09-04,storagesense,sense_1557,PA,7,0,73,80,0.485
2026-09-04,storagesense,sense_1558,PA,13,0,46,54,0.54
2026-09-04,storagesense,sense_163706,MI,13,6,43,79,0.6
2026-09-04,storagesense,sense_163709,GA,18,6,49,86.5,0.658
2026-09-04,storagesense,sense_163714,TX,14,7,99,94.0,1.358
2026-09-04,storagesense,sense_163719,KY,12,8,74,84.0,0.833
2026-09-04,storagesense,sense_163756,GA,17,10,46,79,0.66
2026-09-04,storagesense,sense_163759,GA,23,20,79,99,0.82
