date,brand,state,size,listings,units_avail,median_price
2026-09-01,cubesmart,AL,10x10,24,24,86.0
2026-09-01,cubesmart,AL,10x12,3,3,64.0
2026-09-01,cubesmart,AL,10x13,1,1,100.0
2026-09-01,cubesmart,AL,10x14,1,1,116.0
2026-09-01,cubesmart,AL,10x15,14,14,120.0
2026-09-01,cubesmart,AL,10x17,1,1,119.0
2026-09-01,cubesmart,AL,10x20,16,16,156.5
2026-09-01,cubesmart,AL,10x22,1,1,167.0
2026-09-01,cubesmart,AL,10x25,6,6,262.0
2026-09-01,cubesmart,AL,10x30,6,6,217.5
2026-09-01,cubesmart,AL,10x5,9,9,37.0
2026-09-01,cubesmart,AL,10x6,1,1,43.0
2026-09-01,cubesmart,AL,10x7,2,2,25.5
2026-09-01,cubesmart,AL,10x8,4,4,28.0
2026-09-01,cubesmart,AL,10x9,1,1,22.0
2026-09-01,cubesmart,AL,12x8,1,1,22.0
2026-09-01,cubesmart,AL,13x10,1,1,100.0
2026-09-01,cubesmart,AL,13x8,1,1,25.0
2026-09-01,cubesmart,AL,15x10,2,2,38.0
2026-09-01,cubesmart,AL,15x15,1,1,109.0
2026-09-01,cubesmart,AL,15x8,1,1,43.0
2026-09-01,cubesmart,AL,16x12,1,1,101.0
2026-09-01,cubesmart,AL,18x10,2,2,169.0
2026-09-01,cubesmart,AL,20x10,5,5,81.0
2026-09-01,cubesmart,AL,20x15,3,3,326.0
2026-09-01,cubesmart,AL,20x20,5,5,181.0
2026-09-01,cubesmart,AL,20x25,2,2,415.0
2026-09-01,cubesmart,AL,20x7,1,1,31.0
2026-09-01,cubesmart,AL,20x9,1,1,41.0
2026-09-01,cubesmart,AL,25x12,1,1,297.0
2026-09-01,cubesmart,AL,30x45,1,1,747.0
2026-09-01,cubesmart,AL,40x35,1,1,1124.0
2026-09-01,cubesmart,AL,4x8,2,2,9.5
2026-09-01,cubesmart,AL,5x10,18,18,58.5
2026-09-01,cubesmart,AL,5x15,1,1,88.0
2026-09-01,cubesmart,AL,5x4,1,1,68.0
2026-09-01,cubesmart,AL,5x5,17,17,35.0
2026-09-01,cubesmart,AL,5x7,4,4,43.5
2026-09-01,cubesmart,AL,5x8,3,3,18.0
2026-09-01,cubesmart,AL,6x10,2,2,77.0
2026-09-01,cubesmart,AL,7.5x10,5,5,73.0
2026-09-01,cubesmart,AL,7x10,1,1,40.0
2026-09-01,cubesmart,AL,7x5,1,1,25.0
2026-09-01,cubesmart,AL,8x10,2,2,81.5
2026-09-01,cubesmart,AL,8x12,1,1,36.0
2026-09-01,cubesmart,AL,8x19,1,1,70.0
2026-09-01,cubesmart,AL,8x3,1,1,24.0
2026-09-01,cubesmart,AL,8x5,1,1,28.0
2026-09-01,cubesmart,AL,9x10,2,2,91.5
2026-09-01,cubesmart,AL,Other,7,7,38.0
2026-09-01,cubesmart,AR,10x10,18,18,59.0
2026-09-01,cubesmart,AR,10x12,1,1,53.0
2026-09-01,cubesmart,AR,10x15,7,7,53.0
2026-09-01,cubesmart,AR,10x20,12,12,74.0
2026-09-01,cubesmart,AR,10x25,2,2,83.5
2026-09-01,cubesmart,AR,10x30,1,1,144.0
2026-09-01,cubesmart,AR,10x35,2,2,338.5
2026-09-01,cubesmart,AR,10x40,3,3,176.0
2026-09-01,cubesmart,AR,10x5,4,4,44.0
2026-09-01,cubesmart,AR,10x9,1,1,49.0
2026-09-01,cubesmart,AR,11x36,1,1,47.0
2026-09-01,cubesmart,AR,11x40,1,1,52.0
2026-09-01,cubesmart,AR,12x25,1,1,114.0
2026-09-01,cubesmart,AR,12x40,2,2,119.5
2026-09-01,cubesmart,AR,12x45,2,2,114.5
2026-09-01,cubesmart,AR,14x50,1,1,58.0
2026-09-01,cubesmart,AR,15x20,2,2,108.5
2026-09-01,cubesmart,AR,16x10,1,1,52.0
2026-09-01,cubesmart,AR,20x10,1,1,317.0
2026-09-01,cubesmart,AR,20x15,1,1,105.0
2026-09-01,cubesmart,AR,20x20,6,6,129.5
2026-09-01,cubesmart,AR,5x10,10,10,39.0
2026-09-01,cubesmart,AR,5x15,2,2,33.0
2026-09-01,cubesmart,AR,5x5,5,5,22.0
2026-09-01,cubesmart,AR,5x7.5,1,1,70.0
2026-09-01,cubesmart,AR,6x10,1,1,44.0
2026-09-01,cubesmart,AR,7.5x10,1,1,81.0
2026-09-01,cubesmart,AR,8x10,1,1,39.0
2026-09-01,cubesmart,AR,8x15,1,1,43.0
2026-09-01,cubesmart,AR,8x20,1,1,51.0
2026-09-01,cubesmart,AR,8x30,1,1,69.0
2026-09-01,cubesmart,AR,9x10,1,1,49.0
2026-09-01,cubesmart,AR,9x5,1,1,41.0
2026-09-01,cubesmart,AR,Other,7,7,50.0
2026-09-01,cubesmart,AZ,10x10,85,85,80.0
2026-09-01,cubesmart,AZ,10x12,5,5,84.0
2026-09-01,cubesmart,AZ,10x13,1,1,69.0
2026-09-01,cubesmart,AZ,10x14,1,1,100.0
2026-09-01,cubesmart,AZ,10x15,62,62,111.0
2026-09-01,cubesmart,AZ,10x16,1,1,102.0
2026-09-01,cubesmart,AZ,10x17,1,1,85.0
2026-09-01,cubesmart,AZ,10x18,1,1,103.0
2026-09-01,cubesmart,AZ,10x19,1,1,167.0
2026-09-01,cubesmart,AZ,10x20,71,71,145.0
2026-09-01,cubesmart,AZ,10x21,1,1,114.0
2026-09-01,cubesmart,AZ,10x22,3,3,148.0
2026-09-01,cubesmart,AZ,10x23,1,1,135.0
2026-09-01,cubesmart,AZ,10x25,27,27,173.0
2026-09-01,cubesmart,AZ,10x3,1,1,31.0
2026-09-01,cubesmart,AZ,10x30,21,21,211.0
2026-09-01,cubesmart,AZ,10x35,2,2,394.5
2026-09-01,cubesmart,AZ,10x4,2,2,36.0
2026-09-01,cubesmart,AZ,10x40,1,1,293.0
2026-09-01,cubesmart,AZ,10x5,40,40,42.5
2026-09-01,cubesmart,AZ,10x6,1,1,43.0
2026-09-01,cubesmart,AZ,10x7,2,2,56.0
2026-09-01,cubesmart,AZ,10x7.5,8,8,57.0
2026-09-01,cubesmart,AZ,10x9,2,2,87.0
2026-09-01,cubesmart,AZ,12.5x20,1,1,111.0
2026-09-01,cubesmart,AZ,12.5x30,1,1,288.0
2026-09-01,cubesmart,AZ,12x10,1,1,58.0
2026-09-01,cubesmart,AZ,12x20,5,5,135.0
2026-09-01,cubesmart,AZ,12x25,2,2,245.5
2026-09-01,cubesmart,AZ,12x30,8,8,260.5
2026-09-01,cubesmart,AZ,12x35,3,3,155.0
2026-09-01,cubesmart,AZ,12x40,4,4,164.0
2026-09-01,cubesmart,AZ,14x10,1,1,73.0
2026-09-01,cubesmart,AZ,14x35,1,1,171.0
2026-09-01,cubesmart,AZ,14x40,1,1,193.0
2026-09-01,cubesmart,AZ,15x10,6,6,145.0
2026-09-01,cubesmart,AZ,15x14,1,1,142.0
2026-09-01,cubesmart,AZ,15x15,2,2,165.0
2026-09-01,cubesmart,AZ,15x20,1,1,146.0
2026-09-01,cubesmart,AZ,15x30,3,3,242.0
2026-09-01,cubesmart,AZ,15x45,1,1,382.0
2026-09-01,cubesmart,AZ,15x5,5,5,43.0
2026-09-01,cubesmart,AZ,15x7.5,1,1,200.0
2026-09-01,cubesmart,AZ,20x10,21,21,175.0
2026-09-01,cubesmart,AZ,20x12,2,2,171.0
2026-09-01,cubesmart,AZ,20x15,17,17,193.0
2026-09-01,cubesmart,AZ,20x19,1,1,415.0
2026-09-01,cubesmart,AZ,20x20,17,17,257.0
2026-09-01,cubesmart,AZ,20x22,1,1,264.0
2026-09-01,cubesmart,AZ,20x25,8,8,301.0
2026-09-01,cubesmart,AZ,20x30,1,1,411.0
2026-09-01,cubesmart,AZ,20x5,1,1,70.0
2026-09-01,cubesmart,AZ,20x7,1,1,74.0
2026-09-01,cubesmart,AZ,20x7.5,1,1,80.0
2026-09-01,cubesmart,AZ,24x14,1,1,211.0
2026-09-01,cubesmart,AZ,2x2,1,1,8.0
2026-09-01,cubesmart,AZ,3x10,1,1,39.0
2026-09-01,cubesmart,AZ,3x20,1,1,43.0
2026-09-01,cubesmart,AZ,3x3,5,5,8.0
2026-09-01,cubesmart,AZ,3x5,3,3,28.0
2026-09-01,cubesmart,AZ,4x10,3,3,52.0
2026-09-01,cubesmart,AZ,4x2,1,1,9.0
2026-09-01,cubesmart,AZ,4x4,6,6,24.5
2026-09-01,cubesmart,AZ,4x5,6,6,25.0
2026-09-01,cubesmart,AZ,4x6,1,1,30.0
2026-09-01,cubesmart,AZ,4x8,1,1,34.0
2026-09-01,cubesmart,AZ,5x10,80,80,41.0
2026-09-01,cubesmart,AZ,5x12,3,3,47.0
2026-09-01,cubesmart,AZ,5x15,17,17,58.0
2026-09-01,cubesmart,AZ,5x20,2,2,53.0
2026-09-01,cubesmart,AZ,5x30,1,1,129.0
2026-09-01,cubesmart,AZ,5x4,7,7,26.0
2026-09-01,cubesmart,AZ,5x5,76,76,26.0
2026-09-01,cubesmart,AZ,5x6,2,2,34.0
2026-09-01,cubesmart,AZ,5x7,3,3,29.0
2026-09-01,cubesmart,AZ,5x7.5,3,3,41.0
2026-09-01,cubesmart,AZ,5x8,6,6,36.5
2026-09-01,cubesmart,AZ,5x9,3,3,47.0
2026-09-01,cubesmart,AZ,6x10,1,1,24.0
2026-09-01,cubesmart,AZ,7.5x10,1,1,39.0
2026-09-01,cubesmart,AZ,7.6x10,1,1,52.0
2026-09-01,cubesmart,AZ,7x10,2,2,71.0
2026-09-01,cubesmart,AZ,8x10,6,6,70.0
2026-09-01,cubesmart,AZ,8x15,1,1,94.0
2026-09-01,cubesmart,AZ,8x20,2,2,126.5
2026-09-01,cubesmart,AZ,8x28,1,1,167.0
2026-09-01,cubesmart,AZ,8x4,2,2,24.0
2026-09-01,cubesmart,AZ,8x40,1,1,206.0
2026-09-01,cubesmart,AZ,8x5,1,1,28.0
2026-09-01,cubesmart,AZ,8x8,2,2,70.0
2026-09-01,cubesmart,AZ,8x9,1,1,56.0
2026-09-01,cubesmart,AZ,9x16,1,1,75.0
2026-09-01,cubesmart,AZ,9x7,1,1,38.0
2026-09-01,cubesmart,AZ,Other,54,54,84.5
2026-09-01,cubesmart,CA,10x10,80,80,123.5
2026-09-01,cubesmart,CA,10x11,3,3,128.0
2026-09-01,cubesmart,CA,10x12,12,12,142.5
2026-09-01,cubesmart,CA,10x12.5,1,1,255.0
2026-09-01,cubesmart,CA,10x13,8,8,151.0
2026-09-01,cubesmart,CA,10x14,4,4,180.0
2026-09-01,cubesmart,CA,10x15,65,65,158.0
2026-09-01,cubesmart,CA,10x16,2,2,380.0
2026-09-01,cubesmart,CA,10x17,1,1,233.0
2026-09-01,cubesmart,CA,10x18,3,3,187.0
2026-09-01,cubesmart,CA,10x19,2,2,303.5
2026-09-01,cubesmart,CA,10x20,60,60,241.0
2026-09-01,cubesmart,CA,10x22,3,3,278.0
2026-09-01,cubesmart,CA,10x23,1,1,241.0
2026-09-01,cubesmart,CA,10x24,7,7,206.0
2026-09-01,cubesmart,CA,10x25,37,37,290.0
2026-09-01,cubesmart,CA,10x27,2,2,326.5
2026-09-01,cubesmart,CA,10x28,1,1,306.0
2026-09-01,cubesmart,CA,10x29,1,1,367.0
2026-09-01,cubesmart,CA,10x30,23,23,257.0
2026-09-01,cubesmart,CA,10x32,1,1,340.0
2026-09-01,cubesmart,CA,10x35,2,2,434.5
2026-09-01,cubesmart,CA,10x4,1,1,29.0
2026-09-01,cubesmart,CA,10x40,3,3,564.0
2026-09-01,cubesmart,CA,10x5,12,12,87.5
2026-09-01,cubesmart,CA,10x7,3,3,96.0
2026-09-01,cubesmart,CA,10x7.5,7,7,95.0
2026-09-01,cubesmart,CA,10x8,2,2,120.5
2026-09-01,cubesmart,CA,10x9,1,1,126.0
2026-09-01,cubesmart,CA,11x22,1,1,112.0
2026-09-01,cubesmart,CA,11x33,1,1,268.0
2026-09-01,cubesmart,CA,12x15,1,1,278.0
2026-09-01,cubesmart,CA,12x20,3,3,162.0
2026-09-01,cubesmart,CA,12x25,2,2,264.0
2026-09-01,cubesmart,CA,12x30,2,2,215.5
2026-09-01,cubesmart,CA,12x50,1,1,310.0
2026-09-01,cubesmart,CA,14x14,1,1,166.0
2026-09-01,cubesmart,CA,14x15,1,1,190.0
2026-09-01,cubesmart,CA,14x20,1,1,179.0
2026-09-01,cubesmart,CA,14x29,1,1,351.0
2026-09-01,cubesmart,CA,14x8,1,1,87.0
2026-09-01,cubesmart,CA,15x10,2,2,133.0
2026-09-01,cubesmart,CA,15x15,2,2,355.0
2026-09-01,cubesmart,CA,15x16,1,1,149.0
2026-09-01,cubesmart,CA,15x20,5,5,184.0
2026-09-01,cubesmart,CA,15x25,1,1,605.0
2026-09-01,cubesmart,CA,15x30,2,2,423.5
2026-09-01,cubesmart,CA,15x40,1,1,465.0
2026-09-01,cubesmart,CA,15x5,2,2,101.5
2026-09-01,cubesmart,CA,16x10,1,1,156.0
2026-09-01,cubesmart,CA,16x13,1,1,246.0
2026-09-01,cubesmart,CA,16x20,2,2,681.5
2026-09-01,cubesmart,CA,16x30,1,1,653.0
2026-09-01,cubesmart,CA,16x8,1,1,143.0
2026-09-01,cubesmart,CA,16x9,1,1,210.0
2026-09-01,cubesmart,CA,17x19,1,1,418.0
2026-09-01,cubesmart,CA,18x16,1,1,287.0
2026-09-01,cubesmart,CA,18x20,1,1,525.0
2026-09-01,cubesmart,CA,18x30,1,1,439.0
2026-09-01,cubesmart,CA,18x8,1,1,212.0
2026-09-01,cubesmart,CA,20x10,14,14,209.0
2026-09-01,cubesmart,CA,20x13,1,1,233.0
2026-09-01,cubesmart,CA,20x15,11,11,255.0
2026-09-01,cubesmart,CA,20x20,13,13,298.0
2026-09-01,cubesmart,CA,20x22,1,1,551.0
2026-09-01,cubesmart,CA,20x23,2,2,520.0
2026-09-01,cubesmart,CA,20x24,2,2,243.0
2026-09-01,cubesmart,CA,20x25,5,5,575.0
2026-09-01,cubesmart,CA,20x30,2,2,529.0
2026-09-01,cubesmart,CA,21x20,1,1,285.0
2026-09-01,cubesmart,CA,24x20,1,1,306.0
2026-09-01,cubesmart,CA,25x10,1,1,168.0
2026-09-01,cubesmart,CA,2x3,2,2,10.0
2026-09-01,cubesmart,CA,30x10,1,1,231.0
2026-09-01,cubesmart,CA,30x25,1,1,387.0
2026-09-01,cubesmart,CA,3x24,1,1,49.0
2026-09-01,cubesmart,CA,3x4,2,2,22.5
2026-09-01,cubesmart,CA,3x5,1,1,27.0
2026-09-01,cubesmart,CA,3x6,2,2,44.0
2026-09-01,cubesmart,CA,4.5x14,1,1,96.0
2026-09-01,cubesmart,CA,4.5x8,2,2,72.0
2026-09-01,cubesmart,CA,45x12,1,1,687.0
2026-09-01,cubesmart,CA,4x10,6,6,57.5
2026-09-01,cubesmart,CA,4x19,1,1,106.0
2026-09-01,cubesmart,CA,4x4,5,5,27.0
2026-09-01,cubesmart,CA,4x5,5,5,41.0
2026-09-01,cubesmart,CA,4x6,1,1,65.0
2026-09-01,cubesmart,CA,4x9,2,2,59.5
2026-09-01,cubesmart,CA,50x60,1,1,666.0
2026-09-01,cubesmart,CA,5x10,78,78,75.5
2026-09-01,cubesmart,CA,5x11,1,1,68.0
2026-09-01,cubesmart,CA,5x12,5,5,55.0
2026-09-01,cubesmart,CA,5x15,16,16,87.0
2026-09-01,cubesmart,CA,5x2,1,1,25.0
2026-09-01,cubesmart,CA,5x20,3,3,139.0
2026-09-01,cubesmart,CA,5x3,1,1,48.0
2026-09-01,cubesmart,CA,5x4,2,2,55.0
2026-09-01,cubesmart,CA,5x5,68,68,55.0
2026-09-01,cubesmart,CA,5x6,5,5,52.0
2026-09-01,cubesmart,CA,5x7,11,11,74.0
2026-09-01,cubesmart,CA,5x7.5,3,3,77.0
2026-09-01,cubesmart,CA,5x8,13,13,68.0
2026-09-01,cubesmart,CA,5x9,3,3,55.0
2026-09-01,cubesmart,CA,6x10,4,4,77.5
2026-09-01,cubesmart,CA,6x12,3,3,54.0
2026-09-01,cubesmart,CA,6x15,1,1,58.0
2026-09-01,cubesmart,CA,6x7,2,2,77.0
2026-09-01,cubesmart,CA,6x8,2,2,71.5
2026-09-01,cubesmart,CA,6x9,3,3,67.0
2026-09-01,cubesmart,CA,7.5x10,9,9,110.0
2026-09-01,cubesmart,CA,7x10,7,7,84.0
2026-09-01,cubesmart,CA,7x15,3,3,71.0
2026-09-01,cubesmart,CA,7x20,1,1,137.0
2026-09-01,cubesmart,CA,7x24,1,1,226.0
2026-09-01,cubesmart,CA,7x5,2,2,53.0
2026-09-01,cubesmart,CA,7x7,1,1,101.0
2026-09-01,cubesmart,CA,7x8,2,2,61.5
2026-09-01,cubesmart,CA,7x9,3,3,80.0
2026-09-01,cubesmart,CA,8x10,18,18,82.5
2026-09-01,cubesmart,CA,8x11,1,1,59.0
2026-09-01,cubesmart,CA,8x12,1,1,70.0
2026-09-01,cubesmart,CA,8x13,1,1,139.0
2026-09-01,cubesmart,CA,8x15,4,4,144.5
2026-09-01,cubesmart,CA,8x16,1,1,338.0
2026-09-01,cubesmart,CA,8x19,1,1,235.0
2026-09-01,cubesmart,CA,8x20,10,10,194.0
2026-09-01,cubesmart,CA,8x25,1,1,212.0
2026-09-01,cubesmart,CA,8x27,1,1,255.0
2026-09-01,cubesmart,CA,8x40,1,1,451.0
2026-09-01,cubesmart,CA,8x8,5,5,76.0
2026-09-01,cubesmart,CA,8x9,1,1,107.0
2026-09-01,cubesmart,CA,9x10,7,7,81.0
2026-09-01,cubesmart,CA,9x12,1,1,164.0
2026-09-01,cubesmart,CA,9x14,1,1,198.0
2026-09-01,cubesmart,CA,9x15,2,2,96.0
2026-09-01,cubesmart,CA,9x16,1,1,165.0
2026-09-01,cubesmart,CA,9x17,1,1,208.0
2026-09-01,cubesmart,CA,9x19,1,1,233.0
2026-09-01,cubesmart,CA,9x20,3,3,234.0
2026-09-01,cubesmart,CA,9x25,1,1,317.0
2026-09-01,cubesmart,CA,9x27,1,1,315.0
2026-09-01,cubesmart,CA,9x29,1,1,364.0
2026-09-01,cubesmart,CA,9x8,1,1,95.0
2026-09-01,cubesmart,CA,Other,45,45,126.0
2026-09-01,cubesmart,CO,10x10,37,37,104.0
2026-09-01,cubesmart,CO,10x12,3,3,128.0
2026-09-01,cubesmart,CO,10x15,19,19,133.0
2026-09-01,cubesmart,CO,10x17,1,1,164.0
2026-09-01,cubesmart,CO,10x18,1,1,166.0
2026-09-01,cubesmart,CO,10x20,28,28,179.5
2026-09-01,cubesmart,CO,10x24,1,1,325.0
2026-09-01,cubesmart,CO,10x25,12,12,244.0
2026-09-01,cubesmart,CO,10x28,1,1,198.0
2026-09-01,cubesmart,CO,10x30,10,10,223.0
2026-09-01,cubesmart,CO,10x40,1,1,170.0
2026-09-01,cubesmart,CO,10x5,8,8,59.5
2026-09-01,cubesmart,CO,10x7,1,1,53.0
2026-09-01,cubesmart,CO,10x7.5,1,1,68.0
2026-09-01,cubesmart,CO,11x10,1,1,128.0
2026-09-01,cubesmart,CO,11x25,1,1,283.0
2026-09-01,cubesmart,CO,12.5x40,1,1,598.0
2026-09-01,cubesmart,CO,12x12,1,1,134.0
2026-09-01,cubesmart,CO,12x15,1,1,138.0
2026-09-01,cubesmart,CO,12x24,1,1,350.0
2026-09-01,cubesmart,CO,12x28,1,1,356.0
2026-09-01,cubesmart,CO,12x30,3,3,318.0
2026-09-01,cubesmart,CO,12x32,1,1,375.0
2026-09-01,cubesmart,CO,12x38,1,1,392.0
2026-09-01,cubesmart,CO,15x15,1,1,152.0
2026-09-01,cubesmart,CO,15x20,2,2,216.0
2026-09-01,cubesmart,CO,15x22,1,1,199.0
2026-09-01,cubesmart,CO,15x23,1,1,204.0
2026-09-01,cubesmart,CO,15x50,1,1,359.0
2026-09-01,cubesmart,CO,15x8,1,1,208.0
2026-09-01,cubesmart,CO,16x20,1,1,365.0
2026-09-01,cubesmart,CO,16x30,1,1,378.0
2026-09-01,cubesmart,CO,20x10,4,4,176.5
2026-09-01,cubesmart,CO,20x15,2,2,284.0
2026-09-01,cubesmart,CO,20x20,4,4,281.5
2026-09-01,cubesmart,CO,20x30,3,3,620.0
2026-09-01,cubesmart,CO,2x10,2,2,39.0
2026-09-01,cubesmart,CO,30x15,1,1,415.0
2026-09-01,cubesmart,CO,4x4,1,1,23.0
2026-09-01,cubesmart,CO,5x10,31,31,52.0
2026-09-01,cubesmart,CO,5x12,2,2,42.5
2026-09-01,cubesmart,CO,5x15,7,7,70.0
2026-09-01,cubesmart,CO,5x20,1,1,95.0
2026-09-01,cubesmart,CO,5x28,1,1,91.0
2026-09-01,cubesmart,CO,5x4,1,1,79.0
2026-09-01,cubesmart,CO,5x5,25,25,38.0
2026-09-01,cubesmart,CO,5x7,3,3,44.0
2026-09-01,cubesmart,CO,5x8,4,4,37.5
2026-09-01,cubesmart,CO,6x10,1,1,85.0
2026-09-01,cubesmart,CO,6x12,1,1,79.0
2026-09-01,cubesmart,CO,6x20,1,1,71.0
2026-09-01,cubesmart,CO,6x6,1,1,53.0
2026-09-01,cubesmart,CO,7.5x10,3,3,73.0
2026-09-01,cubesmart,CO,7.5x20,1,1,150.0
2026-09-01,cubesmart,CO,7x10,1,1,55.0
2026-09-01,cubesmart,CO,7x18,2,2,112.0
2026-09-01,cubesmart,CO,7x5,1,1,57.0
2026-09-01,cubesmart,CO,7x9,2,2,53.0
2026-09-01,cubesmart,CO,8x10,5,5,69.0
2026-09-01,cubesmart,CO,8x15,2,2,172.0
2026-09-01,cubesmart,CO,8x20,3,3,235.0
2026-09-01,cubesmart,CO,Other,16,16,105.5
2026-09-01,cubesmart,CT,10x10,72,72,120.5
2026-09-01,cubesmart,CT,10x12,5,5,100.0
2026-09-01,cubesmart,CT,10x13,1,1,219.0
2026-09-01,cubesmart,CT,10x15,56,56,158.5
2026-09-01,cubesmart,CT,10x17,1,1,122.0
2026-09-01,cubesmart,CT,10x18,1,1,91.0
2026-09-01,cubesmart,CT,10x20,61,61,183.0
2026-09-01,cubesmart,CT,10x22,1,1,138.0
2026-09-01,cubesmart,CT,10x25,20,20,197.5
2026-09-01,cubesmart,CT,10x3,1,1,52.0
2026-09-01,cubesmart,CT,10x30,17,17,242.0
2026-09-01,cubesmart,CT,10x35,1,1,317.0
2026-09-01,cubesmart,CT,10x40,2,2,246.0
2026-09-01,cubesmart,CT,10x5,13,13,60.0
2026-09-01,cubesmart,CT,10x50,1,1,227.0
2026-09-01,cubesmart,CT,10x7.5,1,1,138.0
2026-09-01,cubesmart,CT,10x8,1,1,78.0
2026-09-01,cubesmart,CT,12x19,1,1,182.0
2026-09-01,cubesmart,CT,12x20,1,1,188.0
2026-09-01,cubesmart,CT,12x30,1,1,327.0
2026-09-01,cubesmart,CT,13x15,1,1,161.0
2026-09-01,cubesmart,CT,14x10,1,1,88.0
2026-09-01,cubesmart,CT,15x10,2,2,84.5
2026-09-01,cubesmart,CT,15x15,1,1,201.0
2026-09-01,cubesmart,CT,15x20,1,1,221.0
2026-09-01,cubesmart,CT,15x30,1,1,287.0
2026-09-01,cubesmart,CT,15x40,1,1,409.0
2026-09-01,cubesmart,CT,16x15,1,1,170.0
2026-09-01,cubesmart,CT,20x10,11,11,172.0
2026-09-01,cubesmart,CT,20x15,6,6,212.0
2026-09-01,cubesmart,CT,20x20,22,22,293.0
2026-09-01,cubesmart,CT,20x22,1,1,296.0
2026-09-01,cubesmart,CT,20x25,3,3,261.0
2026-09-01,cubesmart,CT,20x30,1,1,290.0
2026-09-01,cubesmart,CT,20x35,1,1,497.0
2026-09-01,cubesmart,CT,20x8,1,1,110.0
2026-09-01,cubesmart,CT,24x35,1,1,543.0
2026-09-01,cubesmart,CT,2x5,1,1,19.0
2026-09-01,cubesmart,CT,3x10,1,1,38.0
2026-09-01,cubesmart,CT,3x12,1,1,43.0
2026-09-01,cubesmart,CT,3x4,1,1,32.0
2026-09-01,cubesmart,CT,3x5,2,2,33.0
2026-09-01,cubesmart,CT,4x10,3,3,73.0
2026-09-01,cubesmart,CT,4x20,1,1,75.0
2026-09-01,cubesmart,CT,4x5,4,4,35.0
2026-09-01,cubesmart,CT,5x10,71,71,62.0
2026-09-01,cubesmart,CT,5x12,1,1,91.0
2026-09-01,cubesmart,CT,5x15,33,33,82.0
2026-09-01,cubesmart,CT,5x20,5,5,120.0
2026-09-01,cubesmart,CT,5x3,1,1,41.0
2026-09-01,cubesmart,CT,5x5,53,53,43.0
2026-09-01,cubesmart,CT,5x6,1,1,36.0
2026-09-01,cubesmart,CT,5x7,4,4,50.0
2026-09-01,cubesmart,CT,5x8,6,6,58.5
2026-09-01,cubesmart,CT,6x10,1,1,139.0
2026-09-01,cubesmart,CT,6x7,1,1,122.0
2026-09-01,cubesmart,CT,6x8,1,1,127.0
2026-09-01,cubesmart,CT,7x10,1,1,71.0
2026-09-01,cubesmart,CT,7x14,2,2,86.5
2026-09-01,cubesmart,CT,7x26,1,1,120.0
2026-09-01,cubesmart,CT,7x7,1,1,53.0
2026-09-01,cubesmart,CT,8x10,2,2,82.0
2026-09-01,cubesmart,CT,8x15,3,3,120.0
2026-09-01,cubesmart,CT,8x5,1,1,58.0
2026-09-01,cubesmart,CT,9x20,1,1,120.0
2026-09-01,cubesmart,CT,Other,13,13,65.0
2026-09-01,cubesmart,DC,10x10,6,6,185.0
2026-09-01,cubesmart,DC,10x12.5,1,1,284.0
2026-09-01,cubesmart,DC,10x15,7,7,258.0
2026-09-01,cubesmart,DC,10x20,7,7,353.0
2026-09-01,cubesmart,DC,10x25,4,4,318.0
2026-09-01,cubesmart,DC,10x30,5,5,373.0
2026-09-01,cubesmart,DC,10x7.5,2,2,98.5
2026-09-01,cubesmart,DC,20x10,3,3,256.0
2026-09-01,cubesmart,DC,20x15,1,1,267.0
2026-09-01,cubesmart,DC,20x20,1,1,499.0
2026-09-01,cubesmart,DC,3x8,1,1,74.0
2026-09-01,cubesmart,DC,4x5,1,1,99.0
2026-09-01,cubesmart,DC,5x10,8,8,128.5
2026-09-01,cubesmart,DC,5x15,3,3,163.0
2026-09-01,cubesmart,DC,5x2,1,1,45.0
2026-09-01,cubesmart,DC,5x20,1,1,177.0
2026-09-01,cubesmart,DC,5x5,14,14,52.0
2026-09-01,cubesmart,DC,5x7.5,1,1,139.0
2026-09-01,cubesmart,DC,5x8,1,1,115.0
2026-09-01,cubesmart,DC,7.5x10,1,1,183.0
2026-09-01,cubesmart,DC,7.5x20,1,1,291.0
2026-09-01,cubesmart,DC,7x15,1,1,183.0
2026-09-01,cubesmart,DC,7x8,1,1,133.0
2026-09-01,cubesmart,DC,8.5x19,1,1,160.0
2026-09-01,cubesmart,DC,8x10,2,2,165.0
2026-09-01,cubesmart,DC,8x25,1,1,353.0
2026-09-01,cubesmart,DC,9x10,1,1,235.0
2026-09-01,cubesmart,DC,Other,2,2,152.0
2026-09-01,cubesmart,DE,10x10,8,8,71.0
2026-09-01,cubesmart,DE,10x15,7,7,91.0
2026-09-01,cubesmart,DE,10x20,3,3,115.0
2026-09-01,cubesmart,DE,10x25,3,3,135.0
2026-09-01,cubesmart,DE,10x30,3,3,166.0
2026-09-01,cubesmart,DE,10x5,2,2,33.5
2026-09-01,cubesmart,DE,10x7,3,3,44.0
2026-09-01,cubesmart,DE,10x7.5,2,2,52.5
2026-09-01,cubesmart,DE,20x10,1,1,106.0
2026-09-01,cubesmart,DE,20x15,2,2,184.5
2026-09-01,cubesmart,DE,20x20,1,1,177.0
2026-09-01,cubesmart,DE,20x25,1,1,218.0
2026-09-01,cubesmart,DE,5x10,6,6,41.0
2026-09-01,cubesmart,DE,5x5,9,9,22.0
2026-09-01,cubesmart,DE,5x7,1,1,26.0
2026-09-01,cubesmart,DE,5x7.5,1,1,38.0
2026-09-01,cubesmart,DE,5x8,2,2,38.5
2026-09-01,cubesmart,DE,7.5x10,1,1,55.0
2026-09-01,cubesmart,DE,7x10,2,2,50.5
2026-09-01,cubesmart,DE,8x10,2,2,44.0
2026-09-01,cubesmart,DE,8x7,1,1,38.0
2026-09-01,cubesmart,FL,10.5x21,1,1,384.0
2026-09-01,cubesmart,FL,10.5x50,1,1,230.0
2026-09-01,cubesmart,FL,10x10,366,366,104.0
2026-09-01,cubesmart,FL,10x10.5,1,1,106.0
2026-09-01,cubesmart,FL,10x11,7,7,113.0
2026-09-01,cubesmart,FL,10x12,40,40,133.5
2026-09-01,cubesmart,FL,10x12.5,5,5,203.0
2026-09-01,cubesmart,FL,10x13,12,12,122.5
2026-09-01,cubesmart,FL,10x14,3,3,199.0
2026-09-01,cubesmart,FL,10x15,309,309,140.0
2026-09-01,cubesmart,FL,10x16,3,3,136.0
2026-09-01,cubesmart,FL,10x16.5,1,1,173.0
2026-09-01,cubesmart,FL,10x17,5,5,179.0
2026-09-01,cubesmart,FL,10x17.5,2,2,140.5
2026-09-01,cubesmart,FL,10x18,6,6,186.5
2026-09-01,cubesmart,FL,10x20,289,289,184.0
2026-09-01,cubesmart,FL,10x21,2,2,208.5
2026-09-01,cubesmart,FL,10x22,7,7,229.0
2026-09-01,cubesmart,FL,10x23,5,5,199.0
2026-09-01,cubesmart,FL,10x24,1,1,199.0
2026-09-01,cubesmart,FL,10x25,93,93,247.0
2026-09-01,cubesmart,FL,10x28,1,1,259.0
2026-09-01,cubesmart,FL,10x3,3,3,61.0
2026-09-01,cubesmart,FL,10x30,87,87,256.0
2026-09-01,cubesmart,FL,10x35,3,3,369.0
2026-09-01,cubesmart,FL,10x4,7,7,50.0
2026-09-01,cubesmart,FL,10x40,5,5,280.0
2026-09-01,cubesmart,FL,10x5,151,151,59.0
2026-09-01,cubesmart,FL,10x50,1,1,365.0
2026-09-01,cubesmart,FL,10x6,4,4,57.0
2026-09-01,cubesmart,FL,10x7,31,31,70.0
2026-09-01,cubesmart,FL,10x7.5,23,23,45.0
2026-09-01,cubesmart,FL,10x8,34,34,76.5
2026-09-01,cubesmart,FL,10x9,9,9,90.0
2026-09-01,cubesmart,FL,11.5x28,1,1,122.0
2026-09-01,cubesmart,FL,11.5x50,1,1,158.0
2026-09-01,cubesmart,FL,11x10,1,1,130.0
2026-09-01,cubesmart,FL,11x16,1,1,248.0
2026-09-01,cubesmart,FL,11x45,1,1,326.0
2026-09-01,cubesmart,FL,11x48,1,1,342.0
2026-09-01,cubesmart,FL,12.5x12.5,1,1,147.0
2026-09-01,cubesmart,FL,12.5x20,1,1,211.0
2026-09-01,cubesmart,FL,12.5x25,1,1,169.0
2026-09-01,cubesmart,FL,12.5x30,2,2,263.5
2026-09-01,cubesmart,FL,12.5x5,1,1,140.0
2026-09-01,cubesmart,FL,12.5x7,1,1,49.0
2026-09-01,cubesmart,FL,12.8x5,1,1,187.0
2026-09-01,cubesmart,FL,12x10,3,3,73.0
2026-09-01,cubesmart,FL,12x12,6,6,106.0
2026-09-01,cubesmart,FL,12x15,11,11,236.0
2026-09-01,cubesmart,FL,12x16,1,1,163.0
2026-09-01,cubesmart,FL,12x20,8,8,184.0
2026-09-01,cubesmart,FL,12x24,1,1,326.0
2026-09-01,cubesmart,FL,12x25,8,8,206.0
2026-09-01,cubesmart,FL,12x30,9,9,282.0
2026-09-01,cubesmart,FL,12x32,1,1,151.0
2026-09-01,cubesmart,FL,12x35,1,1,460.0
2026-09-01,cubesmart,FL,12x4,1,1,65.0
2026-09-01,cubesmart,FL,12x40,3,3,224.0
2026-09-01,cubesmart,FL,12x43,1,1,467.0
2026-09-01,cubesmart,FL,12x5,1,1,75.0
2026-09-01,cubesmart,FL,12x50,1,1,255.0
2026-09-01,cubesmart,FL,12x6,1,1,29.0
2026-09-01,cubesmart,FL,12x7,2,2,68.5
2026-09-01,cubesmart,FL,13.5x45,1,1,420.0
2026-09-01,cubesmart,FL,13x10,1,1,74.0
2026-09-01,cubesmart,FL,13x25,1,1,527.0
2026-09-01,cubesmart,FL,13x30,2,2,173.0
2026-09-01,cubesmart,FL,13x35,1,1,134.0
2026-09-01,cubesmart,FL,13x50,1,1,137.0
2026-09-01,cubesmart,FL,14x10,1,1,130.0
2026-09-01,cubesmart,FL,14x15,1,1,130.0
2026-09-01,cubesmart,FL,14x16,1,1,223.0
2026-09-01,cubesmart,FL,14x18,2,2,264.0
2026-09-01,cubesmart,FL,14x20,1,1,362.0
2026-09-01,cubesmart,FL,14x21,1,1,424.0
2026-09-01,cubesmart,FL,14x39,1,1,479.0
2026-09-01,cubesmart,FL,14x6,1,1,35.0
2026-09-01,cubesmart,FL,15x10,19,19,139.0
2026-09-01,cubesmart,FL,15x12,3,3,233.0
2026-09-01,cubesmart,FL,15x12.5,2,2,196.0
2026-09-01,cubesmart,FL,15x15,15,15,152.0
2026-09-01,cubesmart,FL,15x16,1,1,99.0
2026-09-01,cubesmart,FL,15x20,12,12,251.5
2026-09-01,cubesmart,FL,15x25,2,2,446.5
2026-09-01,cubesmart,FL,15x30,4,4,465.0
2026-09-01,cubesmart,FL,15x5,9,9,45.0
2026-09-01,cubesmart,FL,15x50,3,3,336.0
2026-09-01,cubesmart,FL,15x7,2,2,103.0
2026-09-01,cubesmart,FL,15x8,1,1,70.0
2026-09-01,cubesmart,FL,16x10,1,1,72.0
2026-09-01,cubesmart,FL,16x12,3,3,97.0
2026-09-01,cubesmart,FL,16x15,2,2,102.5
2026-09-01,cubesmart,FL,16x16,2,2,187.5
2026-09-01,cubesmart,FL,16x45,1,1,259.0
2026-09-01,cubesmart,FL,16x55,1,1,506.0
2026-09-01,cubesmart,FL,16x8,2,2,129.5
2026-09-01,cubesmart,FL,18x10,3,3,156.0
2026-09-01,cubesmart,FL,18x18,1,1,279.0
2026-09-01,cubesmart,FL,18x20,1,1,262.0
2026-09-01,cubesmart,FL,18x7,1,1,143.0
2026-09-01,cubesmart,FL,20x10,73,73,176.0
2026-09-01,cubesmart,FL,20x11,1,1,196.0
2026-09-01,cubesmart,FL,20x12,4,4,214.5
2026-09-01,cubesmart,FL,20x13,1,1,222.0
2026-09-01,cubesmart,FL,20x15,66,66,211.0
2026-09-01,cubesmart,FL,20x17,1,1,381.0
2026-09-01,cubesmart,FL,20x18,1,1,104.0
2026-09-01,cubesmart,FL,20x20,67,67,269.0
2026-09-01,cubesmart,FL,20x22,1,1,559.0
2026-09-01,cubesmart,FL,20x25,6,6,372.5
2026-09-01,cubesmart,FL,20x30,4,4,402.5
2026-09-01,cubesmart,FL,20x45,1,1,507.0
2026-09-01,cubesmart,FL,20x50,1,1,540.0
2026-09-01,cubesmart,FL,20x6,2,2,77.5
2026-09-01,cubesmart,FL,20x60,1,1,566.0
2026-09-01,cubesmart,FL,20x7,3,3,130.0
2026-09-01,cubesmart,FL,20x7.5,2,2,201.5
2026-09-01,cubesmart,FL,20x8,6,6,104.0
2026-09-01,cubesmart,FL,24x12,1,1,326.0
2026-09-01,cubesmart,FL,25x10,4,4,318.0
2026-09-01,cubesmart,FL,26x20,1,1,286.0
2026-09-01,cubesmart,FL,28x20,1,1,432.0
2026-09-01,cubesmart,FL,2x3,1,1,32.0
2026-09-01,cubesmart,FL,2x4,1,1,13.0
2026-09-01,cubesmart,FL,30x10,5,5,263.0
2026-09-01,cubesmart,FL,30x12,1,1,128.0
2026-09-01,cubesmart,FL,30x20,1,1,425.0
2026-09-01,cubesmart,FL,30x25,1,1,458.0
2026-09-01,cubesmart,FL,3x12,1,1,19.0
2026-09-01,cubesmart,FL,3x2,1,1,32.0
2026-09-01,cubesmart,FL,3x3,5,5,9.0
2026-09-01,cubesmart,FL,3x4,10,10,14.5
2026-09-01,cubesmart,FL,3x5,8,8,20.0
2026-09-01,cubesmart,FL,3x6,2,2,20.0
2026-09-01,cubesmart,FL,3x9,1,1,34.0
2026-09-01,cubesmart,FL,40x25,1,1,649.0
2026-09-01,cubesmart,FL,4x10,10,10,47.0
2026-09-01,cubesmart,FL,4x12,1,1,38.0
2026-09-01,cubesmart,FL,4x15,1,1,55.0
2026-09-01,cubesmart,FL,4x3,1,1,7.0
2026-09-01,cubesmart,FL,4x4,22,22,12.0
2026-09-01,cubesmart,FL,4x5,35,35,23.0
2026-09-01,cubesmart,FL,4x6,11,11,22.0
2026-09-01,cubesmart,FL,4x7,2,2,28.5
2026-09-01,cubesmart,FL,4x8,13,13,36.0
2026-09-01,cubesmart,FL,50x12,1,1,160.0
2026-09-01,cubesmart,FL,5x10,303,303,53.0
2026-09-01,cubesmart,FL,5x11,1,1,61.0
2026-09-01,cubesmart,FL,5x12,13,13,74.0
2026-09-01,cubesmart,FL,5x12.5,2,2,118.5
2026-09-01,cubesmart,FL,5x14,1,1,64.0
2026-09-01,cubesmart,FL,5x15,70,70,59.5
2026-09-01,cubesmart,FL,5x18,1,1,68.0
2026-09-01,cubesmart,FL,5x20,10,10,76.5
2026-09-01,cubesmart,FL,5x21,1,1,90.0
2026-09-01,cubesmart,FL,5x3,8,8,15.0
2026-09-01,cubesmart,FL,5x30,1,1,172.0
2026-09-01,cubesmart,FL,5x4,11,11,22.0
2026-09-01,cubesmart,FL,5x5,362,362,32.0
2026-09-01,cubesmart,FL,5x6,19,19,39.0
2026-09-01,cubesmart,FL,5x7,30,30,48.5
2026-09-01,cubesmart,FL,5x7.5,9,9,56.0
2026-09-01,cubesmart,FL,5x8,41,41,46.0
2026-09-01,cubesmart,FL,5x9,7,7,52.0
2026-09-01,cubesmart,FL,60x12,1,1,176.0
2026-09-01,cubesmart,FL,6x10,13,13,73.0
2026-09-01,cubesmart,FL,6x12,4,4,79.5
2026-09-01,cubesmart,FL,6x15,2,2,73.5
2026-09-01,cubesmart,FL,6x16,1,1,59.0
2026-09-01,cubesmart,FL,6x3,2,2,29.5
2026-09-01,cubesmart,FL,6x5,2,2,52.5
2026-09-01,cubesmart,FL,6x6,5,5,26.0
2026-09-01,cubesmart,FL,6x7,6,6,29.5
2026-09-01,cubesmart,FL,6x8,10,10,53.5
2026-09-01,cubesmart,FL,6x9,1,1,91.0
2026-09-01,cubesmart,FL,7.5x10,27,27,78.0
2026-09-01,cubesmart,FL,7.5x15,7,7,60.0
2026-09-01,cubesmart,FL,7.5x20,3,3,164.0
2026-09-01,cubesmart,FL,7.5x5,1,1,54.0
2026-09-01,cubesmart,FL,7.5x7.5,2,2,24.5
2026-09-01,cubesmart,FL,7x10,25,25,73.0
2026-09-01,cubesmart,FL,7x12,4,4,76.5
2026-09-01,cubesmart,FL,7x13,2,2,75.0
2026-09-01,cubesmart,FL,7x14,2,2,42.0
2026-09-01,cubesmart,FL,7x15,5,5,60.0
2026-09-01,cubesmart,FL,7x18,1,1,80.0
2026-09-01,cubesmart,FL,7x20,3,3,119.0
2026-09-01,cubesmart,FL,7x25,1,1,324.0
2026-09-01,cubesmart,FL,7x5,5,5,63.0
2026-09-01,cubesmart,FL,7x6,1,1,22.0
2026-09-01,cubesmart,FL,7x7,1,1,60.0
2026-09-01,cubesmart,FL,7x8,1,1,51.0
2026-09-01,cubesmart,FL,7x9,2,2,46.0
2026-09-01,cubesmart,FL,8.5x10,1,1,48.0
2026-09-01,cubesmart,FL,8x10,36,36,77.0
2026-09-01,cubesmart,FL,8x10.5,1,1,209.0
2026-09-01,cubesmart,FL,8x12,7,7,68.0
2026-09-01,cubesmart,FL,8x13,1,1,163.0
2026-09-01,cubesmart,FL,8x14,2,2,69.0
2026-09-01,cubesmart,FL,8x15,13,13,129.0
2026-09-01,cubesmart,FL,8x16,1,1,150.0
2026-09-01,cubesmart,FL,8x20,1,1,290.0
2026-09-01,cubesmart,FL,8x30,1,1,115.0
2026-09-01,cubesmart,FL,8x5,6,6,31.5
2026-09-01,cubesmart,FL,8x6,1,1,103.0
2026-09-01,cubesmart,FL,8x8,12,12,53.0
2026-09-01,cubesmart,FL,8x9,1,1,107.0
2026-09-01,cubesmart,FL,9x10,12,12,81.5
2026-09-01,cubesmart,FL,9x15,2,2,102.0
2026-09-01,cubesmart,FL,9x20,3,3,157.0
2026-09-01,cubesmart,FL,9x24,1,1,265.0
2026-09-01,cubesmart,FL,9x25,1,1,169.0
2026-09-01,cubesmart,FL,9x33,1,1,169.0
2026-09-01,cubesmart,FL,9x7.5,1,1,28.0
2026-09-01,cubesmart,FL,9x8,1,1,57.0
2026-09-01,cubesmart,FL,Other,159,159,98.0
2026-09-01,cubesmart,GA,10x10,71,71,70.0
2026-09-01,cubesmart,GA,10x11,2,2,66.5
2026-09-01,cubesmart,GA,10x12,3,3,125.0
2026-09-01,cubesmart,GA,10x12.5,1,1,88.0
2026-09-01,cubesmart,GA,10x15,56,56,96.5
2026-09-01,cubesmart,GA,10x18,1,1,203.0
2026-09-01,cubesmart,GA,10x2,2,2,30.0
2026-09-01,cubesmart,GA,10x20,52,52,142.0
2026-09-01,cubesmart,GA,10x25,15,15,190.0
2026-09-01,cubesmart,GA,10x28,1,1,100.0
2026-09-01,cubesmart,GA,10x3,1,1,35.0
2026-09-01,cubesmart,GA,10x30,26,26,204.0
2026-09-01,cubesmart,GA,10x35,1,1,370.0
2026-09-01,cubesmart,GA,10x38,1,1,446.0
2026-09-01,cubesmart,GA,10x4,2,2,55.5
2026-09-01,cubesmart,GA,10x40,2,2,392.0
2026-09-01,cubesmart,GA,10x5,31,31,47.0
2026-09-01,cubesmart,GA,10x7,3,3,49.0
2026-09-01,cubesmart,GA,10x7.5,2,2,46.5
2026-09-01,cubesmart,GA,10x8,1,1,35.0
2026-09-01,cubesmart,GA,10x9,2,2,70.0
2026-09-01,cubesmart,GA,12x10,1,1,125.0
2026-09-01,cubesmart,GA,12x12,1,1,79.0
2026-09-01,cubesmart,GA,12x15,1,1,105.0
2026-09-01,cubesmart,GA,12x20,1,1,253.0
2026-09-01,cubesmart,GA,12x25,1,1,111.0
2026-09-01,cubesmart,GA,12x30,1,1,229.0
2026-09-01,cubesmart,GA,13x13,1,1,156.0
2026-09-01,cubesmart,GA,13x15,1,1,145.0
2026-09-01,cubesmart,GA,14x40,1,1,304.0
2026-09-01,cubesmart,GA,15x10,4,4,111.0
2026-09-01,cubesmart,GA,15x15,1,1,193.0
2026-09-01,cubesmart,GA,15x16,1,1,110.0
2026-09-01,cubesmart,GA,15x20,1,1,148.0
2026-09-01,cubesmart,GA,16x10,1,1,130.0
2026-09-01,cubesmart,GA,16x15,1,1,110.0
2026-09-01,cubesmart,GA,16x20,1,1,125.0
2026-09-01,cubesmart,GA,20x10,12,12,153.5
2026-09-01,cubesmart,GA,20x12.5,1,1,176.0
2026-09-01,cubesmart,GA,20x14,1,1,135.0
2026-09-01,cubesmart,GA,20x15,13,13,199.0
2026-09-01,cubesmart,GA,20x20,9,9,247.0
2026-09-01,cubesmart,GA,20x25,2,2,521.0
2026-09-01,cubesmart,GA,20x30,2,2,290.5
2026-09-01,cubesmart,GA,20x5,3,3,57.0
2026-09-01,cubesmart,GA,20x7,1,1,153.0
2026-09-01,cubesmart,GA,30x10,1,1,242.0
2026-09-01,cubesmart,GA,5x10,54,54,37.0
2026-09-01,cubesmart,GA,5x12,1,1,44.0
2026-09-01,cubesmart,GA,5x14,1,1,50.0
2026-09-01,cubesmart,GA,5x15,11,11,53.0
2026-09-01,cubesmart,GA,5x20,1,1,45.0
2026-09-01,cubesmart,GA,5x5,59,59,28.0
2026-09-01,cubesmart,GA,5x7,3,3,51.0
2026-09-01,cubesmart,GA,5x8,4,4,33.0
2026-09-01,cubesmart,GA,5x9,1,1,39.0
2026-09-01,cubesmart,GA,6x10,2,2,38.5
2026-09-01,cubesmart,GA,6x20,2,2,36.0
2026-09-01,cubesmart,GA,7.5x10,2,2,47.5
2026-09-01,cubesmart,GA,7x10,2,2,44.5
2026-09-01,cubesmart,GA,7x9,4,4,56.0
2026-09-01,cubesmart,GA,8x10,9,9,39.0
2026-09-01,cubesmart,GA,8x15,1,1,25.0
2026-09-01,cubesmart,GA,8x16,1,1,30.0
2026-09-01,cubesmart,GA,8x20,1,1,42.0
2026-09-01,cubesmart,GA,8x5,1,1,40.0
2026-09-01,cubesmart,GA,9x10,1,1,99.0
2026-09-01,cubesmart,GA,9x7,1,1,49.0
2026-09-01,cubesmart,GA,Other,37,37,123.0
2026-09-01,cubesmart,IA,10x10,2,2,63.5
2026-09-01,cubesmart,IA,10x15,2,2,98.5
2026-09-01,cubesmart,IA,10x20,1,1,106.0
2026-09-01,cubesmart,IA,10x30,1,1,202.0
2026-09-01,cubesmart,IA,4x5,1,1,19.0
2026-09-01,cubesmart,IA,5x15,1,1,98.0
2026-09-01,cubesmart,IA,5x5,4,4,26.0
2026-09-01,cubesmart,IA,5x8,1,1,69.0
2026-09-01,cubesmart,IA,7x15,1,1,106.0
2026-09-01,cubesmart,IA,Other,2,2,34.0
2026-09-01,cubesmart,IL,10x10,111,111,98.0
2026-09-01,cubesmart,IL,10x11,4,4,95.5
2026-09-01,cubesmart,IL,10x12,11,11,126.0
2026-09-01,cubesmart,IL,10x12.5,3,3,137.0
2026-09-01,cubesmart,IL,10x13,6,6,99.0
2026-09-01,cubesmart,IL,10x14,2,2,94.0
2026-09-01,cubesmart,IL,10x15,92,92,139.0
2026-09-01,cubesmart,IL,10x17,1,1,212.0
2026-09-01,cubesmart,IL,10x18,2,2,140.5
2026-09-01,cubesmart,IL,10x20,88,88,184.0
2026-09-01,cubesmart,IL,10x22,3,3,203.0
2026-09-01,cubesmart,IL,10x22.5,1,1,141.0
2026-09-01,cubesmart,IL,10x23,3,3,194.0
2026-09-01,cubesmart,IL,10x24,2,2,169.0
2026-09-01,cubesmart,IL,10x25,44,44,209.5
2026-09-01,cubesmart,IL,10x30,31,31,267.0
2026-09-01,cubesmart,IL,10x35,1,1,268.0
2026-09-01,cubesmart,IL,10x4,1,1,60.0
2026-09-01,cubesmart,IL,10x40,1,1,161.0
2026-09-01,cubesmart,IL,10x5,25,25,58.0
2026-09-01,cubesmart,IL,10x6,2,2,101.5
2026-09-01,cubesmart,IL,10x7,2,2,67.0
2026-09-01,cubesmart,IL,10x7.5,4,4,76.5
2026-09-01,cubesmart,IL,10x8,2,2,95.0
2026-09-01,cubesmart,IL,10x9,3,3,85.0
2026-09-01,cubesmart,IL,11x10,1,1,106.0
2026-09-01,cubesmart,IL,11x12,1,1,83.0
2026-09-01,cubesmart,IL,11x14,1,1,108.0
2026-09-01,cubesmart,IL,11x16,1,1,99.0
2026-09-01,cubesmart,IL,11x20,1,1,106.0
2026-09-01,cubesmart,IL,11x25,1,1,130.0
2026-09-01,cubesmart,IL,11x30,1,1,154.0
2026-09-01,cubesmart,IL,12x10,1,1,116.0
2026-09-01,cubesmart,IL,12x12,4,4,138.0
2026-09-01,cubesmart,IL,12x15,3,3,150.0
2026-09-01,cubesmart,IL,12x20,5,5,228.0
2026-09-01,cubesmart,IL,12x25,3,3,172.0
2026-09-01,cubesmart,IL,12x26,1,1,374.0
2026-09-01,cubesmart,IL,12x30,1,1,190.0
2026-09-01,cubesmart,IL,12x33,1,1,215.0
2026-09-01,cubesmart,IL,12x38,1,1,229.0
2026-09-01,cubesmart,IL,12x50,2,2,313.5
2026-09-01,cubesmart,IL,13x15,1,1,220.0
2026-09-01,cubesmart,IL,14x12,1,1,99.0
2026-09-01,cubesmart,IL,14x15,1,1,212.0
2026-09-01,cubesmart,IL,15x10,6,6,137.0
2026-09-01,cubesmart,IL,15x15,3,3,198.0
2026-09-01,cubesmart,IL,15x20,1,1,277.0
2026-09-01,cubesmart,IL,15x22,1,1,207.0
2026-09-01,cubesmart,IL,15x4,1,1,88.0
2026-09-01,cubesmart,IL,15x5,1,1,60.0
2026-09-01,cubesmart,IL,20x10,14,14,208.0
2026-09-01,cubesmart,IL,20x12,1,1,169.0
2026-09-01,cubesmart,IL,20x13,1,1,353.0
2026-09-01,cubesmart,IL,20x15,11,11,216.0
2026-09-01,cubesmart,IL,20x20,15,15,283.0
2026-09-01,cubesmart,IL,20x23,1,1,375.0
2026-09-01,cubesmart,IL,20x25,6,6,381.0
2026-09-01,cubesmart,IL,20x30,1,1,279.0
2026-09-01,cubesmart,IL,20x5,1,1,72.0
2026-09-01,cubesmart,IL,24x25,2,2,313.5
2026-09-01,cubesmart,IL,25x30,1,1,205.0
2026-09-01,cubesmart,IL,2x2,2,2,16.5
2026-09-01,cubesmart,IL,2x4,3,3,26.0
2026-09-01,cubesmart,IL,35x15,1,1,184.0
2026-09-01,cubesmart,IL,3x2,2,2,26.0
2026-09-01,cubesmart,IL,3x4,2,2,9.0
2026-09-01,cubesmart,IL,40x30,1,1,498.0
2026-09-01,cubesmart,IL,4x10,2,2,48.0
2026-09-01,cubesmart,IL,4x11,1,1,71.0
2026-09-01,cubesmart,IL,4x2,1,1,26.0
2026-09-01,cubesmart,IL,4x4,5,5,18.0
2026-09-01,cubesmart,IL,4x6,1,1,7.0
2026-09-01,cubesmart,IL,5x10,97,97,52.0
2026-09-01,cubesmart,IL,5x11,3,3,45.0
2026-09-01,cubesmart,IL,5x12,6,6,53.0
2026-09-01,cubesmart,IL,5x15,28,28,68.5
2026-09-01,cubesmart,IL,5x16,1,1,55.0
2026-09-01,cubesmart,IL,5x20,4,4,92.0
2026-09-01,cubesmart,IL,5x22,1,1,82.0
2026-09-01,cubesmart,IL,5x4,2,2,33.0
2026-09-01,cubesmart,IL,5x5,95,95,33.0
2026-09-01,cubesmart,IL,5x6,6,6,37.5
2026-09-01,cubesmart,IL,5x7,7,7,50.0
2026-09-01,cubesmart,IL,5x7.5,5,5,49.0
2026-09-01,cubesmart,IL,5x8,6,6,43.0
2026-09-01,cubesmart,IL,5x9,2,2,46.0
2026-09-01,cubesmart,IL,6x10,4,4,43.5
2026-09-01,cubesmart,IL,6x11,1,1,49.0
2026-09-01,cubesmart,IL,6x12,2,2,54.5
2026-09-01,cubesmart,IL,6x15,1,1,62.0
2026-09-01,cubesmart,IL,6x5,1,1,40.0
2026-09-01,cubesmart,IL,6x8,1,1,16.0
2026-09-01,cubesmart,IL,6x9,1,1,59.0
2026-09-01,cubesmart,IL,7.5x10,6,6,80.0
2026-09-01,cubesmart,IL,7.5x5,1,1,57.0
2026-09-01,cubesmart,IL,7x10,5,5,71.0
2026-09-01,cubesmart,IL,7x11,2,2,109.5
2026-09-01,cubesmart,IL,7x12,3,3,64.0
2026-09-01,cubesmart,IL,7x14,1,1,105.0
2026-09-01,cubesmart,IL,7x15,2,2,104.5
2026-09-01,cubesmart,IL,7x16,1,1,75.0
2026-09-01,cubesmart,IL,7x18,1,1,87.0
2026-09-01,cubesmart,IL,7x5,1,1,56.0
2026-09-01,cubesmart,IL,7x7,1,1,38.0
2026-09-01,cubesmart,IL,7x8,1,1,60.0
2026-09-01,cubesmart,IL,8.5x10,1,1,90.0
2026-09-01,cubesmart,IL,8x10,9,9,82.0
2026-09-01,cubesmart,IL,8x11,1,1,70.0
2026-09-01,cubesmart,IL,8x12,1,1,75.0
2026-09-01,cubesmart,IL,8x15,1,1,80.0
2026-09-01,cubesmart,IL,8x16,1,1,128.0
2026-09-01,cubesmart,IL,8x20,3,3,90.0
2026-09-01,cubesmart,IL,8x25,1,1,244.0
2026-09-01,cubesmart,IL,8x40,1,1,457.0
2026-09-01,cubesmart,IL,8x5,1,1,47.0
2026-09-01,cubesmart,IL,8x8,1,1,67.0
2026-09-01,cubesmart,IL,9x10,2,2,69.0
2026-09-01,cubesmart,IL,9x12,1,1,76.0
2026-09-01,cubesmart,IL,9x20,2,2,114.5
2026-09-01,cubesmart,IL,9x23,1,1,289.0
2026-09-01,cubesmart,IL,9x30,1,1,265.0
2026-09-01,cubesmart,IL,9x9,3,3,101.0
2026-09-01,cubesmart,IL,Other,45,45,80.0
2026-09-01,cubesmart,IN,10x10,24,24,70.5
2026-09-01,cubesmart,IN,10x12,3,3,134.0
2026-09-01,cubesmart,IN,10x12.5,2,2,58.5
2026-09-01,cubesmart,IN,10x13,3,3,73.0
2026-09-01,cubesmart,IN,10x13.5,1,1,53.0
2026-09-01,cubesmart,IN,10x14,2,2,110.0
2026-09-01,cubesmart,IN,10x15,18,18,91.0
2026-09-01,cubesmart,IN,10x17,1,1,158.0
2026-09-01,cubesmart,IN,10x18,2,2,91.0
2026-09-01,cubesmart,IN,10x19,1,1,187.0
2026-09-01,cubesmart,IN,10x20,20,20,120.5
2026-09-01,cubesmart,IN,10x22,1,1,152.0
2026-09-01,cubesmart,IN,10x25,5,5,165.0
2026-09-01,cubesmart,IN,10x27,1,1,266.0
2026-09-01,cubesmart,IN,10x30,3,3,196.0
2026-09-01,cubesmart,IN,10x5,6,6,45.5
2026-09-01,cubesmart,IN,10x7,1,1,71.0
2026-09-01,cubesmart,IN,10x7.5,1,1,39.0
2026-09-01,cubesmart,IN,12x20,1,1,158.0
2026-09-01,cubesmart,IN,12x23,1,1,194.0
2026-09-01,cubesmart,IN,12x40,1,1,236.0
2026-09-01,cubesmart,IN,12x7,1,1,120.0
2026-09-01,cubesmart,IN,13x5,1,1,101.0
2026-09-01,cubesmart,IN,15x20,2,2,154.0
2026-09-01,cubesmart,IN,16x17,1,1,234.0
2026-09-01,cubesmart,IN,16x48,1,1,1938.0
2026-09-01,cubesmart,IN,20x10,4,4,122.0
2026-09-01,cubesmart,IN,20x13,2,2,143.0
2026-09-01,cubesmart,IN,20x14,1,1,193.0
2026-09-01,cubesmart,IN,20x15,6,6,148.0
2026-09-01,cubesmart,IN,20x17,1,1,285.0
2026-09-01,cubesmart,IN,20x19,1,1,302.0
2026-09-01,cubesmart,IN,20x20,3,3,164.0
2026-09-01,cubesmart,IN,30x10,2,2,280.0
2026-09-01,cubesmart,IN,4x9,1,1,68.0
2026-09-01,cubesmart,IN,5x10,17,17,50.0
2026-09-01,cubesmart,IN,5x13,1,1,46.0
2026-09-01,cubesmart,IN,5x17,1,1,96.0
2026-09-01,cubesmart,IN,5x20,1,1,55.0
2026-09-01,cubesmart,IN,5x3,2,2,17.5
2026-09-01,cubesmart,IN,5x4,1,1,38.0
2026-09-01,cubesmart,IN,5x5,9,9,38.0
2026-09-01,cubesmart,IN,5x6,1,1,52.0
2026-09-01,cubesmart,IN,5x7,3,3,53.0
2026-09-01,cubesmart,IN,5x7.5,1,1,24.0
2026-09-01,cubesmart,IN,5x8,2,2,51.0
2026-09-01,cubesmart,IN,6x10,1,1,52.0
2026-09-01,cubesmart,IN,6x12,1,1,59.0
2026-09-01,cubesmart,IN,6x8,2,2,47.0
2026-09-01,cubesmart,IN,6x9,1,1,54.0
2026-09-01,cubesmart,IN,7.5x10,4,4,61.5
2026-09-01,cubesmart,IN,7x10,3,3,84.0
2026-09-01,cubesmart,IN,7x5,1,1,78.0
2026-09-01,cubesmart,IN,7x9,1,1,70.0
2026-09-01,cubesmart,IN,8x10,2,2,79.5
2026-09-01,cubesmart,IN,8x8,2,2,83.5
2026-09-01,cubesmart,IN,9x14,1,1,67.0
2026-09-01,cubesmart,IN,9x9,1,1,83.0
2026-09-01,cubesmart,IN,Other,7,7,56.0
2026-09-01,cubesmart,KS,10x10,2,2,107.0
2026-09-01,cubesmart,KS,10x12,1,1,44.0
2026-09-01,cubesmart,KS,10x14,1,1,45.0
2026-09-01,cubesmart,KS,10x15,2,2,118.0
2026-09-01,cubesmart,KS,10x20,1,1,300.0
2026-09-01,cubesmart,KS,10x5,2,2,27.5
2026-09-01,cubesmart,KS,10x6,1,1,23.0
2026-09-01,cubesmart,KS,10x7,1,1,26.0
2026-09-01,cubesmart,KS,12x40,1,1,113.0
2026-09-01,cubesmart,KS,4x7,1,1,56.0
2026-09-01,cubesmart,KS,5x10,2,2,65.5
2026-09-01,cubesmart,KS,5x5,3,3,20.0
2026-09-01,cubesmart,KS,5x7.5,1,1,55.0
2026-09-01,cubesmart,KS,5x9,1,1,22.0
2026-09-01,cubesmart,KS,6x10,1,1,23.0
2026-09-01,cubesmart,KS,8x14,1,1,46.0
2026-09-01,cubesmart,KY,10x10,12,12,88.0
2026-09-01,cubesmart,KY,10x15,12,12,98.0
2026-09-01,cubesmart,KY,10x20,11,11,142.0
2026-09-01,cubesmart,KY,10x30,6,6,192.5
2026-09-01,cubesmart,KY,10x40,1,1,278.0
2026-09-01,cubesmart,KY,10x7.5,3,3,48.0
2026-09-01,cubesmart,KY,12x40,1,1,137.0
2026-09-01,cubesmart,KY,13x20,1,1,163.0
2026-09-01,cubesmart,KY,15x10,1,1,115.0
2026-09-01,cubesmart,KY,15x15,1,1,221.0
2026-09-01,cubesmart,KY,15x20,1,1,202.0
2026-09-01,cubesmart,KY,20x10,1,1,134.0
2026-09-01,cubesmart,KY,20x15,1,1,178.0
2026-09-01,cubesmart,KY,5x10,14,14,59.0
2026-09-01,cubesmart,KY,5x15,3,3,78.0
2026-09-01,cubesmart,KY,5x2,1,1,14.0
2026-09-01,cubesmart,KY,5x5,7,7,32.0
2026-09-01,cubesmart,KY,5x7.5,1,1,25.0
2026-09-01,cubesmart,KY,5x8,1,1,36.0
2026-09-01,cubesmart,KY,7.5x10,1,1,64.0
2026-09-01,cubesmart,KY,Other,7,7,52.0
2026-09-01,cubesmart,LA,10x10,17,17,75.0
2026-09-01,cubesmart,LA,10x12.5,2,2,98.0
2026-09-01,cubesmart,LA,10x14,1,1,178.0
2026-09-01,cubesmart,LA,10x15,15,15,67.0
2026-09-01,cubesmart,LA,10x18,1,1,89.0
2026-09-01,cubesmart,LA,10x20,13,13,146.0
2026-09-01,cubesmart,LA,10x25,7,7,176.0
2026-09-01,cubesmart,LA,10x30,6,6,181.5
2026-09-01,cubesmart,LA,10x5,5,5,75.0
2026-09-01,cubesmart,LA,10x7.5,3,3,64.0
2026-09-01,cubesmart,LA,10x8,1,1,130.0
2026-09-01,cubesmart,LA,12.5x7.5,1,1,73.0
2026-09-01,cubesmart,LA,12x30,1,1,83.0
2026-09-01,cubesmart,LA,13x5,1,1,123.0
2026-09-01,cubesmart,LA,15x10,1,1,63.0
2026-09-01,cubesmart,LA,15x5,2,2,55.5
2026-09-01,cubesmart,LA,17.5x7.5,1,1,94.0
2026-09-01,cubesmart,LA,20x10,3,3,119.0
2026-09-01,cubesmart,LA,20x15,2,2,129.5
2026-09-01,cubesmart,LA,20x20,3,3,236.0
2026-09-01,cubesmart,LA,20x25,1,1,463.0
2026-09-01,cubesmart,LA,20x5,1,1,161.0
2026-09-01,cubesmart,LA,20x7.5,1,1,119.0
2026-09-01,cubesmart,LA,5x10,13,13,37.0
2026-09-01,cubesmart,LA,5x12.5,1,1,43.0
2026-09-01,cubesmart,LA,5x15,5,5,42.0
2026-09-01,cubesmart,LA,5x5,13,13,41.0
2026-09-01,cubesmart,LA,5x7,1,1,80.0
2026-09-01,cubesmart,LA,5x9,1,1,92.0
2026-09-01,cubesmart,LA,7.5x10,2,2,74.0
2026-09-01,cubesmart,LA,7.5x7,1,1,61.0
2026-09-01,cubesmart,LA,8x10,1,1,43.0
2026-09-01,cubesmart,LA,8x5,1,1,49.0
2026-09-01,cubesmart,LA,9x10,2,2,69.0
2026-09-01,cubesmart,LA,9x20,1,1,86.0
2026-09-01,cubesmart,LA,Other,8,8,38.5
2026-09-01,cubesmart,MA,10.5x20,1,1,818.0
2026-09-01,cubesmart,MA,10x10,88,88,101.5
2026-09-01,cubesmart,MA,10x11,2,2,103.0
2026-09-01,cubesmart,MA,10x12,10,10,106.5
2026-09-01,cubesmart,MA,10x12.5,1,1,347.0
2026-09-01,cubesmart,MA,10x13,3,3,71.0
2026-09-01,cubesmart,MA,10x14,5,5,140.0
2026-09-01,cubesmart,MA,10x15,69,69,142.0
2026-09-01,cubesmart,MA,10x16,1,1,102.0
2026-09-01,cubesmart,MA,10x17,3,3,106.0
2026-09-01,cubesmart,MA,10x18,6,6,201.5
2026-09-01,cubesmart,MA,10x20,55,55,182.0
2026-09-01,cubesmart,MA,10x22,4,4,196.5
2026-09-01,cubesmart,MA,10x23,2,2,200.5
2026-09-01,cubesmart,MA,10x25,19,19,233.0
2026-09-01,cubesmart,MA,10x28,1,1,295.0
2026-09-01,cubesmart,MA,10x30,24,24,246.0
2026-09-01,cubesmart,MA,10x35,1,1,632.0
2026-09-01,cubesmart,MA,10x37,1,1,375.0
2026-09-01,cubesmart,MA,10x40,4,4,319.5
2026-09-01,cubesmart,MA,10x5,37,37,62.0
2026-09-01,cubesmart,MA,10x6,1,1,73.0
2026-09-01,cubesmart,MA,10x7,8,8,66.0
2026-09-01,cubesmart,MA,10x7.5,4,4,66.5
2026-09-01,cubesmart,MA,10x8,10,10,71.5
2026-09-01,cubesmart,MA,10x9,4,4,82.5
2026-09-01,cubesmart,MA,11x10,1,1,106.0
2026-09-01,cubesmart,MA,11x16,1,1,386.0
2026-09-01,cubesmart,MA,11x2.5,1,1,155.0
2026-09-01,cubesmart,MA,11x5,1,1,71.0
2026-09-01,cubesmart,MA,12x10,2,2,147.0
2026-09-01,cubesmart,MA,12x12,3,3,163.0
2026-09-01,cubesmart,MA,12x15,2,2,309.5
2026-09-01,cubesmart,MA,12x17,1,1,529.0
2026-09-01,cubesmart,MA,12x18,2,2,121.0
2026-09-01,cubesmart,MA,12x20,2,2,352.0
2026-09-01,cubesmart,MA,12x28,1,1,255.0
2026-09-01,cubesmart,MA,12x5,1,1,101.0
2026-09-01,cubesmart,MA,12x7,1,1,45.0
2026-09-01,cubesmart,MA,13x13,1,1,382.0
2026-09-01,cubesmart,MA,13x20,1,1,569.0
2026-09-01,cubesmart,MA,13x29,1,1,247.0
2026-09-01,cubesmart,MA,13x6,1,1,71.0
2026-09-01,cubesmart,MA,13x8,1,1,91.0
2026-09-01,cubesmart,MA,13x9,2,2,102.0
2026-09-01,cubesmart,MA,14x10,2,2,100.0
2026-09-01,cubesmart,MA,14x13,1,1,135.0
2026-09-01,cubesmart,MA,14x18,1,1,662.0
2026-09-01,cubesmart,MA,14x27,1,1,294.0
2026-09-01,cubesmart,MA,14x5,1,1,166.0
2026-09-01,cubesmart,MA,14x7,1,1,59.0
2026-09-01,cubesmart,MA,15x10,5,5,187.0
2026-09-01,cubesmart,MA,15x15,2,2,194.0
2026-09-01,cubesmart,MA,15x17,1,1,246.0
2026-09-01,cubesmart,MA,15x20,4,4,266.0
2026-09-01,cubesmart,MA,15x23,1,1,1066.0
2026-09-01,cubesmart,MA,15x3,1,1,52.0
2026-09-01,cubesmart,MA,15x30,1,1,278.0
2026-09-01,cubesmart,MA,15x5,3,3,88.0
2026-09-01,cubesmart,MA,16x10,2,2,178.5
2026-09-01,cubesmart,MA,16x15,1,1,271.0
2026-09-01,cubesmart,MA,16x16,1,1,567.0
2026-09-01,cubesmart,MA,17x10,1,1,168.0
2026-09-01,cubesmart,MA,18x10,1,1,185.0
2026-09-01,cubesmart,MA,19x8,1,1,190.0
2026-09-01,cubesmart,MA,20x10,16,16,192.5
2026-09-01,cubesmart,MA,20x12,1,1,157.0
2026-09-01,cubesmart,MA,20x15,12,12,210.5
2026-09-01,cubesmart,MA,20x17,2,2,282.0
2026-09-01,cubesmart,MA,20x20,9,9,307.0
2026-09-01,cubesmart,MA,20x25,3,3,422.0
2026-09-01,cubesmart,MA,20x30,3,3,428.0
2026-09-01,cubesmart,MA,20x5,2,2,67.5
2026-09-01,cubesmart,MA,20x8,1,1,96.0
2026-09-01,cubesmart,MA,20x9,1,1,136.0
2026-09-01,cubesmart,MA,25x10,2,2,259.5
2026-09-01,cubesmart,MA,26x5,1,1,145.0
2026-09-01,cubesmart,MA,28x9,1,1,278.0
2026-09-01,cubesmart,MA,2x5,2,2,17.5
2026-09-01,cubesmart,MA,30x10,1,1,265.0
2026-09-01,cubesmart,MA,30x15,3,3,328.0
2026-09-01,cubesmart,MA,3x10,2,2,26.0
2026-09-01,cubesmart,MA,3x4,1,1,80.0
2026-09-01,cubesmart,MA,3x5,6,6,18.5
2026-09-01,cubesmart,MA,3x8,2,2,31.5
2026-09-01,cubesmart,MA,4x10,2,2,42.0
2026-09-01,cubesmart,MA,4x4,4,4,61.0
2026-09-01,cubesmart,MA,4x5,2,2,118.0
2026-09-01,cubesmart,MA,4x7,1,1,23.0
2026-09-01,cubesmart,MA,4x8,3,3,122.0
2026-09-01,cubesmart,MA,50x10,1,1,287.0
2026-09-01,cubesmart,MA,50x15,1,1,308.0
2026-09-01,cubesmart,MA,5x10,66,66,68.5
2026-09-01,cubesmart,MA,5x11,1,1,70.0
2026-09-01,cubesmart,MA,5x12,3,3,72.0
2026-09-01,cubesmart,MA,5x13,2,2,50.0
2026-09-01,cubesmart,MA,5x15,13,13,92.0
2026-09-01,cubesmart,MA,5x17,2,2,116.0
2026-09-01,cubesmart,MA,5x18,1,1,102.0
2026-09-01,cubesmart,MA,5x20,4,4,58.5
2026-09-01,cubesmart,MA,5x3,1,1,17.0
2026-09-01,cubesmart,MA,5x36,1,1,96.0
2026-09-01,cubesmart,MA,5x4,1,1,35.0
2026-09-01,cubesmart,MA,5x5,91,91,45.0
2026-09-01,cubesmart,MA,5x6,3,3,42.0
2026-09-01,cubesmart,MA,5x7,5,5,52.0
2026-09-01,cubesmart,MA,5x7.5,2,2,129.0
2026-09-01,cubesmart,MA,5x8,15,15,67.0
2026-09-01,cubesmart,MA,5x9,1,1,178.0
2026-09-01,cubesmart,MA,6.5x10,2,2,224.0
2026-09-01,cubesmart,MA,6x10,3,3,93.0
2026-09-01,cubesmart,MA,6x12,1,1,193.0
2026-09-01,cubesmart,MA,6x15,2,2,184.5
2026-09-01,cubesmart,MA,6x4,1,1,45.0
2026-09-01,cubesmart,MA,6x5,3,3,52.0
2026-09-01,cubesmart,MA,6x6,2,2,138.5
2026-09-01,cubesmart,MA,6x7,1,1,107.0
2026-09-01,cubesmart,MA,6x8,2,2,117.0
2026-09-01,cubesmart,MA,7.5x10,4,4,130.0
2026-09-01,cubesmart,MA,7.5x18,1,1,71.0
2026-09-01,cubesmart,MA,7x10,8,8,95.5
2026-09-01,cubesmart,MA,7x12,1,1,131.0
2026-09-01,cubesmart,MA,7x13,2,2,149.0
2026-09-01,cubesmart,MA,7x14,1,1,115.0
2026-09-01,cubesmart,MA,7x5,2,2,51.0
2026-09-01,cubesmart,MA,7x8,2,2,54.5
2026-09-01,cubesmart,MA,8x10,16,16,86.0
2026-09-01,cubesmart,MA,8x14,1,1,143.0
2026-09-01,cubesmart,MA,8x15,5,5,116.0
2026-09-01,cubesmart,MA,8x18,1,1,187.0
2026-09-01,cubesmart,MA,8x20,4,4,160.0
2026-09-01,cubesmart,MA,8x25,1,1,492.0
2026-09-01,cubesmart,MA,8x28,1,1,121.0
2026-09-01,cubesmart,MA,8x5,2,2,63.5
2026-09-01,cubesmart,MA,8x8,4,4,111.5
2026-09-01,cubesmart,MA,9x10,3,3,89.0
2026-09-01,cubesmart,MA,9x12,1,1,362.0
2026-09-01,cubesmart,MA,9x15,1,1,120.0
2026-09-01,cubesmart,MA,9x20,1,1,136.0
2026-09-01,cubesmart,MA,9x5,1,1,65.0
2026-09-01,cubesmart,MA,9x8,1,1,115.0
2026-09-01,cubesmart,MA,9x9,1,1,55.0
2026-09-01,cubesmart,MA,Other,18,18,80.5
2026-09-01,cubesmart,MD,10x10,67,67,125.0
2026-09-01,cubesmart,MD,10x12,4,4,144.5
2026-09-01,cubesmart,MD,10x13,3,3,138.0
2026-09-01,cubesmart,MD,10x14,2,2,153.0
2026-09-01,cubesmart,MD,10x15,55,55,174.0
2026-09-01,cubesmart,MD,10x17,2,2,137.0
2026-09-01,cubesmart,MD,10x17.5,1,1,122.0
2026-09-01,cubesmart,MD,10x18,3,3,251.0
2026-09-01,cubesmart,MD,10x20,54,54,244.0
2026-09-01,cubesmart,MD,10x25,12,12,314.0
2026-09-01,cubesmart,MD,10x30,25,25,315.0
2026-09-01,cubesmart,MD,10x35,1,1,190.0
2026-09-01,cubesmart,MD,10x40,1,1,195.0
2026-09-01,cubesmart,MD,10x5,15,15,77.0
2026-09-01,cubesmart,MD,10x7,3,3,94.0
2026-09-01,cubesmart,MD,10x7.5,11,11,116.0
2026-09-01,cubesmart,MD,10x8,1,1,71.0
2026-09-01,cubesmart,MD,10x9,1,1,109.0
2026-09-01,cubesmart,MD,12x10,1,1,331.0
2026-09-01,cubesmart,MD,12x20,2,2,361.5
2026-09-01,cubesmart,MD,12x35,1,1,235.0
2026-09-01,cubesmart,MD,13x10,1,1,136.0
2026-09-01,cubesmart,MD,14x10,1,1,196.0
2026-09-01,cubesmart,MD,15x10,3,3,107.0
2026-09-01,cubesmart,MD,15x15,2,2,184.5
2026-09-01,cubesmart,MD,15x20,1,1,178.0
2026-09-01,cubesmart,MD,15x4,1,1,120.0
2026-09-01,cubesmart,MD,20x10,13,13,249.0
2026-09-01,cubesmart,MD,20x15,5,5,365.0
2026-09-01,cubesmart,MD,20x20,5,5,329.0
2026-09-01,cubesmart,MD,20x30,1,1,626.0
2026-09-01,cubesmart,MD,20x5,1,1,107.0
2026-09-01,cubesmart,MD,20x7,1,1,128.0
2026-09-01,cubesmart,MD,20x8,1,1,111.0
2026-09-01,cubesmart,MD,3x3,3,3,13.0
2026-09-01,cubesmart,MD,3x4,2,2,13.5
2026-09-01,cubesmart,MD,3x7,1,1,106.0
2026-09-01,cubesmart,MD,3x8,2,2,23.5
2026-09-01,cubesmart,MD,4x10,1,1,55.0
2026-09-01,cubesmart,MD,4x4,3,3,21.0
2026-09-01,cubesmart,MD,4x5,1,1,103.0
2026-09-01,cubesmart,MD,5x10,52,52,67.0
2026-09-01,cubesmart,MD,5x12,2,2,113.0
2026-09-01,cubesmart,MD,5x14,1,1,64.0
2026-09-01,cubesmart,MD,5x15,16,16,81.5
2026-09-01,cubesmart,MD,5x17,1,1,218.0
2026-09-01,cubesmart,MD,5x30,1,1,155.0
2026-09-01,cubesmart,MD,5x4,2,2,57.5
2026-09-01,cubesmart,MD,5x5,64,64,41.0
2026-09-01,cubesmart,MD,5x6,1,1,47.0
2026-09-01,cubesmart,MD,5x7,6,6,58.0
2026-09-01,cubesmart,MD,5x7.5,1,1,47.0
2026-09-01,cubesmart,MD,5x8,10,10,56.5
2026-09-01,cubesmart,MD,5x9,1,1,61.0
2026-09-01,cubesmart,MD,6x10,2,2,59.0
2026-09-01,cubesmart,MD,7.5x10,7,7,114.0
2026-09-01,cubesmart,MD,7.5x5,1,1,58.0
2026-09-01,cubesmart,MD,7x10,12,12,85.5
2026-09-01,cubesmart,MD,7x16,1,1,124.0
2026-09-01,cubesmart,MD,7x5,1,1,58.0
2026-09-01,cubesmart,MD,7x8,1,1,61.0
2026-09-01,cubesmart,MD,8x10,5,5,102.0
2026-09-01,cubesmart,MD,8x12,1,1,58.0
2026-09-01,cubesmart,MD,8x13,1,1,115.0
2026-09-01,cubesmart,MD,8x20,1,1,220.0
2026-09-01,cubesmart,MD,8x5,1,1,136.0
2026-09-01,cubesmart,MD,8x7,1,1,61.0
2026-09-01,cubesmart,MD,8x8,1,1,175.0
2026-09-01,cubesmart,MD,8x9,1,1,91.0
2026-09-01,cubesmart,MD,9x10,1,1,112.0
2026-09-01,cubesmart,MD,9x20,1,1,314.0
2026-09-01,cubesmart,MD,9x5,1,1,71.0
2026-09-01,cubesmart,MD,Other,23,23,90.0
2026-09-01,cubesmart,ME,10x10,6,6,73.0
2026-09-01,cubesmart,ME,10x15,5,5,105.0
2026-09-01,cubesmart,ME,10x20,5,5,121.0
2026-09-01,cubesmart,ME,10x30,2,2,197.5
2026-09-01,cubesmart,ME,10x5,2,2,46.0
2026-09-01,cubesmart,ME,10x8,2,2,66.5
2026-09-01,cubesmart,ME,15x10,1,1,96.0
2026-09-01,cubesmart,ME,15x15,1,1,188.0
2026-09-01,cubesmart,ME,15x20,1,1,213.0
2026-09-01,cubesmart,ME,15x5,1,1,61.0
2026-09-01,cubesmart,ME,20x10,2,2,148.0
2026-09-01,cubesmart,ME,20x20,1,1,240.0
2026-09-01,cubesmart,ME,20x30,1,1,288.0
2026-09-01,cubesmart,ME,5x10,5,5,53.0
2026-09-01,cubesmart,ME,5x15,1,1,44.0
2026-09-01,cubesmart,ME,5x20,2,2,66.5
2026-09-01,cubesmart,ME,5x5,6,6,36.0
2026-09-01,cubesmart,ME,5x8,2,2,42.0
2026-09-01,cubesmart,ME,8x10,2,2,65.0
2026-09-01,cubesmart,ME,8x5,1,1,38.0
2026-09-01,cubesmart,ME,Other,1,1,75.0
2026-09-01,cubesmart,MI,10x10,30,30,94.0
2026-09-01,cubesmart,MI,10x12,5,5,92.0
2026-09-01,cubesmart,MI,10x13,4,4,88.0
2026-09-01,cubesmart,MI,10x14,1,1,96.0
2026-09-01,cubesmart,MI,10x15,27,27,126.0
2026-09-01,cubesmart,MI,10x17,1,1,146.0
2026-09-01,cubesmart,MI,10x20,30,30,166.5
2026-09-01,cubesmart,MI,10x22,1,1,109.0
2026-09-01,cubesmart,MI,10x23,1,1,175.0
2026-09-01,cubesmart,MI,10x25,16,16,195.0
2026-09-01,cubesmart,MI,10x3,1,1,25.0
2026-09-01,cubesmart,MI,10x30,11,11,259.0
2026-09-01,cubesmart,MI,10x32,1,1,203.0
2026-09-01,cubesmart,MI,10x35,1,1,404.0
2026-09-01,cubesmart,MI,10x4,1,1,33.0
2026-09-01,cubesmart,MI,10x40,2,2,347.5
2026-09-01,cubesmart,MI,10x5,14,14,50.5
2026-09-01,cubesmart,MI,10x7,3,3,82.0
2026-09-01,cubesmart,MI,10x8,8,8,73.5
2026-09-01,cubesmart,MI,10x9,3,3,68.0
2026-09-01,cubesmart,MI,12x10,4,4,108.5
2026-09-01,cubesmart,MI,12x14,1,1,186.0
2026-09-01,cubesmart,MI,12x16,1,1,168.0
2026-09-01,cubesmart,MI,12x40,2,2,313.0
2026-09-01,cubesmart,MI,12x5,1,1,52.0
2026-09-01,cubesmart,MI,12x50,1,1,253.0
2026-09-01,cubesmart,MI,13x10,1,1,135.0
2026-09-01,cubesmart,MI,13x15,1,1,205.0
2026-09-01,cubesmart,MI,13x20,1,1,148.0
2026-09-01,cubesmart,MI,13x25,1,1,277.0
2026-09-01,cubesmart,MI,13x30,1,1,406.0
2026-09-01,cubesmart,MI,13x4,1,1,49.0
2026-09-01,cubesmart,MI,14x14,1,1,149.0
2026-09-01,cubesmart,MI,14x40,1,1,281.0
2026-09-01,cubesmart,MI,15x10,3,3,134.0
2026-09-01,cubesmart,MI,15x13,1,1,99.0
2026-09-01,cubesmart,MI,15x15,1,1,193.0
2026-09-01,cubesmart,MI,15x20,2,2,318.5
2026-09-01,cubesmart,MI,15x25,1,1,359.0
2026-09-01,cubesmart,MI,15x5,2,2,76.0
2026-09-01,cubesmart,MI,15x8,1,1,162.0
2026-09-01,cubesmart,MI,16x7,1,1,161.0
2026-09-01,cubesmart,MI,20x10,5,5,194.0
2026-09-01,cubesmart,MI,20x12,1,1,232.0
2026-09-01,cubesmart,MI,20x15,11,11,208.0
2026-09-01,cubesmart,MI,20x16,1,1,250.0
2026-09-01,cubesmart,MI,20x20,6,6,299.5
2026-09-01,cubesmart,MI,20x22,1,1,239.0
2026-09-01,cubesmart,MI,20x23,1,1,278.0
2026-09-01,cubesmart,MI,20x25,6,6,404.0
2026-09-01,cubesmart,MI,20x30,2,2,520.0
2026-09-01,cubesmart,MI,20x5,1,1,117.0
2026-09-01,cubesmart,MI,20x8,1,1,87.0
2026-09-01,cubesmart,MI,23x7,1,1,161.0
2026-09-01,cubesmart,MI,25x30,1,1,509.0
2026-09-01,cubesmart,MI,2x2,2,2,20.0
2026-09-01,cubesmart,MI,2x4,1,1,11.0
2026-09-01,cubesmart,MI,30x10,2,2,245.0
2026-09-01,cubesmart,MI,30x15,2,2,364.5
2026-09-01,cubesmart,MI,40x15,1,1,462.0
2026-09-01,cubesmart,MI,40x8,1,1,338.0
2026-09-01,cubesmart,MI,4x13,1,1,52.0
2026-09-01,cubesmart,MI,4x4,1,1,15.0
2026-09-01,cubesmart,MI,4x5,1,1,28.0
2026-09-01,cubesmart,MI,4x8,1,1,58.0
2026-09-01,cubesmart,MI,5x10,26,26,61.0
2026-09-01,cubesmart,MI,5x12,1,1,52.0
2026-09-01,cubesmart,MI,5x15,13,13,65.0
2026-09-01,cubesmart,MI,5x20,1,1,130.0
2026-09-01,cubesmart,MI,5x25,1,1,133.0
2026-09-01,cubesmart,MI,5x4,3,3,21.0
2026-09-01,cubesmart,MI,5x5,31,31,38.0
2026-09-01,cubesmart,MI,5x7,4,4,68.5
2026-09-01,cubesmart,MI,5x8,6,6,38.5
2026-09-01,cubesmart,MI,5x9,2,2,39.5
2026-09-01,cubesmart,MI,6x17,1,1,121.0
2026-09-01,cubesmart,MI,6x18,1,1,109.0
2026-09-01,cubesmart,MI,6x5,1,1,38.0
2026-09-01,cubesmart,MI,7.5x10,1,1,50.0
2026-09-01,cubesmart,MI,7x10,6,6,79.0
2026-09-01,cubesmart,MI,7x13,2,2,82.5
2026-09-01,cubesmart,MI,7x14,1,1,59.0
2026-09-01,cubesmart,MI,7x15,2,2,105.5
2026-09-01,cubesmart,MI,7x20,3,3,112.0
2026-09-01,cubesmart,MI,7x5,1,1,32.0
2026-09-01,cubesmart,MI,7x8,1,1,55.0
2026-09-01,cubesmart,MI,8x10,6,6,78.5
2026-09-01,cubesmart,MI,8x12,1,1,76.0
2026-09-01,cubesmart,MI,8x13,1,1,93.0
2026-09-01,cubesmart,MI,8x15,3,3,103.0
2026-09-01,cubesmart,MI,8x20,3,3,125.0
2026-09-01,cubesmart,MI,8x25,1,1,215.0
2026-09-01,cubesmart,MI,8x30,1,1,195.0
2026-09-01,cubesmart,MI,8x5,3,3,42.0
2026-09-01,cubesmart,MI,8x6,1,1,53.0
2026-09-01,cubesmart,MI,8x7,1,1,73.0
2026-09-01,cubesmart,MI,8x8,1,1,41.0
2026-09-01,cubesmart,MI,9x10,1,1,80.0
2026-09-01,cubesmart,MI,9x12,1,1,63.0
2026-09-01,cubesmart,MI,9x14,1,1,126.0
2026-09-01,cubesmart,MI,Other,11,11,58.0
2026-09-01,cubesmart,MN,10x10,8,8,71.5
2026-09-01,cubesmart,MN,10x15,5,5,130.0
2026-09-01,cubesmart,MN,10x20,7,7,182.0
2026-09-01,cubesmart,MN,10x25,3,3,230.0
2026-09-01,cubesmart,MN,10x30,3,3,241.0
2026-09-01,cubesmart,MN,10x35,1,1,143.0
2026-09-01,cubesmart,MN,10x5,5,5,42.0
2026-09-01,cubesmart,MN,10x7.5,2,2,78.5
2026-09-01,cubesmart,MN,12x10,1,1,67.0
2026-09-01,cubesmart,MN,12x15,1,1,98.0
2026-09-01,cubesmart,MN,12x20,1,1,121.0
2026-09-01,cubesmart,MN,12x30,1,1,212.0
2026-09-01,cubesmart,MN,12x35,1,1,186.0
2026-09-01,cubesmart,MN,20x10,3,3,177.0
2026-09-01,cubesmart,MN,20x20,2,2,360.5
2026-09-01,cubesmart,MN,5x10,7,7,43.0
2026-09-01,cubesmart,MN,5x2.5,1,1,33.0
2026-09-01,cubesmart,MN,5x5,6,6,24.5
2026-09-01,cubesmart,MN,5x7,1,1,31.0
2026-09-01,cubesmart,MN,5x7.5,1,1,33.0
2026-09-01,cubesmart,MN,6x10,2,2,37.0
2026-09-01,cubesmart,MN,6x15,1,1,58.0
2026-09-01,cubesmart,MN,7.5x10,3,3,56.0
2026-09-01,cubesmart,MN,Other,1,1,93.0
2026-09-01,cubesmart,MO,10x10,1,1,40.0
2026-09-01,cubesmart,MO,10x11,1,1,42.0
2026-09-01,cubesmart,MO,10x12,1,1,44.0
2026-09-01,cubesmart,MO,10x13,2,2,55.0
2026-09-01,cubesmart,MO,10x14,1,1,56.0
2026-09-01,cubesmart,MO,10x15,2,2,58.5
2026-09-01,cubesmart,MO,10x17,1,1,61.0
2026-09-01,cubesmart,MO,10x20,2,2,74.0
2026-09-01,cubesmart,MO,10x5,1,1,27.0
2026-09-01,cubesmart,MO,10x8,1,1,33.0
2026-09-01,cubesmart,MO,22x20,1,1,86.0
2026-09-01,cubesmart,MO,5x10,1,1,27.0
2026-09-01,cubesmart,MO,5x5,3,3,21.0
2026-09-01,cubesmart,MO,5x7,1,1,28.0
2026-09-01,cubesmart,MO,5x8,2,2,27.0
2026-09-01,cubesmart,MO,6x15,1,1,36.0
2026-09-01,cubesmart,MO,6x17,1,1,40.0
2026-09-01,cubesmart,MO,7.5x15,1,1,55.0
2026-09-01,cubesmart,MO,7x10,1,1,31.0
2026-09-01,cubesmart,MO,7x7,1,1,26.0
2026-09-01,cubesmart,MO,7x9,1,1,28.0
2026-09-01,cubesmart,MO,8x10,2,2,41.0
2026-09-01,cubesmart,MO,8x14,1,1,43.0
2026-09-01,cubesmart,MO,8x20,1,1,62.0
2026-09-01,cubesmart,MO,Other,1,1,31.0
2026-09-01,cubesmart,MS,10x10,6,6,108.5
2026-09-01,cubesmart,MS,10x11,1,1,109.0
2026-09-01,cubesmart,MS,10x12,1,1,105.0
2026-09-01,cubesmart,MS,10x13,1,1,133.0
2026-09-01,cubesmart,MS,10x14,1,1,116.0
2026-09-01,cubesmart,MS,10x15,6,6,127.0
2026-09-01,cubesmart,MS,10x20,6,6,144.0
2026-09-01,cubesmart,MS,10x25,3,3,165.0
2026-09-01,cubesmart,MS,10x27,2,2,186.5
2026-09-01,cubesmart,MS,10x30,2,2,177.5
2026-09-01,cubesmart,MS,10x5,5,5,78.0
2026-09-01,cubesmart,MS,11x12,1,1,118.0
2026-09-01,cubesmart,MS,12x10,1,1,105.0
2026-09-01,cubesmart,MS,12x11,1,1,109.0
2026-09-01,cubesmart,MS,12x12,1,1,119.0
2026-09-01,cubesmart,MS,12x14,1,1,123.0
2026-09-01,cubesmart,MS,12x15,1,1,160.0
2026-09-01,cubesmart,MS,12x18,1,1,175.0
2026-09-01,cubesmart,MS,12x25,2,2,213.5
2026-09-01,cubesmart,MS,12x30,1,1,249.0
2026-09-01,cubesmart,MS,12x35,1,1,331.0
2026-09-01,cubesmart,MS,12x4,1,1,27.0
2026-09-01,cubesmart,MS,13x15,1,1,160.0
2026-09-01,cubesmart,MS,15x10,1,1,138.0
2026-09-01,cubesmart,MS,15x15,1,1,157.0
2026-09-01,cubesmart,MS,15x5,1,1,128.0
2026-09-01,cubesmart,MS,19x5,1,1,86.0
2026-09-01,cubesmart,MS,20x10,2,2,143.5
2026-09-01,cubesmart,MS,20x14,1,1,200.0
2026-09-01,cubesmart,MS,20x15,2,2,169.0
2026-09-01,cubesmart,MS,20x20,1,1,231.0
2026-09-01,cubesmart,MS,24x12,1,1,205.0
2026-09-01,cubesmart,MS,24x15,1,1,275.0
2026-09-01,cubesmart,MS,25x12,1,1,209.0
2026-09-01,cubesmart,MS,25x25,1,1,412.0
2026-09-01,cubesmart,MS,4x4,1,1,8.0
2026-09-01,cubesmart,MS,4x8,1,1,14.0
2026-09-01,cubesmart,MS,5x10,6,6,72.5
2026-09-01,cubesmart,MS,5x15,4,4,101.5
2026-09-01,cubesmart,MS,5x20,1,1,116.0
2026-09-01,cubesmart,MS,5x5,9,9,50.0
2026-09-01,cubesmart,MS,6x10,1,1,77.0
2026-09-01,cubesmart,MS,6x12,1,1,68.0
2026-09-01,cubesmart,MS,7x10,2,2,88.0
2026-09-01,cubesmart,MS,8x20,1,1,63.0
2026-09-01,cubesmart,MS,8x40,1,1,118.0
2026-09-01,cubesmart,MS,8x5,1,1,96.0
2026-09-01,cubesmart,MS,Other,7,7,37.0
2026-09-01,cubesmart,NC,1.5x2.5,1,1,37.0
2026-09-01,cubesmart,NC,1.5x3,1,1,54.0
2026-09-01,cubesmart,NC,10x10,77,77,89.0
2026-09-01,cubesmart,NC,10x11,2,2,109.5
2026-09-01,cubesmart,NC,10x12,5,5,85.0
2026-09-01,cubesmart,NC,10x13,5,5,97.0
2026-09-01,cubesmart,NC,10x15,68,68,118.5
2026-09-01,cubesmart,NC,10x16,1,1,225.0
2026-09-01,cubesmart,NC,10x16.5,1,1,142.0
2026-09-01,cubesmart,NC,10x17,1,1,130.0
2026-09-01,cubesmart,NC,10x18,4,4,141.5
2026-09-01,cubesmart,NC,10x19,1,1,118.0
2026-09-01,cubesmart,NC,10x20,71,71,182.0
2026-09-01,cubesmart,NC,10x22,3,3,140.0
2026-09-01,cubesmart,NC,10x22.5,1,1,230.0
2026-09-01,cubesmart,NC,10x25,24,24,237.0
2026-09-01,cubesmart,NC,10x3,1,1,27.0
2026-09-01,cubesmart,NC,10x30,19,19,242.0
2026-09-01,cubesmart,NC,10x32,1,1,269.0
2026-09-01,cubesmart,NC,10x35,1,1,213.0
2026-09-01,cubesmart,NC,10x40,2,2,145.0
2026-09-01,cubesmart,NC,10x5,47,47,59.0
2026-09-01,cubesmart,NC,10x7,6,6,69.0
2026-09-01,cubesmart,NC,10x7.5,6,6,78.0
2026-09-01,cubesmart,NC,10x8,7,7,76.0
2026-09-01,cubesmart,NC,12x10,1,1,137.0
2026-09-01,cubesmart,NC,12x15,1,1,116.0
2026-09-01,cubesmart,NC,13.5x18.5,1,1,232.0
2026-09-01,cubesmart,NC,15x10,4,4,152.0
2026-09-01,cubesmart,NC,15x15,3,3,183.0
2026-09-01,cubesmart,NC,15x18,1,1,209.0
2026-09-01,cubesmart,NC,15x20,3,3,169.0
2026-09-01,cubesmart,NC,15x5,1,1,69.0
2026-09-01,cubesmart,NC,1x2,1,1,23.0
2026-09-01,cubesmart,NC,2.5x2,6,6,54.0
2026-09-01,cubesmart,NC,2.5x3,7,7,80.0
2026-09-01,cubesmart,NC,2.5x3.5,2,2,100.5
2026-09-01,cubesmart,NC,20x10,19,19,156.0
2026-09-01,cubesmart,NC,20x12,1,1,209.0
2026-09-01,cubesmart,NC,20x15,14,14,187.5
2026-09-01,cubesmart,NC,20x20,6,6,231.5
2026-09-01,cubesmart,NC,20x25,2,2,426.5
2026-09-01,cubesmart,NC,20x30,3,3,295.0
2026-09-01,cubesmart,NC,20x40,1,1,314.0
2026-09-01,cubesmart,NC,25x10,1,1,188.0
2026-09-01,cubesmart,NC,2x1.5,1,1,26.0
2026-09-01,cubesmart,NC,2x2,8,8,37.0
2026-09-01,cubesmart,NC,2x2.5,6,6,54.0
2026-09-01,cubesmart,NC,2x3,11,11,61.0
2026-09-01,cubesmart,NC,3.5x10,1,1,33.0
2026-09-01,cubesmart,NC,3.5x3,1,1,112.0
2026-09-01,cubesmart,NC,3.5x3.5,1,1,137.0
2026-09-01,cubesmart,NC,30x50,1,1,484.0
2026-09-01,cubesmart,NC,3x10,1,1,37.0
2026-09-01,cubesmart,NC,3x2,2,2,64.0
2026-09-01,cubesmart,NC,3x3,12,12,92.0
2026-09-01,cubesmart,NC,3x3.5,3,3,104.0
2026-09-01,cubesmart,NC,3x4,1,1,155.0
2026-09-01,cubesmart,NC,3x5,4,4,86.5
2026-09-01,cubesmart,NC,3x6,2,2,151.0
2026-09-01,cubesmart,NC,4.5x2,1,1,107.0
2026-09-01,cubesmart,NC,4.5x3,1,1,57.0
2026-09-01,cubesmart,NC,4x3,3,3,128.0
2026-09-01,cubesmart,NC,4x3.5,1,1,139.0
2026-09-01,cubesmart,NC,4x4,2,2,15.0
2026-09-01,cubesmart,NC,5x10,47,47,53.0
2026-09-01,cubesmart,NC,5x12,1,1,67.0
2026-09-01,cubesmart,NC,5x15,18,18,63.0
2026-09-01,cubesmart,NC,5x20,2,2,125.0
2026-09-01,cubesmart,NC,5x4,2,2,23.0
2026-09-01,cubesmart,NC,5x5,58,58,31.0
2026-09-01,cubesmart,NC,5x6,1,1,36.0
2026-09-01,cubesmart,NC,5x7,5,5,47.0
2026-09-01,cubesmart,NC,5x7.5,4,4,27.5
2026-09-01,cubesmart,NC,5x8,4,4,28.0
2026-09-01,cubesmart,NC,5x8.5,1,1,61.0
2026-09-01,cubesmart,NC,6x10,3,3,77.0
2026-09-01,cubesmart,NC,6x3,1,1,192.0
2026-09-01,cubesmart,NC,6x6,1,1,32.0
2026-09-01,cubesmart,NC,7.5x10,7,7,60.0
2026-09-01,cubesmart,NC,7.5x15,1,1,82.0
2026-09-01,cubesmart,NC,7x10,5,5,56.0
2026-09-01,cubesmart,NC,7x15,1,1,86.0
2026-09-01,cubesmart,NC,7x3,1,1,198.0
2026-09-01,cubesmart,NC,7x5,1,1,34.0
2026-09-01,cubesmart,NC,7x7,2,2,61.0
2026-09-01,cubesmart,NC,7x8,2,2,74.0
2026-09-01,cubesmart,NC,8.5x5,1,1,61.0
2026-09-01,cubesmart,NC,8x10,4,4,70.5
2026-09-01,cubesmart,NC,8x15,1,1,186.0
2026-09-01,cubesmart,NC,8x20,2,2,205.5
2026-09-01,cubesmart,NC,8x5,1,1,40.0
2026-09-01,cubesmart,NC,9x15,1,1,232.0
2026-09-01,cubesmart,NC,9x20,3,3,206.0
2026-09-01,cubesmart,NC,Other,27,27,88.0
2026-09-01,cubesmart,NH,10x10,1,1,84.0
2026-09-01,cubesmart,NH,10x12,1,1,85.0
2026-09-01,cubesmart,NH,10x15,1,1,114.0
2026-09-01,cubesmart,NH,10x20,2,2,153.5
2026-09-01,cubesmart,NH,10x5,1,1,68.0
2026-09-01,cubesmart,NH,10x8,1,1,75.0
2026-09-01,cubesmart,NH,12x12,1,1,109.0
2026-09-01,cubesmart,NH,12x5,1,1,72.0
2026-09-01,cubesmart,NH,13x10,1,1,107.0
2026-09-01,cubesmart,NH,15x13,1,1,134.0
2026-09-01,cubesmart,NH,20x12,1,1,237.0
2026-09-01,cubesmart,NH,5x12,1,1,72.0
2026-09-01,cubesmart,NH,5x5,1,1,45.0
2026-09-01,cubesmart,NH,8x10,1,1,72.0
2026-09-01,cubesmart,NH,8x20,1,1,119.0
2026-09-01,cubesmart,NH,8x7,1,1,70.0
2026-09-01,cubesmart,NH,9x10,1,1,78.0
2026-09-01,cubesmart,NJ,10x10,93,93,118.0
2026-09-01,cubesmart,NJ,10x11,1,1,55.0
2026-09-01,cubesmart,NJ,10x12,7,7,193.0
2026-09-01,cubesmart,NJ,10x13,8,8,182.5
2026-09-01,cubesmart,NJ,10x14,3,3,167.0
2026-09-01,cubesmart,NJ,10x15,70,70,191.0
2026-09-01,cubesmart,NJ,10x16,2,2,190.5
2026-09-01,cubesmart,NJ,10x17,1,1,227.0
2026-09-01,cubesmart,NJ,10x17.5,1,1,233.0
2026-09-01,cubesmart,NJ,10x18,8,8,301.5
2026-09-01,cubesmart,NJ,10x19,1,1,325.0
2026-09-01,cubesmart,NJ,10x20,61,61,236.0
2026-09-01,cubesmart,NJ,10x25,35,35,307.0
2026-09-01,cubesmart,NJ,10x28,1,1,307.0
2026-09-01,cubesmart,NJ,10x30,20,20,264.5
2026-09-01,cubesmart,NJ,10x35,2,2,320.0
2026-09-01,cubesmart,NJ,10x4,1,1,96.0
2026-09-01,cubesmart,NJ,10x40,2,2,211.5
2026-09-01,cubesmart,NJ,10x5,21,21,73.0
2026-09-01,cubesmart,NJ,10x6,2,2,90.0
2026-09-01,cubesmart,NJ,10x7,11,11,86.0
2026-09-01,cubesmart,NJ,10x7.5,5,5,60.0
2026-09-01,cubesmart,NJ,10x8,4,4,121.0
2026-09-01,cubesmart,NJ,10x9,4,4,86.0
2026-09-01,cubesmart,NJ,11x16,1,1,223.0
2026-09-01,cubesmart,NJ,12x13,1,1,278.0
2026-09-01,cubesmart,NJ,12x16,2,2,276.0
2026-09-01,cubesmart,NJ,12x18,1,1,372.0
2026-09-01,cubesmart,NJ,12x5,1,1,151.0
2026-09-01,cubesmart,NJ,15x10,3,3,286.0
2026-09-01,cubesmart,NJ,15x15,3,3,354.0
2026-09-01,cubesmart,NJ,15x18,1,1,384.0
2026-09-01,cubesmart,NJ,15x20,2,2,589.0
2026-09-01,cubesmart,NJ,15x5,2,2,166.5
2026-09-01,cubesmart,NJ,15x7.5,1,1,86.0
2026-09-01,cubesmart,NJ,17x13,1,1,352.0
2026-09-01,cubesmart,NJ,18x10,2,2,266.5
2026-09-01,cubesmart,NJ,18x15,1,1,325.0
2026-09-01,cubesmart,NJ,20x10,9,9,197.0
2026-09-01,cubesmart,NJ,20x15,6,6,313.0
2026-09-01,cubesmart,NJ,20x20,5,5,424.0
2026-09-01,cubesmart,NJ,20x25,1,1,194.0
2026-09-01,cubesmart,NJ,20x30,3,3,580.0
2026-09-01,cubesmart,NJ,20x40,1,1,828.0
2026-09-01,cubesmart,NJ,21x12,1,1,265.0
2026-09-01,cubesmart,NJ,24x10,1,1,246.0
2026-09-01,cubesmart,NJ,30x10,1,1,172.0
2026-09-01,cubesmart,NJ,39x65,1,1,2180.0
2026-09-01,cubesmart,NJ,3x3,2,2,18.5
2026-09-01,cubesmart,NJ,3x4,1,1,14.0
2026-09-01,cubesmart,NJ,3x5,3,3,19.0
2026-09-01,cubesmart,NJ,3x6,1,1,57.0
2026-09-01,cubesmart,NJ,4x10,2,2,79.0
2026-09-01,cubesmart,NJ,4x4,3,3,25.0
2026-09-01,cubesmart,NJ,4x5,4,4,44.5
2026-09-01,cubesmart,NJ,4x7,1,1,71.0
2026-09-01,cubesmart,NJ,4x8,2,2,59.0
2026-09-01,cubesmart,NJ,5x10,81,81,62.0
2026-09-01,cubesmart,NJ,5x11,1,1,33.0
2026-09-01,cubesmart,NJ,5x12,5,5,128.0
2026-09-01,cubesmart,NJ,5x13,2,2,106.5
2026-09-01,cubesmart,NJ,5x15,21,21,77.0
2026-09-01,cubesmart,NJ,5x20,1,1,194.0
2026-09-01,cubesmart,NJ,5x3.5,2,2,23.0
2026-09-01,cubesmart,NJ,5x4,2,2,52.5
2026-09-01,cubesmart,NJ,5x5,97,97,40.0
2026-09-01,cubesmart,NJ,5x6,4,4,57.0
2026-09-01,cubesmart,NJ,5x7,8,8,49.5
2026-09-01,cubesmart,NJ,5x7.5,3,3,48.0
2026-09-01,cubesmart,NJ,5x8,12,12,82.0
2026-09-01,cubesmart,NJ,5x9,5,5,65.0
2026-09-01,cubesmart,NJ,6x10,2,2,95.0
2026-09-01,cubesmart,NJ,6x5,1,1,32.0
2026-09-01,cubesmart,NJ,6x9,1,1,64.0
2026-09-01,cubesmart,NJ,7.5x10,4,4,66.5
2026-09-01,cubesmart,NJ,7x10,6,6,93.5
2026-09-01,cubesmart,NJ,7x13,2,2,160.5
2026-09-01,cubesmart,NJ,7x15,1,1,171.0
2026-09-01,cubesmart,NJ,7x16,1,1,105.0
2026-09-01,cubesmart,NJ,7x5,2,2,71.5
2026-09-01,cubesmart,NJ,7x7,1,1,105.0
2026-09-01,cubesmart,NJ,8x10,8,8,81.0
2026-09-01,cubesmart,NJ,8x12,1,1,197.0
2026-09-01,cubesmart,NJ,8x14,1,1,212.0
2026-09-01,cubesmart,NJ,8x15,1,1,121.0
2026-09-01,cubesmart,NJ,8x16,1,1,252.0
2026-09-01,cubesmart,NJ,8x17,1,1,265.0
2026-09-01,cubesmart,NJ,8x18,1,1,257.0
2026-09-01,cubesmart,NJ,8x20,2,2,199.0
2026-09-01,cubesmart,NJ,8x25,1,1,163.0
2026-09-01,cubesmart,NJ,8x4,1,1,65.0
2026-09-01,cubesmart,NJ,8x5,2,2,80.5
2026-09-01,cubesmart,NJ,8x8,7,7,151.0
2026-09-01,cubesmart,NJ,9x10,4,4,102.5
2026-09-01,cubesmart,NJ,9x15,1,1,181.0
2026-09-01,cubesmart,NJ,9x20,3,3,307.0
2026-09-01,cubesmart,NJ,9x7,1,1,94.0
2026-09-01,cubesmart,NJ,9x9,1,1,116.0
2026-09-01,cubesmart,NJ,Other,22,22,139.5
2026-09-01,cubesmart,NM,10x10,9,9,69.0
2026-09-01,cubesmart,NM,10x12,2,2,108.5
2026-09-01,cubesmart,NM,10x12.5,1,1,105.0
2026-09-01,cubesmart,NM,10x15,6,6,103.0
2026-09-01,cubesmart,NM,10x19,1,1,199.0
2026-09-01,cubesmart,NM,10x20,4,4,122.0
2026-09-01,cubesmart,NM,10x30,1,1,171.0
2026-09-01,cubesmart,NM,10x5,5,5,37.0
2026-09-01,cubesmart,NM,10x7,1,1,39.0
2026-09-01,cubesmart,NM,10x7.5,1,1,41.0
2026-09-01,cubesmart,NM,10x9,1,1,44.0
2026-09-01,cubesmart,NM,15x10,1,1,127.0
2026-09-01,cubesmart,NM,20x10,2,2,140.0
2026-09-01,cubesmart,NM,20x20,2,2,339.5
2026-09-01,cubesmart,NM,20x30,1,1,298.0
2026-09-01,cubesmart,NM,5x10,7,7,43.0
2026-09-01,cubesmart,NM,5x15,1,1,40.0
2026-09-01,cubesmart,NM,5x5,6,6,28.0
2026-09-01,cubesmart,NM,5x7,1,1,30.0
2026-09-01,cubesmart,NM,5x7.5,1,1,30.0
2026-09-01,cubesmart,NM,5x8,1,1,80.0
2026-09-01,cubesmart,NM,6x10,1,1,77.0
2026-09-01,cubesmart,NM,6x8,1,1,42.0
2026-09-01,cubesmart,NM,7.5x10,4,4,47.0
2026-09-01,cubesmart,NM,7x5,1,1,73.0
2026-09-01,cubesmart,NM,8x12,1,1,57.0
2026-09-01,cubesmart,NM,8x14,1,1,66.0
2026-09-01,cubesmart,NM,8x8,1,1,42.0
2026-09-01,cubesmart,NM,Other,13,13,49.0
2026-09-01,cubesmart,NV,10x10,53,53,79.0
2026-09-01,cubesmart,NV,10x15,37,37,118.0
2026-09-01,cubesmart,NV,10x17,1,1,129.0
2026-09-01,cubesmart,NV,10x18,1,1,172.0
2026-09-01,cubesmart,NV,10x20,28,28,163.5
2026-09-01,cubesmart,NV,10x23,1,1,250.0
2026-09-01,cubesmart,NV,10x24,1,1,203.0
2026-09-01,cubesmart,NV,10x25,13,13,230.0
2026-09-01,cubesmart,NV,10x26,1,1,204.0
2026-09-01,cubesmart,NV,10x30,17,17,204.0
2026-09-01,cubesmart,NV,10x35,4,4,138.5
2026-09-01,cubesmart,NV,10x40,2,2,231.5
2026-09-01,cubesmart,NV,10x45,1,1,243.0
2026-09-01,cubesmart,NV,10x48,1,1,184.0
2026-09-01,cubesmart,NV,10x5,8,8,47.5
2026-09-01,cubesmart,NV,10x50,3,3,184.0
2026-09-01,cubesmart,NV,10x7.5,2,2,58.5
2026-09-01,cubesmart,NV,11x20,1,1,109.0
2026-09-01,cubesmart,NV,11x30,2,2,122.0
2026-09-01,cubesmart,NV,11x7,1,1,63.0
2026-09-01,cubesmart,NV,12x25,1,1,204.0
2026-09-01,cubesmart,NV,12x27,1,1,181.0
2026-09-01,cubesmart,NV,12x30,2,2,230.0
2026-09-01,cubesmart,NV,12x35,2,2,286.0
2026-09-01,cubesmart,NV,15x10,1,1,101.0
2026-09-01,cubesmart,NV,15x15,1,1,244.0
2026-09-01,cubesmart,NV,15x20,1,1,282.0
2026-09-01,cubesmart,NV,15x30,1,1,308.0
2026-09-01,cubesmart,NV,15x5,1,1,54.0
2026-09-01,cubesmart,NV,20x10,5,5,170.0
2026-09-01,cubesmart,NV,20x15,5,5,200.0
2026-09-01,cubesmart,NV,20x20,6,6,315.0
2026-09-01,cubesmart,NV,20x24,1,1,411.0
2026-09-01,cubesmart,NV,20x25,1,1,349.0
2026-09-01,cubesmart,NV,20x30,1,1,445.0
2026-09-01,cubesmart,NV,3x5,1,1,26.0
2026-09-01,cubesmart,NV,4x4,2,2,24.5
2026-09-01,cubesmart,NV,4x5,1,1,32.0
2026-09-01,cubesmart,NV,5x10,44,44,48.0
2026-09-01,cubesmart,NV,5x15,2,2,52.5
2026-09-01,cubesmart,NV,5x5,33,33,33.0
2026-09-01,cubesmart,NV,5x7,3,3,32.0
2026-09-01,cubesmart,NV,5x7.5,9,9,37.0
2026-09-01,cubesmart,NV,5x8,2,2,37.0
2026-09-01,cubesmart,NV,7.5x10,14,14,62.5
2026-09-01,cubesmart,NV,7.5x12.5,1,1,75.0
2026-09-01,cubesmart,NV,7.5x15,1,1,96.0
2026-09-01,cubesmart,NV,7.5x20,1,1,98.0
2026-09-01,cubesmart,NV,7.5x5,1,1,43.0
2026-09-01,cubesmart,NV,7x10,1,1,70.0
2026-09-01,cubesmart,NV,8x10,1,1,79.0
2026-09-01,cubesmart,NV,8x18,1,1,53.0
2026-09-01,cubesmart,NV,8x20,2,2,112.0
2026-09-01,cubesmart,NV,8x44,1,1,141.0
2026-09-01,cubesmart,NV,Other,13,13,88.0
2026-09-01,cubesmart,NY,10x1,1,1,42.0
2026-09-01,cubesmart,NY,10x10,150,150,228.0
2026-09-01,cubesmart,NY,10x11,4,4,267.5
2026-09-01,cubesmart,NY,10x12,15,15,260.0
2026-09-01,cubesmart,NY,10x12.5,8,8,272.0
2026-09-01,cubesmart,NY,10x13,7,7,268.0
2026-09-01,cubesmart,NY,10x14,8,8,212.0
2026-09-01,cubesmart,NY,10x15,120,120,306.5
2026-09-01,cubesmart,NY,10x15.5,1,1,147.0
2026-09-01,cubesmart,NY,10x16,5,5,182.0
2026-09-01,cubesmart,NY,10x17,1,1,138.0
2026-09-01,cubesmart,NY,10x17.5,4,4,306.0
2026-09-01,cubesmart,NY,10x18,3,3,323.0
2026-09-01,cubesmart,NY,10x19,3,3,161.0
2026-09-01,cubesmart,NY,10x20,98,98,375.0
2026-09-01,cubesmart,NY,10x21,2,2,466.5
2026-09-01,cubesmart,NY,10x22,3,3,389.0
2026-09-01,cubesmart,NY,10x23,3,3,404.0
2026-09-01,cubesmart,NY,10x24,1,1,434.0
2026-09-01,cubesmart,NY,10x25,40,40,397.0
2026-09-01,cubesmart,NY,10x3,1,1,87.0
2026-09-01,cubesmart,NY,10x3.5,1,1,83.0
2026-09-01,cubesmart,NY,10x30,30,30,478.0
2026-09-01,cubesmart,NY,10x31,1,1,742.0
2026-09-01,cubesmart,NY,10x40,1,1,590.0
2026-09-01,cubesmart,NY,10x5,30,30,79.0
2026-09-01,cubesmart,NY,10x60,1,1,796.0
2026-09-01,cubesmart,NY,10x7,3,3,86.0
2026-09-01,cubesmart,NY,10x7.5,5,5,96.0
2026-09-01,cubesmart,NY,10x8,5,5,97.0
2026-09-01,cubesmart,NY,10x9,6,6,186.0
2026-09-01,cubesmart,NY,11.5x19,1,1,180.0
2026-09-01,cubesmart,NY,11x10,1,1,262.0
2026-09-01,cubesmart,NY,11x20,2,2,420.0
2026-09-01,cubesmart,NY,11x21,1,1,410.0
2026-09-01,cubesmart,NY,12.5x25,1,1,78.0
2026-09-01,cubesmart,NY,12x10,2,2,128.5
2026-09-01,cubesmart,NY,12x11,2,2,133.5
2026-09-01,cubesmart,NY,12x12,1,1,172.0
2026-09-01,cubesmart,NY,12x15,2,2,303.5
2026-09-01,cubesmart,NY,12x16,1,1,219.0
2026-09-01,cubesmart,NY,12x19,1,1,183.0
2026-09-01,cubesmart,NY,12x24,1,1,409.0
2026-09-01,cubesmart,NY,12x25,1,1,78.0
2026-09-01,cubesmart,NY,12x26,1,1,463.0
2026-09-01,cubesmart,NY,12x40,1,1,1365.0
2026-09-01,cubesmart,NY,12x48,1,1,659.0
2026-09-01,cubesmart,NY,12x5,1,1,79.0
2026-09-01,cubesmart,NY,12x6,1,1,71.0
2026-09-01,cubesmart,NY,12x7,1,1,89.0
2026-09-01,cubesmart,NY,12x9,2,2,108.5
2026-09-01,cubesmart,NY,13x10,2,2,281.0
2026-09-01,cubesmart,NY,13x12,1,1,173.0
2026-09-01,cubesmart,NY,13x15,1,1,329.0
2026-09-01,cubesmart,NY,13x18,1,1,194.0
2026-09-01,cubesmart,NY,13x40,1,1,291.0
2026-09-01,cubesmart,NY,13x8,1,1,110.0
2026-09-01,cubesmart,NY,14x15,1,1,132.0
2026-09-01,cubesmart,NY,15x10,6,6,143.5
2026-09-01,cubesmart,NY,15x15,3,3,182.0
2026-09-01,cubesmart,NY,15x20,4,4,527.0
2026-09-01,cubesmart,NY,15x30,1,1,269.0
2026-09-01,cubesmart,NY,15x35,1,1,727.0
2026-09-01,cubesmart,NY,15x40,1,1,838.0
2026-09-01,cubesmart,NY,15x5,5,5,92.0
2026-09-01,cubesmart,NY,15x6,1,1,121.0
2026-09-01,cubesmart,NY,15x8,1,1,136.0
2026-09-01,cubesmart,NY,16.5x15.5,1,1,211.0
2026-09-01,cubesmart,NY,16x7,1,1,263.0
2026-09-01,cubesmart,NY,17x7,1,1,138.0
2026-09-01,cubesmart,NY,18x10,1,1,335.0
2026-09-01,cubesmart,NY,19x30,1,1,311.0
2026-09-01,cubesmart,NY,20x10,25,25,359.0
2026-09-01,cubesmart,NY,20x12.5,2,2,492.0
2026-09-01,cubesmart,NY,20x14,1,1,266.0
2026-09-01,cubesmart,NY,20x15,16,16,344.0
2026-09-01,cubesmart,NY,20x18,1,1,202.0
2026-09-01,cubesmart,NY,20x20,21,21,737.0
2026-09-01,cubesmart,NY,20x22,1,1,265.0
2026-09-01,cubesmart,NY,20x30,1,1,348.0
2026-09-01,cubesmart,NY,20x4,1,1,101.0
2026-09-01,cubesmart,NY,20x40,1,1,2671.0
2026-09-01,cubesmart,NY,20x45,1,1,3013.0
2026-09-01,cubesmart,NY,20x7,1,1,161.0
2026-09-01,cubesmart,NY,20x8,2,2,143.5
2026-09-01,cubesmart,NY,23x10,1,1,569.0
2026-09-01,cubesmart,NY,23x5,1,1,95.0
2026-09-01,cubesmart,NY,25x33,1,1,329.0
2026-09-01,cubesmart,NY,29x33,1,1,1946.0
2026-09-01,cubesmart,NY,2x2,1,1,11.0
2026-09-01,cubesmart,NY,2x7,1,1,8.0
2026-09-01,cubesmart,NY,2x8,1,1,22.0
2026-09-01,cubesmart,NY,3x10,2,2,95.0
2026-09-01,cubesmart,NY,3x4,4,4,10.0
2026-09-01,cubesmart,NY,3x5,1,1,67.0
2026-09-01,cubesmart,NY,3x6,1,1,117.0
2026-09-01,cubesmart,NY,3x8,1,1,112.0
2026-09-01,cubesmart,NY,4.5x5,1,1,80.0
2026-09-01,cubesmart,NY,4x10,5,5,121.0
2026-09-01,cubesmart,NY,4x13,1,1,253.0
2026-09-01,cubesmart,NY,4x14,1,1,154.0
2026-09-01,cubesmart,NY,4x3,1,1,25.0
2026-09-01,cubesmart,NY,4x4,8,8,34.5
2026-09-01,cubesmart,NY,4x5,25,25,57.0
2026-09-01,cubesmart,NY,4x6,3,3,169.0
2026-09-01,cubesmart,NY,4x7,1,1,198.0
2026-09-01,cubesmart,NY,5x10,153,153,129.0
2026-09-01,cubesmart,NY,5x11,1,1,216.0
2026-09-01,cubesmart,NY,5x12,6,6,167.0
2026-09-01,cubesmart,NY,5x13,2,2,80.5
2026-09-01,cubesmart,NY,5x14,4,4,86.0
2026-09-01,cubesmart,NY,5x15,35,35,165.0
2026-09-01,cubesmart,NY,5x19,1,1,92.0
2026-09-01,cubesmart,NY,5x20,3,3,265.0
2026-09-01,cubesmart,NY,5x3,6,6,36.0
2026-09-01,cubesmart,NY,5x4,4,4,68.0
2026-09-01,cubesmart,NY,5x5,268,268,54.0
2026-09-01,cubesmart,NY,5x6,8,8,77.5
2026-09-01,cubesmart,NY,5x7,14,14,101.5
2026-09-01,cubesmart,NY,5x7.5,22,22,98.5
2026-09-01,cubesmart,NY,5x8,48,48,112.5
2026-09-01,cubesmart,NY,5x9,6,6,119.0
2026-09-01,cubesmart,NY,6x10,5,5,145.0
2026-09-01,cubesmart,NY,6x12,3,3,67.0
2026-09-01,cubesmart,NY,6x5,1,1,131.0
2026-09-01,cubesmart,NY,6x6,3,3,48.0
2026-09-01,cubesmart,NY,6x8,3,3,60.0
2026-09-01,cubesmart,NY,6x9,1,1,67.0
2026-09-01,cubesmart,NY,7.5x10,19,19,172.0
2026-09-01,cubesmart,NY,7.5x9,1,1,200.0
2026-09-01,cubesmart,NY,7x10,8,8,224.0
2026-09-01,cubesmart,NY,7x11,1,1,176.0
2026-09-01,cubesmart,NY,7x14,1,1,246.0
2026-09-01,cubesmart,NY,7x20,1,1,273.0
2026-09-01,cubesmart,NY,7x27,1,1,185.0
2026-09-01,cubesmart,NY,7x5,1,1,45.0
2026-09-01,cubesmart,NY,7x7,1,1,125.0
2026-09-01,cubesmart,NY,7x8,1,1,309.0
2026-09-01,cubesmart,NY,7x9,1,1,203.0
2026-09-01,cubesmart,NY,8.5x14,1,1,67.0
2026-09-01,cubesmart,NY,8.5x30,1,1,210.0
2026-09-01,cubesmart,NY,8x10,22,22,175.0
2026-09-01,cubesmart,NY,8x12,2,2,449.5
2026-09-01,cubesmart,NY,8x13,1,1,277.0
2026-09-01,cubesmart,NY,8x15,2,2,232.0
2026-09-01,cubesmart,NY,8x16,1,1,138.0
2026-09-01,cubesmart,NY,8x20,5,5,336.0
2026-09-01,cubesmart,NY,8x4,1,1,162.0
2026-09-01,cubesmart,NY,8x5,3,3,50.0
2026-09-01,cubesmart,NY,8x6.5,1,1,142.0
2026-09-01,cubesmart,NY,9.5x19,1,1,179.0
2026-09-01,cubesmart,NY,9.5x25,1,1,71.0
2026-09-01,cubesmart,NY,9x10,9,9,229.0
2026-09-01,cubesmart,NY,9x12,1,1,134.0
2026-09-01,cubesmart,NY,9x14,3,3,141.0
2026-09-01,cubesmart,NY,9x20,3,3,342.0
2026-09-01,cubesmart,NY,9x21,1,1,350.0
2026-09-01,cubesmart,NY,9x22,1,1,373.0
2026-09-01,cubesmart,NY,9x23,1,1,676.0
2026-09-01,cubesmart,NY,9x29,1,1,224.0
2026-09-01,cubesmart,NY,9x5,1,1,67.0
2026-09-01,cubesmart,NY,9x9,2,2,97.0
2026-09-01,cubesmart,NY,Other,22,22,111.0
2026-09-01,cubesmart,OH,10x10,92,92,88.0
2026-09-01,cubesmart,OH,10x12,6,6,69.0
2026-09-01,cubesmart,OH,10x12.5,2,2,88.0
2026-09-01,cubesmart,OH,10x13,2,2,190.5
2026-09-01,cubesmart,OH,10x13.5,1,1,142.0
2026-09-01,cubesmart,OH,10x15,68,68,120.0
2026-09-01,cubesmart,OH,10x17.5,2,2,125.5
2026-09-01,cubesmart,OH,10x18,2,2,134.0
2026-09-01,cubesmart,OH,10x20,61,61,143.0
2026-09-01,cubesmart,OH,10x22,1,1,363.0
2026-09-01,cubesmart,OH,10x24,1,1,152.0
2026-09-01,cubesmart,OH,10x25,20,20,189.0
2026-09-01,cubesmart,OH,10x30,26,26,200.5
2026-09-01,cubesmart,OH,10x35,2,2,328.5
2026-09-01,cubesmart,OH,10x4,1,1,23.0
2026-09-01,cubesmart,OH,10x40,6,6,236.0
2026-09-01,cubesmart,OH,10x5,24,24,45.0
2026-09-01,cubesmart,OH,10x6,1,1,39.0
2026-09-01,cubesmart,OH,10x60,1,1,407.0
2026-09-01,cubesmart,OH,10x7,3,3,105.0
2026-09-01,cubesmart,OH,10x7.5,4,4,59.5
2026-09-01,cubesmart,OH,10x8,1,1,155.0
2026-09-01,cubesmart,OH,10x9,1,1,76.0
2026-09-01,cubesmart,OH,12.5x15,1,1,157.0
2026-09-01,cubesmart,OH,12x10,1,1,150.0
2026-09-01,cubesmart,OH,12x15,1,1,149.0
2026-09-01,cubesmart,OH,12x20,3,3,224.0
2026-09-01,cubesmart,OH,12x25,1,1,284.0
2026-09-01,cubesmart,OH,12x30,1,1,227.0
2026-09-01,cubesmart,OH,12x36,1,1,226.0
2026-09-01,cubesmart,OH,12x42,1,1,426.0
2026-09-01,cubesmart,OH,13x10,1,1,92.0
2026-09-01,cubesmart,OH,13x8,1,1,139.0
2026-09-01,cubesmart,OH,14x10,1,1,166.0
2026-09-01,cubesmart,OH,14x22,1,1,194.0
2026-09-01,cubesmart,OH,14x42,1,1,471.0
2026-09-01,cubesmart,OH,15x10,5,5,121.0
2026-09-01,cubesmart,OH,15x15,5,5,175.0
2026-09-01,cubesmart,OH,15x17.5,1,1,176.0
2026-09-01,cubesmart,OH,15x20,3,3,233.0
2026-09-01,cubesmart,OH,15x5,2,2,56.5
2026-09-01,cubesmart,OH,15x6,1,1,74.0
2026-09-01,cubesmart,OH,15x7,1,1,161.0
2026-09-01,cubesmart,OH,15x7.5,1,1,53.0
2026-09-01,cubesmart,OH,15x7.6,1,1,126.0
2026-09-01,cubesmart,OH,20x10,9,9,140.0
2026-09-01,cubesmart,OH,20x12,1,1,216.0
2026-09-01,cubesmart,OH,20x15,5,5,194.0
2026-09-01,cubesmart,OH,20x17.5,1,1,278.0
2026-09-01,cubesmart,OH,20x20,6,6,254.5
2026-09-01,cubesmart,OH,20x30,4,4,237.5
2026-09-01,cubesmart,OH,20x5,1,1,126.0
2026-09-01,cubesmart,OH,20x7,1,1,78.0
2026-09-01,cubesmart,OH,25x10,1,1,152.0
2026-09-01,cubesmart,OH,25x8,1,1,210.0
2026-09-01,cubesmart,OH,30x10,2,2,206.5
2026-09-01,cubesmart,OH,30x15,1,1,324.0
2026-09-01,cubesmart,OH,30x30,1,1,406.0
2026-09-01,cubesmart,OH,3x5,1,1,23.0
2026-09-01,cubesmart,OH,4x17,1,1,85.0
2026-09-01,cubesmart,OH,4x4,8,8,20.5
2026-09-01,cubesmart,OH,4x5,3,3,12.0
2026-09-01,cubesmart,OH,5x10,79,79,45.0
2026-09-01,cubesmart,OH,5x12,1,1,22.0
2026-09-01,cubesmart,OH,5x12.5,1,1,36.0
2026-09-01,cubesmart,OH,5x13,1,1,102.0
2026-09-01,cubesmart,OH,5x15,47,47,58.0
2026-09-01,cubesmart,OH,5x17.5,1,1,64.0
2026-09-01,cubesmart,OH,5x20,4,4,97.0
2026-09-01,cubesmart,OH,5x5,62,62,28.0
2026-09-01,cubesmart,OH,5x6,1,1,33.0
2026-09-01,cubesmart,OH,5x7,7,7,61.0
2026-09-01,cubesmart,OH,5x7.5,5,5,32.0
2026-09-01,cubesmart,OH,5x8,5,5,32.0
2026-09-01,cubesmart,OH,5x9.5,1,1,33.0
2026-09-01,cubesmart,OH,6x10,1,1,76.0
2026-09-01,cubesmart,OH,6x7,1,1,83.0
2026-09-01,cubesmart,OH,7.5x10,6,6,72.0
2026-09-01,cubesmart,OH,7.5x15,1,1,53.0
2026-09-01,cubesmart,OH,7.5x20,2,2,82.0
2026-09-01,cubesmart,OH,7.5x5,1,1,26.0
2026-09-01,cubesmart,OH,7.5x7.5,1,1,37.0
2026-09-01,cubesmart,OH,7x10,5,5,87.0
2026-09-01,cubesmart,OH,7x5,1,1,75.0
2026-09-01,cubesmart,OH,7x7,1,1,86.0
2026-09-01,cubesmart,OH,8x10,1,1,106.0
2026-09-01,cubesmart,OH,8x15,2,2,128.5
2026-09-01,cubesmart,OH,8x20,1,1,50.0
2026-09-01,cubesmart,OH,8x8,1,1,97.0
2026-09-01,cubesmart,OH,9.5x19,1,1,223.0
2026-09-01,cubesmart,OH,9x10,1,1,110.0
2026-09-01,cubesmart,OH,Other,23,23,65.0
2026-09-01,cubesmart,OK,10x10,2,2,30.0
2026-09-01,cubesmart,OK,10x12,1,1,41.0
2026-09-01,cubesmart,OK,10x13,1,1,41.0
2026-09-01,cubesmart,OK,10x15,3,3,56.0
2026-09-01,cubesmart,OK,10x18,2,2,78.0
2026-09-01,cubesmart,OK,10x20,2,2,71.0
2026-09-01,cubesmart,OK,10x23,1,1,122.0
2026-09-01,cubesmart,OK,10x25,1,1,66.0
2026-09-01,cubesmart,OK,10x3,1,1,17.0
2026-09-01,cubesmart,OK,10x30,1,1,79.0
2026-09-01,cubesmart,OK,10x5,2,2,27.5
2026-09-01,cubesmart,OK,10x6,1,1,25.0
2026-09-01,cubesmart,OK,10x7,1,1,30.0
2026-09-01,cubesmart,OK,10x8,1,1,34.0
2026-09-01,cubesmart,OK,14x8,1,1,37.0
2026-09-01,cubesmart,OK,15x10,1,1,56.0
2026-09-01,cubesmart,OK,20x10,1,1,51.0
2026-09-01,cubesmart,OK,20x15,1,1,82.0
2026-09-01,cubesmart,OK,5x10,4,4,27.5
2026-09-01,cubesmart,OK,5x15,1,1,87.0
2026-09-01,cubesmart,OK,5x5,2,2,18.5
2026-09-01,cubesmart,OK,5x8,2,2,24.5
2026-09-01,cubesmart,OK,6x5,1,1,17.0
2026-09-01,cubesmart,OK,6x6,1,1,19.0
2026-09-01,cubesmart,OK,7x7,1,1,30.0
2026-09-01,cubesmart,OK,8x10,2,2,39.5
2026-09-01,cubesmart,OK,8x5,2,2,24.5
2026-09-01,cubesmart,OK,8x6,1,1,22.0
2026-09-01,cubesmart,OK,8x7,1,1,25.0
2026-09-01,cubesmart,OK,8x8,2,2,31.5
2026-09-01,cubesmart,OK,Other,1,1,45.0
2026-09-01,cubesmart,OR,10x10,4,4,88.0
2026-09-01,cubesmart,OR,10x12,1,1,96.0
2026-09-01,cubesmart,OR,10x12.5,1,1,99.0
2026-09-01,cubesmart,OR,10x15,3,3,127.0
2026-09-01,cubesmart,OR,10x20,4,4,179.0
2026-09-01,cubesmart,OR,10x25,1,1,286.0
2026-09-01,cubesmart,OR,10x30,1,1,321.0
2026-09-01,cubesmart,OR,10x5,2,2,49.0
2026-09-01,cubesmart,OR,20x10,1,1,194.0
2026-09-01,cubesmart,OR,20x15,2,2,232.5
2026-09-01,cubesmart,OR,20x20,3,3,302.0
2026-09-01,cubesmart,OR,5x10,3,3,53.0
2026-09-01,cubesmart,OR,5x5,4,4,42.5
2026-09-01,cubesmart,OR,7.5x10,3,3,74.0
2026-09-01,cubesmart,OR,Other,1,1,111.0
2026-09-01,cubesmart,PA,10x10,68,68,100.0
2026-09-01,cubesmart,PA,10x11,4,4,122.5
2026-09-01,cubesmart,PA,10x12,6,6,120.0
2026-09-01,cubesmart,PA,10x12.5,2,2,121.0
2026-09-01,cubesmart,PA,10x13,4,4,117.0
2026-09-01,cubesmart,PA,10x14,2,2,107.5
2026-09-01,cubesmart,PA,10x15,58,58,135.0
2026-09-01,cubesmart,PA,10x16,2,2,158.0
2026-09-01,cubesmart,PA,10x17,1,1,110.0
2026-09-01,cubesmart,PA,10x17.5,1,1,215.0
2026-09-01,cubesmart,PA,10x18,5,5,151.0
2026-09-01,cubesmart,PA,10x19,1,1,147.0
2026-09-01,cubesmart,PA,10x20,40,40,172.0
2026-09-01,cubesmart,PA,10x23,1,1,173.0
2026-09-01,cubesmart,PA,10x24,1,1,198.0
2026-09-01,cubesmart,PA,10x25,15,15,196.0
2026-09-01,cubesmart,PA,10x27,1,1,191.0
2026-09-01,cubesmart,PA,10x30,18,18,227.5
2026-09-01,cubesmart,PA,10x32,1,1,319.0
2026-09-01,cubesmart,PA,10x35,2,2,315.5
2026-09-01,cubesmart,PA,10x5,23,23,58.0
2026-09-01,cubesmart,PA,10x6,2,2,73.5
2026-09-01,cubesmart,PA,10x7,5,5,88.0
2026-09-01,cubesmart,PA,10x7.5,6,6,69.5
2026-09-01,cubesmart,PA,10x8,6,6,89.0
2026-09-01,cubesmart,PA,10x8.5,1,1,68.0
2026-09-01,cubesmart,PA,10x9,3,3,99.0
2026-09-01,cubesmart,PA,11x10,2,2,128.0
2026-09-01,cubesmart,PA,11x11,1,1,154.0
2026-09-01,cubesmart,PA,11x20,1,1,150.0
2026-09-01,cubesmart,PA,11x6,1,1,89.0
2026-09-01,cubesmart,PA,12x10,2,2,114.0
2026-09-01,cubesmart,PA,12x12,3,3,123.0
2026-09-01,cubesmart,PA,12x15,2,2,167.0
2026-09-01,cubesmart,PA,12x18,1,1,136.0
2026-09-01,cubesmart,PA,12x30,2,2,231.0
2026-09-01,cubesmart,PA,12x5,1,1,93.0
2026-09-01,cubesmart,PA,12x7,1,1,94.0
2026-09-01,cubesmart,PA,13x10,2,2,111.0
2026-09-01,cubesmart,PA,13x11,2,2,119.0
2026-09-01,cubesmart,PA,13x13,1,1,141.0
2026-09-01,cubesmart,PA,13x33,1,1,250.0
2026-09-01,cubesmart,PA,13x7,2,2,96.0
2026-09-01,cubesmart,PA,13x8,1,1,106.0
2026-09-01,cubesmart,PA,14x10,1,1,93.0
2026-09-01,cubesmart,PA,14x40,1,1,293.0
2026-09-01,cubesmart,PA,14x5,1,1,81.0
2026-09-01,cubesmart,PA,15x10,4,4,125.0
2026-09-01,cubesmart,PA,15x12,1,1,133.0
2026-09-01,cubesmart,PA,15x13,1,1,144.0
2026-09-01,cubesmart,PA,15x5,1,1,90.0
2026-09-01,cubesmart,PA,15x9,1,1,104.0
2026-09-01,cubesmart,PA,18x3,1,1,71.0
2026-09-01,cubesmart,PA,18x5,1,1,68.0
2026-09-01,cubesmart,PA,20x10,11,11,163.0
2026-09-01,cubesmart,PA,20x13,1,1,185.0
2026-09-01,cubesmart,PA,20x14,1,1,178.0
2026-09-01,cubesmart,PA,20x15,6,6,234.0
2026-09-01,cubesmart,PA,20x18,1,1,234.0
2026-09-01,cubesmart,PA,20x19,1,1,210.0
2026-09-01,cubesmart,PA,20x20,3,3,291.0
2026-09-01,cubesmart,PA,20x25,1,1,298.0
2026-09-01,cubesmart,PA,20x27,1,1,320.0
2026-09-01,cubesmart,PA,20x30,3,3,351.0
2026-09-01,cubesmart,PA,20x7.5,1,1,171.0
2026-09-01,cubesmart,PA,20x9,3,3,133.0
2026-09-01,cubesmart,PA,24x15,1,1,302.0
2026-09-01,cubesmart,PA,25x10.6,1,1,264.0
2026-09-01,cubesmart,PA,26x30,1,1,493.0
2026-09-01,cubesmart,PA,30x40,1,1,771.0
2026-09-01,cubesmart,PA,4x10,1,1,37.0
2026-09-01,cubesmart,PA,4x3,2,2,21.0
2026-09-01,cubesmart,PA,4x4,4,4,20.0
2026-09-01,cubesmart,PA,4x5,8,8,17.0
2026-09-01,cubesmart,PA,5x10,67,67,51.0
2026-09-01,cubesmart,PA,5x11,1,1,83.0
2026-09-01,cubesmart,PA,5x12,1,1,74.0
2026-09-01,cubesmart,PA,5x15,30,30,76.0
2026-09-01,cubesmart,PA,5x20,1,1,103.0
2026-09-01,cubesmart,PA,5x4,1,1,24.0
2026-09-01,cubesmart,PA,5x5,74,74,31.5
2026-09-01,cubesmart,PA,5x7,4,4,48.5
2026-09-01,cubesmart,PA,5x7.5,5,5,41.0
2026-09-01,cubesmart,PA,5x8,6,6,52.0
2026-09-01,cubesmart,PA,5x9,2,2,64.0
2026-09-01,cubesmart,PA,6x10,1,1,61.0
2026-09-01,cubesmart,PA,6x12,2,2,80.0
2026-09-01,cubesmart,PA,6x14,1,1,91.0
2026-09-01,cubesmart,PA,6x15,1,1,110.0
2026-09-01,cubesmart,PA,6x7.5,1,1,90.0
2026-09-01,cubesmart,PA,6x8,1,1,70.0
2026-09-01,cubesmart,PA,6x9,1,1,86.0
2026-09-01,cubesmart,PA,7.5x10,5,5,75.0
2026-09-01,cubesmart,PA,7.5x10.5,1,1,120.0
2026-09-01,cubesmart,PA,7.5x5,1,1,74.0
2026-09-01,cubesmart,PA,7x10,4,4,49.5
2026-09-01,cubesmart,PA,7x15,1,1,131.0
2026-09-01,cubesmart,PA,7x25,1,1,173.0
2026-09-01,cubesmart,PA,7x5,2,2,49.0
2026-09-01,cubesmart,PA,7x7.5,1,1,133.0
2026-09-01,cubesmart,PA,8x10,3,3,104.0
2026-09-01,cubesmart,PA,8x13,2,2,103.5
2026-09-01,cubesmart,PA,8x18,1,1,156.0
2026-09-01,cubesmart,PA,8x20,1,1,119.0
2026-09-01,cubesmart,PA,8x3,1,1,23.0
2026-09-01,cubesmart,PA,8x5,1,1,64.0
2026-09-01,cubesmart,PA,8x7,2,2,92.0
2026-09-01,cubesmart,PA,9x10,2,2,83.0
2026-09-01,cubesmart,PA,9x13,1,1,80.0
2026-09-01,cubesmart,PA,9x14,1,1,90.0
2026-09-01,cubesmart,PA,9x15,1,1,124.0
2026-09-01,cubesmart,PA,9x18,2,2,171.5
2026-09-01,cubesmart,PA,9x5,1,1,59.0
2026-09-01,cubesmart,PA,9x9,1,1,67.0
2026-09-01,cubesmart,PA,Other,12,12,48.0
2026-09-01,cubesmart,RI,10x10,17,17,118.0
2026-09-01,cubesmart,RI,10x11,1,1,227.0
2026-09-01,cubesmart,RI,10x12,1,1,229.0
2026-09-01,cubesmart,RI,10x15,11,11,134.0
2026-09-01,cubesmart,RI,10x20,17,17,183.0
2026-09-01,cubesmart,RI,10x21,1,1,249.0
2026-09-01,cubesmart,RI,10x25,7,7,207.0
2026-09-01,cubesmart,RI,10x30,7,7,229.0
2026-09-01,cubesmart,RI,10x35,1,1,411.0
2026-09-01,cubesmart,RI,10x40,1,1,239.0
2026-09-01,cubesmart,RI,10x5,2,2,89.0
2026-09-01,cubesmart,RI,10x7,1,1,150.0
2026-09-01,cubesmart,RI,10x7.5,1,1,80.0
2026-09-01,cubesmart,RI,10x9,1,1,89.0
2026-09-01,cubesmart,RI,15x20,1,1,197.0
2026-09-01,cubesmart,RI,20x10,1,1,255.0
2026-09-01,cubesmart,RI,20x15,2,2,246.0
2026-09-01,cubesmart,RI,20x20,2,2,279.5
2026-09-01,cubesmart,RI,4x5,1,1,64.0
2026-09-01,cubesmart,RI,5x10,17,17,64.0
2026-09-01,cubesmart,RI,5x15,10,10,80.5
2026-09-01,cubesmart,RI,5x20,3,3,99.0
2026-09-01,cubesmart,RI,5x5,13,13,53.0
2026-09-01,cubesmart,RI,5x6,1,1,65.0
2026-09-01,cubesmart,RI,5x9,2,2,84.5
2026-09-01,cubesmart,RI,6x6,1,1,75.0
2026-09-01,cubesmart,RI,8x20,1,1,121.0
2026-09-01,cubesmart,RI,Other,12,12,112.0
2026-09-01,cubesmart,SC,1.5x2.5,3,3,38.0
2026-09-01,cubesmart,SC,10x10,31,31,70.0
2026-09-01,cubesmart,SC,10x12,1,1,58.0
2026-09-01,cubesmart,SC,10x12.5,1,1,137.0
2026-09-01,cubesmart,SC,10x14,1,1,70.0
2026-09-01,cubesmart,SC,10x15,28,28,125.0
2026-09-01,cubesmart,SC,10x18,1,1,86.0
2026-09-01,cubesmart,SC,10x20,21,21,154.0
2026-09-01,cubesmart,SC,10x22,1,1,247.0
2026-09-01,cubesmart,SC,10x25,11,11,279.0
2026-09-01,cubesmart,SC,10x29,1,1,216.0
2026-09-01,cubesmart,SC,10x30,10,10,214.0
2026-09-01,cubesmart,SC,10x4,1,1,75.0
2026-09-01,cubesmart,SC,10x5,14,14,37.0
2026-09-01,cubesmart,SC,10x7.5,1,1,36.0
2026-09-01,cubesmart,SC,10x8,1,1,71.0
2026-09-01,cubesmart,SC,10x9,1,1,67.0
2026-09-01,cubesmart,SC,12x10,1,1,58.0
2026-09-01,cubesmart,SC,12x20,1,1,194.0
2026-09-01,cubesmart,SC,12x30,2,2,382.0
2026-09-01,cubesmart,SC,12x6,1,1,20.0
2026-09-01,cubesmart,SC,15x10,3,3,58.0
2026-09-01,cubesmart,SC,15x20,1,1,301.0
2026-09-01,cubesmart,SC,15x30,1,1,267.0
2026-09-01,cubesmart,SC,15x5,3,3,38.0
2026-09-01,cubesmart,SC,2.5x2,3,3,38.0
2026-09-01,cubesmart,SC,2.5x3,1,1,46.0
2026-09-01,cubesmart,SC,2.5x3.5,1,1,51.0
2026-09-01,cubesmart,SC,20x10,10,10,152.5
2026-09-01,cubesmart,SC,20x12,1,1,33.0
2026-09-01,cubesmart,SC,20x15,4,4,240.0
2026-09-01,cubesmart,SC,20x20,3,3,252.0
2026-09-01,cubesmart,SC,20x30,1,1,340.0
2026-09-01,cubesmart,SC,25x10,1,1,267.0
2026-09-01,cubesmart,SC,2x2.5,1,1,46.0
2026-09-01,cubesmart,SC,2x3,1,1,25.0
2026-09-01,cubesmart,SC,3.5x3,1,1,54.0
2026-09-01,cubesmart,SC,30x12,1,1,33.0
2026-09-01,cubesmart,SC,3x2,1,1,42.0
2026-09-01,cubesmart,SC,3x3,2,2,53.5
2026-09-01,cubesmart,SC,40x12,1,1,37.0
2026-09-01,cubesmart,SC,4x5,1,1,48.0
2026-09-01,cubesmart,SC,5x10,24,24,36.0
2026-09-01,cubesmart,SC,5x12,2,2,27.5
2026-09-01,cubesmart,SC,5x15,5,5,46.0
2026-09-01,cubesmart,SC,5x20,2,2,43.5
2026-09-01,cubesmart,SC,5x5,21,21,25.0
2026-09-01,cubesmart,SC,5x6,1,1,14.0
2026-09-01,cubesmart,SC,5x7,5,5,28.0
2026-09-01,cubesmart,SC,5x8,4,4,30.5
2026-09-01,cubesmart,SC,6x10,2,2,27.0
2026-09-01,cubesmart,SC,6x12,1,1,21.0
2026-09-01,cubesmart,SC,6x6,2,2,50.5
2026-09-01,cubesmart,SC,7.5x10,3,3,70.0
2026-09-01,cubesmart,SC,7x10,1,1,31.0
2026-09-01,cubesmart,SC,8x10,3,3,41.0
2026-09-01,cubesmart,SC,9x10,1,1,67.0
2026-09-01,cubesmart,SC,Other,12,12,97.0
2026-09-01,cubesmart,TN,10x10,51,51,100.0
2026-09-01,cubesmart,TN,10x11,1,1,150.0
2026-09-01,cubesmart,TN,10x12,4,4,96.5
2026-09-01,cubesmart,TN,10x12.5,2,2,131.0
2026-09-01,cubesmart,TN,10x13,2,2,85.5
2026-09-01,cubesmart,TN,10x14,1,1,151.0
2026-09-01,cubesmart,TN,10x15,43,43,139.0
2026-09-01,cubesmart,TN,10x17,2,2,208.0
2026-09-01,cubesmart,TN,10x18,1,1,134.0
2026-09-01,cubesmart,TN,10x20,37,37,166.0
2026-09-01,cubesmart,TN,10x22,1,1,152.0
2026-09-01,cubesmart,TN,10x24,3,3,210.0
2026-09-01,cubesmart,TN,10x25,19,19,193.0
2026-09-01,cubesmart,TN,10x27,1,1,271.0
2026-09-01,cubesmart,TN,10x30,16,16,245.5
2026-09-01,cubesmart,TN,10x35,3,3,301.0
2026-09-01,cubesmart,TN,10x4,1,1,83.0
2026-09-01,cubesmart,TN,10x40,4,4,266.5
2026-09-01,cubesmart,TN,10x5,11,11,75.0
2026-09-01,cubesmart,TN,10x50,1,1,190.0
2026-09-01,cubesmart,TN,10x7,4,4,89.5
2026-09-01,cubesmart,TN,12x14,1,1,84.0
2026-09-01,cubesmart,TN,12x15,1,1,178.0
2026-09-01,cubesmart,TN,12x20,3,3,169.0
2026-09-01,cubesmart,TN,12x25,3,3,238.0
2026-09-01,cubesmart,TN,12x30,6,6,237.5
2026-09-01,cubesmart,TN,12x4,1,1,52.0
2026-09-01,cubesmart,TN,12x60,1,1,160.0
2026-09-01,cubesmart,TN,13x15,1,1,194.0
2026-09-01,cubesmart,TN,13x20,2,2,151.0
2026-09-01,cubesmart,TN,14x2,1,1,9.0
2026-09-01,cubesmart,TN,14x20,1,1,223.0
2026-09-01,cubesmart,TN,14x5,1,1,25.0
2026-09-01,cubesmart,TN,15x10,6,6,134.5
2026-09-01,cubesmart,TN,15x15,3,3,203.0
2026-09-01,cubesmart,TN,15x20,4,4,287.5
2026-09-01,cubesmart,TN,15x25,1,1,215.0
2026-09-01,cubesmart,TN,15x30,2,2,271.0
2026-09-01,cubesmart,TN,16x20,2,2,233.0
2026-09-01,cubesmart,TN,20x10,9,9,166.0
2026-09-01,cubesmart,TN,20x12,1,1,427.0
2026-09-01,cubesmart,TN,20x15,8,8,271.0
2026-09-01,cubesmart,TN,20x20,9,9,255.0
2026-09-01,cubesmart,TN,20x25,3,3,335.0
2026-09-01,cubesmart,TN,20x30,4,4,360.5
2026-09-01,cubesmart,TN,20x45,1,1,573.0
2026-09-01,cubesmart,TN,20x95,1,1,1336.0
2026-09-01,cubesmart,TN,2x2.5,1,1,56.0
2026-09-01,cubesmart,TN,2x3,1,1,56.0
2026-09-01,cubesmart,TN,30x10,1,1,184.0
2026-09-01,cubesmart,TN,30x12,1,1,221.0
2026-09-01,cubesmart,TN,3x3,2,2,11.5
2026-09-01,cubesmart,TN,3x4,1,1,51.0
2026-09-01,cubesmart,TN,3x6,1,1,6.0
2026-09-01,cubesmart,TN,3x8,1,1,86.0
2026-09-01,cubesmart,TN,4x6,2,2,8.0
2026-09-01,cubesmart,TN,4x8,2,2,61.0
2026-09-01,cubesmart,TN,4x9,1,1,11.0
2026-09-01,cubesmart,TN,5x10,42,42,72.0
2026-09-01,cubesmart,TN,5x12,1,1,42.0
2026-09-01,cubesmart,TN,5x15,14,14,93.5
2026-09-01,cubesmart,TN,5x5,36,36,48.0
2026-09-01,cubesmart,TN,5x7,3,3,52.0
2026-09-01,cubesmart,TN,5x7.5,2,2,73.0
2026-09-01,cubesmart,TN,5x8,6,6,61.5
2026-09-01,cubesmart,TN,6x14,1,1,33.0
2026-09-01,cubesmart,TN,6x15,1,1,183.0
2026-09-01,cubesmart,TN,6x3,1,1,6.0
2026-09-01,cubesmart,TN,6x6,2,2,12.5
2026-09-01,cubesmart,TN,6x8,1,1,19.0
2026-09-01,cubesmart,TN,6x9,1,1,24.0
2026-09-01,cubesmart,TN,7.5x10,1,1,127.0
2026-09-01,cubesmart,TN,7x10,3,3,93.0
2026-09-01,cubesmart,TN,7x12.5,1,1,55.0
2026-09-01,cubesmart,TN,7x13,1,1,66.0
2026-09-01,cubesmart,TN,7x20,1,1,77.0
2026-09-01,cubesmart,TN,7x5,1,1,107.0
2026-09-01,cubesmart,TN,8.5x10,1,1,114.0
2026-09-01,cubesmart,TN,8x10,3,3,60.0
2026-09-01,cubesmart,TN,8x12,1,1,60.0
2026-09-01,cubesmart,TN,8x14,1,1,68.0
2026-09-01,cubesmart,TN,8x15,6,6,154.5
2026-09-01,cubesmart,TN,8x20,8,8,165.5
2026-09-01,cubesmart,TN,8x25,4,4,182.0
2026-09-01,cubesmart,TN,8x30,1,1,105.0
2026-09-01,cubesmart,TN,8x5,2,2,59.0
2026-09-01,cubesmart,TN,8x8,1,1,156.0
2026-09-01,cubesmart,TN,9x14,1,1,76.0
2026-09-01,cubesmart,TN,Other,36,36,61.5
2026-09-01,cubesmart,TX,10x10,448,448,78.0
2026-09-01,cubesmart,TX,10x11,2,2,84.5
2026-09-01,cubesmart,TX,10x12,35,35,77.0
2026-09-01,cubesmart,TX,10x12.5,23,23,103.0
2026-09-01,cubesmart,TX,10x13,7,7,95.0
2026-09-01,cubesmart,TX,10x14,3,3,96.0
2026-09-01,cubesmart,TX,10x14.5,1,1,240.0
2026-09-01,cubesmart,TX,10x15,354,354,111.5
2026-09-01,cubesmart,TX,10x16,1,1,163.0
2026-09-01,cubesmart,TX,10x17,2,2,87.0
2026-09-01,cubesmart,TX,10x17.5,1,1,243.0
2026-09-01,cubesmart,TX,10x18,5,5,155.0
2026-09-01,cubesmart,TX,10x19,3,3,115.0
2026-09-01,cubesmart,TX,10x2.5,1,1,49.0
2026-09-01,cubesmart,TX,10x20,310,310,145.0
2026-09-01,cubesmart,TX,10x21,1,1,186.0
2026-09-01,cubesmart,TX,10x22,3,3,121.0
2026-09-01,cubesmart,TX,10x23,2,2,163.5
2026-09-01,cubesmart,TX,10x24,5,5,112.0
2026-09-01,cubesmart,TX,10x25,134,134,172.5
2026-09-01,cubesmart,TX,10x26,3,3,130.0
2026-09-01,cubesmart,TX,10x27,3,3,65.0
2026-09-01,cubesmart,TX,10x28,1,1,155.0
2026-09-01,cubesmart,TX,10x3,3,3,44.0
2026-09-01,cubesmart,TX,10x3.5,1,1,29.0
2026-09-01,cubesmart,TX,10x30,121,121,193.0
2026-09-01,cubesmart,TX,10x31,1,1,118.0
2026-09-01,cubesmart,TX,10x33,1,1,309.0
2026-09-01,cubesmart,TX,10x35,8,8,159.5
2026-09-01,cubesmart,TX,10x36,1,1,127.0
2026-09-01,cubesmart,TX,10x4,2,2,55.0
2026-09-01,cubesmart,TX,10x40,4,4,175.5
2026-09-01,cubesmart,TX,10x46,1,1,88.0
2026-09-01,cubesmart,TX,10x5,156,156,44.5
2026-09-01,cubesmart,TX,10x50,1,1,360.0
2026-09-01,cubesmart,TX,10x6,1,1,46.0
2026-09-01,cubesmart,TX,10x7,9,9,43.0
2026-09-01,cubesmart,TX,10x7.5,35,35,57.0
2026-09-01,cubesmart,TX,10x8,7,7,44.0
2026-09-01,cubesmart,TX,10x9,1,1,198.0
2026-09-01,cubesmart,TX,11.5x20,1,1,83.0
2026-09-01,cubesmart,TX,11.5x25,1,1,85.0
2026-09-01,cubesmart,TX,11.5x30,1,1,88.0
2026-09-01,cubesmart,TX,11x15,1,1,101.0
2026-09-01,cubesmart,TX,11x22,1,1,88.0
2026-09-01,cubesmart,TX,11x26,1,1,95.0
2026-09-01,cubesmart,TX,11x28,1,1,171.0
2026-09-01,cubesmart,TX,11x30,2,2,145.0
2026-09-01,cubesmart,TX,11x35,2,2,156.0
2026-09-01,cubesmart,TX,11x40,1,1,149.0
2026-09-01,cubesmart,TX,12.5x10,7,7,120.0
2026-09-01,cubesmart,TX,12.5x20,2,2,104.5
2026-09-01,cubesmart,TX,12.5x29,1,1,193.0
2026-09-01,cubesmart,TX,12.5x30,2,2,201.0
2026-09-01,cubesmart,TX,12.5x37,1,1,228.0
2026-09-01,cubesmart,TX,12.5x40,1,1,191.0
2026-09-01,cubesmart,TX,12x10,1,1,93.0
2026-09-01,cubesmart,TX,12x12,5,5,57.0
2026-09-01,cubesmart,TX,12x14,1,1,93.0
2026-09-01,cubesmart,TX,12x15,6,6,128.5
2026-09-01,cubesmart,TX,12x16,1,1,116.0
2026-09-01,cubesmart,TX,12x17.5,1,1,187.0
2026-09-01,cubesmart,TX,12x20,6,6,120.5
2026-09-01,cubesmart,TX,12x23,1,1,181.0
2026-09-01,cubesmart,TX,12x24,2,2,157.5
2026-09-01,cubesmart,TX,12x25,14,14,150.5
2026-09-01,cubesmart,TX,12x27,1,1,105.0
2026-09-01,cubesmart,TX,12x28,1,1,101.0
2026-09-01,cubesmart,TX,12x29,1,1,100.0
2026-09-01,cubesmart,TX,12x30,24,24,185.0
2026-09-01,cubesmart,TX,12x32,2,2,209.0
2026-09-01,cubesmart,TX,12x35,5,5,249.0
2026-09-01,cubesmart,TX,12x36,3,3,134.0
2026-09-01,cubesmart,TX,12x40,11,11,133.0
2026-09-01,cubesmart,TX,12x50,1,1,125.0
2026-09-01,cubesmart,TX,12x52,1,1,154.0
2026-09-01,cubesmart,TX,12x6,1,1,47.0
2026-09-01,cubesmart,TX,12x8,1,1,59.0
2026-09-01,cubesmart,TX,13x10,2,2,108.5
2026-09-01,cubesmart,TX,13x18,1,1,75.0
2026-09-01,cubesmart,TX,13x29,1,1,200.0
2026-09-01,cubesmart,TX,13x30,2,2,180.5
2026-09-01,cubesmart,TX,13x32,1,1,122.0
2026-09-01,cubesmart,TX,13x35,6,6,324.0
2026-09-01,cubesmart,TX,13x36,1,1,157.0
2026-09-01,cubesmart,TX,13x36.5,1,1,527.0
2026-09-01,cubesmart,TX,13x40,1,1,402.0
2026-09-01,cubesmart,TX,13x45,3,3,310.0
2026-09-01,cubesmart,TX,13x50,5,5,454.0
2026-09-01,cubesmart,TX,13x7.5,1,1,71.0
2026-09-01,cubesmart,TX,14x14,1,1,116.0
2026-09-01,cubesmart,TX,14x16,1,1,155.0
2026-09-01,cubesmart,TX,14x25,2,2,199.0
2026-09-01,cubesmart,TX,14x30,4,4,169.0
2026-09-01,cubesmart,TX,14x40,3,3,161.0
2026-09-01,cubesmart,TX,14x50,2,2,142.5
2026-09-01,cubesmart,TX,15x0,1,1,110.0
2026-09-01,cubesmart,TX,15x10,20,20,119.5
2026-09-01,cubesmart,TX,15x12,1,1,67.0
2026-09-01,cubesmart,TX,15x15,14,14,152.5
2026-09-01,cubesmart,TX,15x18,2,2,222.5
2026-09-01,cubesmart,TX,15x19,1,1,103.0
2026-09-01,cubesmart,TX,15x20,10,10,199.5
2026-09-01,cubesmart,TX,15x25,4,4,199.5
2026-09-01,cubesmart,TX,15x30,3,3,300.0
2026-09-01,cubesmart,TX,15x35,1,1,279.0
2026-09-01,cubesmart,TX,15x5,5,5,73.0
2026-09-01,cubesmart,TX,15x7,2,2,66.0
2026-09-01,cubesmart,TX,15x8,2,2,94.0
2026-09-01,cubesmart,TX,16x12,2,2,130.0
2026-09-01,cubesmart,TX,16x34,1,1,170.0
2026-09-01,cubesmart,TX,18x12,1,1,91.0
2026-09-01,cubesmart,TX,18x18,1,1,188.0
2026-09-01,cubesmart,TX,18x20,1,1,227.0
2026-09-01,cubesmart,TX,18x6,1,1,67.0
2026-09-01,cubesmart,TX,2.25x4.5,1,1,69.0
2026-09-01,cubesmart,TX,2.3x3.5,1,1,36.0
2026-09-01,cubesmart,TX,2.5x2,2,2,16.5
2026-09-01,cubesmart,TX,2.5x2.5,1,1,46.0
2026-09-01,cubesmart,TX,2.5x3,3,3,22.0
2026-09-01,cubesmart,TX,2.5x4,1,1,32.0
2026-09-01,cubesmart,TX,2.8x1.9,1,1,31.0
2026-09-01,cubesmart,TX,20x10,66,66,152.0
2026-09-01,cubesmart,TX,20x12,3,3,131.0
2026-09-01,cubesmart,TX,20x12.5,2,2,185.5
2026-09-01,cubesmart,TX,20x14,1,1,141.0
2026-09-01,cubesmart,TX,20x15,30,30,200.5
2026-09-01,cubesmart,TX,20x20,33,33,220.0
2026-09-01,cubesmart,TX,20x25,8,8,238.5
2026-09-01,cubesmart,TX,20x27,2,2,141.0
2026-09-01,cubesmart,TX,20x30,9,9,279.0
2026-09-01,cubesmart,TX,20x5,5,5,71.0
2026-09-01,cubesmart,TX,20x7,2,2,74.0
2026-09-01,cubesmart,TX,20x8,1,1,112.0
2026-09-01,cubesmart,TX,21x10,1,1,165.0
2026-09-01,cubesmart,TX,22.5x10,1,1,195.0
2026-09-01,cubesmart,TX,24x20,1,1,132.0
2026-09-01,cubesmart,TX,24x50,1,1,508.0
2026-09-01,cubesmart,TX,25x10,4,4,229.5
2026-09-01,cubesmart,TX,25x15,1,1,283.0
2026-09-01,cubesmart,TX,26.5x67,1,1,1568.0
2026-09-01,cubesmart,TX,2x12,1,1,26.0
2026-09-01,cubesmart,TX,2x18,1,1,34.0
2026-09-01,cubesmart,TX,2x2,2,2,17.5
2026-09-01,cubesmart,TX,2x2.5,2,2,16.5
2026-09-01,cubesmart,TX,2x2.6,1,1,17.0
2026-09-01,cubesmart,TX,2x3,4,4,17.5
2026-09-01,cubesmart,TX,2x4,4,4,18.5
2026-09-01,cubesmart,TX,2x4.5,1,1,17.0
2026-09-01,cubesmart,TX,2x5,1,1,20.0
2026-09-01,cubesmart,TX,2x6,3,3,20.0
2026-09-01,cubesmart,TX,3.5x3,1,1,54.0
2026-09-01,cubesmart,TX,3.5x9,1,1,105.0
2026-09-01,cubesmart,TX,3.75x3,1,1,69.0
2026-09-01,cubesmart,TX,30x10,10,10,220.0
2026-09-01,cubesmart,TX,30x18,1,1,506.0
2026-09-01,cubesmart,TX,30x40,1,1,711.0
2026-09-01,cubesmart,TX,3x1.5,1,1,22.0
2026-09-01,cubesmart,TX,3x10,1,1,56.0
2026-09-01,cubesmart,TX,3x2,4,4,14.5
2026-09-01,cubesmart,TX,3x3,7,7,13.0
2026-09-01,cubesmart,TX,3x4,5,5,6.0
2026-09-01,cubesmart,TX,3x4.5,2,2,25.5
2026-09-01,cubesmart,TX,3x5,3,3,15.0
2026-09-01,cubesmart,TX,3x6,1,1,36.0
2026-09-01,cubesmart,TX,4.5x5.5,1,1,246.0
2026-09-01,cubesmart,TX,48x59,1,1,2317.0
2026-09-01,cubesmart,TX,4x10,2,2,64.0
2026-09-01,cubesmart,TX,4x12,3,3,14.0
2026-09-01,cubesmart,TX,4x2,2,2,33.0
2026-09-01,cubesmart,TX,4x3,3,3,19.0
2026-09-01,cubesmart,TX,4x4,2,2,22.5
2026-09-01,cubesmart,TX,4x4.5,1,1,63.0
2026-09-01,cubesmart,TX,4x5,4,4,15.0
2026-09-01,cubesmart,TX,4x6,1,1,22.0
2026-09-01,cubesmart,TX,50x10,1,1,263.0
2026-09-01,cubesmart,TX,5x10,362,362,44.0
2026-09-01,cubesmart,TX,5x11,1,1,75.0
2026-09-01,cubesmart,TX,5x12,7,7,59.0
2026-09-01,cubesmart,TX,5x12.5,1,1,52.0
2026-09-01,cubesmart,TX,5x13,1,1,37.0
2026-09-01,cubesmart,TX,5x14,1,1,37.0
2026-09-01,cubesmart,TX,5x15,94,94,55.0
2026-09-01,cubesmart,TX,5x16,1,1,96.0
2026-09-01,cubesmart,TX,5x20,6,6,81.5
2026-09-01,cubesmart,TX,5x3,4,4,29.0
2026-09-01,cubesmart,TX,5x4,4,4,20.5
2026-09-01,cubesmart,TX,5x5,336,336,29.5
2026-09-01,cubesmart,TX,5x6,2,2,29.5
2026-09-01,cubesmart,TX,5x7,21,21,30.0
2026-09-01,cubesmart,TX,5x7.5,24,24,36.5
2026-09-01,cubesmart,TX,5x8,16,16,44.5
2026-09-01,cubesmart,TX,5x9,4,4,40.5
2026-09-01,cubesmart,TX,6.5x20,1,1,57.0
2026-09-01,cubesmart,TX,6x10,8,8,35.5
2026-09-01,cubesmart,TX,6x12,11,11,30.0
2026-09-01,cubesmart,TX,6x3,1,1,32.0
2026-09-01,cubesmart,TX,6x5,1,1,23.0
2026-09-01,cubesmart,TX,6x6,2,2,33.0
2026-09-01,cubesmart,TX,6x7,2,2,21.0
2026-09-01,cubesmart,TX,6x8,4,4,35.5
2026-09-01,cubesmart,TX,6x9,1,1,86.0
2026-09-01,cubesmart,TX,7.5x10,57,57,63.0
2026-09-01,cubesmart,TX,7.5x15,10,10,73.0
2026-09-01,cubesmart,TX,7.5x20,5,5,93.0
2026-09-01,cubesmart,TX,7.5x5,9,9,34.0
2026-09-01,cubesmart,TX,7x10,15,15,53.0
2026-09-01,cubesmart,TX,7x15,5,5,80.0
2026-09-01,cubesmart,TX,7x20,1,1,58.0
2026-09-01,cubesmart,TX,7x25,2,2,98.5
2026-09-01,cubesmart,TX,7x3,2,2,58.0
2026-09-01,cubesmart,TX,7x3.5,1,1,31.0
2026-09-01,cubesmart,TX,7x4.5,1,1,97.0
2026-09-01,cubesmart,TX,7x5,3,3,33.0
2026-09-01,cubesmart,TX,7x7,3,3,42.0
2026-09-01,cubesmart,TX,7x7.5,1,1,24.0
2026-09-01,cubesmart,TX,7x8,1,1,26.0
2026-09-01,cubesmart,TX,8x10,27,27,50.0
2026-09-01,cubesmart,TX,8x11,1,1,46.0
2026-09-01,cubesmart,TX,8x12,8,8,38.5
2026-09-01,cubesmart,TX,8x12.5,1,1,38.0
2026-09-01,cubesmart,TX,8x13,1,1,46.0
2026-09-01,cubesmart,TX,8x14,1,1,96.0
2026-09-01,cubesmart,TX,8x15,4,4,95.5
2026-09-01,cubesmart,TX,8x16,2,2,56.0
2026-09-01,cubesmart,TX,8x19,1,1,92.0
2026-09-01,cubesmart,TX,8x20,8,8,106.0
2026-09-01,cubesmart,TX,8x25,1,1,266.0
2026-09-01,cubesmart,TX,8x30,2,2,131.5
2026-09-01,cubesmart,TX,8x5,1,1,41.0
2026-09-01,cubesmart,TX,8x6,1,1,96.0
2026-09-01,cubesmart,TX,8x8,1,1,25.0
2026-09-01,cubesmart,TX,9x10,7,7,69.0
2026-09-01,cubesmart,TX,9x12,1,1,80.0
2026-09-01,cubesmart,TX,9x15,4,4,94.0
2026-09-01,cubesmart,TX,9x18,2,2,116.5
2026-09-01,cubesmart,TX,9x20,6,6,120.5
2026-09-01,cubesmart,TX,9x25,1,1,117.0
2026-09-01,cubesmart,TX,9x26,1,1,135.0
2026-09-01,cubesmart,TX,9x27,1,1,74.0
2026-09-01,cubesmart,TX,9x30,2,2,151.0
2026-09-01,cubesmart,TX,9x5,1,1,76.0
2026-09-01,cubesmart,TX,9x53,1,1,216.0
2026-09-01,cubesmart,TX,9x9,2,2,88.5
2026-09-01,cubesmart,TX,Other,210,210,67.0
2026-09-01,cubesmart,UT,10x5,1,1,62.0
2026-09-01,cubesmart,UT,14x10,1,1,128.0
2026-09-01,cubesmart,UT,14x5,1,1,122.0
2026-09-01,cubesmart,UT,16x8,1,1,141.0
2026-09-01,cubesmart,UT,4x7,1,1,40.0
2026-09-01,cubesmart,UT,5x10,2,2,60.0
2026-09-01,cubesmart,UT,5x5,2,2,37.5
2026-09-01,cubesmart,UT,5x8,3,3,52.0
2026-09-01,cubesmart,UT,6x5,2,2,42.5
2026-09-01,cubesmart,UT,7x10,3,3,78.0
2026-09-01,cubesmart,UT,7x5,2,2,47.0
2026-09-01,cubesmart,UT,7x7,2,2,60.0
2026-09-01,cubesmart,UT,7x8,1,1,56.0
2026-09-01,cubesmart,UT,8x10,1,1,68.0
2026-09-01,cubesmart,UT,8x5,2,2,52.5
2026-09-01,cubesmart,UT,8x7,1,1,56.0
2026-09-01,cubesmart,UT,8x8,2,2,75.0
2026-09-01,cubesmart,UT,Other,2,2,58.0
2026-09-01,cubesmart,VA,1.1x7.3,1,1,79.0
2026-09-01,cubesmart,VA,10x10,56,56,135.0
2026-09-01,cubesmart,VA,10x11,1,1,193.0
2026-09-01,cubesmart,VA,10x12,1,1,65.0
2026-09-01,cubesmart,VA,10x12.5,1,1,206.0
2026-09-01,cubesmart,VA,10x13,2,2,157.0
2026-09-01,cubesmart,VA,10x14,3,3,227.0
2026-09-01,cubesmart,VA,10x15,54,54,152.5
2026-09-01,cubesmart,VA,10x16,1,1,252.0
2026-09-01,cubesmart,VA,10x17,1,1,105.0
2026-09-01,cubesmart,VA,10x19,2,2,392.5
2026-09-01,cubesmart,VA,10x20,46,46,215.5
2026-09-01,cubesmart,VA,10x21,1,1,387.0
2026-09-01,cubesmart,VA,10x25,17,17,271.0
2026-09-01,cubesmart,VA,10x30,26,26,285.5
2026-09-01,cubesmart,VA,10x35,1,1,586.0
2026-09-01,cubesmart,VA,10x5,18,18,64.5
2026-09-01,cubesmart,VA,10x7,1,1,185.0
2026-09-01,cubesmart,VA,10x7.5,6,6,80.0
2026-09-01,cubesmart,VA,10x8,2,2,138.5
2026-09-01,cubesmart,VA,10x9,1,1,209.0
2026-09-01,cubesmart,VA,11x3,1,1,13.0
2026-09-01,cubesmart,VA,12x3,1,1,13.0
2026-09-01,cubesmart,VA,13x10,1,1,213.0
2026-09-01,cubesmart,VA,15x10,2,2,146.5
2026-09-01,cubesmart,VA,15x12.5,1,1,484.0
2026-09-01,cubesmart,VA,15x15,1,1,209.0
2026-09-01,cubesmart,VA,15x20,1,1,453.0
2026-09-01,cubesmart,VA,15x30,1,1,365.0
2026-09-01,cubesmart,VA,16x6,1,1,58.0
2026-09-01,cubesmart,VA,16x7,1,1,65.0
2026-09-01,cubesmart,VA,2.3x2.4,1,1,46.0
2026-09-01,cubesmart,VA,2.3x4.4,1,1,59.0
2026-09-01,cubesmart,VA,2.5x7.3,1,1,100.0
2026-09-01,cubesmart,VA,2.6x4.4,1,1,59.0
2026-09-01,cubesmart,VA,20x10,10,10,246.0
2026-09-01,cubesmart,VA,20x15,11,11,232.0
2026-09-01,cubesmart,VA,20x20,5,5,373.0
2026-09-01,cubesmart,VA,20x25,1,1,254.0
2026-09-01,cubesmart,VA,20x5,1,1,160.0
2026-09-01,cubesmart,VA,20x8,1,1,202.0
2026-09-01,cubesmart,VA,30x10,1,1,107.0
2026-09-01,cubesmart,VA,3x4,1,1,36.0
2026-09-01,cubesmart,VA,3x6,1,1,56.0
2026-09-01,cubesmart,VA,40x10,2,2,324.0
2026-09-01,cubesmart,VA,4x10,3,3,78.0
2026-09-01,cubesmart,VA,4x5,1,1,61.0
2026-09-01,cubesmart,VA,4x6,1,1,8.0
2026-09-01,cubesmart,VA,5x10,57,57,72.0
2026-09-01,cubesmart,VA,5x11,1,1,110.0
2026-09-01,cubesmart,VA,5x12,1,1,119.0
2026-09-01,cubesmart,VA,5x15,20,20,88.0
2026-09-01,cubesmart,VA,5x20,1,1,155.0
2026-09-01,cubesmart,VA,5x4,1,1,28.0
2026-09-01,cubesmart,VA,5x5,61,61,51.0
2026-09-01,cubesmart,VA,5x6,1,1,75.0
2026-09-01,cubesmart,VA,5x7,2,2,110.5
2026-09-01,cubesmart,VA,5x7.5,4,4,75.0
2026-09-01,cubesmart,VA,5x8,2,2,104.5
2026-09-01,cubesmart,VA,5x9,1,1,86.0
2026-09-01,cubesmart,VA,6x12,1,1,42.0
2026-09-01,cubesmart,VA,7.5x10,8,8,84.0
2026-09-01,cubesmart,VA,7.5x20,1,1,225.0
2026-09-01,cubesmart,VA,7.5x5,1,1,22.0
2026-09-01,cubesmart,VA,7x10,6,6,112.0
2026-09-01,cubesmart,VA,7x15,1,1,62.0
2026-09-01,cubesmart,VA,7x17,1,1,186.0
2026-09-01,cubesmart,VA,7x20,3,3,223.0
2026-09-01,cubesmart,VA,7x8,1,1,78.0
2026-09-01,cubesmart,VA,8x10,5,5,48.0
2026-09-01,cubesmart,VA,8x13,1,1,81.0
2026-09-01,cubesmart,VA,8x15,1,1,110.0
2026-09-01,cubesmart,VA,8x17,1,1,129.0
2026-09-01,cubesmart,VA,8x20,2,2,159.5
2026-09-01,cubesmart,VA,8x22,1,1,159.0
2026-09-01,cubesmart,VA,8x3,2,2,10.0
2026-09-01,cubesmart,VA,8x30,1,1,137.0
2026-09-01,cubesmart,VA,8x5,1,1,15.0
2026-09-01,cubesmart,VA,8x6,1,1,22.0
2026-09-01,cubesmart,VA,8x7,1,1,26.0
2026-09-01,cubesmart,VA,8x9,1,1,30.0
2026-09-01,cubesmart,VA,9x10,5,5,144.0
2026-09-01,cubesmart,VA,9x14,1,1,214.0
2026-09-01,cubesmart,VA,9x29,1,1,395.0
2026-09-01,cubesmart,VA,9x3,1,1,9.0
2026-09-01,cubesmart,VA,Other,35,35,109.0
2026-09-01,cubesmart,VT,10x10,4,4,114.5
2026-09-01,cubesmart,VT,10x15,3,3,104.0
2026-09-01,cubesmart,VT,10x20,3,3,164.0
2026-09-01,cubesmart,VT,10x30,2,2,177.0
2026-09-01,cubesmart,VT,20x30,1,1,232.0
2026-09-01,cubesmart,VT,5x10,4,4,88.0
2026-09-01,cubesmart,VT,5x5,3,3,34.0
2026-09-01,cubesmart,VT,Other,1,1,33.0
2026-09-01,cubesmart,WA,10x10,10,10,108.0
2026-09-01,cubesmart,WA,10x11,2,2,104.0
2026-09-01,cubesmart,WA,10x12.5,2,2,209.5
2026-09-01,cubesmart,WA,10x13,1,1,190.0
2026-09-01,cubesmart,WA,10x15,10,10,179.0
2026-09-01,cubesmart,WA,10x17.5,2,2,241.5
2026-09-01,cubesmart,WA,10x20,9,9,224.0
2026-09-01,cubesmart,WA,10x25,6,6,313.5
2026-09-01,cubesmart,WA,10x30,4,4,364.0
2026-09-01,cubesmart,WA,10x32,1,1,788.0
2026-09-01,cubesmart,WA,10x5,4,4,72.5
2026-09-01,cubesmart,WA,10x6,1,1,101.0
2026-09-01,cubesmart,WA,10x8,2,2,125.0
2026-09-01,cubesmart,WA,11x21,1,1,393.0
2026-09-01,cubesmart,WA,12.5x13,1,1,210.0
2026-09-01,cubesmart,WA,12.5x15,1,1,214.0
2026-09-01,cubesmart,WA,12.5x25,1,1,482.0
2026-09-01,cubesmart,WA,12.5x30,1,1,1097.0
2026-09-01,cubesmart,WA,12x30,1,1,1027.0
2026-09-01,cubesmart,WA,15x10,1,1,122.0
2026-09-01,cubesmart,WA,15x17.5,1,1,434.0
2026-09-01,cubesmart,WA,15x28,1,1,1087.0
2026-09-01,cubesmart,WA,17x28,1,1,1193.0
2026-09-01,cubesmart,WA,20x10,4,4,207.5
2026-09-01,cubesmart,WA,20x15,1,1,308.0
2026-09-01,cubesmart,WA,20x20,2,2,427.5
2026-09-01,cubesmart,WA,25x15,1,1,384.0
2026-09-01,cubesmart,WA,2x10,2,2,71.5
2026-09-01,cubesmart,WA,3x10,1,1,59.0
2026-09-01,cubesmart,WA,3x3,1,1,19.0
2026-09-01,cubesmart,WA,3x4,3,3,46.0
2026-09-01,cubesmart,WA,3x5,2,2,55.5
2026-09-01,cubesmart,WA,4x2,1,1,19.0
2026-09-01,cubesmart,WA,4x4,2,2,36.0
2026-09-01,cubesmart,WA,5x10,7,7,80.0
2026-09-01,cubesmart,WA,5x12.5,1,1,125.0
2026-09-01,cubesmart,WA,5x5,8,8,51.5
2026-09-01,cubesmart,WA,5x6,3,3,81.0
2026-09-01,cubesmart,WA,5x7,1,1,63.0
2026-09-01,cubesmart,WA,5x7.5,1,1,110.0
2026-09-01,cubesmart,WA,5x8,1,1,101.0
2026-09-01,cubesmart,WA,5x9,1,1,85.0
2026-09-01,cubesmart,WA,6x12.5,1,1,111.0
2026-09-01,cubesmart,WA,6x9,1,1,102.0
2026-09-01,cubesmart,WA,7.5x10,3,3,84.0
2026-09-01,cubesmart,WA,7.5x15,2,2,146.5
2026-09-01,cubesmart,WA,7.5x9,1,1,74.0
2026-09-01,cubesmart,WA,7x10,1,1,81.0
2026-09-01,cubesmart,WA,8x20,1,1,204.0
2026-09-01,cubesmart,WA,9x15,1,1,203.0
2026-09-01,cubesmart,WA,Other,4,4,72.0
2026-09-01,cubesmart,WI,10x10,12,12,87.5
2026-09-01,cubesmart,WI,10x11,1,1,104.0
2026-09-01,cubesmart,WI,10x12,1,1,101.0
2026-09-01,cubesmart,WI,10x13,2,2,115.5
2026-09-01,cubesmart,WI,10x15,8,8,120.5
2026-09-01,cubesmart,WI,10x19,1,1,169.0
2026-09-01,cubesmart,WI,10x20,14,14,111.0
2026-09-01,cubesmart,WI,10x25,6,6,140.0
2026-09-01,cubesmart,WI,10x30,10,10,154.5
2026-09-01,cubesmart,WI,10x4,1,1,46.0
2026-09-01,cubesmart,WI,10x40,2,2,240.5
2026-09-01,cubesmart,WI,10x5,3,3,79.0
2026-09-01,cubesmart,WI,10x50,1,1,208.0
2026-09-01,cubesmart,WI,10x6,1,1,51.0
2026-09-01,cubesmart,WI,11.5x5,1,1,52.0
2026-09-01,cubesmart,WI,11x10,1,1,158.0
2026-09-01,cubesmart,WI,11x23,1,1,287.0
2026-09-01,cubesmart,WI,12x10,2,2,61.5
2026-09-01,cubesmart,WI,12x13,1,1,110.0
2026-09-01,cubesmart,WI,12x15,2,2,112.5
2026-09-01,cubesmart,WI,12x20,1,1,107.0
2026-09-01,cubesmart,WI,12x25,1,1,123.0
2026-09-01,cubesmart,WI,12x30,2,2,158.5
2026-09-01,cubesmart,WI,12x50,1,1,243.0
2026-09-01,cubesmart,WI,12x8,1,1,91.0
2026-09-01,cubesmart,WI,13x14,1,1,262.0
2026-09-01,cubesmart,WI,13x15,1,1,170.0
2026-09-01,cubesmart,WI,13x4,1,1,63.0
2026-09-01,cubesmart,WI,15x10,1,1,191.0
2026-09-01,cubesmart,WI,15x20,1,1,253.0
2026-09-01,cubesmart,WI,15x24,1,1,283.0
2026-09-01,cubesmart,WI,15x5,2,2,64.5
2026-09-01,cubesmart,WI,20.5x6,1,1,89.0
2026-09-01,cubesmart,WI,20x10,1,1,193.0
2026-09-01,cubesmart,WI,20x14,1,1,264.0
2026-09-01,cubesmart,WI,20x15,2,2,252.0
2026-09-01,cubesmart,WI,20x19,1,1,340.0
2026-09-01,cubesmart,WI,20x20,4,4,302.5
2026-09-01,cubesmart,WI,20x22,1,1,208.0
2026-09-01,cubesmart,WI,20x40,1,1,524.0
2026-09-01,cubesmart,WI,25x10,1,1,190.0
2026-09-01,cubesmart,WI,3.5x25,1,1,72.0
2026-09-01,cubesmart,WI,30x10,1,1,196.0
2026-09-01,cubesmart,WI,30x15,1,1,472.0
2026-09-01,cubesmart,WI,40x10,1,1,249.0
2026-09-01,cubesmart,WI,4x5,1,1,37.0
2026-09-01,cubesmart,WI,5x10,11,11,49.0
2026-09-01,cubesmart,WI,5x12,1,1,62.0
2026-09-01,cubesmart,WI,5x15,3,3,70.0
2026-09-01,cubesmart,WI,5x19,1,1,74.0
2026-09-01,cubesmart,WI,5x5,5,5,38.0
2026-09-01,cubesmart,WI,5x8,1,1,45.0
2026-09-01,cubesmart,WI,6x10,2,2,76.5
2026-09-01,cubesmart,WI,6x11,1,1,60.0
2026-09-01,cubesmart,WI,6x12,1,1,63.0
2026-09-01,cubesmart,WI,9x10,1,1,72.0
2026-09-01,cubesmart,WI,9x15,1,1,94.0
2026-09-01,cubesmart,WI,Other,6,6,65.5
2026-09-02,cubesmart,AL,10x10,23,23,86.0
2026-09-02,cubesmart,AL,10x12,3,3,64.0
2026-09-02,cubesmart,AL,10x13,1,1,100.0
2026-09-02,cubesmart,AL,10x14,1,1,116.0
2026-09-02,cubesmart,AL,10x15,14,14,120.0
2026-09-02,cubesmart,AL,10x17,1,1,119.0
2026-09-02,cubesmart,AL,10x20,18,18,164.0
2026-09-02,cubesmart,AL,10x22,1,1,167.0
2026-09-02,cubesmart,AL,10x25,6,6,262.0
2026-09-02,cubesmart,AL,10x30,7,7,212.0
2026-09-02,cubesmart,AL,10x5,9,9,37.0
2026-09-02,cubesmart,AL,10x6,1,1,43.0
2026-09-02,cubesmart,AL,10x7,2,2,25.5
2026-09-02,cubesmart,AL,10x8,4,4,28.0
2026-09-02,cubesmart,AL,10x9,1,1,22.0
2026-09-02,cubesmart,AL,12x26,1,1,50.0
2026-09-02,cubesmart,AL,12x8,1,1,22.0
2026-09-02,cubesmart,AL,13x10,1,1,100.0
2026-09-02,cubesmart,AL,13x8,1,1,25.0
2026-09-02,cubesmart,AL,15x10,2,2,38.0
2026-09-02,cubesmart,AL,15x15,1,1,109.0
2026-09-02,cubesmart,AL,15x8,1,1,43.0
2026-09-02,cubesmart,AL,16x12,1,1,101.0
2026-09-02,cubesmart,AL,18x10,2,2,169.0
2026-09-02,cubesmart,AL,20x10,5,5,81.0
2026-09-02,cubesmart,AL,20x15,3,3,326.0
2026-09-02,cubesmart,AL,20x20,5,5,181.0
2026-09-02,cubesmart,AL,20x25,2,2,415.0
2026-09-02,cubesmart,AL,20x7,1,1,31.0
2026-09-02,cubesmart,AL,20x9,1,1,41.0
2026-09-02,cubesmart,AL,25x12,1,1,297.0
2026-09-02,cubesmart,AL,30x45,1,1,747.0
2026-09-02,cubesmart,AL,40x35,1,1,1124.0
2026-09-02,cubesmart,AL,4x8,2,2,9.5
2026-09-02,cubesmart,AL,5x10,18,18,58.5
2026-09-02,cubesmart,AL,5x15,1,1,88.0
2026-09-02,cubesmart,AL,5x4,1,1,68.0
2026-09-02,cubesmart,AL,5x5,17,17,35.0
2026-09-02,cubesmart,AL,5x7,4,4,43.5
2026-09-02,cubesmart,AL,5x8,3,3,18.0
2026-09-02,cubesmart,AL,6x10,2,2,77.0
2026-09-02,cubesmart,AL,7.5x10,5,5,73.0
2026-09-02,cubesmart,AL,7x5,1,1,25.0
2026-09-02,cubesmart,AL,8x10,2,2,81.5
2026-09-02,cubesmart,AL,8x12,1,1,36.0
2026-09-02,cubesmart,AL,8x19,1,1,70.0
2026-09-02,cubesmart,AL,8x3,1,1,24.0
2026-09-02,cubesmart,AL,8x5,1,1,28.0
2026-09-02,cubesmart,AL,9x10,2,2,91.5
2026-09-02,cubesmart,AL,Other,7,7,38.0
2026-09-02,cubesmart,AR,10x10,14,14,62.5
2026-09-02,cubesmart,AR,10x12,1,1,53.0
2026-09-02,cubesmart,AR,10x15,5,5,48.0
2026-09-02,cubesmart,AR,10x20,11,11,77.0
2026-09-02,cubesmart,AR,10x25,2,2,83.5
2026-09-02,cubesmart,AR,10x30,1,1,144.0
2026-09-02,cubesmart,AR,10x35,2,2,338.5
2026-09-02,cubesmart,AR,10x40,3,3,176.0
2026-09-02,cubesmart,AR,10x5,3,3,44.0
2026-09-02,cubesmart,AR,10x9,1,1,49.0
2026-09-02,cubesmart,AR,11x36,1,1,47.0
2026-09-02,cubesmart,AR,11x40,1,1,52.0
2026-09-02,cubesmart,AR,12x25,1,1,114.0
2026-09-02,cubesmart,AR,12x40,1,1,89.0
2026-09-02,cubesmart,AR,12x45,2,2,114.5
2026-09-02,cubesmart,AR,14x50,1,1,58.0
2026-09-02,cubesmart,AR,15x20,2,2,108.5
2026-09-02,cubesmart,AR,16x10,1,1,52.0
2026-09-02,cubesmart,AR,20x10,1,1,317.0
2026-09-02,cubesmart,AR,20x20,5,5,135.0
2026-09-02,cubesmart,AR,5x10,9,9,40.0
2026-09-02,cubesmart,AR,5x15,2,2,33.0
2026-09-02,cubesmart,AR,5x5,5,5,22.0
2026-09-02,cubesmart,AR,5x7.5,2,2,67.5
2026-09-02,cubesmart,AR,6x10,1,1,44.0
2026-09-02,cubesmart,AR,7.5x10,1,1,81.0
2026-09-02,cubesmart,AR,8x10,1,1,39.0
2026-09-02,cubesmart,AR,8x15,1,1,43.0
2026-09-02,cubesmart,AR,8x20,1,1,51.0
2026-09-02,cubesmart,AR,8x30,1,1,69.0
2026-09-02,cubesmart,AR,9x10,1,1,49.0
2026-09-02,cubesmart,AR,9x5,1,1,41.0
2026-09-02,cubesmart,AR,Other,6,6,55.0
2026-09-02,cubesmart,AZ,10x10,85,85,80.0
2026-09-02,cubesmart,AZ,10x12,5,5,80.0
2026-09-02,cubesmart,AZ,10x13,1,1,69.0
2026-09-02,cubesmart,AZ,10x14,1,1,100.0
2026-09-02,cubesmart,AZ,10x15,64,64,111.0
2026-09-02,cubesmart,AZ,10x16,1,1,102.0
2026-09-02,cubesmart,AZ,10x17,1,1,85.0
2026-09-02,cubesmart,AZ,10x18,1,1,103.0
2026-09-02,cubesmart,AZ,10x19,1,1,167.0
2026-09-02,cubesmart,AZ,10x20,67,67,145.0
2026-09-02,cubesmart,AZ,10x21,1,1,114.0
2026-09-02,cubesmart,AZ,10x22,3,3,133.0
2026-09-02,cubesmart,AZ,10x23,1,1,135.0
2026-09-02,cubesmart,AZ,10x25,27,27,171.0
2026-09-02,cubesmart,AZ,10x3,1,1,31.0
2026-09-02,cubesmart,AZ,10x30,21,21,211.0
2026-09-02,cubesmart,AZ,10x35,2,2,394.5
2026-09-02,cubesmart,AZ,10x4,2,2,36.0
2026-09-02,cubesmart,AZ,10x40,1,1,293.0
2026-09-02,cubesmart,AZ,10x5,40,40,39.5
2026-09-02,cubesmart,AZ,10x6,2,2,40.5
2026-09-02,cubesmart,AZ,10x7,2,2,56.0
2026-09-02,cubesmart,AZ,10x7.5,8,8,48.5
2026-09-02,cubesmart,AZ,10x9,2,2,87.0
2026-09-02,cubesmart,AZ,12.5x20,1,1,111.0
2026-09-02,cubesmart,AZ,12.5x30,1,1,288.0
2026-09-02,cubesmart,AZ,12x10,1,1,58.0
2026-09-02,cubesmart,AZ,12x20,5,5,135.0
2026-09-02,cubesmart,AZ,12x25,2,2,231.0
2026-09-02,cubesmart,AZ,12x30,8,8,258.5
2026-09-02,cubesmart,AZ,12x35,3,3,116.0
2026-09-02,cubesmart,AZ,12x40,4,4,142.5
2026-09-02,cubesmart,AZ,14x10,1,1,73.0
2026-09-02,cubesmart,AZ,14x35,1,1,171.0
2026-09-02,cubesmart,AZ,14x40,1,1,193.0
2026-09-02,cubesmart,AZ,15x10,6,6,145.0
2026-09-02,cubesmart,AZ,15x14,1,1,142.0
2026-09-02,cubesmart,AZ,15x15,2,2,165.0
2026-09-02,cubesmart,AZ,15x20,1,1,146.0
2026-09-02,cubesmart,AZ,15x30,2,2,240.0
2026-09-02,cubesmart,AZ,15x45,1,1,382.0
2026-09-02,cubesmart,AZ,15x5,5,5,43.0
2026-09-02,cubesmart,AZ,15x7.5,1,1,200.0
2026-09-02,cubesmart,AZ,20x10,20,20,172.0
2026-09-02,cubesmart,AZ,20x12,2,2,171.0
2026-09-02,cubesmart,AZ,20x15,17,17,193.0
2026-09-02,cubesmart,AZ,20x19,1,1,415.0
2026-09-02,cubesmart,AZ,20x20,17,17,257.0
2026-09-02,cubesmart,AZ,20x22,1,1,264.0
2026-09-02,cubesmart,AZ,20x25,8,8,300.0
2026-09-02,cubesmart,AZ,20x30,1,1,411.0
2026-09-02,cubesmart,AZ,20x5,1,1,70.0
2026-09-02,cubesmart,AZ,20x7,1,1,74.0
2026-09-02,cubesmart,AZ,20x7.5,1,1,80.0
2026-09-02,cubesmart,AZ,24x14,1,1,211.0
2026-09-02,cubesmart,AZ,3x10,1,1,36.0
2026-09-02,cubesmart,AZ,3x20,1,1,43.0
2026-09-02,cubesmart,AZ,3x3,2,2,7.5
2026-09-02,cubesmart,AZ,3x5,3,3,28.0
2026-09-02,cubesmart,AZ,4x10,1,1,58.0
2026-09-02,cubesmart,AZ,4x4,6,6,23.5
2026-09-02,cubesmart,AZ,4x5,5,5,25.0
2026-09-02,cubesmart,AZ,4x6,1,1,30.0
2026-09-02,cubesmart,AZ,4x8,1,1,34.0
2026-09-02,cubesmart,AZ,5x10,77,77,39.0
2026-09-02,cubesmart,AZ,5x12,3,3,47.0
2026-09-02,cubesmart,AZ,5x15,17,17,57.0
2026-09-02,cubesmart,AZ,5x20,2,2,53.0
2026-09-02,cubesmart,AZ,5x30,1,1,129.0
2026-09-02,cubesmart,AZ,5x4,7,7,26.0
2026-09-02,cubesmart,AZ,5x5,71,71,28.0
2026-09-02,cubesmart,AZ,5x6,2,2,30.5
2026-09-02,cubesmart,AZ,5x7,2,2,29.5
2026-09-02,cubesmart,AZ,5x7.5,3,3,41.0
2026-09-02,cubesmart,AZ,5x8,4,4,36.5
2026-09-02,cubesmart,AZ,5x9,3,3,47.0
2026-09-02,cubesmart,AZ,6x10,1,1,24.0
2026-09-02,cubesmart,AZ,7.5x10,1,1,91.0
2026-09-02,cubesmart,AZ,7.6x10,1,1,52.0
2026-09-02,cubesmart,AZ,7x10,1,1,79.0
2026-09-02,cubesmart,AZ,8x10,4,4,70.0
2026-09-02,cubesmart,AZ,8x15,1,1,94.0
2026-09-02,cubesmart,AZ,8x20,2,2,126.5
2026-09-02,cubesmart,AZ,8x28,1,1,167.0
2026-09-02,cubesmart,AZ,8x4,2,2,24.0
2026-09-02,cubesmart,AZ,8x40,1,1,206.0
2026-09-02,cubesmart,AZ,8x8,2,2,65.5
2026-09-02,cubesmart,AZ,8x9,1,1,56.0
2026-09-02,cubesmart,AZ,9x16,1,1,75.0
2026-09-02,cubesmart,AZ,9x7,1,1,38.0
2026-09-02,cubesmart,AZ,Other,52,52,82.5
2026-09-02,cubesmart,CA,10x10,71,71,127.0
2026-09-02,cubesmart,CA,10x11,3,3,128.0
2026-09-02,cubesmart,CA,10x12,10,10,135.5
2026-09-02,cubesmart,CA,10x13,7,7,161.0
2026-09-02,cubesmart,CA,10x14,4,4,180.0
2026-09-02,cubesmart,CA,10x15,57,57,158.0
2026-09-02,cubesmart,CA,10x16,2,2,380.0
2026-09-02,cubesmart,CA,10x17,1,1,233.0
2026-09-02,cubesmart,CA,10x18,2,2,271.0
2026-09-02,cubesmart,CA,10x19,1,1,264.0
2026-09-02,cubesmart,CA,10x20,50,50,241.0
2026-09-02,cubesmart,CA,10x22,4,4,288.5
2026-09-02,cubesmart,CA,10x23,1,1,241.0
2026-09-02,cubesmart,CA,10x24,7,7,206.0
2026-09-02,cubesmart,CA,10x25,31,31,290.0
2026-09-02,cubesmart,CA,10x26,1,1,158.0
2026-09-02,cubesmart,CA,10x27,2,2,326.5
2026-09-02,cubesmart,CA,10x28,1,1,306.0
2026-09-02,cubesmart,CA,10x29,1,1,367.0
2026-09-02,cubesmart,CA,10x30,19,19,257.0
2026-09-02,cubesmart,CA,10x32,1,1,340.0
2026-09-02,cubesmart,CA,10x35,2,2,434.5
2026-09-02,cubesmart,CA,10x40,3,3,564.0
2026-09-02,cubesmart,CA,10x5,8,8,87.5
2026-09-02,cubesmart,CA,10x7,3,3,96.0
2026-09-02,cubesmart,CA,10x7.5,5,5,84.0
2026-09-02,cubesmart,CA,10x8,1,1,99.0
2026-09-02,cubesmart,CA,10x9,1,1,126.0
2026-09-02,cubesmart,CA,11x22,1,1,112.0
2026-09-02,cubesmart,CA,11x33,1,1,268.0
2026-09-02,cubesmart,CA,12x20,3,3,162.0
2026-09-02,cubesmart,CA,12x25,2,2,264.0
2026-09-02,cubesmart,CA,12x30,2,2,215.5
2026-09-02,cubesmart,CA,12x50,1,1,310.0
2026-09-02,cubesmart,CA,14x14,1,1,166.0
2026-09-02,cubesmart,CA,14x15,1,1,190.0
2026-09-02,cubesmart,CA,14x20,1,1,179.0
2026-09-02,cubesmart,CA,14x29,1,1,351.0
2026-09-02,cubesmart,CA,14x30,1,1,398.0
2026-09-02,cubesmart,CA,14x8,1,1,87.0
2026-09-02,cubesmart,CA,15x10,2,2,133.0
2026-09-02,cubesmart,CA,15x15,2,2,355.0
2026-09-02,cubesmart,CA,15x20,3,3,319.0
2026-09-02,cubesmart,CA,15x30,2,2,423.5
2026-09-02,cubesmart,CA,15x40,1,1,465.0
2026-09-02,cubesmart,CA,15x5,1,1,96.0
2026-09-02,cubesmart,CA,16x10,1,1,156.0
2026-09-02,cubesmart,CA,16x13,1,1,246.0
2026-09-02,cubesmart,CA,16x20,1,1,495.0
2026-09-02,cubesmart,CA,16x30,1,1,653.0
2026-09-02,cubesmart,CA,16x9,1,1,210.0
2026-09-02,cubesmart,CA,17x19,1,1,418.0
2026-09-02,cubesmart,CA,18x16,1,1,287.0
2026-09-02,cubesmart,CA,18x20,1,1,525.0
2026-09-02,cubesmart,CA,18x30,1,1,439.0
2026-09-02,cubesmart,CA,18x8,1,1,212.0
2026-09-02,cubesmart,CA,20x10,11,11,216.0
2026-09-02,cubesmart,CA,20x13,1,1,233.0
2026-09-02,cubesmart,CA,20x15,9,9,277.0
2026-09-02,cubesmart,CA,20x20,11,11,305.0
2026-09-02,cubesmart,CA,20x22,1,1,551.0
2026-09-02,cubesmart,CA,20x23,2,2,520.0
2026-09-02,cubesmart,CA,20x24,2,2,243.0
2026-09-02,cubesmart,CA,20x25,5,5,575.0
2026-09-02,cubesmart,CA,20x30,1,1,722.0
2026-09-02,cubesmart,CA,21x20,1,1,285.0
2026-09-02,cubesmart,CA,24x20,1,1,306.0
2026-09-02,cubesmart,CA,25x10,1,1,168.0
2026-09-02,cubesmart,CA,2x3,2,2,10.0
2026-09-02,cubesmart,CA,30x10,1,1,231.0
2026-09-02,cubesmart,CA,30x25,1,1,387.0
2026-09-02,cubesmart,CA,3x24,1,1,49.0
2026-09-02,cubesmart,CA,3x4,2,2,22.5
2026-09-02,cubesmart,CA,3x5,1,1,27.0
2026-09-02,cubesmart,CA,3x6,1,1,61.0
2026-09-02,cubesmart,CA,4.5x14,1,1,96.0
2026-09-02,cubesmart,CA,4.5x8,2,2,72.0
2026-09-02,cubesmart,CA,45x12,1,1,924.0
2026-09-02,cubesmart,CA,4x10,5,5,58.0
2026-09-02,cubesmart,CA,4x19,1,1,106.0
2026-09-02,cubesmart,CA,4x4,5,5,27.0
2026-09-02,cubesmart,CA,4x5,4,4,53.0
2026-09-02,cubesmart,CA,4x6,1,1,65.0
2026-09-02,cubesmart,CA,4x9,2,2,59.5
2026-09-02,cubesmart,CA,50x60,1,1,666.0
2026-09-02,cubesmart,CA,5x10,68,68,75.0
2026-09-02,cubesmart,CA,5x11,1,1,68.0
2026-09-02,cubesmart,CA,5x12,2,2,61.0
2026-09-02,cubesmart,CA,5x15,13,13,89.0
2026-09-02,cubesmart,CA,5x2,1,1,25.0
2026-09-02,cubesmart,CA,5x20,3,3,139.0
2026-09-02,cubesmart,CA,5x3,1,1,48.0
2026-09-02,cubesmart,CA,5x4,2,2,55.0
2026-09-02,cubesmart,CA,5x5,55,55,55.0
2026-09-02,cubesmart,CA,5x6,4,4,56.5
2026-09-02,cubesmart,CA,5x7,10,10,77.5
2026-09-02,cubesmart,CA,5x7.5,2,2,74.5
2026-09-02,cubesmart,CA,5x8,10,10,70.5
2026-09-02,cubesmart,CA,5x9,2,2,74.0
2026-09-02,cubesmart,CA,6x10,5,5,68.0
2026-09-02,cubesmart,CA,6x12,3,3,54.0
2026-09-02,cubesmart,CA,6x7,1,1,125.0
2026-09-02,cubesmart,CA,6x8,2,2,71.5
2026-09-02,cubesmart,CA,6x9,1,1,67.0
2026-09-02,cubesmart,CA,7.5x10,10,10,104.5
2026-09-02,cubesmart,CA,7x10,4,4,86.0
2026-09-02,cubesmart,CA,7x15,3,3,71.0
2026-09-02,cubesmart,CA,7x20,1,1,137.0
2026-09-02,cubesmart,CA,7x24,1,1,226.0
2026-09-02,cubesmart,CA,7x5,2,2,53.0
2026-09-02,cubesmart,CA,7x8,2,2,61.5
2026-09-02,cubesmart,CA,7x9,3,3,80.0
2026-09-02,cubesmart,CA,8x10,16,16,77.5
2026-09-02,cubesmart,CA,8x11,1,1,59.0
2026-09-02,cubesmart,CA,8x12,1,1,70.0
2026-09-02,cubesmart,CA,8x13,1,1,139.0
2026-09-02,cubesmart,CA,8x15,2,2,174.5
2026-09-02,cubesmart,CA,8x19,1,1,235.0
2026-09-02,cubesmart,CA,8x20,9,9,190.0
2026-09-02,cubesmart,CA,8x25,1,1,212.0
2026-09-02,cubesmart,CA,8x27,1,1,255.0
2026-09-02,cubesmart,CA,8x40,1,1,451.0
2026-09-02,cubesmart,CA,8x8,4,4,72.5
2026-09-02,cubesmart,CA,8x9,1,1,107.0
2026-09-02,cubesmart,CA,9x10,5,5,98.0
2026-09-02,cubesmart,CA,9x12,1,1,164.0
2026-09-02,cubesmart,CA,9x14,1,1,198.0
2026-09-02,cubesmart,CA,9x15,1,1,88.0
2026-09-02,cubesmart,CA,9x16,1,1,165.0
2026-09-02,cubesmart,CA,9x17,1,1,208.0
2026-09-02,cubesmart,CA,9x19,1,1,233.0
2026-09-02,cubesmart,CA,9x20,3,3,234.0
2026-09-02,cubesmart,CA,9x25,1,1,317.0
2026-09-02,cubesmart,CA,9x27,1,1,315.0
2026-09-02,cubesmart,CA,9x29,1,1,364.0
2026-09-02,cubesmart,CA,9x8,1,1,95.0
2026-09-02,cubesmart,CA,Other,47,47,116.0
2026-09-02,cubesmart,CO,10x10,36,36,105.0
2026-09-02,cubesmart,CO,10x12,3,3,128.0
2026-09-02,cubesmart,CO,10x15,19,19,139.0
2026-09-02,cubesmart,CO,10x17,1,1,164.0
2026-09-02,cubesmart,CO,10x18,1,1,166.0
2026-09-02,cubesmart,CO,10x20,28,28,179.5
2026-09-02,cubesmart,CO,10x24,1,1,325.0
2026-09-02,cubesmart,CO,10x25,10,10,227.5
2026-09-02,cubesmart,CO,10x28,1,1,198.0
2026-09-02,cubesmart,CO,10x30,9,9,230.0
2026-09-02,cubesmart,CO,10x40,2,2,294.0
2026-09-02,cubesmart,CO,10x5,8,8,59.5
2026-09-02,cubesmart,CO,10x7,1,1,53.0
2026-09-02,cubesmart,CO,10x7.5,1,1,74.0
2026-09-02,cubesmart,CO,11x10,1,1,128.0
2026-09-02,cubesmart,CO,11x25,1,1,283.0
2026-09-02,cubesmart,CO,11x30,1,1,290.0
2026-09-02,cubesmart,CO,12.5x40,1,1,598.0
2026-09-02,cubesmart,CO,12x12,1,1,134.0
2026-09-02,cubesmart,CO,12x15,1,1,138.0
2026-09-02,cubesmart,CO,12x20,1,1,235.0
2026-09-02,cubesmart,CO,12x24,1,1,350.0
2026-09-02,cubesmart,CO,12x28,1,1,356.0
2026-09-02,cubesmart,CO,12x30,3,3,318.0
2026-09-02,cubesmart,CO,12x32,1,1,375.0
2026-09-02,cubesmart,CO,12x38,1,1,392.0
2026-09-02,cubesmart,CO,15x15,1,1,152.0
2026-09-02,cubesmart,CO,15x20,2,2,216.0
2026-09-02,cubesmart,CO,15x22,1,1,199.0
2026-09-02,cubesmart,CO,15x23,1,1,204.0
2026-09-02,cubesmart,CO,15x50,1,1,278.0
2026-09-02,cubesmart,CO,15x8,1,1,208.0
2026-09-02,cubesmart,CO,16x20,1,1,365.0
2026-09-02,cubesmart,CO,16x30,1,1,378.0
2026-09-02,cubesmart,CO,20x10,6,6,203.0
2026-09-02,cubesmart,CO,20x15,2,2,284.0
2026-09-02,cubesmart,CO,20x20,5,5,356.0
2026-09-02,cubesmart,CO,20x30,3,3,620.0
2026-09-02,cubesmart,CO,2x10,2,2,39.0
2026-09-02,cubesmart,CO,30x15,1,1,415.0
2026-09-02,cubesmart,CO,4x4,1,1,23.0
2026-09-02,cubesmart,CO,5x10,31,31,52.0
2026-09-02,cubesmart,CO,5x12,2,2,42.5
2026-09-02,cubesmart,CO,5x15,7,7,70.0
2026-09-02,cubesmart,CO,5x28,1,1,91.0
2026-09-02,cubesmart,CO,5x4,1,1,79.0
2026-09-02,cubesmart,CO,5x5,24,24,37.0
2026-09-02,cubesmart,CO,5x7,3,3,44.0
2026-09-02,cubesmart,CO,5x8,4,4,37.5
2026-09-02,cubesmart,CO,6x10,1,1,85.0
2026-09-02,cubesmart,CO,6x12,1,1,79.0
2026-09-02,cubesmart,CO,6x20,1,1,71.0
2026-09-02,cubesmart,CO,6x6,1,1,53.0
2026-09-02,cubesmart,CO,7.5x10,3,3,73.0
2026-09-02,cubesmart,CO,7.5x20,1,1,150.0
2026-09-02,cubesmart,CO,7x10,1,1,55.0
2026-09-02,cubesmart,CO,7x18,2,2,112.0
2026-09-02,cubesmart,CO,7x5,1,1,57.0
2026-09-02,cubesmart,CO,7x9,2,2,53.0
2026-09-02,cubesmart,CO,8x10,5,5,69.0
2026-09-02,cubesmart,CO,8x12,1,1,91.0
2026-09-02,cubesmart,CO,8x15,2,2,172.0
2026-09-02,cubesmart,CO,8x20,3,3,235.0
2026-09-02,cubesmart,CO,Other,16,16,105.5
2026-09-02,cubesmart,CT,10x10,63,63,129.0
2026-09-02,cubesmart,CT,10x12,4,4,131.0
2026-09-02,cubesmart,CT,10x13,1,1,219.0
2026-09-02,cubesmart,CT,10x15,47,47,167.0
2026-09-02,cubesmart,CT,10x20,49,49,186.0
2026-09-02,cubesmart,CT,10x23,1,1,193.0
2026-09-02,cubesmart,CT,10x25,16,16,220.0
2026-09-02,cubesmart,CT,10x3,1,1,52.0
2026-09-02,cubesmart,CT,10x30,14,14,225.5
2026-09-02,cubesmart,CT,10x35,1,1,317.0
2026-09-02,cubesmart,CT,10x40,1,1,203.0
2026-09-02,cubesmart,CT,10x5,11,11,61.0
2026-09-02,cubesmart,CT,10x50,1,1,227.0
2026-09-02,cubesmart,CT,10x7.5,1,1,138.0
2026-09-02,cubesmart,CT,10x8,1,1,78.0
2026-09-02,cubesmart,CT,12x20,1,1,188.0
2026-09-02,cubesmart,CT,12x30,1,1,327.0
2026-09-02,cubesmart,CT,13x15,1,1,161.0
2026-09-02,cubesmart,CT,15x10,1,1,104.0
2026-09-02,cubesmart,CT,15x15,1,1,201.0
2026-09-02,cubesmart,CT,15x20,1,1,221.0
2026-09-02,cubesmart,CT,16x15,1,1,170.0
2026-09-02,cubesmart,CT,20x10,8,8,192.5
2026-09-02,cubesmart,CT,20x15,4,4,212.0
2026-09-02,cubesmart,CT,20x20,14,14,303.5
2026-09-02,cubesmart,CT,20x25,3,3,261.0
2026-09-02,cubesmart,CT,20x30,1,1,290.0
2026-09-02,cubesmart,CT,20x35,1,1,497.0
2026-09-02,cubesmart,CT,20x8,1,1,110.0
2026-09-02,cubesmart,CT,3x4,1,1,32.0
2026-09-02,cubesmart,CT,3x5,1,1,41.0
2026-09-02,cubesmart,CT,4x10,3,3,73.0
2026-09-02,cubesmart,CT,4x5,3,3,41.0
2026-09-02,cubesmart,CT,5x10,62,62,69.5
2026-09-02,cubesmart,CT,5x12,1,1,91.0
2026-09-02,cubesmart,CT,5x15,30,30,79.5
2026-09-02,cubesmart,CT,5x20,5,5,120.0
2026-09-02,cubesmart,CT,5x3,1,1,41.0
2026-09-02,cubesmart,CT,5x5,47,47,42.0
2026-09-02,cubesmart,CT,5x6,2,2,53.5
2026-09-02,cubesmart,CT,5x7,2,2,51.5
2026-09-02,cubesmart,CT,5x8,6,6,58.5
2026-09-02,cubesmart,CT,6x10,1,1,139.0
2026-09-02,cubesmart,CT,6x7,1,1,122.0
2026-09-02,cubesmart,CT,6x8,1,1,127.0
2026-09-02,cubesmart,CT,7x14,1,1,95.0
2026-09-02,cubesmart,CT,8x10,1,1,67.0
2026-09-02,cubesmart,CT,8x15,3,3,120.0
2026-09-02,cubesmart,CT,8x5,1,1,58.0
2026-09-02,cubesmart,CT,Other,7,7,65.0
2026-09-02,cubesmart,DC,10x10,6,6,185.0
2026-09-02,cubesmart,DC,10x12.5,1,1,284.0
2026-09-02,cubesmart,DC,10x15,7,7,258.0
2026-09-02,cubesmart,DC,10x20,6,6,327.0
2026-09-02,cubesmart,DC,10x25,3,3,327.0
2026-09-02,cubesmart,DC,10x30,5,5,373.0
2026-09-02,cubesmart,DC,10x7.5,2,2,98.5
2026-09-02,cubesmart,DC,16x10,1,1,255.0
2026-09-02,cubesmart,DC,20x10,3,3,256.0
2026-09-02,cubesmart,DC,20x15,1,1,267.0
2026-09-02,cubesmart,DC,20x20,1,1,499.0
2026-09-02,cubesmart,DC,3x8,1,1,74.0
2026-09-02,cubesmart,DC,4x5,1,1,99.0
2026-09-02,cubesmart,DC,5x10,8,8,128.5
2026-09-02,cubesmart,DC,5x15,3,3,163.0
2026-09-02,cubesmart,DC,5x2,1,1,45.0
2026-09-02,cubesmart,DC,5x20,1,1,177.0
2026-09-02,cubesmart,DC,5x5,13,13,52.0
2026-09-02,cubesmart,DC,5x7.5,1,1,139.0
2026-09-02,cubesmart,DC,5x8,1,1,115.0
2026-09-02,cubesmart,DC,7.5x10,1,1,183.0
2026-09-02,cubesmart,DC,7.5x20,1,1,291.0
2026-09-02,cubesmart,DC,7x15,1,1,183.0
2026-09-02,cubesmart,DC,7x8,1,1,133.0
2026-09-02,cubesmart,DC,8.5x19,1,1,160.0
2026-09-02,cubesmart,DC,8x10,2,2,165.0
2026-09-02,cubesmart,DC,8x25,1,1,353.0
2026-09-02,cubesmart,DC,9x10,1,1,235.0
2026-09-02,cubesmart,DC,Other,2,2,152.0
2026-09-02,cubesmart,DE,10x10,7,7,64.0
2026-09-02,cubesmart,DE,10x12,1,1,64.0
2026-09-02,cubesmart,DE,10x15,7,7,91.0
2026-09-02,cubesmart,DE,10x20,3,3,115.0
2026-09-02,cubesmart,DE,10x25,3,3,135.0
2026-09-02,cubesmart,DE,10x30,3,3,166.0
2026-09-02,cubesmart,DE,10x5,2,2,33.5
2026-09-02,cubesmart,DE,10x7,3,3,44.0
2026-09-02,cubesmart,DE,10x7.5,2,2,52.5
2026-09-02,cubesmart,DE,20x10,1,1,106.0
2026-09-02,cubesmart,DE,20x15,2,2,184.5
2026-09-02,cubesmart,DE,20x20,1,1,177.0
2026-09-02,cubesmart,DE,20x25,1,1,218.0
2026-09-02,cubesmart,DE,5x10,6,6,40.5
2026-09-02,cubesmart,DE,5x5,9,9,22.0
2026-09-02,cubesmart,DE,5x7,1,1,26.0
2026-09-02,cubesmart,DE,5x7.5,1,1,38.0
2026-09-02,cubesmart,DE,5x8,2,2,38.5
2026-09-02,cubesmart,DE,7.5x10,1,1,55.0
2026-09-02,cubesmart,DE,7x10,2,2,50.5
2026-09-02,cubesmart,DE,8x10,2,2,44.0
2026-09-02,cubesmart,DE,8x7,1,1,38.0
2026-09-02,cubesmart,FL,10.5x21,1,1,384.0
2026-09-02,cubesmart,FL,10.5x50,1,1,230.0
2026-09-02,cubesmart,FL,10x10,327,327,105.0
2026-09-02,cubesmart,FL,10x10.5,1,1,106.0
2026-09-02,cubesmart,FL,10x11,6,6,111.0
2026-09-02,cubesmart,FL,10x12,39,39,129.0
2026-09-02,cubesmart,FL,10x12.5,5,5,203.0
2026-09-02,cubesmart,FL,10x13,11,11,121.0
2026-09-02,cubesmart,FL,10x14,2,2,145.0
2026-09-02,cubesmart,FL,10x15,278,278,137.0
2026-09-02,cubesmart,FL,10x16,3,3,132.0
2026-09-02,cubesmart,FL,10x16.5,1,1,173.0
2026-09-02,cubesmart,FL,10x17,5,5,179.0
2026-09-02,cubesmart,FL,10x17.5,2,2,140.5
2026-09-02,cubesmart,FL,10x18,6,6,186.5
2026-09-02,cubesmart,FL,10x20,265,265,183.0
2026-09-02,cubesmart,FL,10x21,2,2,208.5
2026-09-02,cubesmart,FL,10x22,7,7,230.0
2026-09-02,cubesmart,FL,10x23,5,5,199.0
2026-09-02,cubesmart,FL,10x24,1,1,199.0
2026-09-02,cubesmart,FL,10x25,89,89,244.0
2026-09-02,cubesmart,FL,10x28,1,1,259.0
2026-09-02,cubesmart,FL,10x3,3,3,61.0
2026-09-02,cubesmart,FL,10x30,81,81,252.0
2026-09-02,cubesmart,FL,10x35,3,3,369.0
2026-09-02,cubesmart,FL,10x4,7,7,50.0
2026-09-02,cubesmart,FL,10x40,3,3,280.0
2026-09-02,cubesmart,FL,10x5,139,139,60.0
2026-09-02,cubesmart,FL,10x50,1,1,365.0
2026-09-02,cubesmart,FL,10x6,3,3,50.0
2026-09-02,cubesmart,FL,10x7,25,25,70.0
2026-09-02,cubesmart,FL,10x7.5,22,22,43.5
2026-09-02,cubesmart,FL,10x8,30,30,75.0
2026-09-02,cubesmart,FL,10x9,8,8,84.0
2026-09-02,cubesmart,FL,11.5x28,1,1,98.0
2026-09-02,cubesmart,FL,11.5x50,1,1,158.0
2026-09-02,cubesmart,FL,11x10,1,1,130.0
2026-09-02,cubesmart,FL,11x16,1,1,248.0
2026-09-02,cubesmart,FL,11x45,1,1,326.0
2026-09-02,cubesmart,FL,11x48,1,1,342.0
2026-09-02,cubesmart,FL,12.5x12.5,1,1,147.0
2026-09-02,cubesmart,FL,12.5x20,1,1,211.0
2026-09-02,cubesmart,FL,12.5x25,1,1,169.0
2026-09-02,cubesmart,FL,12.5x30,2,2,263.5
2026-09-02,cubesmart,FL,12.5x5,1,1,140.0
2026-09-02,cubesmart,FL,12.5x7,1,1,49.0
2026-09-02,cubesmart,FL,12.8x5,1,1,187.0
2026-09-02,cubesmart,FL,12x10,2,2,77.0
2026-09-02,cubesmart,FL,12x12,6,6,106.0
2026-09-02,cubesmart,FL,12x15,11,11,236.0
2026-09-02,cubesmart,FL,12x16,1,1,163.0
2026-09-02,cubesmart,FL,12x20,9,9,199.0
2026-09-02,cubesmart,FL,12x24,1,1,326.0
2026-09-02,cubesmart,FL,12x25,8,8,206.0
2026-09-02,cubesmart,FL,12x30,7,7,282.0
2026-09-02,cubesmart,FL,12x32,1,1,151.0
2026-09-02,cubesmart,FL,12x35,1,1,460.0
2026-09-02,cubesmart,FL,12x4,1,1,65.0
2026-09-02,cubesmart,FL,12x40,2,2,285.0
2026-09-02,cubesmart,FL,12x43,1,1,503.0
2026-09-02,cubesmart,FL,12x5,1,1,75.0
2026-09-02,cubesmart,FL,12x50,1,1,255.0
2026-09-02,cubesmart,FL,12x6,1,1,26.0
2026-09-02,cubesmart,FL,12x7,2,2,68.5
2026-09-02,cubesmart,FL,13.5x45,1,1,409.0
2026-09-02,cubesmart,FL,13x10,1,1,74.0
2026-09-02,cubesmart,FL,13x25,1,1,527.0
2026-09-02,cubesmart,FL,13x30,2,2,173.0
2026-09-02,cubesmart,FL,13x35,1,1,134.0
2026-09-02,cubesmart,FL,13x50,1,1,137.0
2026-09-02,cubesmart,FL,14x10,1,1,130.0
2026-09-02,cubesmart,FL,14x15,1,1,130.0
2026-09-02,cubesmart,FL,14x16,1,1,223.0
2026-09-02,cubesmart,FL,14x18,2,2,264.0
2026-09-02,cubesmart,FL,14x20,1,1,362.0
2026-09-02,cubesmart,FL,14x21,1,1,424.0
2026-09-02,cubesmart,FL,14x39,1,1,479.0
2026-09-02,cubesmart,FL,14x6,1,1,31.0
2026-09-02,cubesmart,FL,15x10,19,19,139.0
2026-09-02,cubesmart,FL,15x12,3,3,233.0
2026-09-02,cubesmart,FL,15x12.5,2,2,196.0
2026-09-02,cubesmart,FL,15x15,16,16,157.5
2026-09-02,cubesmart,FL,15x16,1,1,99.0
2026-09-02,cubesmart,FL,15x20,13,13,247.0
2026-09-02,cubesmart,FL,15x25,2,2,451.5
2026-09-02,cubesmart,FL,15x30,4,4,465.0
2026-09-02,cubesmart,FL,15x5,9,9,45.0
2026-09-02,cubesmart,FL,15x50,3,3,336.0
2026-09-02,cubesmart,FL,15x7,2,2,103.0
2026-09-02,cubesmart,FL,15x8,1,1,70.0
2026-09-02,cubesmart,FL,16x10,1,1,72.0
2026-09-02,cubesmart,FL,16x12,3,3,97.0
2026-09-02,cubesmart,FL,16x15,2,2,102.5
2026-09-02,cubesmart,FL,16x16,2,2,186.0
2026-09-02,cubesmart,FL,16x45,1,1,259.0
2026-09-02,cubesmart,FL,16x8,2,2,127.0
2026-09-02,cubesmart,FL,18x10,3,3,156.0
2026-09-02,cubesmart,FL,18x18,1,1,279.0
2026-09-02,cubesmart,FL,18x20,1,1,244.0
2026-09-02,cubesmart,FL,20x10,72,72,175.0
2026-09-02,cubesmart,FL,20x11,1,1,196.0
2026-09-02,cubesmart,FL,20x12,4,4,214.5
2026-09-02,cubesmart,FL,20x13,1,1,222.0
2026-09-02,cubesmart,FL,20x15,60,60,211.0
2026-09-02,cubesmart,FL,20x17,1,1,381.0
2026-09-02,cubesmart,FL,20x18,1,1,104.0
2026-09-02,cubesmart,FL,20x20,60,60,267.5
2026-09-02,cubesmart,FL,20x22,1,1,570.0
2026-09-02,cubesmart,FL,20x25,6,6,379.5
2026-09-02,cubesmart,FL,20x30,3,3,430.0
2026-09-02,cubesmart,FL,20x45,1,1,507.0
2026-09-02,cubesmart,FL,20x50,1,1,540.0
2026-09-02,cubesmart,FL,20x6,2,2,77.5
2026-09-02,cubesmart,FL,20x60,1,1,566.0
2026-09-02,cubesmart,FL,20x7,3,3,124.0
2026-09-02,cubesmart,FL,20x7.5,2,2,190.0
2026-09-02,cubesmart,FL,20x8,7,7,110.0
2026-09-02,cubesmart,FL,20x9,1,1,133.0
2026-09-02,cubesmart,FL,24x12,1,1,326.0
2026-09-02,cubesmart,FL,25x10,4,4,335.5
2026-09-02,cubesmart,FL,25x25,1,1,365.0
2026-09-02,cubesmart,FL,26x20,1,1,286.0
2026-09-02,cubesmart,FL,28x20,1,1,432.0
2026-09-02,cubesmart,FL,2x4,1,1,13.0
2026-09-02,cubesmart,FL,30x10,5,5,263.0
2026-09-02,cubesmart,FL,30x12,1,1,128.0
2026-09-02,cubesmart,FL,30x20,1,1,425.0
2026-09-02,cubesmart,FL,30x25,1,1,458.0
2026-09-02,cubesmart,FL,3x12,1,1,18.0
2026-09-02,cubesmart,FL,3x3,5,5,9.0
2026-09-02,cubesmart,FL,3x4,5,5,10.0
2026-09-02,cubesmart,FL,3x5,7,7,21.0
2026-09-02,cubesmart,FL,3x6,1,1,12.0
2026-09-02,cubesmart,FL,3x9,1,1,34.0
2026-09-02,cubesmart,FL,40x25,1,1,649.0
2026-09-02,cubesmart,FL,4x10,9,9,48.0
2026-09-02,cubesmart,FL,4x12,1,1,38.0
2026-09-02,cubesmart,FL,4x15,1,1,55.0
2026-09-02,cubesmart,FL,4x3,1,1,7.0
2026-09-02,cubesmart,FL,4x4,20,20,11.5
2026-09-02,cubesmart,FL,4x5,33,33,23.0
2026-09-02,cubesmart,FL,4x6,7,7,15.0
2026-09-02,cubesmart,FL,4x7,2,2,28.5
2026-09-02,cubesmart,FL,4x8,13,13,35.0
2026-09-02,cubesmart,FL,50x12,1,1,160.0
2026-09-02,cubesmart,FL,5x10,278,278,53.0
2026-09-02,cubesmart,FL,5x11,1,1,61.0
2026-09-02,cubesmart,FL,5x12,12,12,72.5
2026-09-02,cubesmart,FL,5x12.5,3,3,95.0
2026-09-02,cubesmart,FL,5x15,64,64,58.0
2026-09-02,cubesmart,FL,5x18,1,1,68.0
2026-09-02,cubesmart,FL,5x20,8,8,76.5
2026-09-02,cubesmart,FL,5x3,8,8,15.0
2026-09-02,cubesmart,FL,5x30,1,1,172.0
2026-09-02,cubesmart,FL,5x4,11,11,22.0
2026-09-02,cubesmart,FL,5x5,326,326,32.0
2026-09-02,cubesmart,FL,5x6,17,17,34.0
2026-09-02,cubesmart,FL,5x7,25,25,50.0
2026-09-02,cubesmart,FL,5x7.5,9,9,62.0
2026-09-02,cubesmart,FL,5x8,39,39,44.0
2026-09-02,cubesmart,FL,5x9,6,6,69.0
2026-09-02,cubesmart,FL,60x12,1,1,176.0
2026-09-02,cubesmart,FL,6x10,12,12,69.5
2026-09-02,cubesmart,FL,6x12,4,4,81.0
2026-09-02,cubesmart,FL,6x15,2,2,73.5
2026-09-02,cubesmart,FL,6x16,1,1,59.0
2026-09-02,cubesmart,FL,6x3,2,2,31.0
2026-09-02,cubesmart,FL,6x5,2,2,50.0
2026-09-02,cubesmart,FL,6x6,4,4,22.0
2026-09-02,cubesmart,FL,6x7,6,6,29.5
2026-09-02,cubesmart,FL,6x8,8,8,53.5
2026-09-02,cubesmart,FL,6x9,1,1,80.0
2026-09-02,cubesmart,FL,7.5x10,27,27,67.0
2026-09-02,cubesmart,FL,7.5x15,7,7,60.0
2026-09-02,cubesmart,FL,7.5x20,3,3,164.0
2026-09-02,cubesmart,FL,7.5x7.5,2,2,24.5
2026-09-02,cubesmart,FL,7x10,21,21,74.0
2026-09-02,cubesmart,FL,7x12,4,4,76.5
2026-09-02,cubesmart,FL,7x13,2,2,75.0
2026-09-02,cubesmart,FL,7x14,2,2,42.0
2026-09-02,cubesmart,FL,7x15,5,5,49.0
2026-09-02,cubesmart,FL,7x18,1,1,80.0
2026-09-02,cubesmart,FL,7x20,3,3,119.0
2026-09-02,cubesmart,FL,7x25,1,1,324.0
2026-09-02,cubesmart,FL,7x5,5,5,63.0
2026-09-02,cubesmart,FL,7x6,1,1,19.0
2026-09-02,cubesmart,FL,7x7,1,1,63.0
2026-09-02,cubesmart,FL,7x8,1,1,54.0
2026-09-02,cubesmart,FL,7x9,2,2,46.0
2026-09-02,cubesmart,FL,8.5x10,1,1,48.0
2026-09-02,cubesmart,FL,8x10,32,32,76.0
2026-09-02,cubesmart,FL,8x10.5,1,1,209.0
2026-09-02,cubesmart,FL,8x12,6,6,65.5
2026-09-02,cubesmart,FL,8x13,1,1,163.0
2026-09-02,cubesmart,FL,8x14,2,2,69.0
2026-09-02,cubesmart,FL,8x15,12,12,119.0
2026-09-02,cubesmart,FL,8x16,1,1,150.0
2026-09-02,cubesmart,FL,8x20,1,1,290.0
2026-09-02,cubesmart,FL,8x30,1,1,115.0
2026-09-02,cubesmart,FL,8x5,6,6,31.5
2026-09-02,cubesmart,FL,8x6,1,1,103.0
2026-09-02,cubesmart,FL,8x8,11,11,56.0
2026-09-02,cubesmart,FL,8x9,1,1,94.0
2026-09-02,cubesmart,FL,9x10,11,11,85.0
2026-09-02,cubesmart,FL,9x15,2,2,102.0
2026-09-02,cubesmart,FL,9x20,2,2,121.0
2026-09-02,cubesmart,FL,9x24,1,1,265.0
2026-09-02,cubesmart,FL,9x25,1,1,166.0
2026-09-02,cubesmart,FL,9x33,1,1,170.0
2026-09-02,cubesmart,FL,9x7.5,1,1,28.0
2026-09-02,cubesmart,FL,Other,150,150,100.5
2026-09-02,cubesmart,GA,10x10,67,67,69.0
2026-09-02,cubesmart,GA,10x11,2,2,66.5
2026-09-02,cubesmart,GA,10x12,3,3,125.0
2026-09-02,cubesmart,GA,10x12.5,1,1,88.0
2026-09-02,cubesmart,GA,10x15,52,52,90.5
2026-09-02,cubesmart,GA,10x18,1,1,203.0
2026-09-02,cubesmart,GA,10x2,2,2,30.0
2026-09-02,cubesmart,GA,10x20,47,47,139.0
2026-09-02,cubesmart,GA,10x25,12,12,185.5
2026-09-02,cubesmart,GA,10x28,1,1,100.0
2026-09-02,cubesmart,GA,10x3,1,1,35.0
2026-09-02,cubesmart,GA,10x30,24,24,215.5
2026-09-02,cubesmart,GA,10x38,1,1,446.0
2026-09-02,cubesmart,GA,10x4,2,2,55.5
2026-09-02,cubesmart,GA,10x40,2,2,392.0
2026-09-02,cubesmart,GA,10x5,30,30,44.0
2026-09-02,cubesmart,GA,10x7,3,3,49.0
2026-09-02,cubesmart,GA,10x7.5,2,2,46.5
2026-09-02,cubesmart,GA,10x8,1,1,35.0
2026-09-02,cubesmart,GA,10x9,2,2,70.0
2026-09-02,cubesmart,GA,12x10,1,1,125.0
2026-09-02,cubesmart,GA,12x12,1,1,79.0
2026-09-02,cubesmart,GA,12x15,1,1,105.0
2026-09-02,cubesmart,GA,12x20,1,1,253.0
2026-09-02,cubesmart,GA,12x25,1,1,111.0
2026-09-02,cubesmart,GA,12x30,1,1,229.0
2026-09-02,cubesmart,GA,13x13,1,1,156.0
2026-09-02,cubesmart,GA,13x15,1,1,145.0
2026-09-02,cubesmart,GA,14x40,1,1,304.0
2026-09-02,cubesmart,GA,15x10,4,4,111.0
2026-09-02,cubesmart,GA,15x15,1,1,193.0
2026-09-02,cubesmart,GA,15x16,1,1,110.0
2026-09-02,cubesmart,GA,15x20,1,1,148.0
2026-09-02,cubesmart,GA,16x10,1,1,130.0
2026-09-02,cubesmart,GA,16x15,1,1,110.0
2026-09-02,cubesmart,GA,16x20,1,1,125.0
2026-09-02,cubesmart,GA,20x10,12,12,153.5
2026-09-02,cubesmart,GA,20x12.5,1,1,176.0
2026-09-02,cubesmart,GA,20x14,1,1,135.0
2026-09-02,cubesmart,GA,20x15,12,12,232.5
2026-09-02,cubesmart,GA,20x20,9,9,247.0
2026-09-02,cubesmart,GA,20x25,2,2,521.0
2026-09-02,cubesmart,GA,20x30,3,3,330.0
2026-09-02,cubesmart,GA,20x5,3,3,57.0
2026-09-02,cubesmart,GA,20x7,1,1,153.0
2026-09-02,cubesmart,GA,30x10,1,1,242.0
2026-09-02,cubesmart,GA,5x10,52,52,35.5
2026-09-02,cubesmart,GA,5x12,1,1,44.0
2026-09-02,cubesmart,GA,5x14,1,1,50.0
2026-09-02,cubesmart,GA,5x15,12,12,47.0
2026-09-02,cubesmart,GA,5x20,2,2,36.5
2026-09-02,cubesmart,GA,5x5,55,55,28.0
2026-09-02,cubesmart,GA,5x7,3,3,51.0
2026-09-02,cubesmart,GA,5x8,2,2,31.0
2026-09-02,cubesmart,GA,5x9,1,1,39.0
2026-09-02,cubesmart,GA,6x10,2,2,38.5
2026-09-02,cubesmart,GA,6x20,2,2,36.0
2026-09-02,cubesmart,GA,7.5x10,3,3,52.0
2026-09-02,cubesmart,GA,7x10,2,2,44.5
2026-09-02,cubesmart,GA,7x9,4,4,56.0
2026-09-02,cubesmart,GA,8x10,9,9,39.0
2026-09-02,cubesmart,GA,8x15,1,1,25.0
2026-09-02,cubesmart,GA,8x16,1,1,30.0
2026-09-02,cubesmart,GA,8x20,1,1,42.0
2026-09-02,cubesmart,GA,8x5,1,1,40.0
2026-09-02,cubesmart,GA,9x10,1,1,99.0
2026-09-02,cubesmart,GA,9x7,1,1,49.0
2026-09-02,cubesmart,GA,Other,37,37,123.0
2026-09-02,cubesmart,IA,10x10,2,2,63.5
2026-09-02,cubesmart,IA,10x15,3,3,77.0
2026-09-02,cubesmart,IA,10x20,1,1,106.0
2026-09-02,cubesmart,IA,10x30,1,1,202.0
2026-09-02,cubesmart,IA,4x5,1,1,19.0
2026-09-02,cubesmart,IA,5x10,1,1,65.0
2026-09-02,cubesmart,IA,5x15,1,1,98.0
2026-09-02,cubesmart,IA,5x5,4,4,26.0
2026-09-02,cubesmart,IA,5x8,1,1,69.0
2026-09-02,cubesmart,IA,7x15,1,1,106.0
2026-09-02,cubesmart,IA,Other,2,2,34.0
2026-09-02,cubesmart,IL,10x10,102,102,96.5
2026-09-02,cubesmart,IL,10x11,4,4,99.5
2026-09-02,cubesmart,IL,10x12,11,11,120.0
2026-09-02,cubesmart,IL,10x12.5,2,2,125.0
2026-09-02,cubesmart,IL,10x13,7,7,107.0
2026-09-02,cubesmart,IL,10x14,2,2,94.0
2026-09-02,cubesmart,IL,10x15,84,84,133.5
2026-09-02,cubesmart,IL,10x18,2,2,140.5
2026-09-02,cubesmart,IL,10x20,81,81,176.0
2026-09-02,cubesmart,IL,10x22,3,3,203.0
2026-09-02,cubesmart,IL,10x22.5,1,1,141.0
2026-09-02,cubesmart,IL,10x23,3,3,194.0
2026-09-02,cubesmart,IL,10x24,2,2,176.0
2026-09-02,cubesmart,IL,10x25,39,39,206.0
2026-09-02,cubesmart,IL,10x30,27,27,280.0
2026-09-02,cubesmart,IL,10x35,1,1,268.0
2026-09-02,cubesmart,IL,10x4,1,1,60.0
2026-09-02,cubesmart,IL,10x40,1,1,161.0
2026-09-02,cubesmart,IL,10x5,24,24,57.0
2026-09-02,cubesmart,IL,10x6,1,1,61.0
2026-09-02,cubesmart,IL,10x7,2,2,63.0
2026-09-02,cubesmart,IL,10x7.5,4,4,76.5
2026-09-02,cubesmart,IL,10x8,3,3,90.0
2026-09-02,cubesmart,IL,10x9,4,4,100.5
2026-09-02,cubesmart,IL,11x10,1,1,106.0
2026-09-02,cubesmart,IL,11x12,1,1,92.0
2026-09-02,cubesmart,IL,11x14,1,1,108.0
2026-09-02,cubesmart,IL,11x16,1,1,99.0
2026-09-02,cubesmart,IL,11x20,1,1,106.0
2026-09-02,cubesmart,IL,11x25,1,1,130.0
2026-09-02,cubesmart,IL,11x30,1,1,154.0
2026-09-02,cubesmart,IL,12x10,1,1,116.0
2026-09-02,cubesmart,IL,12x12,4,4,138.0
2026-09-02,cubesmart,IL,12x15,2,2,136.5
2026-09-02,cubesmart,IL,12x20,4,4,190.5
2026-09-02,cubesmart,IL,12x25,3,3,172.0
2026-09-02,cubesmart,IL,12x30,1,1,190.0
2026-09-02,cubesmart,IL,12x33,1,1,215.0
2026-09-02,cubesmart,IL,12x38,1,1,229.0
2026-09-02,cubesmart,IL,12x50,2,2,313.5
2026-09-02,cubesmart,IL,13x15,1,1,220.0
2026-09-02,cubesmart,IL,14x12,1,1,99.0
2026-09-02,cubesmart,IL,14x15,1,1,202.0
2026-09-02,cubesmart,IL,15x10,6,6,126.5
2026-09-02,cubesmart,IL,15x15,3,3,198.0
2026-09-02,cubesmart,IL,15x20,2,2,346.0
2026-09-02,cubesmart,IL,15x22,1,1,207.0
2026-09-02,cubesmart,IL,15x4,1,1,88.0
2026-09-02,cubesmart,IL,15x5,1,1,67.0
2026-09-02,cubesmart,IL,20x10,14,14,209.0
2026-09-02,cubesmart,IL,20x12,1,1,169.0
2026-09-02,cubesmart,IL,20x13,1,1,353.0
2026-09-02,cubesmart,IL,20x15,11,11,216.0
2026-09-02,cubesmart,IL,20x20,15,15,288.0
2026-09-02,cubesmart,IL,20x23,1,1,375.0
2026-09-02,cubesmart,IL,20x25,4,4,389.5
2026-09-02,cubesmart,IL,20x30,1,1,279.0
2026-09-02,cubesmart,IL,20x5,1,1,72.0
2026-09-02,cubesmart,IL,24x25,2,2,313.5
2026-09-02,cubesmart,IL,25x30,1,1,205.0
2026-09-02,cubesmart,IL,2x2,2,2,16.5
2026-09-02,cubesmart,IL,2x4,3,3,26.0
2026-09-02,cubesmart,IL,35x15,1,1,184.0
2026-09-02,cubesmart,IL,3x2,2,2,26.0
2026-09-02,cubesmart,IL,3x4,2,2,9.0
2026-09-02,cubesmart,IL,40x30,1,1,498.0
2026-09-02,cubesmart,IL,4x10,1,1,48.0
2026-09-02,cubesmart,IL,4x2,1,1,26.0
2026-09-02,cubesmart,IL,4x4,5,5,18.0
2026-09-02,cubesmart,IL,4x6,1,1,7.0
2026-09-02,cubesmart,IL,5x10,87,87,52.0
2026-09-02,cubesmart,IL,5x11,3,3,49.0
2026-09-02,cubesmart,IL,5x12,6,6,55.0
2026-09-02,cubesmart,IL,5x15,27,27,67.0
2026-09-02,cubesmart,IL,5x16,1,1,61.0
2026-09-02,cubesmart,IL,5x20,3,3,73.0
2026-09-02,cubesmart,IL,5x22,1,1,82.0
2026-09-02,cubesmart,IL,5x4,2,2,33.0
2026-09-02,cubesmart,IL,5x5,83,83,32.0
2026-09-02,cubesmart,IL,5x6,5,5,38.0
2026-09-02,cubesmart,IL,5x7,7,7,41.0
2026-09-02,cubesmart,IL,5x7.5,4,4,48.0
2026-09-02,cubesmart,IL,5x8,6,6,43.0
2026-09-02,cubesmart,IL,5x9,2,2,46.0
2026-09-02,cubesmart,IL,6x10,4,4,47.5
2026-09-02,cubesmart,IL,6x11,1,1,53.0
2026-09-02,cubesmart,IL,6x12,2,2,54.5
2026-09-02,cubesmart,IL,6x15,1,1,62.0
2026-09-02,cubesmart,IL,6x5,1,1,40.0
2026-09-02,cubesmart,IL,6x8,1,1,13.0
2026-09-02,cubesmart,IL,6x9,1,1,59.0
2026-09-02,cubesmart,IL,7.5x10,6,6,79.5
2026-09-02,cubesmart,IL,7.5x5,1,1,57.0
2026-09-02,cubesmart,IL,7x10,4,4,71.0
2026-09-02,cubesmart,IL,7x11,1,1,71.0
2026-09-02,cubesmart,IL,7x12,3,3,71.0
2026-09-02,cubesmart,IL,7x14,1,1,105.0
2026-09-02,cubesmart,IL,7x15,2,2,109.0
2026-09-02,cubesmart,IL,7x16,1,1,75.0
2026-09-02,cubesmart,IL,7x18,1,1,87.0
2026-09-02,cubesmart,IL,7x5,1,1,56.0
2026-09-02,cubesmart,IL,7x7,1,1,42.0
2026-09-02,cubesmart,IL,7x8,1,1,60.0
2026-09-02,cubesmart,IL,8.5x10,1,1,90.0
2026-09-02,cubesmart,IL,8x10,8,8,76.0
2026-09-02,cubesmart,IL,8x11,1,1,70.0
2026-09-02,cubesmart,IL,8x12,1,1,70.0
2026-09-02,cubesmart,IL,8x15,1,1,80.0
2026-09-02,cubesmart,IL,8x16,1,1,128.0
2026-09-02,cubesmart,IL,8x20,2,2,130.5
2026-09-02,cubesmart,IL,8x25,1,1,248.0
2026-09-02,cubesmart,IL,8x40,1,1,457.0
2026-09-02,cubesmart,IL,8x5,1,1,47.0
2026-09-02,cubesmart,IL,8x8,1,1,67.0
2026-09-02,cubesmart,IL,9x10,2,2,69.0
2026-09-02,cubesmart,IL,9x12,1,1,76.0
2026-09-02,cubesmart,IL,9x20,1,1,123.0
2026-09-02,cubesmart,IL,9x30,1,1,265.0
2026-09-02,cubesmart,IL,9x9,2,2,96.5
2026-09-02,cubesmart,IL,Other,40,40,76.0
2026-09-02,cubesmart,IN,10x10,23,23,71.0
2026-09-02,cubesmart,IN,10x12,3,3,134.0
2026-09-02,cubesmart,IN,10x12.5,2,2,58.5
2026-09-02,cubesmart,IN,10x13,3,3,73.0
2026-09-02,cubesmart,IN,10x13.5,1,1,53.0
2026-09-02,cubesmart,IN,10x14,2,2,110.0
2026-09-02,cubesmart,IN,10x15,18,18,91.0
2026-09-02,cubesmart,IN,10x17,1,1,158.0
2026-09-02,cubesmart,IN,10x18,2,2,91.0
2026-09-02,cubesmart,IN,10x19,1,1,187.0
2026-09-02,cubesmart,IN,10x20,19,19,118.0
2026-09-02,cubesmart,IN,10x22,1,1,152.0
2026-09-02,cubesmart,IN,10x25,5,5,165.0
2026-09-02,cubesmart,IN,10x27,1,1,266.0
2026-09-02,cubesmart,IN,10x30,3,3,184.0
2026-09-02,cubesmart,IN,10x5,6,6,45.5
2026-09-02,cubesmart,IN,10x7,1,1,71.0
2026-09-02,cubesmart,IN,10x7.5,1,1,39.0
2026-09-02,cubesmart,IN,12x20,1,1,158.0
2026-09-02,cubesmart,IN,12x23,1,1,194.0
2026-09-02,cubesmart,IN,12x40,1,1,236.0
2026-09-02,cubesmart,IN,12x7,1,1,120.0
2026-09-02,cubesmart,IN,13x5,1,1,101.0
2026-09-02,cubesmart,IN,15x20,2,2,154.0
2026-09-02,cubesmart,IN,16x17,1,1,234.0
2026-09-02,cubesmart,IN,16x48,1,1,1938.0
2026-09-02,cubesmart,IN,20x10,4,4,122.0
2026-09-02,cubesmart,IN,20x13,2,2,143.0
2026-09-02,cubesmart,IN,20x14,1,1,193.0
2026-09-02,cubesmart,IN,20x15,6,6,148.0
2026-09-02,cubesmart,IN,20x17,1,1,285.0
2026-09-02,cubesmart,IN,20x19,1,1,302.0
2026-09-02,cubesmart,IN,20x20,3,3,164.0
2026-09-02,cubesmart,IN,30x10,2,2,274.5
2026-09-02,cubesmart,IN,4x9,1,1,72.0
2026-09-02,cubesmart,IN,5x10,16,16,48.0
2026-09-02,cubesmart,IN,5x13,1,1,46.0
2026-09-02,cubesmart,IN,5x17,1,1,96.0
2026-09-02,cubesmart,IN,5x20,1,1,55.0
2026-09-02,cubesmart,IN,5x3,2,2,17.5
2026-09-02,cubesmart,IN,5x4,1,1,38.0
2026-09-02,cubesmart,IN,5x5,9,9,38.0
2026-09-02,cubesmart,IN,5x6,1,1,52.0
2026-09-02,cubesmart,IN,5x7,3,3,53.0
2026-09-02,cubesmart,IN,5x7.5,1,1,24.0
2026-09-02,cubesmart,IN,5x8,2,2,51.0
2026-09-02,cubesmart,IN,6x10,1,1,52.0
2026-09-02,cubesmart,IN,6x12,1,1,59.0
2026-09-02,cubesmart,IN,6x13,1,1,86.0
2026-09-02,cubesmart,IN,6x8,2,2,47.0
2026-09-02,cubesmart,IN,6x9,1,1,54.0
2026-09-02,cubesmart,IN,7.5x10,4,4,61.5
2026-09-02,cubesmart,IN,7x10,3,3,84.0
2026-09-02,cubesmart,IN,7x5,1,1,78.0
2026-09-02,cubesmart,IN,7x9,1,1,70.0
2026-09-02,cubesmart,IN,8x10,2,2,79.5
2026-09-02,cubesmart,IN,8x8,2,2,80.0
2026-09-02,cubesmart,IN,9x14,1,1,67.0
2026-09-02,cubesmart,IN,9x9,1,1,83.0
2026-09-02,cubesmart,IN,Other,7,7,56.0
2026-09-02,cubesmart,KS,10x10,1,1,37.0
2026-09-02,cubesmart,KS,10x12,1,1,44.0
2026-09-02,cubesmart,KS,10x14,1,1,45.0
2026-09-02,cubesmart,KS,10x15,1,1,47.0
2026-09-02,cubesmart,KS,10x5,2,2,27.5
2026-09-02,cubesmart,KS,10x6,1,1,23.0
2026-09-02,cubesmart,KS,10x7,1,1,26.0
2026-09-02,cubesmart,KS,5x10,1,1,22.0
2026-09-02,cubesmart,KS,5x5,2,2,19.0
2026-09-02,cubesmart,KS,5x9,1,1,22.0
2026-09-02,cubesmart,KS,6x10,1,1,23.0
2026-09-02,cubesmart,KS,8x14,1,1,46.0
2026-09-02,cubesmart,KY,10x10,9,9,83.0
2026-09-02,cubesmart,KY,10x15,9,9,94.0
2026-09-02,cubesmart,KY,10x20,8,8,139.5
2026-09-02,cubesmart,KY,10x30,4,4,178.0
2026-09-02,cubesmart,KY,10x40,1,1,223.0
2026-09-02,cubesmart,KY,10x7.5,3,3,48.0
2026-09-02,cubesmart,KY,12x40,1,1,137.0
2026-09-02,cubesmart,KY,13x20,1,1,163.0
2026-09-02,cubesmart,KY,15x10,1,1,115.0
2026-09-02,cubesmart,KY,15x15,1,1,221.0
2026-09-02,cubesmart,KY,15x20,1,1,202.0
2026-09-02,cubesmart,KY,20x10,1,1,134.0
2026-09-02,cubesmart,KY,20x15,1,1,178.0
2026-09-02,cubesmart,KY,5x10,11,11,59.0
2026-09-02,cubesmart,KY,5x15,2,2,75.5
2026-09-02,cubesmart,KY,5x2,1,1,14.0
2026-09-02,cubesmart,KY,5x5,5,5,32.0
2026-09-02,cubesmart,KY,5x7.5,1,1,25.0
2026-09-02,cubesmart,KY,5x8,1,1,36.0
2026-09-02,cubesmart,KY,7.5x10,1,1,70.0
2026-09-02,cubesmart,KY,Other,3,3,56.0
2026-09-02,cubesmart,LA,10x10,15,15,68.0
2026-09-02,cubesmart,LA,10x12.5,2,2,98.0
2026-09-02,cubesmart,LA,10x14,1,1,178.0
2026-09-02,cubesmart,LA,10x15,11,11,97.0
2026-09-02,cubesmart,LA,10x20,12,12,107.0
2026-09-02,cubesmart,LA,10x25,6,6,138.0
2026-09-02,cubesmart,LA,10x30,5,5,131.0
2026-09-02,cubesmart,LA,10x5,3,3,75.0
2026-09-02,cubesmart,LA,10x7.5,3,3,64.0
2026-09-02,cubesmart,LA,10x8,1,1,130.0
2026-09-02,cubesmart,LA,12.5x7.5,1,1,73.0
2026-09-02,cubesmart,LA,12x30,1,1,83.0
2026-09-02,cubesmart,LA,13x5,1,1,123.0
2026-09-02,cubesmart,LA,15x10,1,1,63.0
2026-09-02,cubesmart,LA,15x5,2,2,55.5
2026-09-02,cubesmart,LA,17.5x7.5,1,1,94.0
2026-09-02,cubesmart,LA,20x10,3,3,119.0
2026-09-02,cubesmart,LA,20x15,2,2,129.5
2026-09-02,cubesmart,LA,20x18,1,1,252.0
2026-09-02,cubesmart,LA,20x20,3,3,236.0
2026-09-02,cubesmart,LA,20x25,1,1,463.0
2026-09-02,cubesmart,LA,20x5,1,1,161.0
2026-09-02,cubesmart,LA,5x10,11,11,35.0
2026-09-02,cubesmart,LA,5x12.5,1,1,43.0
2026-09-02,cubesmart,LA,5x15,2,2,42.0
2026-09-02,cubesmart,LA,5x5,12,12,41.0
2026-09-02,cubesmart,LA,5x7,1,1,80.0
2026-09-02,cubesmart,LA,5x9,1,1,92.0
2026-09-02,cubesmart,LA,7.5x10,2,2,74.0
2026-09-02,cubesmart,LA,7.5x7,1,1,61.0
2026-09-02,cubesmart,LA,8x10,1,1,43.0
2026-09-02,cubesmart,LA,8x5,1,1,49.0
2026-09-02,cubesmart,LA,9x10,2,2,69.0
2026-09-02,cubesmart,LA,9x20,1,1,86.0
2026-09-02,cubesmart,LA,Other,6,6,29.0
2026-09-02,cubesmart,MA,10.5x20,1,1,818.0
2026-09-02,cubesmart,MA,10x10,73,73,102.0
2026-09-02,cubesmart,MA,10x11,2,2,103.0
2026-09-02,cubesmart,MA,10x12,9,9,108.0
2026-09-02,cubesmart,MA,10x13,2,2,72.0
2026-09-02,cubesmart,MA,10x14,4,4,121.0
2026-09-02,cubesmart,MA,10x15,54,54,138.5
2026-09-02,cubesmart,MA,10x16,1,1,102.0
2026-09-02,cubesmart,MA,10x17,2,2,160.0
2026-09-02,cubesmart,MA,10x18,3,3,284.0
2026-09-02,cubesmart,MA,10x20,48,48,187.5
2026-09-02,cubesmart,MA,10x22,2,2,196.5
2026-09-02,cubesmart,MA,10x23,2,2,200.5
2026-09-02,cubesmart,MA,10x25,20,20,222.5
2026-09-02,cubesmart,MA,10x28,1,1,304.0
2026-09-02,cubesmart,MA,10x30,25,25,241.0
2026-09-02,cubesmart,MA,10x35,1,1,632.0
2026-09-02,cubesmart,MA,10x37,1,1,375.0
2026-09-02,cubesmart,MA,10x40,3,3,341.0
2026-09-02,cubesmart,MA,10x5,28,28,60.0
2026-09-02,cubesmart,MA,10x7,7,7,63.0
2026-09-02,cubesmart,MA,10x7.5,3,3,73.0
2026-09-02,cubesmart,MA,10x8,9,9,71.0
2026-09-02,cubesmart,MA,10x9,3,3,58.0
2026-09-02,cubesmart,MA,11x16,1,1,386.0
2026-09-02,cubesmart,MA,11x2.5,1,1,155.0
2026-09-02,cubesmart,MA,12x10,2,2,147.0
2026-09-02,cubesmart,MA,12x12,3,3,163.0
2026-09-02,cubesmart,MA,12x15,1,1,473.0
2026-09-02,cubesmart,MA,12x17,1,1,529.0
2026-09-02,cubesmart,MA,12x20,2,2,352.0
2026-09-02,cubesmart,MA,12x28,1,1,247.0
2026-09-02,cubesmart,MA,12x7,1,1,45.0
2026-09-02,cubesmart,MA,13x13,1,1,382.0
2026-09-02,cubesmart,MA,13x20,1,1,569.0
2026-09-02,cubesmart,MA,13x6,1,1,71.0
2026-09-02,cubesmart,MA,13x8,1,1,91.0
2026-09-02,cubesmart,MA,13x9,2,2,104.0
2026-09-02,cubesmart,MA,14x10,1,1,73.0
2026-09-02,cubesmart,MA,14x13,1,1,135.0
2026-09-02,cubesmart,MA,14x18,1,1,662.0
2026-09-02,cubesmart,MA,14x5,1,1,166.0
2026-09-02,cubesmart,MA,14x7,1,1,59.0
2026-09-02,cubesmart,MA,15x10,5,5,196.0
2026-09-02,cubesmart,MA,15x15,2,2,194.0
2026-09-02,cubesmart,MA,15x17,1,1,246.0
2026-09-02,cubesmart,MA,15x20,4,4,266.0
2026-09-02,cubesmart,MA,15x23,1,1,1066.0
2026-09-02,cubesmart,MA,15x3,1,1,52.0
2026-09-02,cubesmart,MA,15x30,1,1,278.0
2026-09-02,cubesmart,MA,15x5,3,3,83.0
2026-09-02,cubesmart,MA,16x16,1,1,551.0
2026-09-02,cubesmart,MA,17x10,1,1,175.0
2026-09-02,cubesmart,MA,18x10,1,1,191.0
2026-09-02,cubesmart,MA,19x8,1,1,198.0
2026-09-02,cubesmart,MA,20x10,11,11,206.0
2026-09-02,cubesmart,MA,20x12,1,1,157.0
2026-09-02,cubesmart,MA,20x15,6,6,207.0
2026-09-02,cubesmart,MA,20x17,2,2,282.0
2026-09-02,cubesmart,MA,20x20,7,7,315.0
2026-09-02,cubesmart,MA,20x25,3,3,422.0
2026-09-02,cubesmart,MA,20x30,3,3,428.0
2026-09-02,cubesmart,MA,20x5,2,2,65.5
2026-09-02,cubesmart,MA,20x9,1,1,136.0
2026-09-02,cubesmart,MA,25x10,1,1,243.0
2026-09-02,cubesmart,MA,28x9,1,1,287.0
2026-09-02,cubesmart,MA,2x5,2,2,17.5
2026-09-02,cubesmart,MA,30x10,2,2,218.0
2026-09-02,cubesmart,MA,30x15,3,3,328.0
2026-09-02,cubesmart,MA,3x5,4,4,21.5
2026-09-02,cubesmart,MA,3x8,1,1,39.0
2026-09-02,cubesmart,MA,4x10,1,1,56.0
2026-09-02,cubesmart,MA,4x4,4,4,46.0
2026-09-02,cubesmart,MA,4x8,1,1,149.0
2026-09-02,cubesmart,MA,50x10,1,1,287.0
2026-09-02,cubesmart,MA,50x15,1,1,308.0
2026-09-02,cubesmart,MA,5x10,55,55,72.0
2026-09-02,cubesmart,MA,5x11,1,1,70.0
2026-09-02,cubesmart,MA,5x12,2,2,78.0
2026-09-02,cubesmart,MA,5x15,11,11,102.0
2026-09-02,cubesmart,MA,5x17,2,2,116.0
2026-09-02,cubesmart,MA,5x18,1,1,102.0
2026-09-02,cubesmart,MA,5x20,2,2,65.5
2026-09-02,cubesmart,MA,5x3,1,1,17.0
2026-09-02,cubesmart,MA,5x4,2,2,75.5
2026-09-02,cubesmart,MA,5x5,79,79,46.0
2026-09-02,cubesmart,MA,5x6,3,3,100.0
2026-09-02,cubesmart,MA,5x7,4,4,93.0
2026-09-02,cubesmart,MA,5x7.5,1,1,52.0
2026-09-02,cubesmart,MA,5x8,13,13,69.0
2026-09-02,cubesmart,MA,6x10,4,4,123.0
2026-09-02,cubesmart,MA,6x15,1,1,86.0
2026-09-02,cubesmart,MA,6x4,1,1,45.0
2026-09-02,cubesmart,MA,6x5,1,1,91.0
2026-09-02,cubesmart,MA,6x6,2,2,138.5
2026-09-02,cubesmart,MA,6x7,1,1,107.0
2026-09-02,cubesmart,MA,6x8,2,2,117.0
2026-09-02,cubesmart,MA,7.5x10,2,2,167.0
2026-09-02,cubesmart,MA,7.5x18,1,1,71.0
2026-09-02,cubesmart,MA,7.5x7,1,1,203.0
2026-09-02,cubesmart,MA,7x10,9,9,86.0
2026-09-02,cubesmart,MA,7x12,1,1,131.0
2026-09-02,cubesmart,MA,7x13,1,1,254.0
2026-09-02,cubesmart,MA,7x14,1,1,115.0
2026-09-02,cubesmart,MA,7x5,1,1,43.0
2026-09-02,cubesmart,MA,7x8,1,1,76.0
2026-09-02,cubesmart,MA,8x10,16,16,92.5
2026-09-02,cubesmart,MA,8x14,1,1,143.0
2026-09-02,cubesmart,MA,8x15,3,3,177.0
2026-09-02,cubesmart,MA,8x16,1,1,353.0
2026-09-02,cubesmart,MA,8x18,1,1,194.0
2026-09-02,cubesmart,MA,8x20,3,3,203.0
2026-09-02,cubesmart,MA,8x25,1,1,492.0
2026-09-02,cubesmart,MA,8x28,1,1,121.0
2026-09-02,cubesmart,MA,8x5,1,1,65.0
2026-09-02,cubesmart,MA,8x8,4,4,111.0
2026-09-02,cubesmart,MA,9x10,2,2,91.0
2026-09-02,cubesmart,MA,9x12,1,1,307.0
2026-09-02,cubesmart,MA,9x15,1,1,120.0
2026-09-02,cubesmart,MA,9x20,1,1,136.0
2026-09-02,cubesmart,MA,9x8,1,1,115.0
2026-09-02,cubesmart,MA,9x9,1,1,55.0
2026-09-02,cubesmart,MA,Other,16,16,78.5
2026-09-02,cubesmart,MD,10x10,65,65,124.0
2026-09-02,cubesmart,MD,10x12,2,2,147.5
2026-09-02,cubesmart,MD,10x13,3,3,138.0
2026-09-02,cubesmart,MD,10x14,2,2,153.0
2026-09-02,cubesmart,MD,10x15,55,55,175.0
2026-09-02,cubesmart,MD,10x17,2,2,137.0
2026-09-02,cubesmart,MD,10x17.5,1,1,122.0
2026-09-02,cubesmart,MD,10x18,3,3,251.0
2026-09-02,cubesmart,MD,10x20,53,53,241.0
2026-09-02,cubesmart,MD,10x25,13,13,312.0
2026-09-02,cubesmart,MD,10x30,23,23,310.0
2026-09-02,cubesmart,MD,10x35,1,1,190.0
2026-09-02,cubesmart,MD,10x40,1,1,195.0
2026-09-02,cubesmart,MD,10x5,12,12,78.0
2026-09-02,cubesmart,MD,10x7,3,3,94.0
2026-09-02,cubesmart,MD,10x7.5,11,11,101.0
2026-09-02,cubesmart,MD,10x8,1,1,71.0
2026-09-02,cubesmart,MD,10x9,1,1,109.0
2026-09-02,cubesmart,MD,12x10,1,1,331.0
2026-09-02,cubesmart,MD,12x20,2,2,361.5
2026-09-02,cubesmart,MD,12x35,1,1,235.0
2026-09-02,cubesmart,MD,13x10,1,1,136.0
2026-09-02,cubesmart,MD,14x10,1,1,196.0
2026-09-02,cubesmart,MD,15x10,4,4,166.5
2026-09-02,cubesmart,MD,15x15,2,2,184.5
2026-09-02,cubesmart,MD,15x20,1,1,178.0
2026-09-02,cubesmart,MD,15x4,1,1,120.0
2026-09-02,cubesmart,MD,20x10,14,14,243.5
2026-09-02,cubesmart,MD,20x15,5,5,365.0
2026-09-02,cubesmart,MD,20x20,6,6,375.5
2026-09-02,cubesmart,MD,20x30,1,1,626.0
2026-09-02,cubesmart,MD,20x5,1,1,107.0
2026-09-02,cubesmart,MD,20x7,1,1,128.0
2026-09-02,cubesmart,MD,20x8,1,1,111.0
2026-09-02,cubesmart,MD,30x15,1,1,489.0
2026-09-02,cubesmart,MD,3x3,3,3,13.0
2026-09-02,cubesmart,MD,3x4,2,2,13.5
2026-09-02,cubesmart,MD,3x7,1,1,106.0
2026-09-02,cubesmart,MD,3x8,2,2,23.5
2026-09-02,cubesmart,MD,4x10,1,1,55.0
2026-09-02,cubesmart,MD,4x4,3,3,21.0
2026-09-02,cubesmart,MD,4x5,1,1,103.0
2026-09-02,cubesmart,MD,5x10,49,49,66.0
2026-09-02,cubesmart,MD,5x12,2,2,113.0
2026-09-02,cubesmart,MD,5x14,1,1,64.0
2026-09-02,cubesmart,MD,5x15,15,15,80.0
2026-09-02,cubesmart,MD,5x17,1,1,218.0
2026-09-02,cubesmart,MD,5x30,1,1,155.0
2026-09-02,cubesmart,MD,5x4,1,1,44.0
2026-09-02,cubesmart,MD,5x5,61,61,43.0
2026-09-02,cubesmart,MD,5x6,1,1,47.0
2026-09-02,cubesmart,MD,5x7,6,6,56.0
2026-09-02,cubesmart,MD,5x7.5,1,1,47.0
2026-09-02,cubesmart,MD,5x8,10,10,56.5
2026-09-02,cubesmart,MD,5x9,1,1,61.0
2026-09-02,cubesmart,MD,6x10,2,2,59.0
2026-09-02,cubesmart,MD,7.5x10,6,6,120.5
2026-09-02,cubesmart,MD,7.5x5,1,1,58.0
2026-09-02,cubesmart,MD,7x10,10,10,77.0
2026-09-02,cubesmart,MD,7x16,1,1,124.0
2026-09-02,cubesmart,MD,7x5,1,1,58.0
2026-09-02,cubesmart,MD,7x8,1,1,61.0
2026-09-02,cubesmart,MD,8x10,5,5,102.0
2026-09-02,cubesmart,MD,8x12,1,1,58.0
2026-09-02,cubesmart,MD,8x13,1,1,115.0
2026-09-02,cubesmart,MD,8x20,1,1,220.0
2026-09-02,cubesmart,MD,8x5,1,1,136.0
2026-09-02,cubesmart,MD,8x7,1,1,61.0
2026-09-02,cubesmart,MD,8x8,1,1,175.0
2026-09-02,cubesmart,MD,8x9,1,1,91.0
2026-09-02,cubesmart,MD,9x10,1,1,112.0
2026-09-02,cubesmart,MD,9x20,1,1,314.0
2026-09-02,cubesmart,MD,9x5,1,1,71.0
2026-09-02,cubesmart,MD,Other,22,22,92.0
2026-09-02,cubesmart,ME,10x10,6,6,81.0
2026-09-02,cubesmart,ME,10x15,5,5,105.0
2026-09-02,cubesmart,ME,10x20,5,5,121.0
2026-09-02,cubesmart,ME,10x30,2,2,197.5
2026-09-02,cubesmart,ME,10x5,2,2,47.5
2026-09-02,cubesmart,ME,10x8,2,2,66.5
2026-09-02,cubesmart,ME,15x10,1,1,96.0
2026-09-02,cubesmart,ME,15x15,1,1,188.0
2026-09-02,cubesmart,ME,15x20,1,1,213.0
2026-09-02,cubesmart,ME,15x5,1,1,61.0
2026-09-02,cubesmart,ME,20x10,2,2,148.0
2026-09-02,cubesmart,ME,20x20,1,1,240.0
2026-09-02,cubesmart,ME,20x30,1,1,288.0
2026-09-02,cubesmart,ME,5x10,5,5,53.0
2026-09-02,cubesmart,ME,5x15,1,1,44.0
2026-09-02,cubesmart,ME,5x20,2,2,66.5
2026-09-02,cubesmart,ME,5x5,6,6,36.0
2026-09-02,cubesmart,ME,5x8,2,2,42.0
2026-09-02,cubesmart,ME,8x10,2,2,65.0
2026-09-02,cubesmart,ME,8x5,1,1,38.0
2026-09-02,cubesmart,ME,Other,1,1,75.0
2026-09-02,cubesmart,MI,10x10,26,26,92.0
2026-09-02,cubesmart,MI,10x12,5,5,92.0
2026-09-02,cubesmart,MI,10x13,3,3,82.0
2026-09-02,cubesmart,MI,10x14,1,1,96.0
2026-09-02,cubesmart,MI,10x15,22,22,125.0
2026-09-02,cubesmart,MI,10x17,1,1,145.0
2026-09-02,cubesmart,MI,10x20,25,25,172.0
2026-09-02,cubesmart,MI,10x22,1,1,109.0
2026-09-02,cubesmart,MI,10x23,1,1,175.0
2026-09-02,cubesmart,MI,10x25,13,13,206.0
2026-09-02,cubesmart,MI,10x3,1,1,25.0
2026-09-02,cubesmart,MI,10x30,9,9,295.0
2026-09-02,cubesmart,MI,10x32,1,1,216.0
2026-09-02,cubesmart,MI,10x35,1,1,404.0
2026-09-02,cubesmart,MI,10x4,1,1,33.0
2026-09-02,cubesmart,MI,10x40,2,2,347.0
2026-09-02,cubesmart,MI,10x5,12,12,50.5
2026-09-02,cubesmart,MI,10x7,3,3,82.0
2026-09-02,cubesmart,MI,10x8,7,7,67.0
2026-09-02,cubesmart,MI,10x9,2,2,65.5
2026-09-02,cubesmart,MI,12x10,4,4,108.5
2026-09-02,cubesmart,MI,12x14,1,1,186.0
2026-09-02,cubesmart,MI,12x16,1,1,175.0
2026-09-02,cubesmart,MI,12x40,2,2,306.5
2026-09-02,cubesmart,MI,12x5,1,1,52.0
2026-09-02,cubesmart,MI,12x50,1,1,253.0
2026-09-02,cubesmart,MI,13x15,1,1,205.0
2026-09-02,cubesmart,MI,13x20,1,1,148.0
2026-09-02,cubesmart,MI,13x25,1,1,277.0
2026-09-02,cubesmart,MI,13x30,1,1,406.0
2026-09-02,cubesmart,MI,13x4,1,1,49.0
2026-09-02,cubesmart,MI,14x14,1,1,149.0
2026-09-02,cubesmart,MI,14x40,1,1,281.0
2026-09-02,cubesmart,MI,15x10,2,2,157.5
2026-09-02,cubesmart,MI,15x13,1,1,99.0
2026-09-02,cubesmart,MI,15x15,1,1,204.0
2026-09-02,cubesmart,MI,15x20,2,2,318.5
2026-09-02,cubesmart,MI,15x25,1,1,359.0
2026-09-02,cubesmart,MI,15x5,2,2,76.0
2026-09-02,cubesmart,MI,15x8,1,1,169.0
2026-09-02,cubesmart,MI,16x7,1,1,167.0
2026-09-02,cubesmart,MI,20x10,5,5,194.0
2026-09-02,cubesmart,MI,20x12,1,1,232.0
2026-09-02,cubesmart,MI,20x15,10,10,219.0
2026-09-02,cubesmart,MI,20x16,1,1,250.0
2026-09-02,cubesmart,MI,20x20,5,5,317.0
2026-09-02,cubesmart,MI,20x22,1,1,239.0
2026-09-02,cubesmart,MI,20x23,1,1,278.0
2026-09-02,cubesmart,MI,20x25,5,5,407.0
2026-09-02,cubesmart,MI,20x30,2,2,520.0
2026-09-02,cubesmart,MI,20x5,1,1,122.0
2026-09-02,cubesmart,MI,20x8,1,1,87.0
2026-09-02,cubesmart,MI,23x7,1,1,161.0
2026-09-02,cubesmart,MI,25x30,1,1,509.0
2026-09-02,cubesmart,MI,2x2,2,2,20.0
2026-09-02,cubesmart,MI,2x4,1,1,11.0
2026-09-02,cubesmart,MI,30x10,2,2,245.0
2026-09-02,cubesmart,MI,30x15,2,2,364.5
2026-09-02,cubesmart,MI,30x25,1,1,509.0
2026-09-02,cubesmart,MI,40x15,1,1,462.0
2026-09-02,cubesmart,MI,40x8,1,1,338.0
2026-09-02,cubesmart,MI,4x13,1,1,52.0
2026-09-02,cubesmart,MI,4x4,1,1,15.0
2026-09-02,cubesmart,MI,4x5,1,1,28.0
2026-09-02,cubesmart,MI,4x8,1,1,58.0
2026-09-02,cubesmart,MI,5x10,23,23,64.0
2026-09-02,cubesmart,MI,5x12,1,1,52.0
2026-09-02,cubesmart,MI,5x15,11,11,76.0
2026-09-02,cubesmart,MI,5x20,1,1,130.0
2026-09-02,cubesmart,MI,5x25,1,1,133.0
2026-09-02,cubesmart,MI,5x4,2,2,19.5
2026-09-02,cubesmart,MI,5x5,28,28,41.0
2026-09-02,cubesmart,MI,5x7,4,4,68.5
2026-09-02,cubesmart,MI,5x8,6,6,38.5
2026-09-02,cubesmart,MI,5x9,2,2,39.5
2026-09-02,cubesmart,MI,6x17,1,1,121.0
2026-09-02,cubesmart,MI,6x5,1,1,38.0
2026-09-02,cubesmart,MI,7x10,5,5,82.0
2026-09-02,cubesmart,MI,7x13,2,2,82.5
2026-09-02,cubesmart,MI,7x15,2,2,105.5
2026-09-02,cubesmart,MI,7x20,3,3,112.0
2026-09-02,cubesmart,MI,7x5,1,1,32.0
2026-09-02,cubesmart,MI,7x8,1,1,55.0
2026-09-02,cubesmart,MI,8x10,6,6,78.5
2026-09-02,cubesmart,MI,8x12,1,1,76.0
2026-09-02,cubesmart,MI,8x13,1,1,93.0
2026-09-02,cubesmart,MI,8x15,3,3,103.0
2026-09-02,cubesmart,MI,8x20,3,3,125.0
2026-09-02,cubesmart,MI,8x25,1,1,215.0
2026-09-02,cubesmart,MI,8x30,1,1,206.0
2026-09-02,cubesmart,MI,8x5,3,3,42.0
2026-09-02,cubesmart,MI,8x6,1,1,53.0
2026-09-02,cubesmart,MI,8x7,1,1,67.0
2026-09-02,cubesmart,MI,8x8,1,1,41.0
2026-09-02,cubesmart,MI,9x10,1,1,80.0
2026-09-02,cubesmart,MI,9x12,1,1,63.0
2026-09-02,cubesmart,MI,9x14,1,1,126.0
2026-09-02,cubesmart,MI,Other,9,9,65.0
2026-09-02,cubesmart,MN,10x10,6,6,90.5
2026-09-02,cubesmart,MN,10x15,4,4,132.0
2026-09-02,cubesmart,MN,10x20,6,6,195.0
2026-09-02,cubesmart,MN,10x25,2,2,231.0
2026-09-02,cubesmart,MN,10x30,2,2,299.0
2026-09-02,cubesmart,MN,10x5,5,5,42.0
2026-09-02,cubesmart,MN,10x7.5,2,2,78.5
2026-09-02,cubesmart,MN,20x10,3,3,177.0
2026-09-02,cubesmart,MN,20x20,2,2,360.5
2026-09-02,cubesmart,MN,5x10,5,5,49.0
2026-09-02,cubesmart,MN,5x2.5,1,1,33.0
2026-09-02,cubesmart,MN,5x5,6,6,24.5
2026-09-02,cubesmart,MN,5x7,1,1,31.0
2026-09-02,cubesmart,MN,5x7.5,1,1,33.0
2026-09-02,cubesmart,MN,7.5x10,2,2,60.0
2026-09-02,cubesmart,MN,Other,1,1,93.0
2026-09-02,cubesmart,MO,5x5,1,1,45.0
2026-09-02,cubesmart,MO,Other,1,1,31.0
2026-09-02,cubesmart,MS,10x10,6,6,108.5
2026-09-02,cubesmart,MS,10x11,1,1,115.0
2026-09-02,cubesmart,MS,10x12,1,1,105.0
2026-09-02,cubesmart,MS,10x13,1,1,133.0
2026-09-02,cubesmart,MS,10x14,1,1,116.0
2026-09-02,cubesmart,MS,10x15,5,5,129.0
2026-09-02,cubesmart,MS,10x20,5,5,150.0
2026-09-02,cubesmart,MS,10x25,2,2,164.0
2026-09-02,cubesmart,MS,10x27,2,2,186.5
2026-09-02,cubesmart,MS,10x30,2,2,174.0
2026-09-02,cubesmart,MS,10x5,5,5,78.0
2026-09-02,cubesmart,MS,11x12,1,1,118.0
2026-09-02,cubesmart,MS,12x10,1,1,105.0
2026-09-02,cubesmart,MS,12x11,1,1,109.0
2026-09-02,cubesmart,MS,12x12,1,1,119.0
2026-09-02,cubesmart,MS,12x14,1,1,123.0
2026-09-02,cubesmart,MS,12x15,1,1,160.0
2026-09-02,cubesmart,MS,12x18,1,1,175.0
2026-09-02,cubesmart,MS,12x25,2,2,213.5
2026-09-02,cubesmart,MS,12x30,1,1,249.0
2026-09-02,cubesmart,MS,12x35,1,1,331.0
2026-09-02,cubesmart,MS,13x15,1,1,160.0
2026-09-02,cubesmart,MS,15x10,1,1,138.0
2026-09-02,cubesmart,MS,15x15,1,1,157.0
2026-09-02,cubesmart,MS,15x5,1,1,128.0
2026-09-02,cubesmart,MS,19x5,1,1,86.0
2026-09-02,cubesmart,MS,20x10,2,2,146.5
2026-09-02,cubesmart,MS,20x14,1,1,200.0
2026-09-02,cubesmart,MS,20x15,2,2,165.0
2026-09-02,cubesmart,MS,20x20,1,1,231.0
2026-09-02,cubesmart,MS,24x12,1,1,205.0
2026-09-02,cubesmart,MS,24x15,1,1,275.0
2026-09-02,cubesmart,MS,25x12,1,1,209.0
2026-09-02,cubesmart,MS,5x10,5,5,78.0
2026-09-02,cubesmart,MS,5x15,3,3,107.0
2026-09-02,cubesmart,MS,5x20,1,1,116.0
2026-09-02,cubesmart,MS,5x5,7,7,50.0
2026-09-02,cubesmart,MS,6x10,1,1,77.0
2026-09-02,cubesmart,MS,7x10,2,2,88.0
2026-09-02,cubesmart,MS,8x20,1,1,76.0
2026-09-02,cubesmart,MS,8x40,1,1,112.0
2026-09-02,cubesmart,MS,8x5,1,1,96.0
2026-09-02,cubesmart,MS,Other,6,6,35.5
2026-09-02,cubesmart,NC,1.5x2.5,1,1,37.0
2026-09-02,cubesmart,NC,1.5x3,1,1,54.0
2026-09-02,cubesmart,NC,10x10,68,68,87.5
2026-09-02,cubesmart,NC,10x11,1,1,79.0
2026-09-02,cubesmart,NC,10x12,6,6,95.5
2026-09-02,cubesmart,NC,10x13,4,4,96.5
2026-09-02,cubesmart,NC,10x15,61,61,118.0
2026-09-02,cubesmart,NC,10x16.5,1,1,142.0
2026-09-02,cubesmart,NC,10x17,1,1,130.0
2026-09-02,cubesmart,NC,10x18,4,4,141.5
2026-09-02,cubesmart,NC,10x19,1,1,118.0
2026-09-02,cubesmart,NC,10x20,59,59,179.0
2026-09-02,cubesmart,NC,10x22,3,3,140.0
2026-09-02,cubesmart,NC,10x25,18,18,231.0
2026-09-02,cubesmart,NC,10x30,18,18,238.0
2026-09-02,cubesmart,NC,10x32,1,1,269.0
2026-09-02,cubesmart,NC,10x35,1,1,213.0
2026-09-02,cubesmart,NC,10x40,2,2,145.0
2026-09-02,cubesmart,NC,10x5,41,41,56.0
2026-09-02,cubesmart,NC,10x7,6,6,60.5
2026-09-02,cubesmart,NC,10x7.5,4,4,70.5
2026-09-02,cubesmart,NC,10x8,6,6,71.5
2026-09-02,cubesmart,NC,12x10,1,1,137.0
2026-09-02,cubesmart,NC,12x15,1,1,116.0
2026-09-02,cubesmart,NC,13.5x18.5,1,1,232.0
2026-09-02,cubesmart,NC,15x10,4,4,152.0
2026-09-02,cubesmart,NC,15x15,2,2,158.0
2026-09-02,cubesmart,NC,15x18,1,1,209.0
2026-09-02,cubesmart,NC,15x20,3,3,169.0
2026-09-02,cubesmart,NC,15x5,1,1,69.0
2026-09-02,cubesmart,NC,1x2,1,1,23.0
2026-09-02,cubesmart,NC,2.5x2,5,5,54.0
2026-09-02,cubesmart,NC,2.5x3,6,6,80.0
2026-09-02,cubesmart,NC,2.5x3.5,2,2,100.5
2026-09-02,cubesmart,NC,20x10,17,17,154.0
2026-09-02,cubesmart,NC,20x12,1,1,209.0
2026-09-02,cubesmart,NC,20x15,13,13,186.0
2026-09-02,cubesmart,NC,20x20,6,6,231.5
2026-09-02,cubesmart,NC,20x25,2,2,426.5
2026-09-02,cubesmart,NC,20x30,3,3,295.0
2026-09-02,cubesmart,NC,20x40,1,1,314.0
2026-09-02,cubesmart,NC,25x10,1,1,188.0
2026-09-02,cubesmart,NC,2x1.5,1,1,26.0
2026-09-02,cubesmart,NC,2x2,7,7,40.0
2026-09-02,cubesmart,NC,2x2.5,5,5,54.0
2026-09-02,cubesmart,NC,2x3,8,8,62.5
2026-09-02,cubesmart,NC,3.5x10,1,1,33.0
2026-09-02,cubesmart,NC,3.5x3,1,1,112.0
2026-09-02,cubesmart,NC,3.5x3.5,1,1,137.0
2026-09-02,cubesmart,NC,30x50,1,1,484.0
2026-09-02,cubesmart,NC,3x10,1,1,37.0
2026-09-02,cubesmart,NC,3x2,2,2,64.0
2026-09-02,cubesmart,NC,3x3,9,9,96.0
2026-09-02,cubesmart,NC,3x3.5,3,3,104.0
2026-09-02,cubesmart,NC,3x4,1,1,155.0
2026-09-02,cubesmart,NC,3x5,4,4,86.5
2026-09-02,cubesmart,NC,3x6,1,1,192.0
2026-09-02,cubesmart,NC,4.5x2,1,1,107.0
2026-09-02,cubesmart,NC,4.5x3,1,1,57.0
2026-09-02,cubesmart,NC,4x3,2,2,122.0
2026-09-02,cubesmart,NC,4x3.5,1,1,139.0
2026-09-02,cubesmart,NC,4x4,2,2,15.0
2026-09-02,cubesmart,NC,5x10,44,44,53.0
2026-09-02,cubesmart,NC,5x12,1,1,67.0
2026-09-02,cubesmart,NC,5x15,16,16,62.0
2026-09-02,cubesmart,NC,5x20,2,2,125.0
2026-09-02,cubesmart,NC,5x4,2,2,23.0
2026-09-02,cubesmart,NC,5x5,49,49,30.0
2026-09-02,cubesmart,NC,5x6,1,1,36.0
2026-09-02,cubesmart,NC,5x7,5,5,47.0
2026-09-02,cubesmart,NC,5x7.5,3,3,22.0
2026-09-02,cubesmart,NC,5x8,3,3,34.0
2026-09-02,cubesmart,NC,5x8.5,1,1,61.0
2026-09-02,cubesmart,NC,6x10,3,3,67.0
2026-09-02,cubesmart,NC,6x3,1,1,192.0
2026-09-02,cubesmart,NC,6x6,1,1,32.0
2026-09-02,cubesmart,NC,7.5x10,5,5,60.0
2026-09-02,cubesmart,NC,7x10,5,5,56.0
2026-09-02,cubesmart,NC,7x15,1,1,86.0
2026-09-02,cubesmart,NC,7x3,1,1,198.0
2026-09-02,cubesmart,NC,7x5,1,1,34.0
2026-09-02,cubesmart,NC,7x7,1,1,55.0
2026-09-02,cubesmart,NC,7x8,2,2,74.0
2026-09-02,cubesmart,NC,8.5x5,1,1,61.0
2026-09-02,cubesmart,NC,8x10,5,5,85.0
2026-09-02,cubesmart,NC,8x15,1,1,186.0
2026-09-02,cubesmart,NC,8x20,1,1,138.0
2026-09-02,cubesmart,NC,8x5,1,1,40.0
2026-09-02,cubesmart,NC,9x20,2,2,191.0
2026-09-02,cubesmart,NC,Other,25,25,88.0
2026-09-02,cubesmart,NH,10x10,1,1,84.0
2026-09-02,cubesmart,NH,10x12,1,1,85.0
2026-09-02,cubesmart,NH,10x15,1,1,114.0
2026-09-02,cubesmart,NH,10x20,2,2,153.5
2026-09-02,cubesmart,NH,10x5,1,1,68.0
2026-09-02,cubesmart,NH,10x8,1,1,75.0
2026-09-02,cubesmart,NH,12x12,1,1,109.0
2026-09-02,cubesmart,NH,12x5,1,1,72.0
2026-09-02,cubesmart,NH,13x10,1,1,107.0
2026-09-02,cubesmart,NH,15x13,1,1,134.0
2026-09-02,cubesmart,NH,20x12,1,1,237.0
2026-09-02,cubesmart,NH,5x12,1,1,72.0
2026-09-02,cubesmart,NH,5x5,1,1,45.0
2026-09-02,cubesmart,NH,8x10,1,1,72.0
2026-09-02,cubesmart,NH,8x20,1,1,119.0
2026-09-02,cubesmart,NH,8x7,1,1,70.0
2026-09-02,cubesmart,NH,9x10,1,1,78.0
2026-09-02,cubesmart,NJ,10x10,78,78,113.0
2026-09-02,cubesmart,NJ,10x12,5,5,193.0
2026-09-02,cubesmart,NJ,10x13,6,6,194.0
2026-09-02,cubesmart,NJ,10x14,1,1,185.0
2026-09-02,cubesmart,NJ,10x15,61,61,190.0
2026-09-02,cubesmart,NJ,10x16,2,2,190.5
2026-09-02,cubesmart,NJ,10x17,1,1,227.0
2026-09-02,cubesmart,NJ,10x17.5,1,1,233.0
2026-09-02,cubesmart,NJ,10x18,7,7,293.0
2026-09-02,cubesmart,NJ,10x19,1,1,325.0
2026-09-02,cubesmart,NJ,10x20,50,50,255.5
2026-09-02,cubesmart,NJ,10x25,26,26,361.0
2026-09-02,cubesmart,NJ,10x28,1,1,307.0
2026-09-02,cubesmart,NJ,10x30,16,16,314.0
2026-09-02,cubesmart,NJ,10x35,1,1,422.0
2026-09-02,cubesmart,NJ,10x4,2,2,86.5
2026-09-02,cubesmart,NJ,10x40,1,1,186.0
2026-09-02,cubesmart,NJ,10x5,15,15,78.0
2026-09-02,cubesmart,NJ,10x6,2,2,89.5
2026-09-02,cubesmart,NJ,10x7,7,7,86.0
2026-09-02,cubesmart,NJ,10x7.5,4,4,74.0
2026-09-02,cubesmart,NJ,10x8,4,4,120.5
2026-09-02,cubesmart,NJ,10x9,3,3,93.0
2026-09-02,cubesmart,NJ,11x16,1,1,223.0
2026-09-02,cubesmart,NJ,12x13,1,1,278.0
2026-09-02,cubesmart,NJ,12x16,2,2,276.0
2026-09-02,cubesmart,NJ,12x18,1,1,350.0
2026-09-02,cubesmart,NJ,12x5,1,1,151.0
2026-09-02,cubesmart,NJ,15x10,3,3,286.0
2026-09-02,cubesmart,NJ,15x15,3,3,354.0
2026-09-02,cubesmart,NJ,15x18,1,1,384.0
2026-09-02,cubesmart,NJ,15x20,1,1,643.0
2026-09-02,cubesmart,NJ,15x5,1,1,172.0
2026-09-02,cubesmart,NJ,15x7.5,1,1,86.0
2026-09-02,cubesmart,NJ,17x13,1,1,352.0
2026-09-02,cubesmart,NJ,18x10,2,2,266.5
2026-09-02,cubesmart,NJ,18x15,1,1,341.0
2026-09-02,cubesmart,NJ,20x10,8,8,214.5
2026-09-02,cubesmart,NJ,20x15,5,5,365.0
2026-09-02,cubesmart,NJ,20x20,5,5,424.0
2026-09-02,cubesmart,NJ,20x25,1,1,194.0
2026-09-02,cubesmart,NJ,20x30,1,1,438.0
2026-09-02,cubesmart,NJ,21x12,1,1,279.0
2026-09-02,cubesmart,NJ,30x10,1,1,172.0
2026-09-02,cubesmart,NJ,3x3,2,2,18.5
2026-09-02,cubesmart,NJ,3x4,1,1,14.0
2026-09-02,cubesmart,NJ,3x5,2,2,30.0
2026-09-02,cubesmart,NJ,3x6,1,1,57.0
2026-09-02,cubesmart,NJ,4x10,1,1,100.0
2026-09-02,cubesmart,NJ,4x4,2,2,36.5
2026-09-02,cubesmart,NJ,4x5,4,4,44.5
2026-09-02,cubesmart,NJ,4x7,1,1,71.0
2026-09-02,cubesmart,NJ,4x8,1,1,65.0
2026-09-02,cubesmart,NJ,5x10,68,68,61.5
2026-09-02,cubesmart,NJ,5x12,5,5,124.0
2026-09-02,cubesmart,NJ,5x13,1,1,128.0
2026-09-02,cubesmart,NJ,5x15,18,18,78.0
2026-09-02,cubesmart,NJ,5x20,1,1,194.0
2026-09-02,cubesmart,NJ,5x3.5,2,2,23.0
2026-09-02,cubesmart,NJ,5x4,2,2,52.5
2026-09-02,cubesmart,NJ,5x5,79,79,43.0
2026-09-02,cubesmart,NJ,5x6,3,3,59.0
2026-09-02,cubesmart,NJ,5x7,7,7,52.0
2026-09-02,cubesmart,NJ,5x7.5,3,3,48.0
2026-09-02,cubesmart,NJ,5x8,11,11,89.0
2026-09-02,cubesmart,NJ,5x9,5,5,65.0
2026-09-02,cubesmart,NJ,6x10,2,2,94.5
2026-09-02,cubesmart,NJ,6x5,1,1,32.0
2026-09-02,cubesmart,NJ,7.5x10,3,3,71.0
2026-09-02,cubesmart,NJ,7x10,6,6,91.5
2026-09-02,cubesmart,NJ,7x13,2,2,160.5
2026-09-02,cubesmart,NJ,7x15,1,1,171.0
2026-09-02,cubesmart,NJ,7x16,1,1,105.0
2026-09-02,cubesmart,NJ,7x5,2,2,71.5
2026-09-02,cubesmart,NJ,7x7,1,1,104.0
2026-09-02,cubesmart,NJ,8x10,8,8,80.0
2026-09-02,cubesmart,NJ,8x12,1,1,197.0
2026-09-02,cubesmart,NJ,8x14,1,1,212.0
2026-09-02,cubesmart,NJ,8x15,1,1,121.0
2026-09-02,cubesmart,NJ,8x16,1,1,252.0
2026-09-02,cubesmart,NJ,8x18,1,1,257.0
2026-09-02,cubesmart,NJ,8x20,2,2,199.0
2026-09-02,cubesmart,NJ,8x25,1,1,163.0
2026-09-02,cubesmart,NJ,8x4,1,1,65.0
2026-09-02,cubesmart,NJ,8x5,1,1,116.0
2026-09-02,cubesmart,NJ,8x8,7,7,151.0
2026-09-02,cubesmart,NJ,9x10,4,4,105.5
2026-09-02,cubesmart,NJ,9x15,1,1,181.0
2026-09-02,cubesmart,NJ,9x20,3,3,307.0
2026-09-02,cubesmart,NJ,9x7,1,1,91.0
2026-09-02,cubesmart,NJ,9x9,1,1,113.0
2026-09-02,cubesmart,NJ,Other,19,19,156.0
2026-09-02,cubesmart,NM,10x10,9,9,69.0
2026-09-02,cubesmart,NM,10x12,2,2,108.5
2026-09-02,cubesmart,NM,10x12.5,1,1,105.0
2026-09-02,cubesmart,NM,10x15,6,6,103.0
2026-09-02,cubesmart,NM,10x20,4,4,122.0
2026-09-02,cubesmart,NM,10x30,1,1,171.0
2026-09-02,cubesmart,NM,10x5,5,5,37.0
2026-09-02,cubesmart,NM,10x7,1,1,39.0
2026-09-02,cubesmart,NM,10x7.5,1,1,41.0
2026-09-02,cubesmart,NM,10x9,1,1,44.0
2026-09-02,cubesmart,NM,15x10,1,1,127.0
2026-09-02,cubesmart,NM,20x10,2,2,140.0
2026-09-02,cubesmart,NM,20x20,2,2,339.5
2026-09-02,cubesmart,NM,20x30,1,1,298.0
2026-09-02,cubesmart,NM,5x10,7,7,43.0
2026-09-02,cubesmart,NM,5x15,1,1,40.0
2026-09-02,cubesmart,NM,5x5,5,5,26.0
2026-09-02,cubesmart,NM,5x7,1,1,30.0
2026-09-02,cubesmart,NM,5x7.5,1,1,30.0
2026-09-02,cubesmart,NM,5x8,1,1,80.0
2026-09-02,cubesmart,NM,6x10,1,1,77.0
2026-09-02,cubesmart,NM,6x8,1,1,42.0
2026-09-02,cubesmart,NM,7.5x10,4,4,47.0
2026-09-02,cubesmart,NM,7x5,1,1,73.0
2026-09-02,cubesmart,NM,8x12,1,1,57.0
2026-09-02,cubesmart,NM,8x14,1,1,66.0
2026-09-02,cubesmart,NM,8x8,1,1,42.0
2026-09-02,cubesmart,NM,Other,13,13,49.0
2026-09-02,cubesmart,NV,10x10,48,48,81.0
2026-09-02,cubesmart,NV,10x15,29,29,122.0
2026-09-02,cubesmart,NV,10x17,1,1,129.0
2026-09-02,cubesmart,NV,10x18,1,1,172.0
2026-09-02,cubesmart,NV,10x20,23,23,167.0
2026-09-02,cubesmart,NV,10x24,1,1,203.0
2026-09-02,cubesmart,NV,10x25,12,12,220.0
2026-09-02,cubesmart,NV,10x26,1,1,204.0
2026-09-02,cubesmart,NV,10x30,15,15,204.0
2026-09-02,cubesmart,NV,10x35,4,4,138.5
2026-09-02,cubesmart,NV,10x40,2,2,231.5
2026-09-02,cubesmart,NV,10x45,1,1,243.0
2026-09-02,cubesmart,NV,10x48,1,1,184.0
2026-09-02,cubesmart,NV,10x5,5,5,46.0
2026-09-02,cubesmart,NV,10x50,3,3,184.0
2026-09-02,cubesmart,NV,10x7.5,1,1,53.0
2026-09-02,cubesmart,NV,11x20,1,1,109.0
2026-09-02,cubesmart,NV,11x30,2,2,122.0
2026-09-02,cubesmart,NV,11x7,1,1,63.0
2026-09-02,cubesmart,NV,12x25,1,1,204.0
2026-09-02,cubesmart,NV,12x26,1,1,101.0
2026-09-02,cubesmart,NV,12x27,1,1,181.0
2026-09-02,cubesmart,NV,12x30,1,1,239.0
2026-09-02,cubesmart,NV,12x35,2,2,286.0
2026-09-02,cubesmart,NV,15x10,1,1,101.0
2026-09-02,cubesmart,NV,15x20,1,1,282.0
2026-09-02,cubesmart,NV,15x30,1,1,308.0
2026-09-02,cubesmart,NV,15x5,1,1,54.0
2026-09-02,cubesmart,NV,20x10,3,3,182.0
2026-09-02,cubesmart,NV,20x15,3,3,201.0
2026-09-02,cubesmart,NV,20x18,1,1,276.0
2026-09-02,cubesmart,NV,20x20,6,6,315.0
2026-09-02,cubesmart,NV,20x24,1,1,411.0
2026-09-02,cubesmart,NV,20x25,1,1,349.0
2026-09-02,cubesmart,NV,4x4,2,2,25.5
2026-09-02,cubesmart,NV,4x5,1,1,32.0
2026-09-02,cubesmart,NV,5x10,42,42,48.0
2026-09-02,cubesmart,NV,5x15,3,3,71.0
2026-09-02,cubesmart,NV,5x20,1,1,94.0
2026-09-02,cubesmart,NV,5x5,29,29,32.0
2026-09-02,cubesmart,NV,5x7,2,2,29.0
2026-09-02,cubesmart,NV,5x7.5,6,6,37.0
2026-09-02,cubesmart,NV,5x8,2,2,37.0
2026-09-02,cubesmart,NV,7.5x10,11,11,63.0
2026-09-02,cubesmart,NV,7x10,3,3,60.0
2026-09-02,cubesmart,NV,8x10,1,1,79.0
2026-09-02,cubesmart,NV,8x18,1,1,53.0
2026-09-02,cubesmart,NV,8x20,2,2,112.0
2026-09-02,cubesmart,NV,8x44,1,1,141.0
2026-09-02,cubesmart,NV,Other,11,11,88.0
2026-09-02,cubesmart,NY,10x1,1,1,42.0
2026-09-02,cubesmart,NY,10x10,136,136,227.0
2026-09-02,cubesmart,NY,10x11,3,3,353.0
2026-09-02,cubesmart,NY,10x12,15,15,260.0
2026-09-02,cubesmart,NY,10x12.5,8,8,272.0
2026-09-02,cubesmart,NY,10x13,4,4,172.0
2026-09-02,cubesmart,NY,10x14,6,6,161.5
2026-09-02,cubesmart,NY,10x15,112,112,307.0
2026-09-02,cubesmart,NY,10x15.5,1,1,147.0
2026-09-02,cubesmart,NY,10x16,4,4,166.5
2026-09-02,cubesmart,NY,10x17,1,1,138.0
2026-09-02,cubesmart,NY,10x17.5,3,3,317.0
2026-09-02,cubesmart,NY,10x18,3,3,323.0
2026-09-02,cubesmart,NY,10x19,2,2,150.5
2026-09-02,cubesmart,NY,10x20,83,83,351.0
2026-09-02,cubesmart,NY,10x21,1,1,552.0
2026-09-02,cubesmart,NY,10x22,1,1,181.0
2026-09-02,cubesmart,NY,10x23,2,2,424.5
2026-09-02,cubesmart,NY,10x24,1,1,434.0
2026-09-02,cubesmart,NY,10x25,36,36,382.0
2026-09-02,cubesmart,NY,10x3,1,1,87.0
2026-09-02,cubesmart,NY,10x3.5,1,1,83.0
2026-09-02,cubesmart,NY,10x30,26,26,478.0
2026-09-02,cubesmart,NY,10x31,1,1,742.0
2026-09-02,cubesmart,NY,10x40,1,1,590.0
2026-09-02,cubesmart,NY,10x5,28,28,79.0
2026-09-02,cubesmart,NY,10x60,1,1,796.0
2026-09-02,cubesmart,NY,10x7,2,2,67.0
2026-09-02,cubesmart,NY,10x7.5,4,4,98.5
2026-09-02,cubesmart,NY,10x8,5,5,97.0
2026-09-02,cubesmart,NY,10x9,4,4,155.5
2026-09-02,cubesmart,NY,11.5x19,1,1,180.0
2026-09-02,cubesmart,NY,12.5x25,1,1,78.0
2026-09-02,cubesmart,NY,12x10,3,3,119.0
2026-09-02,cubesmart,NY,12x11,2,2,133.5
2026-09-02,cubesmart,NY,12x12,1,1,172.0
2026-09-02,cubesmart,NY,12x15,2,2,303.5
2026-09-02,cubesmart,NY,12x16,1,1,219.0
2026-09-02,cubesmart,NY,12x19,1,1,183.0
2026-09-02,cubesmart,NY,12x24,1,1,409.0
2026-09-02,cubesmart,NY,12x25,1,1,78.0
2026-09-02,cubesmart,NY,12x26,1,1,463.0
2026-09-02,cubesmart,NY,12x40,1,1,1365.0
2026-09-02,cubesmart,NY,12x48,1,1,659.0
2026-09-02,cubesmart,NY,12x5,1,1,79.0
2026-09-02,cubesmart,NY,12x6,1,1,71.0
2026-09-02,cubesmart,NY,12x7,1,1,89.0
2026-09-02,cubesmart,NY,12x9,2,2,108.5
2026-09-02,cubesmart,NY,13x12,1,1,173.0
2026-09-02,cubesmart,NY,13x15,1,1,329.0
2026-09-02,cubesmart,NY,13x18,1,1,194.0
2026-09-02,cubesmart,NY,13x40,1,1,291.0
2026-09-02,cubesmart,NY,13x8,1,1,110.0
2026-09-02,cubesmart,NY,14x15,1,1,132.0
2026-09-02,cubesmart,NY,15x10,6,6,143.5
2026-09-02,cubesmart,NY,15x15,3,3,182.0
2026-09-02,cubesmart,NY,15x20,5,5,540.0
2026-09-02,cubesmart,NY,15x30,1,1,269.0
2026-09-02,cubesmart,NY,15x35,1,1,727.0
2026-09-02,cubesmart,NY,15x5,5,5,92.0
2026-09-02,cubesmart,NY,15x6,1,1,121.0
2026-09-02,cubesmart,NY,15x8,1,1,136.0
2026-09-02,cubesmart,NY,16.5x15.5,1,1,211.0
2026-09-02,cubesmart,NY,17x7,1,1,138.0
2026-09-02,cubesmart,NY,19x30,1,1,311.0
2026-09-02,cubesmart,NY,20x10,23,23,359.0
2026-09-02,cubesmart,NY,20x12.5,2,2,492.0
2026-09-02,cubesmart,NY,20x14,1,1,226.0
2026-09-02,cubesmart,NY,20x15,14,14,321.5
2026-09-02,cubesmart,NY,20x18,1,1,202.0
2026-09-02,cubesmart,NY,20x20,19,19,737.0
2026-09-02,cubesmart,NY,20x22,1,1,265.0
2026-09-02,cubesmart,NY,20x30,1,1,348.0
2026-09-02,cubesmart,NY,20x4,1,1,101.0
2026-09-02,cubesmart,NY,20x40,1,1,2671.0
2026-09-02,cubesmart,NY,20x45,1,1,3013.0
2026-09-02,cubesmart,NY,20x7,1,1,161.0
2026-09-02,cubesmart,NY,20x8,2,2,143.5
2026-09-02,cubesmart,NY,20x9,1,1,359.0
2026-09-02,cubesmart,NY,23x10,1,1,569.0
2026-09-02,cubesmart,NY,23x5,1,1,95.0
2026-09-02,cubesmart,NY,25x33,1,1,329.0
2026-09-02,cubesmart,NY,2x2,1,1,11.0
2026-09-02,cubesmart,NY,2x7,1,1,15.0
2026-09-02,cubesmart,NY,2x8,1,1,22.0
2026-09-02,cubesmart,NY,3x10,2,2,95.0
2026-09-02,cubesmart,NY,3x4,4,4,17.0
2026-09-02,cubesmart,NY,3x5,1,1,67.0
2026-09-02,cubesmart,NY,3x6,1,1,100.0
2026-09-02,cubesmart,NY,4.5x5,1,1,80.0
2026-09-02,cubesmart,NY,4x10,4,4,123.5
2026-09-02,cubesmart,NY,4x13,1,1,253.0
2026-09-02,cubesmart,NY,4x14,1,1,158.0
2026-09-02,cubesmart,NY,4x3,1,1,25.0
2026-09-02,cubesmart,NY,4x4,9,9,38.0
2026-09-02,cubesmart,NY,4x5,19,19,57.0
2026-09-02,cubesmart,NY,4x6,3,3,169.0
2026-09-02,cubesmart,NY,4x7,1,1,198.0
2026-09-02,cubesmart,NY,5x10,140,140,128.0
2026-09-02,cubesmart,NY,5x11,1,1,216.0
2026-09-02,cubesmart,NY,5x12,6,6,167.0
2026-09-02,cubesmart,NY,5x13,2,2,80.5
2026-09-02,cubesmart,NY,5x14,4,4,98.5
2026-09-02,cubesmart,NY,5x15,28,28,163.0
2026-09-02,cubesmart,NY,5x19,1,1,92.0
2026-09-02,cubesmart,NY,5x20,3,3,265.0
2026-09-02,cubesmart,NY,5x3,6,6,36.0
2026-09-02,cubesmart,NY,5x4,3,3,27.0
2026-09-02,cubesmart,NY,5x5,233,233,53.0
2026-09-02,cubesmart,NY,5x6,7,7,112.0
2026-09-02,cubesmart,NY,5x7,10,10,121.0
2026-09-02,cubesmart,NY,5x7.5,18,18,101.0
2026-09-02,cubesmart,NY,5x8,47,47,113.0
2026-09-02,cubesmart,NY,5x9,7,7,103.0
2026-09-02,cubesmart,NY,6x10,4,4,176.0
2026-09-02,cubesmart,NY,6x12,4,4,78.0
2026-09-02,cubesmart,NY,6x6,3,3,48.0
2026-09-02,cubesmart,NY,6x8,3,3,60.0
2026-09-02,cubesmart,NY,6x9,1,1,67.0
2026-09-02,cubesmart,NY,7.5x10,18,18,171.5
2026-09-02,cubesmart,NY,7.5x9,1,1,214.0
2026-09-02,cubesmart,NY,7x10,7,7,207.0
2026-09-02,cubesmart,NY,7x11,1,1,182.0
2026-09-02,cubesmart,NY,7x14,1,1,246.0
2026-09-02,cubesmart,NY,7x27,1,1,185.0
2026-09-02,cubesmart,NY,7x5,1,1,45.0
2026-09-02,cubesmart,NY,7x7,1,1,125.0
2026-09-02,cubesmart,NY,7x8,1,1,309.0
2026-09-02,cubesmart,NY,7x9,2,2,194.0
2026-09-02,cubesmart,NY,8.5x14,1,1,67.0
2026-09-02,cubesmart,NY,8.5x30,1,1,210.0
2026-09-02,cubesmart,NY,8x10,22,22,189.0
2026-09-02,cubesmart,NY,8x13,1,1,277.0
2026-09-02,cubesmart,NY,8x15,2,2,232.0
2026-09-02,cubesmart,NY,8x16,1,1,138.0
2026-09-02,cubesmart,NY,8x20,4,4,277.0
2026-09-02,cubesmart,NY,8x4,1,1,162.0
2026-09-02,cubesmart,NY,8x5,3,3,50.0
2026-09-02,cubesmart,NY,8x6.5,1,1,142.0
2026-09-02,cubesmart,NY,9.5x19,1,1,179.0
2026-09-02,cubesmart,NY,9.5x25,1,1,71.0
2026-09-02,cubesmart,NY,9x10,10,10,215.5
2026-09-02,cubesmart,NY,9x12,1,1,134.0
2026-09-02,cubesmart,NY,9x14,3,3,141.0
2026-09-02,cubesmart,NY,9x20,3,3,342.0
2026-09-02,cubesmart,NY,9x23,1,1,676.0
2026-09-02,cubesmart,NY,9x29,1,1,224.0
2026-09-02,cubesmart,NY,9x5,1,1,67.0
2026-09-02,cubesmart,NY,9x9,1,1,86.0
2026-09-02,cubesmart,NY,Other,20,20,111.0
2026-09-02,cubesmart,OH,10x10,75,75,86.0
2026-09-02,cubesmart,OH,10x12,5,5,70.0
2026-09-02,cubesmart,OH,10x12.5,1,1,90.0
2026-09-02,cubesmart,OH,10x13,2,2,190.5
2026-09-02,cubesmart,OH,10x13.5,1,1,142.0
2026-09-02,cubesmart,OH,10x15,56,56,120.0
2026-09-02,cubesmart,OH,10x17.5,2,2,125.5
2026-09-02,cubesmart,OH,10x18,3,3,134.0
2026-09-02,cubesmart,OH,10x20,51,51,146.0
2026-09-02,cubesmart,OH,10x25,16,16,189.0
2026-09-02,cubesmart,OH,10x30,22,22,200.5
2026-09-02,cubesmart,OH,10x35,1,1,319.0
2026-09-02,cubesmart,OH,10x4,1,1,23.0
2026-09-02,cubesmart,OH,10x40,5,5,242.0
2026-09-02,cubesmart,OH,10x5,24,24,45.0
2026-09-02,cubesmart,OH,10x6,1,1,39.0
2026-09-02,cubesmart,OH,10x60,1,1,407.0
2026-09-02,cubesmart,OH,10x7,3,3,105.0
2026-09-02,cubesmart,OH,10x7.5,4,4,59.5
2026-09-02,cubesmart,OH,10x8,1,1,155.0
2026-09-02,cubesmart,OH,10x9,1,1,76.0
2026-09-02,cubesmart,OH,12.5x15,1,1,157.0
2026-09-02,cubesmart,OH,12x10,1,1,150.0
2026-09-02,cubesmart,OH,12x15,1,1,149.0
2026-09-02,cubesmart,OH,12x20,3,3,224.0
2026-09-02,cubesmart,OH,12x30,1,1,227.0
2026-09-02,cubesmart,OH,12x40,1,1,299.0
2026-09-02,cubesmart,OH,13x10,1,1,92.0
2026-09-02,cubesmart,OH,13x8,1,1,139.0
2026-09-02,cubesmart,OH,14x10,1,1,166.0
2026-09-02,cubesmart,OH,14x22,1,1,194.0
2026-09-02,cubesmart,OH,15x10,5,5,121.0
2026-09-02,cubesmart,OH,15x15,4,4,180.0
2026-09-02,cubesmart,OH,15x17.5,1,1,176.0
2026-09-02,cubesmart,OH,15x20,3,3,233.0
2026-09-02,cubesmart,OH,15x5,2,2,56.5
2026-09-02,cubesmart,OH,15x6,1,1,74.0
2026-09-02,cubesmart,OH,15x7,1,1,161.0
2026-09-02,cubesmart,OH,15x7.5,1,1,53.0
2026-09-02,cubesmart,OH,15x7.6,1,1,126.0
2026-09-02,cubesmart,OH,20x10,9,9,134.0
2026-09-02,cubesmart,OH,20x12,1,1,216.0
2026-09-02,cubesmart,OH,20x15,6,6,208.0
2026-09-02,cubesmart,OH,20x17.5,1,1,278.0
2026-09-02,cubesmart,OH,20x20,5,5,227.0
2026-09-02,cubesmart,OH,20x25,1,1,310.0
2026-09-02,cubesmart,OH,20x30,3,3,177.0
2026-09-02,cubesmart,OH,20x40,1,1,679.0
2026-09-02,cubesmart,OH,20x5,1,1,118.0
2026-09-02,cubesmart,OH,20x7,1,1,78.0
2026-09-02,cubesmart,OH,25x10,1,1,152.0
2026-09-02,cubesmart,OH,25x8,1,1,210.0
2026-09-02,cubesmart,OH,30x10,2,2,206.5
2026-09-02,cubesmart,OH,30x15,1,1,324.0
2026-09-02,cubesmart,OH,3x5,1,1,23.0
2026-09-02,cubesmart,OH,4x17,1,1,85.0
2026-09-02,cubesmart,OH,4x4,8,8,20.5
2026-09-02,cubesmart,OH,4x5,1,1,53.0
2026-09-02,cubesmart,OH,5x10,59,59,45.0
2026-09-02,cubesmart,OH,5x15,39,39,58.0
2026-09-02,cubesmart,OH,5x17.5,1,1,64.0
2026-09-02,cubesmart,OH,5x20,3,3,115.0
2026-09-02,cubesmart,OH,5x5,51,51,27.0
2026-09-02,cubesmart,OH,5x6,1,1,33.0
2026-09-02,cubesmart,OH,5x7,4,4,74.5
2026-09-02,cubesmart,OH,5x7.5,4,4,31.0
2026-09-02,cubesmart,OH,5x8,4,4,43.5
2026-09-02,cubesmart,OH,5x9.5,1,1,33.0
2026-09-02,cubesmart,OH,6x10,1,1,76.0
2026-09-02,cubesmart,OH,7.5x10,7,7,60.0
2026-09-02,cubesmart,OH,7.5x15,1,1,53.0
2026-09-02,cubesmart,OH,7.5x20,2,2,82.0
2026-09-02,cubesmart,OH,7.5x5,1,1,26.0
2026-09-02,cubesmart,OH,7.5x7.5,1,1,37.0
2026-09-02,cubesmart,OH,7x10,4,4,63.0
2026-09-02,cubesmart,OH,7x5,1,1,75.0
2026-09-02,cubesmart,OH,7x7,1,1,86.0
2026-09-02,cubesmart,OH,8x10,1,1,106.0
2026-09-02,cubesmart,OH,8x15,2,2,128.5
2026-09-02,cubesmart,OH,8x20,1,1,50.0
2026-09-02,cubesmart,OH,8x8,1,1,97.0
2026-09-02,cubesmart,OH,9.5x19,1,1,223.0
2026-09-02,cubesmart,OH,9x10,1,1,110.0
2026-09-02,cubesmart,OH,Other,17,17,70.0
2026-09-02,cubesmart,OK,10x10,2,2,30.0
2026-09-02,cubesmart,OK,10x12,1,1,41.0
2026-09-02,cubesmart,OK,10x13,1,1,41.0
2026-09-02,cubesmart,OK,10x15,3,3,56.0
2026-09-02,cubesmart,OK,10x18,2,2,78.0
2026-09-02,cubesmart,OK,10x20,2,2,71.0
2026-09-02,cubesmart,OK,10x23,1,1,122.0
2026-09-02,cubesmart,OK,10x25,1,1,51.0
2026-09-02,cubesmart,OK,10x3,1,1,17.0
2026-09-02,cubesmart,OK,10x30,1,1,79.0
2026-09-02,cubesmart,OK,10x5,2,2,27.5
2026-09-02,cubesmart,OK,10x6,1,1,25.0
2026-09-02,cubesmart,OK,10x7,1,1,30.0
2026-09-02,cubesmart,OK,10x8,1,1,34.0
2026-09-02,cubesmart,OK,14x8,1,1,37.0
2026-09-02,cubesmart,OK,15x10,1,1,56.0
2026-09-02,cubesmart,OK,20x10,1,1,51.0
2026-09-02,cubesmart,OK,20x15,1,1,82.0
2026-09-02,cubesmart,OK,5x10,4,4,27.5
2026-09-02,cubesmart,OK,5x15,1,1,87.0
2026-09-02,cubesmart,OK,5x5,2,2,18.5
2026-09-02,cubesmart,OK,5x8,2,2,24.5
2026-09-02,cubesmart,OK,6x5,1,1,17.0
2026-09-02,cubesmart,OK,6x6,1,1,19.0
2026-09-02,cubesmart,OK,7x7,1,1,30.0
2026-09-02,cubesmart,OK,8x10,2,2,39.5
2026-09-02,cubesmart,OK,8x5,2,2,24.5
2026-09-02,cubesmart,OK,8x6,1,1,22.0
2026-09-02,cubesmart,OK,8x7,1,1,25.0
2026-09-02,cubesmart,OK,8x8,2,2,31.5
2026-09-02,cubesmart,OK,Other,1,1,45.0
2026-09-02,cubesmart,OR,10x10,4,4,88.0
2026-09-02,cubesmart,OR,10x12,1,1,96.0
2026-09-02,cubesmart,OR,10x12.5,1,1,99.0
2026-09-02,cubesmart,OR,10x15,3,3,127.0
2026-09-02,cubesmart,OR,10x20,4,4,179.0
2026-09-02,cubesmart,OR,10x25,1,1,286.0
2026-09-02,cubesmart,OR,10x30,1,1,321.0
2026-09-02,cubesmart,OR,10x5,2,2,49.0
2026-09-02,cubesmart,OR,20x10,1,1,194.0
2026-09-02,cubesmart,OR,20x15,2,2,232.5
2026-09-02,cubesmart,OR,20x20,3,3,302.0
2026-09-02,cubesmart,OR,5x10,3,3,53.0
2026-09-02,cubesmart,OR,5x5,4,4,42.5
2026-09-02,cubesmart,OR,7.5x10,3,3,74.0
2026-09-02,cubesmart,OR,Other,1,1,111.0
2026-09-02,cubesmart,PA,10x10,64,64,99.5
2026-09-02,cubesmart,PA,10x11,4,4,122.5
2026-09-02,cubesmart,PA,10x12,6,6,120.0
2026-09-02,cubesmart,PA,10x12.5,2,2,121.0
2026-09-02,cubesmart,PA,10x13,4,4,117.0
2026-09-02,cubesmart,PA,10x14,2,2,107.5
2026-09-02,cubesmart,PA,10x15,55,55,135.0
2026-09-02,cubesmart,PA,10x16,2,2,158.0
2026-09-02,cubesmart,PA,10x17,1,1,110.0
2026-09-02,cubesmart,PA,10x17.5,1,1,215.0
2026-09-02,cubesmart,PA,10x18,5,5,151.0
2026-09-02,cubesmart,PA,10x19,1,1,147.0
2026-09-02,cubesmart,PA,10x20,38,38,171.0
2026-09-02,cubesmart,PA,10x23,1,1,173.0
2026-09-02,cubesmart,PA,10x24,1,1,198.0
2026-09-02,cubesmart,PA,10x25,15,15,196.0
2026-09-02,cubesmart,PA,10x27,1,1,191.0
2026-09-02,cubesmart,PA,10x30,18,18,220.0
2026-09-02,cubesmart,PA,10x32,1,1,319.0
2026-09-02,cubesmart,PA,10x35,2,2,315.5
2026-09-02,cubesmart,PA,10x5,19,19,58.0
2026-09-02,cubesmart,PA,10x6,2,2,73.5
2026-09-02,cubesmart,PA,10x7,5,5,84.0
2026-09-02,cubesmart,PA,10x7.5,6,6,69.5
2026-09-02,cubesmart,PA,10x8,5,5,91.0
2026-09-02,cubesmart,PA,10x8.5,1,1,68.0
2026-09-02,cubesmart,PA,10x9,3,3,99.0
2026-09-02,cubesmart,PA,11x10,2,2,128.0
2026-09-02,cubesmart,PA,11x11,1,1,154.0
2026-09-02,cubesmart,PA,11x20,1,1,150.0
2026-09-02,cubesmart,PA,11x6,1,1,89.0
2026-09-02,cubesmart,PA,12x10,2,2,114.0
2026-09-02,cubesmart,PA,12x12,3,3,123.0
2026-09-02,cubesmart,PA,12x15,1,1,122.0
2026-09-02,cubesmart,PA,12x18,1,1,136.0
2026-09-02,cubesmart,PA,12x30,2,2,231.0
2026-09-02,cubesmart,PA,12x5,1,1,93.0
2026-09-02,cubesmart,PA,12x7,1,1,94.0
2026-09-02,cubesmart,PA,12x8,1,1,104.0
2026-09-02,cubesmart,PA,13x10,2,2,111.0
2026-09-02,cubesmart,PA,13x11,2,2,119.0
2026-09-02,cubesmart,PA,13x13,1,1,141.0
2026-09-02,cubesmart,PA,13x33,1,1,250.0
2026-09-02,cubesmart,PA,13x7,1,1,101.0
2026-09-02,cubesmart,PA,13x8,1,1,106.0
2026-09-02,cubesmart,PA,14x10,1,1,93.0
2026-09-02,cubesmart,PA,14x40,1,1,293.0
2026-09-02,cubesmart,PA,14x5,1,1,81.0
2026-09-02,cubesmart,PA,15x10,2,2,112.5
2026-09-02,cubesmart,PA,15x12,1,1,133.0
2026-09-02,cubesmart,PA,15x5,2,2,102.0
2026-09-02,cubesmart,PA,15x9,1,1,104.0
2026-09-02,cubesmart,PA,18x3,1,1,71.0
2026-09-02,cubesmart,PA,18x5,1,1,68.0
2026-09-02,cubesmart,PA,20x10,8,8,159.0
2026-09-02,cubesmart,PA,20x14,1,1,178.0
2026-09-02,cubesmart,PA,20x15,6,6,234.0
2026-09-02,cubesmart,PA,20x18,1,1,234.0
2026-09-02,cubesmart,PA,20x19,1,1,210.0
2026-09-02,cubesmart,PA,20x20,2,2,293.5
2026-09-02,cubesmart,PA,20x25,1,1,298.0
2026-09-02,cubesmart,PA,20x27,1,1,320.0
2026-09-02,cubesmart,PA,20x30,2,2,381.5
2026-09-02,cubesmart,PA,20x7.5,1,1,171.0
2026-09-02,cubesmart,PA,20x9,3,3,133.0
2026-09-02,cubesmart,PA,24x15,1,1,302.0
2026-09-02,cubesmart,PA,25x10.6,1,1,264.0
2026-09-02,cubesmart,PA,30x40,1,1,771.0
2026-09-02,cubesmart,PA,4x10,1,1,37.0
2026-09-02,cubesmart,PA,4x3,2,2,20.5
2026-09-02,cubesmart,PA,4x4,4,4,20.0
2026-09-02,cubesmart,PA,4x5,8,8,17.0
2026-09-02,cubesmart,PA,5x10,63,63,51.0
2026-09-02,cubesmart,PA,5x11,1,1,77.0
2026-09-02,cubesmart,PA,5x12,1,1,74.0
2026-09-02,cubesmart,PA,5x15,25,25,76.0
2026-09-02,cubesmart,PA,5x20,1,1,103.0
2026-09-02,cubesmart,PA,5x4,1,1,31.0
2026-09-02,cubesmart,PA,5x5,71,71,31.0
2026-09-02,cubesmart,PA,5x7,4,4,48.5
2026-09-02,cubesmart,PA,5x7.5,5,5,41.0
2026-09-02,cubesmart,PA,5x8,4,4,45.0
2026-09-02,cubesmart,PA,5x9,2,2,64.0
2026-09-02,cubesmart,PA,6x10,1,1,61.0
2026-09-02,cubesmart,PA,6x12,2,2,80.0
2026-09-02,cubesmart,PA,6x14,1,1,91.0
2026-09-02,cubesmart,PA,6x15,1,1,110.0
2026-09-02,cubesmart,PA,6x8,1,1,70.0
2026-09-02,cubesmart,PA,6x9,1,1,86.0
2026-09-02,cubesmart,PA,7.5x10,4,4,70.0
2026-09-02,cubesmart,PA,7.5x10.5,1,1,120.0
2026-09-02,cubesmart,PA,7x10,4,4,49.5
2026-09-02,cubesmart,PA,7x15,1,1,131.0
2026-09-02,cubesmart,PA,7x25,1,1,173.0
2026-09-02,cubesmart,PA,7x5,1,1,31.0
2026-09-02,cubesmart,PA,7x7.5,1,1,133.0
2026-09-02,cubesmart,PA,8x10,1,1,104.0
2026-09-02,cubesmart,PA,8x13,2,2,103.5
2026-09-02,cubesmart,PA,8x18,1,1,156.0
2026-09-02,cubesmart,PA,8x20,1,1,119.0
2026-09-02,cubesmart,PA,8x3,1,1,23.0
2026-09-02,cubesmart,PA,8x5,1,1,64.0
2026-09-02,cubesmart,PA,8x7,2,2,92.0
2026-09-02,cubesmart,PA,9x10,2,2,83.0
2026-09-02,cubesmart,PA,9x13,1,1,80.0
2026-09-02,cubesmart,PA,9x14,1,1,90.0
2026-09-02,cubesmart,PA,9x15,1,1,124.0
2026-09-02,cubesmart,PA,9x18,2,2,171.5
2026-09-02,cubesmart,PA,9x5,1,1,59.0
2026-09-02,cubesmart,PA,9x9,1,1,67.0
2026-09-02,cubesmart,PA,Other,13,13,48.0
2026-09-02,cubesmart,RI,10x10,17,17,118.0
2026-09-02,cubesmart,RI,10x11,1,1,227.0
2026-09-02,cubesmart,RI,10x12,1,1,229.0
2026-09-02,cubesmart,RI,10x15,11,11,134.0
2026-09-02,cubesmart,RI,10x20,17,17,183.0
2026-09-02,cubesmart,RI,10x21,1,1,249.0
2026-09-02,cubesmart,RI,10x25,8,8,193.0
2026-09-02,cubesmart,RI,10x30,8,8,212.5
2026-09-02,cubesmart,RI,10x35,1,1,411.0
2026-09-02,cubesmart,RI,10x40,1,1,239.0
2026-09-02,cubesmart,RI,10x5,2,2,89.0
2026-09-02,cubesmart,RI,10x7,1,1,150.0
2026-09-02,cubesmart,RI,10x7.5,1,1,80.0
2026-09-02,cubesmart,RI,10x9,1,1,89.0
2026-09-02,cubesmart,RI,15x20,1,1,197.0
2026-09-02,cubesmart,RI,20x10,1,1,255.0
2026-09-02,cubesmart,RI,20x15,2,2,246.0
2026-09-02,cubesmart,RI,20x20,2,2,279.5
2026-09-02,cubesmart,RI,4x5,1,1,64.0
2026-09-02,cubesmart,RI,5x10,15,15,71.0
2026-09-02,cubesmart,RI,5x15,10,10,80.5
2026-09-02,cubesmart,RI,5x20,3,3,99.0
2026-09-02,cubesmart,RI,5x5,13,13,53.0
2026-09-02,cubesmart,RI,5x6,1,1,65.0
2026-09-02,cubesmart,RI,5x9,2,2,84.5
2026-09-02,cubesmart,RI,6x6,1,1,75.0
2026-09-02,cubesmart,RI,8x20,1,1,121.0
2026-09-02,cubesmart,RI,Other,13,13,103.0
2026-09-02,cubesmart,SC,1.5x2.5,2,2,37.5
2026-09-02,cubesmart,SC,10x10,25,25,68.0
2026-09-02,cubesmart,SC,10x12,1,1,58.0
2026-09-02,cubesmart,SC,10x12.5,1,1,137.0
2026-09-02,cubesmart,SC,10x14,1,1,70.0
2026-09-02,cubesmart,SC,10x15,23,23,133.0
2026-09-02,cubesmart,SC,10x18,1,1,86.0
2026-09-02,cubesmart,SC,10x20,20,20,179.0
2026-09-02,cubesmart,SC,10x25,9,9,320.0
2026-09-02,cubesmart,SC,10x29,1,1,216.0
2026-09-02,cubesmart,SC,10x30,7,7,209.0
2026-09-02,cubesmart,SC,10x4,1,1,77.0
2026-09-02,cubesmart,SC,10x5,12,12,37.0
2026-09-02,cubesmart,SC,10x7.5,1,1,36.0
2026-09-02,cubesmart,SC,10x8,1,1,71.0
2026-09-02,cubesmart,SC,10x9,1,1,67.0
2026-09-02,cubesmart,SC,12x10,1,1,58.0
2026-09-02,cubesmart,SC,12x20,1,1,194.0
2026-09-02,cubesmart,SC,12x30,2,2,382.0
2026-09-02,cubesmart,SC,12x6,1,1,20.0
2026-09-02,cubesmart,SC,15x10,3,3,58.0
2026-09-02,cubesmart,SC,15x20,1,1,301.0
2026-09-02,cubesmart,SC,15x30,1,1,267.0
2026-09-02,cubesmart,SC,15x5,3,3,38.0
2026-09-02,cubesmart,SC,2.5x2,2,2,29.5
2026-09-02,cubesmart,SC,2.5x3,1,1,46.0
2026-09-02,cubesmart,SC,20x10,8,8,152.5
2026-09-02,cubesmart,SC,20x12,1,1,33.0
2026-09-02,cubesmart,SC,20x15,2,2,292.0
2026-09-02,cubesmart,SC,20x20,2,2,324.0
2026-09-02,cubesmart,SC,20x30,1,1,340.0
2026-09-02,cubesmart,SC,25x10,1,1,267.0
2026-09-02,cubesmart,SC,2x3,1,1,25.0
2026-09-02,cubesmart,SC,3.5x3,1,1,54.0
2026-09-02,cubesmart,SC,30x12,1,1,33.0
2026-09-02,cubesmart,SC,3x2,1,1,42.0
2026-09-02,cubesmart,SC,3x3,1,1,50.0
2026-09-02,cubesmart,SC,40x12,1,1,37.0
2026-09-02,cubesmart,SC,4x5,1,1,48.0
2026-09-02,cubesmart,SC,5x10,18,18,34.5
2026-09-02,cubesmart,SC,5x12,1,1,25.0
2026-09-02,cubesmart,SC,5x15,3,3,46.0
2026-09-02,cubesmart,SC,5x20,2,2,43.5
2026-09-02,cubesmart,SC,5x5,15,15,24.0
2026-09-02,cubesmart,SC,5x6,1,1,14.0
2026-09-02,cubesmart,SC,5x7,3,3,28.0
2026-09-02,cubesmart,SC,5x8,3,3,28.0
2026-09-02,cubesmart,SC,6x10,2,2,27.0
2026-09-02,cubesmart,SC,6x12,1,1,21.0
2026-09-02,cubesmart,SC,6x6,2,2,50.5
2026-09-02,cubesmart,SC,7.5x10,2,2,68.5
2026-09-02,cubesmart,SC,8x10,2,2,73.0
2026-09-02,cubesmart,SC,9x10,1,1,67.0
2026-09-02,cubesmart,SC,Other,9,9,75.0
2026-09-02,cubesmart,TN,10x10,41,41,98.0
2026-09-02,cubesmart,TN,10x12,3,3,122.0
2026-09-02,cubesmart,TN,10x12.5,2,2,131.0
2026-09-02,cubesmart,TN,10x15,36,36,136.0
2026-09-02,cubesmart,TN,10x17,2,2,208.0
2026-09-02,cubesmart,TN,10x18,2,2,254.5
2026-09-02,cubesmart,TN,10x20,30,30,166.0
2026-09-02,cubesmart,TN,10x24,2,2,291.0
2026-09-02,cubesmart,TN,10x25,14,14,185.5
2026-09-02,cubesmart,TN,10x27,1,1,271.0
2026-09-02,cubesmart,TN,10x30,15,15,202.0
2026-09-02,cubesmart,TN,10x35,2,2,252.0
2026-09-02,cubesmart,TN,10x4,1,1,83.0
2026-09-02,cubesmart,TN,10x40,3,3,279.0
2026-09-02,cubesmart,TN,10x5,9,9,79.0
2026-09-02,cubesmart,TN,10x50,1,1,190.0
2026-09-02,cubesmart,TN,10x7,4,4,89.5
2026-09-02,cubesmart,TN,12x10,1,1,91.0
2026-09-02,cubesmart,TN,12x14,1,1,84.0
2026-09-02,cubesmart,TN,12x20,2,2,181.0
2026-09-02,cubesmart,TN,12x25,3,3,238.0
2026-09-02,cubesmart,TN,12x30,5,5,245.0
2026-09-02,cubesmart,TN,12x4,1,1,52.0
2026-09-02,cubesmart,TN,12x60,1,1,160.0
2026-09-02,cubesmart,TN,13x20,2,2,151.0
2026-09-02,cubesmart,TN,14x2,1,1,9.0
2026-09-02,cubesmart,TN,14x5,1,1,25.0
2026-09-02,cubesmart,TN,15x10,6,6,134.5
2026-09-02,cubesmart,TN,15x15,3,3,203.0
2026-09-02,cubesmart,TN,15x20,4,4,287.5
2026-09-02,cubesmart,TN,15x25,1,1,215.0
2026-09-02,cubesmart,TN,15x30,1,1,310.0
2026-09-02,cubesmart,TN,16x20,2,2,233.0
2026-09-02,cubesmart,TN,20x10,10,10,168.0
2026-09-02,cubesmart,TN,20x12,1,1,427.0
2026-09-02,cubesmart,TN,20x15,9,9,275.0
2026-09-02,cubesmart,TN,20x20,8,8,280.0
2026-09-02,cubesmart,TN,20x25,3,3,335.0
2026-09-02,cubesmart,TN,20x30,4,4,326.5
2026-09-02,cubesmart,TN,20x45,1,1,573.0
2026-09-02,cubesmart,TN,20x95,1,1,1336.0
2026-09-02,cubesmart,TN,2x2.5,1,1,56.0
2026-09-02,cubesmart,TN,2x3,1,1,56.0
2026-09-02,cubesmart,TN,30x10,1,1,166.0
2026-09-02,cubesmart,TN,3x3,2,2,11.5
2026-09-02,cubesmart,TN,3x4,1,1,51.0
2026-09-02,cubesmart,TN,3x6,1,1,6.0
2026-09-02,cubesmart,TN,3x8,1,1,86.0
2026-09-02,cubesmart,TN,4x6,2,2,8.0
2026-09-02,cubesmart,TN,4x8,2,2,61.0
2026-09-02,cubesmart,TN,4x9,1,1,11.0
2026-09-02,cubesmart,TN,5x10,38,38,72.0
2026-09-02,cubesmart,TN,5x12,1,1,42.0
2026-09-02,cubesmart,TN,5x15,11,11,97.0
2026-09-02,cubesmart,TN,5x5,31,31,47.0
2026-09-02,cubesmart,TN,5x7,3,3,52.0
2026-09-02,cubesmart,TN,5x7.5,2,2,73.0
2026-09-02,cubesmart,TN,5x8,4,4,51.5
2026-09-02,cubesmart,TN,6x14,1,1,33.0
2026-09-02,cubesmart,TN,6x15,1,1,183.0
2026-09-02,cubesmart,TN,6x3,1,1,6.0
2026-09-02,cubesmart,TN,6x6,2,2,12.5
2026-09-02,cubesmart,TN,6x8,1,1,19.0
2026-09-02,cubesmart,TN,6x9,1,1,24.0
2026-09-02,cubesmart,TN,7.5x10,1,1,127.0
2026-09-02,cubesmart,TN,7x10,3,3,93.0
2026-09-02,cubesmart,TN,7x12.5,1,1,55.0
2026-09-02,cubesmart,TN,7x20,1,1,77.0
2026-09-02,cubesmart,TN,7x5,1,1,107.0
2026-09-02,cubesmart,TN,8.5x10,1,1,114.0
2026-09-02,cubesmart,TN,8x10,2,2,87.5
2026-09-02,cubesmart,TN,8x12,1,1,60.0
2026-09-02,cubesmart,TN,8x14,1,1,68.0
2026-09-02,cubesmart,TN,8x15,4,4,154.5
2026-09-02,cubesmart,TN,8x20,7,7,155.0
2026-09-02,cubesmart,TN,8x25,4,4,182.0
2026-09-02,cubesmart,TN,8x30,1,1,105.0
2026-09-02,cubesmart,TN,8x5,2,2,59.0
2026-09-02,cubesmart,TN,8x8,1,1,156.0
2026-09-02,cubesmart,TN,9x14,1,1,76.0
2026-09-02,cubesmart,TN,Other,27,27,65.0
2026-09-02,cubesmart,TX,10x10,388,388,77.5
2026-09-02,cubesmart,TX,10x11,2,2,84.5
2026-09-02,cubesmart,TX,10x12,29,29,72.0
2026-09-02,cubesmart,TX,10x12.5,22,22,95.5
2026-09-02,cubesmart,TX,10x13,6,6,93.5
2026-09-02,cubesmart,TX,10x14,2,2,101.0
2026-09-02,cubesmart,TX,10x14.5,1,1,240.0
2026-09-02,cubesmart,TX,10x15,304,304,109.0
2026-09-02,cubesmart,TX,10x16,1,1,163.0
2026-09-02,cubesmart,TX,10x17,2,2,87.0
2026-09-02,cubesmart,TX,10x17.5,1,1,243.0
2026-09-02,cubesmart,TX,10x18,5,5,155.0
2026-09-02,cubesmart,TX,10x19,3,3,115.0
2026-09-02,cubesmart,TX,10x2.5,1,1,49.0
2026-09-02,cubesmart,TX,10x20,271,271,145.0
2026-09-02,cubesmart,TX,10x21,1,1,186.0
2026-09-02,cubesmart,TX,10x22,3,3,121.0
2026-09-02,cubesmart,TX,10x23,2,2,163.5
2026-09-02,cubesmart,TX,10x24,4,4,143.0
2026-09-02,cubesmart,TX,10x25,124,124,172.5
2026-09-02,cubesmart,TX,10x26,3,3,130.0
2026-09-02,cubesmart,TX,10x27,3,3,65.0
2026-09-02,cubesmart,TX,10x28,1,1,155.0
2026-09-02,cubesmart,TX,10x3,3,3,44.0
2026-09-02,cubesmart,TX,10x3.5,1,1,29.0
2026-09-02,cubesmart,TX,10x30,100,100,189.0
2026-09-02,cubesmart,TX,10x33,1,1,309.0
2026-09-02,cubesmart,TX,10x35,8,8,159.5
2026-09-02,cubesmart,TX,10x36,1,1,127.0
2026-09-02,cubesmart,TX,10x4,2,2,55.0
2026-09-02,cubesmart,TX,10x40,3,3,197.0
2026-09-02,cubesmart,TX,10x46,1,1,88.0
2026-09-02,cubesmart,TX,10x5,136,136,44.0
2026-09-02,cubesmart,TX,10x6,1,1,46.0
2026-09-02,cubesmart,TX,10x7,8,8,44.5
2026-09-02,cubesmart,TX,10x7.5,29,29,58.0
2026-09-02,cubesmart,TX,10x8,6,6,48.0
2026-09-02,cubesmart,TX,11.5x20,1,1,83.0
2026-09-02,cubesmart,TX,11.5x25,1,1,85.0
2026-09-02,cubesmart,TX,11.5x30,1,1,88.0
2026-09-02,cubesmart,TX,11x22,1,1,88.0
2026-09-02,cubesmart,TX,11x26,1,1,95.0
2026-09-02,cubesmart,TX,11x28,1,1,171.0
2026-09-02,cubesmart,TX,11x30,2,2,145.0
2026-09-02,cubesmart,TX,11x35,1,1,174.0
2026-09-02,cubesmart,TX,12.5x10,6,6,121.0
2026-09-02,cubesmart,TX,12.5x20,2,2,104.5
2026-09-02,cubesmart,TX,12.5x29,1,1,193.0
2026-09-02,cubesmart,TX,12.5x30,1,1,182.0
2026-09-02,cubesmart,TX,12.5x37,1,1,228.0
2026-09-02,cubesmart,TX,12.5x40,1,1,191.0
2026-09-02,cubesmart,TX,12x10,1,1,93.0
2026-09-02,cubesmart,TX,12x12,5,5,57.0
2026-09-02,cubesmart,TX,12x15,4,4,134.0
2026-09-02,cubesmart,TX,12x16,1,1,116.0
2026-09-02,cubesmart,TX,12x17.5,1,1,173.0
2026-09-02,cubesmart,TX,12x20,5,5,132.0
2026-09-02,cubesmart,TX,12x23,1,1,181.0
2026-09-02,cubesmart,TX,12x24,2,2,157.5
2026-09-02,cubesmart,TX,12x25,14,14,150.5
2026-09-02,cubesmart,TX,12x27,1,1,105.0
2026-09-02,cubesmart,TX,12x28,1,1,101.0
2026-09-02,cubesmart,TX,12x29,1,1,100.0
2026-09-02,cubesmart,TX,12x30,20,20,145.5
2026-09-02,cubesmart,TX,12x32,2,2,209.0
2026-09-02,cubesmart,TX,12x35,5,5,249.0
2026-09-02,cubesmart,TX,12x36,3,3,134.0
2026-09-02,cubesmart,TX,12x40,11,11,142.0
2026-09-02,cubesmart,TX,12x50,1,1,125.0
2026-09-02,cubesmart,TX,12x6,1,1,47.0
2026-09-02,cubesmart,TX,12x8,1,1,59.0
2026-09-02,cubesmart,TX,13x10,1,1,123.0
2026-09-02,cubesmart,TX,13x18,1,1,75.0
2026-09-02,cubesmart,TX,13x29,1,1,200.0
2026-09-02,cubesmart,TX,13x30,1,1,131.0
2026-09-02,cubesmart,TX,13x32,1,1,122.0
2026-09-02,cubesmart,TX,13x35,6,6,308.0
2026-09-02,cubesmart,TX,13x36,1,1,157.0
2026-09-02,cubesmart,TX,13x36.5,1,1,527.0
2026-09-02,cubesmart,TX,13x40,1,1,402.0
2026-09-02,cubesmart,TX,13x45,3,3,310.0
2026-09-02,cubesmart,TX,13x50,2,2,433.0
2026-09-02,cubesmart,TX,13x7.5,1,1,71.0
2026-09-02,cubesmart,TX,14x14,1,1,116.0
2026-09-02,cubesmart,TX,14x16,1,1,155.0
2026-09-02,cubesmart,TX,14x25,2,2,199.0
2026-09-02,cubesmart,TX,14x30,4,4,169.0
2026-09-02,cubesmart,TX,14x40,2,2,156.0
2026-09-02,cubesmart,TX,14x50,2,2,142.5
2026-09-02,cubesmart,TX,15x0,1,1,110.0
2026-09-02,cubesmart,TX,15x10,19,19,116.0
2026-09-02,cubesmart,TX,15x15,13,13,153.0
2026-09-02,cubesmart,TX,15x18,2,2,222.5
2026-09-02,cubesmart,TX,15x20,8,8,199.5
2026-09-02,cubesmart,TX,15x25,3,3,238.0
2026-09-02,cubesmart,TX,15x30,2,2,302.5
2026-09-02,cubesmart,TX,15x35,1,1,279.0
2026-09-02,cubesmart,TX,15x5,4,4,70.0
2026-09-02,cubesmart,TX,15x7,2,2,66.0
2026-09-02,cubesmart,TX,15x8,2,2,94.0
2026-09-02,cubesmart,TX,16x12,2,2,130.0
2026-09-02,cubesmart,TX,16x34,1,1,170.0
2026-09-02,cubesmart,TX,18x12,1,1,91.0
2026-09-02,cubesmart,TX,18x18,1,1,188.0
2026-09-02,cubesmart,TX,18x20,1,1,227.0
2026-09-02,cubesmart,TX,18x6,1,1,67.0
2026-09-02,cubesmart,TX,2.25x4.5,1,1,69.0
2026-09-02,cubesmart,TX,2.3x3.5,1,1,36.0
2026-09-02,cubesmart,TX,2.5x2,2,2,16.5
2026-09-02,cubesmart,TX,2.5x3,3,3,22.0
2026-09-02,cubesmart,TX,2.5x4,1,1,32.0
2026-09-02,cubesmart,TX,20x10,53,53,162.0
2026-09-02,cubesmart,TX,20x12,2,2,187.0
2026-09-02,cubesmart,TX,20x12.5,1,1,175.0
2026-09-02,cubesmart,TX,20x14,1,1,141.0
2026-09-02,cubesmart,TX,20x15,26,26,200.5
2026-09-02,cubesmart,TX,20x20,27,27,218.0
2026-09-02,cubesmart,TX,20x25,9,9,206.0
2026-09-02,cubesmart,TX,20x27,2,2,141.0
2026-09-02,cubesmart,TX,20x30,8,8,258.0
2026-09-02,cubesmart,TX,20x5,4,4,70.5
2026-09-02,cubesmart,TX,20x7,2,2,74.0
2026-09-02,cubesmart,TX,20x8,1,1,112.0
2026-09-02,cubesmart,TX,21x10,1,1,165.0
2026-09-02,cubesmart,TX,24x20,1,1,132.0
2026-09-02,cubesmart,TX,24x50,1,1,508.0
2026-09-02,cubesmart,TX,25x10,5,5,237.0
2026-09-02,cubesmart,TX,25x15,1,1,283.0
2026-09-02,cubesmart,TX,2x12,1,1,26.0
2026-09-02,cubesmart,TX,2x18,1,1,34.0
2026-09-02,cubesmart,TX,2x2,1,1,16.0
2026-09-02,cubesmart,TX,2x2.5,2,2,16.5
2026-09-02,cubesmart,TX,2x3,4,4,17.5
2026-09-02,cubesmart,TX,2x4,3,3,18.0
2026-09-02,cubesmart,TX,2x4.5,1,1,17.0
2026-09-02,cubesmart,TX,2x5,1,1,20.0
2026-09-02,cubesmart,TX,2x6,3,3,20.0
2026-09-02,cubesmart,TX,3.5x9,1,1,105.0
2026-09-02,cubesmart,TX,3.75x3,1,1,69.0
2026-09-02,cubesmart,TX,30x10,8,8,218.5
2026-09-02,cubesmart,TX,30x18,1,1,506.0
2026-09-02,cubesmart,TX,30x40,1,1,704.0
2026-09-02,cubesmart,TX,3x1.5,1,1,22.0
2026-09-02,cubesmart,TX,3x10,1,1,58.0
2026-09-02,cubesmart,TX,3x2,4,4,14.5
2026-09-02,cubesmart,TX,3x3,4,4,15.5
2026-09-02,cubesmart,TX,3x4,2,2,20.0
2026-09-02,cubesmart,TX,3x4.5,2,2,25.5
2026-09-02,cubesmart,TX,3x5,3,3,15.0
2026-09-02,cubesmart,TX,48x59,1,1,2317.0
2026-09-02,cubesmart,TX,4x10,1,1,87.0
2026-09-02,cubesmart,TX,4x12,2,2,14.5
2026-09-02,cubesmart,TX,4x2,2,2,33.0
2026-09-02,cubesmart,TX,4x3,3,3,19.0
2026-09-02,cubesmart,TX,4x4,1,1,26.0
2026-09-02,cubesmart,TX,4x4.5,1,1,63.0
2026-09-02,cubesmart,TX,4x5,4,4,15.0
2026-09-02,cubesmart,TX,4x6,1,1,22.0
2026-09-02,cubesmart,TX,50x10,1,1,263.0
2026-09-02,cubesmart,TX,5x10,309,309,43.0
2026-09-02,cubesmart,TX,5x11,1,1,75.0
2026-09-02,cubesmart,TX,5x12,5,5,70.0
2026-09-02,cubesmart,TX,5x12.5,1,1,52.0
2026-09-02,cubesmart,TX,5x13,1,1,37.0
2026-09-02,cubesmart,TX,5x14,1,1,37.0
2026-09-02,cubesmart,TX,5x15,78,78,56.0
2026-09-02,cubesmart,TX,5x16,1,1,96.0
2026-09-02,cubesmart,TX,5x20,7,7,80.0
2026-09-02,cubesmart,TX,5x3,4,4,29.0
2026-09-02,cubesmart,TX,5x4,4,4,20.5
2026-09-02,cubesmart,TX,5x5,286,286,29.0
2026-09-02,cubesmart,TX,5x6,2,2,29.5
2026-09-02,cubesmart,TX,5x7,19,19,32.0
2026-09-02,cubesmart,TX,5x7.5,21,21,37.0
2026-09-02,cubesmart,TX,5x8,11,11,45.0
2026-09-02,cubesmart,TX,5x9,4,4,40.5
2026-09-02,cubesmart,TX,6.5x20,1,1,57.0
2026-09-02,cubesmart,TX,6x10,6,6,34.0
2026-09-02,cubesmart,TX,6x12,12,12,27.5
2026-09-02,cubesmart,TX,6x5,1,1,23.0
2026-09-02,cubesmart,TX,6x6,2,2,33.0
2026-09-02,cubesmart,TX,6x7,1,1,14.0
2026-09-02,cubesmart,TX,6x8,4,4,36.0
2026-09-02,cubesmart,TX,6x9,1,1,86.0
2026-09-02,cubesmart,TX,7.5x10,49,49,63.0
2026-09-02,cubesmart,TX,7.5x15,8,8,73.0
2026-09-02,cubesmart,TX,7.5x20,4,4,83.5
2026-09-02,cubesmart,TX,7.5x5,8,8,33.5
2026-09-02,cubesmart,TX,7x10,13,13,53.0
2026-09-02,cubesmart,TX,7x15,5,5,80.0
2026-09-02,cubesmart,TX,7x20,2,2,88.5
2026-09-02,cubesmart,TX,7x25,2,2,98.5
2026-09-02,cubesmart,TX,7x3,2,2,58.0
2026-09-02,cubesmart,TX,7x4.5,1,1,97.0
2026-09-02,cubesmart,TX,7x5,3,3,33.0
2026-09-02,cubesmart,TX,7x7,2,2,43.0
2026-09-02,cubesmart,TX,7x7.5,1,1,24.0
2026-09-02,cubesmart,TX,7x8,1,1,26.0
2026-09-02,cubesmart,TX,8x10,23,23,50.0
2026-09-02,cubesmart,TX,8x11,1,1,46.0
2026-09-02,cubesmart,TX,8x12,8,8,38.5
2026-09-02,cubesmart,TX,8x12.5,1,1,38.0
2026-09-02,cubesmart,TX,8x13,1,1,46.0
2026-09-02,cubesmart,TX,8x14,1,1,96.0
2026-09-02,cubesmart,TX,8x15,4,4,95.5
2026-09-02,cubesmart,TX,8x16,2,2,56.0
2026-09-02,cubesmart,TX,8x19,1,1,92.0
2026-09-02,cubesmart,TX,8x20,8,8,106.0
2026-09-02,cubesmart,TX,8x25,1,1,266.0
2026-09-02,cubesmart,TX,8x30,2,2,131.5
2026-09-02,cubesmart,TX,8x5,1,1,38.0
2026-09-02,cubesmart,TX,8x8,1,1,25.0
2026-09-02,cubesmart,TX,9x10,7,7,69.0
2026-09-02,cubesmart,TX,9x12,1,1,80.0
2026-09-02,cubesmart,TX,9x15,4,4,94.0
2026-09-02,cubesmart,TX,9x18,2,2,116.5
2026-09-02,cubesmart,TX,9x20,7,7,101.0
2026-09-02,cubesmart,TX,9x25,1,1,117.0
2026-09-02,cubesmart,TX,9x26,1,1,135.0
2026-09-02,cubesmart,TX,9x27,1,1,74.0
2026-09-02,cubesmart,TX,9x30,2,2,151.0
2026-09-02,cubesmart,TX,9x53,1,1,216.0
2026-09-02,cubesmart,TX,9x9,2,2,88.5
2026-09-02,cubesmart,TX,Other,179,179,67.0
2026-09-02,cubesmart,UT,10x5,1,1,62.0
2026-09-02,cubesmart,UT,14x10,1,1,128.0
2026-09-02,cubesmart,UT,14x5,1,1,122.0
2026-09-02,cubesmart,UT,16x8,1,1,141.0
2026-09-02,cubesmart,UT,4x7,1,1,40.0
2026-09-02,cubesmart,UT,5x10,2,2,60.0
2026-09-02,cubesmart,UT,5x5,2,2,37.5
2026-09-02,cubesmart,UT,5x8,3,3,52.0
2026-09-02,cubesmart,UT,6x5,2,2,42.5
2026-09-02,cubesmart,UT,7x10,3,3,78.0
2026-09-02,cubesmart,UT,7x5,2,2,47.0
2026-09-02,cubesmart,UT,7x7,2,2,60.0
2026-09-02,cubesmart,UT,7x8,1,1,56.0
2026-09-02,cubesmart,UT,8x10,1,1,68.0
2026-09-02,cubesmart,UT,8x5,2,2,52.5
2026-09-02,cubesmart,UT,8x7,1,1,56.0
2026-09-02,cubesmart,UT,8x8,2,2,75.0
2026-09-02,cubesmart,UT,Other,2,2,58.0
2026-09-02,cubesmart,VA,1.1x7.3,1,1,79.0
2026-09-02,cubesmart,VA,10x10,53,53,139.0
2026-09-02,cubesmart,VA,10x11,1,1,193.0
2026-09-02,cubesmart,VA,10x12,1,1,65.0
2026-09-02,cubesmart,VA,10x12.5,1,1,206.0
2026-09-02,cubesmart,VA,10x13,2,2,157.0
2026-09-02,cubesmart,VA,10x14,3,3,227.0
2026-09-02,cubesmart,VA,10x15,55,55,153.0
2026-09-02,cubesmart,VA,10x16,1,1,252.0
2026-09-02,cubesmart,VA,10x17,1,1,105.0
2026-09-02,cubesmart,VA,10x19,2,2,392.5
2026-09-02,cubesmart,VA,10x20,47,47,216.0
2026-09-02,cubesmart,VA,10x21,1,1,387.0
2026-09-02,cubesmart,VA,10x25,16,16,264.0
2026-09-02,cubesmart,VA,10x30,25,25,264.0
2026-09-02,cubesmart,VA,10x35,1,1,586.0
2026-09-02,cubesmart,VA,10x40,2,2,600.5
2026-09-02,cubesmart,VA,10x5,18,18,64.5
2026-09-02,cubesmart,VA,10x7,1,1,185.0
2026-09-02,cubesmart,VA,10x7.5,6,6,80.0
2026-09-02,cubesmart,VA,10x8,2,2,138.5
2026-09-02,cubesmart,VA,10x9,1,1,209.0
2026-09-02,cubesmart,VA,11x3,1,1,13.0
2026-09-02,cubesmart,VA,12x3,1,1,13.0
2026-09-02,cubesmart,VA,13x10,1,1,213.0
2026-09-02,cubesmart,VA,14x10,1,1,233.0
2026-09-02,cubesmart,VA,15x10,2,2,146.5
2026-09-02,cubesmart,VA,15x12.5,1,1,484.0
2026-09-02,cubesmart,VA,15x15,1,1,209.0
2026-09-02,cubesmart,VA,15x20,1,1,453.0
2026-09-02,cubesmart,VA,15x30,1,1,365.0
2026-09-02,cubesmart,VA,16x6,1,1,58.0
2026-09-02,cubesmart,VA,16x7,1,1,65.0
2026-09-02,cubesmart,VA,2.3x2.4,1,1,46.0
2026-09-02,cubesmart,VA,2.3x4.4,1,1,59.0
2026-09-02,cubesmart,VA,2.5x7.3,1,1,100.0
2026-09-02,cubesmart,VA,2.6x4.4,1,1,59.0
2026-09-02,cubesmart,VA,20x10,9,9,269.0
2026-09-02,cubesmart,VA,20x15,11,11,232.0
2026-09-02,cubesmart,VA,20x20,5,5,373.0
2026-09-02,cubesmart,VA,20x25,1,1,254.0
2026-09-02,cubesmart,VA,20x5,1,1,160.0
2026-09-02,cubesmart,VA,20x8,1,1,202.0
2026-09-02,cubesmart,VA,30x10,1,1,107.0
2026-09-02,cubesmart,VA,3x4,1,1,36.0
2026-09-02,cubesmart,VA,3x6,1,1,56.0
2026-09-02,cubesmart,VA,40x10,2,2,324.0
2026-09-02,cubesmart,VA,4x10,2,2,69.5
2026-09-02,cubesmart,VA,4x5,1,1,61.0
2026-09-02,cubesmart,VA,4x6,1,1,8.0
2026-09-02,cubesmart,VA,5x10,55,55,70.0
2026-09-02,cubesmart,VA,5x15,20,20,88.0
2026-09-02,cubesmart,VA,5x20,1,1,155.0
2026-09-02,cubesmart,VA,5x4,1,1,28.0
2026-09-02,cubesmart,VA,5x5,62,62,51.0
2026-09-02,cubesmart,VA,5x7,2,2,110.5
2026-09-02,cubesmart,VA,5x7.5,4,4,77.5
2026-09-02,cubesmart,VA,5x8,2,2,104.5
2026-09-02,cubesmart,VA,5x9,1,1,86.0
2026-09-02,cubesmart,VA,6x12,1,1,42.0
2026-09-02,cubesmart,VA,7.5x10,8,8,84.0
2026-09-02,cubesmart,VA,7.5x20,1,1,225.0
2026-09-02,cubesmart,VA,7.5x5,1,1,22.0
2026-09-02,cubesmart,VA,7x10,5,5,104.0
2026-09-02,cubesmart,VA,7x15,1,1,62.0
2026-09-02,cubesmart,VA,7x17,1,1,186.0
2026-09-02,cubesmart,VA,7x20,3,3,223.0
2026-09-02,cubesmart,VA,8x10,4,4,74.0
2026-09-02,cubesmart,VA,8x13,1,1,81.0
2026-09-02,cubesmart,VA,8x15,1,1,110.0
2026-09-02,cubesmart,VA,8x17,1,1,129.0
2026-09-02,cubesmart,VA,8x20,2,2,159.5
2026-09-02,cubesmart,VA,8x22,1,1,159.0
2026-09-02,cubesmart,VA,8x3,2,2,10.0
2026-09-02,cubesmart,VA,8x30,1,1,137.0
2026-09-02,cubesmart,VA,8x5,1,1,15.0
2026-09-02,cubesmart,VA,8x6,1,1,22.0
2026-09-02,cubesmart,VA,8x7,1,1,26.0
2026-09-02,cubesmart,VA,9x10,5,5,144.0
2026-09-02,cubesmart,VA,9x14,1,1,214.0
2026-09-02,cubesmart,VA,9x29,1,1,395.0
2026-09-02,cubesmart,VA,9x3,1,1,9.0
2026-09-02,cubesmart,VA,Other,38,38,108.0
2026-09-02,cubesmart,VT,10x10,4,4,114.5
2026-09-02,cubesmart,VT,10x15,2,2,97.0
2026-09-02,cubesmart,VT,10x20,3,3,164.0
2026-09-02,cubesmart,VT,10x30,2,2,172.0
2026-09-02,cubesmart,VT,20x30,1,1,232.0
2026-09-02,cubesmart,VT,5x10,4,4,88.0
2026-09-02,cubesmart,VT,5x5,3,3,34.0
2026-09-02,cubesmart,VT,Other,1,1,33.0
2026-09-02,cubesmart,WA,10x10,11,11,118.0
2026-09-02,cubesmart,WA,10x11,2,2,104.0
2026-09-02,cubesmart,WA,10x12.5,2,2,209.5
2026-09-02,cubesmart,WA,10x13,1,1,190.0
2026-09-02,cubesmart,WA,10x15,10,10,179.0
2026-09-02,cubesmart,WA,10x17.5,2,2,241.5
2026-09-02,cubesmart,WA,10x20,9,9,224.0
2026-09-02,cubesmart,WA,10x25,6,6,313.5
2026-09-02,cubesmart,WA,10x30,4,4,364.0
2026-09-02,cubesmart,WA,10x32,1,1,788.0
2026-09-02,cubesmart,WA,10x5,4,4,72.5
2026-09-02,cubesmart,WA,10x6,1,1,101.0
2026-09-02,cubesmart,WA,10x8,2,2,125.0
2026-09-02,cubesmart,WA,11x21,1,1,393.0
2026-09-02,cubesmart,WA,12.5x15,1,1,214.0
2026-09-02,cubesmart,WA,12.5x25,1,1,482.0
2026-09-02,cubesmart,WA,12.5x30,1,1,1097.0
2026-09-02,cubesmart,WA,12x30,1,1,1027.0
2026-09-02,cubesmart,WA,15x10,1,1,122.0
2026-09-02,cubesmart,WA,15x17.5,1,1,434.0
2026-09-02,cubesmart,WA,15x25,1,1,1097.0
2026-09-02,cubesmart,WA,15x28,1,1,1087.0
2026-09-02,cubesmart,WA,17x28,1,1,1193.0
2026-09-02,cubesmart,WA,20x10,4,4,207.5
2026-09-02,cubesmart,WA,20x15,1,1,308.0
2026-09-02,cubesmart,WA,20x20,2,2,427.5
2026-09-02,cubesmart,WA,25x15,1,1,384.0
2026-09-02,cubesmart,WA,2x10,2,2,71.5
2026-09-02,cubesmart,WA,3x10,1,1,59.0
2026-09-02,cubesmart,WA,3x3,1,1,19.0
2026-09-02,cubesmart,WA,3x4,3,3,46.0
2026-09-02,cubesmart,WA,3x5,2,2,55.5
2026-09-02,cubesmart,WA,4x2,1,1,19.0
2026-09-02,cubesmart,WA,4x4,2,2,36.0
2026-09-02,cubesmart,WA,5x10,7,7,80.0
2026-09-02,cubesmart,WA,5x12.5,1,1,125.0
2026-09-02,cubesmart,WA,5x5,8,8,51.5
2026-09-02,cubesmart,WA,5x6,3,3,81.0
2026-09-02,cubesmart,WA,5x7,1,1,63.0
2026-09-02,cubesmart,WA,5x7.5,1,1,110.0
2026-09-02,cubesmart,WA,5x8,1,1,101.0
2026-09-02,cubesmart,WA,5x9,1,1,85.0
2026-09-02,cubesmart,WA,6x12.5,1,1,111.0
2026-09-02,cubesmart,WA,6x9,1,1,102.0
2026-09-02,cubesmart,WA,7.5x10,2,2,94.0
2026-09-02,cubesmart,WA,7.5x15,2,2,146.5
2026-09-02,cubesmart,WA,7.5x9,1,1,74.0
2026-09-02,cubesmart,WA,7x10,1,1,81.0
2026-09-02,cubesmart,WA,8x20,1,1,204.0
2026-09-02,cubesmart,WA,9x15,1,1,203.0
2026-09-02,cubesmart,WA,Other,5,5,73.0
2026-09-02,cubesmart,WI,10x10,10,10,85.0
2026-09-02,cubesmart,WI,10x11,1,1,130.0
2026-09-02,cubesmart,WI,10x12,1,1,101.0
2026-09-02,cubesmart,WI,10x13,2,2,115.5
2026-09-02,cubesmart,WI,10x15,6,6,132.0
2026-09-02,cubesmart,WI,10x19,1,1,169.0
2026-09-02,cubesmart,WI,10x20,12,12,102.0
2026-09-02,cubesmart,WI,10x25,4,4,119.0
2026-09-02,cubesmart,WI,10x30,8,8,139.0
2026-09-02,cubesmart,WI,10x4,1,1,46.0
2026-09-02,cubesmart,WI,10x40,2,2,240.5
2026-09-02,cubesmart,WI,10x5,3,3,79.0
2026-09-02,cubesmart,WI,10x50,1,1,208.0
2026-09-02,cubesmart,WI,10x6,1,1,51.0
2026-09-02,cubesmart,WI,11.5x5,1,1,52.0
2026-09-02,cubesmart,WI,11x10,1,1,158.0
2026-09-02,cubesmart,WI,11x23,1,1,287.0
2026-09-02,cubesmart,WI,12x10,2,2,61.5
2026-09-02,cubesmart,WI,12x13,1,1,110.0
2026-09-02,cubesmart,WI,12x15,2,2,112.5
2026-09-02,cubesmart,WI,12x20,1,1,107.0
2026-09-02,cubesmart,WI,12x25,1,1,123.0
2026-09-02,cubesmart,WI,12x30,2,2,158.5
2026-09-02,cubesmart,WI,12x50,1,1,243.0
2026-09-02,cubesmart,WI,12x8,1,1,91.0
2026-09-02,cubesmart,WI,13x14,1,1,262.0
2026-09-02,cubesmart,WI,13x15,1,1,170.0
2026-09-02,cubesmart,WI,13x4,1,1,63.0
2026-09-02,cubesmart,WI,15x10,1,1,191.0
2026-09-02,cubesmart,WI,15x20,1,1,253.0
2026-09-02,cubesmart,WI,15x24,1,1,283.0
2026-09-02,cubesmart,WI,15x5,2,2,64.5
2026-09-02,cubesmart,WI,20.5x6,1,1,89.0
2026-09-02,cubesmart,WI,20x10,1,1,193.0
2026-09-02,cubesmart,WI,20x14,1,1,264.0
2026-09-02,cubesmart,WI,20x15,2,2,252.0
2026-09-02,cubesmart,WI,20x19,1,1,340.0
2026-09-02,cubesmart,WI,20x20,3,3,349.0
2026-09-02,cubesmart,WI,20x22,1,1,208.0
2026-09-02,cubesmart,WI,25x10,1,1,190.0
2026-09-02,cubesmart,WI,3.5x25,1,1,72.0
2026-09-02,cubesmart,WI,30x10,1,1,196.0
2026-09-02,cubesmart,WI,30x15,1,1,472.0
2026-09-02,cubesmart,WI,40x10,1,1,249.0
2026-09-02,cubesmart,WI,4x5,1,1,37.0
2026-09-02,cubesmart,WI,5x10,9,9,46.0
2026-09-02,cubesmart,WI,5x12,1,1,62.0
2026-09-02,cubesmart,WI,5x15,3,3,70.0
2026-09-02,cubesmart,WI,5x19,1,1,74.0
2026-09-02,cubesmart,WI,5x5,5,5,38.0
2026-09-02,cubesmart,WI,5x8,1,1,45.0
2026-09-02,cubesmart,WI,6x10,2,2,76.5
2026-09-02,cubesmart,WI,6x11,1,1,60.0
2026-09-02,cubesmart,WI,6x12,1,1,63.0
2026-09-02,cubesmart,WI,8x10,1,1,86.0
2026-09-02,cubesmart,WI,9x10,1,1,72.0
2026-09-02,cubesmart,WI,9x15,1,1,94.0
2026-09-02,cubesmart,WI,Other,4,4,56.0
2026-09-03,cubesmart,AL,10x10,26,26,93.0
2026-09-03,cubesmart,AL,10x12,3,3,64.0
2026-09-03,cubesmart,AL,10x13,1,1,100.0
2026-09-03,cubesmart,AL,10x14,1,1,116.0
2026-09-03,cubesmart,AL,10x15,14,14,120.0
2026-09-03,cubesmart,AL,10x17,1,1,119.0
2026-09-03,cubesmart,AL,10x20,17,17,163.0
2026-09-03,cubesmart,AL,10x22,1,1,167.0
2026-09-03,cubesmart,AL,10x25,6,6,262.0
2026-09-03,cubesmart,AL,10x30,7,7,212.0
2026-09-03,cubesmart,AL,10x5,9,9,37.0
2026-09-03,cubesmart,AL,10x6,1,1,43.0
2026-09-03,cubesmart,AL,10x7,2,2,25.5
2026-09-03,cubesmart,AL,10x8,4,4,28.0
2026-09-03,cubesmart,AL,10x9,1,1,22.0
2026-09-03,cubesmart,AL,12x26,1,1,50.0
2026-09-03,cubesmart,AL,12x8,1,1,22.0
2026-09-03,cubesmart,AL,13x10,1,1,100.0
2026-09-03,cubesmart,AL,13x8,1,1,25.0
2026-09-03,cubesmart,AL,15x10,2,2,38.0
2026-09-03,cubesmart,AL,15x15,1,1,109.0
2026-09-03,cubesmart,AL,15x8,1,1,43.0
2026-09-03,cubesmart,AL,16x12,1,1,101.0
2026-09-03,cubesmart,AL,18x10,2,2,169.0
2026-09-03,cubesmart,AL,20x10,5,5,81.0
2026-09-03,cubesmart,AL,20x15,3,3,326.0
2026-09-03,cubesmart,AL,20x20,5,5,181.0
2026-09-03,cubesmart,AL,20x25,2,2,415.0
2026-09-03,cubesmart,AL,20x7,1,1,31.0
2026-09-03,cubesmart,AL,20x9,1,1,41.0
2026-09-03,cubesmart,AL,25x12,1,1,297.0
2026-09-03,cubesmart,AL,30x45,1,1,747.0
2026-09-03,cubesmart,AL,40x35,1,1,1124.0
2026-09-03,cubesmart,AL,4x8,2,2,9.5
2026-09-03,cubesmart,AL,5x10,17,17,58.0
2026-09-03,cubesmart,AL,5x15,1,1,88.0
2026-09-03,cubesmart,AL,5x4,1,1,68.0
2026-09-03,cubesmart,AL,5x5,17,17,35.0
2026-09-03,cubesmart,AL,5x7,4,4,43.5
2026-09-03,cubesmart,AL,5x8,3,3,18.0
2026-09-03,cubesmart,AL,6x10,2,2,77.0
2026-09-03,cubesmart,AL,7.5x10,5,5,73.0
2026-09-03,cubesmart,AL,7x5,1,1,25.0
2026-09-03,cubesmart,AL,8x10,2,2,81.5
2026-09-03,cubesmart,AL,8x12,1,1,36.0
2026-09-03,cubesmart,AL,8x19,1,1,70.0
2026-09-03,cubesmart,AL,8x3,1,1,24.0
2026-09-03,cubesmart,AL,8x5,1,1,28.0
2026-09-03,cubesmart,AL,9x10,2,2,91.5
2026-09-03,cubesmart,AL,Other,7,7,38.0
2026-09-03,cubesmart,AR,10x10,18,18,53.0
2026-09-03,cubesmart,AR,10x12,1,1,53.0
2026-09-03,cubesmart,AR,10x15,8,8,58.0
2026-09-03,cubesmart,AR,10x20,13,13,77.0
2026-09-03,cubesmart,AR,10x25,2,2,83.5
2026-09-03,cubesmart,AR,10x30,1,1,144.0
2026-09-03,cubesmart,AR,10x35,2,2,338.5
2026-09-03,cubesmart,AR,10x40,3,3,176.0
2026-09-03,cubesmart,AR,10x5,4,4,44.0
2026-09-03,cubesmart,AR,10x9,1,1,49.0
2026-09-03,cubesmart,AR,11x36,1,1,47.0
2026-09-03,cubesmart,AR,11x40,1,1,52.0
2026-09-03,cubesmart,AR,12x25,1,1,114.0
2026-09-03,cubesmart,AR,12x40,2,2,119.5
2026-09-03,cubesmart,AR,12x45,2,2,114.5
2026-09-03,cubesmart,AR,14x50,1,1,58.0
2026-09-03,cubesmart,AR,15x20,2,2,108.5
2026-09-03,cubesmart,AR,16x10,1,1,52.0
2026-09-03,cubesmart,AR,20x10,1,1,317.0
2026-09-03,cubesmart,AR,20x15,1,1,105.0
2026-09-03,cubesmart,AR,20x20,6,6,129.5
2026-09-03,cubesmart,AR,5x10,11,11,40.0
2026-09-03,cubesmart,AR,5x15,2,2,33.0
2026-09-03,cubesmart,AR,5x5,6,6,27.5
2026-09-03,cubesmart,AR,5x7.5,2,2,60.0
2026-09-03,cubesmart,AR,6x10,1,1,44.0
2026-09-03,cubesmart,AR,7.5x10,1,1,81.0
2026-09-03,cubesmart,AR,8x10,2,2,42.0
2026-09-03,cubesmart,AR,8x15,1,1,43.0
2026-09-03,cubesmart,AR,8x20,1,1,51.0
2026-09-03,cubesmart,AR,8x30,1,1,69.0
2026-09-03,cubesmart,AR,9x10,1,1,49.0
2026-09-03,cubesmart,AR,9x5,1,1,41.0
2026-09-03,cubesmart,AR,Other,8,8,55.0
2026-09-03,cubesmart,AZ,10x10,92,92,79.0
2026-09-03,cubesmart,AZ,10x12,5,5,80.0
2026-09-03,cubesmart,AZ,10x13,1,1,69.0
2026-09-03,cubesmart,AZ,10x14,1,1,100.0
2026-09-03,cubesmart,AZ,10x15,66,66,112.5
2026-09-03,cubesmart,AZ,10x16,1,1,102.0
2026-09-03,cubesmart,AZ,10x17,1,1,85.0
2026-09-03,cubesmart,AZ,10x18,1,1,103.0
2026-09-03,cubesmart,AZ,10x19,1,1,167.0
2026-09-03,cubesmart,AZ,10x20,68,68,145.0
2026-09-03,cubesmart,AZ,10x21,1,1,114.0
2026-09-03,cubesmart,AZ,10x22,3,3,133.0
2026-09-03,cubesmart,AZ,10x23,1,1,135.0
2026-09-03,cubesmart,AZ,10x25,28,28,173.0
2026-09-03,cubesmart,AZ,10x3,1,1,31.0
2026-09-03,cubesmart,AZ,10x30,21,21,211.0
2026-09-03,cubesmart,AZ,10x35,1,1,249.0
2026-09-03,cubesmart,AZ,10x4,2,2,36.0
2026-09-03,cubesmart,AZ,10x40,3,3,488.0
2026-09-03,cubesmart,AZ,10x5,43,43,41.0
2026-09-03,cubesmart,AZ,10x6,2,2,40.5
2026-09-03,cubesmart,AZ,10x7,2,2,56.0
2026-09-03,cubesmart,AZ,10x7.5,8,8,48.5
2026-09-03,cubesmart,AZ,10x9,2,2,87.0
2026-09-03,cubesmart,AZ,12.5x20,1,1,111.0
2026-09-03,cubesmart,AZ,12.5x30,1,1,288.0
2026-09-03,cubesmart,AZ,12x10,1,1,58.0
2026-09-03,cubesmart,AZ,12x20,4,4,161.5
2026-09-03,cubesmart,AZ,12x25,2,2,231.0
2026-09-03,cubesmart,AZ,12x30,8,8,258.5
2026-09-03,cubesmart,AZ,12x35,3,3,116.0
2026-09-03,cubesmart,AZ,12x40,4,4,142.5
2026-09-03,cubesmart,AZ,14x10,1,1,73.0
2026-09-03,cubesmart,AZ,14x35,1,1,171.0
2026-09-03,cubesmart,AZ,14x40,1,1,193.0
2026-09-03,cubesmart,AZ,15x10,6,6,145.0
2026-09-03,cubesmart,AZ,15x14,1,1,142.0
2026-09-03,cubesmart,AZ,15x15,2,2,165.0
2026-09-03,cubesmart,AZ,15x20,1,1,146.0
2026-09-03,cubesmart,AZ,15x30,2,2,240.0
2026-09-03,cubesmart,AZ,15x45,1,1,382.0
2026-09-03,cubesmart,AZ,15x5,4,4,55.5
2026-09-03,cubesmart,AZ,15x7.5,1,1,200.0
2026-09-03,cubesmart,AZ,20x10,19,19,150.0
2026-09-03,cubesmart,AZ,20x12,2,2,171.0
2026-09-03,cubesmart,AZ,20x15,16,16,188.5
2026-09-03,cubesmart,AZ,20x19,1,1,415.0
2026-09-03,cubesmart,AZ,20x20,18,18,260.0
2026-09-03,cubesmart,AZ,20x22,1,1,264.0
2026-09-03,cubesmart,AZ,20x25,9,9,301.0
2026-09-03,cubesmart,AZ,20x30,1,1,411.0
2026-09-03,cubesmart,AZ,20x5,1,1,70.0
2026-09-03,cubesmart,AZ,20x7,1,1,74.0
2026-09-03,cubesmart,AZ,20x7.5,1,1,80.0
2026-09-03,cubesmart,AZ,24x14,1,1,211.0
2026-09-03,cubesmart,AZ,2x2,1,1,8.0
2026-09-03,cubesmart,AZ,3x10,1,1,36.0
2026-09-03,cubesmart,AZ,3x20,1,1,43.0
2026-09-03,cubesmart,AZ,3x3,5,5,8.0
2026-09-03,cubesmart,AZ,3x5,3,3,28.0
2026-09-03,cubesmart,AZ,4x10,3,3,32.0
2026-09-03,cubesmart,AZ,4x2,1,1,9.0
2026-09-03,cubesmart,AZ,4x4,6,6,23.5
2026-09-03,cubesmart,AZ,4x5,6,6,25.0
2026-09-03,cubesmart,AZ,4x6,1,1,30.0
2026-09-03,cubesmart,AZ,4x8,1,1,34.0
2026-09-03,cubesmart,AZ,5x10,82,82,39.5
2026-09-03,cubesmart,AZ,5x12,3,3,47.0
2026-09-03,cubesmart,AZ,5x15,17,17,57.0
2026-09-03,cubesmart,AZ,5x20,2,2,53.0
2026-09-03,cubesmart,AZ,5x30,1,1,129.0
2026-09-03,cubesmart,AZ,5x4,7,7,26.0
2026-09-03,cubesmart,AZ,5x5,76,76,26.0
2026-09-03,cubesmart,AZ,5x6,2,2,30.5
2026-09-03,cubesmart,AZ,5x7,3,3,29.0
2026-09-03,cubesmart,AZ,5x7.5,3,3,41.0
2026-09-03,cubesmart,AZ,5x8,6,6,30.5
2026-09-03,cubesmart,AZ,5x9,3,3,47.0
2026-09-03,cubesmart,AZ,6x10,1,1,24.0
2026-09-03,cubesmart,AZ,7.5x10,2,2,72.0
2026-09-03,cubesmart,AZ,7.6x10,1,1,52.0
2026-09-03,cubesmart,AZ,7x10,1,1,79.0
2026-09-03,cubesmart,AZ,8x10,6,6,70.0
2026-09-03,cubesmart,AZ,8x15,1,1,94.0
2026-09-03,cubesmart,AZ,8x20,2,2,126.5
2026-09-03,cubesmart,AZ,8x28,1,1,167.0
2026-09-03,cubesmart,AZ,8x4,2,2,24.0
2026-09-03,cubesmart,AZ,8x40,1,1,206.0
2026-09-03,cubesmart,AZ,8x5,1,1,28.0
2026-09-03,cubesmart,AZ,8x8,2,2,65.5
2026-09-03,cubesmart,AZ,8x9,1,1,56.0
2026-09-03,cubesmart,AZ,9x16,1,1,75.0
2026-09-03,cubesmart,AZ,9x7,1,1,38.0
2026-09-03,cubesmart,AZ,Other,53,53,86.0
2026-09-03,cubesmart,CA,10x10,80,80,123.5
2026-09-03,cubesmart,CA,10x11,3,3,128.0
2026-09-03,cubesmart,CA,10x12,15,15,149.0
2026-09-03,cubesmart,CA,10x12.5,1,1,255.0
2026-09-03,cubesmart,CA,10x13,9,9,141.0
2026-09-03,cubesmart,CA,10x14,4,4,180.0
2026-09-03,cubesmart,CA,10x15,67,67,164.0
2026-09-03,cubesmart,CA,10x16,2,2,380.0
2026-09-03,cubesmart,CA,10x17,1,1,233.0
2026-09-03,cubesmart,CA,10x18,4,4,211.5
2026-09-03,cubesmart,CA,10x19,1,1,264.0
2026-09-03,cubesmart,CA,10x20,58,58,241.0
2026-09-03,cubesmart,CA,10x22,4,4,288.5
2026-09-03,cubesmart,CA,10x23,2,2,248.5
2026-09-03,cubesmart,CA,10x24,7,7,206.0
2026-09-03,cubesmart,CA,10x25,37,37,292.0
2026-09-03,cubesmart,CA,10x26,1,1,158.0
2026-09-03,cubesmart,CA,10x27,2,2,326.5
2026-09-03,cubesmart,CA,10x28,1,1,306.0
2026-09-03,cubesmart,CA,10x29,1,1,367.0
2026-09-03,cubesmart,CA,10x30,26,26,276.0
2026-09-03,cubesmart,CA,10x32,2,2,314.5
2026-09-03,cubesmart,CA,10x35,2,2,434.5
2026-09-03,cubesmart,CA,10x4,1,1,29.0
2026-09-03,cubesmart,CA,10x40,2,2,405.0
2026-09-03,cubesmart,CA,10x5,12,12,87.5
2026-09-03,cubesmart,CA,10x7,3,3,96.0
2026-09-03,cubesmart,CA,10x7.5,7,7,103.0
2026-09-03,cubesmart,CA,10x8,2,2,120.5
2026-09-03,cubesmart,CA,10x9,1,1,126.0
2026-09-03,cubesmart,CA,11x22,1,1,112.0
2026-09-03,cubesmart,CA,11x33,1,1,268.0
2026-09-03,cubesmart,CA,12x15,1,1,278.0
2026-09-03,cubesmart,CA,12x20,3,3,162.0
2026-09-03,cubesmart,CA,12x25,1,1,182.0
2026-09-03,cubesmart,CA,12x30,2,2,215.5
2026-09-03,cubesmart,CA,12x50,1,1,310.0
2026-09-03,cubesmart,CA,14x15,1,1,190.0
2026-09-03,cubesmart,CA,14x20,1,1,179.0
2026-09-03,cubesmart,CA,14x29,1,1,351.0
2026-09-03,cubesmart,CA,14x30,1,1,398.0
2026-09-03,cubesmart,CA,14x8,1,1,87.0
2026-09-03,cubesmart,CA,15x10,3,3,152.0
2026-09-03,cubesmart,CA,15x15,2,2,355.0
2026-09-03,cubesmart,CA,15x16,1,1,149.0
2026-09-03,cubesmart,CA,15x20,5,5,184.0
2026-09-03,cubesmart,CA,15x25,1,1,605.0
2026-09-03,cubesmart,CA,15x30,3,3,386.0
2026-09-03,cubesmart,CA,15x40,1,1,465.0
2026-09-03,cubesmart,CA,15x5,2,2,101.5
2026-09-03,cubesmart,CA,16x13,1,1,246.0
2026-09-03,cubesmart,CA,16x20,2,2,681.5
2026-09-03,cubesmart,CA,16x30,1,1,653.0
2026-09-03,cubesmart,CA,16x9,1,1,210.0
2026-09-03,cubesmart,CA,17x19,1,1,454.0
2026-09-03,cubesmart,CA,18x16,1,1,287.0
2026-09-03,cubesmart,CA,18x20,1,1,525.0
2026-09-03,cubesmart,CA,18x30,1,1,439.0
2026-09-03,cubesmart,CA,18x8,1,1,212.0
2026-09-03,cubesmart,CA,20x10,15,15,214.0
2026-09-03,cubesmart,CA,20x13,1,1,233.0
2026-09-03,cubesmart,CA,20x15,12,12,263.5
2026-09-03,cubesmart,CA,20x20,14,14,293.5
2026-09-03,cubesmart,CA,20x22,1,1,551.0
2026-09-03,cubesmart,CA,20x23,2,2,520.0
2026-09-03,cubesmart,CA,20x24,2,2,243.0
2026-09-03,cubesmart,CA,20x25,4,4,502.0
2026-09-03,cubesmart,CA,20x30,2,2,528.0
2026-09-03,cubesmart,CA,21x20,1,1,285.0
2026-09-03,cubesmart,CA,24x20,1,1,306.0
2026-09-03,cubesmart,CA,25x10,1,1,168.0
2026-09-03,cubesmart,CA,2x3,2,2,10.0
2026-09-03,cubesmart,CA,30x10,1,1,231.0
2026-09-03,cubesmart,CA,30x25,1,1,387.0
2026-09-03,cubesmart,CA,3x24,1,1,49.0
2026-09-03,cubesmart,CA,3x4,1,1,23.0
2026-09-03,cubesmart,CA,3x6,1,1,61.0
2026-09-03,cubesmart,CA,4.5x14,1,1,96.0
2026-09-03,cubesmart,CA,4.5x8,2,2,72.0
2026-09-03,cubesmart,CA,45x12,1,1,924.0
2026-09-03,cubesmart,CA,4x10,6,6,57.5
2026-09-03,cubesmart,CA,4x19,1,1,106.0
2026-09-03,cubesmart,CA,4x4,5,5,27.0
2026-09-03,cubesmart,CA,4x5,3,3,41.0
2026-09-03,cubesmart,CA,4x6,1,1,65.0
2026-09-03,cubesmart,CA,4x8,1,1,55.0
2026-09-03,cubesmart,CA,4x9,2,2,59.5
2026-09-03,cubesmart,CA,50x60,1,1,666.0
2026-09-03,cubesmart,CA,5x10,78,78,75.0
2026-09-03,cubesmart,CA,5x11,1,1,68.0
2026-09-03,cubesmart,CA,5x12,4,4,61.0
2026-09-03,cubesmart,CA,5x14,1,1,78.0
2026-09-03,cubesmart,CA,5x15,16,16,87.0
2026-09-03,cubesmart,CA,5x2,1,1,25.0
2026-09-03,cubesmart,CA,5x20,3,3,139.0
2026-09-03,cubesmart,CA,5x3,1,1,48.0
2026-09-03,cubesmart,CA,5x4,2,2,55.0
2026-09-03,cubesmart,CA,5x5,66,66,55.5
2026-09-03,cubesmart,CA,5x6,4,4,46.5
2026-09-03,cubesmart,CA,5x7,11,11,79.0
2026-09-03,cubesmart,CA,5x7.5,2,2,74.5
2026-09-03,cubesmart,CA,5x8,13,13,70.0
2026-09-03,cubesmart,CA,5x9,3,3,71.0
2026-09-03,cubesmart,CA,6x10,6,6,73.5
2026-09-03,cubesmart,CA,6x12,3,3,54.0
2026-09-03,cubesmart,CA,6x15,1,1,58.0
2026-09-03,cubesmart,CA,6x7,2,2,77.0
2026-09-03,cubesmart,CA,6x8,2,2,71.5
2026-09-03,cubesmart,CA,6x9,3,3,67.0
2026-09-03,cubesmart,CA,7.5x10,10,10,104.5
2026-09-03,cubesmart,CA,7x10,6,6,86.0
2026-09-03,cubesmart,CA,7x15,3,3,71.0
2026-09-03,cubesmart,CA,7x20,1,1,137.0
2026-09-03,cubesmart,CA,7x24,1,1,226.0
2026-09-03,cubesmart,CA,7x5,2,2,53.0
2026-09-03,cubesmart,CA,7x7,1,1,101.0
2026-09-03,cubesmart,CA,7x8,2,2,61.5
2026-09-03,cubesmart,CA,7x9,3,3,80.0
2026-09-03,cubesmart,CA,8x10,18,18,82.5
2026-09-03,cubesmart,CA,8x11,1,1,59.0
2026-09-03,cubesmart,CA,8x12,2,2,113.0
2026-09-03,cubesmart,CA,8x13,1,1,139.0
2026-09-03,cubesmart,CA,8x15,4,4,144.5
2026-09-03,cubesmart,CA,8x16,1,1,338.0
2026-09-03,cubesmart,CA,8x19,1,1,235.0
2026-09-03,cubesmart,CA,8x20,9,9,190.0
2026-09-03,cubesmart,CA,8x25,1,1,212.0
2026-09-03,cubesmart,CA,8x27,1,1,255.0
2026-09-03,cubesmart,CA,8x40,1,1,451.0
2026-09-03,cubesmart,CA,8x8,5,5,74.0
2026-09-03,cubesmart,CA,8x9,1,1,107.0
2026-09-03,cubesmart,CA,9x10,6,6,76.5
2026-09-03,cubesmart,CA,9x12,1,1,164.0
2026-09-03,cubesmart,CA,9x14,1,1,198.0
2026-09-03,cubesmart,CA,9x15,2,2,96.0
2026-09-03,cubesmart,CA,9x17,1,1,208.0
2026-09-03,cubesmart,CA,9x20,3,3,234.0
2026-09-03,cubesmart,CA,9x25,1,1,317.0
2026-09-03,cubesmart,CA,9x29,1,1,364.0
2026-09-03,cubesmart,CA,9x8,1,1,95.0
2026-09-03,cubesmart,CA,Other,48,48,121.0
2026-09-03,cubesmart,CO,10x10,40,40,105.5
2026-09-03,cubesmart,CO,10x12,3,3,128.0
2026-09-03,cubesmart,CO,10x15,22,22,136.0
2026-09-03,cubesmart,CO,10x17,1,1,164.0
2026-09-03,cubesmart,CO,10x18,1,1,166.0
2026-09-03,cubesmart,CO,10x20,31,31,177.0
2026-09-03,cubesmart,CO,10x22,1,1,149.0
2026-09-03,cubesmart,CO,10x24,1,1,325.0
2026-09-03,cubesmart,CO,10x25,12,12,227.5
2026-09-03,cubesmart,CO,10x28,1,1,198.0
2026-09-03,cubesmart,CO,10x30,10,10,234.5
2026-09-03,cubesmart,CO,10x40,2,2,294.0
2026-09-03,cubesmart,CO,10x5,7,7,52.0
2026-09-03,cubesmart,CO,10x7,1,1,53.0
2026-09-03,cubesmart,CO,10x7.5,1,1,68.0
2026-09-03,cubesmart,CO,11x10,1,1,128.0
2026-09-03,cubesmart,CO,11x25,1,1,283.0
2026-09-03,cubesmart,CO,11x30,1,1,290.0
2026-09-03,cubesmart,CO,12.5x40,1,1,598.0
2026-09-03,cubesmart,CO,12x12,1,1,134.0
2026-09-03,cubesmart,CO,12x15,1,1,138.0
2026-09-03,cubesmart,CO,12x17,1,1,271.0
2026-09-03,cubesmart,CO,12x20,1,1,235.0
2026-09-03,cubesmart,CO,12x24,1,1,350.0
2026-09-03,cubesmart,CO,12x28,1,1,356.0
2026-09-03,cubesmart,CO,12x30,3,3,318.0
2026-09-03,cubesmart,CO,12x32,1,1,375.0
2026-09-03,cubesmart,CO,12x38,1,1,392.0
2026-09-03,cubesmart,CO,15x15,1,1,152.0
2026-09-03,cubesmart,CO,15x20,2,2,216.0
2026-09-03,cubesmart,CO,15x22,1,1,199.0
2026-09-03,cubesmart,CO,15x23,1,1,204.0
2026-09-03,cubesmart,CO,15x50,1,1,278.0
2026-09-03,cubesmart,CO,15x8,1,1,208.0
2026-09-03,cubesmart,CO,16x20,1,1,365.0
2026-09-03,cubesmart,CO,16x30,1,1,378.0
2026-09-03,cubesmart,CO,20x10,6,6,203.0
2026-09-03,cubesmart,CO,20x15,2,2,284.0
2026-09-03,cubesmart,CO,20x20,5,5,356.0
2026-09-03,cubesmart,CO,20x30,3,3,620.0
2026-09-03,cubesmart,CO,20x7.5,1,1,157.0
2026-09-03,cubesmart,CO,2x10,2,2,39.0
2026-09-03,cubesmart,CO,30x15,1,1,415.0
2026-09-03,cubesmart,CO,5x10,31,31,52.0
2026-09-03,cubesmart,CO,5x12,2,2,42.5
2026-09-03,cubesmart,CO,5x15,6,6,70.5
2026-09-03,cubesmart,CO,5x20,1,1,95.0
2026-09-03,cubesmart,CO,5x28,1,1,91.0
2026-09-03,cubesmart,CO,5x4,1,1,79.0
2026-09-03,cubesmart,CO,5x5,27,27,38.0
2026-09-03,cubesmart,CO,5x7,4,4,45.5
2026-09-03,cubesmart,CO,5x8,4,4,37.5
2026-09-03,cubesmart,CO,6x10,1,1,85.0
2026-09-03,cubesmart,CO,6x12,1,1,79.0
2026-09-03,cubesmart,CO,6x20,1,1,71.0
2026-09-03,cubesmart,CO,6x6,1,1,53.0
2026-09-03,cubesmart,CO,7.5x10,3,3,73.0
2026-09-03,cubesmart,CO,7.5x20,1,1,150.0
2026-09-03,cubesmart,CO,7x10,1,1,55.0
2026-09-03,cubesmart,CO,7x18,2,2,112.0
2026-09-03,cubesmart,CO,7x5,1,1,57.0
2026-09-03,cubesmart,CO,7x9,2,2,53.0
2026-09-03,cubesmart,CO,8x10,5,5,69.0
2026-09-03,cubesmart,CO,8x12,1,1,91.0
2026-09-03,cubesmart,CO,8x15,2,2,172.0
2026-09-03,cubesmart,CO,8x20,3,3,235.0
2026-09-03,cubesmart,CO,Other,16,16,105.5
2026-09-03,cubesmart,CT,10x10,70,70,121.0
2026-09-03,cubesmart,CT,10x12,5,5,100.0
2026-09-03,cubesmart,CT,10x13,1,1,219.0
2026-09-03,cubesmart,CT,10x15,54,54,149.5
2026-09-03,cubesmart,CT,10x17,1,1,122.0
2026-09-03,cubesmart,CT,10x18,1,1,91.0
2026-09-03,cubesmart,CT,10x20,61,61,183.0
2026-09-03,cubesmart,CT,10x22,1,1,138.0
2026-09-03,cubesmart,CT,10x23,1,1,193.0
2026-09-03,cubesmart,CT,10x25,20,20,220.0
2026-09-03,cubesmart,CT,10x3,1,1,52.0
2026-09-03,cubesmart,CT,10x30,16,16,250.0
2026-09-03,cubesmart,CT,10x35,1,1,317.0
2026-09-03,cubesmart,CT,10x40,2,2,246.0
2026-09-03,cubesmart,CT,10x5,13,13,60.0
2026-09-03,cubesmart,CT,10x50,1,1,227.0
2026-09-03,cubesmart,CT,10x7.5,1,1,110.0
2026-09-03,cubesmart,CT,10x8,1,1,78.0
2026-09-03,cubesmart,CT,10x9,1,1,110.0
2026-09-03,cubesmart,CT,12x19,1,1,182.0
2026-09-03,cubesmart,CT,12x20,1,1,188.0
2026-09-03,cubesmart,CT,12x30,1,1,327.0
2026-09-03,cubesmart,CT,13x15,1,1,161.0
2026-09-03,cubesmart,CT,14x10,1,1,88.0
2026-09-03,cubesmart,CT,15x10,2,2,84.5
2026-09-03,cubesmart,CT,15x15,1,1,201.0
2026-09-03,cubesmart,CT,15x20,1,1,221.0
2026-09-03,cubesmart,CT,15x30,1,1,287.0
2026-09-03,cubesmart,CT,15x40,1,1,409.0
2026-09-03,cubesmart,CT,16x15,1,1,170.0
2026-09-03,cubesmart,CT,20x10,10,10,177.0
2026-09-03,cubesmart,CT,20x15,6,6,212.0
2026-09-03,cubesmart,CT,20x20,21,21,294.0
2026-09-03,cubesmart,CT,20x22,1,1,296.0
2026-09-03,cubesmart,CT,20x25,3,3,261.0
2026-09-03,cubesmart,CT,20x30,2,2,363.5
2026-09-03,cubesmart,CT,20x35,1,1,497.0
2026-09-03,cubesmart,CT,20x8,1,1,110.0
2026-09-03,cubesmart,CT,2x5,1,1,19.0
2026-09-03,cubesmart,CT,3x10,1,1,38.0
2026-09-03,cubesmart,CT,3x12,1,1,43.0
2026-09-03,cubesmart,CT,3x4,1,1,32.0
2026-09-03,cubesmart,CT,3x5,2,2,33.0
2026-09-03,cubesmart,CT,4x10,3,3,73.0
2026-09-03,cubesmart,CT,4x20,1,1,75.0
2026-09-03,cubesmart,CT,4x5,3,3,41.0
2026-09-03,cubesmart,CT,5x10,71,71,63.0
2026-09-03,cubesmart,CT,5x12,1,1,91.0
2026-09-03,cubesmart,CT,5x15,37,37,82.0
2026-09-03,cubesmart,CT,5x20,5,5,120.0
2026-09-03,cubesmart,CT,5x3,1,1,41.0
2026-09-03,cubesmart,CT,5x5,55,55,42.0
2026-09-03,cubesmart,CT,5x6,2,2,53.5
2026-09-03,cubesmart,CT,5x7,3,3,43.0
2026-09-03,cubesmart,CT,5x8,6,6,58.5
2026-09-03,cubesmart,CT,6x10,1,1,139.0
2026-09-03,cubesmart,CT,6x7,1,1,122.0
2026-09-03,cubesmart,CT,6x8,1,1,127.0
2026-09-03,cubesmart,CT,7x10,1,1,71.0
2026-09-03,cubesmart,CT,7x14,2,2,86.5
2026-09-03,cubesmart,CT,7x26,1,1,120.0
2026-09-03,cubesmart,CT,7x7,1,1,53.0
2026-09-03,cubesmart,CT,8x10,3,3,75.0
2026-09-03,cubesmart,CT,8x15,3,3,120.0
2026-09-03,cubesmart,CT,8x30,1,1,217.0
2026-09-03,cubesmart,CT,8x5,1,1,58.0
2026-09-03,cubesmart,CT,9x20,1,1,120.0
2026-09-03,cubesmart,CT,Other,14,14,64.5
2026-09-03,cubesmart,DC,10x10,6,6,185.0
2026-09-03,cubesmart,DC,10x12.5,1,1,284.0
2026-09-03,cubesmart,DC,10x15,6,6,245.0
2026-09-03,cubesmart,DC,10x20,7,7,353.0
2026-09-03,cubesmart,DC,10x25,3,3,327.0
2026-09-03,cubesmart,DC,10x30,5,5,373.0
2026-09-03,cubesmart,DC,10x7.5,2,2,98.5
2026-09-03,cubesmart,DC,16x10,1,1,255.0
2026-09-03,cubesmart,DC,20x10,3,3,256.0
2026-09-03,cubesmart,DC,20x15,1,1,267.0
2026-09-03,cubesmart,DC,20x20,1,1,499.0
2026-09-03,cubesmart,DC,3x8,1,1,74.0
2026-09-03,cubesmart,DC,4x5,1,1,99.0
2026-09-03,cubesmart,DC,5x10,8,8,128.5
2026-09-03,cubesmart,DC,5x15,4,4,159.5
2026-09-03,cubesmart,DC,5x2,1,1,45.0
2026-09-03,cubesmart,DC,5x20,1,1,177.0
2026-09-03,cubesmart,DC,5x5,14,14,50.5
2026-09-03,cubesmart,DC,5x7.5,1,1,139.0
2026-09-03,cubesmart,DC,5x8,1,1,115.0
2026-09-03,cubesmart,DC,7.5x10,1,1,183.0
2026-09-03,cubesmart,DC,7.5x20,1,1,291.0
2026-09-03,cubesmart,DC,7x15,1,1,183.0
2026-09-03,cubesmart,DC,7x8,1,1,133.0
2026-09-03,cubesmart,DC,8.5x19,1,1,160.0
2026-09-03,cubesmart,DC,8x10,2,2,171.5
2026-09-03,cubesmart,DC,8x25,1,1,353.0
2026-09-03,cubesmart,DC,9x10,1,1,235.0
2026-09-03,cubesmart,DC,Other,2,2,152.0
2026-09-03,cubesmart,DE,10x10,8,8,71.0
2026-09-03,cubesmart,DE,10x12,1,1,64.0
2026-09-03,cubesmart,DE,10x15,7,7,91.0
2026-09-03,cubesmart,DE,10x20,3,3,115.0
2026-09-03,cubesmart,DE,10x25,3,3,135.0
2026-09-03,cubesmart,DE,10x30,3,3,166.0
2026-09-03,cubesmart,DE,10x5,4,4,37.0
2026-09-03,cubesmart,DE,10x7,3,3,44.0
2026-09-03,cubesmart,DE,10x7.5,2,2,52.5
2026-09-03,cubesmart,DE,20x10,1,1,106.0
2026-09-03,cubesmart,DE,20x15,2,2,184.5
2026-09-03,cubesmart,DE,20x20,1,1,177.0
2026-09-03,cubesmart,DE,20x25,1,1,218.0
2026-09-03,cubesmart,DE,5x10,6,6,40.5
2026-09-03,cubesmart,DE,5x5,7,7,9.0
2026-09-03,cubesmart,DE,5x7,1,1,26.0
2026-09-03,cubesmart,DE,5x7.5,1,1,38.0
2026-09-03,cubesmart,DE,5x8,2,2,38.5
2026-09-03,cubesmart,DE,7.5x10,1,1,55.0
2026-09-03,cubesmart,DE,7x10,2,2,50.5
2026-09-03,cubesmart,DE,8x10,3,3,49.0
2026-09-03,cubesmart,DE,8x7,1,1,38.0
2026-09-03,cubesmart,FL,10.5x21,1,1,384.0
2026-09-03,cubesmart,FL,10.5x50,1,1,230.0
2026-09-03,cubesmart,FL,10x10,363,363,105.0
2026-09-03,cubesmart,FL,10x10.5,1,1,106.0
2026-09-03,cubesmart,FL,10x11,6,6,128.5
2026-09-03,cubesmart,FL,10x12,38,38,125.5
2026-09-03,cubesmart,FL,10x12.5,4,4,190.5
2026-09-03,cubesmart,FL,10x13,12,12,122.5
2026-09-03,cubesmart,FL,10x14,3,3,199.0
2026-09-03,cubesmart,FL,10x15,305,305,140.0
2026-09-03,cubesmart,FL,10x16,3,3,132.0
2026-09-03,cubesmart,FL,10x17,5,5,179.0
2026-09-03,cubesmart,FL,10x17.5,2,2,140.5
2026-09-03,cubesmart,FL,10x18,6,6,186.5
2026-09-03,cubesmart,FL,10x20,285,285,190.0
2026-09-03,cubesmart,FL,10x21,2,2,208.5
2026-09-03,cubesmart,FL,10x22,7,7,230.0
2026-09-03,cubesmart,FL,10x23,5,5,199.0
2026-09-03,cubesmart,FL,10x24,1,1,199.0
2026-09-03,cubesmart,FL,10x25,94,94,245.5
2026-09-03,cubesmart,FL,10x28,1,1,259.0
2026-09-03,cubesmart,FL,10x3,3,3,61.0
2026-09-03,cubesmart,FL,10x30,86,86,276.0
2026-09-03,cubesmart,FL,10x35,3,3,369.0
2026-09-03,cubesmart,FL,10x4,7,7,50.0
2026-09-03,cubesmart,FL,10x40,5,5,280.0
2026-09-03,cubesmart,FL,10x5,153,153,59.0
2026-09-03,cubesmart,FL,10x50,1,1,365.0
2026-09-03,cubesmart,FL,10x6,4,4,57.0
2026-09-03,cubesmart,FL,10x7,31,31,69.0
2026-09-03,cubesmart,FL,10x7.5,23,23,45.0
2026-09-03,cubesmart,FL,10x8,32,32,76.5
2026-09-03,cubesmart,FL,10x9,9,9,90.0
2026-09-03,cubesmart,FL,11.5x28,1,1,78.0
2026-09-03,cubesmart,FL,11x10,1,1,130.0
2026-09-03,cubesmart,FL,11x16,1,1,248.0
2026-09-03,cubesmart,FL,11x45,1,1,326.0
2026-09-03,cubesmart,FL,11x48,1,1,342.0
2026-09-03,cubesmart,FL,12.5x12.5,1,1,147.0
2026-09-03,cubesmart,FL,12.5x20,1,1,211.0
2026-09-03,cubesmart,FL,12.5x25,1,1,169.0
2026-09-03,cubesmart,FL,12.5x30,2,2,263.5
2026-09-03,cubesmart,FL,12.5x5,1,1,140.0
2026-09-03,cubesmart,FL,12.5x7,1,1,49.0
2026-09-03,cubesmart,FL,12.8x5,1,1,187.0
2026-09-03,cubesmart,FL,12x10,3,3,73.0
2026-09-03,cubesmart,FL,12x12,6,6,106.0
2026-09-03,cubesmart,FL,12x15,11,11,236.0
2026-09-03,cubesmart,FL,12x16,1,1,169.0
2026-09-03,cubesmart,FL,12x20,9,9,199.0
2026-09-03,cubesmart,FL,12x22,1,1,240.0
2026-09-03,cubesmart,FL,12x24,1,1,326.0
2026-09-03,cubesmart,FL,12x25,7,7,152.0
2026-09-03,cubesmart,FL,12x30,8,8,313.0
2026-09-03,cubesmart,FL,12x32,1,1,151.0
2026-09-03,cubesmart,FL,12x35,1,1,460.0
2026-09-03,cubesmart,FL,12x4,1,1,65.0
2026-09-03,cubesmart,FL,12x40,3,3,224.0
2026-09-03,cubesmart,FL,12x43,1,1,503.0
2026-09-03,cubesmart,FL,12x5,1,1,75.0
2026-09-03,cubesmart,FL,12x50,1,1,255.0
2026-09-03,cubesmart,FL,12x6,1,1,26.0
2026-09-03,cubesmart,FL,12x7,1,1,90.0
2026-09-03,cubesmart,FL,13.5x45,1,1,409.0
2026-09-03,cubesmart,FL,13x10,1,1,74.0
2026-09-03,cubesmart,FL,13x20,1,1,303.0
2026-09-03,cubesmart,FL,13x25,1,1,527.0
2026-09-03,cubesmart,FL,13x30,2,2,173.0
2026-09-03,cubesmart,FL,13x35,1,1,134.0
2026-09-03,cubesmart,FL,13x50,1,1,137.0
2026-09-03,cubesmart,FL,14x10,1,1,130.0
2026-09-03,cubesmart,FL,14x15,1,1,130.0
2026-09-03,cubesmart,FL,14x16,1,1,223.0
2026-09-03,cubesmart,FL,14x18,2,2,264.0
2026-09-03,cubesmart,FL,14x20,1,1,362.0
2026-09-03,cubesmart,FL,14x21,1,1,424.0
2026-09-03,cubesmart,FL,14x39,1,1,479.0
2026-09-03,cubesmart,FL,14x6,1,1,31.0
2026-09-03,cubesmart,FL,15x10,20,20,137.5
2026-09-03,cubesmart,FL,15x12,3,3,233.0
2026-09-03,cubesmart,FL,15x12.5,2,2,196.0
2026-09-03,cubesmart,FL,15x15,17,17,163.0
2026-09-03,cubesmart,FL,15x16,1,1,99.0
2026-09-03,cubesmart,FL,15x20,14,14,242.5
2026-09-03,cubesmart,FL,15x25,2,2,451.5
2026-09-03,cubesmart,FL,15x30,4,4,465.0
2026-09-03,cubesmart,FL,15x5,9,9,45.0
2026-09-03,cubesmart,FL,15x50,4,4,313.0
2026-09-03,cubesmart,FL,15x7,2,2,103.0
2026-09-03,cubesmart,FL,15x8,1,1,70.0
2026-09-03,cubesmart,FL,16x10,1,1,72.0
2026-09-03,cubesmart,FL,16x12,3,3,97.0
2026-09-03,cubesmart,FL,16x15,2,2,102.5
2026-09-03,cubesmart,FL,16x16,2,2,186.0
2026-09-03,cubesmart,FL,16x45,1,1,259.0
2026-09-03,cubesmart,FL,16x8,2,2,127.0
2026-09-03,cubesmart,FL,18x10,3,3,156.0
2026-09-03,cubesmart,FL,18x18,1,1,279.0
2026-09-03,cubesmart,FL,18x20,1,1,244.0
2026-09-03,cubesmart,FL,18x7,1,1,143.0
2026-09-03,cubesmart,FL,20x10,71,71,184.0
2026-09-03,cubesmart,FL,20x11,1,1,196.0
2026-09-03,cubesmart,FL,20x12,4,4,214.5
2026-09-03,cubesmart,FL,20x13,1,1,222.0
2026-09-03,cubesmart,FL,20x15,67,67,213.0
2026-09-03,cubesmart,FL,20x17,1,1,381.0
2026-09-03,cubesmart,FL,20x18,1,1,104.0
2026-09-03,cubesmart,FL,20x20,64,64,272.0
2026-09-03,cubesmart,FL,20x22,2,2,773.5
2026-09-03,cubesmart,FL,20x25,5,5,377.0
2026-09-03,cubesmart,FL,20x30,4,4,402.5
2026-09-03,cubesmart,FL,20x45,1,1,507.0
2026-09-03,cubesmart,FL,20x50,1,1,540.0
2026-09-03,cubesmart,FL,20x6,2,2,77.5
2026-09-03,cubesmart,FL,20x7,3,3,124.0
2026-09-03,cubesmart,FL,20x7.5,1,1,270.0
2026-09-03,cubesmart,FL,20x8,6,6,126.0
2026-09-03,cubesmart,FL,20x9,1,1,133.0
2026-09-03,cubesmart,FL,24x12,1,1,326.0
2026-09-03,cubesmart,FL,25x10,4,4,335.5
2026-09-03,cubesmart,FL,25x25,1,1,365.0
2026-09-03,cubesmart,FL,26x20,1,1,286.0
2026-09-03,cubesmart,FL,28x20,1,1,432.0
2026-09-03,cubesmart,FL,2x3,1,1,32.0
2026-09-03,cubesmart,FL,2x4,1,1,13.0
2026-09-03,cubesmart,FL,3.5x5,1,1,15.0
2026-09-03,cubesmart,FL,30x10,5,5,263.0
2026-09-03,cubesmart,FL,30x12,1,1,128.0
2026-09-03,cubesmart,FL,30x20,1,1,425.0
2026-09-03,cubesmart,FL,30x25,1,1,458.0
2026-09-03,cubesmart,FL,3x10,1,1,28.0
2026-09-03,cubesmart,FL,3x12,1,1,18.0
2026-09-03,cubesmart,FL,3x2,1,1,32.0
2026-09-03,cubesmart,FL,3x3,5,5,9.0
2026-09-03,cubesmart,FL,3x4,10,10,14.5
2026-09-03,cubesmart,FL,3x5,8,8,20.0
2026-09-03,cubesmart,FL,3x6,2,2,19.5
2026-09-03,cubesmart,FL,3x9,1,1,34.0
2026-09-03,cubesmart,FL,40x25,1,1,649.0
2026-09-03,cubesmart,FL,4x10,11,11,48.0
2026-09-03,cubesmart,FL,4x12,1,1,38.0
2026-09-03,cubesmart,FL,4x15,1,1,55.0
2026-09-03,cubesmart,FL,4x3,1,1,7.0
2026-09-03,cubesmart,FL,4x4,23,23,12.0
2026-09-03,cubesmart,FL,4x5,36,36,22.5
2026-09-03,cubesmart,FL,4x6,11,11,22.0
2026-09-03,cubesmart,FL,4x7,2,2,28.5
2026-09-03,cubesmart,FL,4x8,13,13,35.0
2026-09-03,cubesmart,FL,5.5x5.5,1,1,35.0
2026-09-03,cubesmart,FL,50x12,1,1,160.0
2026-09-03,cubesmart,FL,5x10,307,307,53.0
2026-09-03,cubesmart,FL,5x11,2,2,49.0
2026-09-03,cubesmart,FL,5x12,13,13,71.0
2026-09-03,cubesmart,FL,5x12.5,3,3,95.0
2026-09-03,cubesmart,FL,5x14,1,1,64.0
2026-09-03,cubesmart,FL,5x15,72,72,61.0
2026-09-03,cubesmart,FL,5x18,1,1,68.0
2026-09-03,cubesmart,FL,5x20,10,10,76.5
2026-09-03,cubesmart,FL,5x21,1,1,90.0
2026-09-03,cubesmart,FL,5x3,7,7,14.0
2026-09-03,cubesmart,FL,5x30,1,1,172.0
2026-09-03,cubesmart,FL,5x4,11,11,22.0
2026-09-03,cubesmart,FL,5x5,365,365,32.0
2026-09-03,cubesmart,FL,5x6,21,21,41.0
2026-09-03,cubesmart,FL,5x7,30,30,48.5
2026-09-03,cubesmart,FL,5x7.5,10,10,58.0
2026-09-03,cubesmart,FL,5x8,40,40,45.0
2026-09-03,cubesmart,FL,5x9,6,6,50.0
2026-09-03,cubesmart,FL,60x12,1,1,176.0
2026-09-03,cubesmart,FL,6x10,12,12,69.5
2026-09-03,cubesmart,FL,6x12,3,3,76.0
2026-09-03,cubesmart,FL,6x15,2,2,73.5
2026-09-03,cubesmart,FL,6x16,1,1,59.0
2026-09-03,cubesmart,FL,6x3,2,2,31.0
2026-09-03,cubesmart,FL,6x5,2,2,50.0
2026-09-03,cubesmart,FL,6x6,5,5,26.0
2026-09-03,cubesmart,FL,6x7,6,6,29.5
2026-09-03,cubesmart,FL,6x8,10,10,55.0
2026-09-03,cubesmart,FL,6x9,1,1,80.0
2026-09-03,cubesmart,FL,7.5x10,28,28,69.0
2026-09-03,cubesmart,FL,7.5x15,7,7,60.0
2026-09-03,cubesmart,FL,7.5x20,3,3,164.0
2026-09-03,cubesmart,FL,7.5x5,1,1,54.0
2026-09-03,cubesmart,FL,7.5x7.5,2,2,24.5
2026-09-03,cubesmart,FL,7x10,25,25,74.0
2026-09-03,cubesmart,FL,7x12,4,4,76.5
2026-09-03,cubesmart,FL,7x13,2,2,75.0
2026-09-03,cubesmart,FL,7x14,2,2,42.0
2026-09-03,cubesmart,FL,7x15,5,5,49.0
2026-09-03,cubesmart,FL,7x18,1,1,80.0
2026-09-03,cubesmart,FL,7x20,3,3,119.0
2026-09-03,cubesmart,FL,7x25,1,1,324.0
2026-09-03,cubesmart,FL,7x5,5,5,63.0
2026-09-03,cubesmart,FL,7x6,1,1,19.0
2026-09-03,cubesmart,FL,7x7,1,1,63.0
2026-09-03,cubesmart,FL,7x8,1,1,54.0
2026-09-03,cubesmart,FL,7x9,2,2,46.0
2026-09-03,cubesmart,FL,8.5x10,1,1,48.0
2026-09-03,cubesmart,FL,8x10,34,34,84.5
2026-09-03,cubesmart,FL,8x10.5,1,1,209.0
2026-09-03,cubesmart,FL,8x12,8,8,71.5
2026-09-03,cubesmart,FL,8x13,1,1,163.0
2026-09-03,cubesmart,FL,8x14,2,2,69.0
2026-09-03,cubesmart,FL,8x15,13,13,129.0
2026-09-03,cubesmart,FL,8x16,1,1,150.0
2026-09-03,cubesmart,FL,8x20,1,1,290.0
2026-09-03,cubesmart,FL,8x30,1,1,115.0
2026-09-03,cubesmart,FL,8x5,6,6,31.5
2026-09-03,cubesmart,FL,8x6,1,1,103.0
2026-09-03,cubesmart,FL,8x8,12,12,53.0
2026-09-03,cubesmart,FL,8x9,1,1,94.0
2026-09-03,cubesmart,FL,9x10,13,13,85.0
2026-09-03,cubesmart,FL,9x15,3,3,101.0
2026-09-03,cubesmart,FL,9x20,2,2,121.0
2026-09-03,cubesmart,FL,9x24,1,1,265.0
2026-09-03,cubesmart,FL,9x25,1,1,166.0
2026-09-03,cubesmart,FL,9x33,1,1,170.0
2026-09-03,cubesmart,FL,9x7.5,1,1,28.0
2026-09-03,cubesmart,FL,9x8,1,1,57.0
2026-09-03,cubesmart,FL,Other,163,163,100.0
2026-09-03,cubesmart,GA,10x10,69,69,70.0
2026-09-03,cubesmart,GA,10x11,3,3,80.0
2026-09-03,cubesmart,GA,10x12,3,3,125.0
2026-09-03,cubesmart,GA,10x12.5,1,1,88.0
2026-09-03,cubesmart,GA,10x15,60,60,97.5
2026-09-03,cubesmart,GA,10x18,1,1,203.0
2026-09-03,cubesmart,GA,10x2,2,2,30.0
2026-09-03,cubesmart,GA,10x20,52,52,138.0
2026-09-03,cubesmart,GA,10x25,13,13,181.0
2026-09-03,cubesmart,GA,10x28,1,1,100.0
2026-09-03,cubesmart,GA,10x3,1,1,35.0
2026-09-03,cubesmart,GA,10x30,26,26,204.0
2026-09-03,cubesmart,GA,10x35,1,1,370.0
2026-09-03,cubesmart,GA,10x38,1,1,446.0
2026-09-03,cubesmart,GA,10x4,3,3,48.0
2026-09-03,cubesmart,GA,10x40,1,1,458.0
2026-09-03,cubesmart,GA,10x5,31,31,44.0
2026-09-03,cubesmart,GA,10x7,3,3,49.0
2026-09-03,cubesmart,GA,10x7.5,2,2,46.5
2026-09-03,cubesmart,GA,10x8,2,2,54.0
2026-09-03,cubesmart,GA,10x9,2,2,70.0
2026-09-03,cubesmart,GA,12x10,1,1,125.0
2026-09-03,cubesmart,GA,12x12,1,1,79.0
2026-09-03,cubesmart,GA,12x15,1,1,105.0
2026-09-03,cubesmart,GA,12x20,1,1,253.0
2026-09-03,cubesmart,GA,12x25,1,1,103.0
2026-09-03,cubesmart,GA,12x30,2,2,283.0
2026-09-03,cubesmart,GA,13x13,1,1,156.0
2026-09-03,cubesmart,GA,13x15,1,1,145.0
2026-09-03,cubesmart,GA,13x8,1,1,82.0
2026-09-03,cubesmart,GA,14x40,1,1,304.0
2026-09-03,cubesmart,GA,15x10,4,4,111.0
2026-09-03,cubesmart,GA,15x15,1,1,193.0
2026-09-03,cubesmart,GA,15x16,1,1,110.0
2026-09-03,cubesmart,GA,16x10,1,1,130.0
2026-09-03,cubesmart,GA,16x15,1,1,110.0
2026-09-03,cubesmart,GA,16x20,1,1,125.0
2026-09-03,cubesmart,GA,20x10,13,13,163.0
2026-09-03,cubesmart,GA,20x12.5,1,1,176.0
2026-09-03,cubesmart,GA,20x14,1,1,135.0
2026-09-03,cubesmart,GA,20x15,14,14,232.5
2026-09-03,cubesmart,GA,20x20,10,10,247.0
2026-09-03,cubesmart,GA,20x25,2,2,521.0
2026-09-03,cubesmart,GA,20x30,4,4,369.5
2026-09-03,cubesmart,GA,20x5,3,3,57.0
2026-09-03,cubesmart,GA,20x7,1,1,153.0
2026-09-03,cubesmart,GA,30x10,1,1,242.0
2026-09-03,cubesmart,GA,5x10,55,55,37.0
2026-09-03,cubesmart,GA,5x12,1,1,44.0
2026-09-03,cubesmart,GA,5x14,1,1,50.0
2026-09-03,cubesmart,GA,5x15,12,12,47.0
2026-09-03,cubesmart,GA,5x20,2,2,36.5
2026-09-03,cubesmart,GA,5x5,59,59,28.0
2026-09-03,cubesmart,GA,5x7,3,3,51.0
2026-09-03,cubesmart,GA,5x8,4,4,33.0
2026-09-03,cubesmart,GA,5x9,1,1,39.0
2026-09-03,cubesmart,GA,6x10,2,2,38.5
2026-09-03,cubesmart,GA,6x20,2,2,36.0
2026-09-03,cubesmart,GA,7.5x10,2,2,52.5
2026-09-03,cubesmart,GA,7x10,2,2,44.5
2026-09-03,cubesmart,GA,7x9,4,4,56.0
2026-09-03,cubesmart,GA,8x10,9,9,39.0
2026-09-03,cubesmart,GA,8x15,1,1,25.0
2026-09-03,cubesmart,GA,8x16,1,1,30.0
2026-09-03,cubesmart,GA,8x20,1,1,42.0
2026-09-03,cubesmart,GA,8x5,2,2,41.5
2026-09-03,cubesmart,GA,9x10,1,1,99.0
2026-09-03,cubesmart,GA,9x7,1,1,49.0
2026-09-03,cubesmart,GA,Other,37,37,123.0
2026-09-03,cubesmart,IA,10x10,3,3,82.0
2026-09-03,cubesmart,IA,10x15,3,3,77.0
2026-09-03,cubesmart,IA,10x20,1,1,106.0
2026-09-03,cubesmart,IA,10x30,1,1,202.0
2026-09-03,cubesmart,IA,4x5,1,1,21.0
2026-09-03,cubesmart,IA,5x10,1,1,65.0
2026-09-03,cubesmart,IA,5x15,1,1,98.0
2026-09-03,cubesmart,IA,5x5,4,4,26.0
2026-09-03,cubesmart,IA,5x8,1,1,69.0
2026-09-03,cubesmart,IA,7x15,1,1,106.0
2026-09-03,cubesmart,IA,Other,2,2,34.0
2026-09-03,cubesmart,IL,10x10,118,118,99.5
2026-09-03,cubesmart,IL,10x11,4,4,99.5
2026-09-03,cubesmart,IL,10x12,10,10,115.0
2026-09-03,cubesmart,IL,10x12.5,2,2,125.0
2026-09-03,cubesmart,IL,10x13,7,7,107.0
2026-09-03,cubesmart,IL,10x14,1,1,95.0
2026-09-03,cubesmart,IL,10x15,95,95,139.0
2026-09-03,cubesmart,IL,10x17,1,1,212.0
2026-09-03,cubesmart,IL,10x18,2,2,140.5
2026-09-03,cubesmart,IL,10x20,88,88,182.0
2026-09-03,cubesmart,IL,10x22,3,3,203.0
2026-09-03,cubesmart,IL,10x22.5,1,1,141.0
2026-09-03,cubesmart,IL,10x23,3,3,194.0
2026-09-03,cubesmart,IL,10x24,2,2,176.0
2026-09-03,cubesmart,IL,10x25,45,45,213.0
2026-09-03,cubesmart,IL,10x30,32,32,264.0
2026-09-03,cubesmart,IL,10x35,1,1,268.0
2026-09-03,cubesmart,IL,10x4,1,1,60.0
2026-09-03,cubesmart,IL,10x40,1,1,161.0
2026-09-03,cubesmart,IL,10x5,24,24,57.0
2026-09-03,cubesmart,IL,10x6,2,2,101.5
2026-09-03,cubesmart,IL,10x7,3,3,86.0
2026-09-03,cubesmart,IL,10x7.5,4,4,76.5
2026-09-03,cubesmart,IL,10x8,5,5,90.0
2026-09-03,cubesmart,IL,10x9,4,4,100.5
2026-09-03,cubesmart,IL,11x10,1,1,106.0
2026-09-03,cubesmart,IL,11x12,1,1,92.0
2026-09-03,cubesmart,IL,11x14,1,1,108.0
2026-09-03,cubesmart,IL,11x16,1,1,99.0
2026-09-03,cubesmart,IL,11x20,1,1,106.0
2026-09-03,cubesmart,IL,11x25,1,1,130.0
2026-09-03,cubesmart,IL,11x30,1,1,154.0
2026-09-03,cubesmart,IL,12x10,1,1,116.0
2026-09-03,cubesmart,IL,12x12,4,4,138.0
2026-09-03,cubesmart,IL,12x15,3,3,150.0
2026-09-03,cubesmart,IL,12x20,4,4,247.5
2026-09-03,cubesmart,IL,12x25,3,3,172.0
2026-09-03,cubesmart,IL,12x26,1,1,374.0
2026-09-03,cubesmart,IL,12x30,1,1,190.0
2026-09-03,cubesmart,IL,12x33,1,1,215.0
2026-09-03,cubesmart,IL,12x38,1,1,229.0
2026-09-03,cubesmart,IL,12x50,2,2,313.5
2026-09-03,cubesmart,IL,13x15,1,1,220.0
2026-09-03,cubesmart,IL,14x12,1,1,99.0
2026-09-03,cubesmart,IL,14x15,1,1,202.0
2026-09-03,cubesmart,IL,15x10,6,6,126.5
2026-09-03,cubesmart,IL,15x15,4,4,186.5
2026-09-03,cubesmart,IL,15x20,2,2,346.0
2026-09-03,cubesmart,IL,15x22,1,1,207.0
2026-09-03,cubesmart,IL,15x4,1,1,88.0
2026-09-03,cubesmart,IL,15x5,1,1,67.0
2026-09-03,cubesmart,IL,16x15,1,1,305.0
2026-09-03,cubesmart,IL,20x10,15,15,211.0
2026-09-03,cubesmart,IL,20x12,1,1,169.0
2026-09-03,cubesmart,IL,20x13,1,1,353.0
2026-09-03,cubesmart,IL,20x15,11,11,216.0
2026-09-03,cubesmart,IL,20x20,15,15,288.0
2026-09-03,cubesmart,IL,20x23,1,1,375.0
2026-09-03,cubesmart,IL,20x25,5,5,398.0
2026-09-03,cubesmart,IL,20x30,1,1,279.0
2026-09-03,cubesmart,IL,20x5,1,1,72.0
2026-09-03,cubesmart,IL,24x25,2,2,313.5
2026-09-03,cubesmart,IL,2x2,2,2,16.5
2026-09-03,cubesmart,IL,2x4,3,3,26.0
2026-09-03,cubesmart,IL,35x15,1,1,184.0
2026-09-03,cubesmart,IL,3x2,2,2,26.0
2026-09-03,cubesmart,IL,3x4,2,2,9.0
2026-09-03,cubesmart,IL,40x30,1,1,498.0
2026-09-03,cubesmart,IL,4x10,2,2,48.0
2026-09-03,cubesmart,IL,4x2,1,1,26.0
2026-09-03,cubesmart,IL,4x4,6,6,15.5
2026-09-03,cubesmart,IL,4x6,1,1,7.0
2026-09-03,cubesmart,IL,5x10,100,100,55.0
2026-09-03,cubesmart,IL,5x11,3,3,49.0
2026-09-03,cubesmart,IL,5x12,6,6,55.0
2026-09-03,cubesmart,IL,5x15,31,31,74.0
2026-09-03,cubesmart,IL,5x16,1,1,61.0
2026-09-03,cubesmart,IL,5x20,4,4,92.0
2026-09-03,cubesmart,IL,5x22,1,1,82.0
2026-09-03,cubesmart,IL,5x4,2,2,33.0
2026-09-03,cubesmart,IL,5x5,95,95,33.0
2026-09-03,cubesmart,IL,5x6,6,6,37.5
2026-09-03,cubesmart,IL,5x7,10,10,45.0
2026-09-03,cubesmart,IL,5x7.5,5,5,50.0
2026-09-03,cubesmart,IL,5x8,8,8,43.0
2026-09-03,cubesmart,IL,5x9,2,2,46.0
2026-09-03,cubesmart,IL,6x10,3,3,45.0
2026-09-03,cubesmart,IL,6x11,1,1,53.0
2026-09-03,cubesmart,IL,6x12,2,2,54.5
2026-09-03,cubesmart,IL,6x15,1,1,62.0
2026-09-03,cubesmart,IL,6x5,1,1,40.0
2026-09-03,cubesmart,IL,6x8,1,1,13.0
2026-09-03,cubesmart,IL,6x9,1,1,59.0
2026-09-03,cubesmart,IL,7.5x10,6,6,79.5
2026-09-03,cubesmart,IL,7.5x5,1,1,57.0
2026-09-03,cubesmart,IL,7x10,3,3,71.0
2026-09-03,cubesmart,IL,7x11,2,2,109.5
2026-09-03,cubesmart,IL,7x12,3,3,71.0
2026-09-03,cubesmart,IL,7x14,1,1,105.0
2026-09-03,cubesmart,IL,7x15,2,2,109.0
2026-09-03,cubesmart,IL,7x16,1,1,75.0
2026-09-03,cubesmart,IL,7x18,1,1,87.0
2026-09-03,cubesmart,IL,7x5,1,1,56.0
2026-09-03,cubesmart,IL,7x7,1,1,42.0
2026-09-03,cubesmart,IL,7x8,1,1,60.0
2026-09-03,cubesmart,IL,7x9,1,1,62.0
2026-09-03,cubesmart,IL,8.5x10,1,1,86.0
2026-09-03,cubesmart,IL,8x10,12,12,88.0
2026-09-03,cubesmart,IL,8x11,1,1,70.0
2026-09-03,cubesmart,IL,8x12,1,1,70.0
2026-09-03,cubesmart,IL,8x15,1,1,80.0
2026-09-03,cubesmart,IL,8x16,1,1,128.0
2026-09-03,cubesmart,IL,8x20,3,3,90.0
2026-09-03,cubesmart,IL,8x25,1,1,248.0
2026-09-03,cubesmart,IL,8x40,1,1,457.0
2026-09-03,cubesmart,IL,8x5,1,1,47.0
2026-09-03,cubesmart,IL,8x8,1,1,67.0
2026-09-03,cubesmart,IL,9x10,2,2,69.0
2026-09-03,cubesmart,IL,9x12,1,1,76.0
2026-09-03,cubesmart,IL,9x20,2,2,114.5
2026-09-03,cubesmart,IL,9x23,1,1,289.0
2026-09-03,cubesmart,IL,9x30,1,1,265.0
2026-09-03,cubesmart,IL,9x9,3,3,86.0
2026-09-03,cubesmart,IL,Other,47,47,80.0
2026-09-03,cubesmart,IN,10x10,24,24,71.5
2026-09-03,cubesmart,IN,10x12,1,1,136.0
2026-09-03,cubesmart,IN,10x12.5,2,2,58.5
2026-09-03,cubesmart,IN,10x13,3,3,73.0
2026-09-03,cubesmart,IN,10x13.5,1,1,53.0
2026-09-03,cubesmart,IN,10x14,2,2,110.0
2026-09-03,cubesmart,IN,10x15,18,18,91.0
2026-09-03,cubesmart,IN,10x17,1,1,158.0
2026-09-03,cubesmart,IN,10x18,2,2,91.0
2026-09-03,cubesmart,IN,10x19,1,1,187.0
2026-09-03,cubesmart,IN,10x20,20,20,120.5
2026-09-03,cubesmart,IN,10x22,1,1,152.0
2026-09-03,cubesmart,IN,10x25,5,5,165.0
2026-09-03,cubesmart,IN,10x27,1,1,266.0
2026-09-03,cubesmart,IN,10x30,3,3,184.0
2026-09-03,cubesmart,IN,10x5,7,7,53.0
2026-09-03,cubesmart,IN,10x7,1,1,71.0
2026-09-03,cubesmart,IN,10x7.5,1,1,39.0
2026-09-03,cubesmart,IN,12x20,1,1,158.0
2026-09-03,cubesmart,IN,12x23,1,1,194.0
2026-09-03,cubesmart,IN,12x40,1,1,236.0
2026-09-03,cubesmart,IN,12x7,1,1,120.0
2026-09-03,cubesmart,IN,13x5,1,1,101.0
2026-09-03,cubesmart,IN,15x20,2,2,154.0
2026-09-03,cubesmart,IN,16x17,1,1,234.0
2026-09-03,cubesmart,IN,16x48,1,1,1938.0
2026-09-03,cubesmart,IN,20x10,4,4,122.0
2026-09-03,cubesmart,IN,20x13,2,2,143.0
2026-09-03,cubesmart,IN,20x14,1,1,193.0
2026-09-03,cubesmart,IN,20x15,6,6,148.0
2026-09-03,cubesmart,IN,20x17,1,1,285.0
2026-09-03,cubesmart,IN,20x19,1,1,302.0
2026-09-03,cubesmart,IN,20x20,3,3,164.0
2026-09-03,cubesmart,IN,30x10,2,2,274.5
2026-09-03,cubesmart,IN,4x9,1,1,72.0
2026-09-03,cubesmart,IN,5x10,17,17,46.0
2026-09-03,cubesmart,IN,5x13,1,1,46.0
2026-09-03,cubesmart,IN,5x17,1,1,96.0
2026-09-03,cubesmart,IN,5x20,1,1,55.0
2026-09-03,cubesmart,IN,5x3,1,1,23.0
2026-09-03,cubesmart,IN,5x4,1,1,38.0
2026-09-03,cubesmart,IN,5x5,10,10,36.0
2026-09-03,cubesmart,IN,5x6,1,1,52.0
2026-09-03,cubesmart,IN,5x7,3,3,53.0
2026-09-03,cubesmart,IN,5x7.5,1,1,24.0
2026-09-03,cubesmart,IN,5x8,2,2,51.0
2026-09-03,cubesmart,IN,6x10,1,1,52.0
2026-09-03,cubesmart,IN,6x12,1,1,59.0
2026-09-03,cubesmart,IN,6x13,1,1,86.0
2026-09-03,cubesmart,IN,6x8,2,2,46.0
2026-09-03,cubesmart,IN,7.5x10,4,4,61.5
2026-09-03,cubesmart,IN,7x10,3,3,84.0
2026-09-03,cubesmart,IN,7x5,1,1,78.0
2026-09-03,cubesmart,IN,7x9,1,1,70.0
2026-09-03,cubesmart,IN,8x10,1,1,92.0
2026-09-03,cubesmart,IN,8x20,1,1,203.0
2026-09-03,cubesmart,IN,8x8,1,1,96.0
2026-09-03,cubesmart,IN,9x14,1,1,67.0
2026-09-03,cubesmart,IN,9x9,1,1,83.0
2026-09-03,cubesmart,IN,Other,7,7,56.0
2026-09-03,cubesmart,KS,10x10,2,2,107.0
2026-09-03,cubesmart,KS,10x12,1,1,44.0
2026-09-03,cubesmart,KS,10x14,1,1,45.0
2026-09-03,cubesmart,KS,10x15,2,2,121.5
2026-09-03,cubesmart,KS,10x20,1,1,300.0
2026-09-03,cubesmart,KS,10x5,2,2,27.5
2026-09-03,cubesmart,KS,10x6,1,1,23.0
2026-09-03,cubesmart,KS,10x7,1,1,26.0
2026-09-03,cubesmart,KS,12x40,1,1,113.0
2026-09-03,cubesmart,KS,4x7,1,1,56.0
2026-09-03,cubesmart,KS,5x10,2,2,65.5
2026-09-03,cubesmart,KS,5x15,1,1,118.0
2026-09-03,cubesmart,KS,5x5,3,3,20.0
2026-09-03,cubesmart,KS,5x9,1,1,22.0
2026-09-03,cubesmart,KS,6x10,1,1,23.0
2026-09-03,cubesmart,KS,8x14,1,1,46.0
2026-09-03,cubesmart,KY,10x10,11,11,88.0
2026-09-03,cubesmart,KY,10x15,12,12,98.0
2026-09-03,cubesmart,KY,10x20,11,11,142.0
2026-09-03,cubesmart,KY,10x30,6,6,192.5
2026-09-03,cubesmart,KY,10x40,1,1,223.0
2026-09-03,cubesmart,KY,10x7.5,3,3,52.0
2026-09-03,cubesmart,KY,12x40,1,1,137.0
2026-09-03,cubesmart,KY,13x20,1,1,163.0
2026-09-03,cubesmart,KY,15x10,1,1,115.0
2026-09-03,cubesmart,KY,15x15,1,1,221.0
2026-09-03,cubesmart,KY,15x20,1,1,202.0
2026-09-03,cubesmart,KY,20x10,1,1,134.0
2026-09-03,cubesmart,KY,20x15,1,1,178.0
2026-09-03,cubesmart,KY,5x10,14,14,59.0
2026-09-03,cubesmart,KY,5x15,3,3,78.0
2026-09-03,cubesmart,KY,5x2,1,1,14.0
2026-09-03,cubesmart,KY,5x5,7,7,32.0
2026-09-03,cubesmart,KY,5x7.5,1,1,25.0
2026-09-03,cubesmart,KY,5x8,1,1,36.0
2026-09-03,cubesmart,KY,7.5x10,1,1,64.0
2026-09-03,cubesmart,KY,Other,7,7,52.0
2026-09-03,cubesmart,LA,10x10,18,18,73.0
2026-09-03,cubesmart,LA,10x12.5,2,2,98.0
2026-09-03,cubesmart,LA,10x14,1,1,178.0
2026-09-03,cubesmart,LA,10x15,14,14,82.0
2026-09-03,cubesmart,LA,10x18,1,1,89.0
2026-09-03,cubesmart,LA,10x20,15,15,119.0
2026-09-03,cubesmart,LA,10x25,7,7,176.0
2026-09-03,cubesmart,LA,10x30,6,6,217.0
2026-09-03,cubesmart,LA,10x5,5,5,75.0
2026-09-03,cubesmart,LA,10x7.5,3,3,64.0
2026-09-03,cubesmart,LA,10x8,1,1,130.0
2026-09-03,cubesmart,LA,12.5x7.5,1,1,73.0
2026-09-03,cubesmart,LA,12x30,1,1,83.0
2026-09-03,cubesmart,LA,13x5,1,1,123.0
2026-09-03,cubesmart,LA,15x10,1,1,63.0
2026-09-03,cubesmart,LA,15x5,2,2,55.5
2026-09-03,cubesmart,LA,17.5x7.5,1,1,94.0
2026-09-03,cubesmart,LA,20x10,3,3,119.0
2026-09-03,cubesmart,LA,20x15,2,2,131.0
2026-09-03,cubesmart,LA,20x18,1,1,252.0
2026-09-03,cubesmart,LA,20x20,3,3,236.0
2026-09-03,cubesmart,LA,20x25,1,1,463.0
2026-09-03,cubesmart,LA,20x5,1,1,161.0
2026-09-03,cubesmart,LA,5x10,13,13,37.0
2026-09-03,cubesmart,LA,5x12.5,1,1,43.0
2026-09-03,cubesmart,LA,5x15,6,6,42.0
2026-09-03,cubesmart,LA,5x5,13,13,41.0
2026-09-03,cubesmart,LA,5x7,1,1,80.0
2026-09-03,cubesmart,LA,5x9,1,1,92.0
2026-09-03,cubesmart,LA,7.5x10,2,2,76.0
2026-09-03,cubesmart,LA,7.5x7,1,1,61.0
2026-09-03,cubesmart,LA,8x10,1,1,43.0
2026-09-03,cubesmart,LA,8x5,1,1,49.0
2026-09-03,cubesmart,LA,9x10,2,2,69.5
2026-09-03,cubesmart,LA,9x20,1,1,86.0
2026-09-03,cubesmart,LA,Other,7,7,48.0
2026-09-03,cubesmart,MA,10.5x20,1,1,883.0
2026-09-03,cubesmart,MA,10x10,95,95,102.0
2026-09-03,cubesmart,MA,10x11,2,2,103.0
2026-09-03,cubesmart,MA,10x12,10,10,127.5
2026-09-03,cubesmart,MA,10x12.5,1,1,307.0
2026-09-03,cubesmart,MA,10x13,3,3,71.0
2026-09-03,cubesmart,MA,10x14,6,6,145.0
2026-09-03,cubesmart,MA,10x15,68,68,143.5
2026-09-03,cubesmart,MA,10x16,1,1,102.0
2026-09-03,cubesmart,MA,10x17,3,3,106.0
2026-09-03,cubesmart,MA,10x18,6,6,201.5
2026-09-03,cubesmart,MA,10x20,58,58,180.5
2026-09-03,cubesmart,MA,10x22,4,4,196.5
2026-09-03,cubesmart,MA,10x23,2,2,200.5
2026-09-03,cubesmart,MA,10x25,20,20,222.5
2026-09-03,cubesmart,MA,10x28,1,1,304.0
2026-09-03,cubesmart,MA,10x30,27,27,241.0
2026-09-03,cubesmart,MA,10x35,1,1,632.0
2026-09-03,cubesmart,MA,10x37,1,1,375.0
2026-09-03,cubesmart,MA,10x40,2,2,369.5
2026-09-03,cubesmart,MA,10x5,36,36,60.0
2026-09-03,cubesmart,MA,10x6,1,1,68.0
2026-09-03,cubesmart,MA,10x7,8,8,67.0
2026-09-03,cubesmart,MA,10x7.5,5,5,73.0
2026-09-03,cubesmart,MA,10x8,10,10,70.5
2026-09-03,cubesmart,MA,10x9,4,4,82.5
2026-09-03,cubesmart,MA,11x10,1,1,100.0
2026-09-03,cubesmart,MA,11x16,1,1,386.0
2026-09-03,cubesmart,MA,11x2.5,1,1,167.0
2026-09-03,cubesmart,MA,11x5,1,1,67.0
2026-09-03,cubesmart,MA,12x10,3,3,135.0
2026-09-03,cubesmart,MA,12x12,3,3,163.0
2026-09-03,cubesmart,MA,12x15,3,3,473.0
2026-09-03,cubesmart,MA,12x17,1,1,529.0
2026-09-03,cubesmart,MA,12x18,2,2,121.0
2026-09-03,cubesmart,MA,12x20,2,2,352.0
2026-09-03,cubesmart,MA,12x28,1,1,247.0
2026-09-03,cubesmart,MA,13x13,1,1,382.0
2026-09-03,cubesmart,MA,13x20,1,1,569.0
2026-09-03,cubesmart,MA,13x29,1,1,247.0
2026-09-03,cubesmart,MA,13x6,1,1,71.0
2026-09-03,cubesmart,MA,13x8,1,1,91.0
2026-09-03,cubesmart,MA,13x9,2,2,104.0
2026-09-03,cubesmart,MA,14x10,2,2,96.5
2026-09-03,cubesmart,MA,14x13,1,1,135.0
2026-09-03,cubesmart,MA,14x18,1,1,662.0
2026-09-03,cubesmart,MA,14x27,1,1,294.0
2026-09-03,cubesmart,MA,14x5,1,1,166.0
2026-09-03,cubesmart,MA,14x7,1,1,59.0
2026-09-03,cubesmart,MA,15x10,6,6,177.0
2026-09-03,cubesmart,MA,15x15,2,2,194.0
2026-09-03,cubesmart,MA,15x17,1,1,246.0
2026-09-03,cubesmart,MA,15x20,4,4,266.0
2026-09-03,cubesmart,MA,15x23,1,1,1066.0
2026-09-03,cubesmart,MA,15x3,1,1,52.0
2026-09-03,cubesmart,MA,15x30,1,1,278.0
2026-09-03,cubesmart,MA,15x5,3,3,83.0
2026-09-03,cubesmart,MA,16x10,2,2,173.5
2026-09-03,cubesmart,MA,16x15,1,1,271.0
2026-09-03,cubesmart,MA,16x16,1,1,572.0
2026-09-03,cubesmart,MA,17x10,1,1,175.0
2026-09-03,cubesmart,MA,18x10,1,1,191.0
2026-09-03,cubesmart,MA,19x8,1,1,198.0
2026-09-03,cubesmart,MA,20x10,15,15,185.0
2026-09-03,cubesmart,MA,20x12,1,1,157.0
2026-09-03,cubesmart,MA,20x15,13,13,195.0
2026-09-03,cubesmart,MA,20x17,2,2,282.0
2026-09-03,cubesmart,MA,20x20,10,10,302.0
2026-09-03,cubesmart,MA,20x25,3,3,422.0
2026-09-03,cubesmart,MA,20x30,2,2,444.0
2026-09-03,cubesmart,MA,20x5,2,2,65.5
2026-09-03,cubesmart,MA,20x8,1,1,96.0
2026-09-03,cubesmart,MA,20x9,1,1,136.0
2026-09-03,cubesmart,MA,25x10,2,2,263.0
2026-09-03,cubesmart,MA,26x5,1,1,145.0
2026-09-03,cubesmart,MA,28x9,1,1,287.0
2026-09-03,cubesmart,MA,2x5,2,2,17.5
2026-09-03,cubesmart,MA,30x10,2,2,218.0
2026-09-03,cubesmart,MA,30x15,3,3,328.0
2026-09-03,cubesmart,MA,3x10,2,2,26.0
2026-09-03,cubesmart,MA,3x4,1,1,44.0
2026-09-03,cubesmart,MA,3x5,6,6,18.5
2026-09-03,cubesmart,MA,3x8,2,2,30.0
2026-09-03,cubesmart,MA,4.5x7,1,1,185.0
2026-09-03,cubesmart,MA,4x10,2,2,42.0
2026-09-03,cubesmart,MA,4x4,5,5,48.0
2026-09-03,cubesmart,MA,4x5,2,2,65.0
2026-09-03,cubesmart,MA,4x7,1,1,23.0
2026-09-03,cubesmart,MA,4x8,2,2,93.0
2026-09-03,cubesmart,MA,50x10,1,1,287.0
2026-09-03,cubesmart,MA,50x15,1,1,308.0
2026-09-03,cubesmart,MA,5x10,73,73,73.0
2026-09-03,cubesmart,MA,5x11,1,1,70.0
2026-09-03,cubesmart,MA,5x12,3,3,72.0
2026-09-03,cubesmart,MA,5x13,1,1,38.0
2026-09-03,cubesmart,MA,5x15,11,11,92.0
2026-09-03,cubesmart,MA,5x17,2,2,116.0
2026-09-03,cubesmart,MA,5x18,1,1,102.0
2026-09-03,cubesmart,MA,5x20,4,4,58.5
2026-09-03,cubesmart,MA,5x3,1,1,17.0
2026-09-03,cubesmart,MA,5x36,1,1,96.0
2026-09-03,cubesmart,MA,5x4,2,2,80.0
2026-09-03,cubesmart,MA,5x5,97,97,43.0
2026-09-03,cubesmart,MA,5x6,5,5,91.0
2026-09-03,cubesmart,MA,5x7,6,6,55.5
2026-09-03,cubesmart,MA,5x7.5,2,2,65.5
2026-09-03,cubesmart,MA,5x8,16,16,68.0
2026-09-03,cubesmart,MA,5x9,2,2,158.0
2026-09-03,cubesmart,MA,6.5x10,2,2,134.5
2026-09-03,cubesmart,MA,6x10,5,5,93.0
2026-09-03,cubesmart,MA,6x15,1,1,86.0
2026-09-03,cubesmart,MA,6x4,1,1,45.0
2026-09-03,cubesmart,MA,6x5,3,3,48.0
2026-09-03,cubesmart,MA,6x6,2,2,138.5
2026-09-03,cubesmart,MA,6x7,1,1,107.0
2026-09-03,cubesmart,MA,6x8,2,2,117.0
2026-09-03,cubesmart,MA,6x8.5,1,1,216.0
2026-09-03,cubesmart,MA,7.5x10,5,5,119.0
2026-09-03,cubesmart,MA,7.5x18,1,1,71.0
2026-09-03,cubesmart,MA,7.5x7,1,1,219.0
2026-09-03,cubesmart,MA,7x10,9,9,89.0
2026-09-03,cubesmart,MA,7x12,1,1,131.0
2026-09-03,cubesmart,MA,7x13,2,2,149.0
2026-09-03,cubesmart,MA,7x14,1,1,115.0
2026-09-03,cubesmart,MA,7x5,2,2,48.0
2026-09-03,cubesmart,MA,7x8,4,4,148.5
2026-09-03,cubesmart,MA,8x10,19,19,91.0
2026-09-03,cubesmart,MA,8x14,2,2,243.0
2026-09-03,cubesmart,MA,8x15,5,5,116.0
2026-09-03,cubesmart,MA,8x16,1,1,353.0
2026-09-03,cubesmart,MA,8x18,1,1,194.0
2026-09-03,cubesmart,MA,8x20,5,5,203.0
2026-09-03,cubesmart,MA,8x25,1,1,492.0
2026-09-03,cubesmart,MA,8x28,1,1,121.0
2026-09-03,cubesmart,MA,8x5,2,2,62.0
2026-09-03,cubesmart,MA,8x8,5,5,132.0
2026-09-03,cubesmart,MA,8x9,1,1,277.0
2026-09-03,cubesmart,MA,9x10,5,5,128.0
2026-09-03,cubesmart,MA,9x12,1,1,332.0
2026-09-03,cubesmart,MA,9x15,1,1,120.0
2026-09-03,cubesmart,MA,9x20,1,1,136.0
2026-09-03,cubesmart,MA,9x5,2,2,55.5
2026-09-03,cubesmart,MA,9x8,1,1,115.0
2026-09-03,cubesmart,MA,9x9,1,1,55.0
2026-09-03,cubesmart,MA,Other,20,20,95.5
2026-09-03,cubesmart,MD,10x10,65,65,124.0
2026-09-03,cubesmart,MD,10x12,4,4,153.5
2026-09-03,cubesmart,MD,10x13,3,3,138.0
2026-09-03,cubesmart,MD,10x14,2,2,153.0
2026-09-03,cubesmart,MD,10x15,58,58,174.5
2026-09-03,cubesmart,MD,10x17,2,2,137.0
2026-09-03,cubesmart,MD,10x17.5,1,1,122.0
2026-09-03,cubesmart,MD,10x18,4,4,257.5
2026-09-03,cubesmart,MD,10x20,56,56,240.5
2026-09-03,cubesmart,MD,10x25,14,14,314.0
2026-09-03,cubesmart,MD,10x28,1,1,229.0
2026-09-03,cubesmart,MD,10x30,25,25,315.0
2026-09-03,cubesmart,MD,10x35,1,1,190.0
2026-09-03,cubesmart,MD,10x40,1,1,195.0
2026-09-03,cubesmart,MD,10x5,14,14,78.0
2026-09-03,cubesmart,MD,10x7,3,3,94.0
2026-09-03,cubesmart,MD,10x7.5,10,10,100.5
2026-09-03,cubesmart,MD,10x8,1,1,71.0
2026-09-03,cubesmart,MD,10x9,1,1,109.0
2026-09-03,cubesmart,MD,12x10,1,1,331.0
2026-09-03,cubesmart,MD,12x20,2,2,361.5
2026-09-03,cubesmart,MD,12x35,1,1,235.0
2026-09-03,cubesmart,MD,13x10,1,1,136.0
2026-09-03,cubesmart,MD,15x10,3,3,107.0
2026-09-03,cubesmart,MD,15x15,2,2,184.5
2026-09-03,cubesmart,MD,15x20,1,1,178.0
2026-09-03,cubesmart,MD,15x4,1,1,120.0
2026-09-03,cubesmart,MD,20x10,15,15,238.0
2026-09-03,cubesmart,MD,20x15,5,5,365.0
2026-09-03,cubesmart,MD,20x20,6,6,375.5
2026-09-03,cubesmart,MD,20x30,1,1,626.0
2026-09-03,cubesmart,MD,20x5,1,1,107.0
2026-09-03,cubesmart,MD,20x7,1,1,128.0
2026-09-03,cubesmart,MD,20x8,1,1,111.0
2026-09-03,cubesmart,MD,30x15,1,1,489.0
2026-09-03,cubesmart,MD,3x3,2,2,12.5
2026-09-03,cubesmart,MD,3x4,2,2,13.5
2026-09-03,cubesmart,MD,3x7,1,1,106.0
2026-09-03,cubesmart,MD,3x8,2,2,23.5
2026-09-03,cubesmart,MD,4x10,1,1,55.0
2026-09-03,cubesmart,MD,4x4,3,3,21.0
2026-09-03,cubesmart,MD,4x5,2,2,82.5
2026-09-03,cubesmart,MD,5x10,54,54,67.0
2026-09-03,cubesmart,MD,5x12,2,2,113.0
2026-09-03,cubesmart,MD,5x14,1,1,64.0
2026-09-03,cubesmart,MD,5x15,16,16,82.0
2026-09-03,cubesmart,MD,5x17,1,1,218.0
2026-09-03,cubesmart,MD,5x30,1,1,155.0
2026-09-03,cubesmart,MD,5x4,2,2,60.5
2026-09-03,cubesmart,MD,5x5,68,68,42.0
2026-09-03,cubesmart,MD,5x6,1,1,47.0
2026-09-03,cubesmart,MD,5x7,7,7,58.0
2026-09-03,cubesmart,MD,5x7.5,1,1,47.0
2026-09-03,cubesmart,MD,5x8,10,10,56.5
2026-09-03,cubesmart,MD,5x9,1,1,61.0
2026-09-03,cubesmart,MD,6x10,2,2,59.0
2026-09-03,cubesmart,MD,7.5x10,6,6,120.5
2026-09-03,cubesmart,MD,7.5x5,1,1,58.0
2026-09-03,cubesmart,MD,7x10,10,10,74.5
2026-09-03,cubesmart,MD,7x16,1,1,124.0
2026-09-03,cubesmart,MD,7x5,1,1,58.0
2026-09-03,cubesmart,MD,7x8,1,1,61.0
2026-09-03,cubesmart,MD,8x10,5,5,102.0
2026-09-03,cubesmart,MD,8x12,1,1,58.0
2026-09-03,cubesmart,MD,8x13,1,1,115.0
2026-09-03,cubesmart,MD,8x20,1,1,220.0
2026-09-03,cubesmart,MD,8x5,1,1,136.0
2026-09-03,cubesmart,MD,8x7,1,1,61.0
2026-09-03,cubesmart,MD,8x8,1,1,175.0
2026-09-03,cubesmart,MD,8x9,1,1,91.0
2026-09-03,cubesmart,MD,9x10,1,1,112.0
2026-09-03,cubesmart,MD,9x14,1,1,132.0
2026-09-03,cubesmart,MD,9x20,2,2,239.0
2026-09-03,cubesmart,MD,9x5,1,1,71.0
2026-09-03,cubesmart,MD,Other,20,20,92.0
2026-09-03,cubesmart,ME,10x10,6,6,81.0
2026-09-03,cubesmart,ME,10x15,5,5,105.0
2026-09-03,cubesmart,ME,10x20,6,6,133.5
2026-09-03,cubesmart,ME,10x30,2,2,197.5
2026-09-03,cubesmart,ME,10x5,2,2,47.5
2026-09-03,cubesmart,ME,10x8,2,2,66.5
2026-09-03,cubesmart,ME,15x10,1,1,96.0
2026-09-03,cubesmart,ME,15x15,1,1,188.0
2026-09-03,cubesmart,ME,15x20,1,1,213.0
2026-09-03,cubesmart,ME,15x5,1,1,61.0
2026-09-03,cubesmart,ME,20x10,2,2,148.0
2026-09-03,cubesmart,ME,20x20,1,1,240.0
2026-09-03,cubesmart,ME,20x30,1,1,288.0
2026-09-03,cubesmart,ME,5x10,5,5,53.0
2026-09-03,cubesmart,ME,5x15,1,1,44.0
2026-09-03,cubesmart,ME,5x20,2,2,66.5
2026-09-03,cubesmart,ME,5x5,6,6,36.0
2026-09-03,cubesmart,ME,5x8,2,2,42.0
2026-09-03,cubesmart,ME,8x10,2,2,65.0
2026-09-03,cubesmart,ME,8x5,1,1,38.0
2026-09-03,cubesmart,ME,Other,1,1,75.0
2026-09-03,cubesmart,MI,10x10,31,31,92.0
2026-09-03,cubesmart,MI,10x12,5,5,92.0
2026-09-03,cubesmart,MI,10x13,4,4,88.0
2026-09-03,cubesmart,MI,10x14,1,1,96.0
2026-09-03,cubesmart,MI,10x15,26,26,132.5
2026-09-03,cubesmart,MI,10x17,1,1,145.0
2026-09-03,cubesmart,MI,10x20,30,30,166.5
2026-09-03,cubesmart,MI,10x22,1,1,109.0
2026-09-03,cubesmart,MI,10x23,1,1,175.0
2026-09-03,cubesmart,MI,10x25,17,17,192.0
2026-09-03,cubesmart,MI,10x3,1,1,25.0
2026-09-03,cubesmart,MI,10x30,11,11,259.0
2026-09-03,cubesmart,MI,10x32,1,1,216.0
2026-09-03,cubesmart,MI,10x35,1,1,404.0
2026-09-03,cubesmart,MI,10x4,1,1,33.0
2026-09-03,cubesmart,MI,10x40,2,2,347.0
2026-09-03,cubesmart,MI,10x5,14,14,50.5
2026-09-03,cubesmart,MI,10x7,4,4,69.0
2026-09-03,cubesmart,MI,10x8,8,8,73.5
2026-09-03,cubesmart,MI,10x9,3,3,68.0
2026-09-03,cubesmart,MI,12x10,4,4,108.5
2026-09-03,cubesmart,MI,12x14,1,1,186.0
2026-09-03,cubesmart,MI,12x16,1,1,175.0
2026-09-03,cubesmart,MI,12x40,2,2,306.5
2026-09-03,cubesmart,MI,12x5,1,1,52.0
2026-09-03,cubesmart,MI,12x50,1,1,253.0
2026-09-03,cubesmart,MI,13x10,1,1,135.0
2026-09-03,cubesmart,MI,13x15,1,1,205.0
2026-09-03,cubesmart,MI,13x20,1,1,148.0
2026-09-03,cubesmart,MI,13x25,1,1,277.0
2026-09-03,cubesmart,MI,13x30,1,1,406.0
2026-09-03,cubesmart,MI,13x4,1,1,49.0
2026-09-03,cubesmart,MI,14x14,1,1,149.0
2026-09-03,cubesmart,MI,14x40,1,1,281.0
2026-09-03,cubesmart,MI,15x10,3,3,134.0
2026-09-03,cubesmart,MI,15x13,1,1,99.0
2026-09-03,cubesmart,MI,15x15,1,1,204.0
2026-09-03,cubesmart,MI,15x20,2,2,318.5
2026-09-03,cubesmart,MI,15x25,1,1,359.0
2026-09-03,cubesmart,MI,15x5,2,2,76.0
2026-09-03,cubesmart,MI,15x8,1,1,169.0
2026-09-03,cubesmart,MI,16x7,1,1,167.0
2026-09-03,cubesmart,MI,20x10,5,5,194.0
2026-09-03,cubesmart,MI,20x12,1,1,232.0
2026-09-03,cubesmart,MI,20x15,11,11,208.0
2026-09-03,cubesmart,MI,20x16,1,1,250.0
2026-09-03,cubesmart,MI,20x20,6,6,299.5
2026-09-03,cubesmart,MI,20x22,1,1,239.0
2026-09-03,cubesmart,MI,20x23,1,1,278.0
2026-09-03,cubesmart,MI,20x25,6,6,400.5
2026-09-03,cubesmart,MI,20x30,2,2,520.0
2026-09-03,cubesmart,MI,20x5,1,1,122.0
2026-09-03,cubesmart,MI,20x8,1,1,87.0
2026-09-03,cubesmart,MI,25x30,1,1,509.0
2026-09-03,cubesmart,MI,2x2,2,2,20.0
2026-09-03,cubesmart,MI,2x4,1,1,11.0
2026-09-03,cubesmart,MI,30x10,2,2,245.0
2026-09-03,cubesmart,MI,30x15,2,2,364.5
2026-09-03,cubesmart,MI,30x25,1,1,509.0
2026-09-03,cubesmart,MI,40x15,1,1,462.0
2026-09-03,cubesmart,MI,40x8,1,1,338.0
2026-09-03,cubesmart,MI,4x13,1,1,52.0
2026-09-03,cubesmart,MI,4x5,1,1,28.0
2026-09-03,cubesmart,MI,4x8,1,1,58.0
2026-09-03,cubesmart,MI,5x10,25,25,54.0
2026-09-03,cubesmart,MI,5x12,1,1,52.0
2026-09-03,cubesmart,MI,5x15,13,13,65.0
2026-09-03,cubesmart,MI,5x25,1,1,133.0
2026-09-03,cubesmart,MI,5x4,2,2,19.5
2026-09-03,cubesmart,MI,5x5,32,32,41.0
2026-09-03,cubesmart,MI,5x7,4,4,68.5
2026-09-03,cubesmart,MI,5x8,6,6,38.5
2026-09-03,cubesmart,MI,5x9,2,2,39.5
2026-09-03,cubesmart,MI,6x17,1,1,121.0
2026-09-03,cubesmart,MI,6x18,1,1,109.0
2026-09-03,cubesmart,MI,6x5,1,1,38.0
2026-09-03,cubesmart,MI,7.5x10,1,1,50.0
2026-09-03,cubesmart,MI,7x10,5,5,76.0
2026-09-03,cubesmart,MI,7x13,2,2,82.5
2026-09-03,cubesmart,MI,7x14,1,1,59.0
2026-09-03,cubesmart,MI,7x15,2,2,105.5
2026-09-03,cubesmart,MI,7x20,3,3,112.0
2026-09-03,cubesmart,MI,7x5,1,1,32.0
2026-09-03,cubesmart,MI,7x8,1,1,55.0
2026-09-03,cubesmart,MI,8x10,5,5,77.0
2026-09-03,cubesmart,MI,8x12,1,1,76.0
2026-09-03,cubesmart,MI,8x13,1,1,93.0
2026-09-03,cubesmart,MI,8x15,3,3,103.0
2026-09-03,cubesmart,MI,8x20,3,3,125.0
2026-09-03,cubesmart,MI,8x25,1,1,215.0
2026-09-03,cubesmart,MI,8x30,1,1,206.0
2026-09-03,cubesmart,MI,8x5,3,3,42.0
2026-09-03,cubesmart,MI,8x6,1,1,53.0
2026-09-03,cubesmart,MI,8x7,1,1,67.0
2026-09-03,cubesmart,MI,8x8,1,1,41.0
2026-09-03,cubesmart,MI,9x10,1,1,80.0
2026-09-03,cubesmart,MI,9x12,1,1,63.0
2026-09-03,cubesmart,MI,9x14,1,1,126.0
2026-09-03,cubesmart,MI,Other,11,11,58.0
2026-09-03,cubesmart,MN,10x10,8,8,71.5
2026-09-03,cubesmart,MN,10x15,5,5,130.0
2026-09-03,cubesmart,MN,10x20,8,8,184.5
2026-09-03,cubesmart,MN,10x25,3,3,230.0
2026-09-03,cubesmart,MN,10x30,3,3,241.0
2026-09-03,cubesmart,MN,10x35,1,1,143.0
2026-09-03,cubesmart,MN,10x5,5,5,42.0
2026-09-03,cubesmart,MN,10x7.5,2,2,80.0
2026-09-03,cubesmart,MN,12x10,1,1,67.0
2026-09-03,cubesmart,MN,12x15,1,1,98.0
2026-09-03,cubesmart,MN,12x20,1,1,121.0
2026-09-03,cubesmart,MN,12x30,1,1,212.0
2026-09-03,cubesmart,MN,12x35,1,1,186.0
2026-09-03,cubesmart,MN,20x10,3,3,177.0
2026-09-03,cubesmart,MN,20x20,2,2,360.5
2026-09-03,cubesmart,MN,5x10,7,7,43.0
2026-09-03,cubesmart,MN,5x2.5,1,1,33.0
2026-09-03,cubesmart,MN,5x5,6,6,24.5
2026-09-03,cubesmart,MN,5x7,1,1,31.0
2026-09-03,cubesmart,MN,5x7.5,1,1,33.0
2026-09-03,cubesmart,MN,6x10,2,2,37.0
2026-09-03,cubesmart,MN,6x15,1,1,58.0
2026-09-03,cubesmart,MN,7.5x10,3,3,56.0
2026-09-03,cubesmart,MN,Other,1,1,93.0
2026-09-03,cubesmart,MO,10x10,1,1,40.0
2026-09-03,cubesmart,MO,10x11,1,1,42.0
2026-09-03,cubesmart,MO,10x12,1,1,44.0
2026-09-03,cubesmart,MO,10x13,2,2,55.0
2026-09-03,cubesmart,MO,10x14,1,1,56.0
2026-09-03,cubesmart,MO,10x15,2,2,58.5
2026-09-03,cubesmart,MO,10x17,1,1,61.0
2026-09-03,cubesmart,MO,10x20,2,2,74.0
2026-09-03,cubesmart,MO,10x5,1,1,27.0
2026-09-03,cubesmart,MO,10x8,1,1,33.0
2026-09-03,cubesmart,MO,22x20,1,1,86.0
2026-09-03,cubesmart,MO,5x10,1,1,27.0
2026-09-03,cubesmart,MO,5x5,3,3,21.0
2026-09-03,cubesmart,MO,5x7,1,1,28.0
2026-09-03,cubesmart,MO,5x8,2,2,27.0
2026-09-03,cubesmart,MO,6x15,1,1,36.0
2026-09-03,cubesmart,MO,6x17,1,1,40.0
2026-09-03,cubesmart,MO,7.5x15,1,1,55.0
2026-09-03,cubesmart,MO,7x10,1,1,31.0
2026-09-03,cubesmart,MO,7x7,1,1,26.0
2026-09-03,cubesmart,MO,7x9,1,1,28.0
2026-09-03,cubesmart,MO,8x10,2,2,41.0
2026-09-03,cubesmart,MO,8x14,1,1,43.0
2026-09-03,cubesmart,MO,8x20,1,1,62.0
2026-09-03,cubesmart,MO,Other,1,1,31.0
2026-09-03,cubesmart,MS,10x10,6,6,108.5
2026-09-03,cubesmart,MS,10x11,1,1,115.0
2026-09-03,cubesmart,MS,10x12,1,1,105.0
2026-09-03,cubesmart,MS,10x13,1,1,133.0
2026-09-03,cubesmart,MS,10x14,1,1,116.0
2026-09-03,cubesmart,MS,10x15,6,6,120.5
2026-09-03,cubesmart,MS,10x20,5,5,149.0
2026-09-03,cubesmart,MS,10x25,3,3,163.0
2026-09-03,cubesmart,MS,10x27,2,2,186.5
2026-09-03,cubesmart,MS,10x30,2,2,174.0
2026-09-03,cubesmart,MS,10x5,6,6,85.0
2026-09-03,cubesmart,MS,11x12,1,1,118.0
2026-09-03,cubesmart,MS,12x10,1,1,105.0
2026-09-03,cubesmart,MS,12x11,1,1,109.0
2026-09-03,cubesmart,MS,12x12,1,1,119.0
2026-09-03,cubesmart,MS,12x14,1,1,123.0
2026-09-03,cubesmart,MS,12x15,1,1,160.0
2026-09-03,cubesmart,MS,12x18,1,1,175.0
2026-09-03,cubesmart,MS,12x25,2,2,213.5
2026-09-03,cubesmart,MS,12x30,1,1,249.0
2026-09-03,cubesmart,MS,12x35,1,1,331.0
2026-09-03,cubesmart,MS,12x4,1,1,27.0
2026-09-03,cubesmart,MS,12x7,1,1,80.0
2026-09-03,cubesmart,MS,13x15,1,1,160.0
2026-09-03,cubesmart,MS,15x10,1,1,138.0
2026-09-03,cubesmart,MS,15x15,1,1,157.0
2026-09-03,cubesmart,MS,19x5,1,1,86.0
2026-09-03,cubesmart,MS,20x10,2,2,146.5
2026-09-03,cubesmart,MS,20x14,1,1,200.0
2026-09-03,cubesmart,MS,20x15,2,2,165.0
2026-09-03,cubesmart,MS,20x20,1,1,231.0
2026-09-03,cubesmart,MS,24x12,1,1,205.0
2026-09-03,cubesmart,MS,24x15,1,1,275.0
2026-09-03,cubesmart,MS,25x12,1,1,209.0
2026-09-03,cubesmart,MS,25x25,1,1,412.0
2026-09-03,cubesmart,MS,4x4,1,1,8.0
2026-09-03,cubesmart,MS,5x10,6,6,72.5
2026-09-03,cubesmart,MS,5x15,4,4,101.5
2026-09-03,cubesmart,MS,5x20,1,1,116.0
2026-09-03,cubesmart,MS,5x5,9,9,47.0
2026-09-03,cubesmart,MS,6x10,1,1,77.0
2026-09-03,cubesmart,MS,7x10,2,2,88.0
2026-09-03,cubesmart,MS,7x20,1,1,122.0
2026-09-03,cubesmart,MS,8x20,1,1,76.0
2026-09-03,cubesmart,MS,8x40,1,1,112.0
2026-09-03,cubesmart,MS,8x5,1,1,96.0
2026-09-03,cubesmart,MS,Other,8,8,35.5
2026-09-03,cubesmart,NC,1.5x2.5,1,1,37.0
2026-09-03,cubesmart,NC,1.5x3,1,1,54.0
2026-09-03,cubesmart,NC,10x10,74,74,89.0
2026-09-03,cubesmart,NC,10x11,2,2,109.5
2026-09-03,cubesmart,NC,10x12,6,6,95.5
2026-09-03,cubesmart,NC,10x13,5,5,97.0
2026-09-03,cubesmart,NC,10x15,69,69,119.0
2026-09-03,cubesmart,NC,10x16,1,1,225.0
2026-09-03,cubesmart,NC,10x16.5,1,1,142.0
2026-09-03,cubesmart,NC,10x17,1,1,130.0
2026-09-03,cubesmart,NC,10x18,4,4,141.5
2026-09-03,cubesmart,NC,10x19,1,1,219.0
2026-09-03,cubesmart,NC,10x20,66,66,180.5
2026-09-03,cubesmart,NC,10x22,3,3,182.0
2026-09-03,cubesmart,NC,10x22.5,1,1,230.0
2026-09-03,cubesmart,NC,10x25,24,24,237.0
2026-09-03,cubesmart,NC,10x3,1,1,27.0
2026-09-03,cubesmart,NC,10x30,19,19,242.0
2026-09-03,cubesmart,NC,10x32,1,1,269.0
2026-09-03,cubesmart,NC,10x35,1,1,213.0
2026-09-03,cubesmart,NC,10x40,2,2,145.0
2026-09-03,cubesmart,NC,10x5,50,50,56.0
2026-09-03,cubesmart,NC,10x7,6,6,60.5
2026-09-03,cubesmart,NC,10x7.5,7,7,80.0
2026-09-03,cubesmart,NC,10x8,8,8,71.5
2026-09-03,cubesmart,NC,12x10,1,1,137.0
2026-09-03,cubesmart,NC,12x15,1,1,116.0
2026-09-03,cubesmart,NC,12x5,1,1,95.0
2026-09-03,cubesmart,NC,13.5x18.5,1,1,232.0
2026-09-03,cubesmart,NC,15x10,4,4,152.0
2026-09-03,cubesmart,NC,15x15,3,3,183.0
2026-09-03,cubesmart,NC,15x18,1,1,209.0
2026-09-03,cubesmart,NC,15x20,2,2,179.0
2026-09-03,cubesmart,NC,15x5,1,1,69.0
2026-09-03,cubesmart,NC,1x2,1,1,23.0
2026-09-03,cubesmart,NC,2.5x2,6,6,54.0
2026-09-03,cubesmart,NC,2.5x3,7,7,80.0
2026-09-03,cubesmart,NC,2.5x3.5,2,2,100.5
2026-09-03,cubesmart,NC,20x10,20,20,155.0
2026-09-03,cubesmart,NC,20x12,1,1,209.0
2026-09-03,cubesmart,NC,20x15,15,15,189.0
2026-09-03,cubesmart,NC,20x20,6,6,231.5
2026-09-03,cubesmart,NC,20x25,2,2,426.5
2026-09-03,cubesmart,NC,20x30,3,3,295.0
2026-09-03,cubesmart,NC,20x40,1,1,314.0
2026-09-03,cubesmart,NC,25x10,1,1,188.0
2026-09-03,cubesmart,NC,2x1.5,1,1,26.0
2026-09-03,cubesmart,NC,2x2,8,8,37.0
2026-09-03,cubesmart,NC,2x2.5,6,6,54.0
2026-09-03,cubesmart,NC,2x3,11,11,61.0
2026-09-03,cubesmart,NC,3.5x10,1,1,33.0
2026-09-03,cubesmart,NC,3.5x3,1,1,112.0
2026-09-03,cubesmart,NC,3.5x3.5,1,1,137.0
2026-09-03,cubesmart,NC,30x50,1,1,484.0
2026-09-03,cubesmart,NC,3x10,1,1,37.0
2026-09-03,cubesmart,NC,3x2,2,2,64.0
2026-09-03,cubesmart,NC,3x3,12,12,92.0
2026-09-03,cubesmart,NC,3x3.5,3,3,104.0
2026-09-03,cubesmart,NC,3x4,1,1,155.0
2026-09-03,cubesmart,NC,3x5,5,5,22.0
2026-09-03,cubesmart,NC,3x6,2,2,151.0
2026-09-03,cubesmart,NC,4.5x2,1,1,107.0
2026-09-03,cubesmart,NC,4.5x3,1,1,57.0
2026-09-03,cubesmart,NC,4x3,3,3,128.0
2026-09-03,cubesmart,NC,4x3.5,1,1,139.0
2026-09-03,cubesmart,NC,4x4,2,2,15.0
2026-09-03,cubesmart,NC,5x10,47,47,53.0
2026-09-03,cubesmart,NC,5x12,1,1,67.0
2026-09-03,cubesmart,NC,5x15,16,16,63.0
2026-09-03,cubesmart,NC,5x20,2,2,125.0
2026-09-03,cubesmart,NC,5x4,2,2,23.0
2026-09-03,cubesmart,NC,5x5,56,56,31.5
2026-09-03,cubesmart,NC,5x6,1,1,36.0
2026-09-03,cubesmart,NC,5x7,6,6,44.5
2026-09-03,cubesmart,NC,5x7.5,4,4,27.5
2026-09-03,cubesmart,NC,5x8,4,4,27.5
2026-09-03,cubesmart,NC,5x8.5,1,1,61.0
2026-09-03,cubesmart,NC,6x10,4,4,72.0
2026-09-03,cubesmart,NC,6x3,1,1,192.0
2026-09-03,cubesmart,NC,6x4,1,1,42.0
2026-09-03,cubesmart,NC,6x6,1,1,32.0
2026-09-03,cubesmart,NC,7.5x10,8,8,57.5
2026-09-03,cubesmart,NC,7.5x15,1,1,82.0
2026-09-03,cubesmart,NC,7x10,5,5,56.0
2026-09-03,cubesmart,NC,7x15,1,1,86.0
2026-09-03,cubesmart,NC,7x3,1,1,198.0
2026-09-03,cubesmart,NC,7x5,1,1,34.0
2026-09-03,cubesmart,NC,7x7,2,2,61.0
2026-09-03,cubesmart,NC,7x8,2,2,74.0
2026-09-03,cubesmart,NC,8.5x5,1,1,61.0
2026-09-03,cubesmart,NC,8x10,5,5,75.0
2026-09-03,cubesmart,NC,8x15,1,1,186.0
2026-09-03,cubesmart,NC,8x20,2,2,205.5
2026-09-03,cubesmart,NC,8x5,1,1,40.0
2026-09-03,cubesmart,NC,9x15,1,1,232.0
2026-09-03,cubesmart,NC,9x20,3,3,206.0
2026-09-03,cubesmart,NC,Other,25,25,91.0
2026-09-03,cubesmart,NH,10x10,1,1,84.0
2026-09-03,cubesmart,NH,10x12,1,1,85.0
2026-09-03,cubesmart,NH,10x15,1,1,114.0
2026-09-03,cubesmart,NH,10x20,2,2,153.5
2026-09-03,cubesmart,NH,10x5,1,1,68.0
2026-09-03,cubesmart,NH,10x8,1,1,75.0
2026-09-03,cubesmart,NH,12x12,1,1,109.0
2026-09-03,cubesmart,NH,12x5,1,1,72.0
2026-09-03,cubesmart,NH,13x10,1,1,107.0
2026-09-03,cubesmart,NH,15x13,1,1,134.0
2026-09-03,cubesmart,NH,20x12,1,1,237.0
2026-09-03,cubesmart,NH,5x12,1,1,72.0
2026-09-03,cubesmart,NH,5x5,1,1,45.0
2026-09-03,cubesmart,NH,8x10,1,1,72.0
2026-09-03,cubesmart,NH,8x20,1,1,119.0
2026-09-03,cubesmart,NH,8x7,1,1,70.0
2026-09-03,cubesmart,NH,9x10,1,1,78.0
2026-09-03,cubesmart,NJ,10x10,90,90,113.0
2026-09-03,cubesmart,NJ,10x11,1,1,55.0
2026-09-03,cubesmart,NJ,10x12,7,7,193.0
2026-09-03,cubesmart,NJ,10x13,8,8,176.5
2026-09-03,cubesmart,NJ,10x14,3,3,167.0
2026-09-03,cubesmart,NJ,10x15,74,74,189.5
2026-09-03,cubesmart,NJ,10x16,2,2,190.5
2026-09-03,cubesmart,NJ,10x17,1,1,227.0
2026-09-03,cubesmart,NJ,10x17.5,1,1,233.0
2026-09-03,cubesmart,NJ,10x18,8,8,304.5
2026-09-03,cubesmart,NJ,10x19,1,1,325.0
2026-09-03,cubesmart,NJ,10x20,59,59,249.0
2026-09-03,cubesmart,NJ,10x25,32,32,307.0
2026-09-03,cubesmart,NJ,10x28,1,1,307.0
2026-09-03,cubesmart,NJ,10x30,20,20,286.5
2026-09-03,cubesmart,NJ,10x35,2,2,320.0
2026-09-03,cubesmart,NJ,10x4,2,2,86.5
2026-09-03,cubesmart,NJ,10x40,2,2,211.5
2026-09-03,cubesmart,NJ,10x5,21,21,77.0
2026-09-03,cubesmart,NJ,10x6,2,2,89.5
2026-09-03,cubesmart,NJ,10x7,11,11,86.0
2026-09-03,cubesmart,NJ,10x7.5,5,5,60.0
2026-09-03,cubesmart,NJ,10x8,4,4,120.5
2026-09-03,cubesmart,NJ,10x9,4,4,86.0
2026-09-03,cubesmart,NJ,11x10,1,1,175.0
2026-09-03,cubesmart,NJ,11x16,1,1,223.0
2026-09-03,cubesmart,NJ,12x13,1,1,278.0
2026-09-03,cubesmart,NJ,12x16,2,2,276.0
2026-09-03,cubesmart,NJ,12x40,1,1,226.0
2026-09-03,cubesmart,NJ,12x5,1,1,151.0
2026-09-03,cubesmart,NJ,13x13,1,1,224.0
2026-09-03,cubesmart,NJ,15x10,3,3,286.0
2026-09-03,cubesmart,NJ,15x15,2,2,292.5
2026-09-03,cubesmart,NJ,15x18,1,1,384.0
2026-09-03,cubesmart,NJ,15x20,1,1,643.0
2026-09-03,cubesmart,NJ,15x5,2,2,166.5
2026-09-03,cubesmart,NJ,15x7.5,1,1,86.0
2026-09-03,cubesmart,NJ,17x13,1,1,352.0
2026-09-03,cubesmart,NJ,18x10,2,2,266.5
2026-09-03,cubesmart,NJ,18x15,1,1,341.0
2026-09-03,cubesmart,NJ,20x10,10,10,214.5
2026-09-03,cubesmart,NJ,20x15,6,6,306.0
2026-09-03,cubesmart,NJ,20x20,5,5,424.0
2026-09-03,cubesmart,NJ,20x25,1,1,194.0
2026-09-03,cubesmart,NJ,20x30,3,3,580.0
2026-09-03,cubesmart,NJ,20x40,1,1,828.0
2026-09-03,cubesmart,NJ,21x12,1,1,279.0
2026-09-03,cubesmart,NJ,30x10,1,1,172.0
2026-09-03,cubesmart,NJ,39x65,1,1,2180.0
2026-09-03,cubesmart,NJ,3x3,2,2,18.5
2026-09-03,cubesmart,NJ,3x4,1,1,14.0
2026-09-03,cubesmart,NJ,3x5,2,2,30.0
2026-09-03,cubesmart,NJ,3x6,1,1,57.0
2026-09-03,cubesmart,NJ,4x10,2,2,79.0
2026-09-03,cubesmart,NJ,4x4,3,3,25.0
2026-09-03,cubesmart,NJ,4x5,5,5,40.0
2026-09-03,cubesmart,NJ,4x7,1,1,71.0
2026-09-03,cubesmart,NJ,4x8,2,2,59.0
2026-09-03,cubesmart,NJ,5x10,83,83,62.0
2026-09-03,cubesmart,NJ,5x11,1,1,33.0
2026-09-03,cubesmart,NJ,5x12,5,5,124.0
2026-09-03,cubesmart,NJ,5x13,3,3,85.0
2026-09-03,cubesmart,NJ,5x15,23,23,79.0
2026-09-03,cubesmart,NJ,5x20,1,1,194.0
2026-09-03,cubesmart,NJ,5x3.5,2,2,23.0
2026-09-03,cubesmart,NJ,5x4,2,2,52.5
2026-09-03,cubesmart,NJ,5x5,99,99,41.0
2026-09-03,cubesmart,NJ,5x6,4,4,57.0
2026-09-03,cubesmart,NJ,5x7,8,8,49.5
2026-09-03,cubesmart,NJ,5x7.5,3,3,48.0
2026-09-03,cubesmart,NJ,5x8,13,13,89.0
2026-09-03,cubesmart,NJ,5x9,6,6,68.0
2026-09-03,cubesmart,NJ,6x10,2,2,94.5
2026-09-03,cubesmart,NJ,6x5,1,1,32.0
2026-09-03,cubesmart,NJ,6x9,1,1,64.0
2026-09-03,cubesmart,NJ,7.5x10,4,4,66.5
2026-09-03,cubesmart,NJ,7x10,7,7,87.0
2026-09-03,cubesmart,NJ,7x13,2,2,160.5
2026-09-03,cubesmart,NJ,7x15,1,1,171.0
2026-09-03,cubesmart,NJ,7x16,1,1,105.0
2026-09-03,cubesmart,NJ,7x5,2,2,71.5
2026-09-03,cubesmart,NJ,7x7,1,1,104.0
2026-09-03,cubesmart,NJ,8x10,9,9,88.0
2026-09-03,cubesmart,NJ,8x12,1,1,197.0
2026-09-03,cubesmart,NJ,8x14,1,1,212.0
2026-09-03,cubesmart,NJ,8x15,1,1,121.0
2026-09-03,cubesmart,NJ,8x16,1,1,252.0
2026-09-03,cubesmart,NJ,8x17,1,1,265.0
2026-09-03,cubesmart,NJ,8x18,1,1,257.0
2026-09-03,cubesmart,NJ,8x20,2,2,199.0
2026-09-03,cubesmart,NJ,8x25,1,1,163.0
2026-09-03,cubesmart,NJ,8x4,1,1,65.0
2026-09-03,cubesmart,NJ,8x5,2,2,80.5
2026-09-03,cubesmart,NJ,8x8,8,8,134.5
2026-09-03,cubesmart,NJ,9x10,4,4,105.5
2026-09-03,cubesmart,NJ,9x15,1,1,181.0
2026-09-03,cubesmart,NJ,9x20,3,3,307.0
2026-09-03,cubesmart,NJ,9x7,1,1,91.0
2026-09-03,cubesmart,NJ,9x9,1,1,113.0
2026-09-03,cubesmart,NJ,Other,22,22,157.0
2026-09-03,cubesmart,NM,10x10,9,9,69.0
2026-09-03,cubesmart,NM,10x12,2,2,108.5
2026-09-03,cubesmart,NM,10x12.5,1,1,105.0
2026-09-03,cubesmart,NM,10x15,6,6,103.0
2026-09-03,cubesmart,NM,10x20,4,4,122.0
2026-09-03,cubesmart,NM,10x30,1,1,171.0
2026-09-03,cubesmart,NM,10x5,5,5,37.0
2026-09-03,cubesmart,NM,10x7,1,1,39.0
2026-09-03,cubesmart,NM,10x7.5,1,1,41.0
2026-09-03,cubesmart,NM,10x9,1,1,44.0
2026-09-03,cubesmart,NM,15x10,1,1,127.0
2026-09-03,cubesmart,NM,20x10,2,2,140.0
2026-09-03,cubesmart,NM,20x20,2,2,339.5
2026-09-03,cubesmart,NM,20x30,1,1,298.0
2026-09-03,cubesmart,NM,5x10,7,7,43.0
2026-09-03,cubesmart,NM,5x15,1,1,40.0
2026-09-03,cubesmart,NM,5x5,5,5,26.0
2026-09-03,cubesmart,NM,5x7,1,1,30.0
2026-09-03,cubesmart,NM,5x7.5,1,1,30.0
2026-09-03,cubesmart,NM,5x8,1,1,80.0
2026-09-03,cubesmart,NM,6x10,1,1,77.0
2026-09-03,cubesmart,NM,6x8,1,1,42.0
2026-09-03,cubesmart,NM,7.5x10,4,4,47.0
2026-09-03,cubesmart,NM,7x5,1,1,73.0
2026-09-03,cubesmart,NM,8x12,1,1,57.0
2026-09-03,cubesmart,NM,8x14,1,1,66.0
2026-09-03,cubesmart,NM,8x8,1,1,42.0
2026-09-03,cubesmart,NM,Other,13,13,49.0
2026-09-03,cubesmart,NV,10x10,53,53,82.0
2026-09-03,cubesmart,NV,10x15,34,34,122.0
2026-09-03,cubesmart,NV,10x17,1,1,96.0
2026-09-03,cubesmart,NV,10x18,1,1,172.0
2026-09-03,cubesmart,NV,10x20,28,28,166.0
2026-09-03,cubesmart,NV,10x23,1,1,250.0
2026-09-03,cubesmart,NV,10x24,1,1,203.0
2026-09-03,cubesmart,NV,10x25,14,14,220.0
2026-09-03,cubesmart,NV,10x26,1,1,204.0
2026-09-03,cubesmart,NV,10x30,17,17,204.0
2026-09-03,cubesmart,NV,10x35,4,4,138.5
2026-09-03,cubesmart,NV,10x40,2,2,231.5
2026-09-03,cubesmart,NV,10x45,1,1,243.0
2026-09-03,cubesmart,NV,10x48,1,1,184.0
2026-09-03,cubesmart,NV,10x5,8,8,47.5
2026-09-03,cubesmart,NV,10x50,3,3,184.0
2026-09-03,cubesmart,NV,10x7.5,2,2,58.5
2026-09-03,cubesmart,NV,11x20,1,1,109.0
2026-09-03,cubesmart,NV,11x30,2,2,122.0
2026-09-03,cubesmart,NV,11x7,1,1,63.0
2026-09-03,cubesmart,NV,12x25,1,1,204.0
2026-09-03,cubesmart,NV,12x26,1,1,101.0
2026-09-03,cubesmart,NV,12x27,1,1,181.0
2026-09-03,cubesmart,NV,12x30,1,1,239.0
2026-09-03,cubesmart,NV,12x35,2,2,286.0
2026-09-03,cubesmart,NV,15x10,1,1,101.0
2026-09-03,cubesmart,NV,15x15,1,1,244.0
2026-09-03,cubesmart,NV,15x20,1,1,282.0
2026-09-03,cubesmart,NV,15x30,1,1,308.0
2026-09-03,cubesmart,NV,15x5,1,1,54.0
2026-09-03,cubesmart,NV,20x10,4,4,199.5
2026-09-03,cubesmart,NV,20x15,5,5,200.0
2026-09-03,cubesmart,NV,20x18,1,1,276.0
2026-09-03,cubesmart,NV,20x20,6,6,273.5
2026-09-03,cubesmart,NV,20x24,1,1,411.0
2026-09-03,cubesmart,NV,20x25,1,1,349.0
2026-09-03,cubesmart,NV,20x30,1,1,445.0
2026-09-03,cubesmart,NV,3x5,1,1,26.0
2026-09-03,cubesmart,NV,4x4,2,2,24.5
2026-09-03,cubesmart,NV,4x5,1,1,32.0
2026-09-03,cubesmart,NV,5x10,45,45,48.0
2026-09-03,cubesmart,NV,5x15,3,3,71.0
2026-09-03,cubesmart,NV,5x20,1,1,94.0
2026-09-03,cubesmart,NV,5x5,34,34,33.0
2026-09-03,cubesmart,NV,5x7,3,3,32.0
2026-09-03,cubesmart,NV,5x7.5,8,8,37.0
2026-09-03,cubesmart,NV,5x8,2,2,37.0
2026-09-03,cubesmart,NV,7.5x10,13,13,64.0
2026-09-03,cubesmart,NV,7.5x12.5,1,1,75.0
2026-09-03,cubesmart,NV,7.5x15,1,1,96.0
2026-09-03,cubesmart,NV,7.5x20,1,1,98.0
2026-09-03,cubesmart,NV,7.5x5,1,1,43.0
2026-09-03,cubesmart,NV,7x10,3,3,60.0
2026-09-03,cubesmart,NV,8x10,1,1,79.0
2026-09-03,cubesmart,NV,8x18,1,1,53.0
2026-09-03,cubesmart,NV,8x20,2,2,112.0
2026-09-03,cubesmart,NV,8x44,1,1,141.0
2026-09-03,cubesmart,NV,Other,13,13,90.0
2026-09-03,cubesmart,NY,10x1,1,1,42.0
2026-09-03,cubesmart,NY,10x10,151,151,230.0
2026-09-03,cubesmart,NY,10x11,4,4,267.5
2026-09-03,cubesmart,NY,10x12,15,15,247.0
2026-09-03,cubesmart,NY,10x12.5,9,9,293.0
2026-09-03,cubesmart,NY,10x13,6,6,233.5
2026-09-03,cubesmart,NY,10x14,7,7,175.0
2026-09-03,cubesmart,NY,10x15,124,124,310.5
2026-09-03,cubesmart,NY,10x15.5,1,1,147.0
2026-09-03,cubesmart,NY,10x16,4,4,166.5
2026-09-03,cubesmart,NY,10x17,1,1,138.0
2026-09-03,cubesmart,NY,10x17.5,4,4,306.0
2026-09-03,cubesmart,NY,10x18,3,3,323.0
2026-09-03,cubesmart,NY,10x19,3,3,161.0
2026-09-03,cubesmart,NY,10x20,105,105,374.0
2026-09-03,cubesmart,NY,10x21,2,2,466.5
2026-09-03,cubesmart,NY,10x22,3,3,389.0
2026-09-03,cubesmart,NY,10x23,2,2,424.5
2026-09-03,cubesmart,NY,10x24,1,1,434.0
2026-09-03,cubesmart,NY,10x25,39,39,383.0
2026-09-03,cubesmart,NY,10x3,1,1,87.0
2026-09-03,cubesmart,NY,10x3.5,1,1,83.0
2026-09-03,cubesmart,NY,10x30,31,31,485.0
2026-09-03,cubesmart,NY,10x31,1,1,742.0
2026-09-03,cubesmart,NY,10x40,1,1,590.0
2026-09-03,cubesmart,NY,10x5,30,30,79.0
2026-09-03,cubesmart,NY,10x6,1,1,204.0
2026-09-03,cubesmart,NY,10x60,1,1,796.0
2026-09-03,cubesmart,NY,10x7,3,3,86.0
2026-09-03,cubesmart,NY,10x7.5,3,3,83.0
2026-09-03,cubesmart,NY,10x8,5,5,97.0
2026-09-03,cubesmart,NY,10x9,6,6,220.5
2026-09-03,cubesmart,NY,11.5x19,1,1,180.0
2026-09-03,cubesmart,NY,11x10,1,1,262.0
2026-09-03,cubesmart,NY,11x20,2,2,420.0
2026-09-03,cubesmart,NY,11x21,1,1,410.0
2026-09-03,cubesmart,NY,12.5x25,1,1,78.0
2026-09-03,cubesmart,NY,12x10,3,3,119.0
2026-09-03,cubesmart,NY,12x11,2,2,133.5
2026-09-03,cubesmart,NY,12x12,2,2,168.0
2026-09-03,cubesmart,NY,12x15,2,2,303.5
2026-09-03,cubesmart,NY,12x16,1,1,219.0
2026-09-03,cubesmart,NY,12x19,1,1,183.0
2026-09-03,cubesmart,NY,12x24,1,1,409.0
2026-09-03,cubesmart,NY,12x25,1,1,78.0
2026-09-03,cubesmart,NY,12x26,1,1,463.0
2026-09-03,cubesmart,NY,12x40,1,1,1365.0
2026-09-03,cubesmart,NY,12x48,1,1,659.0
2026-09-03,cubesmart,NY,12x5,1,1,79.0
2026-09-03,cubesmart,NY,12x6,1,1,71.0
2026-09-03,cubesmart,NY,12x7,1,1,89.0
2026-09-03,cubesmart,NY,12x9,2,2,108.5
2026-09-03,cubesmart,NY,13x10,2,2,281.0
2026-09-03,cubesmart,NY,13x12,1,1,173.0
2026-09-03,cubesmart,NY,13x15,1,1,329.0
2026-09-03,cubesmart,NY,13x18,1,1,194.0
2026-09-03,cubesmart,NY,13x40,1,1,291.0
2026-09-03,cubesmart,NY,13x8,1,1,110.0
2026-09-03,cubesmart,NY,14x15,1,1,132.0
2026-09-03,cubesmart,NY,15x10,6,6,143.5
2026-09-03,cubesmart,NY,15x15,3,3,182.0
2026-09-03,cubesmart,NY,15x20,5,5,540.0
2026-09-03,cubesmart,NY,15x30,1,1,269.0
2026-09-03,cubesmart,NY,15x35,1,1,727.0
2026-09-03,cubesmart,NY,15x40,1,1,838.0
2026-09-03,cubesmart,NY,15x5,5,5,92.0
2026-09-03,cubesmart,NY,15x6,1,1,121.0
2026-09-03,cubesmart,NY,15x8,1,1,136.0
2026-09-03,cubesmart,NY,16.5x15.5,1,1,211.0
2026-09-03,cubesmart,NY,16x7,1,1,263.0
2026-09-03,cubesmart,NY,17x10,1,1,620.0
2026-09-03,cubesmart,NY,17x7,1,1,138.0
2026-09-03,cubesmart,NY,18x10,1,1,335.0
2026-09-03,cubesmart,NY,19x30,1,1,311.0
2026-09-03,cubesmart,NY,20x10,26,26,355.0
2026-09-03,cubesmart,NY,20x12.5,2,2,492.0
2026-09-03,cubesmart,NY,20x14,1,1,226.0
2026-09-03,cubesmart,NY,20x15,18,18,343.0
2026-09-03,cubesmart,NY,20x18,1,1,202.0
2026-09-03,cubesmart,NY,20x20,20,20,724.0
2026-09-03,cubesmart,NY,20x22,1,1,265.0
2026-09-03,cubesmart,NY,20x30,1,1,348.0
2026-09-03,cubesmart,NY,20x4,1,1,101.0
2026-09-03,cubesmart,NY,20x40,1,1,2671.0
2026-09-03,cubesmart,NY,20x45,1,1,3013.0
2026-09-03,cubesmart,NY,20x7,1,1,161.0
2026-09-03,cubesmart,NY,20x8,2,2,143.5
2026-09-03,cubesmart,NY,20x9,1,1,359.0
2026-09-03,cubesmart,NY,23x10,1,1,569.0
2026-09-03,cubesmart,NY,23x5,1,1,95.0
2026-09-03,cubesmart,NY,25x33,1,1,329.0
2026-09-03,cubesmart,NY,29x33,1,1,1946.0
2026-09-03,cubesmart,NY,2x2,1,1,11.0
2026-09-03,cubesmart,NY,2x3,1,1,15.0
2026-09-03,cubesmart,NY,2x7,1,1,15.0
2026-09-03,cubesmart,NY,2x8,1,1,22.0
2026-09-03,cubesmart,NY,3x10,1,1,59.0
2026-09-03,cubesmart,NY,3x4,5,5,17.0
2026-09-03,cubesmart,NY,3x5,1,1,67.0
2026-09-03,cubesmart,NY,3x6,1,1,100.0
2026-09-03,cubesmart,NY,3x8,1,1,112.0
2026-09-03,cubesmart,NY,4x10,5,5,126.0
2026-09-03,cubesmart,NY,4x13,1,1,253.0
2026-09-03,cubesmart,NY,4x14,1,1,158.0
2026-09-03,cubesmart,NY,4x3,1,1,25.0
2026-09-03,cubesmart,NY,4x4,9,9,34.0
2026-09-03,cubesmart,NY,4x5,25,25,57.0
2026-09-03,cubesmart,NY,4x6,3,3,169.0
2026-09-03,cubesmart,NY,4x7,1,1,198.0
2026-09-03,cubesmart,NY,5x10,154,154,125.5
2026-09-03,cubesmart,NY,5x11,1,1,216.0
2026-09-03,cubesmart,NY,5x12,5,5,160.0
2026-09-03,cubesmart,NY,5x13,3,3,90.0
2026-09-03,cubesmart,NY,5x14,4,4,98.5
2026-09-03,cubesmart,NY,5x15,34,34,163.0
2026-09-03,cubesmart,NY,5x19,1,1,92.0
2026-09-03,cubesmart,NY,5x20,3,3,265.0
2026-09-03,cubesmart,NY,5x3,6,6,36.0
2026-09-03,cubesmart,NY,5x4,4,4,68.0
2026-09-03,cubesmart,NY,5x5,265,265,55.0
2026-09-03,cubesmart,NY,5x6,9,9,81.0
2026-09-03,cubesmart,NY,5x7,13,13,102.0
2026-09-03,cubesmart,NY,5x7.5,21,21,96.0
2026-09-03,cubesmart,NY,5x8,55,55,113.0
2026-09-03,cubesmart,NY,5x9,7,7,103.0
2026-09-03,cubesmart,NY,6x10,6,6,155.0
2026-09-03,cubesmart,NY,6x11,2,2,114.0
2026-09-03,cubesmart,NY,6x12,5,5,89.0
2026-09-03,cubesmart,NY,6x5,1,1,131.0
2026-09-03,cubesmart,NY,6x6,3,3,48.0
2026-09-03,cubesmart,NY,6x8,5,5,126.0
2026-09-03,cubesmart,NY,6x9,1,1,67.0
2026-09-03,cubesmart,NY,7.5x10,24,24,172.5
2026-09-03,cubesmart,NY,7.5x9,1,1,214.0
2026-09-03,cubesmart,NY,7x10,8,8,191.5
2026-09-03,cubesmart,NY,7x14,1,1,246.0
2026-09-03,cubesmart,NY,7x20,1,1,273.0
2026-09-03,cubesmart,NY,7x27,1,1,185.0
2026-09-03,cubesmart,NY,7x5,1,1,45.0
2026-09-03,cubesmart,NY,7x7,1,1,125.0
2026-09-03,cubesmart,NY,7x8,1,1,309.0
2026-09-03,cubesmart,NY,7x9,2,2,194.0
2026-09-03,cubesmart,NY,8.5x10,1,1,150.0
2026-09-03,cubesmart,NY,8.5x14,1,1,67.0
2026-09-03,cubesmart,NY,8.5x30,1,1,210.0
2026-09-03,cubesmart,NY,8x10,31,31,196.0
2026-09-03,cubesmart,NY,8x12,1,1,262.0
2026-09-03,cubesmart,NY,8x13,1,1,277.0
2026-09-03,cubesmart,NY,8x15,2,2,232.0
2026-09-03,cubesmart,NY,8x16,1,1,138.0
2026-09-03,cubesmart,NY,8x20,5,5,336.0
2026-09-03,cubesmart,NY,8x4,1,1,162.0
2026-09-03,cubesmart,NY,8x5,3,3,50.0
2026-09-03,cubesmart,NY,8x6.5,1,1,142.0
2026-09-03,cubesmart,NY,9.5x19,1,1,179.0
2026-09-03,cubesmart,NY,9.5x25,1,1,71.0
2026-09-03,cubesmart,NY,9x10,10,10,215.5
2026-09-03,cubesmart,NY,9x12,1,1,134.0
2026-09-03,cubesmart,NY,9x14,3,3,141.0
2026-09-03,cubesmart,NY,9x15,1,1,367.0
2026-09-03,cubesmart,NY,9x20,3,3,342.0
2026-09-03,cubesmart,NY,9x21,1,1,350.0
2026-09-03,cubesmart,NY,9x22,1,1,373.0
2026-09-03,cubesmart,NY,9x23,1,1,676.0
2026-09-03,cubesmart,NY,9x29,1,1,224.0
2026-09-03,cubesmart,NY,9x5,1,1,67.0
2026-09-03,cubesmart,NY,9x9,1,1,86.0
2026-09-03,cubesmart,NY,Other,25,25,106.0
2026-09-03,cubesmart,OH,10x10,95,95,85.0
2026-09-03,cubesmart,OH,10x12,6,6,69.0
2026-09-03,cubesmart,OH,10x12.5,2,2,88.0
2026-09-03,cubesmart,OH,10x13,2,2,190.5
2026-09-03,cubesmart,OH,10x15,65,65,119.0
2026-09-03,cubesmart,OH,10x17.5,2,2,125.5
2026-09-03,cubesmart,OH,10x18,3,3,134.0
2026-09-03,cubesmart,OH,10x20,60,60,143.5
2026-09-03,cubesmart,OH,10x22,1,1,363.0
2026-09-03,cubesmart,OH,10x24,1,1,152.0
2026-09-03,cubesmart,OH,10x25,23,23,179.0
2026-09-03,cubesmart,OH,10x30,31,31,200.0
2026-09-03,cubesmart,OH,10x35,2,2,328.5
2026-09-03,cubesmart,OH,10x4,1,1,23.0
2026-09-03,cubesmart,OH,10x40,5,5,242.0
2026-09-03,cubesmart,OH,10x5,24,24,45.0
2026-09-03,cubesmart,OH,10x6,1,1,39.0
2026-09-03,cubesmart,OH,10x60,1,1,407.0
2026-09-03,cubesmart,OH,10x7,3,3,105.0
2026-09-03,cubesmart,OH,10x7.5,4,4,59.5
2026-09-03,cubesmart,OH,10x8,1,1,155.0
2026-09-03,cubesmart,OH,10x9,1,1,76.0
2026-09-03,cubesmart,OH,12.5x15,1,1,157.0
2026-09-03,cubesmart,OH,12x10,1,1,150.0
2026-09-03,cubesmart,OH,12x12,1,1,199.0
2026-09-03,cubesmart,OH,12x15,1,1,149.0
2026-09-03,cubesmart,OH,12x20,3,3,224.0
2026-09-03,cubesmart,OH,12x25,1,1,284.0
2026-09-03,cubesmart,OH,12x30,1,1,227.0
2026-09-03,cubesmart,OH,12x36,1,1,226.0
2026-09-03,cubesmart,OH,12x40,1,1,299.0
2026-09-03,cubesmart,OH,12x42,1,1,426.0
2026-09-03,cubesmart,OH,13x10,1,1,92.0
2026-09-03,cubesmart,OH,13x8,1,1,139.0
2026-09-03,cubesmart,OH,14x10,1,1,166.0
2026-09-03,cubesmart,OH,14x22,1,1,194.0
2026-09-03,cubesmart,OH,14x42,1,1,471.0
2026-09-03,cubesmart,OH,15x10,5,5,121.0
2026-09-03,cubesmart,OH,15x15,5,5,175.0
2026-09-03,cubesmart,OH,15x17.5,1,1,176.0
2026-09-03,cubesmart,OH,15x20,3,3,233.0
2026-09-03,cubesmart,OH,15x5,2,2,56.5
2026-09-03,cubesmart,OH,15x6,1,1,74.0
2026-09-03,cubesmart,OH,15x7,1,1,161.0
2026-09-03,cubesmart,OH,15x7.5,1,1,53.0
2026-09-03,cubesmart,OH,15x7.6,1,1,126.0
2026-09-03,cubesmart,OH,20x10,10,10,137.0
2026-09-03,cubesmart,OH,20x12,1,1,216.0
2026-09-03,cubesmart,OH,20x12.5,1,1,161.0
2026-09-03,cubesmart,OH,20x15,8,8,187.5
2026-09-03,cubesmart,OH,20x17.5,1,1,278.0
2026-09-03,cubesmart,OH,20x20,6,6,234.5
2026-09-03,cubesmart,OH,20x25,2,2,292.5
2026-09-03,cubesmart,OH,20x30,3,3,298.0
2026-09-03,cubesmart,OH,20x40,1,1,679.0
2026-09-03,cubesmart,OH,20x5,2,2,118.5
2026-09-03,cubesmart,OH,20x7,1,1,78.0
2026-09-03,cubesmart,OH,25x10,1,1,152.0
2026-09-03,cubesmart,OH,25x8,1,1,210.0
2026-09-03,cubesmart,OH,30x10,2,2,206.5
2026-09-03,cubesmart,OH,30x15,1,1,324.0
2026-09-03,cubesmart,OH,30x30,1,1,406.0
2026-09-03,cubesmart,OH,3x5,1,1,23.0
2026-09-03,cubesmart,OH,4x17,1,1,85.0
2026-09-03,cubesmart,OH,4x4,8,8,20.5
2026-09-03,cubesmart,OH,4x5,3,3,12.0
2026-09-03,cubesmart,OH,5x10,78,78,45.0
2026-09-03,cubesmart,OH,5x12,1,1,22.0
2026-09-03,cubesmart,OH,5x12.5,1,1,36.0
2026-09-03,cubesmart,OH,5x13,1,1,102.0
2026-09-03,cubesmart,OH,5x15,47,47,58.0
2026-09-03,cubesmart,OH,5x17.5,1,1,64.0
2026-09-03,cubesmart,OH,5x20,4,4,97.0
2026-09-03,cubesmart,OH,5x5,64,64,29.0
2026-09-03,cubesmart,OH,5x6,1,1,33.0
2026-09-03,cubesmart,OH,5x7,6,6,56.0
2026-09-03,cubesmart,OH,5x7.5,5,5,32.0
2026-09-03,cubesmart,OH,5x8,4,4,31.0
2026-09-03,cubesmart,OH,5x9.5,1,1,33.0
2026-09-03,cubesmart,OH,6x10,1,1,76.0
2026-09-03,cubesmart,OH,6x7,1,1,83.0
2026-09-03,cubesmart,OH,7.5x10,7,7,60.0
2026-09-03,cubesmart,OH,7.5x15,1,1,53.0
2026-09-03,cubesmart,OH,7.5x20,2,2,82.0
2026-09-03,cubesmart,OH,7.5x7.5,1,1,37.0
2026-09-03,cubesmart,OH,7x10,6,6,64.5
2026-09-03,cubesmart,OH,7x5,1,1,75.0
2026-09-03,cubesmart,OH,7x7,1,1,86.0
2026-09-03,cubesmart,OH,8x10,1,1,106.0
2026-09-03,cubesmart,OH,8x15,2,2,128.5
2026-09-03,cubesmart,OH,8x20,1,1,50.0
2026-09-03,cubesmart,OH,8x8,1,1,97.0
2026-09-03,cubesmart,OH,9.5x19,1,1,223.0
2026-09-03,cubesmart,OH,9x10,1,1,110.0
2026-09-03,cubesmart,OH,Other,24,24,63.5
2026-09-03,cubesmart,OK,10x10,2,2,30.0
2026-09-03,cubesmart,OK,10x12,1,1,41.0
2026-09-03,cubesmart,OK,10x13,1,1,41.0
2026-09-03,cubesmart,OK,10x15,3,3,56.0
2026-09-03,cubesmart,OK,10x18,2,2,78.0
2026-09-03,cubesmart,OK,10x20,2,2,71.0
2026-09-03,cubesmart,OK,10x23,1,1,122.0
2026-09-03,cubesmart,OK,10x25,1,1,66.0
2026-09-03,cubesmart,OK,10x3,1,1,17.0
2026-09-03,cubesmart,OK,10x30,1,1,79.0
2026-09-03,cubesmart,OK,10x5,2,2,27.5
2026-09-03,cubesmart,OK,10x6,1,1,25.0
2026-09-03,cubesmart,OK,10x7,1,1,30.0
2026-09-03,cubesmart,OK,10x8,1,1,34.0
2026-09-03,cubesmart,OK,14x8,1,1,37.0
2026-09-03,cubesmart,OK,15x10,1,1,56.0
2026-09-03,cubesmart,OK,20x10,1,1,51.0
2026-09-03,cubesmart,OK,20x15,1,1,82.0
2026-09-03,cubesmart,OK,5x10,4,4,27.5
2026-09-03,cubesmart,OK,5x15,2,2,51.5
2026-09-03,cubesmart,OK,5x5,2,2,18.5
2026-09-03,cubesmart,OK,5x8,2,2,24.5
2026-09-03,cubesmart,OK,6x5,1,1,17.0
2026-09-03,cubesmart,OK,6x6,1,1,19.0
2026-09-03,cubesmart,OK,7x7,1,1,30.0
2026-09-03,cubesmart,OK,8x10,2,2,39.5
2026-09-03,cubesmart,OK,8x5,2,2,24.5
2026-09-03,cubesmart,OK,8x6,1,1,22.0
2026-09-03,cubesmart,OK,8x7,1,1,25.0
2026-09-03,cubesmart,OK,8x8,2,2,31.5
2026-09-03,cubesmart,OK,Other,1,1,45.0
2026-09-03,cubesmart,OR,10x10,3,3,86.0
2026-09-03,cubesmart,OR,10x12,1,1,96.0
2026-09-03,cubesmart,OR,10x12.5,1,1,99.0
2026-09-03,cubesmart,OR,10x15,3,3,127.0
2026-09-03,cubesmart,OR,10x20,3,3,168.0
2026-09-03,cubesmart,OR,10x25,1,1,286.0
2026-09-03,cubesmart,OR,10x30,1,1,321.0
2026-09-03,cubesmart,OR,10x5,2,2,49.0
2026-09-03,cubesmart,OR,20x10,1,1,194.0
2026-09-03,cubesmart,OR,20x15,2,2,232.5
2026-09-03,cubesmart,OR,20x20,3,3,302.0
2026-09-03,cubesmart,OR,5x10,3,3,53.0
2026-09-03,cubesmart,OR,5x5,3,3,36.0
2026-09-03,cubesmart,OR,7.5x10,3,3,74.0
2026-09-03,cubesmart,OR,Other,1,1,111.0
2026-09-03,cubesmart,PA,10x10,71,71,100.0
2026-09-03,cubesmart,PA,10x11,4,4,122.5
2026-09-03,cubesmart,PA,10x12,6,6,120.0
2026-09-03,cubesmart,PA,10x12.5,2,2,121.0
2026-09-03,cubesmart,PA,10x13,4,4,117.0
2026-09-03,cubesmart,PA,10x14,2,2,107.5
2026-09-03,cubesmart,PA,10x15,56,56,134.0
2026-09-03,cubesmart,PA,10x16,2,2,158.0
2026-09-03,cubesmart,PA,10x17,1,1,110.0
2026-09-03,cubesmart,PA,10x17.5,1,1,215.0
2026-09-03,cubesmart,PA,10x18,5,5,151.0
2026-09-03,cubesmart,PA,10x19,1,1,147.0
2026-09-03,cubesmart,PA,10x20,42,42,172.0
2026-09-03,cubesmart,PA,10x23,1,1,173.0
2026-09-03,cubesmart,PA,10x24,1,1,198.0
2026-09-03,cubesmart,PA,10x25,16,16,197.5
2026-09-03,cubesmart,PA,10x27,1,1,191.0
2026-09-03,cubesmart,PA,10x30,19,19,229.0
2026-09-03,cubesmart,PA,10x35,2,2,315.5
2026-09-03,cubesmart,PA,10x5,24,24,59.5
2026-09-03,cubesmart,PA,10x6,2,2,73.5
2026-09-03,cubesmart,PA,10x7,5,5,84.0
2026-09-03,cubesmart,PA,10x7.5,6,6,69.5
2026-09-03,cubesmart,PA,10x8,6,6,89.0
2026-09-03,cubesmart,PA,10x8.5,1,1,68.0
2026-09-03,cubesmart,PA,10x9,3,3,99.0
2026-09-03,cubesmart,PA,11x10,2,2,128.0
2026-09-03,cubesmart,PA,11x11,1,1,154.0
2026-09-03,cubesmart,PA,11x20,1,1,150.0
2026-09-03,cubesmart,PA,12x10,2,2,114.0
2026-09-03,cubesmart,PA,12x12,3,3,123.0
2026-09-03,cubesmart,PA,12x15,2,2,167.0
2026-09-03,cubesmart,PA,12x18,1,1,136.0
2026-09-03,cubesmart,PA,12x30,2,2,231.0
2026-09-03,cubesmart,PA,12x5,1,1,93.0
2026-09-03,cubesmart,PA,12x7,1,1,94.0
2026-09-03,cubesmart,PA,12x8,1,1,104.0
2026-09-03,cubesmart,PA,13x10,2,2,111.0
2026-09-03,cubesmart,PA,13x11,2,2,119.0
2026-09-03,cubesmart,PA,13x13,1,1,141.0
2026-09-03,cubesmart,PA,13x17,1,1,176.0
2026-09-03,cubesmart,PA,13x33,1,1,250.0
2026-09-03,cubesmart,PA,13x7,1,1,101.0
2026-09-03,cubesmart,PA,13x8,1,1,106.0
2026-09-03,cubesmart,PA,14x10,1,1,93.0
2026-09-03,cubesmart,PA,14x40,1,1,293.0
2026-09-03,cubesmart,PA,14x5,1,1,81.0
2026-09-03,cubesmart,PA,15x10,4,4,125.0
2026-09-03,cubesmart,PA,15x12,1,1,133.0
2026-09-03,cubesmart,PA,15x13,1,1,144.0
2026-09-03,cubesmart,PA,15x5,1,1,114.0
2026-09-03,cubesmart,PA,15x9,1,1,104.0
2026-09-03,cubesmart,PA,18x3,1,1,71.0
2026-09-03,cubesmart,PA,18x5,1,1,68.0
2026-09-03,cubesmart,PA,20x10,11,11,163.0
2026-09-03,cubesmart,PA,20x12,1,1,164.0
2026-09-03,cubesmart,PA,20x13,1,1,185.0
2026-09-03,cubesmart,PA,20x14,1,1,178.0
2026-09-03,cubesmart,PA,20x15,5,5,223.0
2026-09-03,cubesmart,PA,20x18,1,1,234.0
2026-09-03,cubesmart,PA,20x19,1,1,210.0
2026-09-03,cubesmart,PA,20x20,3,3,291.0
2026-09-03,cubesmart,PA,20x25,1,1,298.0
2026-09-03,cubesmart,PA,20x27,1,1,320.0
2026-09-03,cubesmart,PA,20x30,3,3,351.0
2026-09-03,cubesmart,PA,20x7.5,1,1,171.0
2026-09-03,cubesmart,PA,20x9,3,3,133.0
2026-09-03,cubesmart,PA,21x46,1,1,653.0
2026-09-03,cubesmart,PA,24x15,1,1,302.0
2026-09-03,cubesmart,PA,25x10.6,1,1,264.0
2026-09-03,cubesmart,PA,30x40,1,1,771.0
2026-09-03,cubesmart,PA,4x10,1,1,37.0
2026-09-03,cubesmart,PA,4x3,2,2,20.5
2026-09-03,cubesmart,PA,4x4,4,4,20.0
2026-09-03,cubesmart,PA,4x5,9,9,16.0
2026-09-03,cubesmart,PA,5x10,67,67,53.0
2026-09-03,cubesmart,PA,5x11,1,1,77.0
2026-09-03,cubesmart,PA,5x12,1,1,74.0
2026-09-03,cubesmart,PA,5x15,28,28,76.0
2026-09-03,cubesmart,PA,5x20,1,1,103.0
2026-09-03,cubesmart,PA,5x4,1,1,31.0
2026-09-03,cubesmart,PA,5x5,75,75,31.0
2026-09-03,cubesmart,PA,5x7,4,4,48.5
2026-09-03,cubesmart,PA,5x7.5,4,4,47.0
2026-09-03,cubesmart,PA,5x8,5,5,46.0
2026-09-03,cubesmart,PA,5x9,2,2,64.0
2026-09-03,cubesmart,PA,6x10,1,1,61.0
2026-09-03,cubesmart,PA,6x12,2,2,80.0
2026-09-03,cubesmart,PA,6x14,1,1,91.0
2026-09-03,cubesmart,PA,6x15,1,1,110.0
2026-09-03,cubesmart,PA,6x7.5,1,1,90.0
2026-09-03,cubesmart,PA,6x8,1,1,70.0
2026-09-03,cubesmart,PA,6x9,1,1,86.0
2026-09-03,cubesmart,PA,7.5x10,5,5,75.0
2026-09-03,cubesmart,PA,7.5x10.5,1,1,120.0
2026-09-03,cubesmart,PA,7.5x5,1,1,74.0
2026-09-03,cubesmart,PA,7x10,3,3,42.0
2026-09-03,cubesmart,PA,7x15,1,1,131.0
2026-09-03,cubesmart,PA,7x25,1,1,173.0
2026-09-03,cubesmart,PA,7x5,2,2,49.0
2026-09-03,cubesmart,PA,7x7.5,1,1,133.0
2026-09-03,cubesmart,PA,8x10,2,2,92.5
2026-09-03,cubesmart,PA,8x13,2,2,103.5
2026-09-03,cubesmart,PA,8x18,1,1,156.0
2026-09-03,cubesmart,PA,8x20,1,1,119.0
2026-09-03,cubesmart,PA,8x3,1,1,23.0
2026-09-03,cubesmart,PA,8x5,1,1,64.0
2026-09-03,cubesmart,PA,8x7,2,2,92.0
2026-09-03,cubesmart,PA,9x10,2,2,83.0
2026-09-03,cubesmart,PA,9x13,1,1,80.0
2026-09-03,cubesmart,PA,9x14,1,1,90.0
2026-09-03,cubesmart,PA,9x15,1,1,124.0
2026-09-03,cubesmart,PA,9x18,2,2,171.5
2026-09-03,cubesmart,PA,9x5,1,1,59.0
2026-09-03,cubesmart,PA,9x9,1,1,67.0
2026-09-03,cubesmart,PA,Other,14,14,52.0
2026-09-03,cubesmart,RI,10x10,17,17,118.0
2026-09-03,cubesmart,RI,10x11,1,1,227.0
2026-09-03,cubesmart,RI,10x12,1,1,229.0
2026-09-03,cubesmart,RI,10x15,11,11,134.0
2026-09-03,cubesmart,RI,10x20,19,19,183.0
2026-09-03,cubesmart,RI,10x21,1,1,249.0
2026-09-03,cubesmart,RI,10x25,8,8,193.0
2026-09-03,cubesmart,RI,10x30,8,8,212.5
2026-09-03,cubesmart,RI,10x35,1,1,411.0
2026-09-03,cubesmart,RI,10x40,1,1,239.0
2026-09-03,cubesmart,RI,10x5,2,2,89.0
2026-09-03,cubesmart,RI,10x7,1,1,150.0
2026-09-03,cubesmart,RI,10x7.5,1,1,80.0
2026-09-03,cubesmart,RI,10x9,1,1,89.0
2026-09-03,cubesmart,RI,15x20,1,1,197.0
2026-09-03,cubesmart,RI,20x10,1,1,255.0
2026-09-03,cubesmart,RI,20x15,2,2,246.0
2026-09-03,cubesmart,RI,20x20,2,2,279.5
2026-09-03,cubesmart,RI,4x5,1,1,64.0
2026-09-03,cubesmart,RI,5x10,16,16,67.5
2026-09-03,cubesmart,RI,5x15,11,11,86.0
2026-09-03,cubesmart,RI,5x20,3,3,99.0
2026-09-03,cubesmart,RI,5x5,14,14,51.0
2026-09-03,cubesmart,RI,5x6,1,1,65.0
2026-09-03,cubesmart,RI,5x9,2,2,84.5
2026-09-03,cubesmart,RI,6x6,1,1,75.0
2026-09-03,cubesmart,RI,8x20,1,1,121.0
2026-09-03,cubesmart,RI,Other,13,13,103.0
2026-09-03,cubesmart,SC,1.5x2.5,3,3,38.0
2026-09-03,cubesmart,SC,10x10,33,33,70.0
2026-09-03,cubesmart,SC,10x12,1,1,58.0
2026-09-03,cubesmart,SC,10x12.5,1,1,137.0
2026-09-03,cubesmart,SC,10x14,1,1,70.0
2026-09-03,cubesmart,SC,10x15,29,29,127.0
2026-09-03,cubesmart,SC,10x18,1,1,86.0
2026-09-03,cubesmart,SC,10x20,23,23,165.0
2026-09-03,cubesmart,SC,10x22,1,1,247.0
2026-09-03,cubesmart,SC,10x25,10,10,289.0
2026-09-03,cubesmart,SC,10x29,1,1,216.0
2026-09-03,cubesmart,SC,10x30,11,11,209.0
2026-09-03,cubesmart,SC,10x4,1,1,77.0
2026-09-03,cubesmart,SC,10x5,15,15,36.0
2026-09-03,cubesmart,SC,10x7.5,1,1,36.0
2026-09-03,cubesmart,SC,10x8,1,1,71.0
2026-09-03,cubesmart,SC,10x9,1,1,67.0
2026-09-03,cubesmart,SC,12x10,1,1,58.0
2026-09-03,cubesmart,SC,12x20,1,1,194.0
2026-09-03,cubesmart,SC,12x30,2,2,382.0
2026-09-03,cubesmart,SC,12x6,1,1,20.0
2026-09-03,cubesmart,SC,15x10,3,3,58.0
2026-09-03,cubesmart,SC,15x30,1,1,267.0
2026-09-03,cubesmart,SC,15x5,3,3,38.0
2026-09-03,cubesmart,SC,2.5x2,3,3,38.0
2026-09-03,cubesmart,SC,2.5x3,1,1,46.0
2026-09-03,cubesmart,SC,2.5x3.5,1,1,51.0
2026-09-03,cubesmart,SC,20x10,8,8,176.0
2026-09-03,cubesmart,SC,20x12,1,1,33.0
2026-09-03,cubesmart,SC,20x15,4,4,240.0
2026-09-03,cubesmart,SC,20x20,3,3,252.0
2026-09-03,cubesmart,SC,20x30,1,1,340.0
2026-09-03,cubesmart,SC,25x10,1,1,267.0
2026-09-03,cubesmart,SC,2x2.5,1,1,46.0
2026-09-03,cubesmart,SC,2x3,1,1,25.0
2026-09-03,cubesmart,SC,3.5x3,1,1,54.0
2026-09-03,cubesmart,SC,30x12,1,1,33.0
2026-09-03,cubesmart,SC,3x2,1,1,42.0
2026-09-03,cubesmart,SC,3x3,2,2,53.5
2026-09-03,cubesmart,SC,40x12,1,1,37.0
2026-09-03,cubesmart,SC,4x5,1,1,48.0
2026-09-03,cubesmart,SC,5x10,24,24,36.0
2026-09-03,cubesmart,SC,5x12,2,2,27.5
2026-09-03,cubesmart,SC,5x15,5,5,46.0
2026-09-03,cubesmart,SC,5x20,2,2,43.5
2026-09-03,cubesmart,SC,5x5,20,20,24.5
2026-09-03,cubesmart,SC,5x6,1,1,14.0
2026-09-03,cubesmart,SC,5x7,4,4,28.5
2026-09-03,cubesmart,SC,5x8,4,4,30.5
2026-09-03,cubesmart,SC,6x10,2,2,27.0
2026-09-03,cubesmart,SC,6x12,1,1,21.0
2026-09-03,cubesmart,SC,6x6,2,2,50.5
2026-09-03,cubesmart,SC,7.5x10,3,3,70.0
2026-09-03,cubesmart,SC,7x10,2,2,49.5
2026-09-03,cubesmart,SC,8x10,2,2,41.0
2026-09-03,cubesmart,SC,9x10,1,1,67.0
2026-09-03,cubesmart,SC,Other,12,12,97.0
2026-09-03,cubesmart,TN,10x10,50,50,96.5
2026-09-03,cubesmart,TN,10x11,1,1,150.0
2026-09-03,cubesmart,TN,10x12,4,4,96.5
2026-09-03,cubesmart,TN,10x12.5,2,2,131.0
2026-09-03,cubesmart,TN,10x13,2,2,85.5
2026-09-03,cubesmart,TN,10x14,1,1,151.0
2026-09-03,cubesmart,TN,10x15,45,45,133.0
2026-09-03,cubesmart,TN,10x17,2,2,208.0
2026-09-03,cubesmart,TN,10x18,2,2,254.5
2026-09-03,cubesmart,TN,10x20,34,34,166.5
2026-09-03,cubesmart,TN,10x22,1,1,152.0
2026-09-03,cubesmart,TN,10x24,3,3,210.0
2026-09-03,cubesmart,TN,10x25,17,17,197.0
2026-09-03,cubesmart,TN,10x27,1,1,271.0
2026-09-03,cubesmart,TN,10x30,18,18,234.0
2026-09-03,cubesmart,TN,10x35,3,3,301.0
2026-09-03,cubesmart,TN,10x4,1,1,83.0
2026-09-03,cubesmart,TN,10x40,3,3,279.0
2026-09-03,cubesmart,TN,10x5,11,11,75.0
2026-09-03,cubesmart,TN,10x50,1,1,190.0
2026-09-03,cubesmart,TN,10x7,4,4,89.5
2026-09-03,cubesmart,TN,11x15,1,1,110.0
2026-09-03,cubesmart,TN,12x10,1,1,91.0
2026-09-03,cubesmart,TN,12x14,1,1,84.0
2026-09-03,cubesmart,TN,12x15,1,1,178.0
2026-09-03,cubesmart,TN,12x20,3,3,169.0
2026-09-03,cubesmart,TN,12x25,3,3,238.0
2026-09-03,cubesmart,TN,12x30,6,6,237.0
2026-09-03,cubesmart,TN,12x4,1,1,52.0
2026-09-03,cubesmart,TN,12x60,1,1,160.0
2026-09-03,cubesmart,TN,13x15,1,1,194.0
2026-09-03,cubesmart,TN,13x20,2,2,151.0
2026-09-03,cubesmart,TN,14x2,1,1,9.0
2026-09-03,cubesmart,TN,14x20,1,1,223.0
2026-09-03,cubesmart,TN,14x5,1,1,25.0
2026-09-03,cubesmart,TN,15x10,6,6,134.5
2026-09-03,cubesmart,TN,15x15,3,3,203.0
2026-09-03,cubesmart,TN,15x20,4,4,287.5
2026-09-03,cubesmart,TN,15x25,1,1,215.0
2026-09-03,cubesmart,TN,15x30,2,2,271.0
2026-09-03,cubesmart,TN,16x20,2,2,233.0
2026-09-03,cubesmart,TN,20x10,10,10,168.0
2026-09-03,cubesmart,TN,20x12,1,1,427.0
2026-09-03,cubesmart,TN,20x15,9,9,275.0
2026-09-03,cubesmart,TN,20x20,10,10,280.0
2026-09-03,cubesmart,TN,20x25,3,3,335.0
2026-09-03,cubesmart,TN,20x30,4,4,326.5
2026-09-03,cubesmart,TN,20x45,1,1,573.0
2026-09-03,cubesmart,TN,20x95,1,1,1336.0
2026-09-03,cubesmart,TN,2x2.5,1,1,56.0
2026-09-03,cubesmart,TN,2x3,1,1,56.0
2026-09-03,cubesmart,TN,30x10,1,1,166.0
2026-09-03,cubesmart,TN,30x12,1,1,221.0
2026-09-03,cubesmart,TN,3x3,2,2,11.5
2026-09-03,cubesmart,TN,3x4,1,1,51.0
2026-09-03,cubesmart,TN,3x6,1,1,6.0
2026-09-03,cubesmart,TN,3x8,1,1,86.0
2026-09-03,cubesmart,TN,4x6,2,2,8.0
2026-09-03,cubesmart,TN,4x8,2,2,61.0
2026-09-03,cubesmart,TN,4x9,1,1,11.0
2026-09-03,cubesmart,TN,5x10,44,44,69.0
2026-09-03,cubesmart,TN,5x12,1,1,42.0
2026-09-03,cubesmart,TN,5x15,14,14,98.5
2026-09-03,cubesmart,TN,5x20,1,1,220.0
2026-09-03,cubesmart,TN,5x5,37,37,47.0
2026-09-03,cubesmart,TN,5x7,3,3,52.0
2026-09-03,cubesmart,TN,5x7.5,2,2,73.0
2026-09-03,cubesmart,TN,5x8,6,6,61.5
2026-09-03,cubesmart,TN,6x14,1,1,33.0
2026-09-03,cubesmart,TN,6x15,1,1,183.0
2026-09-03,cubesmart,TN,6x3,1,1,6.0
2026-09-03,cubesmart,TN,6x6,2,2,12.5
2026-09-03,cubesmart,TN,6x8,1,1,19.0
2026-09-03,cubesmart,TN,6x9,1,1,24.0
2026-09-03,cubesmart,TN,7.5x10,1,1,127.0
2026-09-03,cubesmart,TN,7x10,3,3,93.0
2026-09-03,cubesmart,TN,7x12.5,1,1,55.0
2026-09-03,cubesmart,TN,7x13,1,1,66.0
2026-09-03,cubesmart,TN,7x20,1,1,77.0
2026-09-03,cubesmart,TN,7x5,1,1,107.0
2026-09-03,cubesmart,TN,8.5x10,1,1,114.0
2026-09-03,cubesmart,TN,8x10,3,3,60.0
2026-09-03,cubesmart,TN,8x12,1,1,60.0
2026-09-03,cubesmart,TN,8x14,1,1,68.0
2026-09-03,cubesmart,TN,8x15,6,6,150.0
2026-09-03,cubesmart,TN,8x20,8,8,165.5
2026-09-03,cubesmart,TN,8x25,4,4,182.0
2026-09-03,cubesmart,TN,8x30,1,1,105.0
2026-09-03,cubesmart,TN,8x5,2,2,59.0
2026-09-03,cubesmart,TN,8x8,1,1,156.0
2026-09-03,cubesmart,TN,9x14,1,1,76.0
2026-09-03,cubesmart,TN,Other,36,36,66.0
2026-09-03,cubesmart,TX,10x10,446,446,78.0
2026-09-03,cubesmart,TX,10x11,3,3,66.0
2026-09-03,cubesmart,TX,10x12,38,38,78.5
2026-09-03,cubesmart,TX,10x12.5,23,23,103.0
2026-09-03,cubesmart,TX,10x13,7,7,95.0
2026-09-03,cubesmart,TX,10x14,3,3,96.0
2026-09-03,cubesmart,TX,10x15,360,360,110.0
2026-09-03,cubesmart,TX,10x16,1,1,163.0
2026-09-03,cubesmart,TX,10x17,2,2,87.0
2026-09-03,cubesmart,TX,10x18,5,5,155.0
2026-09-03,cubesmart,TX,10x19,2,2,112.0
2026-09-03,cubesmart,TX,10x2.5,1,1,49.0
2026-09-03,cubesmart,TX,10x20,312,312,144.5
2026-09-03,cubesmart,TX,10x21,1,1,186.0
2026-09-03,cubesmart,TX,10x22,4,4,125.5
2026-09-03,cubesmart,TX,10x23,3,3,116.0
2026-09-03,cubesmart,TX,10x24,4,4,109.5
2026-09-03,cubesmart,TX,10x25,136,136,172.5
2026-09-03,cubesmart,TX,10x26,3,3,130.0
2026-09-03,cubesmart,TX,10x27,3,3,65.0
2026-09-03,cubesmart,TX,10x28,1,1,155.0
2026-09-03,cubesmart,TX,10x3,3,3,44.0
2026-09-03,cubesmart,TX,10x3.5,1,1,29.0
2026-09-03,cubesmart,TX,10x30,125,125,194.0
2026-09-03,cubesmart,TX,10x31,1,1,118.0
2026-09-03,cubesmart,TX,10x33,1,1,309.0
2026-09-03,cubesmart,TX,10x34,1,1,140.0
2026-09-03,cubesmart,TX,10x35,8,8,159.5
2026-09-03,cubesmart,TX,10x36,1,1,127.0
2026-09-03,cubesmart,TX,10x4,2,2,55.0
2026-09-03,cubesmart,TX,10x40,3,3,197.0
2026-09-03,cubesmart,TX,10x46,1,1,88.0
2026-09-03,cubesmart,TX,10x5,159,159,45.0
2026-09-03,cubesmart,TX,10x50,1,1,360.0
2026-09-03,cubesmart,TX,10x6,1,1,46.0
2026-09-03,cubesmart,TX,10x7,9,9,43.0
2026-09-03,cubesmart,TX,10x7.5,33,33,58.0
2026-09-03,cubesmart,TX,10x8,8,8,48.0
2026-09-03,cubesmart,TX,11.5x20,1,1,83.0
2026-09-03,cubesmart,TX,11.5x25,1,1,85.0
2026-09-03,cubesmart,TX,11.5x30,1,1,88.0
2026-09-03,cubesmart,TX,11x15,1,1,101.0
2026-09-03,cubesmart,TX,11x22,1,1,88.0
2026-09-03,cubesmart,TX,11x26,1,1,95.0
2026-09-03,cubesmart,TX,11x28,1,1,171.0
2026-09-03,cubesmart,TX,11x30,2,2,145.0
2026-09-03,cubesmart,TX,11x35,2,2,156.0
2026-09-03,cubesmart,TX,11x40,1,1,149.0
2026-09-03,cubesmart,TX,12.5x10,7,7,120.0
2026-09-03,cubesmart,TX,12.5x20,2,2,104.5
2026-09-03,cubesmart,TX,12.5x29,1,1,193.0
2026-09-03,cubesmart,TX,12.5x30,2,2,201.0
2026-09-03,cubesmart,TX,12.5x37,1,1,228.0
2026-09-03,cubesmart,TX,12.5x40,1,1,191.0
2026-09-03,cubesmart,TX,12.5x7.5,1,1,86.0
2026-09-03,cubesmart,TX,12x10,1,1,93.0
2026-09-03,cubesmart,TX,12x12,5,5,57.0
2026-09-03,cubesmart,TX,12x13,1,1,109.0
2026-09-03,cubesmart,TX,12x15,6,6,128.5
2026-09-03,cubesmart,TX,12x16,1,1,116.0
2026-09-03,cubesmart,TX,12x17.5,1,1,173.0
2026-09-03,cubesmart,TX,12x20,5,5,132.0
2026-09-03,cubesmart,TX,12x23,2,2,171.0
2026-09-03,cubesmart,TX,12x24,2,2,157.5
2026-09-03,cubesmart,TX,12x25,14,14,150.5
2026-09-03,cubesmart,TX,12x27,1,1,105.0
2026-09-03,cubesmart,TX,12x28,1,1,101.0
2026-09-03,cubesmart,TX,12x29,1,1,100.0
2026-09-03,cubesmart,TX,12x30,25,25,178.0
2026-09-03,cubesmart,TX,12x32,2,2,209.0
2026-09-03,cubesmart,TX,12x35,6,6,244.0
2026-09-03,cubesmart,TX,12x36,3,3,145.0
2026-09-03,cubesmart,TX,12x40,12,12,137.5
2026-09-03,cubesmart,TX,12x50,1,1,125.0
2026-09-03,cubesmart,TX,12x8,1,1,59.0
2026-09-03,cubesmart,TX,13x10,2,2,108.5
2026-09-03,cubesmart,TX,13x18,1,1,75.0
2026-09-03,cubesmart,TX,13x29,1,1,200.0
2026-09-03,cubesmart,TX,13x30,2,2,180.5
2026-09-03,cubesmart,TX,13x32,1,1,122.0
2026-09-03,cubesmart,TX,13x35,6,6,308.0
2026-09-03,cubesmart,TX,13x36,1,1,157.0
2026-09-03,cubesmart,TX,13x36.5,1,1,527.0
2026-09-03,cubesmart,TX,13x40,1,1,402.0
2026-09-03,cubesmart,TX,13x45,3,3,190.0
2026-09-03,cubesmart,TX,13x50,4,4,420.5
2026-09-03,cubesmart,TX,13x7.5,1,1,71.0
2026-09-03,cubesmart,TX,14x14,1,1,116.0
2026-09-03,cubesmart,TX,14x16,1,1,155.0
2026-09-03,cubesmart,TX,14x25,2,2,199.0
2026-09-03,cubesmart,TX,14x30,4,4,169.0
2026-09-03,cubesmart,TX,14x40,3,3,161.0
2026-09-03,cubesmart,TX,14x50,1,1,162.0
2026-09-03,cubesmart,TX,15x0,1,1,110.0
2026-09-03,cubesmart,TX,15x10,23,23,116.0
2026-09-03,cubesmart,TX,15x12,1,1,67.0
2026-09-03,cubesmart,TX,15x15,14,14,152.5
2026-09-03,cubesmart,TX,15x18,2,2,222.5
2026-09-03,cubesmart,TX,15x19,1,1,103.0
2026-09-03,cubesmart,TX,15x20,8,8,199.5
2026-09-03,cubesmart,TX,15x25,4,4,199.5
2026-09-03,cubesmart,TX,15x30,3,3,300.0
2026-09-03,cubesmart,TX,15x35,2,2,220.0
2026-09-03,cubesmart,TX,15x5,6,6,70.0
2026-09-03,cubesmart,TX,15x7,2,2,66.0
2026-09-03,cubesmart,TX,15x8,2,2,94.0
2026-09-03,cubesmart,TX,16x12,2,2,130.0
2026-09-03,cubesmart,TX,16x34,1,1,170.0
2026-09-03,cubesmart,TX,18x12,1,1,91.0
2026-09-03,cubesmart,TX,18x18,1,1,188.0
2026-09-03,cubesmart,TX,18x20,1,1,227.0
2026-09-03,cubesmart,TX,18x24,1,1,148.0
2026-09-03,cubesmart,TX,18x6,1,1,67.0
2026-09-03,cubesmart,TX,2.25x4.5,1,1,69.0
2026-09-03,cubesmart,TX,2.3x3.5,1,1,36.0
2026-09-03,cubesmart,TX,2.5x2,2,2,16.5
2026-09-03,cubesmart,TX,2.5x2.5,1,1,46.0
2026-09-03,cubesmart,TX,2.5x3,3,3,22.0
2026-09-03,cubesmart,TX,2.5x4,1,1,32.0
2026-09-03,cubesmart,TX,2.8x1.9,1,1,31.0
2026-09-03,cubesmart,TX,20x10,63,63,166.0
2026-09-03,cubesmart,TX,20x12,3,3,131.0
2026-09-03,cubesmart,TX,20x12.5,2,2,178.0
2026-09-03,cubesmart,TX,20x14,1,1,141.0
2026-09-03,cubesmart,TX,20x15,34,34,195.0
2026-09-03,cubesmart,TX,20x20,34,34,225.0
2026-09-03,cubesmart,TX,20x25,9,9,206.0
2026-09-03,cubesmart,TX,20x27,1,1,129.0
2026-09-03,cubesmart,TX,20x30,8,8,258.5
2026-09-03,cubesmart,TX,20x5,5,5,71.0
2026-09-03,cubesmart,TX,20x7,2,2,74.0
2026-09-03,cubesmart,TX,20x8,1,1,112.0
2026-09-03,cubesmart,TX,21x10,1,1,165.0
2026-09-03,cubesmart,TX,22.5x10,1,1,195.0
2026-09-03,cubesmart,TX,24x20,1,1,132.0
2026-09-03,cubesmart,TX,24x50,1,1,508.0
2026-09-03,cubesmart,TX,25x10,6,6,229.5
2026-09-03,cubesmart,TX,25x15,1,1,283.0
2026-09-03,cubesmart,TX,2x12,1,1,26.0
2026-09-03,cubesmart,TX,2x18,1,1,34.0
2026-09-03,cubesmart,TX,2x2,2,2,17.5
2026-09-03,cubesmart,TX,2x2.5,2,2,16.5
2026-09-03,cubesmart,TX,2x2.6,1,1,17.0
2026-09-03,cubesmart,TX,2x3,4,4,17.5
2026-09-03,cubesmart,TX,2x4,3,3,18.0
2026-09-03,cubesmart,TX,2x4.5,1,1,17.0
2026-09-03,cubesmart,TX,2x5,1,1,20.0
2026-09-03,cubesmart,TX,2x6,3,3,20.0
2026-09-03,cubesmart,TX,3.5x3,1,1,54.0
2026-09-03,cubesmart,TX,3.5x9,1,1,105.0
2026-09-03,cubesmart,TX,3.75x3,1,1,69.0
2026-09-03,cubesmart,TX,30x10,10,10,220.0
2026-09-03,cubesmart,TX,30x18,1,1,506.0
2026-09-03,cubesmart,TX,30x40,1,1,704.0
2026-09-03,cubesmart,TX,3x1.5,1,1,22.0
2026-09-03,cubesmart,TX,3x10,1,1,58.0
2026-09-03,cubesmart,TX,3x2,4,4,14.5
2026-09-03,cubesmart,TX,3x3,7,7,13.0
2026-09-03,cubesmart,TX,3x4,5,5,6.0
2026-09-03,cubesmart,TX,3x4.5,2,2,25.5
2026-09-03,cubesmart,TX,3x5,3,3,15.0
2026-09-03,cubesmart,TX,3x6,1,1,36.0
2026-09-03,cubesmart,TX,4.5x5.5,1,1,246.0
2026-09-03,cubesmart,TX,48x59,1,1,2317.0
2026-09-03,cubesmart,TX,4x10,2,2,64.0
2026-09-03,cubesmart,TX,4x12,3,3,14.0
2026-09-03,cubesmart,TX,4x2,2,2,33.0
2026-09-03,cubesmart,TX,4x3,3,3,19.0
2026-09-03,cubesmart,TX,4x4,2,2,27.0
2026-09-03,cubesmart,TX,4x4.5,1,1,63.0
2026-09-03,cubesmart,TX,4x5,4,4,15.0
2026-09-03,cubesmart,TX,4x6,1,1,22.0
2026-09-03,cubesmart,TX,50x10,1,1,263.0
2026-09-03,cubesmart,TX,5x10,365,365,44.0
2026-09-03,cubesmart,TX,5x11,1,1,75.0
2026-09-03,cubesmart,TX,5x12,7,7,59.0
2026-09-03,cubesmart,TX,5x12.5,1,1,52.0
2026-09-03,cubesmart,TX,5x13,1,1,37.0
2026-09-03,cubesmart,TX,5x14,1,1,37.0
2026-09-03,cubesmart,TX,5x15,94,94,55.5
2026-09-03,cubesmart,TX,5x16,1,1,96.0
2026-09-03,cubesmart,TX,5x20,6,6,81.5
2026-09-03,cubesmart,TX,5x3,4,4,29.0
2026-09-03,cubesmart,TX,5x4,4,4,20.5
2026-09-03,cubesmart,TX,5x5,339,339,30.0
2026-09-03,cubesmart,TX,5x6,2,2,29.5
2026-09-03,cubesmart,TX,5x7,18,18,32.0
2026-09-03,cubesmart,TX,5x7.5,20,20,38.5
2026-09-03,cubesmart,TX,5x8,17,17,44.0
2026-09-03,cubesmart,TX,5x9,4,4,40.5
2026-09-03,cubesmart,TX,6.5x20,1,1,57.0
2026-09-03,cubesmart,TX,6x10,7,7,34.0
2026-09-03,cubesmart,TX,6x12,12,12,27.5
2026-09-03,cubesmart,TX,6x3,1,1,32.0
2026-09-03,cubesmart,TX,6x5,1,1,23.0
2026-09-03,cubesmart,TX,6x6,2,2,33.0
2026-09-03,cubesmart,TX,6x7,1,1,28.0
2026-09-03,cubesmart,TX,6x8,3,3,34.0
2026-09-03,cubesmart,TX,6x9,1,1,86.0
2026-09-03,cubesmart,TX,7.5x10,66,66,62.5
2026-09-03,cubesmart,TX,7.5x15,9,9,71.0
2026-09-03,cubesmart,TX,7.5x20,5,5,93.0
2026-09-03,cubesmart,TX,7.5x5,7,7,38.0
2026-09-03,cubesmart,TX,7x10,14,14,53.0
2026-09-03,cubesmart,TX,7x12,1,1,100.0
2026-09-03,cubesmart,TX,7x15,5,5,80.0
2026-09-03,cubesmart,TX,7x20,2,2,88.5
2026-09-03,cubesmart,TX,7x25,1,1,119.0
2026-09-03,cubesmart,TX,7x3,2,2,58.0
2026-09-03,cubesmart,TX,7x4.5,1,1,97.0
2026-09-03,cubesmart,TX,7x5,3,3,33.0
2026-09-03,cubesmart,TX,7x7,3,3,42.0
2026-09-03,cubesmart,TX,7x7.5,1,1,24.0
2026-09-03,cubesmart,TX,7x8,1,1,26.0
2026-09-03,cubesmart,TX,8x10,24,24,50.0
2026-09-03,cubesmart,TX,8x11,1,1,46.0
2026-09-03,cubesmart,TX,8x12,7,7,41.0
2026-09-03,cubesmart,TX,8x12.5,1,1,38.0
2026-09-03,cubesmart,TX,8x13,1,1,46.0
2026-09-03,cubesmart,TX,8x14,1,1,96.0
2026-09-03,cubesmart,TX,8x15,4,4,95.5
2026-09-03,cubesmart,TX,8x16,2,2,56.0
2026-09-03,cubesmart,TX,8x19,1,1,92.0
2026-09-03,cubesmart,TX,8x20,8,8,106.0
2026-09-03,cubesmart,TX,8x25,1,1,266.0
2026-09-03,cubesmart,TX,8x30,2,2,131.5
2026-09-03,cubesmart,TX,8x5,1,1,38.0
2026-09-03,cubesmart,TX,8x6,1,1,96.0
2026-09-03,cubesmart,TX,8x8,1,1,25.0
2026-09-03,cubesmart,TX,9x10,7,7,69.0
2026-09-03,cubesmart,TX,9x12,1,1,80.0
2026-09-03,cubesmart,TX,9x14,1,1,127.0
2026-09-03,cubesmart,TX,9x15,4,4,94.0
2026-09-03,cubesmart,TX,9x18,2,2,116.5
2026-09-03,cubesmart,TX,9x20,6,6,120.5
2026-09-03,cubesmart,TX,9x25,1,1,117.0
2026-09-03,cubesmart,TX,9x26,1,1,135.0
2026-09-03,cubesmart,TX,9x27,1,1,74.0
2026-09-03,cubesmart,TX,9x30,2,2,151.0
2026-09-03,cubesmart,TX,9x53,1,1,216.0
2026-09-03,cubesmart,TX,9x9,2,2,88.5
2026-09-03,cubesmart,TX,Other,208,208,67.0
2026-09-03,cubesmart,UT,10x5,1,1,62.0
2026-09-03,cubesmart,UT,14x10,2,2,109.5
2026-09-03,cubesmart,UT,14x5,1,1,122.0
2026-09-03,cubesmart,UT,16x8,1,1,141.0
2026-09-03,cubesmart,UT,4x7,2,2,39.0
2026-09-03,cubesmart,UT,5x10,2,2,60.0
2026-09-03,cubesmart,UT,5x5,2,2,37.5
2026-09-03,cubesmart,UT,5x8,3,3,52.0
2026-09-03,cubesmart,UT,6x5,2,2,42.5
2026-09-03,cubesmart,UT,7x10,3,3,78.0
2026-09-03,cubesmart,UT,7x5,2,2,47.0
2026-09-03,cubesmart,UT,7x7,2,2,60.0
2026-09-03,cubesmart,UT,7x8,1,1,56.0
2026-09-03,cubesmart,UT,8x10,1,1,68.0
2026-09-03,cubesmart,UT,8x5,2,2,52.5
2026-09-03,cubesmart,UT,8x7,1,1,56.0
2026-09-03,cubesmart,UT,8x8,2,2,75.0
2026-09-03,cubesmart,UT,Other,2,2,58.0
2026-09-03,cubesmart,VA,1.1x7.3,1,1,79.0
2026-09-03,cubesmart,VA,10x10,55,55,139.0
2026-09-03,cubesmart,VA,10x11,1,1,193.0
2026-09-03,cubesmart,VA,10x12,1,1,65.0
2026-09-03,cubesmart,VA,10x12.5,1,1,206.0
2026-09-03,cubesmart,VA,10x13,3,3,192.0
2026-09-03,cubesmart,VA,10x14,3,3,227.0
2026-09-03,cubesmart,VA,10x15,53,53,153.0
2026-09-03,cubesmart,VA,10x16,1,1,252.0
2026-09-03,cubesmart,VA,10x17,1,1,105.0
2026-09-03,cubesmart,VA,10x19,2,2,392.5
2026-09-03,cubesmart,VA,10x20,51,51,216.0
2026-09-03,cubesmart,VA,10x21,1,1,387.0
2026-09-03,cubesmart,VA,10x25,17,17,271.0
2026-09-03,cubesmart,VA,10x30,23,23,256.0
2026-09-03,cubesmart,VA,10x35,1,1,586.0
2026-09-03,cubesmart,VA,10x40,2,2,600.5
2026-09-03,cubesmart,VA,10x5,18,18,64.5
2026-09-03,cubesmart,VA,10x7,1,1,185.0
2026-09-03,cubesmart,VA,10x7.5,6,6,80.0
2026-09-03,cubesmart,VA,10x8,2,2,138.5
2026-09-03,cubesmart,VA,10x9,1,1,209.0
2026-09-03,cubesmart,VA,11x3,1,1,13.0
2026-09-03,cubesmart,VA,12x3,2,2,13.5
2026-09-03,cubesmart,VA,13x10,1,1,213.0
2026-09-03,cubesmart,VA,14x10,1,1,233.0
2026-09-03,cubesmart,VA,15x10,2,2,146.5
2026-09-03,cubesmart,VA,15x12.5,1,1,484.0
2026-09-03,cubesmart,VA,15x15,1,1,209.0
2026-09-03,cubesmart,VA,15x20,1,1,453.0
2026-09-03,cubesmart,VA,15x30,1,1,365.0
2026-09-03,cubesmart,VA,16x6,1,1,58.0
2026-09-03,cubesmart,VA,16x7,1,1,65.0
2026-09-03,cubesmart,VA,2.3x2.4,1,1,46.0
2026-09-03,cubesmart,VA,2.3x4.4,1,1,59.0
2026-09-03,cubesmart,VA,2.5x7.3,1,1,100.0
2026-09-03,cubesmart,VA,2.6x4.4,1,1,59.0
2026-09-03,cubesmart,VA,20x10,10,10,259.0
2026-09-03,cubesmart,VA,20x15,12,12,230.5
2026-09-03,cubesmart,VA,20x20,5,5,373.0
2026-09-03,cubesmart,VA,20x25,1,1,254.0
2026-09-03,cubesmart,VA,20x5,1,1,160.0
2026-09-03,cubesmart,VA,30x10,1,1,107.0
2026-09-03,cubesmart,VA,3x4,1,1,36.0
2026-09-03,cubesmart,VA,3x6,1,1,56.0
2026-09-03,cubesmart,VA,40x10,2,2,324.0
2026-09-03,cubesmart,VA,4x10,3,3,78.0
2026-09-03,cubesmart,VA,4x5,1,1,61.0
2026-09-03,cubesmart,VA,5x10,57,57,70.0
2026-09-03,cubesmart,VA,5x11,1,1,110.0
2026-09-03,cubesmart,VA,5x12,1,1,119.0
2026-09-03,cubesmart,VA,5x15,21,21,81.0
2026-09-03,cubesmart,VA,5x20,1,1,155.0
2026-09-03,cubesmart,VA,5x4,1,1,28.0
2026-09-03,cubesmart,VA,5x5,61,61,51.0
2026-09-03,cubesmart,VA,5x6,1,1,75.0
2026-09-03,cubesmart,VA,5x7,2,2,110.5
2026-09-03,cubesmart,VA,5x7.5,5,5,61.0
2026-09-03,cubesmart,VA,5x8,2,2,104.5
2026-09-03,cubesmart,VA,5x9,1,1,86.0
2026-09-03,cubesmart,VA,6x12,1,1,42.0
2026-09-03,cubesmart,VA,7.5x10,8,8,84.0
2026-09-03,cubesmart,VA,7.5x20,1,1,225.0
2026-09-03,cubesmart,VA,7.5x5,2,2,58.0
2026-09-03,cubesmart,VA,7x10,5,5,120.0
2026-09-03,cubesmart,VA,7x15,1,1,62.0
2026-09-03,cubesmart,VA,7x17,1,1,186.0
2026-09-03,cubesmart,VA,7x20,3,3,223.0
2026-09-03,cubesmart,VA,7x8,1,1,78.0
2026-09-03,cubesmart,VA,8x10,5,5,48.0
2026-09-03,cubesmart,VA,8x11,1,1,39.0
2026-09-03,cubesmart,VA,8x13,1,1,77.0
2026-09-03,cubesmart,VA,8x15,1,1,110.0
2026-09-03,cubesmart,VA,8x17,1,1,129.0
2026-09-03,cubesmart,VA,8x20,2,2,159.5
2026-09-03,cubesmart,VA,8x22,1,1,159.0
2026-09-03,cubesmart,VA,8x3,1,1,9.0
2026-09-03,cubesmart,VA,8x30,1,1,137.0
2026-09-03,cubesmart,VA,8x5,1,1,15.0
2026-09-03,cubesmart,VA,8x6,1,1,22.0
2026-09-03,cubesmart,VA,8x7,1,1,26.0
2026-09-03,cubesmart,VA,9x10,5,5,144.0
2026-09-03,cubesmart,VA,9x14,1,1,214.0
2026-09-03,cubesmart,VA,9x29,1,1,395.0
2026-09-03,cubesmart,VA,9x3,1,1,9.0
2026-09-03,cubesmart,VA,Other,40,40,108.0
2026-09-03,cubesmart,VT,10x10,4,4,114.5
2026-09-03,cubesmart,VT,10x15,1,1,90.0
2026-09-03,cubesmart,VT,10x20,3,3,164.0
2026-09-03,cubesmart,VT,10x30,2,2,172.0
2026-09-03,cubesmart,VT,20x30,1,1,232.0
2026-09-03,cubesmart,VT,5x10,4,4,89.5
2026-09-03,cubesmart,VT,5x5,3,3,34.0
2026-09-03,cubesmart,VT,Other,1,1,33.0
2026-09-03,cubesmart,WA,10x10,11,11,116.0
2026-09-03,cubesmart,WA,10x11,2,2,104.0
2026-09-03,cubesmart,WA,10x12.5,2,2,209.5
2026-09-03,cubesmart,WA,10x13,1,1,190.0
2026-09-03,cubesmart,WA,10x15,10,10,179.0
2026-09-03,cubesmart,WA,10x17.5,2,2,241.5
2026-09-03,cubesmart,WA,10x20,9,9,224.0
2026-09-03,cubesmart,WA,10x25,6,6,313.5
2026-09-03,cubesmart,WA,10x30,4,4,364.0
2026-09-03,cubesmart,WA,10x32,1,1,788.0
2026-09-03,cubesmart,WA,10x5,5,5,77.0
2026-09-03,cubesmart,WA,10x6,1,1,101.0
2026-09-03,cubesmart,WA,10x8,2,2,125.0
2026-09-03,cubesmart,WA,11x21,1,1,393.0
2026-09-03,cubesmart,WA,12.5x15,1,1,214.0
2026-09-03,cubesmart,WA,12.5x25,1,1,482.0
2026-09-03,cubesmart,WA,12.5x30,1,1,1097.0
2026-09-03,cubesmart,WA,12x30,1,1,1027.0
2026-09-03,cubesmart,WA,15x10,1,1,122.0
2026-09-03,cubesmart,WA,15x17.5,1,1,434.0
2026-09-03,cubesmart,WA,15x25,1,1,1097.0
2026-09-03,cubesmart,WA,15x28,1,1,1087.0
2026-09-03,cubesmart,WA,17x28,1,1,1193.0
2026-09-03,cubesmart,WA,20x10,4,4,207.5
2026-09-03,cubesmart,WA,20x15,1,1,308.0
2026-09-03,cubesmart,WA,20x20,2,2,427.5
2026-09-03,cubesmart,WA,20x8,1,1,190.0
2026-09-03,cubesmart,WA,25x15,1,1,384.0
2026-09-03,cubesmart,WA,2x10,2,2,71.5
2026-09-03,cubesmart,WA,3x10,1,1,59.0
2026-09-03,cubesmart,WA,3x3,1,1,19.0
2026-09-03,cubesmart,WA,3x4,3,3,46.0
2026-09-03,cubesmart,WA,3x5,2,2,55.5
2026-09-03,cubesmart,WA,4x2,1,1,19.0
2026-09-03,cubesmart,WA,4x4,2,2,36.0
2026-09-03,cubesmart,WA,5x10,7,7,89.0
2026-09-03,cubesmart,WA,5x12.5,1,1,125.0
2026-09-03,cubesmart,WA,5x5,8,8,51.5
2026-09-03,cubesmart,WA,5x6,3,3,68.0
2026-09-03,cubesmart,WA,5x7,1,1,63.0
2026-09-03,cubesmart,WA,5x7.5,1,1,110.0
2026-09-03,cubesmart,WA,5x8,1,1,101.0
2026-09-03,cubesmart,WA,5x9,1,1,85.0
2026-09-03,cubesmart,WA,6x12.5,1,1,111.0
2026-09-03,cubesmart,WA,6x9,1,1,102.0
2026-09-03,cubesmart,WA,7.5x10,2,2,94.0
2026-09-03,cubesmart,WA,7.5x15,2,2,146.5
2026-09-03,cubesmart,WA,7.5x9,1,1,74.0
2026-09-03,cubesmart,WA,7x10,1,1,81.0
2026-09-03,cubesmart,WA,8x20,1,1,204.0
2026-09-03,cubesmart,WA,9x15,1,1,203.0
2026-09-03,cubesmart,WA,Other,5,5,73.0
2026-09-03,cubesmart,WI,10x10,12,12,85.0
2026-09-03,cubesmart,WI,10x11,1,1,101.0
2026-09-03,cubesmart,WI,10x12,1,1,101.0
2026-09-03,cubesmart,WI,10x13,2,2,115.5
2026-09-03,cubesmart,WI,10x14,1,1,154.0
2026-09-03,cubesmart,WI,10x15,7,7,122.0
2026-09-03,cubesmart,WI,10x19,1,1,169.0
2026-09-03,cubesmart,WI,10x20,14,14,107.0
2026-09-03,cubesmart,WI,10x25,6,6,140.5
2026-09-03,cubesmart,WI,10x30,10,10,154.5
2026-09-03,cubesmart,WI,10x4,1,1,46.0
2026-09-03,cubesmart,WI,10x40,2,2,240.5
2026-09-03,cubesmart,WI,10x5,3,3,79.0
2026-09-03,cubesmart,WI,10x50,1,1,208.0
2026-09-03,cubesmart,WI,10x6,1,1,51.0
2026-09-03,cubesmart,WI,11.5x5,1,1,52.0
2026-09-03,cubesmart,WI,11x10,1,1,158.0
2026-09-03,cubesmart,WI,11x23,1,1,287.0
2026-09-03,cubesmart,WI,12x10,2,2,61.5
2026-09-03,cubesmart,WI,12x13,1,1,110.0
2026-09-03,cubesmart,WI,12x15,2,2,112.5
2026-09-03,cubesmart,WI,12x20,1,1,107.0
2026-09-03,cubesmart,WI,12x25,1,1,123.0
2026-09-03,cubesmart,WI,12x30,2,2,158.5
2026-09-03,cubesmart,WI,12x50,1,1,243.0
2026-09-03,cubesmart,WI,13x14,1,1,262.0
2026-09-03,cubesmart,WI,13x15,1,1,170.0
2026-09-03,cubesmart,WI,13x4,1,1,63.0
2026-09-03,cubesmart,WI,15x10,1,1,191.0
2026-09-03,cubesmart,WI,15x20,1,1,253.0
2026-09-03,cubesmart,WI,15x24,1,1,283.0
2026-09-03,cubesmart,WI,15x5,2,2,64.5
2026-09-03,cubesmart,WI,20.5x6,1,1,89.0
2026-09-03,cubesmart,WI,20x10,1,1,193.0
2026-09-03,cubesmart,WI,20x14,1,1,264.0
2026-09-03,cubesmart,WI,20x15,2,2,252.0
2026-09-03,cubesmart,WI,20x19,1,1,340.0
2026-09-03,cubesmart,WI,20x20,4,4,302.5
2026-09-03,cubesmart,WI,20x22,1,1,208.0
2026-09-03,cubesmart,WI,20x40,1,1,524.0
2026-09-03,cubesmart,WI,25x10,1,1,190.0
2026-09-03,cubesmart,WI,3.5x25,1,1,72.0
2026-09-03,cubesmart,WI,30x10,1,1,196.0
2026-09-03,cubesmart,WI,30x15,1,1,472.0
2026-09-03,cubesmart,WI,40x10,1,1,249.0
2026-09-03,cubesmart,WI,4x5,1,1,37.0
2026-09-03,cubesmart,WI,5x10,12,12,51.0
2026-09-03,cubesmart,WI,5x12,1,1,62.0
2026-09-03,cubesmart,WI,5x15,4,4,70.0
2026-09-03,cubesmart,WI,5x19,1,1,74.0
2026-09-03,cubesmart,WI,5x5,6,6,40.0
2026-09-03,cubesmart,WI,5x8,1,1,45.0
2026-09-03,cubesmart,WI,6x10,3,3,62.0
2026-09-03,cubesmart,WI,6x11,1,1,60.0
2026-09-03,cubesmart,WI,6x12,1,1,63.0
2026-09-03,cubesmart,WI,6x8,1,1,88.0
2026-09-03,cubesmart,WI,8x10,2,2,93.5
2026-09-03,cubesmart,WI,9x10,1,1,72.0
2026-09-03,cubesmart,WI,Other,6,6,65.5
2026-09-04,cubesmart,AL,10x10,25,25,86.0
2026-09-04,cubesmart,AL,10x12,3,3,64.0
2026-09-04,cubesmart,AL,10x13,1,1,100.0
2026-09-04,cubesmart,AL,10x14,1,1,116.0
2026-09-04,cubesmart,AL,10x15,15,15,122.0
2026-09-04,cubesmart,AL,10x17,1,1,119.0
2026-09-04,cubesmart,AL,10x20,17,17,150.0
2026-09-04,cubesmart,AL,10x22,1,1,167.0
2026-09-04,cubesmart,AL,10x25,6,6,262.0
2026-09-04,cubesmart,AL,10x30,7,7,212.0
2026-09-04,cubesmart,AL,10x5,9,9,37.0
2026-09-04,cubesmart,AL,10x6,1,1,43.0
2026-09-04,cubesmart,AL,10x7,2,2,25.5
2026-09-04,cubesmart,AL,10x8,4,4,28.0
2026-09-04,cubesmart,AL,10x9,1,1,22.0
2026-09-04,cubesmart,AL,12x26,1,1,50.0
2026-09-04,cubesmart,AL,12x8,1,1,22.0
2026-09-04,cubesmart,AL,13x10,1,1,100.0
2026-09-04,cubesmart,AL,13x8,1,1,25.0
2026-09-04,cubesmart,AL,15x10,2,2,38.0
2026-09-04,cubesmart,AL,15x15,1,1,109.0
2026-09-04,cubesmart,AL,15x8,1,1,43.0
2026-09-04,cubesmart,AL,16x12,1,1,101.0
2026-09-04,cubesmart,AL,18x10,2,2,169.0
2026-09-04,cubesmart,AL,20x10,5,5,81.0
2026-09-04,cubesmart,AL,20x15,3,3,326.0
2026-09-04,cubesmart,AL,20x20,5,5,181.0
2026-09-04,cubesmart,AL,20x25,2,2,415.0
2026-09-04,cubesmart,AL,20x7,1,1,31.0
2026-09-04,cubesmart,AL,20x9,1,1,41.0
2026-09-04,cubesmart,AL,25x12,1,1,297.0
2026-09-04,cubesmart,AL,30x45,1,1,747.0
2026-09-04,cubesmart,AL,40x35,1,1,1124.0
2026-09-04,cubesmart,AL,4x8,2,2,9.5
2026-09-04,cubesmart,AL,5x10,18,18,58.5
2026-09-04,cubesmart,AL,5x15,1,1,88.0
2026-09-04,cubesmart,AL,5x4,1,1,68.0
2026-09-04,cubesmart,AL,5x5,17,17,35.0
2026-09-04,cubesmart,AL,5x7,4,4,43.5
2026-09-04,cubesmart,AL,5x8,3,3,18.0
2026-09-04,cubesmart,AL,6x10,2,2,77.0
2026-09-04,cubesmart,AL,7.5x10,5,5,73.0
2026-09-04,cubesmart,AL,7x5,1,1,25.0
2026-09-04,cubesmart,AL,8x10,2,2,81.5
2026-09-04,cubesmart,AL,8x12,1,1,36.0
2026-09-04,cubesmart,AL,8x19,1,1,70.0
2026-09-04,cubesmart,AL,8x3,1,1,24.0
2026-09-04,cubesmart,AL,8x5,1,1,28.0
2026-09-04,cubesmart,AL,8x9,1,1,41.0
2026-09-04,cubesmart,AL,9x10,2,2,91.5
2026-09-04,cubesmart,AL,Other,7,7,38.0
2026-09-04,cubesmart,AR,10x10,17,17,54.0
2026-09-04,cubesmart,AR,10x12,1,1,53.0
2026-09-04,cubesmart,AR,10x15,9,9,63.0
2026-09-04,cubesmart,AR,10x20,13,13,77.0
2026-09-04,cubesmart,AR,10x25,2,2,83.5
2026-09-04,cubesmart,AR,10x30,1,1,144.0
2026-09-04,cubesmart,AR,10x35,2,2,338.5
2026-09-04,cubesmart,AR,10x40,3,3,176.0
2026-09-04,cubesmart,AR,10x5,4,4,44.0
2026-09-04,cubesmart,AR,10x9,1,1,49.0
2026-09-04,cubesmart,AR,11x36,1,1,47.0
2026-09-04,cubesmart,AR,11x40,1,1,52.0
2026-09-04,cubesmart,AR,12x25,1,1,114.0
2026-09-04,cubesmart,AR,12x40,2,2,119.5
2026-09-04,cubesmart,AR,12x45,2,2,114.5
2026-09-04,cubesmart,AR,14x50,1,1,58.0
2026-09-04,cubesmart,AR,15x20,2,2,108.5
2026-09-04,cubesmart,AR,16x10,1,1,52.0
2026-09-04,cubesmart,AR,20x10,1,1,317.0
2026-09-04,cubesmart,AR,20x15,1,1,105.0
2026-09-04,cubesmart,AR,20x20,6,6,129.5
2026-09-04,cubesmart,AR,5x10,11,11,40.0
2026-09-04,cubesmart,AR,5x15,2,2,33.0
2026-09-04,cubesmart,AR,5x5,6,6,27.5
2026-09-04,cubesmart,AR,5x7.5,2,2,60.0
2026-09-04,cubesmart,AR,6x10,1,1,44.0
2026-09-04,cubesmart,AR,7.5x10,1,1,81.0
2026-09-04,cubesmart,AR,8x10,2,2,42.0
2026-09-04,cubesmart,AR,8x15,1,1,43.0
2026-09-04,cubesmart,AR,8x20,1,1,51.0
2026-09-04,cubesmart,AR,8x30,1,1,69.0
2026-09-04,cubesmart,AR,9x10,1,1,49.0
2026-09-04,cubesmart,AR,9x5,1,1,41.0
2026-09-04,cubesmart,AR,Other,8,8,55.0
2026-09-04,cubesmart,AZ,10x10,93,93,80.0
2026-09-04,cubesmart,AZ,10x12,6,6,84.0
2026-09-04,cubesmart,AZ,10x13,1,1,69.0
2026-09-04,cubesmart,AZ,10x14,1,1,100.0
2026-09-04,cubesmart,AZ,10x15,65,65,112.0
2026-09-04,cubesmart,AZ,10x16,1,1,102.0
2026-09-04,cubesmart,AZ,10x17,1,1,85.0
2026-09-04,cubesmart,AZ,10x18,1,1,103.0
2026-09-04,cubesmart,AZ,10x19,1,1,167.0
2026-09-04,cubesmart,AZ,10x20,67,67,145.0
2026-09-04,cubesmart,AZ,10x21,1,1,114.0
2026-09-04,cubesmart,AZ,10x22,3,3,133.0
2026-09-04,cubesmart,AZ,10x23,1,1,135.0
2026-09-04,cubesmart,AZ,10x25,29,29,173.0
2026-09-04,cubesmart,AZ,10x30,20,20,219.0
2026-09-04,cubesmart,AZ,10x35,1,1,249.0
2026-09-04,cubesmart,AZ,10x4,2,2,36.0
2026-09-04,cubesmart,AZ,10x40,3,3,488.0
2026-09-04,cubesmart,AZ,10x5,42,42,41.5
2026-09-04,cubesmart,AZ,10x6,2,2,40.5
2026-09-04,cubesmart,AZ,10x7,2,2,56.0
2026-09-04,cubesmart,AZ,10x7.5,8,8,48.5
2026-09-04,cubesmart,AZ,10x8,1,1,146.0
2026-09-04,cubesmart,AZ,10x9,2,2,87.0
2026-09-04,cubesmart,AZ,12.5x20,1,1,111.0
2026-09-04,cubesmart,AZ,12.5x30,1,1,288.0
2026-09-04,cubesmart,AZ,12x10,1,1,58.0
2026-09-04,cubesmart,AZ,12x20,5,5,135.0
2026-09-04,cubesmart,AZ,12x25,2,2,231.0
2026-09-04,cubesmart,AZ,12x30,8,8,258.5
2026-09-04,cubesmart,AZ,12x35,3,3,116.0
2026-09-04,cubesmart,AZ,12x40,4,4,142.5
2026-09-04,cubesmart,AZ,14x10,1,1,73.0
2026-09-04,cubesmart,AZ,14x35,1,1,171.0
2026-09-04,cubesmart,AZ,14x40,1,1,193.0
2026-09-04,cubesmart,AZ,15x10,5,5,139.0
2026-09-04,cubesmart,AZ,15x14,1,1,142.0
2026-09-04,cubesmart,AZ,15x15,2,2,165.0
2026-09-04,cubesmart,AZ,15x20,1,1,146.0
2026-09-04,cubesmart,AZ,15x30,2,2,240.0
2026-09-04,cubesmart,AZ,15x45,1,1,382.0
2026-09-04,cubesmart,AZ,15x5,4,4,55.5
2026-09-04,cubesmart,AZ,15x7.5,1,1,200.0
2026-09-04,cubesmart,AZ,20x10,18,18,149.5
2026-09-04,cubesmart,AZ,20x12,2,2,171.0
2026-09-04,cubesmart,AZ,20x15,15,15,184.0
2026-09-04,cubesmart,AZ,20x19,1,1,415.0
2026-09-04,cubesmart,AZ,20x20,18,18,260.0
2026-09-04,cubesmart,AZ,20x22,1,1,264.0
2026-09-04,cubesmart,AZ,20x25,10,10,300.0
2026-09-04,cubesmart,AZ,20x30,1,1,411.0
2026-09-04,cubesmart,AZ,20x5,1,1,70.0
2026-09-04,cubesmart,AZ,20x7,1,1,74.0
2026-09-04,cubesmart,AZ,20x7.5,1,1,80.0
2026-09-04,cubesmart,AZ,24x14,1,1,211.0
2026-09-04,cubesmart,AZ,2x2,1,1,8.0
2026-09-04,cubesmart,AZ,30x10,1,1,343.0
2026-09-04,cubesmart,AZ,3x10,2,2,42.5
2026-09-04,cubesmart,AZ,3x20,1,1,43.0
2026-09-04,cubesmart,AZ,3x3,5,5,8.0
2026-09-04,cubesmart,AZ,3x5,3,3,28.0
2026-09-04,cubesmart,AZ,3x9,1,1,7.0
2026-09-04,cubesmart,AZ,4x10,3,3,32.0
2026-09-04,cubesmart,AZ,4x2,1,1,9.0
2026-09-04,cubesmart,AZ,4x4,5,5,24.0
2026-09-04,cubesmart,AZ,4x5,6,6,25.0
2026-09-04,cubesmart,AZ,4x6,1,1,30.0
2026-09-04,cubesmart,AZ,4x8,1,1,34.0
2026-09-04,cubesmart,AZ,5x10,80,80,39.0
2026-09-04,cubesmart,AZ,5x12,3,3,47.0
2026-09-04,cubesmart,AZ,5x15,16,16,55.0
2026-09-04,cubesmart,AZ,5x20,2,2,53.0
2026-09-04,cubesmart,AZ,5x30,1,1,129.0
2026-09-04,cubesmart,AZ,5x4,7,7,26.0
2026-09-04,cubesmart,AZ,5x5,77,77,26.0
2026-09-04,cubesmart,AZ,5x6,2,2,30.5
2026-09-04,cubesmart,AZ,5x7,3,3,29.0
2026-09-04,cubesmart,AZ,5x7.5,3,3,41.0
2026-09-04,cubesmart,AZ,5x8,7,7,32.0
2026-09-04,cubesmart,AZ,5x9,2,2,49.5
2026-09-04,cubesmart,AZ,6x10,1,1,24.0
2026-09-04,cubesmart,AZ,7.5x10,2,2,64.5
2026-09-04,cubesmart,AZ,7.6x10,1,1,52.0
2026-09-04,cubesmart,AZ,7x10,1,1,79.0
2026-09-04,cubesmart,AZ,8x10,6,6,70.0
2026-09-04,cubesmart,AZ,8x15,1,1,94.0
2026-09-04,cubesmart,AZ,8x20,2,2,126.5
2026-09-04,cubesmart,AZ,8x4,2,2,24.0
2026-09-04,cubesmart,AZ,8x40,1,1,206.0
2026-09-04,cubesmart,AZ,8x5,1,1,28.0
2026-09-04,cubesmart,AZ,8x8,2,2,65.5
2026-09-04,cubesmart,AZ,8x9,1,1,56.0
2026-09-04,cubesmart,AZ,9x16,1,1,75.0
2026-09-04,cubesmart,AZ,9x7,1,1,38.0
2026-09-04,cubesmart,AZ,Other,54,54,84.5
2026-09-04,cubesmart,CA,10x10,83,83,121.0
2026-09-04,cubesmart,CA,10x11,2,2,106.0
2026-09-04,cubesmart,CA,10x12,14,14,143.5
2026-09-04,cubesmart,CA,10x12.5,1,1,255.0
2026-09-04,cubesmart,CA,10x13,10,10,151.0
2026-09-04,cubesmart,CA,10x14,4,4,180.0
2026-09-04,cubesmart,CA,10x15,67,67,168.0
2026-09-04,cubesmart,CA,10x16,2,2,380.0
2026-09-04,cubesmart,CA,10x17,1,1,233.0
2026-09-04,cubesmart,CA,10x18,4,4,211.5
2026-09-04,cubesmart,CA,10x19,1,1,264.0
2026-09-04,cubesmart,CA,10x20,57,57,244.0
2026-09-04,cubesmart,CA,10x22,4,4,288.5
2026-09-04,cubesmart,CA,10x23,2,2,248.5
2026-09-04,cubesmart,CA,10x24,6,6,261.5
2026-09-04,cubesmart,CA,10x25,37,37,306.0
2026-09-04,cubesmart,CA,10x26,1,1,158.0
2026-09-04,cubesmart,CA,10x27,2,2,326.5
2026-09-04,cubesmart,CA,10x28,1,1,306.0
2026-09-04,cubesmart,CA,10x29,1,1,367.0
2026-09-04,cubesmart,CA,10x30,24,24,273.0
2026-09-04,cubesmart,CA,10x32,2,2,314.5
2026-09-04,cubesmart,CA,10x35,2,2,434.5
2026-09-04,cubesmart,CA,10x4,1,1,29.0
2026-09-04,cubesmart,CA,10x40,2,2,405.0
2026-09-04,cubesmart,CA,10x5,12,12,87.5
2026-09-04,cubesmart,CA,10x7,3,3,96.0
2026-09-04,cubesmart,CA,10x7.5,7,7,124.0
2026-09-04,cubesmart,CA,10x8,2,2,120.5
2026-09-04,cubesmart,CA,10x9,1,1,126.0
2026-09-04,cubesmart,CA,11x22,1,1,112.0
2026-09-04,cubesmart,CA,11x33,1,1,268.0
2026-09-04,cubesmart,CA,12x15,1,1,278.0
2026-09-04,cubesmart,CA,12x20,3,3,162.0
2026-09-04,cubesmart,CA,12x25,1,1,182.0
2026-09-04,cubesmart,CA,12x30,3,3,207.0
2026-09-04,cubesmart,CA,12x50,1,1,310.0
2026-09-04,cubesmart,CA,14x15,1,1,190.0
2026-09-04,cubesmart,CA,14x20,1,1,179.0
2026-09-04,cubesmart,CA,14x29,1,1,351.0
2026-09-04,cubesmart,CA,14x30,1,1,398.0
2026-09-04,cubesmart,CA,14x8,1,1,87.0
2026-09-04,cubesmart,CA,15x10,3,3,152.0
2026-09-04,cubesmart,CA,15x15,2,2,355.0
2026-09-04,cubesmart,CA,15x16,1,1,149.0
2026-09-04,cubesmart,CA,15x20,4,4,184.0
2026-09-04,cubesmart,CA,15x25,1,1,605.0
2026-09-04,cubesmart,CA,15x30,3,3,386.0
2026-09-04,cubesmart,CA,15x40,1,1,465.0
2026-09-04,cubesmart,CA,15x5,2,2,101.5
2026-09-04,cubesmart,CA,16x13,1,1,246.0
2026-09-04,cubesmart,CA,16x20,2,2,681.5
2026-09-04,cubesmart,CA,16x30,1,1,653.0
2026-09-04,cubesmart,CA,16x9,1,1,210.0
2026-09-04,cubesmart,CA,17x19,1,1,418.0
2026-09-04,cubesmart,CA,18x16,1,1,287.0
2026-09-04,cubesmart,CA,18x20,1,1,525.0
2026-09-04,cubesmart,CA,18x30,1,1,439.0
2026-09-04,cubesmart,CA,18x8,1,1,212.0
2026-09-04,cubesmart,CA,20x10,15,15,214.0
2026-09-04,cubesmart,CA,20x13,1,1,233.0
2026-09-04,cubesmart,CA,20x15,12,12,263.5
2026-09-04,cubesmart,CA,20x20,15,15,298.0
2026-09-04,cubesmart,CA,20x22,1,1,551.0
2026-09-04,cubesmart,CA,20x23,2,2,520.0
2026-09-04,cubesmart,CA,20x24,2,2,243.0
2026-09-04,cubesmart,CA,20x25,5,5,429.0
2026-09-04,cubesmart,CA,20x30,3,3,453.0
2026-09-04,cubesmart,CA,21x20,1,1,285.0
2026-09-04,cubesmart,CA,24x20,1,1,306.0
2026-09-04,cubesmart,CA,25x10,1,1,168.0
2026-09-04,cubesmart,CA,2x3,2,2,10.0
2026-09-04,cubesmart,CA,30x10,1,1,231.0
2026-09-04,cubesmart,CA,30x25,1,1,387.0
2026-09-04,cubesmart,CA,3x24,1,1,49.0
2026-09-04,cubesmart,CA,3x4,1,1,23.0
2026-09-04,cubesmart,CA,3x6,1,1,61.0
2026-09-04,cubesmart,CA,4.5x14,1,1,96.0
2026-09-04,cubesmart,CA,4.5x8,2,2,72.0
2026-09-04,cubesmart,CA,45x12,1,1,924.0
2026-09-04,cubesmart,CA,4x10,6,6,53.5
2026-09-04,cubesmart,CA,4x19,1,1,106.0
2026-09-04,cubesmart,CA,4x4,6,6,34.5
2026-09-04,cubesmart,CA,4x5,4,4,45.0
2026-09-04,cubesmart,CA,4x6,1,1,65.0
2026-09-04,cubesmart,CA,4x8,1,1,55.0
2026-09-04,cubesmart,CA,4x9,2,2,59.5
2026-09-04,cubesmart,CA,50x60,1,1,666.0
2026-09-04,cubesmart,CA,5x10,79,79,76.0
2026-09-04,cubesmart,CA,5x11,1,1,68.0
2026-09-04,cubesmart,CA,5x12,4,4,61.0
2026-09-04,cubesmart,CA,5x14,1,1,78.0
2026-09-04,cubesmart,CA,5x15,16,16,87.0
2026-09-04,cubesmart,CA,5x2,1,1,25.0
2026-09-04,cubesmart,CA,5x20,3,3,139.0
2026-09-04,cubesmart,CA,5x3,1,1,48.0
2026-09-04,cubesmart,CA,5x4,2,2,55.0
2026-09-04,cubesmart,CA,5x5,65,65,55.0
2026-09-04,cubesmart,CA,5x6,4,4,46.5
2026-09-04,cubesmart,CA,5x7,11,11,76.0
2026-09-04,cubesmart,CA,5x7.5,2,2,74.5
2026-09-04,cubesmart,CA,5x8,14,14,69.0
2026-09-04,cubesmart,CA,5x9,3,3,71.0
2026-09-04,cubesmart,CA,6x10,7,7,79.0
2026-09-04,cubesmart,CA,6x12,3,3,54.0
2026-09-04,cubesmart,CA,6x15,1,1,58.0
2026-09-04,cubesmart,CA,6x7,2,2,77.0
2026-09-04,cubesmart,CA,6x8,2,2,71.5
2026-09-04,cubesmart,CA,6x9,3,3,67.0
2026-09-04,cubesmart,CA,7.5x10,9,9,105.0
2026-09-04,cubesmart,CA,7x10,6,6,86.0
2026-09-04,cubesmart,CA,7x15,3,3,71.0
2026-09-04,cubesmart,CA,7x20,1,1,137.0
2026-09-04,cubesmart,CA,7x24,1,1,226.0
2026-09-04,cubesmart,CA,7x5,2,2,53.0
2026-09-04,cubesmart,CA,7x7,1,1,101.0
2026-09-04,cubesmart,CA,7x8,2,2,61.5
2026-09-04,cubesmart,CA,7x9,3,3,80.0
2026-09-04,cubesmart,CA,8x10,19,19,83.0
2026-09-04,cubesmart,CA,8x11,1,1,59.0
2026-09-04,cubesmart,CA,8x12,2,2,113.0
2026-09-04,cubesmart,CA,8x13,1,1,139.0
2026-09-04,cubesmart,CA,8x15,4,4,144.5
2026-09-04,cubesmart,CA,8x16,1,1,338.0
2026-09-04,cubesmart,CA,8x19,1,1,235.0
2026-09-04,cubesmart,CA,8x20,9,9,190.0
2026-09-04,cubesmart,CA,8x25,1,1,212.0
2026-09-04,cubesmart,CA,8x27,1,1,255.0
2026-09-04,cubesmart,CA,8x40,1,1,451.0
2026-09-04,cubesmart,CA,8x8,5,5,74.0
2026-09-04,cubesmart,CA,8x9,1,1,107.0
2026-09-04,cubesmart,CA,9x10,5,5,81.0
2026-09-04,cubesmart,CA,9x12,1,1,164.0
2026-09-04,cubesmart,CA,9x14,1,1,198.0
2026-09-04,cubesmart,CA,9x15,2,2,96.0
2026-09-04,cubesmart,CA,9x17,1,1,208.0
2026-09-04,cubesmart,CA,9x20,3,3,234.0
2026-09-04,cubesmart,CA,9x25,1,1,317.0
2026-09-04,cubesmart,CA,9x29,1,1,364.0
2026-09-04,cubesmart,CA,9x8,1,1,95.0
2026-09-04,cubesmart,CA,Other,48,48,128.5
2026-09-04,cubesmart,CO,10x10,40,40,105.5
2026-09-04,cubesmart,CO,10x12,3,3,128.0
2026-09-04,cubesmart,CO,10x15,24,24,138.0
2026-09-04,cubesmart,CO,10x17,1,1,164.0
2026-09-04,cubesmart,CO,10x18,1,1,166.0
2026-09-04,cubesmart,CO,10x20,31,31,182.0
2026-09-04,cubesmart,CO,10x22,1,1,149.0
2026-09-04,cubesmart,CO,10x24,1,1,325.0
2026-09-04,cubesmart,CO,10x25,10,10,227.5
2026-09-04,cubesmart,CO,10x28,1,1,198.0
2026-09-04,cubesmart,CO,10x30,10,10,234.5
2026-09-04,cubesmart,CO,10x40,2,2,294.0
2026-09-04,cubesmart,CO,10x5,7,7,52.0
2026-09-04,cubesmart,CO,10x7,1,1,53.0
2026-09-04,cubesmart,CO,10x7.5,1,1,68.0
2026-09-04,cubesmart,CO,11x10,1,1,128.0
2026-09-04,cubesmart,CO,11x25,1,1,283.0
2026-09-04,cubesmart,CO,11x30,1,1,290.0
2026-09-04,cubesmart,CO,12.5x40,1,1,598.0
2026-09-04,cubesmart,CO,12x12,1,1,134.0
2026-09-04,cubesmart,CO,12x15,1,1,138.0
2026-09-04,cubesmart,CO,12x17,1,1,271.0
2026-09-04,cubesmart,CO,12x20,1,1,235.0
2026-09-04,cubesmart,CO,12x24,1,1,350.0
2026-09-04,cubesmart,CO,12x28,1,1,356.0
2026-09-04,cubesmart,CO,12x30,3,3,318.0
2026-09-04,cubesmart,CO,12x32,1,1,375.0
2026-09-04,cubesmart,CO,12x38,1,1,392.0
2026-09-04,cubesmart,CO,14x30,1,1,379.0
2026-09-04,cubesmart,CO,15x10,1,1,114.0
2026-09-04,cubesmart,CO,15x15,1,1,152.0
2026-09-04,cubesmart,CO,15x20,3,3,234.0
2026-09-04,cubesmart,CO,15x22,1,1,199.0
2026-09-04,cubesmart,CO,15x23,1,1,204.0
2026-09-04,cubesmart,CO,15x50,1,1,278.0
2026-09-04,cubesmart,CO,15x8,1,1,208.0
2026-09-04,cubesmart,CO,16x20,1,1,365.0
2026-09-04,cubesmart,CO,16x30,1,1,378.0
2026-09-04,cubesmart,CO,20x10,7,7,204.0
2026-09-04,cubesmart,CO,20x15,4,4,284.0
2026-09-04,cubesmart,CO,20x20,6,6,361.0
2026-09-04,cubesmart,CO,20x30,3,3,620.0
2026-09-04,cubesmart,CO,20x7.5,1,1,157.0
2026-09-04,cubesmart,CO,2x10,2,2,39.0
2026-09-04,cubesmart,CO,30x15,1,1,415.0
2026-09-04,cubesmart,CO,5x10,32,32,51.5
2026-09-04,cubesmart,CO,5x12,2,2,42.5
2026-09-04,cubesmart,CO,5x15,6,6,70.5
2026-09-04,cubesmart,CO,5x20,1,1,95.0
2026-09-04,cubesmart,CO,5x28,1,1,91.0
2026-09-04,cubesmart,CO,5x4,1,1,79.0
2026-09-04,cubesmart,CO,5x5,27,27,38.0
2026-09-04,cubesmart,CO,5x7,2,2,50.5
2026-09-04,cubesmart,CO,5x8,5,5,43.0
2026-09-04,cubesmart,CO,6x10,1,1,85.0
2026-09-04,cubesmart,CO,6x12,1,1,79.0
2026-09-04,cubesmart,CO,6x20,1,1,71.0
2026-09-04,cubesmart,CO,6x6,1,1,53.0
2026-09-04,cubesmart,CO,7.5x10,3,3,73.0
2026-09-04,cubesmart,CO,7.5x20,1,1,150.0
2026-09-04,cubesmart,CO,7x10,1,1,55.0
2026-09-04,cubesmart,CO,7x18,2,2,112.0
2026-09-04,cubesmart,CO,7x5,1,1,57.0
2026-09-04,cubesmart,CO,7x9,2,2,53.0
2026-09-04,cubesmart,CO,8x10,5,5,69.0
2026-09-04,cubesmart,CO,8x12,1,1,91.0
2026-09-04,cubesmart,CO,8x15,2,2,172.0
2026-09-04,cubesmart,CO,8x20,3,3,235.0
2026-09-04,cubesmart,CO,Other,16,16,105.5
2026-09-04,cubesmart,CT,10x10,69,69,120.0
2026-09-04,cubesmart,CT,10x12,5,5,100.0
2026-09-04,cubesmart,CT,10x13,1,1,219.0
2026-09-04,cubesmart,CT,10x15,55,55,151.0
2026-09-04,cubesmart,CT,10x17,1,1,122.0
2026-09-04,cubesmart,CT,10x18,1,1,91.0
2026-09-04,cubesmart,CT,10x20,61,61,182.0
2026-09-04,cubesmart,CT,10x22,1,1,138.0
2026-09-04,cubesmart,CT,10x23,1,1,193.0
2026-09-04,cubesmart,CT,10x25,20,20,220.0
2026-09-04,cubesmart,CT,10x3,1,1,52.0
2026-09-04,cubesmart,CT,10x30,18,18,250.0
2026-09-04,cubesmart,CT,10x35,1,1,317.0
2026-09-04,cubesmart,CT,10x40,3,3,289.0
2026-09-04,cubesmart,CT,10x5,13,13,60.0
2026-09-04,cubesmart,CT,10x50,1,1,227.0
2026-09-04,cubesmart,CT,10x7,1,1,110.0
2026-09-04,cubesmart,CT,10x7.5,1,1,110.0
2026-09-04,cubesmart,CT,10x8,1,1,78.0
2026-09-04,cubesmart,CT,10x9,1,1,110.0
2026-09-04,cubesmart,CT,12x19,1,1,182.0
2026-09-04,cubesmart,CT,12x20,1,1,188.0
2026-09-04,cubesmart,CT,12x30,1,1,327.0
2026-09-04,cubesmart,CT,13x15,1,1,161.0
2026-09-04,cubesmart,CT,13x17,1,1,496.0
2026-09-04,cubesmart,CT,14x10,1,1,88.0
2026-09-04,cubesmart,CT,15x10,2,2,84.5
2026-09-04,cubesmart,CT,15x15,1,1,201.0
2026-09-04,cubesmart,CT,15x20,1,1,221.0
2026-09-04,cubesmart,CT,15x30,1,1,287.0
2026-09-04,cubesmart,CT,15x40,1,1,409.0
2026-09-04,cubesmart,CT,16x15,1,1,170.0
2026-09-04,cubesmart,CT,20x10,8,8,177.0
2026-09-04,cubesmart,CT,20x15,6,6,212.0
2026-09-04,cubesmart,CT,20x20,22,22,293.0
2026-09-04,cubesmart,CT,20x25,3,3,261.0
2026-09-04,cubesmart,CT,20x30,2,2,363.5
2026-09-04,cubesmart,CT,20x35,1,1,497.0
2026-09-04,cubesmart,CT,20x8,1,1,110.0
2026-09-04,cubesmart,CT,2x5,1,1,19.0
2026-09-04,cubesmart,CT,3x10,1,1,38.0
2026-09-04,cubesmart,CT,3x12,1,1,43.0
2026-09-04,cubesmart,CT,3x4,1,1,32.0
2026-09-04,cubesmart,CT,3x5,2,2,33.0
2026-09-04,cubesmart,CT,4x10,3,3,73.0
2026-09-04,cubesmart,CT,4x20,1,1,75.0
2026-09-04,cubesmart,CT,4x5,3,3,41.0
2026-09-04,cubesmart,CT,5x10,69,69,65.0
2026-09-04,cubesmart,CT,5x12,1,1,91.0
2026-09-04,cubesmart,CT,5x15,37,37,77.0
2026-09-04,cubesmart,CT,5x20,5,5,120.0
2026-09-04,cubesmart,CT,5x3,1,1,41.0
2026-09-04,cubesmart,CT,5x5,52,52,41.5
2026-09-04,cubesmart,CT,5x6,2,2,53.5
2026-09-04,cubesmart,CT,5x7,3,3,43.0
2026-09-04,cubesmart,CT,5x8,6,6,58.5
2026-09-04,cubesmart,CT,6x10,1,1,139.0
2026-09-04,cubesmart,CT,6x7,1,1,122.0
2026-09-04,cubesmart,CT,6x8,1,1,127.0
2026-09-04,cubesmart,CT,7x10,1,1,71.0
2026-09-04,cubesmart,CT,7x14,2,2,86.5
2026-09-04,cubesmart,CT,7x26,1,1,120.0
2026-09-04,cubesmart,CT,7x7,1,1,53.0
2026-09-04,cubesmart,CT,8x10,3,3,75.0
2026-09-04,cubesmart,CT,8x15,3,3,120.0
2026-09-04,cubesmart,CT,8x30,1,1,217.0
2026-09-04,cubesmart,CT,8x5,1,1,58.0
2026-09-04,cubesmart,CT,9x20,1,1,120.0
2026-09-04,cubesmart,CT,Other,13,13,64.0
2026-09-04,cubesmart,DC,10x10,6,6,185.0
2026-09-04,cubesmart,DC,10x12.5,1,1,284.0
2026-09-04,cubesmart,DC,10x15,6,6,245.0
2026-09-04,cubesmart,DC,10x20,7,7,353.0
2026-09-04,cubesmart,DC,10x25,4,4,318.0
2026-09-04,cubesmart,DC,10x30,5,5,373.0
2026-09-04,cubesmart,DC,10x7.5,2,2,98.5
2026-09-04,cubesmart,DC,20x10,3,3,256.0
2026-09-04,cubesmart,DC,20x15,1,1,267.0
2026-09-04,cubesmart,DC,20x20,1,1,499.0
2026-09-04,cubesmart,DC,3x5,1,1,59.0
2026-09-04,cubesmart,DC,3x8,1,1,74.0
2026-09-04,cubesmart,DC,4x5,1,1,99.0
2026-09-04,cubesmart,DC,5x10,8,8,128.5
2026-09-04,cubesmart,DC,5x15,4,4,159.5
2026-09-04,cubesmart,DC,5x2,1,1,45.0
2026-09-04,cubesmart,DC,5x20,1,1,177.0
2026-09-04,cubesmart,DC,5x5,13,13,52.0
2026-09-04,cubesmart,DC,5x7.5,1,1,139.0
2026-09-04,cubesmart,DC,5x8,1,1,115.0
2026-09-04,cubesmart,DC,7.5x10,1,1,183.0
2026-09-04,cubesmart,DC,7.5x20,1,1,291.0
2026-09-04,cubesmart,DC,7x15,1,1,183.0
2026-09-04,cubesmart,DC,7x8,1,1,133.0
2026-09-04,cubesmart,DC,8.5x19,1,1,160.0
2026-09-04,cubesmart,DC,8x10,2,2,165.0
2026-09-04,cubesmart,DC,8x25,1,1,353.0
2026-09-04,cubesmart,DC,9x10,1,1,235.0
2026-09-04,cubesmart,DC,Other,2,2,152.0
2026-09-04,cubesmart,DE,10x10,8,8,71.0
2026-09-04,cubesmart,DE,10x12,1,1,64.0
2026-09-04,cubesmart,DE,10x15,7,7,91.0
2026-09-04,cubesmart,DE,10x20,1,1,115.0
2026-09-04,cubesmart,DE,10x25,2,2,155.5
2026-09-04,cubesmart,DE,10x30,3,3,166.0
2026-09-04,cubesmart,DE,10x5,4,4,37.0
2026-09-04,cubesmart,DE,10x7,3,3,44.0
2026-09-04,cubesmart,DE,10x7.5,2,2,52.5
2026-09-04,cubesmart,DE,20x10,1,1,106.0
2026-09-04,cubesmart,DE,20x15,2,2,184.5
2026-09-04,cubesmart,DE,20x20,1,1,177.0
2026-09-04,cubesmart,DE,20x25,1,1,218.0
2026-09-04,cubesmart,DE,5x10,6,6,40.5
2026-09-04,cubesmart,DE,5x5,8,8,15.5
2026-09-04,cubesmart,DE,5x7,1,1,26.0
2026-09-04,cubesmart,DE,5x8,2,2,38.5
2026-09-04,cubesmart,DE,7.5x10,1,1,55.0
2026-09-04,cubesmart,DE,7x10,2,2,50.5
2026-09-04,cubesmart,DE,8x10,3,3,49.0
2026-09-04,cubesmart,DE,8x7,1,1,38.0
2026-09-04,cubesmart,FL,10.5x21,1,1,384.0
2026-09-04,cubesmart,FL,10.5x50,1,1,230.0
2026-09-04,cubesmart,FL,10x10,364,364,104.5
2026-09-04,cubesmart,FL,10x10.5,1,1,106.0
2026-09-04,cubesmart,FL,10x11,6,6,128.5
2026-09-04,cubesmart,FL,10x12,36,36,122.0
2026-09-04,cubesmart,FL,10x12.5,5,5,216.0
2026-09-04,cubesmart,FL,10x13,13,13,124.0
2026-09-04,cubesmart,FL,10x14,3,3,199.0
2026-09-04,cubesmart,FL,10x15,305,305,140.0
2026-09-04,cubesmart,FL,10x16,3,3,132.0
2026-09-04,cubesmart,FL,10x17,6,6,157.5
2026-09-04,cubesmart,FL,10x17.5,2,2,140.5
2026-09-04,cubesmart,FL,10x18,5,5,194.0
2026-09-04,cubesmart,FL,10x20,285,285,190.0
2026-09-04,cubesmart,FL,10x21,2,2,208.5
2026-09-04,cubesmart,FL,10x22,7,7,230.0
2026-09-04,cubesmart,FL,10x23,4,4,193.0
2026-09-04,cubesmart,FL,10x24,1,1,199.0
2026-09-04,cubesmart,FL,10x25,97,97,247.0
2026-09-04,cubesmart,FL,10x28,1,1,259.0
2026-09-04,cubesmart,FL,10x3,2,2,94.5
2026-09-04,cubesmart,FL,10x30,88,88,278.5
2026-09-04,cubesmart,FL,10x32.5,1,1,365.0
2026-09-04,cubesmart,FL,10x35,3,3,369.0
2026-09-04,cubesmart,FL,10x4,6,6,38.0
2026-09-04,cubesmart,FL,10x40,5,5,280.0
2026-09-04,cubesmart,FL,10x5,152,152,59.0
2026-09-04,cubesmart,FL,10x50,1,1,365.0
2026-09-04,cubesmart,FL,10x6,4,4,57.0
2026-09-04,cubesmart,FL,10x7,31,31,69.0
2026-09-04,cubesmart,FL,10x7.5,23,23,45.0
2026-09-04,cubesmart,FL,10x8,32,32,76.5
2026-09-04,cubesmart,FL,10x9,9,9,90.0
2026-09-04,cubesmart,FL,11.5x28,1,1,101.0
2026-09-04,cubesmart,FL,11x10,1,1,130.0
2026-09-04,cubesmart,FL,11x16,1,1,248.0
2026-09-04,cubesmart,FL,11x45,1,1,326.0
2026-09-04,cubesmart,FL,11x48,1,1,342.0
2026-09-04,cubesmart,FL,12.5x12.5,1,1,147.0
2026-09-04,cubesmart,FL,12.5x20,1,1,211.0
2026-09-04,cubesmart,FL,12.5x25,1,1,169.0
2026-09-04,cubesmart,FL,12.5x30,2,2,263.5
2026-09-04,cubesmart,FL,12.5x5,1,1,140.0
2026-09-04,cubesmart,FL,12.5x7,1,1,49.0
2026-09-04,cubesmart,FL,12.8x5,1,1,187.0
2026-09-04,cubesmart,FL,12x10,3,3,73.0
2026-09-04,cubesmart,FL,12x12,6,6,106.0
2026-09-04,cubesmart,FL,12x15,11,11,236.0
2026-09-04,cubesmart,FL,12x16,1,1,169.0
2026-09-04,cubesmart,FL,12x20,9,9,199.0
2026-09-04,cubesmart,FL,12x22,1,1,240.0
2026-09-04,cubesmart,FL,12x24,1,1,326.0
2026-09-04,cubesmart,FL,12x25,7,7,152.0
2026-09-04,cubesmart,FL,12x30,8,8,313.0
2026-09-04,cubesmart,FL,12x32,1,1,163.0
2026-09-04,cubesmart,FL,12x35,1,1,460.0
2026-09-04,cubesmart,FL,12x40,3,3,224.0
2026-09-04,cubesmart,FL,12x43,1,1,503.0
2026-09-04,cubesmart,FL,12x5,1,1,75.0
2026-09-04,cubesmart,FL,12x50,1,1,255.0
2026-09-04,cubesmart,FL,12x6,1,1,26.0
2026-09-04,cubesmart,FL,12x7,1,1,90.0
2026-09-04,cubesmart,FL,13.5x45,1,1,409.0
2026-09-04,cubesmart,FL,13x10,1,1,74.0
2026-09-04,cubesmart,FL,13x20,1,1,303.0
2026-09-04,cubesmart,FL,13x25,1,1,527.0
2026-09-04,cubesmart,FL,13x30,2,2,173.0
2026-09-04,cubesmart,FL,13x35,1,1,134.0
2026-09-04,cubesmart,FL,13x50,1,1,137.0
2026-09-04,cubesmart,FL,14x10,1,1,130.0
2026-09-04,cubesmart,FL,14x15,1,1,130.0
2026-09-04,cubesmart,FL,14x16,1,1,223.0
2026-09-04,cubesmart,FL,14x18,2,2,264.0
2026-09-04,cubesmart,FL,14x20,1,1,362.0
2026-09-04,cubesmart,FL,14x21,1,1,424.0
2026-09-04,cubesmart,FL,14x39,1,1,479.0
2026-09-04,cubesmart,FL,14x6,1,1,31.0
2026-09-04,cubesmart,FL,15x10,21,21,136.0
2026-09-04,cubesmart,FL,15x12,3,3,233.0
2026-09-04,cubesmart,FL,15x12.5,2,2,196.0
2026-09-04,cubesmart,FL,15x15,16,16,157.5
2026-09-04,cubesmart,FL,15x16,1,1,99.0
2026-09-04,cubesmart,FL,15x20,13,13,238.0
2026-09-04,cubesmart,FL,15x25,2,2,451.5
2026-09-04,cubesmart,FL,15x30,4,4,465.0
2026-09-04,cubesmart,FL,15x5,9,9,45.0
2026-09-04,cubesmart,FL,15x50,4,4,313.0
2026-09-04,cubesmart,FL,15x7,2,2,103.0
2026-09-04,cubesmart,FL,15x8,1,1,70.0
2026-09-04,cubesmart,FL,16x10,1,1,72.0
2026-09-04,cubesmart,FL,16x12,3,3,97.0
2026-09-04,cubesmart,FL,16x15,2,2,102.5
2026-09-04,cubesmart,FL,16x16,2,2,186.0
2026-09-04,cubesmart,FL,16x45,1,1,259.0
2026-09-04,cubesmart,FL,16x8,2,2,127.0
2026-09-04,cubesmart,FL,18x10,3,3,156.0
2026-09-04,cubesmart,FL,18x18,1,1,279.0
2026-09-04,cubesmart,FL,18x20,1,1,244.0
2026-09-04,cubesmart,FL,18x7,1,1,143.0
2026-09-04,cubesmart,FL,20x10,73,73,184.0
2026-09-04,cubesmart,FL,20x11,1,1,196.0
2026-09-04,cubesmart,FL,20x12,4,4,214.5
2026-09-04,cubesmart,FL,20x13,1,1,222.0
2026-09-04,cubesmart,FL,20x15,69,69,222.0
2026-09-04,cubesmart,FL,20x17,1,1,381.0
2026-09-04,cubesmart,FL,20x18,1,1,104.0
2026-09-04,cubesmart,FL,20x20,65,65,275.0
2026-09-04,cubesmart,FL,20x22,2,2,773.5
2026-09-04,cubesmart,FL,20x25,6,6,363.5
2026-09-04,cubesmart,FL,20x30,4,4,402.5
2026-09-04,cubesmart,FL,20x45,1,1,507.0
2026-09-04,cubesmart,FL,20x50,1,1,540.0
2026-09-04,cubesmart,FL,20x6,1,1,67.0
2026-09-04,cubesmart,FL,20x7,3,3,124.0
2026-09-04,cubesmart,FL,20x7.5,2,2,190.0
2026-09-04,cubesmart,FL,20x8,6,6,126.0
2026-09-04,cubesmart,FL,20x9,1,1,133.0
2026-09-04,cubesmart,FL,24x12,1,1,326.0
2026-09-04,cubesmart,FL,25x10,4,4,335.5
2026-09-04,cubesmart,FL,25x25,1,1,365.0
2026-09-04,cubesmart,FL,26x20,1,1,286.0
2026-09-04,cubesmart,FL,2x3,1,1,32.0
2026-09-04,cubesmart,FL,2x4,1,1,13.0
2026-09-04,cubesmart,FL,3.5x5,1,1,15.0
2026-09-04,cubesmart,FL,30x10,5,5,263.0
2026-09-04,cubesmart,FL,30x12,1,1,128.0
2026-09-04,cubesmart,FL,30x20,1,1,425.0
2026-09-04,cubesmart,FL,30x25,1,1,458.0
2026-09-04,cubesmart,FL,3x10,1,1,28.0
2026-09-04,cubesmart,FL,3x12,1,1,18.0
2026-09-04,cubesmart,FL,3x2,1,1,32.0
2026-09-04,cubesmart,FL,3x3,5,5,9.0
2026-09-04,cubesmart,FL,3x4,10,10,14.5
2026-09-04,cubesmart,FL,3x5,8,8,20.0
2026-09-04,cubesmart,FL,3x6,2,2,19.5
2026-09-04,cubesmart,FL,3x6.5,1,1,13.0
2026-09-04,cubesmart,FL,3x9,1,1,34.0
2026-09-04,cubesmart,FL,4x10,10,10,48.0
2026-09-04,cubesmart,FL,4x12,1,1,38.0
2026-09-04,cubesmart,FL,4x15,1,1,55.0
2026-09-04,cubesmart,FL,4x3,1,1,7.0
2026-09-04,cubesmart,FL,4x4,23,23,12.0
2026-09-04,cubesmart,FL,4x5,37,37,22.0
2026-09-04,cubesmart,FL,4x6,11,11,22.0
2026-09-04,cubesmart,FL,4x7,2,2,28.5
2026-09-04,cubesmart,FL,4x8,13,13,35.0
2026-09-04,cubesmart,FL,5.5x5.5,1,1,35.0
2026-09-04,cubesmart,FL,50x12,1,1,160.0
2026-09-04,cubesmart,FL,5x10,307,307,53.0
2026-09-04,cubesmart,FL,5x11,1,1,61.0
2026-09-04,cubesmart,FL,5x12,13,13,71.0
2026-09-04,cubesmart,FL,5x12.5,3,3,103.0
2026-09-04,cubesmart,FL,5x14,1,1,64.0
2026-09-04,cubesmart,FL,5x15,73,73,61.0
2026-09-04,cubesmart,FL,5x18,1,1,68.0
2026-09-04,cubesmart,FL,5x20,8,8,76.5
2026-09-04,cubesmart,FL,5x21,1,1,90.0
2026-09-04,cubesmart,FL,5x3,7,7,14.0
2026-09-04,cubesmart,FL,5x30,1,1,172.0
2026-09-04,cubesmart,FL,5x4,11,11,22.0
2026-09-04,cubesmart,FL,5x5,359,359,32.0
2026-09-04,cubesmart,FL,5x6,20,20,41.0
2026-09-04,cubesmart,FL,5x7,30,30,48.5
2026-09-04,cubesmart,FL,5x7.5,11,11,54.0
2026-09-04,cubesmart,FL,5x8,40,40,45.0
2026-09-04,cubesmart,FL,5x9,6,6,50.0
2026-09-04,cubesmart,FL,60x12,1,1,176.0
2026-09-04,cubesmart,FL,6x10,12,12,69.5
2026-09-04,cubesmart,FL,6x12,3,3,86.0
2026-09-04,cubesmart,FL,6x15,2,2,73.5
2026-09-04,cubesmart,FL,6x16,1,1,59.0
2026-09-04,cubesmart,FL,6x3,1,1,13.0
2026-09-04,cubesmart,FL,6x5,2,2,50.0
2026-09-04,cubesmart,FL,6x6,5,5,26.0
2026-09-04,cubesmart,FL,6x7,6,6,29.5
2026-09-04,cubesmart,FL,6x8,10,10,55.0
2026-09-04,cubesmart,FL,6x9,1,1,80.0
2026-09-04,cubesmart,FL,7.5x10,27,27,71.0
2026-09-04,cubesmart,FL,7.5x15,7,7,60.0
2026-09-04,cubesmart,FL,7.5x20,3,3,164.0
2026-09-04,cubesmart,FL,7.5x5,1,1,54.0
2026-09-04,cubesmart,FL,7.5x7.5,2,2,24.5
2026-09-04,cubesmart,FL,7x10,24,24,73.5
2026-09-04,cubesmart,FL,7x12,3,3,89.0
2026-09-04,cubesmart,FL,7x13,2,2,75.0
2026-09-04,cubesmart,FL,7x14,2,2,42.0
2026-09-04,cubesmart,FL,7x15,5,5,49.0
2026-09-04,cubesmart,FL,7x18,1,1,80.0
2026-09-04,cubesmart,FL,7x20,3,3,119.0
2026-09-04,cubesmart,FL,7x25,1,1,324.0
2026-09-04,cubesmart,FL,7x5,5,5,63.0
2026-09-04,cubesmart,FL,7x6,1,1,19.0
2026-09-04,cubesmart,FL,7x7,1,1,63.0
2026-09-04,cubesmart,FL,7x8,1,1,54.0
2026-09-04,cubesmart,FL,7x9,2,2,46.0
2026-09-04,cubesmart,FL,8.5x10,1,1,48.0
2026-09-04,cubesmart,FL,8x10,33,33,75.0
2026-09-04,cubesmart,FL,8x10.5,1,1,209.0
2026-09-04,cubesmart,FL,8x12,8,8,71.5
2026-09-04,cubesmart,FL,8x13,1,1,163.0
2026-09-04,cubesmart,FL,8x14,1,1,74.0
2026-09-04,cubesmart,FL,8x15,13,13,129.0
2026-09-04,cubesmart,FL,8x16,1,1,150.0
2026-09-04,cubesmart,FL,8x20,1,1,290.0
2026-09-04,cubesmart,FL,8x30,1,1,115.0
2026-09-04,cubesmart,FL,8x5,6,6,31.5
2026-09-04,cubesmart,FL,8x6,1,1,103.0
2026-09-04,cubesmart,FL,8x8,12,12,53.0
2026-09-04,cubesmart,FL,8x9,1,1,94.0
2026-09-04,cubesmart,FL,9x10,12,12,81.5
2026-09-04,cubesmart,FL,9x15,3,3,101.0
2026-09-04,cubesmart,FL,9x20,2,2,121.0
2026-09-04,cubesmart,FL,9x24,1,1,265.0
2026-09-04,cubesmart,FL,9x25,1,1,166.0
2026-09-04,cubesmart,FL,9x33,1,1,170.0
2026-09-04,cubesmart,FL,9x7.5,1,1,28.0
2026-09-04,cubesmart,FL,9x8,1,1,57.0
2026-09-04,cubesmart,FL,Other,162,162,99.0
2026-09-04,cubesmart,GA,10x10,71,71,68.0
2026-09-04,cubesmart,GA,10x11,3,3,80.0
2026-09-04,cubesmart,GA,10x12,4,4,102.5
2026-09-04,cubesmart,GA,10x12.5,1,1,70.0
2026-09-04,cubesmart,GA,10x15,59,59,92.0
2026-09-04,cubesmart,GA,10x18,2,2,188.0
2026-09-04,cubesmart,GA,10x2,2,2,30.0
2026-09-04,cubesmart,GA,10x20,54,54,139.0
2026-09-04,cubesmart,GA,10x25,12,12,185.5
2026-09-04,cubesmart,GA,10x28,1,1,100.0
2026-09-04,cubesmart,GA,10x3,1,1,35.0
2026-09-04,cubesmart,GA,10x30,25,25,222.0
2026-09-04,cubesmart,GA,10x35,1,1,370.0
2026-09-04,cubesmart,GA,10x38,1,1,446.0
2026-09-04,cubesmart,GA,10x4,3,3,48.0
2026-09-04,cubesmart,GA,10x40,1,1,458.0
2026-09-04,cubesmart,GA,10x5,31,31,44.0
2026-09-04,cubesmart,GA,10x7,3,3,49.0
2026-09-04,cubesmart,GA,10x7.5,2,2,46.5
2026-09-04,cubesmart,GA,10x8,3,3,59.0
2026-09-04,cubesmart,GA,10x9,2,2,70.0
2026-09-04,cubesmart,GA,12x10,1,1,125.0
2026-09-04,cubesmart,GA,12x12,1,1,79.0
2026-09-04,cubesmart,GA,12x15,1,1,105.0
2026-09-04,cubesmart,GA,12x20,1,1,253.0
2026-09-04,cubesmart,GA,12x25,1,1,134.0
2026-09-04,cubesmart,GA,12x3,1,1,46.0
2026-09-04,cubesmart,GA,12x30,2,2,283.0
2026-09-04,cubesmart,GA,13x13,1,1,156.0
2026-09-04,cubesmart,GA,13x15,1,1,145.0
2026-09-04,cubesmart,GA,13x8,1,1,82.0
2026-09-04,cubesmart,GA,14x40,1,1,304.0
2026-09-04,cubesmart,GA,15x10,4,4,111.0
2026-09-04,cubesmart,GA,15x15,2,2,120.5
2026-09-04,cubesmart,GA,15x16,1,1,110.0
2026-09-04,cubesmart,GA,16x10,1,1,130.0
2026-09-04,cubesmart,GA,16x15,1,1,110.0
2026-09-04,cubesmart,GA,16x20,1,1,125.0
2026-09-04,cubesmart,GA,20x10,12,12,166.0
2026-09-04,cubesmart,GA,20x12.5,1,1,176.0
2026-09-04,cubesmart,GA,20x14,1,1,135.0
2026-09-04,cubesmart,GA,20x15,14,14,232.5
2026-09-04,cubesmart,GA,20x20,9,9,247.0
2026-09-04,cubesmart,GA,20x25,2,2,521.0
2026-09-04,cubesmart,GA,20x30,4,4,369.5
2026-09-04,cubesmart,GA,20x5,3,3,57.0
2026-09-04,cubesmart,GA,20x7,1,1,153.0
2026-09-04,cubesmart,GA,30x10,1,1,242.0
2026-09-04,cubesmart,GA,5x10,55,55,37.0
2026-09-04,cubesmart,GA,5x12,1,1,44.0
2026-09-04,cubesmart,GA,5x14,1,1,50.0
2026-09-04,cubesmart,GA,5x15,12,12,47.0
2026-09-04,cubesmart,GA,5x20,2,2,36.5
2026-09-04,cubesmart,GA,5x5,58,58,28.0
2026-09-04,cubesmart,GA,5x7,3,3,51.0
2026-09-04,cubesmart,GA,5x8,4,4,33.0
2026-09-04,cubesmart,GA,5x9,1,1,39.0
2026-09-04,cubesmart,GA,6x10,2,2,38.5
2026-09-04,cubesmart,GA,6x20,2,2,36.0
2026-09-04,cubesmart,GA,7.5x10,2,2,52.5
2026-09-04,cubesmart,GA,7x10,2,2,44.5
2026-09-04,cubesmart,GA,7x9,4,4,56.0
2026-09-04,cubesmart,GA,8x10,9,9,39.0
2026-09-04,cubesmart,GA,8x15,1,1,25.0
2026-09-04,cubesmart,GA,8x16,1,1,30.0
2026-09-04,cubesmart,GA,8x20,1,1,42.0
2026-09-04,cubesmart,GA,8x5,2,2,41.5
2026-09-04,cubesmart,GA,9x10,1,1,99.0
2026-09-04,cubesmart,GA,9x7,1,1,49.0
2026-09-04,cubesmart,GA,Other,37,37,123.0
2026-09-04,cubesmart,IA,10x10,3,3,82.0
2026-09-04,cubesmart,IA,10x15,3,3,77.0
2026-09-04,cubesmart,IA,10x20,1,1,106.0
2026-09-04,cubesmart,IA,10x30,2,2,174.0
2026-09-04,cubesmart,IA,4x5,1,1,19.0
2026-09-04,cubesmart,IA,5x10,2,2,48.5
2026-09-04,cubesmart,IA,5x15,2,2,68.5
2026-09-04,cubesmart,IA,5x5,4,4,26.0
2026-09-04,cubesmart,IA,5x8,1,1,69.0
2026-09-04,cubesmart,IA,7x15,1,1,106.0
2026-09-04,cubesmart,IA,Other,2,2,34.0
2026-09-04,cubesmart,IL,10x10,117,117,100.0
2026-09-04,cubesmart,IL,10x11,3,3,111.0
2026-09-04,cubesmart,IL,10x12,10,10,115.0
2026-09-04,cubesmart,IL,10x12.5,2,2,125.0
2026-09-04,cubesmart,IL,10x13,7,7,107.0
2026-09-04,cubesmart,IL,10x14,1,1,95.0
2026-09-04,cubesmart,IL,10x15,93,93,139.0
2026-09-04,cubesmart,IL,10x16,1,1,122.0
2026-09-04,cubesmart,IL,10x17,1,1,212.0
2026-09-04,cubesmart,IL,10x18,2,2,140.5
2026-09-04,cubesmart,IL,10x20,88,88,179.5
2026-09-04,cubesmart,IL,10x22,2,2,200.5
2026-09-04,cubesmart,IL,10x22.5,1,1,141.0
2026-09-04,cubesmart,IL,10x23,3,3,194.0
2026-09-04,cubesmart,IL,10x24,2,2,176.0
2026-09-04,cubesmart,IL,10x25,45,45,210.0
2026-09-04,cubesmart,IL,10x30,33,33,267.0
2026-09-04,cubesmart,IL,10x35,1,1,268.0
2026-09-04,cubesmart,IL,10x40,2,2,300.5
2026-09-04,cubesmart,IL,10x5,22,22,58.5
2026-09-04,cubesmart,IL,10x6,2,2,101.5
2026-09-04,cubesmart,IL,10x7,3,3,86.0
2026-09-04,cubesmart,IL,10x7.5,4,4,75.5
2026-09-04,cubesmart,IL,10x8,5,5,90.0
2026-09-04,cubesmart,IL,10x9,4,4,100.5
2026-09-04,cubesmart,IL,11x10,1,1,106.0
2026-09-04,cubesmart,IL,11x12,1,1,92.0
2026-09-04,cubesmart,IL,11x14,1,1,108.0
2026-09-04,cubesmart,IL,11x16,1,1,99.0
2026-09-04,cubesmart,IL,11x20,1,1,106.0
2026-09-04,cubesmart,IL,11x25,1,1,130.0
2026-09-04,cubesmart,IL,11x30,1,1,154.0
2026-09-04,cubesmart,IL,12x10,1,1,116.0
2026-09-04,cubesmart,IL,12x12,4,4,138.0
2026-09-04,cubesmart,IL,12x15,3,3,150.0
2026-09-04,cubesmart,IL,12x20,4,4,247.5
2026-09-04,cubesmart,IL,12x25,3,3,172.0
2026-09-04,cubesmart,IL,12x26,1,1,374.0
2026-09-04,cubesmart,IL,12x30,1,1,190.0
2026-09-04,cubesmart,IL,12x33,1,1,215.0
2026-09-04,cubesmart,IL,12x38,1,1,229.0
2026-09-04,cubesmart,IL,12x50,2,2,313.5
2026-09-04,cubesmart,IL,13x15,1,1,220.0
2026-09-04,cubesmart,IL,14x12,1,1,99.0
2026-09-04,cubesmart,IL,14x15,1,1,202.0
2026-09-04,cubesmart,IL,15x10,6,6,126.5
2026-09-04,cubesmart,IL,15x15,3,3,198.0
2026-09-04,cubesmart,IL,15x20,2,2,346.0
2026-09-04,cubesmart,IL,15x4,1,1,88.0
2026-09-04,cubesmart,IL,15x5,1,1,67.0
2026-09-04,cubesmart,IL,16x15,1,1,305.0
2026-09-04,cubesmart,IL,20x10,15,15,211.0
2026-09-04,cubesmart,IL,20x11,1,1,196.0
2026-09-04,cubesmart,IL,20x12,1,1,169.0
2026-09-04,cubesmart,IL,20x13,1,1,353.0
2026-09-04,cubesmart,IL,20x15,11,11,216.0
2026-09-04,cubesmart,IL,20x20,17,17,288.0
2026-09-04,cubesmart,IL,20x23,1,1,375.0
2026-09-04,cubesmart,IL,20x25,5,5,398.0
2026-09-04,cubesmart,IL,20x30,1,1,279.0
2026-09-04,cubesmart,IL,20x5,1,1,72.0
2026-09-04,cubesmart,IL,24x25,2,2,313.5
2026-09-04,cubesmart,IL,25x30,1,1,205.0
2026-09-04,cubesmart,IL,2x2,2,2,16.5
2026-09-04,cubesmart,IL,2x4,3,3,26.0
2026-09-04,cubesmart,IL,35x15,1,1,184.0
2026-09-04,cubesmart,IL,3x2,2,2,26.0
2026-09-04,cubesmart,IL,3x4,2,2,9.0
2026-09-04,cubesmart,IL,40x30,1,1,498.0
2026-09-04,cubesmart,IL,4x10,2,2,48.0
2026-09-04,cubesmart,IL,4x2,1,1,26.0
2026-09-04,cubesmart,IL,4x4,6,6,15.5
2026-09-04,cubesmart,IL,4x6,1,1,7.0
2026-09-04,cubesmart,IL,5x10,100,100,55.5
2026-09-04,cubesmart,IL,5x11,3,3,49.0
2026-09-04,cubesmart,IL,5x12,6,6,55.0
2026-09-04,cubesmart,IL,5x15,33,33,74.0
2026-09-04,cubesmart,IL,5x16,1,1,61.0
2026-09-04,cubesmart,IL,5x20,4,4,92.0
2026-09-04,cubesmart,IL,5x22,1,1,82.0
2026-09-04,cubesmart,IL,5x4,2,2,33.0
2026-09-04,cubesmart,IL,5x5,95,95,33.0
2026-09-04,cubesmart,IL,5x6,6,6,37.5
2026-09-04,cubesmart,IL,5x7,10,10,46.0
2026-09-04,cubesmart,IL,5x7.5,5,5,50.0
2026-09-04,cubesmart,IL,5x8,7,7,42.0
2026-09-04,cubesmart,IL,5x9,2,2,46.0
2026-09-04,cubesmart,IL,6x10,3,3,45.0
2026-09-04,cubesmart,IL,6x11,1,1,53.0
2026-09-04,cubesmart,IL,6x12,2,2,54.5
2026-09-04,cubesmart,IL,6x15,1,1,62.0
2026-09-04,cubesmart,IL,6x5,1,1,40.0
2026-09-04,cubesmart,IL,6x8,1,1,13.0
2026-09-04,cubesmart,IL,6x9,1,1,59.0
2026-09-04,cubesmart,IL,7.5x10,5,5,74.0
2026-09-04,cubesmart,IL,7.5x5,1,1,57.0
2026-09-04,cubesmart,IL,7x10,3,3,71.0
2026-09-04,cubesmart,IL,7x11,2,2,109.5
2026-09-04,cubesmart,IL,7x12,3,3,71.0
2026-09-04,cubesmart,IL,7x14,1,1,105.0
2026-09-04,cubesmart,IL,7x15,2,2,109.0
2026-09-04,cubesmart,IL,7x16,1,1,75.0
2026-09-04,cubesmart,IL,7x18,1,1,87.0
2026-09-04,cubesmart,IL,7x5,1,1,60.0
2026-09-04,cubesmart,IL,7x7,1,1,42.0
2026-09-04,cubesmart,IL,7x8,1,1,60.0
2026-09-04,cubesmart,IL,7x9,1,1,62.0
2026-09-04,cubesmart,IL,8.5x10,1,1,86.0
2026-09-04,cubesmart,IL,8x10,12,12,88.0
2026-09-04,cubesmart,IL,8x11,1,1,70.0
2026-09-04,cubesmart,IL,8x12,1,1,70.0
2026-09-04,cubesmart,IL,8x15,1,1,80.0
2026-09-04,cubesmart,IL,8x16,1,1,128.0
2026-09-04,cubesmart,IL,8x20,3,3,90.0
2026-09-04,cubesmart,IL,8x25,1,1,248.0
2026-09-04,cubesmart,IL,8x40,1,1,457.0
2026-09-04,cubesmart,IL,8x5,1,1,47.0
2026-09-04,cubesmart,IL,8x8,1,1,67.0
2026-09-04,cubesmart,IL,9x10,2,2,69.0
2026-09-04,cubesmart,IL,9x12,1,1,76.0
2026-09-04,cubesmart,IL,9x20,2,2,114.5
2026-09-04,cubesmart,IL,9x23,1,1,289.0
2026-09-04,cubesmart,IL,9x30,1,1,265.0
2026-09-04,cubesmart,IL,9x9,3,3,86.0
2026-09-04,cubesmart,IL,Other,51,51,85.0
2026-09-04,cubesmart,IN,10x10,24,24,71.5
2026-09-04,cubesmart,IN,10x12,1,1,136.0
2026-09-04,cubesmart,IN,10x12.5,2,2,58.5
2026-09-04,cubesmart,IN,10x13,3,3,73.0
2026-09-04,cubesmart,IN,10x13.5,1,1,53.0
2026-09-04,cubesmart,IN,10x14,2,2,110.0
2026-09-04,cubesmart,IN,10x15,18,18,91.0
2026-09-04,cubesmart,IN,10x17,1,1,158.0
2026-09-04,cubesmart,IN,10x18,2,2,91.0
2026-09-04,cubesmart,IN,10x19,1,1,187.0
2026-09-04,cubesmart,IN,10x20,20,20,120.5
2026-09-04,cubesmart,IN,10x22,1,1,152.0
2026-09-04,cubesmart,IN,10x25,5,5,165.0
2026-09-04,cubesmart,IN,10x27,1,1,266.0
2026-09-04,cubesmart,IN,10x30,3,3,184.0
2026-09-04,cubesmart,IN,10x5,7,7,53.0
2026-09-04,cubesmart,IN,10x7,1,1,71.0
2026-09-04,cubesmart,IN,10x7.5,1,1,39.0
2026-09-04,cubesmart,IN,12x20,1,1,158.0
2026-09-04,cubesmart,IN,12x23,1,1,194.0
2026-09-04,cubesmart,IN,12x40,1,1,236.0
2026-09-04,cubesmart,IN,12x7,1,1,120.0
2026-09-04,cubesmart,IN,13x5,1,1,101.0
2026-09-04,cubesmart,IN,15x20,2,2,154.0
2026-09-04,cubesmart,IN,16x17,1,1,234.0
2026-09-04,cubesmart,IN,16x48,1,1,1938.0
2026-09-04,cubesmart,IN,20x10,4,4,122.0
2026-09-04,cubesmart,IN,20x13,2,2,143.0
2026-09-04,cubesmart,IN,20x14,1,1,193.0
2026-09-04,cubesmart,IN,20x15,6,6,148.0
2026-09-04,cubesmart,IN,20x17,1,1,285.0
2026-09-04,cubesmart,IN,20x19,1,1,302.0
2026-09-04,cubesmart,IN,20x20,3,3,164.0
2026-09-04,cubesmart,IN,30x10,2,2,274.5
2026-09-04,cubesmart,IN,4x9,1,1,72.0
2026-09-04,cubesmart,IN,5x10,16,16,48.0
2026-09-04,cubesmart,IN,5x13,1,1,46.0
2026-09-04,cubesmart,IN,5x17,1,1,96.0
2026-09-04,cubesmart,IN,5x20,1,1,55.0
2026-09-04,cubesmart,IN,5x3,1,1,23.0
2026-09-04,cubesmart,IN,5x4,1,1,38.0
2026-09-04,cubesmart,IN,5x5,10,10,36.0
2026-09-04,cubesmart,IN,5x6,1,1,52.0
2026-09-04,cubesmart,IN,5x7,3,3,53.0
2026-09-04,cubesmart,IN,5x7.5,1,1,24.0
2026-09-04,cubesmart,IN,5x8,2,2,51.0
2026-09-04,cubesmart,IN,6x10,1,1,52.0
2026-09-04,cubesmart,IN,6x12,1,1,59.0
2026-09-04,cubesmart,IN,6x13,1,1,86.0
2026-09-04,cubesmart,IN,6x8,1,1,42.0
2026-09-04,cubesmart,IN,7.5x10,4,4,61.5
2026-09-04,cubesmart,IN,7x10,3,3,84.0
2026-09-04,cubesmart,IN,7x5,1,1,78.0
2026-09-04,cubesmart,IN,7x9,1,1,70.0
2026-09-04,cubesmart,IN,8x10,3,3,74.0
2026-09-04,cubesmart,IN,8x20,1,1,203.0
2026-09-04,cubesmart,IN,8x8,1,1,96.0
2026-09-04,cubesmart,IN,9x14,1,1,67.0
2026-09-04,cubesmart,IN,9x9,1,1,83.0
2026-09-04,cubesmart,IN,Other,6,6,61.5
2026-09-04,cubesmart,KS,10x10,2,2,107.0
2026-09-04,cubesmart,KS,10x12,1,1,44.0
2026-09-04,cubesmart,KS,10x14,1,1,45.0
2026-09-04,cubesmart,KS,10x15,2,2,121.5
2026-09-04,cubesmart,KS,10x20,1,1,300.0
2026-09-04,cubesmart,KS,10x5,2,2,27.5
2026-09-04,cubesmart,KS,10x6,1,1,23.0
2026-09-04,cubesmart,KS,10x7,1,1,26.0
2026-09-04,cubesmart,KS,12x40,1,1,113.0
2026-09-04,cubesmart,KS,5x10,2,2,65.5
2026-09-04,cubesmart,KS,5x15,1,1,118.0
2026-09-04,cubesmart,KS,5x5,3,3,20.0
2026-09-04,cubesmart,KS,5x9,1,1,22.0
2026-09-04,cubesmart,KS,6x10,1,1,23.0
2026-09-04,cubesmart,KS,8x14,1,1,46.0
2026-09-04,cubesmart,KY,10x10,11,11,88.0
2026-09-04,cubesmart,KY,10x15,11,11,102.0
2026-09-04,cubesmart,KY,10x20,11,11,142.0
2026-09-04,cubesmart,KY,10x30,6,6,192.5
2026-09-04,cubesmart,KY,10x40,1,1,223.0
2026-09-04,cubesmart,KY,10x7.5,3,3,48.0
2026-09-04,cubesmart,KY,12x40,1,1,137.0
2026-09-04,cubesmart,KY,13x20,1,1,163.0
2026-09-04,cubesmart,KY,15x10,1,1,115.0
2026-09-04,cubesmart,KY,15x15,1,1,221.0
2026-09-04,cubesmart,KY,15x20,1,1,202.0
2026-09-04,cubesmart,KY,20x10,1,1,134.0
2026-09-04,cubesmart,KY,20x15,1,1,178.0
2026-09-04,cubesmart,KY,5x10,13,13,59.0
2026-09-04,cubesmart,KY,5x15,3,3,78.0
2026-09-04,cubesmart,KY,5x2,1,1,14.0
2026-09-04,cubesmart,KY,5x5,7,7,32.0
2026-09-04,cubesmart,KY,5x7.5,1,1,25.0
2026-09-04,cubesmart,KY,5x8,1,1,36.0
2026-09-04,cubesmart,KY,7.5x10,1,1,64.0
2026-09-04,cubesmart,KY,Other,5,5,52.0
2026-09-04,cubesmart,LA,10x10,18,18,73.0
2026-09-04,cubesmart,LA,10x12.5,2,2,98.0
2026-09-04,cubesmart,LA,10x14,1,1,178.0
2026-09-04,cubesmart,LA,10x15,14,14,82.0
2026-09-04,cubesmart,LA,10x18,1,1,89.0
2026-09-04,cubesmart,LA,10x20,16,16,132.5
2026-09-04,cubesmart,LA,10x25,7,7,176.0
2026-09-04,cubesmart,LA,10x30,5,5,202.0
2026-09-04,cubesmart,LA,10x5,5,5,75.0
2026-09-04,cubesmart,LA,10x7.5,3,3,64.0
2026-09-04,cubesmart,LA,10x8,1,1,130.0
2026-09-04,cubesmart,LA,12.5x7.5,1,1,73.0
2026-09-04,cubesmart,LA,12x30,1,1,83.0
2026-09-04,cubesmart,LA,13x5,1,1,123.0
2026-09-04,cubesmart,LA,15x10,1,1,63.0
2026-09-04,cubesmart,LA,15x5,2,2,55.5
2026-09-04,cubesmart,LA,17.5x7.5,1,1,94.0
2026-09-04,cubesmart,LA,20x10,3,3,119.0
2026-09-04,cubesmart,LA,20x15,2,2,131.0
2026-09-04,cubesmart,LA,20x18,1,1,252.0
2026-09-04,cubesmart,LA,20x20,2,2,180.0
2026-09-04,cubesmart,LA,20x25,1,1,463.0
2026-09-04,cubesmart,LA,20x5,1,1,161.0
2026-09-04,cubesmart,LA,5x10,13,13,37.0
2026-09-04,cubesmart,LA,5x12.5,1,1,43.0
2026-09-04,cubesmart,LA,5x15,5,5,42.0
2026-09-04,cubesmart,LA,5x5,13,13,41.0
2026-09-04,cubesmart,LA,5x7,1,1,80.0
2026-09-04,cubesmart,LA,5x9,1,1,92.0
2026-09-04,cubesmart,LA,7.5x10,2,2,76.0
2026-09-04,cubesmart,LA,7.5x7,1,1,61.0
2026-09-04,cubesmart,LA,8x10,1,1,43.0
2026-09-04,cubesmart,LA,8x5,1,1,49.0
2026-09-04,cubesmart,LA,9x10,2,2,69.5
2026-09-04,cubesmart,LA,9x20,1,1,86.0
2026-09-04,cubesmart,LA,Other,7,7,48.0
2026-09-04,cubesmart,MA,10.5x20,1,1,883.0
2026-09-04,cubesmart,MA,10x10,95,95,103.0
2026-09-04,cubesmart,MA,10x11,2,2,103.0
2026-09-04,cubesmart,MA,10x12,9,9,116.0
2026-09-04,cubesmart,MA,10x12.5,1,1,332.0
2026-09-04,cubesmart,MA,10x13,3,3,71.0
2026-09-04,cubesmart,MA,10x14,6,6,145.0
2026-09-04,cubesmart,MA,10x15,66,66,143.5
2026-09-04,cubesmart,MA,10x16,1,1,102.0
2026-09-04,cubesmart,MA,10x17,3,3,106.0
2026-09-04,cubesmart,MA,10x18,6,6,201.5
2026-09-04,cubesmart,MA,10x20,59,59,184.0
2026-09-04,cubesmart,MA,10x22,4,4,196.5
2026-09-04,cubesmart,MA,10x23,2,2,200.5
2026-09-04,cubesmart,MA,10x25,20,20,222.5
2026-09-04,cubesmart,MA,10x28,1,1,304.0
2026-09-04,cubesmart,MA,10x30,28,28,244.0
2026-09-04,cubesmart,MA,10x35,1,1,632.0
2026-09-04,cubesmart,MA,10x37,1,1,375.0
2026-09-04,cubesmart,MA,10x40,2,2,369.5
2026-09-04,cubesmart,MA,10x5,37,37,60.0
2026-09-04,cubesmart,MA,10x6,2,2,156.5
2026-09-04,cubesmart,MA,10x7,7,7,61.0
2026-09-04,cubesmart,MA,10x7.5,5,5,73.0
2026-09-04,cubesmart,MA,10x8,10,10,70.0
2026-09-04,cubesmart,MA,10x9,4,4,82.5
2026-09-04,cubesmart,MA,10x9.5,1,1,362.0
2026-09-04,cubesmart,MA,11x10,1,1,100.0
2026-09-04,cubesmart,MA,11x16,1,1,386.0
2026-09-04,cubesmart,MA,11x2.5,1,1,167.0
2026-09-04,cubesmart,MA,11x5,1,1,67.0
2026-09-04,cubesmart,MA,12x10,3,3,135.0
2026-09-04,cubesmart,MA,12x12,3,3,163.0
2026-09-04,cubesmart,MA,12x15,3,3,473.0
2026-09-04,cubesmart,MA,12x17,1,1,529.0
2026-09-04,cubesmart,MA,12x18,2,2,121.0
2026-09-04,cubesmart,MA,12x20,2,2,352.0
2026-09-04,cubesmart,MA,12x28,2,2,248.0
2026-09-04,cubesmart,MA,13x10,1,1,57.0
2026-09-04,cubesmart,MA,13x13,1,1,382.0
2026-09-04,cubesmart,MA,13x20,1,1,569.0
2026-09-04,cubesmart,MA,13x29,1,1,247.0
2026-09-04,cubesmart,MA,13x6,1,1,71.0
2026-09-04,cubesmart,MA,13x8,1,1,91.0
2026-09-04,cubesmart,MA,13x9,2,2,104.0
2026-09-04,cubesmart,MA,14x10,2,2,96.5
2026-09-04,cubesmart,MA,14x13,1,1,135.0
2026-09-04,cubesmart,MA,14x18,1,1,662.0
2026-09-04,cubesmart,MA,14x27,1,1,294.0
2026-09-04,cubesmart,MA,14x5,1,1,166.0
2026-09-04,cubesmart,MA,14x7,1,1,59.0
2026-09-04,cubesmart,MA,15x10,7,7,158.0
2026-09-04,cubesmart,MA,15x15,2,2,194.0
2026-09-04,cubesmart,MA,15x17,1,1,246.0
2026-09-04,cubesmart,MA,15x20,4,4,266.0
2026-09-04,cubesmart,MA,15x23,1,1,1066.0
2026-09-04,cubesmart,MA,15x3,1,1,52.0
2026-09-04,cubesmart,MA,15x5,3,3,83.0
2026-09-04,cubesmart,MA,16x10,2,2,173.5
2026-09-04,cubesmart,MA,16x15,1,1,271.0
2026-09-04,cubesmart,MA,16x16,1,1,572.0
2026-09-04,cubesmart,MA,17x10,1,1,175.0
2026-09-04,cubesmart,MA,18x10,1,1,191.0
2026-09-04,cubesmart,MA,19x8,1,1,198.0
2026-09-04,cubesmart,MA,20x10,14,14,189.5
2026-09-04,cubesmart,MA,20x12,1,1,157.0
2026-09-04,cubesmart,MA,20x15,13,13,183.0
2026-09-04,cubesmart,MA,20x17,2,2,282.0
2026-09-04,cubesmart,MA,20x20,10,10,302.0
2026-09-04,cubesmart,MA,20x25,3,3,422.0
2026-09-04,cubesmart,MA,20x30,2,2,444.0
2026-09-04,cubesmart,MA,20x5,2,2,65.5
2026-09-04,cubesmart,MA,20x8,1,1,96.0
2026-09-04,cubesmart,MA,20x9,1,1,136.0
2026-09-04,cubesmart,MA,25x10,2,2,263.0
2026-09-04,cubesmart,MA,26x5,1,1,145.0
2026-09-04,cubesmart,MA,2x5,2,2,17.5
2026-09-04,cubesmart,MA,30x10,2,2,218.0
2026-09-04,cubesmart,MA,30x15,3,3,328.0
2026-09-04,cubesmart,MA,3x10,2,2,26.0
2026-09-04,cubesmart,MA,3x4,1,1,47.0
2026-09-04,cubesmart,MA,3x5,6,6,18.5
2026-09-04,cubesmart,MA,3x8,2,2,30.0
2026-09-04,cubesmart,MA,4.5x7,1,1,185.0
2026-09-04,cubesmart,MA,4x10,2,2,42.0
2026-09-04,cubesmart,MA,4x4,5,5,48.0
2026-09-04,cubesmart,MA,4x5,2,2,69.5
2026-09-04,cubesmart,MA,4x6,1,1,44.0
2026-09-04,cubesmart,MA,4x7,1,1,23.0
2026-09-04,cubesmart,MA,4x8,2,2,93.0
2026-09-04,cubesmart,MA,50x10,1,1,287.0
2026-09-04,cubesmart,MA,50x15,1,1,308.0
2026-09-04,cubesmart,MA,5x10,73,73,73.0
2026-09-04,cubesmart,MA,5x11,1,1,70.0
2026-09-04,cubesmart,MA,5x12,3,3,72.0
2026-09-04,cubesmart,MA,5x13,1,1,38.0
2026-09-04,cubesmart,MA,5x15,12,12,89.0
2026-09-04,cubesmart,MA,5x17,2,2,116.0
2026-09-04,cubesmart,MA,5x18,1,1,102.0
2026-09-04,cubesmart,MA,5x20,3,3,60.0
2026-09-04,cubesmart,MA,5x3,1,1,17.0
2026-09-04,cubesmart,MA,5x36,1,1,96.0
2026-09-04,cubesmart,MA,5x4,2,2,80.0
2026-09-04,cubesmart,MA,5x4.5,1,1,33.0
2026-09-04,cubesmart,MA,5x5,95,95,45.0
2026-09-04,cubesmart,MA,5x6,5,5,91.0
2026-09-04,cubesmart,MA,5x7,6,6,55.5
2026-09-04,cubesmart,MA,5x7.5,3,3,86.0
2026-09-04,cubesmart,MA,5x8,16,16,68.0
2026-09-04,cubesmart,MA,5x9,2,2,162.5
2026-09-04,cubesmart,MA,6.5x10,2,2,142.5
2026-09-04,cubesmart,MA,6x10,5,5,93.0
2026-09-04,cubesmart,MA,6x15,1,1,86.0
2026-09-04,cubesmart,MA,6x4,1,1,45.0
2026-09-04,cubesmart,MA,6x5,3,3,48.0
2026-09-04,cubesmart,MA,6x6,2,2,138.5
2026-09-04,cubesmart,MA,6x7,1,1,107.0
2026-09-04,cubesmart,MA,6x8,2,2,117.0
2026-09-04,cubesmart,MA,6x8.5,1,1,216.0
2026-09-04,cubesmart,MA,7.5x10,6,6,105.0
2026-09-04,cubesmart,MA,7.5x18,1,1,71.0
2026-09-04,cubesmart,MA,7.5x7,1,1,219.0
2026-09-04,cubesmart,MA,7x10,9,9,90.0
2026-09-04,cubesmart,MA,7x12,1,1,131.0
2026-09-04,cubesmart,MA,7x13,2,2,158.5
2026-09-04,cubesmart,MA,7x14,1,1,115.0
2026-09-04,cubesmart,MA,7x5,2,2,48.0
2026-09-04,cubesmart,MA,7x8,4,4,148.5
2026-09-04,cubesmart,MA,8x10,19,19,94.0
2026-09-04,cubesmart,MA,8x14,2,2,243.0
2026-09-04,cubesmart,MA,8x15,5,5,116.0
2026-09-04,cubesmart,MA,8x16,1,1,353.0
2026-09-04,cubesmart,MA,8x18,1,1,194.0
2026-09-04,cubesmart,MA,8x20,5,5,203.0
2026-09-04,cubesmart,MA,8x25,1,1,492.0
2026-09-04,cubesmart,MA,8x28,1,1,121.0
2026-09-04,cubesmart,MA,8x38,1,1,301.0
2026-09-04,cubesmart,MA,8x5,2,2,62.0
2026-09-04,cubesmart,MA,8x8,5,5,132.0
2026-09-04,cubesmart,MA,8x9,1,1,277.0
2026-09-04,cubesmart,MA,9x10,5,5,128.0
2026-09-04,cubesmart,MA,9x12,1,1,332.0
2026-09-04,cubesmart,MA,9x15,1,1,120.0
2026-09-04,cubesmart,MA,9x20,1,1,136.0
2026-09-04,cubesmart,MA,9x5,2,2,55.5
2026-09-04,cubesmart,MA,9x8,1,1,115.0
2026-09-04,cubesmart,MA,9x9,1,1,55.0
2026-09-04,cubesmart,MA,9x9.5,1,1,302.0
2026-09-04,cubesmart,MA,Other,22,22,110.0
2026-09-04,cubesmart,MD,10x10,65,65,124.0
2026-09-04,cubesmart,MD,10x12,4,4,153.5
2026-09-04,cubesmart,MD,10x13,3,3,138.0
2026-09-04,cubesmart,MD,10x14,3,3,140.0
2026-09-04,cubesmart,MD,10x15,59,59,175.0
2026-09-04,cubesmart,MD,10x17,2,2,137.0
2026-09-04,cubesmart,MD,10x17.5,1,1,122.0
2026-09-04,cubesmart,MD,10x18,4,4,257.5
2026-09-04,cubesmart,MD,10x20,55,55,241.0
2026-09-04,cubesmart,MD,10x23,1,1,211.0
2026-09-04,cubesmart,MD,10x25,15,15,331.0
2026-09-04,cubesmart,MD,10x28,1,1,229.0
2026-09-04,cubesmart,MD,10x30,26,26,316.5
2026-09-04,cubesmart,MD,10x35,1,1,190.0
2026-09-04,cubesmart,MD,10x40,1,1,195.0
2026-09-04,cubesmart,MD,10x5,14,14,78.0
2026-09-04,cubesmart,MD,10x7,3,3,94.0
2026-09-04,cubesmart,MD,10x7.5,10,10,100.5
2026-09-04,cubesmart,MD,10x8,1,1,71.0
2026-09-04,cubesmart,MD,10x9,1,1,87.0
2026-09-04,cubesmart,MD,12x10,1,1,331.0
2026-09-04,cubesmart,MD,12x20,2,2,361.5
2026-09-04,cubesmart,MD,12x35,1,1,235.0
2026-09-04,cubesmart,MD,13x10,1,1,136.0
2026-09-04,cubesmart,MD,15x10,3,3,107.0
2026-09-04,cubesmart,MD,15x15,2,2,184.5
2026-09-04,cubesmart,MD,15x20,1,1,178.0
2026-09-04,cubesmart,MD,15x4,1,1,120.0
2026-09-04,cubesmart,MD,20x10,15,15,238.0
2026-09-04,cubesmart,MD,20x15,5,5,365.0
2026-09-04,cubesmart,MD,20x20,6,6,375.5
2026-09-04,cubesmart,MD,20x30,1,1,626.0
2026-09-04,cubesmart,MD,20x5,1,1,107.0
2026-09-04,cubesmart,MD,20x7,1,1,128.0
2026-09-04,cubesmart,MD,20x8,1,1,111.0
2026-09-04,cubesmart,MD,30x15,1,1,489.0
2026-09-04,cubesmart,MD,3x3,2,2,12.5
2026-09-04,cubesmart,MD,3x4,2,2,13.5
2026-09-04,cubesmart,MD,3x7,1,1,106.0
2026-09-04,cubesmart,MD,3x8,2,2,23.5
2026-09-04,cubesmart,MD,4x10,1,1,55.0
2026-09-04,cubesmart,MD,4x4,3,3,21.0
2026-09-04,cubesmart,MD,4x5,2,2,82.5
2026-09-04,cubesmart,MD,5x10,54,54,67.0
2026-09-04,cubesmart,MD,5x12,2,2,113.0
2026-09-04,cubesmart,MD,5x14,1,1,64.0
2026-09-04,cubesmart,MD,5x15,15,15,84.0
2026-09-04,cubesmart,MD,5x17,1,1,218.0
2026-09-04,cubesmart,MD,5x30,1,1,155.0
2026-09-04,cubesmart,MD,5x4,1,1,44.0
2026-09-04,cubesmart,MD,5x5,66,66,42.5
2026-09-04,cubesmart,MD,5x6,1,1,47.0
2026-09-04,cubesmart,MD,5x7,7,7,58.0
2026-09-04,cubesmart,MD,5x7.5,1,1,47.0
2026-09-04,cubesmart,MD,5x8,10,10,56.5
2026-09-04,cubesmart,MD,5x9,1,1,61.0
2026-09-04,cubesmart,MD,6x10,2,2,59.0
2026-09-04,cubesmart,MD,7.5x10,7,7,114.0
2026-09-04,cubesmart,MD,7.5x5,1,1,58.0
2026-09-04,cubesmart,MD,7x10,12,12,85.5
2026-09-04,cubesmart,MD,7x16,1,1,124.0
2026-09-04,cubesmart,MD,7x5,1,1,58.0
2026-09-04,cubesmart,MD,7x8,1,1,61.0
2026-09-04,cubesmart,MD,8x10,6,6,97.0
2026-09-04,cubesmart,MD,8x12,1,1,58.0
2026-09-04,cubesmart,MD,8x13,1,1,115.0
2026-09-04,cubesmart,MD,8x20,1,1,220.0
2026-09-04,cubesmart,MD,8x5,1,1,136.0
2026-09-04,cubesmart,MD,8x7,1,1,61.0
2026-09-04,cubesmart,MD,8x8,1,1,175.0
2026-09-04,cubesmart,MD,8x9,1,1,73.0
2026-09-04,cubesmart,MD,9x10,1,1,112.0
2026-09-04,cubesmart,MD,9x14,1,1,132.0
2026-09-04,cubesmart,MD,9x20,2,2,239.0
2026-09-04,cubesmart,MD,9x5,1,1,71.0
2026-09-04,cubesmart,MD,Other,19,19,88.0
2026-09-04,cubesmart,ME,10x10,6,6,82.0
2026-09-04,cubesmart,ME,10x15,5,5,105.0
2026-09-04,cubesmart,ME,10x20,6,6,133.5
2026-09-04,cubesmart,ME,10x30,2,2,197.5
2026-09-04,cubesmart,ME,10x5,2,2,47.5
2026-09-04,cubesmart,ME,10x8,2,2,66.5
2026-09-04,cubesmart,ME,15x10,1,1,96.0
2026-09-04,cubesmart,ME,15x15,1,1,188.0
2026-09-04,cubesmart,ME,15x20,1,1,213.0
2026-09-04,cubesmart,ME,15x5,1,1,61.0
2026-09-04,cubesmart,ME,20x10,2,2,148.0
2026-09-04,cubesmart,ME,20x20,1,1,240.0
2026-09-04,cubesmart,ME,20x30,1,1,288.0
2026-09-04,cubesmart,ME,5x10,5,5,53.0
2026-09-04,cubesmart,ME,5x15,1,1,44.0
2026-09-04,cubesmart,ME,5x20,2,2,66.5
2026-09-04,cubesmart,ME,5x5,6,6,36.0
2026-09-04,cubesmart,ME,5x8,2,2,42.0
2026-09-04,cubesmart,ME,8x10,2,2,65.0
2026-09-04,cubesmart,ME,8x5,1,1,38.0
2026-09-04,cubesmart,ME,Other,1,1,75.0
2026-09-04,cubesmart,MI,10x10,30,30,92.0
2026-09-04,cubesmart,MI,10x12,5,5,92.0
2026-09-04,cubesmart,MI,10x13,4,4,88.0
2026-09-04,cubesmart,MI,10x14,1,1,96.0
2026-09-04,cubesmart,MI,10x15,26,26,132.5
2026-09-04,cubesmart,MI,10x17,1,1,145.0
2026-09-04,cubesmart,MI,10x20,31,31,172.0
2026-09-04,cubesmart,MI,10x22,1,1,109.0
2026-09-04,cubesmart,MI,10x23,1,1,175.0
2026-09-04,cubesmart,MI,10x25,17,17,192.0
2026-09-04,cubesmart,MI,10x3,1,1,25.0
2026-09-04,cubesmart,MI,10x30,12,12,252.5
2026-09-04,cubesmart,MI,10x32,1,1,216.0
2026-09-04,cubesmart,MI,10x35,1,1,404.0
2026-09-04,cubesmart,MI,10x4,1,1,33.0
2026-09-04,cubesmart,MI,10x40,1,1,362.0
2026-09-04,cubesmart,MI,10x5,14,14,50.5
2026-09-04,cubesmart,MI,10x7,4,4,69.0
2026-09-04,cubesmart,MI,10x8,8,8,73.5
2026-09-04,cubesmart,MI,10x9,3,3,68.0
2026-09-04,cubesmart,MI,12x10,4,4,108.5
2026-09-04,cubesmart,MI,12x14,1,1,186.0
2026-09-04,cubesmart,MI,12x16,1,1,175.0
2026-09-04,cubesmart,MI,12x40,2,2,306.5
2026-09-04,cubesmart,MI,12x5,1,1,52.0
2026-09-04,cubesmart,MI,12x50,1,1,253.0
2026-09-04,cubesmart,MI,13x10,1,1,135.0
2026-09-04,cubesmart,MI,13x15,1,1,205.0
2026-09-04,cubesmart,MI,13x20,1,1,148.0
2026-09-04,cubesmart,MI,13x25,1,1,277.0
2026-09-04,cubesmart,MI,13x30,1,1,406.0
2026-09-04,cubesmart,MI,13x4,1,1,49.0
2026-09-04,cubesmart,MI,14x14,1,1,149.0
2026-09-04,cubesmart,MI,14x40,1,1,281.0
2026-09-04,cubesmart,MI,15x10,3,3,134.0
2026-09-04,cubesmart,MI,15x13,1,1,99.0
2026-09-04,cubesmart,MI,15x15,1,1,204.0
2026-09-04,cubesmart,MI,15x20,2,2,318.5
2026-09-04,cubesmart,MI,15x25,1,1,359.0
2026-09-04,cubesmart,MI,15x5,2,2,76.0
2026-09-04,cubesmart,MI,15x8,1,1,169.0
2026-09-04,cubesmart,MI,16x7,1,1,167.0
2026-09-04,cubesmart,MI,20x10,5,5,194.0
2026-09-04,cubesmart,MI,20x12,1,1,232.0
2026-09-04,cubesmart,MI,20x15,11,11,203.0
2026-09-04,cubesmart,MI,20x16,1,1,250.0
2026-09-04,cubesmart,MI,20x20,6,6,299.5
2026-09-04,cubesmart,MI,20x22,1,1,239.0
2026-09-04,cubesmart,MI,20x23,1,1,278.0
2026-09-04,cubesmart,MI,20x25,6,6,400.5
2026-09-04,cubesmart,MI,20x30,2,2,520.0
2026-09-04,cubesmart,MI,20x5,1,1,122.0
2026-09-04,cubesmart,MI,20x8,1,1,87.0
2026-09-04,cubesmart,MI,23x7,1,1,161.0
2026-09-04,cubesmart,MI,25x30,1,1,509.0
2026-09-04,cubesmart,MI,2x2,2,2,20.0
2026-09-04,cubesmart,MI,2x4,1,1,11.0
2026-09-04,cubesmart,MI,30x10,2,2,245.0
2026-09-04,cubesmart,MI,30x15,2,2,364.5
2026-09-04,cubesmart,MI,30x25,1,1,509.0
2026-09-04,cubesmart,MI,40x15,1,1,462.0
2026-09-04,cubesmart,MI,40x8,1,1,338.0
2026-09-04,cubesmart,MI,4x13,1,1,52.0
2026-09-04,cubesmart,MI,4x5,1,1,28.0
2026-09-04,cubesmart,MI,5x10,23,23,58.0
2026-09-04,cubesmart,MI,5x12,1,1,52.0
2026-09-04,cubesmart,MI,5x15,13,13,65.0
2026-09-04,cubesmart,MI,5x20,1,1,130.0
2026-09-04,cubesmart,MI,5x25,1,1,133.0
2026-09-04,cubesmart,MI,5x4,2,2,19.5
2026-09-04,cubesmart,MI,5x5,30,30,38.0
2026-09-04,cubesmart,MI,5x7,4,4,68.5
2026-09-04,cubesmart,MI,5x8,6,6,38.5
2026-09-04,cubesmart,MI,5x9,2,2,39.5
2026-09-04,cubesmart,MI,6x17,1,1,121.0
2026-09-04,cubesmart,MI,6x18,1,1,109.0
2026-09-04,cubesmart,MI,6x5,1,1,38.0
2026-09-04,cubesmart,MI,7.5x10,1,1,50.0
2026-09-04,cubesmart,MI,7x10,5,5,76.0
2026-09-04,cubesmart,MI,7x13,2,2,82.5
2026-09-04,cubesmart,MI,7x14,1,1,59.0
2026-09-04,cubesmart,MI,7x15,2,2,105.5
2026-09-04,cubesmart,MI,7x20,3,3,112.0
2026-09-04,cubesmart,MI,7x5,1,1,32.0
2026-09-04,cubesmart,MI,7x8,1,1,55.0
2026-09-04,cubesmart,MI,8x10,5,5,77.0
2026-09-04,cubesmart,MI,8x12,1,1,76.0
2026-09-04,cubesmart,MI,8x13,1,1,93.0
2026-09-04,cubesmart,MI,8x15,3,3,103.0
2026-09-04,cubesmart,MI,8x20,3,3,125.0
2026-09-04,cubesmart,MI,8x25,1,1,215.0
2026-09-04,cubesmart,MI,8x30,1,1,206.0
2026-09-04,cubesmart,MI,8x5,2,2,39.0
2026-09-04,cubesmart,MI,8x6,1,1,53.0
2026-09-04,cubesmart,MI,8x8,1,1,41.0
2026-09-04,cubesmart,MI,9x10,1,1,80.0
2026-09-04,cubesmart,MI,9x12,1,1,63.0
2026-09-04,cubesmart,MI,9x14,1,1,126.0
2026-09-04,cubesmart,MI,Other,12,12,59.5
2026-09-04,cubesmart,MN,10x10,9,9,69.0
2026-09-04,cubesmart,MN,10x15,5,5,130.0
2026-09-04,cubesmart,MN,10x20,8,8,184.5
2026-09-04,cubesmart,MN,10x25,2,2,180.5
2026-09-04,cubesmart,MN,10x30,2,2,269.5
2026-09-04,cubesmart,MN,10x35,1,1,143.0
2026-09-04,cubesmart,MN,10x5,5,5,42.0
2026-09-04,cubesmart,MN,10x7.5,2,2,80.0
2026-09-04,cubesmart,MN,12x10,1,1,67.0
2026-09-04,cubesmart,MN,12x15,1,1,98.0
2026-09-04,cubesmart,MN,12x20,2,2,137.0
2026-09-04,cubesmart,MN,12x30,1,1,212.0
2026-09-04,cubesmart,MN,12x35,1,1,186.0
2026-09-04,cubesmart,MN,12x40,1,1,209.0
2026-09-04,cubesmart,MN,20x10,3,3,177.0
2026-09-04,cubesmart,MN,20x20,2,2,360.5
2026-09-04,cubesmart,MN,24x55,1,1,624.0
2026-09-04,cubesmart,MN,5x10,7,7,43.0
2026-09-04,cubesmart,MN,5x2.5,1,1,33.0
2026-09-04,cubesmart,MN,5x5,6,6,24.5
2026-09-04,cubesmart,MN,5x7,1,1,31.0
2026-09-04,cubesmart,MN,5x7.5,1,1,33.0
2026-09-04,cubesmart,MN,6x10,2,2,37.0
2026-09-04,cubesmart,MN,6x15,1,1,58.0
2026-09-04,cubesmart,MN,7.5x10,3,3,56.0
2026-09-04,cubesmart,MN,Other,1,1,93.0
2026-09-04,cubesmart,MO,10x10,1,1,40.0
2026-09-04,cubesmart,MO,10x11,1,1,42.0
2026-09-04,cubesmart,MO,10x12,1,1,44.0
2026-09-04,cubesmart,MO,10x13,2,2,55.0
2026-09-04,cubesmart,MO,10x14,1,1,56.0
2026-09-04,cubesmart,MO,10x15,2,2,58.5
2026-09-04,cubesmart,MO,10x17,1,1,61.0
2026-09-04,cubesmart,MO,10x20,2,2,74.0
2026-09-04,cubesmart,MO,10x5,1,1,27.0
2026-09-04,cubesmart,MO,10x8,1,1,33.0
2026-09-04,cubesmart,MO,22x20,1,1,86.0
2026-09-04,cubesmart,MO,5x10,2,2,54.0
2026-09-04,cubesmart,MO,5x5,3,3,21.0
2026-09-04,cubesmart,MO,5x7,1,1,28.0
2026-09-04,cubesmart,MO,5x8,2,2,27.0
2026-09-04,cubesmart,MO,6x15,1,1,36.0
2026-09-04,cubesmart,MO,6x17,1,1,40.0
2026-09-04,cubesmart,MO,7.5x15,1,1,55.0
2026-09-04,cubesmart,MO,7x10,1,1,31.0
2026-09-04,cubesmart,MO,7x7,1,1,26.0
2026-09-04,cubesmart,MO,7x9,1,1,28.0
2026-09-04,cubesmart,MO,8x10,2,2,41.0
2026-09-04,cubesmart,MO,8x14,1,1,43.0
2026-09-04,cubesmart,MO,8x20,1,1,62.0
2026-09-04,cubesmart,MO,Other,2,2,34.0
2026-09-04,cubesmart,MS,10x10,6,6,108.5
2026-09-04,cubesmart,MS,10x11,1,1,115.0
2026-09-04,cubesmart,MS,10x12,1,1,105.0
2026-09-04,cubesmart,MS,10x13,1,1,133.0
2026-09-04,cubesmart,MS,10x14,1,1,116.0
2026-09-04,cubesmart,MS,10x15,6,6,126.0
2026-09-04,cubesmart,MS,10x20,5,5,149.0
2026-09-04,cubesmart,MS,10x25,3,3,163.0
2026-09-04,cubesmart,MS,10x27,2,2,186.5
2026-09-04,cubesmart,MS,10x30,1,1,182.0
2026-09-04,cubesmart,MS,10x5,6,6,85.0
2026-09-04,cubesmart,MS,11x12,1,1,118.0
2026-09-04,cubesmart,MS,12x10,1,1,105.0
2026-09-04,cubesmart,MS,12x11,1,1,109.0
2026-09-04,cubesmart,MS,12x12,1,1,119.0
2026-09-04,cubesmart,MS,12x14,1,1,123.0
2026-09-04,cubesmart,MS,12x15,1,1,160.0
2026-09-04,cubesmart,MS,12x18,1,1,175.0
2026-09-04,cubesmart,MS,12x25,2,2,213.5
2026-09-04,cubesmart,MS,12x30,1,1,249.0
2026-09-04,cubesmart,MS,12x35,1,1,331.0
2026-09-04,cubesmart,MS,12x4,1,1,27.0
2026-09-04,cubesmart,MS,12x7,1,1,80.0
2026-09-04,cubesmart,MS,13x15,1,1,160.0
2026-09-04,cubesmart,MS,15x10,1,1,138.0
2026-09-04,cubesmart,MS,15x15,1,1,157.0
2026-09-04,cubesmart,MS,15x5,1,1,31.0
2026-09-04,cubesmart,MS,19x5,1,1,86.0
2026-09-04,cubesmart,MS,20x10,2,2,146.5
2026-09-04,cubesmart,MS,20x14,1,1,200.0
2026-09-04,cubesmart,MS,20x15,2,2,165.0
2026-09-04,cubesmart,MS,20x20,1,1,231.0
2026-09-04,cubesmart,MS,24x12,1,1,205.0
2026-09-04,cubesmart,MS,24x15,1,1,275.0
2026-09-04,cubesmart,MS,25x12,1,1,209.0
2026-09-04,cubesmart,MS,25x25,1,1,412.0
2026-09-04,cubesmart,MS,4x4,1,1,8.0
2026-09-04,cubesmart,MS,4x5,1,1,12.0
2026-09-04,cubesmart,MS,5x10,5,5,78.0
2026-09-04,cubesmart,MS,5x15,4,4,101.5
2026-09-04,cubesmart,MS,5x20,1,1,116.0
2026-09-04,cubesmart,MS,5x5,9,9,47.0
2026-09-04,cubesmart,MS,6x10,1,1,77.0
2026-09-04,cubesmart,MS,7x10,2,2,88.0
2026-09-04,cubesmart,MS,7x20,1,1,122.0
2026-09-04,cubesmart,MS,8x20,1,1,76.0
2026-09-04,cubesmart,MS,8x40,1,1,112.0
2026-09-04,cubesmart,MS,8x5,1,1,96.0
2026-09-04,cubesmart,MS,Other,8,8,35.5
2026-09-04,cubesmart,NC,1.5x2.5,1,1,37.0
2026-09-04,cubesmart,NC,1.5x3,1,1,54.0
2026-09-04,cubesmart,NC,10x10,75,75,89.0
2026-09-04,cubesmart,NC,10x11,2,2,109.5
2026-09-04,cubesmart,NC,10x12,6,6,95.5
2026-09-04,cubesmart,NC,10x13,4,4,98.0
2026-09-04,cubesmart,NC,10x15,69,69,119.0
2026-09-04,cubesmart,NC,10x16,1,1,225.0
2026-09-04,cubesmart,NC,10x16.5,1,1,142.0
2026-09-04,cubesmart,NC,10x17,1,1,130.0
2026-09-04,cubesmart,NC,10x18,4,4,141.5
2026-09-04,cubesmart,NC,10x20,64,64,179.0
2026-09-04,cubesmart,NC,10x22,4,4,188.0
2026-09-04,cubesmart,NC,10x22.5,1,1,230.0
2026-09-04,cubesmart,NC,10x25,22,22,231.0
2026-09-04,cubesmart,NC,10x3,1,1,27.0
2026-09-04,cubesmart,NC,10x30,18,18,245.5
2026-09-04,cubesmart,NC,10x32,1,1,269.0
2026-09-04,cubesmart,NC,10x35,1,1,213.0
2026-09-04,cubesmart,NC,10x40,2,2,145.0
2026-09-04,cubesmart,NC,10x5,49,49,56.0
2026-09-04,cubesmart,NC,10x7,6,6,60.5
2026-09-04,cubesmart,NC,10x7.5,7,7,76.0
2026-09-04,cubesmart,NC,10x8,7,7,76.0
2026-09-04,cubesmart,NC,12x10,1,1,137.0
2026-09-04,cubesmart,NC,12x13,1,1,188.0
2026-09-04,cubesmart,NC,12x15,1,1,116.0
2026-09-04,cubesmart,NC,12x5,1,1,95.0
2026-09-04,cubesmart,NC,13.5x18.5,1,1,232.0
2026-09-04,cubesmart,NC,15x10,4,4,152.0
2026-09-04,cubesmart,NC,15x15,3,3,183.0
2026-09-04,cubesmart,NC,15x18,1,1,209.0
2026-09-04,cubesmart,NC,15x20,2,2,179.0
2026-09-04,cubesmart,NC,15x5,1,1,69.0
2026-09-04,cubesmart,NC,1x2,1,1,23.0
2026-09-04,cubesmart,NC,2.5x2,6,6,54.0
2026-09-04,cubesmart,NC,2.5x3,7,7,80.0
2026-09-04,cubesmart,NC,2.5x3.5,2,2,100.5
2026-09-04,cubesmart,NC,20x10,19,19,154.0
2026-09-04,cubesmart,NC,20x12,1,1,209.0
2026-09-04,cubesmart,NC,20x15,16,16,201.5
2026-09-04,cubesmart,NC,20x20,6,6,231.5
2026-09-04,cubesmart,NC,20x25,2,2,426.5
2026-09-04,cubesmart,NC,20x30,3,3,295.0
2026-09-04,cubesmart,NC,20x40,1,1,314.0
2026-09-04,cubesmart,NC,20x5,1,1,70.0
2026-09-04,cubesmart,NC,25x10,1,1,188.0
2026-09-04,cubesmart,NC,2x1.5,1,1,26.0
2026-09-04,cubesmart,NC,2x2,8,8,37.0
2026-09-04,cubesmart,NC,2x2.5,6,6,54.0
2026-09-04,cubesmart,NC,2x3,11,11,61.0
2026-09-04,cubesmart,NC,3.5x10,1,1,33.0
2026-09-04,cubesmart,NC,3.5x3,1,1,112.0
2026-09-04,cubesmart,NC,3.5x3.5,1,1,137.0
2026-09-04,cubesmart,NC,30x50,1,1,484.0
2026-09-04,cubesmart,NC,3x10,1,1,37.0
2026-09-04,cubesmart,NC,3x2,2,2,64.0
2026-09-04,cubesmart,NC,3x3,12,12,92.0
2026-09-04,cubesmart,NC,3x3.5,3,3,104.0
2026-09-04,cubesmart,NC,3x4,1,1,155.0
2026-09-04,cubesmart,NC,3x5,5,5,22.0
2026-09-04,cubesmart,NC,3x6,2,2,151.0
2026-09-04,cubesmart,NC,4.5x2,1,1,107.0
2026-09-04,cubesmart,NC,4.5x3,1,1,57.0
2026-09-04,cubesmart,NC,4x3,3,3,128.0
2026-09-04,cubesmart,NC,4x3.5,1,1,139.0
2026-09-04,cubesmart,NC,4x4,2,2,15.0
2026-09-04,cubesmart,NC,5x10,45,45,53.0
2026-09-04,cubesmart,NC,5x12,1,1,67.0
2026-09-04,cubesmart,NC,5x12.5,1,1,47.0
2026-09-04,cubesmart,NC,5x15,17,17,62.0
2026-09-04,cubesmart,NC,5x20,2,2,125.0
2026-09-04,cubesmart,NC,5x4,2,2,23.5
2026-09-04,cubesmart,NC,5x5,58,58,32.0
2026-09-04,cubesmart,NC,5x6,1,1,36.0
2026-09-04,cubesmart,NC,5x7,6,6,44.5
2026-09-04,cubesmart,NC,5x7.5,4,4,27.5
2026-09-04,cubesmart,NC,5x8,3,3,34.0
2026-09-04,cubesmart,NC,5x8.5,1,1,61.0
2026-09-04,cubesmart,NC,6x10,3,3,77.0
2026-09-04,cubesmart,NC,6x3,1,1,192.0
2026-09-04,cubesmart,NC,6x4,1,1,42.0
2026-09-04,cubesmart,NC,6x6,1,1,32.0
2026-09-04,cubesmart,NC,7.5x10,8,8,57.5
2026-09-04,cubesmart,NC,7.5x15,1,1,82.0
2026-09-04,cubesmart,NC,7x10,4,4,65.5
2026-09-04,cubesmart,NC,7x3,1,1,198.0
2026-09-04,cubesmart,NC,7x5,1,1,34.0
2026-09-04,cubesmart,NC,7x7,2,2,61.0
2026-09-04,cubesmart,NC,7x8,2,2,74.0
2026-09-04,cubesmart,NC,8.5x5,1,1,61.0
2026-09-04,cubesmart,NC,8x10,6,6,66.5
2026-09-04,cubesmart,NC,8x15,1,1,186.0
2026-09-04,cubesmart,NC,8x20,2,2,205.5
2026-09-04,cubesmart,NC,8x5,1,1,40.0
2026-09-04,cubesmart,NC,9x15,1,1,232.0
2026-09-04,cubesmart,NC,9x20,3,3,206.0
2026-09-04,cubesmart,NC,Other,27,27,91.0
2026-09-04,cubesmart,NH,10x10,1,1,84.0
2026-09-04,cubesmart,NH,10x12,1,1,85.0
2026-09-04,cubesmart,NH,10x15,1,1,114.0
2026-09-04,cubesmart,NH,10x20,2,2,153.5
2026-09-04,cubesmart,NH,10x5,1,1,68.0
2026-09-04,cubesmart,NH,10x8,1,1,75.0
2026-09-04,cubesmart,NH,12x12,1,1,109.0
2026-09-04,cubesmart,NH,12x5,1,1,72.0
2026-09-04,cubesmart,NH,13x10,1,1,107.0
2026-09-04,cubesmart,NH,15x13,1,1,134.0
2026-09-04,cubesmart,NH,20x12,1,1,237.0
2026-09-04,cubesmart,NH,5x12,1,1,72.0
2026-09-04,cubesmart,NH,5x5,1,1,45.0
2026-09-04,cubesmart,NH,6x5,1,1,48.0
2026-09-04,cubesmart,NH,8x10,1,1,72.0
2026-09-04,cubesmart,NH,8x20,1,1,119.0
2026-09-04,cubesmart,NH,8x7,1,1,70.0
2026-09-04,cubesmart,NH,9x10,1,1,78.0
2026-09-04,cubesmart,NJ,10x10,89,89,113.0
2026-09-04,cubesmart,NJ,10x11,1,1,55.0
2026-09-04,cubesmart,NJ,10x12,7,7,193.0
2026-09-04,cubesmart,NJ,10x13,8,8,176.5
2026-09-04,cubesmart,NJ,10x14,3,3,167.0
2026-09-04,cubesmart,NJ,10x15,74,74,189.5
2026-09-04,cubesmart,NJ,10x16,2,2,190.5
2026-09-04,cubesmart,NJ,10x17,1,1,227.0
2026-09-04,cubesmart,NJ,10x17.5,1,1,233.0
2026-09-04,cubesmart,NJ,10x18,8,8,304.5
2026-09-04,cubesmart,NJ,10x19,1,1,325.0
2026-09-04,cubesmart,NJ,10x20,63,63,254.0
2026-09-04,cubesmart,NJ,10x25,31,31,322.0
2026-09-04,cubesmart,NJ,10x30,22,22,329.5
2026-09-04,cubesmart,NJ,10x35,2,2,320.0
2026-09-04,cubesmart,NJ,10x4,2,2,86.5
2026-09-04,cubesmart,NJ,10x40,2,2,211.5
2026-09-04,cubesmart,NJ,10x5,22,22,76.5
2026-09-04,cubesmart,NJ,10x6,2,2,89.5
2026-09-04,cubesmart,NJ,10x7,10,10,93.0
2026-09-04,cubesmart,NJ,10x7.5,5,5,60.0
2026-09-04,cubesmart,NJ,10x8,4,4,120.5
2026-09-04,cubesmart,NJ,10x9,4,4,86.0
2026-09-04,cubesmart,NJ,11x10,1,1,175.0
2026-09-04,cubesmart,NJ,11x16,1,1,223.0
2026-09-04,cubesmart,NJ,12x13,1,1,278.0
2026-09-04,cubesmart,NJ,12x16,2,2,276.0
2026-09-04,cubesmart,NJ,12x40,1,1,226.0
2026-09-04,cubesmart,NJ,12x5,1,1,151.0
2026-09-04,cubesmart,NJ,12x7,1,1,150.0
2026-09-04,cubesmart,NJ,13x13,1,1,224.0
2026-09-04,cubesmart,NJ,15x10,3,3,286.0
2026-09-04,cubesmart,NJ,15x15,2,2,292.5
2026-09-04,cubesmart,NJ,15x18,1,1,384.0
2026-09-04,cubesmart,NJ,15x20,1,1,643.0
2026-09-04,cubesmart,NJ,15x5,2,2,166.5
2026-09-04,cubesmart,NJ,15x7.5,1,1,86.0
2026-09-04,cubesmart,NJ,16x8,1,1,252.0
2026-09-04,cubesmart,NJ,17x13,1,1,352.0
2026-09-04,cubesmart,NJ,18x10,2,2,266.5
2026-09-04,cubesmart,NJ,18x15,1,1,341.0
2026-09-04,cubesmart,NJ,20x10,10,10,214.5
2026-09-04,cubesmart,NJ,20x15,8,8,256.0
2026-09-04,cubesmart,NJ,20x20,7,7,352.0
2026-09-04,cubesmart,NJ,20x25,2,2,372.5
2026-09-04,cubesmart,NJ,20x30,3,3,580.0
2026-09-04,cubesmart,NJ,20x40,1,1,828.0
2026-09-04,cubesmart,NJ,21x12,1,1,279.0
2026-09-04,cubesmart,NJ,24x10,1,1,246.0
2026-09-04,cubesmart,NJ,30x10,1,1,172.0
2026-09-04,cubesmart,NJ,39x65,1,1,2180.0
2026-09-04,cubesmart,NJ,3x3,2,2,18.5
2026-09-04,cubesmart,NJ,3x4,1,1,14.0
2026-09-04,cubesmart,NJ,3x5,2,2,30.0
2026-09-04,cubesmart,NJ,3x6,1,1,57.0
2026-09-04,cubesmart,NJ,4x10,2,2,79.0
2026-09-04,cubesmart,NJ,4x4,3,3,25.0
2026-09-04,cubesmart,NJ,4x5,4,4,49.5
2026-09-04,cubesmart,NJ,4x7,1,1,71.0
2026-09-04,cubesmart,NJ,4x8,2,2,59.0
2026-09-04,cubesmart,NJ,5x10,83,83,62.0
2026-09-04,cubesmart,NJ,5x11,1,1,33.0
2026-09-04,cubesmart,NJ,5x12,5,5,124.0
2026-09-04,cubesmart,NJ,5x13,3,3,85.0
2026-09-04,cubesmart,NJ,5x15,22,22,78.5
2026-09-04,cubesmart,NJ,5x20,1,1,194.0
2026-09-04,cubesmart,NJ,5x3.5,2,2,23.0
2026-09-04,cubesmart,NJ,5x4,2,2,52.5
2026-09-04,cubesmart,NJ,5x5,101,101,41.0
2026-09-04,cubesmart,NJ,5x6,5,5,55.0
2026-09-04,cubesmart,NJ,5x7,7,7,52.0
2026-09-04,cubesmart,NJ,5x7.5,3,3,48.0
2026-09-04,cubesmart,NJ,5x8,13,13,89.0
2026-09-04,cubesmart,NJ,5x9,6,6,68.0
2026-09-04,cubesmart,NJ,6x10,2,2,94.5
2026-09-04,cubesmart,NJ,6x5,1,1,32.0
2026-09-04,cubesmart,NJ,6x9,1,1,64.0
2026-09-04,cubesmart,NJ,7.5x10,4,4,66.5
2026-09-04,cubesmart,NJ,7x10,7,7,87.0
2026-09-04,cubesmart,NJ,7x13,2,2,160.5
2026-09-04,cubesmart,NJ,7x15,1,1,171.0
2026-09-04,cubesmart,NJ,7x16,1,1,113.0
2026-09-04,cubesmart,NJ,7x5,2,2,71.5
2026-09-04,cubesmart,NJ,7x7,1,1,104.0
2026-09-04,cubesmart,NJ,8x10,9,9,88.0
2026-09-04,cubesmart,NJ,8x12,1,1,197.0
2026-09-04,cubesmart,NJ,8x14,1,1,212.0
2026-09-04,cubesmart,NJ,8x15,1,1,121.0
2026-09-04,cubesmart,NJ,8x16,1,1,252.0
2026-09-04,cubesmart,NJ,8x17,1,1,265.0
2026-09-04,cubesmart,NJ,8x18,1,1,257.0
2026-09-04,cubesmart,NJ,8x20,2,2,199.0
2026-09-04,cubesmart,NJ,8x25,1,1,163.0
2026-09-04,cubesmart,NJ,8x4,1,1,65.0
2026-09-04,cubesmart,NJ,8x5,2,2,80.5
2026-09-04,cubesmart,NJ,8x8,8,8,134.5
2026-09-04,cubesmart,NJ,9x10,4,4,105.5
2026-09-04,cubesmart,NJ,9x15,1,1,181.0
2026-09-04,cubesmart,NJ,9x20,3,3,307.0
2026-09-04,cubesmart,NJ,9x7,1,1,91.0
2026-09-04,cubesmart,NJ,9x9,1,1,113.0
2026-09-04,cubesmart,NJ,Other,22,22,157.0
2026-09-04,cubesmart,NM,10x10,8,8,68.5
2026-09-04,cubesmart,NM,10x12,2,2,108.5
2026-09-04,cubesmart,NM,10x12.5,1,1,105.0
2026-09-04,cubesmart,NM,10x15,6,6,103.0
2026-09-04,cubesmart,NM,10x20,4,4,122.0
2026-09-04,cubesmart,NM,10x30,1,1,171.0
2026-09-04,cubesmart,NM,10x5,5,5,37.0
2026-09-04,cubesmart,NM,10x7,1,1,39.0
2026-09-04,cubesmart,NM,10x7.5,1,1,41.0
2026-09-04,cubesmart,NM,10x9,1,1,44.0
2026-09-04,cubesmart,NM,15x10,1,1,127.0
2026-09-04,cubesmart,NM,20x10,2,2,140.0
2026-09-04,cubesmart,NM,20x20,2,2,339.5
2026-09-04,cubesmart,NM,20x30,1,1,298.0
2026-09-04,cubesmart,NM,4x8,1,1,27.0
2026-09-04,cubesmart,NM,5x10,8,8,60.0
2026-09-04,cubesmart,NM,5x15,1,1,40.0
2026-09-04,cubesmart,NM,5x5,6,6,28.0
2026-09-04,cubesmart,NM,5x7,1,1,30.0
2026-09-04,cubesmart,NM,5x7.5,1,1,30.0
2026-09-04,cubesmart,NM,5x8,1,1,80.0
2026-09-04,cubesmart,NM,6x10,1,1,77.0
2026-09-04,cubesmart,NM,6x8,1,1,42.0
2026-09-04,cubesmart,NM,7.5x10,4,4,47.0
2026-09-04,cubesmart,NM,7x5,1,1,73.0
2026-09-04,cubesmart,NM,8x12,1,1,57.0
2026-09-04,cubesmart,NM,8x14,1,1,66.0
2026-09-04,cubesmart,NM,8x8,1,1,34.0
2026-09-04,cubesmart,NM,Other,13,13,49.0
2026-09-04,cubesmart,NV,10x10,48,48,76.0
2026-09-04,cubesmart,NV,10x15,32,32,122.5
2026-09-04,cubesmart,NV,10x17,1,1,96.0
2026-09-04,cubesmart,NV,10x18,1,1,172.0
2026-09-04,cubesmart,NV,10x20,26,26,167.5
2026-09-04,cubesmart,NV,10x23,1,1,250.0
2026-09-04,cubesmart,NV,10x24,1,1,203.0
2026-09-04,cubesmart,NV,10x25,18,18,199.0
2026-09-04,cubesmart,NV,10x26,1,1,204.0
2026-09-04,cubesmart,NV,10x30,16,16,191.0
2026-09-04,cubesmart,NV,10x35,4,4,148.5
2026-09-04,cubesmart,NV,10x40,2,2,231.5
2026-09-04,cubesmart,NV,10x45,1,1,243.0
2026-09-04,cubesmart,NV,10x48,1,1,184.0
2026-09-04,cubesmart,NV,10x5,8,8,47.5
2026-09-04,cubesmart,NV,10x50,3,3,184.0
2026-09-04,cubesmart,NV,10x7.5,2,2,58.5
2026-09-04,cubesmart,NV,11x20,1,1,109.0
2026-09-04,cubesmart,NV,11x30,2,2,122.0
2026-09-04,cubesmart,NV,11x7,1,1,63.0
2026-09-04,cubesmart,NV,12x25,1,1,204.0
2026-09-04,cubesmart,NV,12x26,1,1,101.0
2026-09-04,cubesmart,NV,12x27,1,1,181.0
2026-09-04,cubesmart,NV,12x30,1,1,239.0
2026-09-04,cubesmart,NV,12x35,2,2,286.0
2026-09-04,cubesmart,NV,15x10,1,1,101.0
2026-09-04,cubesmart,NV,15x15,1,1,244.0
2026-09-04,cubesmart,NV,15x20,1,1,282.0
2026-09-04,cubesmart,NV,15x30,1,1,308.0
2026-09-04,cubesmart,NV,15x5,1,1,54.0
2026-09-04,cubesmart,NV,20x10,4,4,199.5
2026-09-04,cubesmart,NV,20x15,5,5,200.0
2026-09-04,cubesmart,NV,20x18,1,1,276.0
2026-09-04,cubesmart,NV,20x20,6,6,273.5
2026-09-04,cubesmart,NV,20x24,1,1,411.0
2026-09-04,cubesmart,NV,20x25,1,1,349.0
2026-09-04,cubesmart,NV,20x30,1,1,445.0
2026-09-04,cubesmart,NV,3x5,1,1,26.0
2026-09-04,cubesmart,NV,4x10,1,1,37.0
2026-09-04,cubesmart,NV,4x4,2,2,24.5
2026-09-04,cubesmart,NV,4x5,1,1,32.0
2026-09-04,cubesmart,NV,5x10,46,46,48.0
2026-09-04,cubesmart,NV,5x15,3,3,71.0
2026-09-04,cubesmart,NV,5x20,1,1,94.0
2026-09-04,cubesmart,NV,5x5,33,33,33.0
2026-09-04,cubesmart,NV,5x7,3,3,32.0
2026-09-04,cubesmart,NV,5x7.5,8,8,37.0
2026-09-04,cubesmart,NV,5x8,2,2,37.0
2026-09-04,cubesmart,NV,7.5x10,13,13,64.0
2026-09-04,cubesmart,NV,7.5x12.5,1,1,75.0
2026-09-04,cubesmart,NV,7.5x15,1,1,96.0
2026-09-04,cubesmart,NV,7.5x20,1,1,98.0
2026-09-04,cubesmart,NV,7.5x5,1,1,43.0
2026-09-04,cubesmart,NV,7x10,3,3,60.0
2026-09-04,cubesmart,NV,8x10,1,1,79.0
2026-09-04,cubesmart,NV,8x18,1,1,53.0
2026-09-04,cubesmart,NV,8x20,2,2,112.0
2026-09-04,cubesmart,NV,Other,13,13,109.0
2026-09-04,cubesmart,NY,10x1,1,1,42.0
2026-09-04,cubesmart,NY,10x10,150,150,228.5
2026-09-04,cubesmart,NY,10x11,4,4,267.5
2026-09-04,cubesmart,NY,10x12,15,15,247.0
2026-09-04,cubesmart,NY,10x12.5,9,9,293.0
2026-09-04,cubesmart,NY,10x13,6,6,233.5
2026-09-04,cubesmart,NY,10x14,7,7,175.0
2026-09-04,cubesmart,NY,10x15,127,127,307.0
2026-09-04,cubesmart,NY,10x15.5,1,1,147.0
2026-09-04,cubesmart,NY,10x16,4,4,166.5
2026-09-04,cubesmart,NY,10x17,1,1,138.0
2026-09-04,cubesmart,NY,10x17.5,4,4,306.0
2026-09-04,cubesmart,NY,10x18,3,3,323.0
2026-09-04,cubesmart,NY,10x19,3,3,161.0
2026-09-04,cubesmart,NY,10x20,109,109,374.0
2026-09-04,cubesmart,NY,10x21,2,2,466.5
2026-09-04,cubesmart,NY,10x22,3,3,389.0
2026-09-04,cubesmart,NY,10x23,2,2,424.5
2026-09-04,cubesmart,NY,10x24,1,1,434.0
2026-09-04,cubesmart,NY,10x25,39,39,386.0
2026-09-04,cubesmart,NY,10x3,1,1,87.0
2026-09-04,cubesmart,NY,10x3.5,1,1,83.0
2026-09-04,cubesmart,NY,10x30,30,30,495.5
2026-09-04,cubesmart,NY,10x31,1,1,742.0
2026-09-04,cubesmart,NY,10x40,1,1,590.0
2026-09-04,cubesmart,NY,10x5,31,31,79.0
2026-09-04,cubesmart,NY,10x6,1,1,204.0
2026-09-04,cubesmart,NY,10x60,1,1,796.0
2026-09-04,cubesmart,NY,10x7,3,3,86.0
2026-09-04,cubesmart,NY,10x7.5,3,3,83.0
2026-09-04,cubesmart,NY,10x8,5,5,97.0
2026-09-04,cubesmart,NY,10x9,7,7,197.0
2026-09-04,cubesmart,NY,11.5x19,1,1,180.0
2026-09-04,cubesmart,NY,11x10,1,1,262.0
2026-09-04,cubesmart,NY,11x20,2,2,420.0
2026-09-04,cubesmart,NY,11x21,1,1,410.0
2026-09-04,cubesmart,NY,12.5x25,1,1,78.0
2026-09-04,cubesmart,NY,12x10,3,3,119.0
2026-09-04,cubesmart,NY,12x11,2,2,133.5
2026-09-04,cubesmart,NY,12x12,2,2,168.0
2026-09-04,cubesmart,NY,12x15,2,2,303.5
2026-09-04,cubesmart,NY,12x16,1,1,219.0
2026-09-04,cubesmart,NY,12x19,1,1,183.0
2026-09-04,cubesmart,NY,12x24,1,1,409.0
2026-09-04,cubesmart,NY,12x25,1,1,78.0
2026-09-04,cubesmart,NY,12x26,1,1,463.0
2026-09-04,cubesmart,NY,12x40,1,1,1365.0
2026-09-04,cubesmart,NY,12x48,1,1,659.0
2026-09-04,cubesmart,NY,12x5,1,1,79.0
2026-09-04,cubesmart,NY,12x6,1,1,71.0
2026-09-04,cubesmart,NY,12x7,1,1,89.0
2026-09-04,cubesmart,NY,12x9,2,2,108.5
2026-09-04,cubesmart,NY,13x10,2,2,281.0
2026-09-04,cubesmart,NY,13x12,1,1,173.0
2026-09-04,cubesmart,NY,13x15,1,1,329.0
2026-09-04,cubesmart,NY,13x18,1,1,194.0
2026-09-04,cubesmart,NY,13x40,1,1,291.0
2026-09-04,cubesmart,NY,13x8,1,1,110.0
2026-09-04,cubesmart,NY,14x15,1,1,132.0
2026-09-04,cubesmart,NY,15x10,6,6,143.5
2026-09-04,cubesmart,NY,15x15,3,3,182.0
2026-09-04,cubesmart,NY,15x20,4,4,501.0
2026-09-04,cubesmart,NY,15x30,1,1,269.0
2026-09-04,cubesmart,NY,15x35,1,1,727.0
2026-09-04,cubesmart,NY,15x40,1,1,838.0
2026-09-04,cubesmart,NY,15x5,5,5,92.0
2026-09-04,cubesmart,NY,15x6,1,1,121.0
2026-09-04,cubesmart,NY,15x8,1,1,136.0
2026-09-04,cubesmart,NY,16.5x15.5,1,1,211.0
2026-09-04,cubesmart,NY,16x7,1,1,263.0
2026-09-04,cubesmart,NY,17x10,1,1,620.0
2026-09-04,cubesmart,NY,17x7,1,1,138.0
2026-09-04,cubesmart,NY,18x10,1,1,335.0
2026-09-04,cubesmart,NY,19x30,1,1,311.0
2026-09-04,cubesmart,NY,20x10,29,29,378.0
2026-09-04,cubesmart,NY,20x12.5,2,2,492.0
2026-09-04,cubesmart,NY,20x14,1,1,226.0
2026-09-04,cubesmart,NY,20x15,17,17,357.0
2026-09-04,cubesmart,NY,20x18,1,1,202.0
2026-09-04,cubesmart,NY,20x20,21,21,724.0
2026-09-04,cubesmart,NY,20x22,1,1,265.0
2026-09-04,cubesmart,NY,20x30,1,1,348.0
2026-09-04,cubesmart,NY,20x4,1,1,101.0
2026-09-04,cubesmart,NY,20x40,1,1,2671.0
2026-09-04,cubesmart,NY,20x45,1,1,3013.0
2026-09-04,cubesmart,NY,20x7,1,1,161.0
2026-09-04,cubesmart,NY,20x8,2,2,143.5
2026-09-04,cubesmart,NY,20x9,1,1,359.0
2026-09-04,cubesmart,NY,23x10,1,1,569.0
2026-09-04,cubesmart,NY,23x5,1,1,95.0
2026-09-04,cubesmart,NY,25x33,1,1,329.0
2026-09-04,cubesmart,NY,29x33,1,1,1946.0
2026-09-04,cubesmart,NY,2x2,1,1,11.0
2026-09-04,cubesmart,NY,2x3,1,1,15.0
2026-09-04,cubesmart,NY,2x7,1,1,15.0
2026-09-04,cubesmart,NY,2x8,1,1,22.0
2026-09-04,cubesmart,NY,3x10,1,1,59.0
2026-09-04,cubesmart,NY,3x4,5,5,17.0
2026-09-04,cubesmart,NY,3x6,1,1,100.0
2026-09-04,cubesmart,NY,3x8,1,1,112.0
2026-09-04,cubesmart,NY,4x10,5,5,126.0
2026-09-04,cubesmart,NY,4x13,1,1,253.0
2026-09-04,cubesmart,NY,4x14,1,1,158.0
2026-09-04,cubesmart,NY,4x3,1,1,25.0
2026-09-04,cubesmart,NY,4x4,10,10,35.5
2026-09-04,cubesmart,NY,4x5,24,24,61.0
2026-09-04,cubesmart,NY,4x6,3,3,169.0
2026-09-04,cubesmart,NY,4x7,1,1,198.0
2026-09-04,cubesmart,NY,5x10,158,158,129.5
2026-09-04,cubesmart,NY,5x11,1,1,216.0
2026-09-04,cubesmart,NY,5x12,5,5,160.0
2026-09-04,cubesmart,NY,5x13,3,3,90.0
2026-09-04,cubesmart,NY,5x14,4,4,98.5
2026-09-04,cubesmart,NY,5x15,33,33,165.0
2026-09-04,cubesmart,NY,5x19,1,1,92.0
2026-09-04,cubesmart,NY,5x20,3,3,265.0
2026-09-04,cubesmart,NY,5x3,6,6,36.0
2026-09-04,cubesmart,NY,5x4,3,3,109.0
2026-09-04,cubesmart,NY,5x5,268,268,56.0
2026-09-04,cubesmart,NY,5x6,10,10,93.0
2026-09-04,cubesmart,NY,5x7,13,13,102.0
2026-09-04,cubesmart,NY,5x7.5,22,22,98.5
2026-09-04,cubesmart,NY,5x8,57,57,113.0
2026-09-04,cubesmart,NY,5x9,9,9,103.0
2026-09-04,cubesmart,NY,6x10,4,4,155.0
2026-09-04,cubesmart,NY,6x11,1,1,175.0
2026-09-04,cubesmart,NY,6x12,4,4,78.0
2026-09-04,cubesmart,NY,6x5,1,1,131.0
2026-09-04,cubesmart,NY,6x6,3,3,48.0
2026-09-04,cubesmart,NY,6x8,5,5,126.0
2026-09-04,cubesmart,NY,6x9,1,1,67.0
2026-09-04,cubesmart,NY,7.5x10,25,25,172.0
2026-09-04,cubesmart,NY,7.5x9,1,1,214.0
2026-09-04,cubesmart,NY,7x10,8,8,174.5
2026-09-04,cubesmart,NY,7x14,1,1,246.0
2026-09-04,cubesmart,NY,7x20,1,1,273.0
2026-09-04,cubesmart,NY,7x27,1,1,185.0
2026-09-04,cubesmart,NY,7x5,1,1,45.0
2026-09-04,cubesmart,NY,7x7,1,1,125.0
2026-09-04,cubesmart,NY,7x8,1,1,309.0
2026-09-04,cubesmart,NY,7x9,2,2,194.0
2026-09-04,cubesmart,NY,8.5x14,1,1,67.0
2026-09-04,cubesmart,NY,8.5x30,1,1,210.0
2026-09-04,cubesmart,NY,8x10,28,28,173.5
2026-09-04,cubesmart,NY,8x13,1,1,277.0
2026-09-04,cubesmart,NY,8x15,2,2,232.0
2026-09-04,cubesmart,NY,8x16,1,1,138.0
2026-09-04,cubesmart,NY,8x20,5,5,336.0
2026-09-04,cubesmart,NY,8x4,1,1,162.0
2026-09-04,cubesmart,NY,8x5,3,3,50.0
2026-09-04,cubesmart,NY,8x6.5,1,1,142.0
2026-09-04,cubesmart,NY,9.5x19,1,1,179.0
2026-09-04,cubesmart,NY,9.5x25,1,1,71.0
2026-09-04,cubesmart,NY,9x10,10,10,215.5
2026-09-04,cubesmart,NY,9x12,1,1,134.0
2026-09-04,cubesmart,NY,9x14,3,3,141.0
2026-09-04,cubesmart,NY,9x15,1,1,367.0
2026-09-04,cubesmart,NY,9x20,3,3,342.0
2026-09-04,cubesmart,NY,9x21,1,1,350.0
2026-09-04,cubesmart,NY,9x22,1,1,373.0
2026-09-04,cubesmart,NY,9x23,1,1,676.0
2026-09-04,cubesmart,NY,9x29,1,1,224.0
2026-09-04,cubesmart,NY,9x5,1,1,67.0
2026-09-04,cubesmart,NY,9x9,1,1,86.0
2026-09-04,cubesmart,NY,Other,26,26,101.0
2026-09-04,cubesmart,OH,10x10,94,94,84.5
2026-09-04,cubesmart,OH,10x12,6,6,69.0
2026-09-04,cubesmart,OH,10x12.5,2,2,88.0
2026-09-04,cubesmart,OH,10x13,2,2,190.5
2026-09-04,cubesmart,OH,10x13.5,1,1,142.0
2026-09-04,cubesmart,OH,10x15,70,70,118.5
2026-09-04,cubesmart,OH,10x17.5,2,2,125.5
2026-09-04,cubesmart,OH,10x18,2,2,136.5
2026-09-04,cubesmart,OH,10x20,60,60,145.0
2026-09-04,cubesmart,OH,10x22,1,1,363.0
2026-09-04,cubesmart,OH,10x24,1,1,152.0
2026-09-04,cubesmart,OH,10x25,21,21,183.0
2026-09-04,cubesmart,OH,10x30,30,30,200.5
2026-09-04,cubesmart,OH,10x35,2,2,328.5
2026-09-04,cubesmart,OH,10x4,1,1,23.0
2026-09-04,cubesmart,OH,10x40,5,5,242.0
2026-09-04,cubesmart,OH,10x5,25,25,45.0
2026-09-04,cubesmart,OH,10x6,1,1,39.0
2026-09-04,cubesmart,OH,10x60,1,1,407.0
2026-09-04,cubesmart,OH,10x7,3,3,105.0
2026-09-04,cubesmart,OH,10x7.5,4,4,59.5
2026-09-04,cubesmart,OH,10x8,1,1,155.0
2026-09-04,cubesmart,OH,10x9,1,1,76.0
2026-09-04,cubesmart,OH,12.5x15,1,1,157.0
2026-09-04,cubesmart,OH,12x10,1,1,150.0
2026-09-04,cubesmart,OH,12x12,1,1,199.0
2026-09-04,cubesmart,OH,12x15,1,1,149.0
2026-09-04,cubesmart,OH,12x20,2,2,244.5
2026-09-04,cubesmart,OH,12x25,1,1,284.0
2026-09-04,cubesmart,OH,12x30,1,1,227.0
2026-09-04,cubesmart,OH,12x36,1,1,226.0
2026-09-04,cubesmart,OH,12x40,1,1,299.0
2026-09-04,cubesmart,OH,12x42,1,1,426.0
2026-09-04,cubesmart,OH,13x10,1,1,92.0
2026-09-04,cubesmart,OH,13x8,1,1,139.0
2026-09-04,cubesmart,OH,14x10,1,1,166.0
2026-09-04,cubesmart,OH,14x22,1,1,194.0
2026-09-04,cubesmart,OH,14x42,1,1,471.0
2026-09-04,cubesmart,OH,15x10,5,5,121.0
2026-09-04,cubesmart,OH,15x15,5,5,175.0
2026-09-04,cubesmart,OH,15x17.5,1,1,176.0
2026-09-04,cubesmart,OH,15x20,4,4,256.0
2026-09-04,cubesmart,OH,15x5,2,2,56.5
2026-09-04,cubesmart,OH,15x6,1,1,74.0
2026-09-04,cubesmart,OH,15x7,1,1,161.0
2026-09-04,cubesmart,OH,15x7.5,1,1,53.0
2026-09-04,cubesmart,OH,15x7.6,1,1,126.0
2026-09-04,cubesmart,OH,20x10,9,9,140.0
2026-09-04,cubesmart,OH,20x12,1,1,216.0
2026-09-04,cubesmart,OH,20x12.5,1,1,161.0
2026-09-04,cubesmart,OH,20x15,8,8,187.5
2026-09-04,cubesmart,OH,20x17.5,1,1,278.0
2026-09-04,cubesmart,OH,20x20,5,5,242.0
2026-09-04,cubesmart,OH,20x25,2,2,292.5
2026-09-04,cubesmart,OH,20x30,3,3,298.0
2026-09-04,cubesmart,OH,20x40,1,1,679.0
2026-09-04,cubesmart,OH,20x5,2,2,118.5
2026-09-04,cubesmart,OH,20x7,1,1,78.0
2026-09-04,cubesmart,OH,25x10,1,1,152.0
2026-09-04,cubesmart,OH,25x8,1,1,210.0
2026-09-04,cubesmart,OH,30x10,2,2,206.5
2026-09-04,cubesmart,OH,30x15,1,1,324.0
2026-09-04,cubesmart,OH,30x30,1,1,406.0
2026-09-04,cubesmart,OH,3x5,1,1,23.0
2026-09-04,cubesmart,OH,4x17,1,1,85.0
2026-09-04,cubesmart,OH,4x4,8,8,20.5
2026-09-04,cubesmart,OH,4x5,3,3,12.0
2026-09-04,cubesmart,OH,5x10,81,81,45.0
2026-09-04,cubesmart,OH,5x12,1,1,22.0
2026-09-04,cubesmart,OH,5x12.5,1,1,36.0
2026-09-04,cubesmart,OH,5x13,1,1,102.0
2026-09-04,cubesmart,OH,5x15,48,48,58.0
2026-09-04,cubesmart,OH,5x17.5,1,1,64.0
2026-09-04,cubesmart,OH,5x20,4,4,97.0
2026-09-04,cubesmart,OH,5x5,64,64,28.0
2026-09-04,cubesmart,OH,5x6,1,1,33.0
2026-09-04,cubesmart,OH,5x7,6,6,56.0
2026-09-04,cubesmart,OH,5x7.5,5,5,32.0
2026-09-04,cubesmart,OH,5x8,4,4,31.0
2026-09-04,cubesmart,OH,5x9.5,1,1,33.0
2026-09-04,cubesmart,OH,6x7,1,1,83.0
2026-09-04,cubesmart,OH,7.5x10,7,7,60.0
2026-09-04,cubesmart,OH,7.5x15,1,1,53.0
2026-09-04,cubesmart,OH,7.5x20,2,2,82.0
2026-09-04,cubesmart,OH,7.5x7.5,1,1,37.0
2026-09-04,cubesmart,OH,7x10,6,6,64.5
2026-09-04,cubesmart,OH,7x5,1,1,75.0
2026-09-04,cubesmart,OH,7x7,1,1,86.0
2026-09-04,cubesmart,OH,8x10,1,1,106.0
2026-09-04,cubesmart,OH,8x15,2,2,128.5
2026-09-04,cubesmart,OH,8x20,1,1,50.0
2026-09-04,cubesmart,OH,8x8,1,1,97.0
2026-09-04,cubesmart,OH,9.5x19,1,1,223.0
2026-09-04,cubesmart,OH,9x10,1,1,110.0
2026-09-04,cubesmart,OH,Other,23,23,62.0
2026-09-04,cubesmart,OK,10x10,2,2,30.0
2026-09-04,cubesmart,OK,10x12,1,1,41.0
2026-09-04,cubesmart,OK,10x13,1,1,41.0
2026-09-04,cubesmart,OK,10x15,3,3,56.0
2026-09-04,cubesmart,OK,10x18,2,2,78.0
2026-09-04,cubesmart,OK,10x20,2,2,71.0
2026-09-04,cubesmart,OK,10x23,1,1,122.0
2026-09-04,cubesmart,OK,10x25,1,1,66.0
2026-09-04,cubesmart,OK,10x30,1,1,79.0
2026-09-04,cubesmart,OK,10x5,2,2,27.5
2026-09-04,cubesmart,OK,10x6,1,1,25.0
2026-09-04,cubesmart,OK,10x7,1,1,30.0
2026-09-04,cubesmart,OK,10x8,1,1,34.0
2026-09-04,cubesmart,OK,14x8,1,1,37.0
2026-09-04,cubesmart,OK,15x10,1,1,56.0
2026-09-04,cubesmart,OK,20x10,1,1,51.0
2026-09-04,cubesmart,OK,20x15,1,1,82.0
2026-09-04,cubesmart,OK,23x10,1,1,122.0
2026-09-04,cubesmart,OK,5x10,4,4,27.5
2026-09-04,cubesmart,OK,5x15,2,2,51.5
2026-09-04,cubesmart,OK,5x5,2,2,18.5
2026-09-04,cubesmart,OK,5x8,2,2,24.5
2026-09-04,cubesmart,OK,6x5,1,1,17.0
2026-09-04,cubesmart,OK,6x6,1,1,19.0
2026-09-04,cubesmart,OK,7x7,1,1,30.0
2026-09-04,cubesmart,OK,8x10,2,2,39.5
2026-09-04,cubesmart,OK,8x5,2,2,24.5
2026-09-04,cubesmart,OK,8x6,1,1,22.0
2026-09-04,cubesmart,OK,8x7,1,1,25.0
2026-09-04,cubesmart,OK,8x8,2,2,31.5
2026-09-04,cubesmart,OK,Other,1,1,45.0
2026-09-04,cubesmart,OR,10x10,3,3,86.0
2026-09-04,cubesmart,OR,10x12,1,1,96.0
2026-09-04,cubesmart,OR,10x12.5,1,1,99.0
2026-09-04,cubesmart,OR,10x15,3,3,127.0
2026-09-04,cubesmart,OR,10x20,3,3,168.0
2026-09-04,cubesmart,OR,10x25,1,1,286.0
2026-09-04,cubesmart,OR,10x30,1,1,321.0
2026-09-04,cubesmart,OR,10x5,2,2,49.0
2026-09-04,cubesmart,OR,20x10,1,1,194.0
2026-09-04,cubesmart,OR,20x15,2,2,232.5
2026-09-04,cubesmart,OR,20x20,3,3,302.0
2026-09-04,cubesmart,OR,5x10,3,3,53.0
2026-09-04,cubesmart,OR,5x5,4,4,42.5
2026-09-04,cubesmart,OR,7.5x10,3,3,74.0
2026-09-04,cubesmart,OR,Other,1,1,111.0
2026-09-04,cubesmart,PA,10x10,71,71,100.0
2026-09-04,cubesmart,PA,10x11,4,4,122.5
2026-09-04,cubesmart,PA,10x12,6,6,120.0
2026-09-04,cubesmart,PA,10x12.5,2,2,121.0
2026-09-04,cubesmart,PA,10x13,4,4,117.0
2026-09-04,cubesmart,PA,10x14,2,2,107.5
2026-09-04,cubesmart,PA,10x15,56,56,134.0
2026-09-04,cubesmart,PA,10x16,2,2,158.0
2026-09-04,cubesmart,PA,10x17,1,1,110.0
2026-09-04,cubesmart,PA,10x17.5,1,1,215.0
2026-09-04,cubesmart,PA,10x18,4,4,155.5
2026-09-04,cubesmart,PA,10x19,1,1,147.0
2026-09-04,cubesmart,PA,10x20,44,44,170.5
2026-09-04,cubesmart,PA,10x23,1,1,173.0
2026-09-04,cubesmart,PA,10x24,1,1,198.0
2026-09-04,cubesmart,PA,10x25,15,15,196.0
2026-09-04,cubesmart,PA,10x27,1,1,191.0
2026-09-04,cubesmart,PA,10x30,18,18,221.5
2026-09-04,cubesmart,PA,10x35,2,2,315.5
2026-09-04,cubesmart,PA,10x5,23,23,60.0
2026-09-04,cubesmart,PA,10x6,2,2,73.5
2026-09-04,cubesmart,PA,10x7,5,5,84.0
2026-09-04,cubesmart,PA,10x7.5,6,6,69.5
2026-09-04,cubesmart,PA,10x8,6,6,89.0
2026-09-04,cubesmart,PA,10x8.5,1,1,68.0
2026-09-04,cubesmart,PA,10x9,3,3,99.0
2026-09-04,cubesmart,PA,11x10,2,2,128.0
2026-09-04,cubesmart,PA,11x11,1,1,154.0
2026-09-04,cubesmart,PA,11x20,1,1,150.0
2026-09-04,cubesmart,PA,12x10,2,2,114.0
2026-09-04,cubesmart,PA,12x12,3,3,123.0
2026-09-04,cubesmart,PA,12x15,2,2,167.0
2026-09-04,cubesmart,PA,12x18,1,1,136.0
2026-09-04,cubesmart,PA,12x30,2,2,231.0
2026-09-04,cubesmart,PA,12x5,1,1,93.0
2026-09-04,cubesmart,PA,12x7,1,1,94.0
2026-09-04,cubesmart,PA,12x8,1,1,104.0
2026-09-04,cubesmart,PA,13x10,2,2,111.0
2026-09-04,cubesmart,PA,13x11,2,2,119.0
2026-09-04,cubesmart,PA,13x13,1,1,141.0
2026-09-04,cubesmart,PA,13x17,1,1,176.0
2026-09-04,cubesmart,PA,13x33,1,1,250.0
2026-09-04,cubesmart,PA,13x7,1,1,101.0
2026-09-04,cubesmart,PA,13x8,1,1,106.0
2026-09-04,cubesmart,PA,14x10,1,1,93.0
2026-09-04,cubesmart,PA,14x40,1,1,293.0
2026-09-04,cubesmart,PA,14x5,1,1,81.0
2026-09-04,cubesmart,PA,15x10,4,4,125.0
2026-09-04,cubesmart,PA,15x12,1,1,133.0
2026-09-04,cubesmart,PA,15x13,1,1,144.0
2026-09-04,cubesmart,PA,15x5,1,1,85.0
2026-09-04,cubesmart,PA,15x9,1,1,104.0
2026-09-04,cubesmart,PA,18x3,1,1,71.0
2026-09-04,cubesmart,PA,18x5,1,1,68.0
2026-09-04,cubesmart,PA,20x10,10,10,159.0
2026-09-04,cubesmart,PA,20x12,1,1,164.0
2026-09-04,cubesmart,PA,20x13,1,1,185.0
2026-09-04,cubesmart,PA,20x14,1,1,178.0
2026-09-04,cubesmart,PA,20x15,4,4,221.0
2026-09-04,cubesmart,PA,20x18,1,1,234.0
2026-09-04,cubesmart,PA,20x19,1,1,210.0
2026-09-04,cubesmart,PA,20x20,3,3,291.0
2026-09-04,cubesmart,PA,20x25,1,1,298.0
2026-09-04,cubesmart,PA,20x27,1,1,320.0
2026-09-04,cubesmart,PA,20x30,4,4,366.5
2026-09-04,cubesmart,PA,20x7.5,1,1,171.0
2026-09-04,cubesmart,PA,20x9,3,3,133.0
2026-09-04,cubesmart,PA,21x46,1,1,653.0
2026-09-04,cubesmart,PA,24x15,1,1,302.0
2026-09-04,cubesmart,PA,25x10.6,1,1,264.0
2026-09-04,cubesmart,PA,30x40,1,1,771.0
2026-09-04,cubesmart,PA,3x5,1,1,13.0
2026-09-04,cubesmart,PA,4x10,1,1,37.0
2026-09-04,cubesmart,PA,4x3,3,3,25.0
2026-09-04,cubesmart,PA,4x4,5,5,20.0
2026-09-04,cubesmart,PA,4x5,9,9,16.0
2026-09-04,cubesmart,PA,5x10,65,65,52.0
2026-09-04,cubesmart,PA,5x11,1,1,77.0
2026-09-04,cubesmart,PA,5x12,1,1,74.0
2026-09-04,cubesmart,PA,5x15,29,29,76.0
2026-09-04,cubesmart,PA,5x20,1,1,103.0
2026-09-04,cubesmart,PA,5x4,1,1,31.0
2026-09-04,cubesmart,PA,5x5,75,75,32.0
2026-09-04,cubesmart,PA,5x7,4,4,31.5
2026-09-04,cubesmart,PA,5x7.5,5,5,41.0
2026-09-04,cubesmart,PA,5x8,5,5,46.0
2026-09-04,cubesmart,PA,5x9,2,2,64.0
2026-09-04,cubesmart,PA,6x10,1,1,61.0
2026-09-04,cubesmart,PA,6x12,2,2,80.0
2026-09-04,cubesmart,PA,6x15,1,1,110.0
2026-09-04,cubesmart,PA,6x7.5,1,1,90.0
2026-09-04,cubesmart,PA,6x9,1,1,86.0
2026-09-04,cubesmart,PA,7.5x10,5,5,75.0
2026-09-04,cubesmart,PA,7.5x10.5,1,1,120.0
2026-09-04,cubesmart,PA,7.5x5,1,1,74.0
2026-09-04,cubesmart,PA,7x10,3,3,42.0
2026-09-04,cubesmart,PA,7x15,1,1,131.0
2026-09-04,cubesmart,PA,7x25,1,1,173.0
2026-09-04,cubesmart,PA,7x5,2,2,49.0
2026-09-04,cubesmart,PA,7x7.5,1,1,133.0
2026-09-04,cubesmart,PA,8x10,3,3,93.0
2026-09-04,cubesmart,PA,8x13,2,2,103.5
2026-09-04,cubesmart,PA,8x18,1,1,156.0
2026-09-04,cubesmart,PA,8x20,1,1,119.0
2026-09-04,cubesmart,PA,8x3,1,1,23.0
2026-09-04,cubesmart,PA,8x5,1,1,64.0
2026-09-04,cubesmart,PA,8x7,2,2,92.0
2026-09-04,cubesmart,PA,9x10,2,2,83.0
2026-09-04,cubesmart,PA,9x13,1,1,80.0
2026-09-04,cubesmart,PA,9x14,1,1,90.0
2026-09-04,cubesmart,PA,9x15,1,1,124.0
2026-09-04,cubesmart,PA,9x18,2,2,171.5
2026-09-04,cubesmart,PA,9x5,1,1,59.0
2026-09-04,cubesmart,PA,9x9,1,1,67.0
2026-09-04,cubesmart,PA,Other,14,14,60.0
2026-09-04,cubesmart,RI,10x10,17,17,118.0
2026-09-04,cubesmart,RI,10x11,1,1,227.0
2026-09-04,cubesmart,RI,10x12,1,1,229.0
2026-09-04,cubesmart,RI,10x15,11,11,137.0
2026-09-04,cubesmart,RI,10x20,18,18,182.5
2026-09-04,cubesmart,RI,10x21,1,1,249.0
2026-09-04,cubesmart,RI,10x25,8,8,201.0
2026-09-04,cubesmart,RI,10x30,8,8,212.5
2026-09-04,cubesmart,RI,10x35,1,1,411.0
2026-09-04,cubesmart,RI,10x40,1,1,239.0
2026-09-04,cubesmart,RI,10x5,2,2,89.0
2026-09-04,cubesmart,RI,10x7,1,1,150.0
2026-09-04,cubesmart,RI,10x7.5,1,1,80.0
2026-09-04,cubesmart,RI,15x20,1,1,197.0
2026-09-04,cubesmart,RI,20x10,1,1,255.0
2026-09-04,cubesmart,RI,20x15,2,2,246.0
2026-09-04,cubesmart,RI,20x20,2,2,279.5
2026-09-04,cubesmart,RI,20x25,1,1,383.0
2026-09-04,cubesmart,RI,4x5,1,1,64.0
2026-09-04,cubesmart,RI,5x10,15,15,71.0
2026-09-04,cubesmart,RI,5x15,11,11,83.0
2026-09-04,cubesmart,RI,5x20,3,3,99.0
2026-09-04,cubesmart,RI,5x5,16,16,52.0
2026-09-04,cubesmart,RI,5x6,1,1,65.0
2026-09-04,cubesmart,RI,5x9,2,2,84.5
2026-09-04,cubesmart,RI,6x6,1,1,75.0
2026-09-04,cubesmart,RI,8x20,1,1,121.0
2026-09-04,cubesmart,RI,Other,13,13,103.0
2026-09-04,cubesmart,SC,1.5x2.5,3,3,38.0
2026-09-04,cubesmart,SC,10x10,32,32,69.0
2026-09-04,cubesmart,SC,10x12,1,1,58.0
2026-09-04,cubesmart,SC,10x12.5,1,1,137.0
2026-09-04,cubesmart,SC,10x14,1,1,70.0
2026-09-04,cubesmart,SC,10x15,29,29,127.0
2026-09-04,cubesmart,SC,10x18,1,1,86.0
2026-09-04,cubesmart,SC,10x20,23,23,168.0
2026-09-04,cubesmart,SC,10x22,1,1,247.0
2026-09-04,cubesmart,SC,10x25,11,11,258.0
2026-09-04,cubesmart,SC,10x29,1,1,216.0
2026-09-04,cubesmart,SC,10x3,1,1,9.0
2026-09-04,cubesmart,SC,10x30,10,10,203.0
2026-09-04,cubesmart,SC,10x4,1,1,77.0
2026-09-04,cubesmart,SC,10x5,15,15,38.0
2026-09-04,cubesmart,SC,10x7.5,1,1,36.0
2026-09-04,cubesmart,SC,10x8,1,1,71.0
2026-09-04,cubesmart,SC,10x9,1,1,67.0
2026-09-04,cubesmart,SC,12x10,1,1,58.0
2026-09-04,cubesmart,SC,12x20,1,1,194.0
2026-09-04,cubesmart,SC,12x30,2,2,382.0
2026-09-04,cubesmart,SC,12x6,1,1,20.0
2026-09-04,cubesmart,SC,15x10,3,3,58.0
2026-09-04,cubesmart,SC,15x30,1,1,267.0
2026-09-04,cubesmart,SC,15x5,4,4,43.5
2026-09-04,cubesmart,SC,2.5x2,3,3,38.0
2026-09-04,cubesmart,SC,2.5x3,1,1,46.0
2026-09-04,cubesmart,SC,2.5x3.5,1,1,51.0
2026-09-04,cubesmart,SC,20x10,8,8,176.0
2026-09-04,cubesmart,SC,20x12,1,1,33.0
2026-09-04,cubesmart,SC,20x15,4,4,240.0
2026-09-04,cubesmart,SC,20x20,3,3,252.0
2026-09-04,cubesmart,SC,20x30,1,1,340.0
2026-09-04,cubesmart,SC,25x10,1,1,267.0
2026-09-04,cubesmart,SC,2x2.5,1,1,46.0
2026-09-04,cubesmart,SC,2x3,1,1,25.0
2026-09-04,cubesmart,SC,3.5x3,1,1,54.0
2026-09-04,cubesmart,SC,30x12,1,1,33.0
2026-09-04,cubesmart,SC,3x2,1,1,42.0
2026-09-04,cubesmart,SC,3x3,2,2,53.5
2026-09-04,cubesmart,SC,40x12,1,1,37.0
2026-09-04,cubesmart,SC,4x5,1,1,48.0
2026-09-04,cubesmart,SC,5x10,24,24,36.0
2026-09-04,cubesmart,SC,5x12,2,2,27.5
2026-09-04,cubesmart,SC,5x15,5,5,46.0
2026-09-04,cubesmart,SC,5x20,2,2,43.5
2026-09-04,cubesmart,SC,5x5,21,21,24.0
2026-09-04,cubesmart,SC,5x6,1,1,14.0
2026-09-04,cubesmart,SC,5x7,4,4,28.5
2026-09-04,cubesmart,SC,5x8,3,3,33.0
2026-09-04,cubesmart,SC,6x10,2,2,27.0
2026-09-04,cubesmart,SC,6x12,1,1,21.0
2026-09-04,cubesmart,SC,6x6,2,2,50.5
2026-09-04,cubesmart,SC,7.5x10,2,2,72.0
2026-09-04,cubesmart,SC,7x10,2,2,49.5
2026-09-04,cubesmart,SC,8x10,3,3,41.0
2026-09-04,cubesmart,SC,9x10,1,1,67.0
2026-09-04,cubesmart,SC,Other,11,11,103.0
2026-09-04,cubesmart,TN,10x10,52,52,96.5
2026-09-04,cubesmart,TN,10x11,1,1,150.0
2026-09-04,cubesmart,TN,10x12,4,4,96.5
2026-09-04,cubesmart,TN,10x12.5,2,2,131.0
2026-09-04,cubesmart,TN,10x13,2,2,85.5
2026-09-04,cubesmart,TN,10x14,1,1,151.0
2026-09-04,cubesmart,TN,10x15,46,46,136.0
2026-09-04,cubesmart,TN,10x17,2,2,208.0
2026-09-04,cubesmart,TN,10x18,2,2,254.5
2026-09-04,cubesmart,TN,10x20,34,34,166.5
2026-09-04,cubesmart,TN,10x22,1,1,152.0
2026-09-04,cubesmart,TN,10x24,3,3,210.0
2026-09-04,cubesmart,TN,10x25,17,17,197.0
2026-09-04,cubesmart,TN,10x27,1,1,271.0
2026-09-04,cubesmart,TN,10x30,16,16,212.5
2026-09-04,cubesmart,TN,10x35,3,3,301.0
2026-09-04,cubesmart,TN,10x4,1,1,83.0
2026-09-04,cubesmart,TN,10x40,2,2,245.5
2026-09-04,cubesmart,TN,10x5,11,11,75.0
2026-09-04,cubesmart,TN,10x7,5,5,94.0
2026-09-04,cubesmart,TN,11x15,1,1,110.0
2026-09-04,cubesmart,TN,12x10,1,1,91.0
2026-09-04,cubesmart,TN,12x14,1,1,84.0
2026-09-04,cubesmart,TN,12x15,1,1,178.0
2026-09-04,cubesmart,TN,12x20,3,3,169.0
2026-09-04,cubesmart,TN,12x25,4,4,208.0
2026-09-04,cubesmart,TN,12x30,6,6,237.0
2026-09-04,cubesmart,TN,12x4,1,1,52.0
2026-09-04,cubesmart,TN,12x60,1,1,160.0
2026-09-04,cubesmart,TN,13x15,1,1,194.0
2026-09-04,cubesmart,TN,13x20,2,2,151.0
2026-09-04,cubesmart,TN,14x2,1,1,9.0
2026-09-04,cubesmart,TN,14x20,1,1,223.0
2026-09-04,cubesmart,TN,14x5,1,1,25.0
2026-09-04,cubesmart,TN,15x10,5,5,133.0
2026-09-04,cubesmart,TN,15x15,3,3,203.0
2026-09-04,cubesmart,TN,15x20,4,4,287.5
2026-09-04,cubesmart,TN,15x25,1,1,215.0
2026-09-04,cubesmart,TN,15x30,2,2,271.0
2026-09-04,cubesmart,TN,16x20,2,2,233.0
2026-09-04,cubesmart,TN,20x10,11,11,166.0
2026-09-04,cubesmart,TN,20x12,1,1,427.0
2026-09-04,cubesmart,TN,20x15,8,8,272.0
2026-09-04,cubesmart,TN,20x20,10,10,280.0
2026-09-04,cubesmart,TN,20x25,3,3,335.0
2026-09-04,cubesmart,TN,20x30,4,4,326.5
2026-09-04,cubesmart,TN,20x45,1,1,573.0
2026-09-04,cubesmart,TN,20x95,1,1,1336.0
2026-09-04,cubesmart,TN,2x2.5,1,1,56.0
2026-09-04,cubesmart,TN,2x3,1,1,56.0
2026-09-04,cubesmart,TN,30x10,1,1,166.0
2026-09-04,cubesmart,TN,30x12,1,1,221.0
2026-09-04,cubesmart,TN,3x3,1,1,3.0
2026-09-04,cubesmart,TN,3x4,1,1,51.0
2026-09-04,cubesmart,TN,3x6,1,1,6.0
2026-09-04,cubesmart,TN,3x8,1,1,86.0
2026-09-04,cubesmart,TN,4x6,2,2,8.0
2026-09-04,cubesmart,TN,4x8,2,2,61.0
2026-09-04,cubesmart,TN,4x9,1,1,11.0
2026-09-04,cubesmart,TN,5x10,42,42,72.0
2026-09-04,cubesmart,TN,5x12,2,2,47.5
2026-09-04,cubesmart,TN,5x15,15,15,96.0
2026-09-04,cubesmart,TN,5x20,1,1,220.0
2026-09-04,cubesmart,TN,5x5,37,37,47.0
2026-09-04,cubesmart,TN,5x7,3,3,52.0
2026-09-04,cubesmart,TN,5x7.5,2,2,73.0
2026-09-04,cubesmart,TN,5x8,6,6,61.5
2026-09-04,cubesmart,TN,6x14,1,1,33.0
2026-09-04,cubesmart,TN,6x15,1,1,183.0
2026-09-04,cubesmart,TN,6x3,1,1,6.0
2026-09-04,cubesmart,TN,6x6,2,2,12.5
2026-09-04,cubesmart,TN,6x8,1,1,19.0
2026-09-04,cubesmart,TN,6x9,1,1,24.0
2026-09-04,cubesmart,TN,7.5x10,2,2,142.5
2026-09-04,cubesmart,TN,7x10,3,3,93.0
2026-09-04,cubesmart,TN,7x12.5,1,1,55.0
2026-09-04,cubesmart,TN,7x13,1,1,66.0
2026-09-04,cubesmart,TN,7x20,1,1,77.0
2026-09-04,cubesmart,TN,7x5,1,1,107.0
2026-09-04,cubesmart,TN,8.5x10,1,1,114.0
2026-09-04,cubesmart,TN,8x10,2,2,83.5
2026-09-04,cubesmart,TN,8x12,1,1,60.0
2026-09-04,cubesmart,TN,8x14,1,1,68.0
2026-09-04,cubesmart,TN,8x15,6,6,150.0
2026-09-04,cubesmart,TN,8x20,8,8,165.5
2026-09-04,cubesmart,TN,8x25,4,4,182.0
2026-09-04,cubesmart,TN,8x30,1,1,105.0
2026-09-04,cubesmart,TN,8x5,2,2,59.0
2026-09-04,cubesmart,TN,8x8,1,1,156.0
2026-09-04,cubesmart,TN,9x14,1,1,76.0
2026-09-04,cubesmart,TN,Other,37,37,65.0
2026-09-04,cubesmart,TX,10x10,446,446,78.0
2026-09-04,cubesmart,TX,10x11,2,2,64.5
2026-09-04,cubesmart,TX,10x12,38,38,78.0
2026-09-04,cubesmart,TX,10x12.5,23,23,87.0
2026-09-04,cubesmart,TX,10x13,7,7,95.0
2026-09-04,cubesmart,TX,10x14,3,3,96.0
2026-09-04,cubesmart,TX,10x15,358,358,110.0
2026-09-04,cubesmart,TX,10x16,2,2,118.5
2026-09-04,cubesmart,TX,10x17,3,3,102.0
2026-09-04,cubesmart,TX,10x18,5,5,155.0
2026-09-04,cubesmart,TX,10x19,2,2,112.0
2026-09-04,cubesmart,TX,10x2.5,1,1,49.0
2026-09-04,cubesmart,TX,10x20,325,325,145.0
2026-09-04,cubesmart,TX,10x21,1,1,186.0
2026-09-04,cubesmart,TX,10x22,4,4,125.5
2026-09-04,cubesmart,TX,10x23,3,3,116.0
2026-09-04,cubesmart,TX,10x24,4,4,109.5
2026-09-04,cubesmart,TX,10x25,137,137,175.0
2026-09-04,cubesmart,TX,10x26,3,3,130.0
2026-09-04,cubesmart,TX,10x27,3,3,65.0
2026-09-04,cubesmart,TX,10x28,1,1,155.0
2026-09-04,cubesmart,TX,10x3,3,3,44.0
2026-09-04,cubesmart,TX,10x3.5,1,1,29.0
2026-09-04,cubesmart,TX,10x30,124,124,192.5
2026-09-04,cubesmart,TX,10x32,1,1,564.0
2026-09-04,cubesmart,TX,10x33,1,1,309.0
2026-09-04,cubesmart,TX,10x34,1,1,140.0
2026-09-04,cubesmart,TX,10x35,8,8,159.5
2026-09-04,cubesmart,TX,10x36,1,1,127.0
2026-09-04,cubesmart,TX,10x4,2,2,55.0
2026-09-04,cubesmart,TX,10x40,4,4,178.5
2026-09-04,cubesmart,TX,10x46,1,1,88.0
2026-09-04,cubesmart,TX,10x5,164,164,44.0
2026-09-04,cubesmart,TX,10x50,1,1,360.0
2026-09-04,cubesmart,TX,10x6,1,1,46.0
2026-09-04,cubesmart,TX,10x7,10,10,44.5
2026-09-04,cubesmart,TX,10x7.5,32,32,58.0
2026-09-04,cubesmart,TX,10x8,7,7,44.0
2026-09-04,cubesmart,TX,11.5x20,1,1,83.0
2026-09-04,cubesmart,TX,11.5x25,1,1,85.0
2026-09-04,cubesmart,TX,11.5x30,1,1,88.0
2026-09-04,cubesmart,TX,11x15,1,1,101.0
2026-09-04,cubesmart,TX,11x22,1,1,88.0
2026-09-04,cubesmart,TX,11x26,1,1,95.0
2026-09-04,cubesmart,TX,11x28,1,1,171.0
2026-09-04,cubesmart,TX,11x30,2,2,145.0
2026-09-04,cubesmart,TX,11x35,2,2,156.0
2026-09-04,cubesmart,TX,11x40,1,1,149.0
2026-09-04,cubesmart,TX,12.5x10,7,7,120.0
2026-09-04,cubesmart,TX,12.5x20,2,2,104.5
2026-09-04,cubesmart,TX,12.5x25,1,1,203.0
2026-09-04,cubesmart,TX,12.5x29,1,1,193.0
2026-09-04,cubesmart,TX,12.5x30,2,2,201.0
2026-09-04,cubesmart,TX,12.5x37,1,1,228.0
2026-09-04,cubesmart,TX,12.5x40,1,1,206.0
2026-09-04,cubesmart,TX,12.5x7.5,1,1,86.0
2026-09-04,cubesmart,TX,12x10,2,2,87.5
2026-09-04,cubesmart,TX,12x12,5,5,57.0
2026-09-04,cubesmart,TX,12x13,1,1,109.0
2026-09-04,cubesmart,TX,12x15,5,5,112.0
2026-09-04,cubesmart,TX,12x16,1,1,116.0
2026-09-04,cubesmart,TX,12x17.5,1,1,173.0
2026-09-04,cubesmart,TX,12x20,5,5,132.0
2026-09-04,cubesmart,TX,12x23,2,2,171.0
2026-09-04,cubesmart,TX,12x24,2,2,157.5
2026-09-04,cubesmart,TX,12x25,13,13,139.0
2026-09-04,cubesmart,TX,12x28,1,1,101.0
2026-09-04,cubesmart,TX,12x29,1,1,100.0
2026-09-04,cubesmart,TX,12x30,25,25,178.0
2026-09-04,cubesmart,TX,12x32,2,2,209.0
2026-09-04,cubesmart,TX,12x35,6,6,244.0
2026-09-04,cubesmart,TX,12x36,3,3,132.0
2026-09-04,cubesmart,TX,12x40,12,12,137.5
2026-09-04,cubesmart,TX,12x50,1,1,125.0
2026-09-04,cubesmart,TX,12x8,1,1,59.0
2026-09-04,cubesmart,TX,13x10,2,2,108.5
2026-09-04,cubesmart,TX,13x18,1,1,75.0
2026-09-04,cubesmart,TX,13x29,1,1,200.0
2026-09-04,cubesmart,TX,13x30,2,2,180.5
2026-09-04,cubesmart,TX,13x32,1,1,122.0
2026-09-04,cubesmart,TX,13x35,5,5,329.0
2026-09-04,cubesmart,TX,13x36,1,1,157.0
2026-09-04,cubesmart,TX,13x36.5,1,1,527.0
2026-09-04,cubesmart,TX,13x40,1,1,402.0
2026-09-04,cubesmart,TX,13x45,4,4,182.0
2026-09-04,cubesmart,TX,13x50,3,3,412.0
2026-09-04,cubesmart,TX,13x7.5,1,1,71.0
2026-09-04,cubesmart,TX,14x14,1,1,116.0
2026-09-04,cubesmart,TX,14x16,1,1,155.0
2026-09-04,cubesmart,TX,14x25,1,1,201.0
2026-09-04,cubesmart,TX,14x30,4,4,169.0
2026-09-04,cubesmart,TX,14x40,3,3,161.0
2026-09-04,cubesmart,TX,14x50,1,1,162.0
2026-09-04,cubesmart,TX,15x0,1,1,110.0
2026-09-04,cubesmart,TX,15x10,22,22,121.5
2026-09-04,cubesmart,TX,15x12,1,1,67.0
2026-09-04,cubesmart,TX,15x15,14,14,152.5
2026-09-04,cubesmart,TX,15x18,2,2,222.5
2026-09-04,cubesmart,TX,15x19,1,1,103.0
2026-09-04,cubesmart,TX,15x20,8,8,199.5
2026-09-04,cubesmart,TX,15x25,5,5,196.0
2026-09-04,cubesmart,TX,15x30,3,3,300.0
2026-09-04,cubesmart,TX,15x35,2,2,220.0
2026-09-04,cubesmart,TX,15x5,6,6,70.0
2026-09-04,cubesmart,TX,15x7,2,2,66.0
2026-09-04,cubesmart,TX,15x8,2,2,94.0
2026-09-04,cubesmart,TX,16x12,2,2,130.0
2026-09-04,cubesmart,TX,16x34,1,1,170.0
2026-09-04,cubesmart,TX,18x12,1,1,91.0
2026-09-04,cubesmart,TX,18x18,1,1,188.0
2026-09-04,cubesmart,TX,18x20,1,1,227.0
2026-09-04,cubesmart,TX,19x30,1,1,702.0
2026-09-04,cubesmart,TX,2.25x4.5,1,1,69.0
2026-09-04,cubesmart,TX,2.3x3.5,1,1,36.0
2026-09-04,cubesmart,TX,2.5x2,2,2,16.5
2026-09-04,cubesmart,TX,2.5x2.5,1,1,46.0
2026-09-04,cubesmart,TX,2.5x3,3,3,22.0
2026-09-04,cubesmart,TX,2.5x4,1,1,32.0
2026-09-04,cubesmart,TX,2.8x1.9,1,1,31.0
2026-09-04,cubesmart,TX,20x10,66,66,160.0
2026-09-04,cubesmart,TX,20x12,3,3,131.0
2026-09-04,cubesmart,TX,20x12.5,2,2,178.0
2026-09-04,cubesmart,TX,20x14,1,1,141.0
2026-09-04,cubesmart,TX,20x15,38,38,195.5
2026-09-04,cubesmart,TX,20x20,34,34,223.0
2026-09-04,cubesmart,TX,20x25,9,9,206.0
2026-09-04,cubesmart,TX,20x27,1,1,129.0
2026-09-04,cubesmart,TX,20x30,8,8,258.5
2026-09-04,cubesmart,TX,20x5,5,5,71.0
2026-09-04,cubesmart,TX,20x7,2,2,74.0
2026-09-04,cubesmart,TX,20x8,1,1,112.0
2026-09-04,cubesmart,TX,21x10,1,1,165.0
2026-09-04,cubesmart,TX,22.5x10,1,1,195.0
2026-09-04,cubesmart,TX,24x20,1,1,132.0
2026-09-04,cubesmart,TX,24x50,1,1,508.0
2026-09-04,cubesmart,TX,25x10,5,5,222.0
2026-09-04,cubesmart,TX,25x15,1,1,283.0
2026-09-04,cubesmart,TX,2x12,1,1,26.0
2026-09-04,cubesmart,TX,2x18,1,1,34.0
2026-09-04,cubesmart,TX,2x2,3,3,16.0
2026-09-04,cubesmart,TX,2x2.5,2,2,16.5
2026-09-04,cubesmart,TX,2x2.6,1,1,17.0
2026-09-04,cubesmart,TX,2x3,4,4,17.5
2026-09-04,cubesmart,TX,2x4,4,4,18.5
2026-09-04,cubesmart,TX,2x4.5,1,1,17.0
2026-09-04,cubesmart,TX,2x5,1,1,20.0
2026-09-04,cubesmart,TX,2x6,4,4,21.5
2026-09-04,cubesmart,TX,3.5x3,1,1,54.0
2026-09-04,cubesmart,TX,3.5x9,1,1,105.0
2026-09-04,cubesmart,TX,3.75x3,1,1,69.0
2026-09-04,cubesmart,TX,30x10,11,11,240.0
2026-09-04,cubesmart,TX,30x18,1,1,506.0
2026-09-04,cubesmart,TX,30x40,1,1,704.0
2026-09-04,cubesmart,TX,3x1.5,1,1,22.0
2026-09-04,cubesmart,TX,3x10,1,1,58.0
2026-09-04,cubesmart,TX,3x2,4,4,14.5
2026-09-04,cubesmart,TX,3x3,7,7,13.0
2026-09-04,cubesmart,TX,3x4,5,5,6.0
2026-09-04,cubesmart,TX,3x4.5,2,2,25.5
2026-09-04,cubesmart,TX,3x5,3,3,15.0
2026-09-04,cubesmart,TX,3x6,1,1,36.0
2026-09-04,cubesmart,TX,4.5x5.5,1,1,246.0
2026-09-04,cubesmart,TX,48x59,1,1,2317.0
2026-09-04,cubesmart,TX,4x10,2,2,64.0
2026-09-04,cubesmart,TX,4x12,2,2,14.5
2026-09-04,cubesmart,TX,4x2,2,2,33.0
2026-09-04,cubesmart,TX,4x3,3,3,19.0
2026-09-04,cubesmart,TX,4x4,3,3,28.0
2026-09-04,cubesmart,TX,4x4.5,1,1,63.0
2026-09-04,cubesmart,TX,4x5,4,4,15.0
2026-09-04,cubesmart,TX,4x6,1,1,24.0
2026-09-04,cubesmart,TX,50x10,1,1,263.0
2026-09-04,cubesmart,TX,5x10,361,361,44.0
2026-09-04,cubesmart,TX,5x11,1,1,75.0
2026-09-04,cubesmart,TX,5x12,7,7,59.0
2026-09-04,cubesmart,TX,5x12.5,1,1,52.0
2026-09-04,cubesmart,TX,5x13,1,1,37.0
2026-09-04,cubesmart,TX,5x14,1,1,37.0
2026-09-04,cubesmart,TX,5x15,93,93,55.0
2026-09-04,cubesmart,TX,5x16,1,1,96.0
2026-09-04,cubesmart,TX,5x20,6,6,81.5
2026-09-04,cubesmart,TX,5x3,4,4,29.0
2026-09-04,cubesmart,TX,5x4,4,4,20.5
2026-09-04,cubesmart,TX,5x5,343,343,29.0
2026-09-04,cubesmart,TX,5x6,2,2,29.5
2026-09-04,cubesmart,TX,5x7,20,20,31.0
2026-09-04,cubesmart,TX,5x7.5,19,19,41.0
2026-09-04,cubesmart,TX,5x8,17,17,44.0
2026-09-04,cubesmart,TX,5x9,5,5,56.0
2026-09-04,cubesmart,TX,6.5x20,1,1,57.0
2026-09-04,cubesmart,TX,6x10,7,7,34.0
2026-09-04,cubesmart,TX,6x12,13,13,30.0
2026-09-04,cubesmart,TX,6x3,1,1,32.0
2026-09-04,cubesmart,TX,6x5,1,1,23.0
2026-09-04,cubesmart,TX,6x6,2,2,33.0
2026-09-04,cubesmart,TX,6x7,1,1,28.0
2026-09-04,cubesmart,TX,6x8,3,3,34.0
2026-09-04,cubesmart,TX,6x9,1,1,86.0
2026-09-04,cubesmart,TX,7.5x10,65,65,63.0
2026-09-04,cubesmart,TX,7.5x15,10,10,73.0
2026-09-04,cubesmart,TX,7.5x20,5,5,93.0
2026-09-04,cubesmart,TX,7.5x5,7,7,35.0
2026-09-04,cubesmart,TX,7x10,15,15,53.0
2026-09-04,cubesmart,TX,7x12,1,1,100.0
2026-09-04,cubesmart,TX,7x15,6,6,69.0
2026-09-04,cubesmart,TX,7x20,2,2,88.5
2026-09-04,cubesmart,TX,7x25,1,1,119.0
2026-09-04,cubesmart,TX,7x3,2,2,58.0
2026-09-04,cubesmart,TX,7x4.5,1,1,97.0
2026-09-04,cubesmart,TX,7x5,3,3,33.0
2026-09-04,cubesmart,TX,7x7,3,3,42.0
2026-09-04,cubesmart,TX,7x7.5,1,1,26.0
2026-09-04,cubesmart,TX,7x8,1,1,26.0
2026-09-04,cubesmart,TX,8x10,25,25,50.0
2026-09-04,cubesmart,TX,8x11,1,1,46.0
2026-09-04,cubesmart,TX,8x12,7,7,41.0
2026-09-04,cubesmart,TX,8x12.5,1,1,38.0
2026-09-04,cubesmart,TX,8x13,1,1,46.0
2026-09-04,cubesmart,TX,8x14,1,1,96.0
2026-09-04,cubesmart,TX,8x15,5,5,79.0
2026-09-04,cubesmart,TX,8x16,2,2,56.0
2026-09-04,cubesmart,TX,8x19,1,1,92.0
2026-09-04,cubesmart,TX,8x20,8,8,106.0
2026-09-04,cubesmart,TX,8x25,1,1,266.0
2026-09-04,cubesmart,TX,8x30,2,2,131.5
2026-09-04,cubesmart,TX,8x40,1,1,109.0
2026-09-04,cubesmart,TX,8x5,2,2,39.5
2026-09-04,cubesmart,TX,8x6,1,1,96.0
2026-09-04,cubesmart,TX,8x8,1,1,25.0
2026-09-04,cubesmart,TX,9x10,8,8,78.5
2026-09-04,cubesmart,TX,9x12,1,1,80.0
2026-09-04,cubesmart,TX,9x15,4,4,94.0
2026-09-04,cubesmart,TX,9x18,2,2,116.5
2026-09-04,cubesmart,TX,9x20,6,6,120.5
2026-09-04,cubesmart,TX,9x25,1,1,117.0
2026-09-04,cubesmart,TX,9x26,1,1,135.0
2026-09-04,cubesmart,TX,9x27,1,1,74.0
2026-09-04,cubesmart,TX,9x30,2,2,151.0
2026-09-04,cubesmart,TX,9x53,1,1,216.0
2026-09-04,cubesmart,TX,9x9,2,2,88.5
2026-09-04,cubesmart,TX,Other,205,205,67.0
2026-09-04,cubesmart,UT,10x5,1,1,62.0
2026-09-04,cubesmart,UT,14x10,2,2,109.5
2026-09-04,cubesmart,UT,14x5,1,1,122.0
2026-09-04,cubesmart,UT,16x8,1,1,141.0
2026-09-04,cubesmart,UT,4x7,2,2,39.0
2026-09-04,cubesmart,UT,5x10,2,2,60.0
2026-09-04,cubesmart,UT,5x5,2,2,37.5
2026-09-04,cubesmart,UT,5x8,3,3,52.0
2026-09-04,cubesmart,UT,6x5,2,2,42.5
2026-09-04,cubesmart,UT,7x10,3,3,78.0
2026-09-04,cubesmart,UT,7x5,2,2,47.0
2026-09-04,cubesmart,UT,7x7,2,2,60.0
2026-09-04,cubesmart,UT,7x8,1,1,56.0
2026-09-04,cubesmart,UT,8x10,1,1,68.0
2026-09-04,cubesmart,UT,8x5,2,2,52.5
2026-09-04,cubesmart,UT,8x7,1,1,56.0
2026-09-04,cubesmart,UT,8x8,2,2,75.0
2026-09-04,cubesmart,UT,Other,2,2,58.0
2026-09-04,cubesmart,VA,1.1x7.3,1,1,79.0
2026-09-04,cubesmart,VA,10x10,56,56,138.5
2026-09-04,cubesmart,VA,10x11,1,1,193.0
2026-09-04,cubesmart,VA,10x12,1,1,65.0
2026-09-04,cubesmart,VA,10x12.5,1,1,206.0
2026-09-04,cubesmart,VA,10x13,3,3,192.0
2026-09-04,cubesmart,VA,10x14,3,3,227.0
2026-09-04,cubesmart,VA,10x15,50,50,148.0
2026-09-04,cubesmart,VA,10x16,1,1,252.0
2026-09-04,cubesmart,VA,10x17,1,1,105.0
2026-09-04,cubesmart,VA,10x19,2,2,392.5
2026-09-04,cubesmart,VA,10x20,51,51,215.0
2026-09-04,cubesmart,VA,10x21,1,1,387.0
2026-09-04,cubesmart,VA,10x25,17,17,271.0
2026-09-04,cubesmart,VA,10x30,22,22,313.0
2026-09-04,cubesmart,VA,10x35,2,2,466.0
2026-09-04,cubesmart,VA,10x40,2,2,600.5
2026-09-04,cubesmart,VA,10x5,18,18,64.5
2026-09-04,cubesmart,VA,10x7,1,1,185.0
2026-09-04,cubesmart,VA,10x7.5,5,5,70.0
2026-09-04,cubesmart,VA,10x8,2,2,138.5
2026-09-04,cubesmart,VA,10x9,1,1,209.0
2026-09-04,cubesmart,VA,11x3,1,1,13.0
2026-09-04,cubesmart,VA,12x3,2,2,13.5
2026-09-04,cubesmart,VA,13x10,1,1,213.0
2026-09-04,cubesmart,VA,14x10,1,1,233.0
2026-09-04,cubesmart,VA,15x10,3,3,201.0
2026-09-04,cubesmart,VA,15x12.5,1,1,484.0
2026-09-04,cubesmart,VA,15x15,1,1,209.0
2026-09-04,cubesmart,VA,15x20,2,2,326.5
2026-09-04,cubesmart,VA,15x30,1,1,365.0
2026-09-04,cubesmart,VA,16x6,1,1,58.0
2026-09-04,cubesmart,VA,16x7,1,1,65.0
2026-09-04,cubesmart,VA,2.3x2.4,1,1,46.0
2026-09-04,cubesmart,VA,2.3x4.4,1,1,59.0
2026-09-04,cubesmart,VA,2.5x7.3,1,1,100.0
2026-09-04,cubesmart,VA,2.6x4.4,1,1,59.0
2026-09-04,cubesmart,VA,20x10,11,11,269.0
2026-09-04,cubesmart,VA,20x15,12,12,230.5
2026-09-04,cubesmart,VA,20x20,5,5,373.0
2026-09-04,cubesmart,VA,20x25,1,1,254.0
2026-09-04,cubesmart,VA,20x5,1,1,160.0
2026-09-04,cubesmart,VA,30x10,1,1,107.0
2026-09-04,cubesmart,VA,3x4,1,1,36.0
2026-09-04,cubesmart,VA,3x6,1,1,56.0
2026-09-04,cubesmart,VA,40x10,2,2,324.0
2026-09-04,cubesmart,VA,4x10,3,3,78.0
2026-09-04,cubesmart,VA,4x5,1,1,61.0
2026-09-04,cubesmart,VA,5x10,59,59,70.0
2026-09-04,cubesmart,VA,5x11,1,1,110.0
2026-09-04,cubesmart,VA,5x12,1,1,119.0
2026-09-04,cubesmart,VA,5x15,20,20,82.0
2026-09-04,cubesmart,VA,5x20,1,1,218.0
2026-09-04,cubesmart,VA,5x4,1,1,28.0
2026-09-04,cubesmart,VA,5x5,62,62,50.5
2026-09-04,cubesmart,VA,5x6,1,1,75.0
2026-09-04,cubesmart,VA,5x7,2,2,110.5
2026-09-04,cubesmart,VA,5x7.5,5,5,61.0
2026-09-04,cubesmart,VA,5x8,2,2,104.5
2026-09-04,cubesmart,VA,5x9,1,1,86.0
2026-09-04,cubesmart,VA,6x12,1,1,42.0
2026-09-04,cubesmart,VA,7.5x10,8,8,84.0
2026-09-04,cubesmart,VA,7.5x20,1,1,225.0
2026-09-04,cubesmart,VA,7.5x5,2,2,58.0
2026-09-04,cubesmart,VA,7x10,5,5,120.0
2026-09-04,cubesmart,VA,7x15,1,1,62.0
2026-09-04,cubesmart,VA,7x17,1,1,186.0
2026-09-04,cubesmart,VA,7x20,3,3,223.0
2026-09-04,cubesmart,VA,7x8,1,1,78.0
2026-09-04,cubesmart,VA,8x10,4,4,74.0
2026-09-04,cubesmart,VA,8x11,1,1,39.0
2026-09-04,cubesmart,VA,8x13,1,1,77.0
2026-09-04,cubesmart,VA,8x15,1,1,110.0
2026-09-04,cubesmart,VA,8x17,1,1,129.0
2026-09-04,cubesmart,VA,8x20,2,2,159.5
2026-09-04,cubesmart,VA,8x22,1,1,159.0
2026-09-04,cubesmart,VA,8x3,1,1,9.0
2026-09-04,cubesmart,VA,8x30,1,1,137.0
2026-09-04,cubesmart,VA,8x5,1,1,15.0
2026-09-04,cubesmart,VA,8x6,1,1,22.0
2026-09-04,cubesmart,VA,8x7,1,1,26.0
2026-09-04,cubesmart,VA,9x10,5,5,144.0
2026-09-04,cubesmart,VA,9x14,1,1,214.0
2026-09-04,cubesmart,VA,9x29,1,1,395.0
2026-09-04,cubesmart,VA,9x3,1,1,9.0
2026-09-04,cubesmart,VA,Other,38,38,111.0
2026-09-04,cubesmart,VT,10x10,4,4,119.5
2026-09-04,cubesmart,VT,10x15,1,1,90.0
2026-09-04,cubesmart,VT,10x20,3,3,164.0
2026-09-04,cubesmart,VT,10x30,2,2,172.0
2026-09-04,cubesmart,VT,20x30,1,1,232.0
2026-09-04,cubesmart,VT,5x10,4,4,89.5
2026-09-04,cubesmart,VT,5x5,3,3,37.0
2026-09-04,cubesmart,VT,Other,1,1,33.0
2026-09-04,cubesmart,WA,10x10,10,10,110.5
2026-09-04,cubesmart,WA,10x11,2,2,104.0
2026-09-04,cubesmart,WA,10x12.5,2,2,209.5
2026-09-04,cubesmart,WA,10x13,1,1,190.0
2026-09-04,cubesmart,WA,10x15,10,10,179.0
2026-09-04,cubesmart,WA,10x17.5,2,2,241.5
2026-09-04,cubesmart,WA,10x20,10,10,228.0
2026-09-04,cubesmart,WA,10x25,6,6,313.5
2026-09-04,cubesmart,WA,10x30,4,4,363.0
2026-09-04,cubesmart,WA,10x32,1,1,788.0
2026-09-04,cubesmart,WA,10x5,5,5,77.0
2026-09-04,cubesmart,WA,10x8,2,2,125.0
2026-09-04,cubesmart,WA,11x21,1,1,393.0
2026-09-04,cubesmart,WA,12.5x15,1,1,214.0
2026-09-04,cubesmart,WA,12.5x25,1,1,482.0
2026-09-04,cubesmart,WA,12.5x30,1,1,1097.0
2026-09-04,cubesmart,WA,12x30,1,1,1027.0
2026-09-04,cubesmart,WA,15.5x25,1,1,1061.0
2026-09-04,cubesmart,WA,15x10,1,1,122.0
2026-09-04,cubesmart,WA,15x17.5,1,1,434.0
2026-09-04,cubesmart,WA,15x25,1,1,1097.0
2026-09-04,cubesmart,WA,15x28,1,1,1087.0
2026-09-04,cubesmart,WA,16x25,1,1,1112.0
2026-09-04,cubesmart,WA,17x28,1,1,1193.0
2026-09-04,cubesmart,WA,20x10,5,5,213.0
2026-09-04,cubesmart,WA,20x15,2,2,319.5
2026-09-04,cubesmart,WA,20x20,2,2,427.5
2026-09-04,cubesmart,WA,20x8,1,1,190.0
2026-09-04,cubesmart,WA,25x15,1,1,384.0
2026-09-04,cubesmart,WA,2x10,2,2,71.5
2026-09-04,cubesmart,WA,3x10,1,1,59.0
2026-09-04,cubesmart,WA,3x3,1,1,19.0
2026-09-04,cubesmart,WA,3x4,3,3,46.0
2026-09-04,cubesmart,WA,3x5,2,2,55.5
2026-09-04,cubesmart,WA,4x2,1,1,19.0
2026-09-04,cubesmart,WA,4x4,2,2,36.0
2026-09-04,cubesmart,WA,5x10,7,7,82.0
2026-09-04,cubesmart,WA,5x12.5,1,1,125.0
2026-09-04,cubesmart,WA,5x5,8,8,51.5
2026-09-04,cubesmart,WA,5x6,3,3,68.0
2026-09-04,cubesmart,WA,5x7,1,1,63.0
2026-09-04,cubesmart,WA,5x7.5,1,1,110.0
2026-09-04,cubesmart,WA,5x8,1,1,101.0
2026-09-04,cubesmart,WA,5x9,1,1,85.0
2026-09-04,cubesmart,WA,6x12.5,1,1,111.0
2026-09-04,cubesmart,WA,6x9,1,1,102.0
2026-09-04,cubesmart,WA,7.5x10,2,2,94.0
2026-09-04,cubesmart,WA,7.5x15,2,2,146.5
2026-09-04,cubesmart,WA,7.5x9,1,1,74.0
2026-09-04,cubesmart,WA,7x10,1,1,81.0
2026-09-04,cubesmart,WA,8x20,1,1,204.0
2026-09-04,cubesmart,WA,9x15,1,1,203.0
2026-09-04,cubesmart,WA,Other,5,5,73.0
2026-09-04,cubesmart,WI,10x10,13,13,84.0
2026-09-04,cubesmart,WI,10x11,1,1,101.0
2026-09-04,cubesmart,WI,10x12,1,1,101.0
2026-09-04,cubesmart,WI,10x13,2,2,115.5
2026-09-04,cubesmart,WI,10x14,1,1,154.0
2026-09-04,cubesmart,WI,10x15,7,7,122.0
2026-09-04,cubesmart,WI,10x19,1,1,169.0
2026-09-04,cubesmart,WI,10x20,14,14,107.0
2026-09-04,cubesmart,WI,10x25,6,6,140.5
2026-09-04,cubesmart,WI,10x30,10,10,154.5
2026-09-04,cubesmart,WI,10x4,1,1,46.0
2026-09-04,cubesmart,WI,10x40,2,2,240.5
2026-09-04,cubesmart,WI,10x5,3,3,79.0
2026-09-04,cubesmart,WI,10x50,1,1,208.0
2026-09-04,cubesmart,WI,10x6,1,1,51.0
2026-09-04,cubesmart,WI,11.5x5,1,1,52.0
2026-09-04,cubesmart,WI,11x10,1,1,158.0
2026-09-04,cubesmart,WI,11x23,1,1,287.0
2026-09-04,cubesmart,WI,12x10,2,2,61.5
2026-09-04,cubesmart,WI,12x13,1,1,110.0
2026-09-04,cubesmart,WI,12x15,2,2,112.5
2026-09-04,cubesmart,WI,12x20,1,1,107.0
2026-09-04,cubesmart,WI,12x25,1,1,123.0
2026-09-04,cubesmart,WI,12x30,2,2,158.5
2026-09-04,cubesmart,WI,12x50,1,1,243.0
2026-09-04,cubesmart,WI,13x14,1,1,262.0
2026-09-04,cubesmart,WI,13x15,1,1,170.0
2026-09-04,cubesmart,WI,13x4,1,1,63.0
2026-09-04,cubesmart,WI,15x10,1,1,191.0
2026-09-04,cubesmart,WI,15x20,1,1,253.0
2026-09-04,cubesmart,WI,15x24,1,1,283.0
2026-09-04,cubesmart,WI,15x5,2,2,64.5
2026-09-04,cubesmart,WI,20.5x6,1,1,89.0
2026-09-04,cubesmart,WI,20x10,1,1,193.0
2026-09-04,cubesmart,WI,20x14,1,1,264.0
2026-09-04,cubesmart,WI,20x15,2,2,252.0
2026-09-04,cubesmart,WI,20x19,1,1,340.0
2026-09-04,cubesmart,WI,20x20,4,4,302.5
2026-09-04,cubesmart,WI,20x22,1,1,208.0
2026-09-04,cubesmart,WI,20x40,1,1,524.0
2026-09-04,cubesmart,WI,25x10,1,1,190.0
2026-09-04,cubesmart,WI,3.5x25,1,1,72.0
2026-09-04,cubesmart,WI,30x10,1,1,196.0
2026-09-04,cubesmart,WI,30x15,1,1,472.0
2026-09-04,cubesmart,WI,40x10,1,1,249.0
2026-09-04,cubesmart,WI,4x5,1,1,37.0
2026-09-04,cubesmart,WI,5x10,12,12,51.0
2026-09-04,cubesmart,WI,5x12,1,1,62.0
2026-09-04,cubesmart,WI,5x15,4,4,70.0
2026-09-04,cubesmart,WI,5x19,1,1,74.0
2026-09-04,cubesmart,WI,5x5,5,5,42.0
2026-09-04,cubesmart,WI,5x6,1,1,29.0
2026-09-04,cubesmart,WI,5x8,2,2,66.0
2026-09-04,cubesmart,WI,6x10,3,3,62.0
2026-09-04,cubesmart,WI,6x11,1,1,60.0
2026-09-04,cubesmart,WI,6x12,1,1,63.0
2026-09-04,cubesmart,WI,6x8,1,1,88.0
2026-09-04,cubesmart,WI,8x10,3,3,121.0
2026-09-04,cubesmart,WI,9x10,1,1,72.0
2026-09-04,cubesmart,WI,Other,5,5,67.0
2026-09-02,storagesense,AL,10x10,46,18,64.0
2026-09-02,storagesense,AL,10x12,2,1,84.0
2026-09-02,storagesense,AL,10x13,1,2,64
2026-09-02,storagesense,AL,10x15,35,25,84
2026-09-02,storagesense,AL,10x19,1,1,141
2026-09-02,storagesense,AL,10x20,43,17,99
2026-09-02,storagesense,AL,10x22,1,1,154
2026-09-02,storagesense,AL,10x25,12,12,134.0
2026-09-02,storagesense,AL,10x30,15,14,144
2026-09-02,storagesense,AL,10x35,1,1,199
2026-09-02,storagesense,AL,10x40,1,0,99
2026-09-02,storagesense,AL,10x5,6,5,65.0
2026-09-02,storagesense,AL,10x6,1,1,85
2026-09-02,storagesense,AL,10x7,1,0,79
2026-09-02,storagesense,AL,10x9,1,0,89
2026-09-02,storagesense,AL,11x10,1,1,104
2026-09-02,storagesense,AL,11x20,1,1,173
2026-09-02,storagesense,AL,11x55,1,0,49
2026-09-02,storagesense,AL,12x10,2,1,74.0
2026-09-02,storagesense,AL,12x15,2,2,99.0
2026-09-02,storagesense,AL,12x20,2,2,132.5
2026-09-02,storagesense,AL,12x25,1,0,24
2026-09-02,storagesense,AL,12x30,2,1,96.0
2026-09-02,storagesense,AL,12x35,1,0,311
2026-09-02,storagesense,AL,12x40,2,2,159.0
2026-09-02,storagesense,AL,12x50,1,0,179
2026-09-02,storagesense,AL,13x20,1,1,214
2026-09-02,storagesense,AL,14x10,1,1,142
2026-09-02,storagesense,AL,14x20,1,1,249
2026-09-02,storagesense,AL,14x37,1,0,44
2026-09-02,storagesense,AL,14x45,2,0,141.5
2026-09-02,storagesense,AL,14x50,1,0,189
2026-09-02,storagesense,AL,14x60,1,0,389
2026-09-02,storagesense,AL,15x20,2,3,174.0
2026-09-02,storagesense,AL,16x10,1,1,175
2026-09-02,storagesense,AL,16x40,1,0,32
2026-09-02,storagesense,AL,18x10,2,2,160.5
2026-09-02,storagesense,AL,18x15,1,1,229
2026-09-02,storagesense,AL,20x12,1,1,242
2026-09-02,storagesense,AL,20x15,3,4,124
2026-09-02,storagesense,AL,20x18,1,1,308
2026-09-02,storagesense,AL,20x20,4,6,235.0
2026-09-02,storagesense,AL,20x25,3,5,299
2026-09-02,storagesense,AL,21x10,1,0,224
2026-09-02,storagesense,AL,25x12,1,1,279
2026-09-02,storagesense,AL,25x40,1,1,199
2026-09-02,storagesense,AL,27x10,1,1,259
2026-09-02,storagesense,AL,30x10,1,2,154
2026-09-02,storagesense,AL,4x15,1,2,34
2026-09-02,storagesense,AL,5x10,38,7,37.0
2026-09-02,storagesense,AL,5x15,3,3,98
2026-09-02,storagesense,AL,5x18,1,1,54
2026-09-02,storagesense,AL,5x20,2,3,41.5
2026-09-02,storagesense,AL,5x4,1,1,44
2026-09-02,storagesense,AL,5x5,15,11,36
2026-09-02,storagesense,AL,8x10,4,4,129.0
2026-09-02,storagesense,AL,9x18,1,2,19
2026-09-02,storagesense,AL,9x20,1,0,135
2026-09-02,storagesense,AZ,10x10,3,2,168
2026-09-02,storagesense,AZ,10x15,1,0,193
2026-09-02,storagesense,AZ,10x20,1,0,203
2026-09-02,storagesense,AZ,10x25,1,0,244
2026-09-02,storagesense,AZ,10x30,1,1,326
2026-09-02,storagesense,AZ,10x40,1,2,390
2026-09-02,storagesense,AZ,10x5,2,1,116.5
2026-09-02,storagesense,AZ,5x10,4,0,132.0
2026-09-02,storagesense,AZ,5x15,1,2,148
2026-09-02,storagesense,AZ,5x5,4,2,93.5
2026-09-02,storagesense,CO,10x10,3,1,83
2026-09-02,storagesense,CO,10x15,3,1,112
2026-09-02,storagesense,CO,10x20,2,0,176.5
2026-09-02,storagesense,CO,10x25,1,0,293
2026-09-02,storagesense,CO,10x30,2,2,318.0
2026-09-02,storagesense,CO,12x15,1,1,32
2026-09-02,storagesense,CO,12x20,1,0,56
2026-09-02,storagesense,CO,12x30,1,0,82
2026-09-02,storagesense,CO,12x40,1,0,92
2026-09-02,storagesense,CO,12x50,1,2,149
2026-09-02,storagesense,CO,14x40,1,1,57
2026-09-02,storagesense,CO,5x10,3,2,59
2026-09-02,storagesense,CO,5x4,1,1,25
2026-09-02,storagesense,CO,5x5,2,0,55.0
2026-09-02,storagesense,CO,5x8,2,2,57.5
2026-09-02,storagesense,CO,8x10,3,0,65
2026-09-02,storagesense,CO,8x15,2,1,133.0
2026-09-02,storagesense,CO,8x20,2,2,104.0
2026-09-02,storagesense,CO,8x30,1,2,114
2026-09-02,storagesense,CO,8x40,1,2,112
2026-09-02,storagesense,CO,8x5,1,1,23
2026-09-02,storagesense,CO,8x6,1,0,30
2026-09-02,storagesense,CT,10x10,14,12,110.0
2026-09-02,storagesense,CT,10x15,7,5,112
2026-09-02,storagesense,CT,10x20,15,8,149
2026-09-02,storagesense,CT,10x25,3,4,147
2026-09-02,storagesense,CT,10x27,1,0,117
2026-09-02,storagesense,CT,10x30,4,4,176.0
2026-09-02,storagesense,CT,10x35,1,0,152
2026-09-02,storagesense,CT,10x38,1,1,157
2026-09-02,storagesense,CT,10x40,1,0,167
2026-09-02,storagesense,CT,10x50,1,1,192
2026-09-02,storagesense,CT,12x20,1,1,74
2026-09-02,storagesense,CT,12x30,1,1,112
2026-09-02,storagesense,CT,12x35,1,1,137
2026-09-02,storagesense,CT,20x20,1,1,265
2026-09-02,storagesense,CT,30x50,1,1,760
2026-09-02,storagesense,CT,3x6,1,0,40
2026-09-02,storagesense,CT,4x4,1,1,36
2026-09-02,storagesense,CT,5x10,16,13,73.0
2026-09-02,storagesense,CT,5x15,3,2,72
2026-09-02,storagesense,CT,5x20,3,3,91
2026-09-02,storagesense,CT,5x5,9,8,52
2026-09-02,storagesense,CT,5x8,2,1,53.0
2026-09-02,storagesense,CT,5x9,1,1,60
2026-09-02,storagesense,CT,8x10,2,3,83.5
2026-09-02,storagesense,CT,8x15,1,1,135
2026-09-02,storagesense,CT,8x20,1,0,450
2026-09-02,storagesense,FL,10x10,11,10,117
2026-09-02,storagesense,FL,10x12,1,0,104
2026-09-02,storagesense,FL,10x15,7,5,177
2026-09-02,storagesense,FL,10x20,11,5,199
2026-09-02,storagesense,FL,10x25,4,2,207.5
2026-09-02,storagesense,FL,10x30,3,1,212
2026-09-02,storagesense,FL,10x35,1,0,302
2026-09-02,storagesense,FL,10x40,2,2,193.5
2026-09-02,storagesense,FL,10x5,2,3,34.0
2026-09-02,storagesense,FL,12x12,1,1,189
2026-09-02,storagesense,FL,12x20,3,0,199
2026-09-02,storagesense,FL,12x24,2,1,214.0
2026-09-02,storagesense,FL,12x30,1,0,109
2026-09-02,storagesense,FL,12x37,1,1,449
2026-09-02,storagesense,FL,12x40,3,1,117
2026-09-02,storagesense,FL,12x50,1,0,244
2026-09-02,storagesense,FL,12x60,1,2,145
2026-09-02,storagesense,FL,12x70,1,1,149
2026-09-02,storagesense,FL,12x80,1,1,280
2026-09-02,storagesense,FL,14x35,1,2,686
2026-09-02,storagesense,FL,15x15,2,2,360.5
2026-09-02,storagesense,FL,15x20,4,5,320.0
2026-09-02,storagesense,FL,16x6,1,1,79
2026-09-02,storagesense,FL,20x20,1,1,436
2026-09-02,storagesense,FL,21x22,1,1,244
2026-09-02,storagesense,FL,24x48,1,1,1273
2026-09-02,storagesense,FL,3x4,3,1,10
2026-09-02,storagesense,FL,3x6,1,0,14
2026-09-02,storagesense,FL,3x8,1,1,14
2026-09-02,storagesense,FL,4x4,4,1,10.5
2026-09-02,storagesense,FL,4x6,1,0,14
2026-09-02,storagesense,FL,4x7,1,0,9
2026-09-02,storagesense,FL,5x10,10,4,44.0
2026-09-02,storagesense,FL,5x12,1,1,69
2026-09-02,storagesense,FL,5x15,1,0,95
2026-09-02,storagesense,FL,5x5,7,4,29
2026-09-02,storagesense,FL,5x6,1,1,39
2026-09-02,storagesense,FL,5x7,1,0,35
2026-09-02,storagesense,FL,5x8,1,0,49
2026-09-02,storagesense,FL,6x10,2,1,64.0
2026-09-02,storagesense,FL,6x16,1,1,79
2026-09-02,storagesense,FL,6x8,1,0,44
2026-09-02,storagesense,FL,7x10,2,2,79.5
2026-09-02,storagesense,FL,7x12,1,0,74
2026-09-02,storagesense,FL,7x8,1,1,59
2026-09-02,storagesense,FL,8x10,2,2,54.5
2026-09-02,storagesense,FL,8x12,3,4,79
2026-09-02,storagesense,FL,8x8,1,2,34
2026-09-02,storagesense,FL,9x18,1,0,59
2026-09-02,storagesense,FL,9x6,1,1,49
2026-09-02,storagesense,GA,10x10,67,33,72
2026-09-02,storagesense,GA,10x12,6,4,107.5
2026-09-02,storagesense,GA,10x13,1,1,169
2026-09-02,storagesense,GA,10x15,62,34,104.0
2026-09-02,storagesense,GA,10x18,4,3,99.0
2026-09-02,storagesense,GA,10x20,48,35,129.0
2026-09-02,storagesense,GA,10x25,11,10,161
2026-09-02,storagesense,GA,10x30,21,23,194
2026-09-02,storagesense,GA,10x35,1,1,149
2026-09-02,storagesense,GA,10x40,1,0,403
2026-09-02,storagesense,GA,10x5,13,6,55
2026-09-02,storagesense,GA,10x60,1,1,114
2026-09-02,storagesense,GA,10x7,1,0,106
2026-09-02,storagesense,GA,10x8,2,1,36.0
2026-09-02,storagesense,GA,10x9,1,2,64
2026-09-02,storagesense,GA,12x10,2,2,172.5
2026-09-02,storagesense,GA,12x12,1,1,59
2026-09-02,storagesense,GA,12x15,2,3,74.0
2026-09-02,storagesense,GA,12x20,3,2,99
2026-09-02,storagesense,GA,12x25,2,1,192.5
2026-09-02,storagesense,GA,12x30,4,4,202.0
2026-09-02,storagesense,GA,12x35,2,2,176.5
2026-09-02,storagesense,GA,12x40,1,2,475
2026-09-02,storagesense,GA,15x10,8,4,100.5
2026-09-02,storagesense,GA,15x15,3,4,174
2026-09-02,storagesense,GA,15x20,3,3,195
2026-09-02,storagesense,GA,15x25,1,2,249
2026-09-02,storagesense,GA,15x45,1,2,184
2026-09-02,storagesense,GA,20x10,5,2,154
2026-09-02,storagesense,GA,20x20,1,1,564
2026-09-02,storagesense,GA,20x5,1,1,122
2026-09-02,storagesense,GA,22.5x10,1,1,199
2026-09-02,storagesense,GA,24x40,1,1,899
2026-09-02,storagesense,GA,30x10,3,3,209
2026-09-02,storagesense,GA,32.5x10,1,1,209
2026-09-02,storagesense,GA,3x8,1,1,74
2026-09-02,storagesense,GA,40x20,1,1,429
2026-09-02,storagesense,GA,5x10,47,33,49
2026-09-02,storagesense,GA,5x12,1,1,89
2026-09-02,storagesense,GA,5x13,1,1,99
2026-09-02,storagesense,GA,5x15,19,17,60
2026-09-02,storagesense,GA,5x2,2,0,17.5
2026-09-02,storagesense,GA,5x20,3,1,53
2026-09-02,storagesense,GA,5x25,1,2,49
2026-09-02,storagesense,GA,5x5,16,9,29.5
2026-09-02,storagesense,GA,5x7,1,1,44
2026-09-02,storagesense,GA,5x8,1,1,112
2026-09-02,storagesense,GA,6x14,1,1,80
2026-09-02,storagesense,GA,7.5x10,1,1,74
2026-09-02,storagesense,GA,7.5x15,1,2,89
2026-09-02,storagesense,GA,7x10,1,2,106
2026-09-02,storagesense,GA,7x20,1,1,179
2026-09-02,storagesense,GA,7x9,1,0,40
2026-09-02,storagesense,GA,8x10,7,4,69
2026-09-02,storagesense,GA,8x12,1,1,39
2026-09-02,storagesense,GA,8x20,1,0,154
2026-09-02,storagesense,GA,8x24,1,0,105
2026-09-02,storagesense,ID,10x10,6,4,90.5
2026-09-02,storagesense,ID,10x15,3,0,123
2026-09-02,storagesense,ID,10x20,3,0,139
2026-09-02,storagesense,ID,14x45,2,0,414.0
2026-09-02,storagesense,ID,15x20,3,0,179
2026-09-02,storagesense,ID,20x10,3,0,139
2026-09-02,storagesense,ID,5x10,1,1,72
2026-09-02,storagesense,IL,10x10,13,4,123
2026-09-02,storagesense,IL,10x15,7,5,149
2026-09-02,storagesense,IL,10x20,7,7,105
2026-09-02,storagesense,IL,10x25,2,1,212.0
2026-09-02,storagesense,IL,10x30,6,4,218.0
2026-09-02,storagesense,IL,10x40,1,0,39
2026-09-02,storagesense,IL,10x5,6,2,67.5
2026-09-02,storagesense,IL,10x6,1,3,92
2026-09-02,storagesense,IL,10x8,2,1,89.5
2026-09-02,storagesense,IL,11x35,1,2,289
2026-09-02,storagesense,IL,12x12,1,3,155
2026-09-02,storagesense,IL,12x20,1,0,129
2026-09-02,storagesense,IL,12x25,1,0,82
2026-09-02,storagesense,IL,12x30,3,4,187
2026-09-02,storagesense,IL,12x40,1,0,159
2026-09-02,storagesense,IL,12x45,1,2,49
2026-09-02,storagesense,IL,13x10,1,0,149
2026-09-02,storagesense,IL,13x30,1,1,279
2026-09-02,storagesense,IL,15x10,2,0,128.5
2026-09-02,storagesense,IL,15x5,1,0,59
2026-09-02,storagesense,IL,20x10,3,3,114
2026-09-02,storagesense,IL,20x8,1,0,168
2026-09-02,storagesense,IL,24x12,1,2,199
2026-09-02,storagesense,IL,25x12,1,0,111
2026-09-02,storagesense,IL,30x10,2,1,180.0
2026-09-02,storagesense,IL,30x8,1,1,129
2026-09-02,storagesense,IL,40x10,1,1,298
2026-09-02,storagesense,IL,40x12,1,0,148
2026-09-02,storagesense,IL,40x20,1,0,675
2026-09-02,storagesense,IL,5x10,11,3,89
2026-09-02,storagesense,IL,5x15,3,2,72
2026-09-02,storagesense,IL,5x5,6,4,78.0
2026-09-02,storagesense,IL,6x5,1,0,49
2026-09-02,storagesense,IL,8x20,1,0,89
2026-09-02,storagesense,IL,8x40,1,0,199
2026-09-02,storagesense,IN,10x10,6,5,117.5
2026-09-02,storagesense,IN,10x15,3,2,167
2026-09-02,storagesense,IN,10x20,4,4,206.5
2026-09-02,storagesense,IN,10x5,1,0,57
2026-09-02,storagesense,IN,10x8,1,0,71
2026-09-02,storagesense,IN,15x10,1,0,113
2026-09-02,storagesense,IN,15x8,1,0,109
2026-09-02,storagesense,IN,20x10,1,1,138
2026-09-02,storagesense,IN,20x12,1,0,157
2026-09-02,storagesense,IN,30x12,1,0,171
2026-09-02,storagesense,IN,5x10,2,2,64.0
2026-09-02,storagesense,IN,5x15,3,3,93
2026-09-02,storagesense,IN,5x5,3,3,43
2026-09-02,storagesense,KS,10x10,3,1,136
2026-09-02,storagesense,KS,10x15,3,5,169
2026-09-02,storagesense,KS,10x20,4,2,202.5
2026-09-02,storagesense,KS,10x25,1,2,249
2026-09-02,storagesense,KS,10x30,2,0,185.5
2026-09-02,storagesense,KS,12x40,1,0,349
2026-09-02,storagesense,KS,20x50,1,0,999
2026-09-02,storagesense,KS,25x50,1,1,1099
2026-09-02,storagesense,KS,32x40,1,2,1140
2026-09-02,storagesense,KS,5x10,2,1,114.0
2026-09-02,storagesense,KY,10x10,21,6,106
2026-09-02,storagesense,KY,10x12,1,0,124
2026-09-02,storagesense,KY,10x15,21,15,136
2026-09-02,storagesense,KY,10x18,2,2,189.0
2026-09-02,storagesense,KY,10x20,18,14,177.5
2026-09-02,storagesense,KY,10x25,1,1,259
2026-09-02,storagesense,KY,10x30,7,7,164
2026-09-02,storagesense,KY,10x40,5,4,240
2026-09-02,storagesense,KY,10x5,2,0,74.0
2026-09-02,storagesense,KY,10x7,1,0,74
2026-09-02,storagesense,KY,12x12,1,1,54
2026-09-02,storagesense,KY,12x30,1,1,169
2026-09-02,storagesense,KY,12x60,1,0,96
2026-09-02,storagesense,KY,14x10,1,1,164
2026-09-02,storagesense,KY,5x10,19,17,99
2026-09-02,storagesense,KY,5x12,1,1,106
2026-09-02,storagesense,KY,5x15,2,0,82.5
2026-09-02,storagesense,KY,5x20,1,1,139
2026-09-02,storagesense,KY,5x5,6,1,65.0
2026-09-02,storagesense,KY,7x10,3,1,109
2026-09-02,storagesense,KY,7x12,1,1,84
2026-09-02,storagesense,KY,8x5,2,2,94.0
2026-09-02,storagesense,KY,9x30,2,2,199.0
2026-09-02,storagesense,LA,10x10,20,12,77.5
2026-09-02,storagesense,LA,10x15,16,11,109.0
2026-09-02,storagesense,LA,10x17,1,2,138
2026-09-02,storagesense,LA,10x20,13,11,109
2026-09-02,storagesense,LA,10x25,3,5,89
2026-09-02,storagesense,LA,10x30,4,6,163.5
2026-09-02,storagesense,LA,10x35,1,0,29
2026-09-02,storagesense,LA,10x40,1,1,199
2026-09-02,storagesense,LA,12.5x40.7,1,1,266
2026-09-02,storagesense,LA,12x15,1,1,16
2026-09-02,storagesense,LA,12x18,1,1,69
2026-09-02,storagesense,LA,12x20,2,2,57.0
2026-09-02,storagesense,LA,12x22,1,1,97
2026-09-02,storagesense,LA,12x25,3,4,60
2026-09-02,storagesense,LA,12x30,3,1,66
2026-09-02,storagesense,LA,12x32,1,1,39
2026-09-02,storagesense,LA,12x35,2,0,40.5
2026-09-02,storagesense,LA,12x40,2,2,136.0
2026-09-02,storagesense,LA,12x45,1,2,54
2026-09-02,storagesense,LA,15x20,1,1,24
2026-09-02,storagesense,LA,20x10,2,2,149.0
2026-09-02,storagesense,LA,4x3,1,0,37
2026-09-02,storagesense,LA,4x5,1,0,19
2026-09-02,storagesense,LA,4x7,2,1,26.0
2026-09-02,storagesense,LA,5x10,17,9,42
2026-09-02,storagesense,LA,5x15,4,7,76.0
2026-09-02,storagesense,LA,5x5,16,4,19.5
2026-09-02,storagesense,LA,5x8,1,0,29
2026-09-02,storagesense,LA,6x10,1,0,44
2026-09-02,storagesense,LA,6x9,1,0,49
2026-09-02,storagesense,LA,7.5x10,1,1,75
2026-09-02,storagesense,LA,8x12,1,0,52
2026-09-02,storagesense,LA,8x18,2,1,54.0
2026-09-02,storagesense,MA,10x10,4,3,125.5
2026-09-02,storagesense,MA,10x15,4,2,184.0
2026-09-02,storagesense,MA,10x20,4,2,315.0
2026-09-02,storagesense,MA,10x30,1,2,337
2026-09-02,storagesense,MA,3x5,1,1,76
2026-09-02,storagesense,MA,5x10,3,0,50
2026-09-02,storagesense,MA,5x13,1,2,69
2026-09-02,storagesense,MA,5x5,3,1,42
2026-09-02,storagesense,MA,5x8,1,1,45
2026-09-02,storagesense,MD,10x10,9,7,129
2026-09-02,storagesense,MD,10x15,5,1,124
2026-09-02,storagesense,MD,10x20,4,5,184.0
2026-09-02,storagesense,MD,10x40,1,2,379
2026-09-02,storagesense,MD,10x5,3,3,99
2026-09-02,storagesense,MD,10x8,1,0,139
2026-09-02,storagesense,MD,12x40,1,0,159
2026-09-02,storagesense,MD,15x15,2,1,142.5
2026-09-02,storagesense,MD,15x20,3,4,429
2026-09-02,storagesense,MD,20x20,1,1,379
2026-09-02,storagesense,MD,20x25,1,1,414
2026-09-02,storagesense,MD,5x10,10,4,84.0
2026-09-02,storagesense,MD,5x15,2,3,109.0
2026-09-02,storagesense,MD,5x5,7,2,76
2026-09-02,storagesense,MD,8x20,2,1,254.5
2026-09-02,storagesense,MI,10x10,38,18,100.0
2026-09-02,storagesense,MI,10x12,1,0,109
2026-09-02,storagesense,MI,10x13,3,2,199
2026-09-02,storagesense,MI,10x15,19,17,120
2026-09-02,storagesense,MI,10x20,33,27,134
2026-09-02,storagesense,MI,10x25,12,12,171.5
2026-09-02,storagesense,MI,10x30,20,22,227.0
2026-09-02,storagesense,MI,10x35,2,0,62.5
2026-09-02,storagesense,MI,10x40,2,2,114.0
2026-09-02,storagesense,MI,10x5,3,3,39
2026-09-02,storagesense,MI,12x10,3,2,87
2026-09-02,storagesense,MI,12x15,1,2,177
2026-09-02,storagesense,MI,12x25,1,0,85
2026-09-02,storagesense,MI,12x27,1,0,89
2026-09-02,storagesense,MI,12x30,6,4,182.0
2026-09-02,storagesense,MI,12x35,2,1,85.5
2026-09-02,storagesense,MI,12x40,5,4,87
2026-09-02,storagesense,MI,12x50,1,0,200
2026-09-02,storagesense,MI,12x54,1,0,220
2026-09-02,storagesense,MI,13x15,1,0,79
2026-09-02,storagesense,MI,13x20,1,1,112
2026-09-02,storagesense,MI,13x60,1,1,165
2026-09-02,storagesense,MI,14x25,1,1,224
2026-09-02,storagesense,MI,14x40,1,0,94
2026-09-02,storagesense,MI,15x15,2,2,205.0
2026-09-02,storagesense,MI,15x20,1,1,284
2026-09-02,storagesense,MI,16x16,1,1,250
2026-09-02,storagesense,MI,20x10,1,1,199
2026-09-02,storagesense,MI,20x15,1,1,217
2026-09-02,storagesense,MI,20x20,3,4,417
2026-09-02,storagesense,MI,30x10,1,1,139
2026-09-02,storagesense,MI,4x3,2,0,25.5
2026-09-02,storagesense,MI,5x10,41,12,51
2026-09-02,storagesense,MI,5x15,12,7,71.0
2026-09-02,storagesense,MI,5x5,19,13,32
2026-09-02,storagesense,MI,5x6,1,2,22
2026-09-02,storagesense,MI,5x7,2,3,60.5
2026-09-02,storagesense,MI,5x8,3,2,49
2026-09-02,storagesense,MI,6x10,1,1,129
2026-09-02,storagesense,MI,7.5x10,1,1,132
2026-09-02,storagesense,MI,7x10,4,2,74.5
2026-09-02,storagesense,MI,7x14,1,1,85
2026-09-02,storagesense,MI,8x10,1,1,65
2026-09-02,storagesense,MI,8x12,1,1,149
2026-09-02,storagesense,MI,8x18,1,1,162
2026-09-02,storagesense,MI,8x19,1,1,124
2026-09-02,storagesense,MI,8x7,1,1,99
2026-09-02,storagesense,MI,8x8,1,1,57
2026-09-02,storagesense,MN,10x20,2,0,141.5
2026-09-02,storagesense,MN,10x40,1,0,218
2026-09-02,storagesense,MN,12x30,1,0,193
2026-09-02,storagesense,MN,20x20,1,0,205
2026-09-02,storagesense,MN,5x10,1,0,46
2026-09-02,storagesense,MO,10x10,9,2,89
2026-09-02,storagesense,MO,10x15,7,6,139
2026-09-02,storagesense,MO,10x18,1,1,159
2026-09-02,storagesense,MO,10x20,9,8,139
2026-09-02,storagesense,MO,10x24,2,3,129.5
2026-09-02,storagesense,MO,10x25,4,4,169.0
2026-09-02,storagesense,MO,10x30,3,1,224
2026-09-02,storagesense,MO,10x40,1,0,29
2026-09-02,storagesense,MO,12x30,4,7,211.5
2026-09-02,storagesense,MO,20x15,1,1,249
2026-09-02,storagesense,MO,20x20,1,1,136
2026-09-02,storagesense,MO,3x10,1,0,44
2026-09-02,storagesense,MO,3x6,1,0,14
2026-09-02,storagesense,MO,5x10,4,4,64.0
2026-09-02,storagesense,MO,5x5,2,4,39.0
2026-09-02,storagesense,MO,5x8,1,2,59
2026-09-02,storagesense,MO,7x10,1,2,74
2026-09-02,storagesense,MO,8x16,1,2,119
2026-09-02,storagesense,MS,10x10,10,1,75.5
2026-09-02,storagesense,MS,10x15,4,2,119.5
2026-09-02,storagesense,MS,10x20,12,7,102.0
2026-09-02,storagesense,MS,10x25,2,3,186.0
2026-09-02,storagesense,MS,10x30,3,0,96
2026-09-02,storagesense,MS,10x5,1,2,65
2026-09-02,storagesense,MS,20x20,3,1,172
2026-09-02,storagesense,MS,5x10,9,3,65
2026-09-02,storagesense,MS,5x15,1,0,30
2026-09-02,storagesense,MS,5x5,4,4,53.0
2026-09-02,storagesense,NC,10x10,28,16,99.0
2026-09-02,storagesense,NC,10x13,1,1,179
2026-09-02,storagesense,NC,10x15,21,11,96
2026-09-02,storagesense,NC,10x18,3,3,185
2026-09-02,storagesense,NC,10x19,1,0,190
2026-09-02,storagesense,NC,10x20,19,11,127
2026-09-02,storagesense,NC,10x23,2,2,222.5
2026-09-02,storagesense,NC,10x25,4,3,159.5
2026-09-02,storagesense,NC,10x30,7,4,119
2026-09-02,storagesense,NC,10x32,1,1,126
2026-09-02,storagesense,NC,10x35,1,1,182
2026-09-02,storagesense,NC,10x5,2,1,45.0
2026-09-02,storagesense,NC,10x50,1,1,189
2026-09-02,storagesense,NC,10x7.5,1,0,51
2026-09-02,storagesense,NC,10x9,1,0,130
2026-09-02,storagesense,NC,11x40,1,2,159
2026-09-02,storagesense,NC,12x15,1,0,149
2026-09-02,storagesense,NC,12x25,3,3,49
2026-09-02,storagesense,NC,12x30,1,1,66
2026-09-02,storagesense,NC,12x40,1,0,74
2026-09-02,storagesense,NC,12x50,1,1,290
2026-09-02,storagesense,NC,15x10,2,2,77.5
2026-09-02,storagesense,NC,15x18,2,2,257.0
2026-09-02,storagesense,NC,15x20,1,0,299
2026-09-02,storagesense,NC,15x30,2,2,312.5
2026-09-02,storagesense,NC,15x5,1,1,249
2026-09-02,storagesense,NC,16x10,1,1,162
2026-09-02,storagesense,NC,20x10,2,1,211.5
2026-09-02,storagesense,NC,20x15,1,1,137
2026-09-02,storagesense,NC,20x30,2,2,389.0
2026-09-02,storagesense,NC,3x10,1,0,77
2026-09-02,storagesense,NC,3x6,1,0,60
2026-09-02,storagesense,NC,4x10,1,0,85
2026-09-02,storagesense,NC,4x14,1,2,124
2026-09-02,storagesense,NC,4x4,1,0,12
2026-09-02,storagesense,NC,4x5,1,1,65
2026-09-02,storagesense,NC,4x8,1,2,79
2026-09-02,storagesense,NC,5x10,27,17,59
2026-09-02,storagesense,NC,5x15,9,8,40
2026-09-02,storagesense,NC,5x5,12,7,37.0
2026-09-02,storagesense,NC,5x6,1,1,75
2026-09-02,storagesense,NC,5x7,1,2,80
2026-09-02,storagesense,NC,5x8,2,2,62.5
2026-09-02,storagesense,NC,5x9,1,0,95
2026-09-02,storagesense,NC,6x6,1,0,82
2026-09-02,storagesense,NC,7.5x10,1,0,51
2026-09-02,storagesense,NC,7x3,1,1,69
2026-09-02,storagesense,NC,8x10,7,4,116
2026-09-02,storagesense,NC,8x15,1,0,150
2026-09-02,storagesense,NC,8x8,1,0,124
2026-09-02,storagesense,NC,8x9,1,0,129
2026-09-02,storagesense,NC,9x10,1,0,130
2026-09-02,storagesense,NC,9x15,1,1,170
2026-09-02,storagesense,NC,9x20,1,1,185
2026-09-02,storagesense,NC,9x30,1,1,230
2026-09-02,storagesense,NH,10x10,2,1,68.0
2026-09-02,storagesense,NH,10x15,2,1,123.5
2026-09-02,storagesense,NH,10x20,4,3,117.0
2026-09-02,storagesense,NH,10x30,4,4,151.0
2026-09-02,storagesense,NH,5x10,2,1,31.0
2026-09-02,storagesense,NH,5x15,2,1,50.0
2026-09-02,storagesense,NH,5x5,1,1,20
2026-09-02,storagesense,NJ,10x10,29,27,100
2026-09-02,storagesense,NJ,10x12,1,1,121
2026-09-02,storagesense,NJ,10x13,1,1,164
2026-09-02,storagesense,NJ,10x15,15,14,112
2026-09-02,storagesense,NJ,10x20,18,16,124.0
2026-09-02,storagesense,NJ,10x25,8,7,142.5
2026-09-02,storagesense,NJ,10x30,7,7,156
2026-09-02,storagesense,NJ,10x35,1,1,211
2026-09-02,storagesense,NJ,10x40,2,1,193.5
2026-09-02,storagesense,NJ,10x45,1,1,251
2026-09-02,storagesense,NJ,10x5,1,2,25
2026-09-02,storagesense,NJ,12x15,1,1,229
2026-09-02,storagesense,NJ,15x20,1,2,176
2026-09-02,storagesense,NJ,20x10,2,2,117.0
2026-09-02,storagesense,NJ,20x15,2,2,162.0
2026-09-02,storagesense,NJ,20x20,2,0,198.0
2026-09-02,storagesense,NJ,20x25,1,2,230
2026-09-02,storagesense,NJ,3x10,1,1,70
2026-09-02,storagesense,NJ,4x5,1,3,34
2026-09-02,storagesense,NJ,5x10,24,18,60.0
2026-09-02,storagesense,NJ,5x12,1,1,67
2026-09-02,storagesense,NJ,5x15,6,3,66.5
2026-09-02,storagesense,NJ,5x5,14,11,45.5
2026-09-02,storagesense,NJ,5x7,1,2,74
2026-09-02,storagesense,NJ,6x4,1,1,49
2026-09-02,storagesense,NJ,8x10,1,0,119
2026-09-02,storagesense,NJ,8x20,2,1,82.5
2026-09-02,storagesense,NY,0x30,1,0,71
2026-09-02,storagesense,NY,10x10,19,13,123
2026-09-02,storagesense,NY,10x12,2,0,239.0
2026-09-02,storagesense,NY,10x13,1,1,138
2026-09-02,storagesense,NY,10x15,15,11,148
2026-09-02,storagesense,NY,10x17,1,2,289
2026-09-02,storagesense,NY,10x20,18,12,178.0
2026-09-02,storagesense,NY,10x25,2,2,216.0
2026-09-02,storagesense,NY,10x30,6,5,209.5
2026-09-02,storagesense,NY,12x14,1,2,176
2026-09-02,storagesense,NY,12x40,1,0,80
2026-09-02,storagesense,NY,12x55,1,2,34
2026-09-02,storagesense,NY,5x10,23,11,82
2026-09-02,storagesense,NY,5x12,1,1,174
2026-09-02,storagesense,NY,5x15,3,4,100
2026-09-02,storagesense,NY,5x5,13,8,56
2026-09-02,storagesense,NY,7.5x10,1,1,149
2026-09-02,storagesense,NY,7x20,1,1,280
2026-09-02,storagesense,NY,8x20,1,0,111
2026-09-02,storagesense,OH,10x10,10,11,99.0
2026-09-02,storagesense,OH,10x13,1,2,146
2026-09-02,storagesense,OH,10x15,9,5,154
2026-09-02,storagesense,OH,10x20,12,8,175.0
2026-09-02,storagesense,OH,10x25,2,2,254.0
2026-09-02,storagesense,OH,10x30,7,7,234
2026-09-02,storagesense,OH,10x40,1,1,99
2026-09-02,storagesense,OH,12x10,1,1,199
2026-09-02,storagesense,OH,12x20,1,1,299
2026-09-02,storagesense,OH,12x24,1,1,319
2026-09-02,storagesense,OH,12x35,1,2,469
2026-09-02,storagesense,OH,12x40,1,1,299
2026-09-02,storagesense,OH,20x20,1,1,399
2026-09-02,storagesense,OH,26x40,1,1,414
2026-09-02,storagesense,OH,5x10,8,9,79.0
2026-09-02,storagesense,OH,5x15,2,2,86.5
2026-09-02,storagesense,OH,5x5,7,5,49
2026-09-02,storagesense,OH,7x10,1,1,109
2026-09-02,storagesense,OH,8x10,3,4,119
2026-09-02,storagesense,OH,8x12,1,2,124
2026-09-02,storagesense,OH,8x14,1,1,129
2026-09-02,storagesense,OK,10x10,2,2,73.5
2026-09-02,storagesense,OK,10x15,2,1,62.0
2026-09-02,storagesense,OK,10x20,2,2,114.5
2026-09-02,storagesense,OK,10x30,1,1,263
2026-09-02,storagesense,OK,5x10,3,2,39
2026-09-02,storagesense,OK,5x5,3,1,16
2026-09-02,storagesense,PA,0x30,1,1,68
2026-09-02,storagesense,PA,10x10,72,46,101.0
2026-09-02,storagesense,PA,10x12,5,2,90
2026-09-02,storagesense,PA,10x13,4,3,117.5
2026-09-02,storagesense,PA,10x14,2,3,133.5
2026-09-02,storagesense,PA,10x15,74,44,130.5
2026-09-02,storagesense,PA,10x17,2,0,129.0
2026-09-02,storagesense,PA,10x18,2,0,145.5
2026-09-02,storagesense,PA,10x20,80,49,140.0
2026-09-02,storagesense,PA,10x22,1,1,162
2026-09-02,storagesense,PA,10x23,1,1,193
2026-09-02,storagesense,PA,10x24,1,0,155
2026-09-02,storagesense,PA,10x25,16,12,162.5
2026-09-02,storagesense,PA,10x3,1,1,53
2026-09-02,storagesense,PA,10x30,27,17,138
2026-09-02,storagesense,PA,10x35,2,0,54.5
2026-09-02,storagesense,PA,10x40,8,10,106.5
2026-09-02,storagesense,PA,10x5,9,10,81
2026-09-02,storagesense,PA,10x50,3,0,74
2026-09-02,storagesense,PA,10x6,1,0,75
2026-09-02,storagesense,PA,10x7,3,2,77
2026-09-02,storagesense,PA,10x8,1,0,56
2026-09-02,storagesense,PA,10x9,1,1,87
2026-09-02,storagesense,PA,11x11,1,0,95
2026-09-02,storagesense,PA,11x12,1,0,96
2026-09-02,storagesense,PA,11x50,1,0,129
2026-09-02,storagesense,PA,12x11,1,0,59
2026-09-02,storagesense,PA,12x15,2,2,111.5
2026-09-02,storagesense,PA,12x16,1,0,154
2026-09-02,storagesense,PA,12x20,5,2,96
2026-09-02,storagesense,PA,12x25,3,1,76
2026-09-02,storagesense,PA,12x26,1,0,51
2026-09-02,storagesense,PA,12x30,1,0,81
2026-09-02,storagesense,PA,12x32,1,1,87
2026-09-02,storagesense,PA,12x35,1,1,132
2026-09-02,storagesense,PA,12x40,6,0,80.5
2026-09-02,storagesense,PA,12x50,1,0,98
2026-09-02,storagesense,PA,13x20,1,2,202
2026-09-02,storagesense,PA,13x26,1,0,299
2026-09-02,storagesense,PA,13x40,1,2,50
2026-09-02,storagesense,PA,14x12,1,1,117
2026-09-02,storagesense,PA,14x16,1,1,159
2026-09-02,storagesense,PA,15x15,1,1,187
2026-09-02,storagesense,PA,15x20,3,3,176
2026-09-02,storagesense,PA,15x5,1,0,55
2026-09-02,storagesense,PA,16x50,1,1,229
2026-09-02,storagesense,PA,20x10,1,0,132
2026-09-02,storagesense,PA,20x15,1,0,184
2026-09-02,storagesense,PA,20x20,2,2,236.5
2026-09-02,storagesense,PA,20x25,1,2,366
2026-09-02,storagesense,PA,20x30,2,1,256.0
2026-09-02,storagesense,PA,20x5,1,0,103
2026-09-02,storagesense,PA,4x8,1,1,56
2026-09-02,storagesense,PA,5x10,83,30,73
2026-09-02,storagesense,PA,5x11,2,0,63.0
2026-09-02,storagesense,PA,5x12,2,2,73.0
2026-09-02,storagesense,PA,5x15,15,4,84
2026-09-02,storagesense,PA,5x17,1,0,134
2026-09-02,storagesense,PA,5x20,1,1,120
2026-09-02,storagesense,PA,5x5,51,30,49
2026-09-02,storagesense,PA,5x6,1,0,55
2026-09-02,storagesense,PA,5x8,7,5,54
2026-09-02,storagesense,PA,6x12,1,0,69
2026-09-02,storagesense,PA,6x20,2,0,109.0
2026-09-02,storagesense,PA,7x10,4,4,72.5
2026-09-02,storagesense,PA,7x12,1,2,81
2026-09-02,storagesense,PA,7x14,1,1,93
2026-09-02,storagesense,PA,7x15,1,1,177
2026-09-02,storagesense,PA,8x10,10,5,79.5
2026-09-02,storagesense,PA,8x14,1,1,114
2026-09-02,storagesense,PA,8x15,1,0,55
2026-09-02,storagesense,PA,8x16,1,1,89
2026-09-02,storagesense,PA,8x20,3,4,158
2026-09-02,storagesense,PA,8x5,1,1,33
2026-09-02,storagesense,PA,8x8,1,1,97
2026-09-02,storagesense,PA,9x18,3,1,98
2026-09-02,storagesense,PA,9x22,1,0,79
2026-09-02,storagesense,PA,9x32,1,0,79
2026-09-02,storagesense,PA,9x8,1,2,74
2026-09-02,storagesense,SC,10x10,35,20,89
2026-09-02,storagesense,SC,10x15,28,16,117.5
2026-09-02,storagesense,SC,10x18,1,1,229
2026-09-02,storagesense,SC,10x20,27,22,148
2026-09-02,storagesense,SC,10x22,1,2,208
2026-09-02,storagesense,SC,10x25,11,6,159
2026-09-02,storagesense,SC,10x30,5,3,249
2026-09-02,storagesense,SC,10x35,2,3,149.0
2026-09-02,storagesense,SC,10x5,4,4,77.5
2026-09-02,storagesense,SC,11x15,1,0,84
2026-09-02,storagesense,SC,11x20,2,1,63.0
2026-09-02,storagesense,SC,11x25,2,1,74.0
2026-09-02,storagesense,SC,11x30,2,0,77.5
2026-09-02,storagesense,SC,11x35,1,0,124
2026-09-02,storagesense,SC,11x40,2,0,90.5
2026-09-02,storagesense,SC,11x45,1,0,134
2026-09-02,storagesense,SC,11x55,1,1,144
2026-09-02,storagesense,SC,12x20,1,0,25
2026-09-02,storagesense,SC,12x24,1,1,302
2026-09-02,storagesense,SC,12x30,5,2,69
2026-09-02,storagesense,SC,12x35,3,1,209
2026-09-02,storagesense,SC,12x40,5,4,134
2026-09-02,storagesense,SC,12x50,2,1,306.0
2026-09-02,storagesense,SC,14x40,1,1,60
2026-09-02,storagesense,SC,15x15,3,5,158
2026-09-02,storagesense,SC,15x35,1,1,363
2026-09-02,storagesense,SC,15x40,1,2,383
2026-09-02,storagesense,SC,18x30,1,0,72
2026-09-02,storagesense,SC,20x10,1,2,239
2026-09-02,storagesense,SC,20x20,2,2,400.5
2026-09-02,storagesense,SC,5x10,28,18,50.0
2026-09-02,storagesense,SC,5x15,7,6,80
2026-09-02,storagesense,SC,5x20,1,1,94
2026-09-02,storagesense,SC,5x5,12,9,40.5
2026-09-02,storagesense,SC,8x10,5,8,89
2026-09-02,storagesense,TN,10x10,24,12,89.0
2026-09-02,storagesense,TN,10x12,1,2,132
2026-09-02,storagesense,TN,10x13,3,2,109
2026-09-02,storagesense,TN,10x15,13,11,129
2026-09-02,storagesense,TN,10x18,1,1,209
2026-09-02,storagesense,TN,10x20,21,15,164
2026-09-02,storagesense,TN,10x25,4,4,147.0
2026-09-02,storagesense,TN,10x3,1,1,34
2026-09-02,storagesense,TN,10x30,3,2,189
2026-09-02,storagesense,TN,10x5,2,0,47.5
2026-09-02,storagesense,TN,10x50,2,0,93.5
2026-09-02,storagesense,TN,11x30,1,0,49
2026-09-02,storagesense,TN,12x20,1,1,259
2026-09-02,storagesense,TN,12x40,1,0,99
2026-09-02,storagesense,TN,12x9,2,2,106.0
2026-09-02,storagesense,TN,20x20,1,1,279
2026-09-02,storagesense,TN,25x30,1,2,434
2026-09-02,storagesense,TN,5x10,21,7,64
2026-09-02,storagesense,TN,5x14,1,0,56
2026-09-02,storagesense,TN,5x15,3,4,99
2026-09-02,storagesense,TN,5x20,2,1,49.0
2026-09-02,storagesense,TN,5x5,8,5,30.5
2026-09-02,storagesense,TN,8x10,1,0,69
2026-09-02,storagesense,TN,8x8,1,1,124
2026-09-02,storagesense,TX,10x10,35,17,70
2026-09-02,storagesense,TX,10x12,1,0,90
2026-09-02,storagesense,TX,10x15,24,19,110.0
2026-09-02,storagesense,TX,10x17,1,1,140
2026-09-02,storagesense,TX,10x18,2,2,150.0
2026-09-02,storagesense,TX,10x20,17,15,120
2026-09-02,storagesense,TX,10x22,2,2,236.0
2026-09-02,storagesense,TX,10x25,4,1,125.0
2026-09-02,storagesense,TX,10x30,11,8,146
2026-09-02,storagesense,TX,10x40,1,0,89
2026-09-02,storagesense,TX,10x5,2,2,85.5
2026-09-02,storagesense,TX,10x50,2,2,129.0
2026-09-02,storagesense,TX,10x7,1,0,84
2026-09-02,storagesense,TX,10x8,1,2,39
2026-09-02,storagesense,TX,11x38,1,0,99
2026-09-02,storagesense,TX,12x16,1,0,126
2026-09-02,storagesense,TX,12x20,1,1,144
2026-09-02,storagesense,TX,12x25,1,2,437
2026-09-02,storagesense,TX,12x30,2,1,153.5
2026-09-02,storagesense,TX,12x32,2,0,64.5
2026-09-02,storagesense,TX,12x42,1,1,130
2026-09-02,storagesense,TX,12x60,1,1,149
2026-09-02,storagesense,TX,15x30,1,1,87
2026-09-02,storagesense,TX,15x40,2,2,94.5
2026-09-02,storagesense,TX,20x30,1,1,449
2026-09-02,storagesense,TX,3x4,1,2,12
2026-09-02,storagesense,TX,3x8,1,1,69
2026-09-02,storagesense,TX,5x10,25,20,45
2026-09-02,storagesense,TX,5x15,1,0,74
2026-09-02,storagesense,TX,5x5,17,8,40
2026-09-02,storagesense,TX,5x8,1,1,85
2026-09-02,storagesense,TX,6x10,2,0,46.5
2026-09-02,storagesense,TX,7x10,2,3,71.0
2026-09-02,storagesense,TX,7x8,1,1,66
2026-09-02,storagesense,TX,8x10,1,0,42
2026-09-02,storagesense,TX,8x20,1,0,22
2026-09-02,storagesense,UT,10x12,1,1,76
2026-09-02,storagesense,UT,10x15,2,1,82.5
2026-09-02,storagesense,UT,10x17,1,2,83
2026-09-02,storagesense,UT,10x27,1,2,104
2026-09-02,storagesense,UT,10x30,1,1,252
2026-09-02,storagesense,UT,11x34,1,1,189
2026-09-02,storagesense,UT,12x15,1,1,99
2026-09-02,storagesense,UT,12x30,1,1,196
2026-09-02,storagesense,UT,12x40,1,1,330
2026-09-02,storagesense,UT,5x12,1,1,32
2026-09-02,storagesense,UT,6x6,1,1,35
2026-09-02,storagesense,VA,10x10,26,18,165.5
2026-09-02,storagesense,VA,10x15,21,18,239
2026-09-02,storagesense,VA,10x20,17,12,259
2026-09-02,storagesense,VA,10x25,3,4,169
2026-09-02,storagesense,VA,10x30,8,7,287.0
2026-09-02,storagesense,VA,10x8,1,0,189
2026-09-02,storagesense,VA,15x15,1,1,301
2026-09-02,storagesense,VA,20x20,1,0,261
2026-09-02,storagesense,VA,5x10,16,6,109.0
2026-09-02,storagesense,VA,5x15,7,4,114
2026-09-02,storagesense,VA,5x20,1,1,140
2026-09-02,storagesense,VA,5x5,17,9,89
2026-09-02,storagesense,VA,7x10,1,2,120
2026-09-02,storagesense,VA,8x10,2,3,124.0
2026-09-02,storagesense,WI,10x10,5,1,129
2026-09-02,storagesense,WI,10x13,1,0,164
2026-09-02,storagesense,WI,10x15,3,2,144
2026-09-02,storagesense,WI,10x20,5,3,189
2026-09-02,storagesense,WI,10x25,2,1,349.0
2026-09-02,storagesense,WI,10x30,3,4,429
2026-09-02,storagesense,WI,12x30,1,1,679
2026-09-02,storagesense,WI,15x15,1,2,399
2026-09-02,storagesense,WI,5x10,3,2,99
2026-09-02,storagesense,WI,5x15,2,1,89.0
2026-09-02,storagesense,WI,5x5,2,0,49.0
2026-09-02,storagesense,WI,8x10,1,1,124
2026-09-02,storagesense,WV,10x10,2,1,68.5
2026-09-02,storagesense,WV,10x15,1,0,113
2026-09-02,storagesense,WV,10x17,1,1,152
2026-09-02,storagesense,WV,10x20,1,0,107
2026-09-02,storagesense,WV,10x25,1,1,122
2026-09-02,storagesense,WV,10x40,2,3,109.5
2026-09-02,storagesense,WV,20x15,1,1,134
2026-09-02,storagesense,WV,5x10,2,0,37.0
2026-09-02,storagesense,WV,5x15,1,1,58
2026-09-02,storagesense,WV,5x5,2,0,29.5
2026-09-03,storagesense,AL,10x10,47,20,64
2026-09-03,storagesense,AL,10x12,2,1,84.0
2026-09-03,storagesense,AL,10x13,1,2,64
2026-09-03,storagesense,AL,10x15,35,23,84
2026-09-03,storagesense,AL,10x19,1,1,141
2026-09-03,storagesense,AL,10x20,42,18,104.0
2026-09-03,storagesense,AL,10x22,1,1,154
2026-09-03,storagesense,AL,10x25,12,13,134.0
2026-09-03,storagesense,AL,10x30,15,14,144
2026-09-03,storagesense,AL,10x35,1,1,199
2026-09-03,storagesense,AL,10x40,1,0,99
2026-09-03,storagesense,AL,10x5,5,4,65
2026-09-03,storagesense,AL,10x6,1,1,85
2026-09-03,storagesense,AL,10x7,1,0,79
2026-09-03,storagesense,AL,10x9,1,0,89
2026-09-03,storagesense,AL,11x10,1,1,104
2026-09-03,storagesense,AL,11x20,1,1,173
2026-09-03,storagesense,AL,11x55,1,0,49
2026-09-03,storagesense,AL,12x10,2,1,74.0
2026-09-03,storagesense,AL,12x15,2,2,99.0
2026-09-03,storagesense,AL,12x20,2,2,132.5
2026-09-03,storagesense,AL,12x25,1,0,24
2026-09-03,storagesense,AL,12x30,2,1,96.0
2026-09-03,storagesense,AL,12x35,1,0,311
2026-09-03,storagesense,AL,12x40,2,2,159.0
2026-09-03,storagesense,AL,12x45,1,1,154
2026-09-03,storagesense,AL,12x50,1,0,179
2026-09-03,storagesense,AL,13x20,1,1,214
2026-09-03,storagesense,AL,14x10,1,1,142
2026-09-03,storagesense,AL,14x20,1,1,249
2026-09-03,storagesense,AL,14x37,1,0,44
2026-09-03,storagesense,AL,14x45,2,0,141.5
2026-09-03,storagesense,AL,14x50,1,0,189
2026-09-03,storagesense,AL,14x60,1,0,389
2026-09-03,storagesense,AL,15x20,2,2,174.0
2026-09-03,storagesense,AL,16x10,1,1,175
2026-09-03,storagesense,AL,16x40,1,0,32
2026-09-03,storagesense,AL,18x10,2,2,160.5
2026-09-03,storagesense,AL,18x15,1,1,229
2026-09-03,storagesense,AL,20x12,1,1,242
2026-09-03,storagesense,AL,20x15,4,5,115.0
2026-09-03,storagesense,AL,20x18,1,1,308
2026-09-03,storagesense,AL,20x20,4,6,235.0
2026-09-03,storagesense,AL,20x25,3,5,299
2026-09-03,storagesense,AL,21x10,1,0,224
2026-09-03,storagesense,AL,25x12,1,1,279
2026-09-03,storagesense,AL,25x40,1,1,199
2026-09-03,storagesense,AL,27x10,1,1,259
2026-09-03,storagesense,AL,30x10,1,2,154
2026-09-03,storagesense,AL,4x15,1,2,34
2026-09-03,storagesense,AL,5x10,38,7,37.0
2026-09-03,storagesense,AL,5x15,3,3,98
2026-09-03,storagesense,AL,5x18,1,1,54
2026-09-03,storagesense,AL,5x20,2,3,41.5
2026-09-03,storagesense,AL,5x4,1,1,44
2026-09-03,storagesense,AL,5x5,15,11,36
2026-09-03,storagesense,AL,8x10,4,3,129.0
2026-09-03,storagesense,AL,9x18,1,2,19
2026-09-03,storagesense,AL,9x20,1,0,135
2026-09-03,storagesense,AZ,10x10,3,2,168
2026-09-03,storagesense,AZ,10x15,1,0,193
2026-09-03,storagesense,AZ,10x20,1,0,203
2026-09-03,storagesense,AZ,10x25,1,0,244
2026-09-03,storagesense,AZ,10x30,1,1,326
2026-09-03,storagesense,AZ,10x40,1,2,390
2026-09-03,storagesense,AZ,10x5,2,1,116.5
2026-09-03,storagesense,AZ,5x10,4,0,132.0
2026-09-03,storagesense,AZ,5x15,1,2,148
2026-09-03,storagesense,AZ,5x5,4,1,104.5
2026-09-03,storagesense,CO,10x10,3,2,83
2026-09-03,storagesense,CO,10x15,1,0,181
2026-09-03,storagesense,CO,10x20,2,0,176.5
2026-09-03,storagesense,CO,10x25,1,0,293
2026-09-03,storagesense,CO,10x30,2,2,318.0
2026-09-03,storagesense,CO,12x15,1,1,32
2026-09-03,storagesense,CO,12x20,1,0,56
2026-09-03,storagesense,CO,12x30,1,0,82
2026-09-03,storagesense,CO,12x40,1,0,92
2026-09-03,storagesense,CO,12x50,1,2,149
2026-09-03,storagesense,CO,14x40,1,1,57
2026-09-03,storagesense,CO,5x10,3,0,59
2026-09-03,storagesense,CO,5x4,1,1,25
2026-09-03,storagesense,CO,5x5,2,0,55.0
2026-09-03,storagesense,CO,5x8,2,2,57.5
2026-09-03,storagesense,CO,8x10,3,0,65
2026-09-03,storagesense,CO,8x15,3,2,99
2026-09-03,storagesense,CO,8x20,2,1,120.5
2026-09-03,storagesense,CO,8x30,1,2,114
2026-09-03,storagesense,CO,8x40,1,2,112
2026-09-03,storagesense,CO,8x5,1,1,23
2026-09-03,storagesense,CO,8x6,1,0,30
2026-09-03,storagesense,CT,10x10,14,12,110.0
2026-09-03,storagesense,CT,10x15,8,6,112.0
2026-09-03,storagesense,CT,10x20,14,7,154.5
2026-09-03,storagesense,CT,10x25,3,4,147
2026-09-03,storagesense,CT,10x27,1,0,117
2026-09-03,storagesense,CT,10x30,4,6,193.5
2026-09-03,storagesense,CT,10x35,1,0,152
2026-09-03,storagesense,CT,10x38,1,1,157
2026-09-03,storagesense,CT,10x40,1,0,167
2026-09-03,storagesense,CT,10x50,1,1,192
2026-09-03,storagesense,CT,12x20,1,1,74
2026-09-03,storagesense,CT,12x30,1,1,112
2026-09-03,storagesense,CT,12x35,1,1,137
2026-09-03,storagesense,CT,20x20,1,1,265
2026-09-03,storagesense,CT,30x50,1,1,760
2026-09-03,storagesense,CT,3x6,1,0,40
2026-09-03,storagesense,CT,4x4,1,1,36
2026-09-03,storagesense,CT,5x10,16,13,73.0
2026-09-03,storagesense,CT,5x15,3,2,72
2026-09-03,storagesense,CT,5x20,3,3,91
2026-09-03,storagesense,CT,5x5,9,8,52
2026-09-03,storagesense,CT,5x8,2,1,53.0
2026-09-03,storagesense,CT,5x9,1,1,60
2026-09-03,storagesense,CT,8x10,2,3,83.5
2026-09-03,storagesense,CT,8x15,1,1,135
2026-09-03,storagesense,CT,8x20,1,0,450
2026-09-03,storagesense,FL,10x10,11,10,117
2026-09-03,storagesense,FL,10x12,1,0,104
2026-09-03,storagesense,FL,10x15,7,5,177
2026-09-03,storagesense,FL,10x20,11,5,199
2026-09-03,storagesense,FL,10x25,4,2,207.5
2026-09-03,storagesense,FL,10x30,3,1,212
2026-09-03,storagesense,FL,10x35,1,0,302
2026-09-03,storagesense,FL,10x40,2,2,193.5
2026-09-03,storagesense,FL,10x5,2,3,34.0
2026-09-03,storagesense,FL,12x12,1,1,189
2026-09-03,storagesense,FL,12x20,3,0,199
2026-09-03,storagesense,FL,12x24,2,1,214.0
2026-09-03,storagesense,FL,12x30,1,0,109
2026-09-03,storagesense,FL,12x37,1,1,449
2026-09-03,storagesense,FL,12x40,3,1,117
2026-09-03,storagesense,FL,12x50,1,0,244
2026-09-03,storagesense,FL,12x60,1,2,145
2026-09-03,storagesense,FL,12x70,1,1,149
2026-09-03,storagesense,FL,12x80,1,1,280
2026-09-03,storagesense,FL,14x35,1,2,686
2026-09-03,storagesense,FL,15x15,2,2,360.5
2026-09-03,storagesense,FL,15x20,4,5,320.0
2026-09-03,storagesense,FL,16x6,1,1,79
2026-09-03,storagesense,FL,20x20,1,1,436
2026-09-03,storagesense,FL,21x22,1,1,244
2026-09-03,storagesense,FL,24x48,1,1,1273
2026-09-03,storagesense,FL,3x4,3,2,9
2026-09-03,storagesense,FL,3x6,1,0,14
2026-09-03,storagesense,FL,3x8,1,1,14
2026-09-03,storagesense,FL,4x4,4,1,10.5
2026-09-03,storagesense,FL,4x6,1,0,14
2026-09-03,storagesense,FL,4x7,1,0,9
2026-09-03,storagesense,FL,5x10,10,4,44.0
2026-09-03,storagesense,FL,5x12,1,1,69
2026-09-03,storagesense,FL,5x15,1,0,95
2026-09-03,storagesense,FL,5x5,7,4,29
2026-09-03,storagesense,FL,5x6,1,2,39
2026-09-03,storagesense,FL,5x7,1,0,35
2026-09-03,storagesense,FL,5x8,1,0,49
2026-09-03,storagesense,FL,6x10,2,1,64.0
2026-09-03,storagesense,FL,6x16,1,1,79
2026-09-03,storagesense,FL,6x8,1,0,44
2026-09-03,storagesense,FL,7x10,2,2,79.5
2026-09-03,storagesense,FL,7x12,1,2,83
2026-09-03,storagesense,FL,7x8,1,1,59
2026-09-03,storagesense,FL,8x10,1,1,69
2026-09-03,storagesense,FL,8x12,3,4,79
2026-09-03,storagesense,FL,8x8,1,0,34
2026-09-03,storagesense,FL,9x18,1,0,59
2026-09-03,storagesense,FL,9x6,1,1,49
2026-09-03,storagesense,GA,10x10,65,26,72
2026-09-03,storagesense,GA,10x12,6,4,107.5
2026-09-03,storagesense,GA,10x13,1,1,169
2026-09-03,storagesense,GA,10x15,62,34,105.0
2026-09-03,storagesense,GA,10x18,4,3,99.0
2026-09-03,storagesense,GA,10x20,47,35,129
2026-09-03,storagesense,GA,10x25,11,10,161
2026-09-03,storagesense,GA,10x30,21,23,194
2026-09-03,storagesense,GA,10x35,1,1,149
2026-09-03,storagesense,GA,10x40,1,0,403
2026-09-03,storagesense,GA,10x5,13,6,55
2026-09-03,storagesense,GA,10x60,1,1,114
2026-09-03,storagesense,GA,10x7,1,0,106
2026-09-03,storagesense,GA,10x8,2,1,36.0
2026-09-03,storagesense,GA,10x9,1,2,64
2026-09-03,storagesense,GA,12x10,2,2,172.5
2026-09-03,storagesense,GA,12x12,1,1,59
2026-09-03,storagesense,GA,12x15,2,3,74.0
2026-09-03,storagesense,GA,12x20,3,2,99
2026-09-03,storagesense,GA,12x25,2,1,192.5
2026-09-03,storagesense,GA,12x30,4,4,202.0
2026-09-03,storagesense,GA,12x35,2,2,176.5
2026-09-03,storagesense,GA,12x40,1,2,475
2026-09-03,storagesense,GA,15x10,8,4,100.5
2026-09-03,storagesense,GA,15x15,3,4,174
2026-09-03,storagesense,GA,15x20,3,3,195
2026-09-03,storagesense,GA,15x25,1,2,249
2026-09-03,storagesense,GA,15x45,1,0,184
2026-09-03,storagesense,GA,20x10,5,2,154
2026-09-03,storagesense,GA,20x15,1,1,169
2026-09-03,storagesense,GA,20x20,1,1,564
2026-09-03,storagesense,GA,20x5,1,1,122
2026-09-03,storagesense,GA,22.5x10,1,1,199
2026-09-03,storagesense,GA,24x40,1,1,899
2026-09-03,storagesense,GA,30x10,3,3,209
2026-09-03,storagesense,GA,32.5x10,1,1,209
2026-09-03,storagesense,GA,3x8,1,1,74
2026-09-03,storagesense,GA,40x20,1,1,429
2026-09-03,storagesense,GA,5x10,46,33,49.0
2026-09-03,storagesense,GA,5x12,1,1,89
2026-09-03,storagesense,GA,5x13,1,1,99
2026-09-03,storagesense,GA,5x15,19,19,60
2026-09-03,storagesense,GA,5x2,2,0,17.5
2026-09-03,storagesense,GA,5x20,3,1,53
2026-09-03,storagesense,GA,5x25,1,2,49
2026-09-03,storagesense,GA,5x5,17,10,29
2026-09-03,storagesense,GA,5x7,1,1,44
2026-09-03,storagesense,GA,5x8,1,1,112
2026-09-03,storagesense,GA,6x14,1,1,80
2026-09-03,storagesense,GA,7.5x10,1,1,74
2026-09-03,storagesense,GA,7.5x15,1,2,89
2026-09-03,storagesense,GA,7x10,1,2,106
2026-09-03,storagesense,GA,7x20,1,1,179
2026-09-03,storagesense,GA,7x9,1,0,40
2026-09-03,storagesense,GA,8x10,7,4,69
2026-09-03,storagesense,GA,8x12,1,1,39
2026-09-03,storagesense,GA,8x20,1,0,154
2026-09-03,storagesense,GA,8x24,1,0,105
2026-09-03,storagesense,ID,10x10,6,4,90.5
2026-09-03,storagesense,ID,10x15,3,0,123
2026-09-03,storagesense,ID,10x20,3,0,139
2026-09-03,storagesense,ID,14x45,2,0,414.0
2026-09-03,storagesense,ID,15x20,3,0,179
2026-09-03,storagesense,ID,20x10,3,0,139
2026-09-03,storagesense,IL,10x10,13,4,123
2026-09-03,storagesense,IL,10x15,7,4,149
2026-09-03,storagesense,IL,10x20,9,9,105
2026-09-03,storagesense,IL,10x25,2,1,212.0
2026-09-03,storagesense,IL,10x30,6,4,218.0
2026-09-03,storagesense,IL,10x40,1,0,39
2026-09-03,storagesense,IL,10x5,6,2,67.5
2026-09-03,storagesense,IL,10x6,1,3,92
2026-09-03,storagesense,IL,10x8,2,1,89.5
2026-09-03,storagesense,IL,11x35,1,2,289
2026-09-03,storagesense,IL,12x12,1,3,155
2026-09-03,storagesense,IL,12x20,1,0,129
2026-09-03,storagesense,IL,12x25,1,0,82
2026-09-03,storagesense,IL,12x30,3,4,187
2026-09-03,storagesense,IL,12x40,1,0,159
2026-09-03,storagesense,IL,12x45,1,2,49
2026-09-03,storagesense,IL,12x55,1,1,182
2026-09-03,storagesense,IL,13x10,1,0,149
2026-09-03,storagesense,IL,13x15,1,1,172
2026-09-03,storagesense,IL,15x10,2,0,128.5
2026-09-03,storagesense,IL,15x5,1,0,59
2026-09-03,storagesense,IL,20x10,3,3,114
2026-09-03,storagesense,IL,20x8,1,0,168
2026-09-03,storagesense,IL,24x12,1,2,199
2026-09-03,storagesense,IL,25x12,1,0,111
2026-09-03,storagesense,IL,30x10,2,1,180.0
2026-09-03,storagesense,IL,30x8,1,1,129
2026-09-03,storagesense,IL,40x10,1,1,298
2026-09-03,storagesense,IL,40x12,1,0,148
2026-09-03,storagesense,IL,40x20,1,0,675
2026-09-03,storagesense,IL,5x10,10,2,93.5
2026-09-03,storagesense,IL,5x15,3,2,72
2026-09-03,storagesense,IL,5x5,6,4,78.0
2026-09-03,storagesense,IL,6x5,1,0,49
2026-09-03,storagesense,IL,8x20,1,0,89
2026-09-03,storagesense,IL,8x40,1,0,199
2026-09-03,storagesense,IN,10x10,5,5,111
2026-09-03,storagesense,IN,10x15,3,2,167
2026-09-03,storagesense,IN,10x20,4,4,206.5
2026-09-03,storagesense,IN,10x5,1,0,57
2026-09-03,storagesense,IN,10x8,1,0,71
2026-09-03,storagesense,IN,15x10,1,0,113
2026-09-03,storagesense,IN,15x8,1,0,109
2026-09-03,storagesense,IN,20x10,1,1,138
2026-09-03,storagesense,IN,20x12,1,0,157
2026-09-03,storagesense,IN,30x12,1,0,171
2026-09-03,storagesense,IN,5x10,2,2,64.0
2026-09-03,storagesense,IN,5x15,3,4,74
2026-09-03,storagesense,IN,5x5,3,3,43
2026-09-03,storagesense,KS,10x10,3,1,136
2026-09-03,storagesense,KS,10x15,3,5,169
2026-09-03,storagesense,KS,10x20,4,2,202.5
2026-09-03,storagesense,KS,10x25,1,2,249
2026-09-03,storagesense,KS,10x30,2,0,185.5
2026-09-03,storagesense,KS,12x40,1,0,349
2026-09-03,storagesense,KS,20x50,1,0,999
2026-09-03,storagesense,KS,25x50,1,1,1099
2026-09-03,storagesense,KS,32x40,1,2,1140
2026-09-03,storagesense,KS,5x10,2,1,114.0
2026-09-03,storagesense,KY,10x10,22,10,106.0
2026-09-03,storagesense,KY,10x12,1,0,124
2026-09-03,storagesense,KY,10x15,20,14,140.0
2026-09-03,storagesense,KY,10x18,2,2,189.0
2026-09-03,storagesense,KY,10x20,17,11,179
2026-09-03,storagesense,KY,10x25,1,1,259
2026-09-03,storagesense,KY,10x30,7,5,164
2026-09-03,storagesense,KY,10x40,4,4,254.0
2026-09-03,storagesense,KY,10x5,2,0,79.0
2026-09-03,storagesense,KY,10x7,1,0,74
2026-09-03,storagesense,KY,12x12,1,1,54
2026-09-03,storagesense,KY,12x30,1,1,169
2026-09-03,storagesense,KY,12x60,1,0,96
2026-09-03,storagesense,KY,14x10,1,1,164
2026-09-03,storagesense,KY,5x10,18,17,84.0
2026-09-03,storagesense,KY,5x12,1,1,106
2026-09-03,storagesense,KY,5x15,2,0,82.5
2026-09-03,storagesense,KY,5x20,1,1,139
2026-09-03,storagesense,KY,5x5,6,1,65.0
2026-09-03,storagesense,KY,7x10,3,1,109
2026-09-03,storagesense,KY,7x12,1,1,84
2026-09-03,storagesense,KY,8x5,2,2,94.0
2026-09-03,storagesense,KY,9x30,2,2,199.0
2026-09-03,storagesense,LA,10x10,20,12,77.5
2026-09-03,storagesense,LA,10x15,17,17,92
2026-09-03,storagesense,LA,10x17,1,2,138
2026-09-03,storagesense,LA,10x20,12,12,114.0
2026-09-03,storagesense,LA,10x25,3,5,89
2026-09-03,storagesense,LA,10x30,4,6,163.5
2026-09-03,storagesense,LA,10x35,1,2,33
2026-09-03,storagesense,LA,10x40,1,1,199
2026-09-03,storagesense,LA,12.5x40.7,1,1,266
2026-09-03,storagesense,LA,12x15,1,1,16
2026-09-03,storagesense,LA,12x18,1,1,69
2026-09-03,storagesense,LA,12x20,2,2,57.0
2026-09-03,storagesense,LA,12x22,1,1,97
2026-09-03,storagesense,LA,12x25,3,4,60
2026-09-03,storagesense,LA,12x30,3,1,66
2026-09-03,storagesense,LA,12x32,1,1,39
2026-09-03,storagesense,LA,12x35,2,0,40.5
2026-09-03,storagesense,LA,12x40,2,2,136.0
2026-09-03,storagesense,LA,12x45,1,1,113
2026-09-03,storagesense,LA,15x20,1,1,24
2026-09-03,storagesense,LA,20x10,1,1,199
2026-09-03,storagesense,LA,4x3,1,0,37
2026-09-03,storagesense,LA,4x5,1,0,19
2026-09-03,storagesense,LA,4x7,2,1,26.0
2026-09-03,storagesense,LA,5x10,18,10,40.5
2026-09-03,storagesense,LA,5x15,4,7,76.0
2026-09-03,storagesense,LA,5x5,16,4,19.5
2026-09-03,storagesense,LA,5x8,1,0,29
2026-09-03,storagesense,LA,6x10,1,0,44
2026-09-03,storagesense,LA,6x9,1,0,49
2026-09-03,storagesense,LA,7.5x10,1,1,75
2026-09-03,storagesense,LA,8x12,1,0,52
2026-09-03,storagesense,LA,8x18,2,1,54.0
2026-09-03,storagesense,MA,10x10,3,2,113
2026-09-03,storagesense,MA,10x15,4,2,184.0
2026-09-03,storagesense,MA,10x20,4,3,302.0
2026-09-03,storagesense,MA,10x30,1,2,337
2026-09-03,storagesense,MA,3x5,1,1,76
2026-09-03,storagesense,MA,5x10,3,0,50
2026-09-03,storagesense,MA,5x13,1,2,69
2026-09-03,storagesense,MA,5x5,3,1,42
2026-09-03,storagesense,MA,5x8,1,1,45
2026-09-03,storagesense,MD,10x10,9,5,129
2026-09-03,storagesense,MD,10x15,5,1,124
2026-09-03,storagesense,MD,10x20,4,5,184.0
2026-09-03,storagesense,MD,10x40,1,2,379
2026-09-03,storagesense,MD,10x5,3,3,99
2026-09-03,storagesense,MD,10x8,1,0,139
2026-09-03,storagesense,MD,12x40,1,0,179
2026-09-03,storagesense,MD,15x15,2,1,142.5
2026-09-03,storagesense,MD,15x20,3,4,429
2026-09-03,storagesense,MD,20x20,1,1,379
2026-09-03,storagesense,MD,20x25,1,1,414
2026-09-03,storagesense,MD,5x10,10,4,84.0
2026-09-03,storagesense,MD,5x15,2,1,109.0
2026-09-03,storagesense,MD,5x5,7,2,76
2026-09-03,storagesense,MD,8x20,2,1,254.5
2026-09-03,storagesense,MI,10x10,39,20,101
2026-09-03,storagesense,MI,10x12,1,0,109
2026-09-03,storagesense,MI,10x13,3,2,199
2026-09-03,storagesense,MI,10x15,18,14,125.0
2026-09-03,storagesense,MI,10x20,32,24,144.5
2026-09-03,storagesense,MI,10x25,12,11,182.0
2026-09-03,storagesense,MI,10x30,20,22,227.0
2026-09-03,storagesense,MI,10x35,2,0,62.5
2026-09-03,storagesense,MI,10x40,2,2,114.0
2026-09-03,storagesense,MI,10x5,3,3,39
2026-09-03,storagesense,MI,12x10,3,2,87
2026-09-03,storagesense,MI,12x15,1,2,177
2026-09-03,storagesense,MI,12x25,1,0,85
2026-09-03,storagesense,MI,12x27,1,0,89
2026-09-03,storagesense,MI,12x30,6,4,182.0
2026-09-03,storagesense,MI,12x35,2,1,85.5
2026-09-03,storagesense,MI,12x40,5,4,87
2026-09-03,storagesense,MI,12x50,1,0,200
2026-09-03,storagesense,MI,12x54,1,0,220
2026-09-03,storagesense,MI,13x15,1,2,89
2026-09-03,storagesense,MI,13x20,1,1,112
2026-09-03,storagesense,MI,13x60,1,1,165
2026-09-03,storagesense,MI,14x25,1,1,224
2026-09-03,storagesense,MI,14x40,1,0,94
2026-09-03,storagesense,MI,15x15,2,2,205.0
2026-09-03,storagesense,MI,15x20,1,1,284
2026-09-03,storagesense,MI,16x16,1,1,250
2026-09-03,storagesense,MI,20x10,1,1,199
2026-09-03,storagesense,MI,20x15,1,1,217
2026-09-03,storagesense,MI,20x20,3,4,417
2026-09-03,storagesense,MI,30x10,1,1,139
2026-09-03,storagesense,MI,4x3,2,0,25.5
2026-09-03,storagesense,MI,5x10,39,10,54
2026-09-03,storagesense,MI,5x15,12,9,71.0
2026-09-03,storagesense,MI,5x5,20,15,32.0
2026-09-03,storagesense,MI,5x6,1,2,22
2026-09-03,storagesense,MI,5x7,2,3,60.5
2026-09-03,storagesense,MI,5x8,3,3,49
2026-09-03,storagesense,MI,6x10,1,1,129
2026-09-03,storagesense,MI,7.5x10,1,1,132
2026-09-03,storagesense,MI,7x10,4,2,74.5
2026-09-03,storagesense,MI,7x14,1,1,85
2026-09-03,storagesense,MI,8x10,1,1,65
2026-09-03,storagesense,MI,8x12,1,1,149
2026-09-03,storagesense,MI,8x18,1,1,162
2026-09-03,storagesense,MI,8x19,1,1,124
2026-09-03,storagesense,MI,8x7,1,1,99
2026-09-03,storagesense,MI,8x8,1,1,57
2026-09-03,storagesense,MN,10x20,2,0,141.5
2026-09-03,storagesense,MN,10x40,1,0,218
2026-09-03,storagesense,MN,12x30,1,0,193
2026-09-03,storagesense,MN,20x20,1,0,205
2026-09-03,storagesense,MN,5x10,1,0,46
2026-09-03,storagesense,MO,10x10,9,2,89
2026-09-03,storagesense,MO,10x15,7,6,139
2026-09-03,storagesense,MO,10x18,1,1,159
2026-09-03,storagesense,MO,10x20,9,6,139
2026-09-03,storagesense,MO,10x24,2,3,129.5
2026-09-03,storagesense,MO,10x25,4,4,169.0
2026-09-03,storagesense,MO,10x30,3,1,224
2026-09-03,storagesense,MO,10x40,1,0,29
2026-09-03,storagesense,MO,10x5,1,1,79
2026-09-03,storagesense,MO,12x30,4,7,211.5
2026-09-03,storagesense,MO,20x15,1,1,249
2026-09-03,storagesense,MO,20x20,1,1,136
2026-09-03,storagesense,MO,3x10,1,0,44
2026-09-03,storagesense,MO,3x6,1,0,14
2026-09-03,storagesense,MO,5x10,4,4,64.0
2026-09-03,storagesense,MO,5x15,1,1,74
2026-09-03,storagesense,MO,5x5,2,4,39.0
2026-09-03,storagesense,MO,5x8,1,2,59
2026-09-03,storagesense,MO,7x10,1,2,74
2026-09-03,storagesense,MO,8x10,1,1,94
2026-09-03,storagesense,MO,8x16,1,2,119
2026-09-03,storagesense,MS,10x10,10,1,75.5
2026-09-03,storagesense,MS,10x15,5,3,119
2026-09-03,storagesense,MS,10x20,11,6,102
2026-09-03,storagesense,MS,10x25,2,3,186.0
2026-09-03,storagesense,MS,10x30,3,0,96
2026-09-03,storagesense,MS,10x5,1,2,65
2026-09-03,storagesense,MS,20x20,3,1,172
2026-09-03,storagesense,MS,5x10,10,3,55.5
2026-09-03,storagesense,MS,5x15,1,0,30
2026-09-03,storagesense,MS,5x5,4,4,53.0
2026-09-03,storagesense,NC,10x10,29,16,99
2026-09-03,storagesense,NC,10x13,1,1,179
2026-09-03,storagesense,NC,10x15,21,10,96
2026-09-03,storagesense,NC,10x18,3,3,185
2026-09-03,storagesense,NC,10x19,1,0,190
2026-09-03,storagesense,NC,10x20,19,11,127
2026-09-03,storagesense,NC,10x23,2,2,222.5
2026-09-03,storagesense,NC,10x25,4,3,159.5
2026-09-03,storagesense,NC,10x30,7,4,119
2026-09-03,storagesense,NC,10x32,1,1,126
2026-09-03,storagesense,NC,10x35,1,1,182
2026-09-03,storagesense,NC,10x5,1,0,48
2026-09-03,storagesense,NC,10x50,1,1,189
2026-09-03,storagesense,NC,10x7.5,1,0,51
2026-09-03,storagesense,NC,10x9,1,0,130
2026-09-03,storagesense,NC,11x40,1,2,159
2026-09-03,storagesense,NC,12x15,1,0,149
2026-09-03,storagesense,NC,12x25,3,3,49
2026-09-03,storagesense,NC,12x30,1,1,66
2026-09-03,storagesense,NC,12x40,1,0,74
2026-09-03,storagesense,NC,12x50,1,1,290
2026-09-03,storagesense,NC,15x10,2,2,77.5
2026-09-03,storagesense,NC,15x18,1,1,230
2026-09-03,storagesense,NC,15x20,1,0,299
2026-09-03,storagesense,NC,15x30,2,2,312.5
2026-09-03,storagesense,NC,15x5,1,1,249
2026-09-03,storagesense,NC,16x10,1,1,162
2026-09-03,storagesense,NC,20x10,2,1,211.5
2026-09-03,storagesense,NC,20x15,1,1,137
2026-09-03,storagesense,NC,20x20,1,1,174
2026-09-03,storagesense,NC,20x30,2,2,389.0
2026-09-03,storagesense,NC,3x10,1,0,77
2026-09-03,storagesense,NC,3x6,1,0,60
2026-09-03,storagesense,NC,4x10,1,0,85
2026-09-03,storagesense,NC,4x14,1,2,124
2026-09-03,storagesense,NC,4x4,1,0,12
2026-09-03,storagesense,NC,4x5,1,1,65
2026-09-03,storagesense,NC,4x8,1,2,79
2026-09-03,storagesense,NC,5x10,29,20,58
2026-09-03,storagesense,NC,5x15,9,8,40
2026-09-03,storagesense,NC,5x5,12,7,37.0
2026-09-03,storagesense,NC,5x6,1,1,75
2026-09-03,storagesense,NC,5x7,1,2,80
2026-09-03,storagesense,NC,5x8,2,2,62.5
2026-09-03,storagesense,NC,5x9,1,0,95
2026-09-03,storagesense,NC,6x6,1,0,82
2026-09-03,storagesense,NC,7.5x10,1,0,51
2026-09-03,storagesense,NC,7x3,1,1,69
2026-09-03,storagesense,NC,8x10,7,4,116
2026-09-03,storagesense,NC,8x15,1,0,150
2026-09-03,storagesense,NC,8x8,1,0,124
2026-09-03,storagesense,NC,8x9,1,0,115
2026-09-03,storagesense,NC,9x10,1,0,130
2026-09-03,storagesense,NC,9x15,1,1,170
2026-09-03,storagesense,NC,9x20,1,1,185
2026-09-03,storagesense,NC,9x30,1,1,230
2026-09-03,storagesense,NH,10x10,2,1,68.0
2026-09-03,storagesense,NH,10x15,2,1,123.5
2026-09-03,storagesense,NH,10x20,4,3,117.0
2026-09-03,storagesense,NH,10x30,4,4,151.0
2026-09-03,storagesense,NH,5x10,2,1,31.0
2026-09-03,storagesense,NH,5x15,2,1,50.0
2026-09-03,storagesense,NH,5x5,1,1,20
2026-09-03,storagesense,NJ,10x10,30,30,100.5
2026-09-03,storagesense,NJ,10x12,1,1,121
2026-09-03,storagesense,NJ,10x13,1,1,164
2026-09-03,storagesense,NJ,10x15,13,12,112
2026-09-03,storagesense,NJ,10x20,18,17,124.0
2026-09-03,storagesense,NJ,10x25,8,7,142.5
2026-09-03,storagesense,NJ,10x30,7,7,156
2026-09-03,storagesense,NJ,10x35,1,1,211
2026-09-03,storagesense,NJ,10x40,2,1,193.5
2026-09-03,storagesense,NJ,10x45,1,1,251
2026-09-03,storagesense,NJ,10x5,1,2,25
2026-09-03,storagesense,NJ,12x15,1,1,229
2026-09-03,storagesense,NJ,12x40,1,2,64
2026-09-03,storagesense,NJ,15x20,1,2,176
2026-09-03,storagesense,NJ,20x10,2,2,117.0
2026-09-03,storagesense,NJ,20x15,2,2,162.0
2026-09-03,storagesense,NJ,20x20,2,0,198.0
2026-09-03,storagesense,NJ,20x25,1,2,230
2026-09-03,storagesense,NJ,3x10,1,1,70
2026-09-03,storagesense,NJ,4x5,1,3,34
2026-09-03,storagesense,NJ,5x10,25,19,60
2026-09-03,storagesense,NJ,5x12,1,1,67
2026-09-03,storagesense,NJ,5x15,6,4,66.5
2026-09-03,storagesense,NJ,5x5,14,11,45.5
2026-09-03,storagesense,NJ,5x7,1,2,74
2026-09-03,storagesense,NJ,6x4,1,1,49
2026-09-03,storagesense,NJ,8x10,1,0,119
2026-09-03,storagesense,NJ,8x20,2,1,82.5
2026-09-03,storagesense,NY,0x30,1,0,71
2026-09-03,storagesense,NY,10x10,18,12,118.5
2026-09-03,storagesense,NY,10x12,2,0,239.0
2026-09-03,storagesense,NY,10x13,1,1,138
2026-09-03,storagesense,NY,10x15,14,10,161.0
2026-09-03,storagesense,NY,10x17,1,2,289
2026-09-03,storagesense,NY,10x20,18,14,178.0
2026-09-03,storagesense,NY,10x25,2,2,216.0
2026-09-03,storagesense,NY,10x30,6,5,209.5
2026-09-03,storagesense,NY,12x14,1,2,176
2026-09-03,storagesense,NY,12x40,1,0,80
2026-09-03,storagesense,NY,12x55,1,2,34
2026-09-03,storagesense,NY,5x10,23,13,82
2026-09-03,storagesense,NY,5x12,1,1,174
2026-09-03,storagesense,NY,5x15,3,4,100
2026-09-03,storagesense,NY,5x5,12,7,55.5
2026-09-03,storagesense,NY,7.5x10,1,1,149
2026-09-03,storagesense,NY,7x20,1,1,280
2026-09-03,storagesense,NY,8x20,1,0,111
2026-09-03,storagesense,OH,10x10,10,11,99.0
2026-09-03,storagesense,OH,10x13,1,2,146
2026-09-03,storagesense,OH,10x15,8,4,154.0
2026-09-03,storagesense,OH,10x20,11,7,176
2026-09-03,storagesense,OH,10x25,2,2,254.0
2026-09-03,storagesense,OH,10x30,7,6,234
2026-09-03,storagesense,OH,10x40,1,1,99
2026-09-03,storagesense,OH,12x10,1,1,199
2026-09-03,storagesense,OH,12x20,1,1,299
2026-09-03,storagesense,OH,12x24,1,1,319
2026-09-03,storagesense,OH,12x35,1,2,469
2026-09-03,storagesense,OH,12x40,2,2,399.0
2026-09-03,storagesense,OH,20x20,1,1,399
2026-09-03,storagesense,OH,26x40,1,1,414
2026-09-03,storagesense,OH,5x10,8,9,79.0
2026-09-03,storagesense,OH,5x15,2,2,86.5
2026-09-03,storagesense,OH,5x5,7,5,49
2026-09-03,storagesense,OH,7x10,1,1,109
2026-09-03,storagesense,OH,8x10,3,4,119
2026-09-03,storagesense,OH,8x12,1,2,124
2026-09-03,storagesense,OH,8x14,1,1,129
2026-09-03,storagesense,OH,8x16,1,1,206
2026-09-03,storagesense,OK,10x10,1,1,59
2026-09-03,storagesense,OK,10x15,2,1,62.0
2026-09-03,storagesense,OK,10x20,2,3,82.0
2026-09-03,storagesense,OK,10x30,1,1,263
2026-09-03,storagesense,OK,5x10,3,2,39
2026-09-03,storagesense,OK,5x5,3,1,16
2026-09-03,storagesense,PA,10x10,71,40,101
2026-09-03,storagesense,PA,10x12,5,2,90
2026-09-03,storagesense,PA,10x13,4,3,117.5
2026-09-03,storagesense,PA,10x14,2,3,133.5
2026-09-03,storagesense,PA,10x15,71,41,132
2026-09-03,storagesense,PA,10x17,2,0,129.0
2026-09-03,storagesense,PA,10x18,2,0,145.5
2026-09-03,storagesense,PA,10x20,80,44,140.0
2026-09-03,storagesense,PA,10x22,1,1,162
2026-09-03,storagesense,PA,10x23,1,1,193
2026-09-03,storagesense,PA,10x24,1,0,155
2026-09-03,storagesense,PA,10x25,14,11,187.5
2026-09-03,storagesense,PA,10x3,1,1,53
2026-09-03,storagesense,PA,10x30,29,18,162
2026-09-03,storagesense,PA,10x35,2,0,54.5
2026-09-03,storagesense,PA,10x40,8,10,106.5
2026-09-03,storagesense,PA,10x5,9,10,81
2026-09-03,storagesense,PA,10x50,3,0,74
2026-09-03,storagesense,PA,10x6,1,0,75
2026-09-03,storagesense,PA,10x7,2,1,77.0
2026-09-03,storagesense,PA,10x8,1,0,56
2026-09-03,storagesense,PA,10x9,1,1,87
2026-09-03,storagesense,PA,11x11,1,0,95
2026-09-03,storagesense,PA,11x12,1,0,96
2026-09-03,storagesense,PA,11x50,1,0,129
2026-09-03,storagesense,PA,12x11,1,0,59
2026-09-03,storagesense,PA,12x15,2,2,111.5
2026-09-03,storagesense,PA,12x16,1,0,154
2026-09-03,storagesense,PA,12x20,5,2,96
2026-09-03,storagesense,PA,12x25,3,1,76
2026-09-03,storagesense,PA,12x26,1,0,51
2026-09-03,storagesense,PA,12x30,1,0,81
2026-09-03,storagesense,PA,12x32,1,1,87
2026-09-03,storagesense,PA,12x35,1,1,132
2026-09-03,storagesense,PA,12x40,6,0,80.5
2026-09-03,storagesense,PA,12x50,1,0,98
2026-09-03,storagesense,PA,13x20,1,2,202
2026-09-03,storagesense,PA,13x26,1,0,299
2026-09-03,storagesense,PA,13x40,1,2,50
2026-09-03,storagesense,PA,14x12,1,1,117
2026-09-03,storagesense,PA,14x16,1,1,159
2026-09-03,storagesense,PA,15x15,1,1,187
2026-09-03,storagesense,PA,15x20,3,3,176
2026-09-03,storagesense,PA,15x5,1,0,55
2026-09-03,storagesense,PA,16x50,1,1,229
2026-09-03,storagesense,PA,20x10,1,0,132
2026-09-03,storagesense,PA,20x15,1,0,184
2026-09-03,storagesense,PA,20x20,2,2,236.5
2026-09-03,storagesense,PA,20x25,1,2,366
2026-09-03,storagesense,PA,20x30,2,1,256.0
2026-09-03,storagesense,PA,20x5,1,0,103
2026-09-03,storagesense,PA,4x8,1,1,56
2026-09-03,storagesense,PA,5x10,81,29,72
2026-09-03,storagesense,PA,5x11,2,0,63.0
2026-09-03,storagesense,PA,5x12,2,2,73.0
2026-09-03,storagesense,PA,5x15,17,5,84
2026-09-03,storagesense,PA,5x17,1,0,134
2026-09-03,storagesense,PA,5x20,1,1,120
2026-09-03,storagesense,PA,5x5,50,27,48.0
2026-09-03,storagesense,PA,5x6,1,0,55
2026-09-03,storagesense,PA,5x8,7,5,54
2026-09-03,storagesense,PA,6x12,1,0,69
2026-09-03,storagesense,PA,6x20,2,0,109.0
2026-09-03,storagesense,PA,7x10,4,4,72.5
2026-09-03,storagesense,PA,7x12,1,2,81
2026-09-03,storagesense,PA,7x14,1,1,93
2026-09-03,storagesense,PA,7x15,1,1,177
2026-09-03,storagesense,PA,8x10,11,6,93
2026-09-03,storagesense,PA,8x14,1,1,114
2026-09-03,storagesense,PA,8x15,1,0,55
2026-09-03,storagesense,PA,8x16,1,1,89
2026-09-03,storagesense,PA,8x20,3,4,158
2026-09-03,storagesense,PA,8x5,1,1,33
2026-09-03,storagesense,PA,8x8,1,1,97
2026-09-03,storagesense,PA,9x18,3,1,98
2026-09-03,storagesense,PA,9x22,1,0,79
2026-09-03,storagesense,PA,9x32,1,0,79
2026-09-03,storagesense,PA,9x8,1,2,74
2026-09-03,storagesense,SC,10x10,36,21,88.5
2026-09-03,storagesense,SC,10x15,28,16,119.0
2026-09-03,storagesense,SC,10x18,1,1,229
2026-09-03,storagesense,SC,10x20,27,21,148
2026-09-03,storagesense,SC,10x22,1,2,208
2026-09-03,storagesense,SC,10x25,11,6,159
2026-09-03,storagesense,SC,10x30,5,3,249
2026-09-03,storagesense,SC,10x35,2,2,171.5
2026-09-03,storagesense,SC,10x5,4,4,77.5
2026-09-03,storagesense,SC,11x15,1,0,84
2026-09-03,storagesense,SC,11x20,2,1,63.0
2026-09-03,storagesense,SC,11x25,2,1,74.0
2026-09-03,storagesense,SC,11x30,2,0,77.5
2026-09-03,storagesense,SC,11x35,1,0,124
2026-09-03,storagesense,SC,11x40,2,0,90.5
2026-09-03,storagesense,SC,11x45,1,0,134
2026-09-03,storagesense,SC,11x55,1,1,144
2026-09-03,storagesense,SC,12x20,1,0,25
2026-09-03,storagesense,SC,12x24,1,1,302
2026-09-03,storagesense,SC,12x30,5,2,69
2026-09-03,storagesense,SC,12x35,3,1,209
2026-09-03,storagesense,SC,12x40,6,5,116.5
2026-09-03,storagesense,SC,12x50,2,1,306.0
2026-09-03,storagesense,SC,14x40,1,1,60
2026-09-03,storagesense,SC,15x15,3,5,158
2026-09-03,storagesense,SC,15x35,1,1,363
2026-09-03,storagesense,SC,15x40,1,2,383
2026-09-03,storagesense,SC,18x30,1,0,72
2026-09-03,storagesense,SC,20x10,1,2,239
2026-09-03,storagesense,SC,20x20,2,2,400.5
2026-09-03,storagesense,SC,5x10,27,17,49
2026-09-03,storagesense,SC,5x15,7,6,80
2026-09-03,storagesense,SC,5x20,1,1,94
2026-09-03,storagesense,SC,5x5,13,10,39
2026-09-03,storagesense,SC,8x10,5,8,89
2026-09-03,storagesense,TN,10x10,25,13,89
2026-09-03,storagesense,TN,10x12,1,2,132
2026-09-03,storagesense,TN,10x13,3,2,109
2026-09-03,storagesense,TN,10x15,13,9,129
2026-09-03,storagesense,TN,10x18,1,1,209
2026-09-03,storagesense,TN,10x20,21,14,164
2026-09-03,storagesense,TN,10x25,4,4,147.0
2026-09-03,storagesense,TN,10x3,1,1,34
2026-09-03,storagesense,TN,10x30,3,4,189
2026-09-03,storagesense,TN,10x5,2,0,47.5
2026-09-03,storagesense,TN,10x50,2,0,93.5
2026-09-03,storagesense,TN,11x30,1,0,49
2026-09-03,storagesense,TN,12x20,1,1,259
2026-09-03,storagesense,TN,12x40,1,0,99
2026-09-03,storagesense,TN,12x9,2,2,106.0
2026-09-03,storagesense,TN,20x20,1,1,279
2026-09-03,storagesense,TN,25x30,1,2,434
2026-09-03,storagesense,TN,5x10,20,8,64.0
2026-09-03,storagesense,TN,5x14,1,0,56
2026-09-03,storagesense,TN,5x15,3,4,99
2026-09-03,storagesense,TN,5x20,2,1,49.0
2026-09-03,storagesense,TN,5x5,6,3,30.5
2026-09-03,storagesense,TN,5x7,1,1,39
2026-09-03,storagesense,TN,8x10,1,0,69
2026-09-03,storagesense,TN,8x8,1,1,124
2026-09-03,storagesense,TX,10x10,34,15,70.0
2026-09-03,storagesense,TX,10x12,1,0,90
2026-09-03,storagesense,TX,10x15,25,20,110
2026-09-03,storagesense,TX,10x17,1,1,140
2026-09-03,storagesense,TX,10x18,2,2,150.0
2026-09-03,storagesense,TX,10x20,17,13,139
2026-09-03,storagesense,TX,10x22,2,2,236.0
2026-09-03,storagesense,TX,10x25,4,1,125.0
2026-09-03,storagesense,TX,10x30,11,8,146
2026-09-03,storagesense,TX,10x40,1,0,89
2026-09-03,storagesense,TX,10x5,2,2,85.5
2026-09-03,storagesense,TX,10x50,2,2,129.0
2026-09-03,storagesense,TX,10x7,1,0,84
2026-09-03,storagesense,TX,10x8,1,2,39
2026-09-03,storagesense,TX,11x38,1,0,99
2026-09-03,storagesense,TX,12x16,1,0,126
2026-09-03,storagesense,TX,12x20,1,1,144
2026-09-03,storagesense,TX,12x25,1,2,437
2026-09-03,storagesense,TX,12x30,2,1,153.5
2026-09-03,storagesense,TX,12x32,2,0,64.5
2026-09-03,storagesense,TX,12x42,1,1,130
2026-09-03,storagesense,TX,12x60,1,1,149
2026-09-03,storagesense,TX,15x30,1,1,87
2026-09-03,storagesense,TX,15x40,2,2,94.5
2026-09-03,storagesense,TX,20x30,1,1,449
2026-09-03,storagesense,TX,3x4,1,2,12
2026-09-03,storagesense,TX,3x8,1,1,69
2026-09-03,storagesense,TX,5x10,25,20,45
2026-09-03,storagesense,TX,5x15,1,0,74
2026-09-03,storagesense,TX,5x5,17,9,30
2026-09-03,storagesense,TX,5x8,1,1,85
2026-09-03,storagesense,TX,6x10,2,0,46.5
2026-09-03,storagesense,TX,7x10,2,3,71.0
2026-09-03,storagesense,TX,8x10,1,0,42
2026-09-03,storagesense,TX,8x20,1,0,22
2026-09-03,storagesense,UT,10x10,1,1,82
2026-09-03,storagesense,UT,10x12,1,1,76
2026-09-03,storagesense,UT,10x15,1,0,78
2026-09-03,storagesense,UT,10x17,1,1,173
2026-09-03,storagesense,UT,10x27,1,2,104
2026-09-03,storagesense,UT,10x30,1,1,252
2026-09-03,storagesense,UT,11x34,1,1,189
2026-09-03,storagesense,UT,12x15,1,1,99
2026-09-03,storagesense,UT,12x30,1,1,196
2026-09-03,storagesense,UT,12x40,1,1,330
2026-09-03,storagesense,UT,5x12,1,1,32
2026-09-03,storagesense,UT,6x6,1,1,35
2026-09-03,storagesense,VA,10x10,26,16,165.5
2026-09-03,storagesense,VA,10x15,21,18,225
2026-09-03,storagesense,VA,10x20,15,8,263
2026-09-03,storagesense,VA,10x25,3,2,169
2026-09-03,storagesense,VA,10x30,8,7,287.0
2026-09-03,storagesense,VA,10x8,1,0,189
2026-09-03,storagesense,VA,15x15,1,1,301
2026-09-03,storagesense,VA,20x20,1,0,261
2026-09-03,storagesense,VA,5x10,17,9,109
2026-09-03,storagesense,VA,5x15,7,4,114
2026-09-03,storagesense,VA,5x20,1,1,140
2026-09-03,storagesense,VA,5x5,17,9,89
2026-09-03,storagesense,VA,7x10,1,2,120
2026-09-03,storagesense,VA,8x10,2,3,124.0
2026-09-03,storagesense,WI,10x10,5,1,129
2026-09-03,storagesense,WI,10x13,1,0,164
2026-09-03,storagesense,WI,10x15,3,1,144
2026-09-03,storagesense,WI,10x20,4,2,250.5
2026-09-03,storagesense,WI,10x25,2,1,349.0
2026-09-03,storagesense,WI,10x30,3,4,429
2026-09-03,storagesense,WI,12x30,1,1,679
2026-09-03,storagesense,WI,15x15,1,2,399
2026-09-03,storagesense,WI,5x10,3,2,99
2026-09-03,storagesense,WI,5x15,2,2,89.0
2026-09-03,storagesense,WI,5x5,2,0,47.0
2026-09-03,storagesense,WI,8x10,1,1,124
2026-09-03,storagesense,WV,10x10,2,1,68.5
2026-09-03,storagesense,WV,10x15,1,0,100
2026-09-03,storagesense,WV,10x17,1,1,152
2026-09-03,storagesense,WV,10x20,1,0,107
2026-09-03,storagesense,WV,10x25,1,1,122
2026-09-03,storagesense,WV,10x40,2,3,109.5
2026-09-03,storagesense,WV,20x15,1,1,134
2026-09-03,storagesense,WV,5x10,2,0,37.0
2026-09-03,storagesense,WV,5x15,1,1,58
2026-09-03,storagesense,WV,5x5,2,0,29.5
2026-09-04,storagesense,AL,10x10,47,20,64
2026-09-04,storagesense,AL,10x12,2,1,84.0
2026-09-04,storagesense,AL,10x13,1,2,64
2026-09-04,storagesense,AL,10x15,35,22,84
2026-09-04,storagesense,AL,10x18,1,1,79
2026-09-04,storagesense,AL,10x19,1,1,141
2026-09-04,storagesense,AL,10x20,42,18,104.0
2026-09-04,storagesense,AL,10x22,1,1,154
2026-09-04,storagesense,AL,10x25,12,11,134.0
2026-09-04,storagesense,AL,10x30,15,14,144
2026-09-04,storagesense,AL,10x35,1,1,199
2026-09-04,storagesense,AL,10x40,1,0,99
2026-09-04,storagesense,AL,10x5,5,4,65
2026-09-04,storagesense,AL,10x6,1,1,85
2026-09-04,storagesense,AL,10x7,1,0,79
2026-09-04,storagesense,AL,10x9,1,0,89
2026-09-04,storagesense,AL,11x10,1,1,104
2026-09-04,storagesense,AL,11x20,1,1,173
2026-09-04,storagesense,AL,11x55,1,0,49
2026-09-04,storagesense,AL,12x10,2,1,74.0
2026-09-04,storagesense,AL,12x15,2,2,99.0
2026-09-04,storagesense,AL,12x20,2,2,132.5
2026-09-04,storagesense,AL,12x25,1,2,24
2026-09-04,storagesense,AL,12x30,2,1,96.0
2026-09-04,storagesense,AL,12x35,1,0,311
2026-09-04,storagesense,AL,12x40,2,2,159.0
2026-09-04,storagesense,AL,12x45,1,1,154
2026-09-04,storagesense,AL,12x50,1,0,179
2026-09-04,storagesense,AL,13x20,1,1,214
2026-09-04,storagesense,AL,14x10,1,1,142
2026-09-04,storagesense,AL,14x20,1,1,249
2026-09-04,storagesense,AL,14x37,1,0,44
2026-09-04,storagesense,AL,14x45,2,0,141.5
2026-09-04,storagesense,AL,14x50,1,0,189
2026-09-04,storagesense,AL,14x60,1,0,389
2026-09-04,storagesense,AL,15x20,2,2,174.0
2026-09-04,storagesense,AL,15x30,1,0,269
2026-09-04,storagesense,AL,16x10,1,1,175
2026-09-04,storagesense,AL,16x40,1,0,32
2026-09-04,storagesense,AL,18x10,2,2,160.5
2026-09-04,storagesense,AL,18x15,1,1,229
2026-09-04,storagesense,AL,20x12,1,1,242
2026-09-04,storagesense,AL,20x15,4,5,115.0
2026-09-04,storagesense,AL,20x18,1,1,308
2026-09-04,storagesense,AL,20x20,4,6,235.0
2026-09-04,storagesense,AL,20x25,3,5,299
2026-09-04,storagesense,AL,21x10,1,0,224
2026-09-04,storagesense,AL,25x12,1,1,279
2026-09-04,storagesense,AL,25x40,1,1,199
2026-09-04,storagesense,AL,27x10,1,1,259
2026-09-04,storagesense,AL,30x10,1,2,154
2026-09-04,storagesense,AL,4x15,1,2,34
2026-09-04,storagesense,AL,5x10,38,7,37.0
2026-09-04,storagesense,AL,5x15,3,3,98
2026-09-04,storagesense,AL,5x18,1,1,54
2026-09-04,storagesense,AL,5x20,2,3,41.5
2026-09-04,storagesense,AL,5x4,1,1,44
2026-09-04,storagesense,AL,5x5,15,10,36
2026-09-04,storagesense,AL,8x10,4,3,129.0
2026-09-04,storagesense,AL,9x18,1,2,19
2026-09-04,storagesense,AL,9x20,1,0,135
2026-09-04,storagesense,AZ,10x10,3,4,168
2026-09-04,storagesense,AZ,10x15,1,0,193
2026-09-04,storagesense,AZ,10x20,1,0,203
2026-09-04,storagesense,AZ,10x25,1,0,244
2026-09-04,storagesense,AZ,10x30,1,1,326
2026-09-04,storagesense,AZ,10x40,1,2,390
2026-09-04,storagesense,AZ,10x5,2,1,116.5
2026-09-04,storagesense,AZ,5x10,4,0,132.0
2026-09-04,storagesense,AZ,5x15,1,2,148
2026-09-04,storagesense,AZ,5x5,4,1,93.5
2026-09-04,storagesense,CO,10x10,3,2,83
2026-09-04,storagesense,CO,10x15,1,0,181
2026-09-04,storagesense,CO,10x20,2,0,176.5
2026-09-04,storagesense,CO,10x25,1,0,293
2026-09-04,storagesense,CO,10x30,2,2,318.0
2026-09-04,storagesense,CO,12x15,1,1,32
2026-09-04,storagesense,CO,12x20,1,0,56
2026-09-04,storagesense,CO,12x30,1,0,82
2026-09-04,storagesense,CO,12x40,1,0,92
2026-09-04,storagesense,CO,12x50,1,2,149
2026-09-04,storagesense,CO,14x40,1,1,57
2026-09-04,storagesense,CO,5x10,3,0,59
2026-09-04,storagesense,CO,5x4,1,1,25
2026-09-04,storagesense,CO,5x5,2,0,55.0
2026-09-04,storagesense,CO,5x8,2,2,57.5
2026-09-04,storagesense,CO,8x10,3,0,65
2026-09-04,storagesense,CO,8x15,3,2,99
2026-09-04,storagesense,CO,8x20,2,1,120.5
2026-09-04,storagesense,CO,8x30,1,2,114
2026-09-04,storagesense,CO,8x40,1,2,112
2026-09-04,storagesense,CO,8x5,1,1,23
2026-09-04,storagesense,CO,8x6,1,0,30
2026-09-04,storagesense,CT,10x10,14,12,110.0
2026-09-04,storagesense,CT,10x15,7,5,112
2026-09-04,storagesense,CT,10x20,14,9,154.5
2026-09-04,storagesense,CT,10x25,3,4,147
2026-09-04,storagesense,CT,10x27,1,0,117
2026-09-04,storagesense,CT,10x30,4,6,167.0
2026-09-04,storagesense,CT,10x35,1,0,152
2026-09-04,storagesense,CT,10x38,1,1,157
2026-09-04,storagesense,CT,10x40,1,0,167
2026-09-04,storagesense,CT,10x50,1,1,192
2026-09-04,storagesense,CT,12x20,1,1,74
2026-09-04,storagesense,CT,12x30,1,1,112
2026-09-04,storagesense,CT,12x35,1,1,137
2026-09-04,storagesense,CT,20x20,1,1,265
2026-09-04,storagesense,CT,30x50,1,1,760
2026-09-04,storagesense,CT,3x6,1,0,40
2026-09-04,storagesense,CT,4x4,1,1,36
2026-09-04,storagesense,CT,5x10,16,15,78.0
2026-09-04,storagesense,CT,5x15,3,2,72
2026-09-04,storagesense,CT,5x20,3,3,91
2026-09-04,storagesense,CT,5x5,9,8,52
2026-09-04,storagesense,CT,5x8,2,1,53.0
2026-09-04,storagesense,CT,5x9,1,1,60
2026-09-04,storagesense,CT,8x10,2,3,83.5
2026-09-04,storagesense,CT,8x15,1,1,135
2026-09-04,storagesense,CT,8x20,1,0,450
2026-09-04,storagesense,FL,10x10,11,10,117
2026-09-04,storagesense,FL,10x12,1,0,104
2026-09-04,storagesense,FL,10x15,7,5,177
2026-09-04,storagesense,FL,10x20,11,5,199
2026-09-04,storagesense,FL,10x25,4,2,207.5
2026-09-04,storagesense,FL,10x30,3,1,212
2026-09-04,storagesense,FL,10x35,1,0,302
2026-09-04,storagesense,FL,10x40,2,2,193.5
2026-09-04,storagesense,FL,10x5,2,3,34.0
2026-09-04,storagesense,FL,12x12,1,1,189
2026-09-04,storagesense,FL,12x20,3,0,199
2026-09-04,storagesense,FL,12x24,2,1,214.0
2026-09-04,storagesense,FL,12x30,1,0,109
2026-09-04,storagesense,FL,12x37,1,1,449
2026-09-04,storagesense,FL,12x40,3,1,117
2026-09-04,storagesense,FL,12x50,1,0,244
2026-09-04,storagesense,FL,12x60,1,2,145
2026-09-04,storagesense,FL,12x70,1,1,149
2026-09-04,storagesense,FL,12x80,1,1,280
2026-09-04,storagesense,FL,14x35,1,2,686
2026-09-04,storagesense,FL,15x15,2,2,360.5
2026-09-04,storagesense,FL,15x20,4,5,320.0
2026-09-04,storagesense,FL,16x6,1,1,79
2026-09-04,storagesense,FL,21x22,1,1,244
2026-09-04,storagesense,FL,24x48,1,1,1273
2026-09-04,storagesense,FL,3x4,3,2,9
2026-09-04,storagesense,FL,3x6,1,0,14
2026-09-04,storagesense,FL,3x8,1,1,14
2026-09-04,storagesense,FL,4x4,4,1,10.5
2026-09-04,storagesense,FL,4x6,1,0,14
2026-09-04,storagesense,FL,4x7,1,0,9
2026-09-04,storagesense,FL,5x10,10,3,50.5
2026-09-04,storagesense,FL,5x12,1,1,69
2026-09-04,storagesense,FL,5x15,1,0,95
2026-09-04,storagesense,FL,5x5,7,4,29
2026-09-04,storagesense,FL,5x6,1,2,39
2026-09-04,storagesense,FL,5x7,1,0,35
2026-09-04,storagesense,FL,5x8,1,0,49
2026-09-04,storagesense,FL,6x10,2,1,64.0
2026-09-04,storagesense,FL,6x16,1,1,79
2026-09-04,storagesense,FL,6x8,1,0,39
2026-09-04,storagesense,FL,7x10,2,2,79.5
2026-09-04,storagesense,FL,7x12,1,2,83
2026-09-04,storagesense,FL,7x8,1,1,59
2026-09-04,storagesense,FL,8x10,1,1,69
2026-09-04,storagesense,FL,8x12,3,4,79
2026-09-04,storagesense,FL,8x8,1,0,34
2026-09-04,storagesense,FL,9x18,1,0,59
2026-09-04,storagesense,FL,9x6,1,1,49
2026-09-04,storagesense,GA,10x10,65,30,72
2026-09-04,storagesense,GA,10x12,6,4,107.5
2026-09-04,storagesense,GA,10x13,1,1,169
2026-09-04,storagesense,GA,10x15,62,36,106.0
2026-09-04,storagesense,GA,10x18,4,3,99.0
2026-09-04,storagesense,GA,10x20,47,32,129
2026-09-04,storagesense,GA,10x25,11,10,161
2026-09-04,storagesense,GA,10x30,21,22,194
2026-09-04,storagesense,GA,10x35,1,1,149
2026-09-04,storagesense,GA,10x40,1,0,403
2026-09-04,storagesense,GA,10x5,13,6,55
2026-09-04,storagesense,GA,10x7,1,0,106
2026-09-04,storagesense,GA,10x8,2,1,36.0
2026-09-04,storagesense,GA,10x9,1,2,64
2026-09-04,storagesense,GA,12x10,2,2,172.5
2026-09-04,storagesense,GA,12x12,1,1,59
2026-09-04,storagesense,GA,12x15,2,3,74.0
2026-09-04,storagesense,GA,12x20,3,3,99
2026-09-04,storagesense,GA,12x25,2,1,192.5
2026-09-04,storagesense,GA,12x30,4,4,202.0
2026-09-04,storagesense,GA,12x35,2,2,176.5
2026-09-04,storagesense,GA,12x40,1,2,475
2026-09-04,storagesense,GA,15x10,8,4,100.5
2026-09-04,storagesense,GA,15x15,3,4,174
2026-09-04,storagesense,GA,15x20,3,3,195
2026-09-04,storagesense,GA,15x25,1,2,249
2026-09-04,storagesense,GA,15x45,1,0,184
2026-09-04,storagesense,GA,20x10,5,2,154
2026-09-04,storagesense,GA,20x15,1,1,169
2026-09-04,storagesense,GA,20x20,1,1,564
2026-09-04,storagesense,GA,20x5,1,1,122
2026-09-04,storagesense,GA,22.5x10,1,1,199
2026-09-04,storagesense,GA,24x40,1,1,899
2026-09-04,storagesense,GA,30x10,2,2,248.0
2026-09-04,storagesense,GA,32.5x10,1,1,209
2026-09-04,storagesense,GA,3x8,1,1,74
2026-09-04,storagesense,GA,40x20,1,1,429
2026-09-04,storagesense,GA,5x10,46,32,49.0
2026-09-04,storagesense,GA,5x12,1,1,89
2026-09-04,storagesense,GA,5x13,1,1,99
2026-09-04,storagesense,GA,5x15,19,19,60
2026-09-04,storagesense,GA,5x2,2,0,17.5
2026-09-04,storagesense,GA,5x20,3,1,53
2026-09-04,storagesense,GA,5x25,1,2,49
2026-09-04,storagesense,GA,5x5,16,9,29.5
2026-09-04,storagesense,GA,5x7,1,1,44
2026-09-04,storagesense,GA,5x8,1,1,112
2026-09-04,storagesense,GA,6x14,1,1,80
2026-09-04,storagesense,GA,7.5x10,1,1,74
2026-09-04,storagesense,GA,7.5x15,1,2,89
2026-09-04,storagesense,GA,7x10,1,2,106
2026-09-04,storagesense,GA,7x20,1,1,179
2026-09-04,storagesense,GA,7x9,1,0,40
2026-09-04,storagesense,GA,8x10,7,4,69
2026-09-04,storagesense,GA,8x12,1,1,39
2026-09-04,storagesense,GA,8x20,1,0,154
2026-09-04,storagesense,GA,8x24,1,0,105
2026-09-04,storagesense,ID,10x10,6,4,90.5
2026-09-04,storagesense,ID,10x15,3,0,123
2026-09-04,storagesense,ID,10x20,3,0,139
2026-09-04,storagesense,ID,14x45,2,0,414.0
2026-09-04,storagesense,ID,15x20,3,0,179
2026-09-04,storagesense,ID,20x10,3,0,139
2026-09-04,storagesense,IL,10x10,13,4,123
2026-09-04,storagesense,IL,10x15,7,4,149
2026-09-04,storagesense,IL,10x20,9,10,105
2026-09-04,storagesense,IL,10x25,2,1,212.0
2026-09-04,storagesense,IL,10x30,7,5,199
2026-09-04,storagesense,IL,10x40,1,0,39
2026-09-04,storagesense,IL,10x5,6,2,67.5
2026-09-04,storagesense,IL,10x6,1,3,92
2026-09-04,storagesense,IL,10x8,2,1,89.5
2026-09-04,storagesense,IL,11x35,1,2,289
2026-09-04,storagesense,IL,12x12,1,3,155
2026-09-04,storagesense,IL,12x20,1,0,129
2026-09-04,storagesense,IL,12x25,1,0,82
2026-09-04,storagesense,IL,12x30,3,3,149
2026-09-04,storagesense,IL,12x40,1,0,159
2026-09-04,storagesense,IL,12x45,1,2,49
2026-09-04,storagesense,IL,12x55,1,1,182
2026-09-04,storagesense,IL,13x10,1,0,149
2026-09-04,storagesense,IL,13x15,1,2,172
2026-09-04,storagesense,IL,15x10,2,0,128.5
2026-09-04,storagesense,IL,15x5,1,0,59
2026-09-04,storagesense,IL,20x10,3,3,114
2026-09-04,storagesense,IL,20x8,1,0,168
2026-09-04,storagesense,IL,24x12,1,2,199
2026-09-04,storagesense,IL,25x12,1,0,111
2026-09-04,storagesense,IL,30x10,2,1,180.0
2026-09-04,storagesense,IL,30x8,1,1,129
2026-09-04,storagesense,IL,40x10,1,1,298
2026-09-04,storagesense,IL,40x12,1,0,148
2026-09-04,storagesense,IL,40x20,1,0,675
2026-09-04,storagesense,IL,5x10,10,2,93.5
2026-09-04,storagesense,IL,5x15,3,2,72
2026-09-04,storagesense,IL,5x5,6,5,78.0
2026-09-04,storagesense,IL,6x5,1,0,49
2026-09-04,storagesense,IL,8x20,1,0,89
2026-09-04,storagesense,IL,8x40,1,0,199
2026-09-04,storagesense,IN,10x10,5,5,111
2026-09-04,storagesense,IN,10x15,3,2,167
2026-09-04,storagesense,IN,10x20,4,4,206.5
2026-09-04,storagesense,IN,10x5,1,0,57
2026-09-04,storagesense,IN,10x8,1,0,71
2026-09-04,storagesense,IN,15x10,1,0,113
2026-09-04,storagesense,IN,15x8,1,0,109
2026-09-04,storagesense,IN,20x10,1,1,138
2026-09-04,storagesense,IN,20x12,1,0,157
2026-09-04,storagesense,IN,30x12,1,0,171
2026-09-04,storagesense,IN,5x10,2,2,64.0
2026-09-04,storagesense,IN,5x15,3,4,74
2026-09-04,storagesense,IN,5x5,3,3,43
2026-09-04,storagesense,KS,10x10,3,1,136
2026-09-04,storagesense,KS,10x15,3,5,169
2026-09-04,storagesense,KS,10x20,4,2,202.5
2026-09-04,storagesense,KS,10x25,1,2,249
2026-09-04,storagesense,KS,10x30,2,0,185.5
2026-09-04,storagesense,KS,12x40,1,0,349
2026-09-04,storagesense,KS,20x50,1,0,999
2026-09-04,storagesense,KS,25x50,1,1,1099
2026-09-04,storagesense,KS,32x40,1,2,1140
2026-09-04,storagesense,KS,5x10,2,1,114.0
2026-09-04,storagesense,KY,10x10,21,10,106
2026-09-04,storagesense,KY,10x12,1,0,124
2026-09-04,storagesense,KY,10x15,21,15,136
2026-09-04,storagesense,KY,10x18,2,2,189.0
2026-09-04,storagesense,KY,10x20,15,9,179
2026-09-04,storagesense,KY,10x25,1,1,259
2026-09-04,storagesense,KY,10x30,7,5,164
2026-09-04,storagesense,KY,10x40,4,4,254.0
2026-09-04,storagesense,KY,10x5,2,0,74.0
2026-09-04,storagesense,KY,10x7,1,0,74
2026-09-04,storagesense,KY,12x12,1,1,54
2026-09-04,storagesense,KY,12x30,1,1,169
2026-09-04,storagesense,KY,12x60,1,0,96
2026-09-04,storagesense,KY,14x10,1,1,164
2026-09-04,storagesense,KY,5x10,18,17,84.0
2026-09-04,storagesense,KY,5x12,1,1,106
2026-09-04,storagesense,KY,5x15,2,0,82.5
2026-09-04,storagesense,KY,5x20,1,1,139
2026-09-04,storagesense,KY,5x5,6,1,65.0
2026-09-04,storagesense,KY,7x10,3,1,109
2026-09-04,storagesense,KY,7x12,1,1,84
2026-09-04,storagesense,KY,8x5,2,2,94.0
2026-09-04,storagesense,KY,9x30,2,2,199.0
2026-09-04,storagesense,LA,10x10,20,12,77.5
2026-09-04,storagesense,LA,10x15,17,17,92
2026-09-04,storagesense,LA,10x17,1,2,138
2026-09-04,storagesense,LA,10x20,13,12,109
2026-09-04,storagesense,LA,10x25,3,5,89
2026-09-04,storagesense,LA,10x30,4,6,163.5
2026-09-04,storagesense,LA,10x35,1,2,29
2026-09-04,storagesense,LA,10x40,1,1,199
2026-09-04,storagesense,LA,12.5x40.7,1,1,266
2026-09-04,storagesense,LA,12x15,1,1,16
2026-09-04,storagesense,LA,12x18,1,1,69
2026-09-04,storagesense,LA,12x20,2,2,57.0
2026-09-04,storagesense,LA,12x22,1,1,97
2026-09-04,storagesense,LA,12x25,3,4,60
2026-09-04,storagesense,LA,12x30,3,1,66
2026-09-04,storagesense,LA,12x32,1,1,39
2026-09-04,storagesense,LA,12x35,2,0,40.5
2026-09-04,storagesense,LA,12x40,2,2,136.0
2026-09-04,storagesense,LA,12x45,1,1,54
2026-09-04,storagesense,LA,15x20,1,1,24
2026-09-04,storagesense,LA,20x10,1,1,199
2026-09-04,storagesense,LA,4x3,1,0,37
2026-09-04,storagesense,LA,4x5,1,0,19
2026-09-04,storagesense,LA,4x7,2,1,26.0
2026-09-04,storagesense,LA,5x10,18,10,40.5
2026-09-04,storagesense,LA,5x15,4,7,76.0
2026-09-04,storagesense,LA,5x5,16,4,19.5
2026-09-04,storagesense,LA,5x8,1,0,29
2026-09-04,storagesense,LA,6x10,1,0,44
2026-09-04,storagesense,LA,6x9,1,0,49
2026-09-04,storagesense,LA,7.5x10,1,2,75
2026-09-04,storagesense,LA,8x12,1,0,52
2026-09-04,storagesense,LA,8x18,2,1,54.0
2026-09-04,storagesense,MA,10x10,3,2,113
2026-09-04,storagesense,MA,10x15,4,2,184.0
2026-09-04,storagesense,MA,10x20,4,2,315.0
2026-09-04,storagesense,MA,10x30,1,1,422
2026-09-04,storagesense,MA,3x5,1,1,76
2026-09-04,storagesense,MA,5x10,3,0,50
2026-09-04,storagesense,MA,5x13,1,2,69
2026-09-04,storagesense,MA,5x5,3,1,42
2026-09-04,storagesense,MA,5x8,1,1,45
2026-09-04,storagesense,MD,10x10,9,5,129
2026-09-04,storagesense,MD,10x15,5,1,124
2026-09-04,storagesense,MD,10x20,4,5,184.0
2026-09-04,storagesense,MD,10x40,1,2,379
2026-09-04,storagesense,MD,10x5,3,3,99
2026-09-04,storagesense,MD,10x8,1,0,139
2026-09-04,storagesense,MD,12x40,1,0,159
2026-09-04,storagesense,MD,15x15,2,1,142.5
2026-09-04,storagesense,MD,15x20,3,4,429
2026-09-04,storagesense,MD,20x20,1,1,379
2026-09-04,storagesense,MD,20x25,1,1,414
2026-09-04,storagesense,MD,5x10,10,4,84.0
2026-09-04,storagesense,MD,5x15,2,1,109.0
2026-09-04,storagesense,MD,5x5,7,2,76
2026-09-04,storagesense,MD,8x20,2,1,254.5
2026-09-04,storagesense,MI,10x10,38,19,104.0
2026-09-04,storagesense,MI,10x12,1,0,109
2026-09-04,storagesense,MI,10x13,3,2,199
2026-09-04,storagesense,MI,10x15,19,14,130
2026-09-04,storagesense,MI,10x20,32,25,144.5
2026-09-04,storagesense,MI,10x25,11,10,144
2026-09-04,storagesense,MI,10x30,19,21,215
2026-09-04,storagesense,MI,10x35,2,0,62.5
2026-09-04,storagesense,MI,10x40,2,2,114.0
2026-09-04,storagesense,MI,10x5,3,3,39
2026-09-04,storagesense,MI,12x10,3,2,87
2026-09-04,storagesense,MI,12x15,1,2,177
2026-09-04,storagesense,MI,12x25,1,0,85
2026-09-04,storagesense,MI,12x27,1,0,89
2026-09-04,storagesense,MI,12x30,6,4,182.0
2026-09-04,storagesense,MI,12x35,2,1,85.5
2026-09-04,storagesense,MI,12x40,5,4,87
2026-09-04,storagesense,MI,12x50,1,0,200
2026-09-04,storagesense,MI,12x54,1,0,220
2026-09-04,storagesense,MI,13x15,1,2,79
2026-09-04,storagesense,MI,13x20,1,1,112
2026-09-04,storagesense,MI,13x60,1,1,165
2026-09-04,storagesense,MI,14x25,1,1,224
2026-09-04,storagesense,MI,14x40,1,0,94
2026-09-04,storagesense,MI,15x15,2,2,205.0
2026-09-04,storagesense,MI,15x20,1,1,284
2026-09-04,storagesense,MI,16x16,1,1,250
2026-09-04,storagesense,MI,20x10,1,1,199
2026-09-04,storagesense,MI,20x15,1,1,217
2026-09-04,storagesense,MI,20x20,3,4,417
2026-09-04,storagesense,MI,30x10,1,1,139
2026-09-04,storagesense,MI,4x3,2,0,25.5
2026-09-04,storagesense,MI,5x10,40,11,52.5
2026-09-04,storagesense,MI,5x15,12,9,71.0
2026-09-04,storagesense,MI,5x5,20,15,32.0
2026-09-04,storagesense,MI,5x6,1,2,22
2026-09-04,storagesense,MI,5x7,2,3,60.5
2026-09-04,storagesense,MI,5x8,3,3,49
2026-09-04,storagesense,MI,6x10,1,1,129
2026-09-04,storagesense,MI,7.5x10,1,1,132
2026-09-04,storagesense,MI,7x10,4,2,74.5
2026-09-04,storagesense,MI,7x14,1,1,85
2026-09-04,storagesense,MI,8x10,2,2,65.0
2026-09-04,storagesense,MI,8x12,1,1,149
2026-09-04,storagesense,MI,8x18,1,1,162
2026-09-04,storagesense,MI,8x19,1,1,124
2026-09-04,storagesense,MI,8x7,1,1,99
2026-09-04,storagesense,MI,8x8,1,1,57
2026-09-04,storagesense,MN,10x20,2,0,141.5
2026-09-04,storagesense,MN,10x40,1,0,218
2026-09-04,storagesense,MN,12x30,1,0,193
2026-09-04,storagesense,MN,20x20,1,0,205
2026-09-04,storagesense,MN,5x10,1,0,46
2026-09-04,storagesense,MO,10x10,9,2,89
2026-09-04,storagesense,MO,10x15,7,6,139
2026-09-04,storagesense,MO,10x18,1,1,159
2026-09-04,storagesense,MO,10x20,9,6,139
2026-09-04,storagesense,MO,10x24,2,3,129.5
2026-09-04,storagesense,MO,10x25,4,4,169.0
2026-09-04,storagesense,MO,10x30,3,1,224
2026-09-04,storagesense,MO,10x40,1,0,29
2026-09-04,storagesense,MO,10x5,1,1,79
2026-09-04,storagesense,MO,12x30,4,7,211.5
2026-09-04,storagesense,MO,20x15,1,1,249
2026-09-04,storagesense,MO,20x20,1,1,136
2026-09-04,storagesense,MO,3x10,1,0,44
2026-09-04,storagesense,MO,3x6,1,0,14
2026-09-04,storagesense,MO,5x10,4,4,64.0
2026-09-04,storagesense,MO,5x15,1,1,74
2026-09-04,storagesense,MO,5x5,2,3,44.0
2026-09-04,storagesense,MO,5x8,1,1,59
2026-09-04,storagesense,MO,7x10,1,2,74
2026-09-04,storagesense,MO,8x10,1,2,94
2026-09-04,storagesense,MO,8x16,1,2,119
2026-09-04,storagesense,MS,10x10,10,1,75.5
2026-09-04,storagesense,MS,10x15,5,3,119
2026-09-04,storagesense,MS,10x20,10,5,105.5
2026-09-04,storagesense,MS,10x25,2,3,186.0
2026-09-04,storagesense,MS,10x30,4,1,122.5
2026-09-04,storagesense,MS,10x5,1,1,65
2026-09-04,storagesense,MS,20x20,2,1,178.0
2026-09-04,storagesense,MS,5x10,10,3,55.5
2026-09-04,storagesense,MS,5x15,1,0,30
2026-09-04,storagesense,MS,5x5,4,4,53.0
2026-09-04,storagesense,NC,10x10,28,15,99.0
2026-09-04,storagesense,NC,10x13,1,1,179
2026-09-04,storagesense,NC,10x15,21,12,96
2026-09-04,storagesense,NC,10x18,3,3,185
2026-09-04,storagesense,NC,10x19,1,0,190
2026-09-04,storagesense,NC,10x20,18,10,139.0
2026-09-04,storagesense,NC,10x23,2,2,222.5
2026-09-04,storagesense,NC,10x25,4,3,159.5
2026-09-04,storagesense,NC,10x30,7,4,119
2026-09-04,storagesense,NC,10x32,1,1,126
2026-09-04,storagesense,NC,10x35,1,1,182
2026-09-04,storagesense,NC,10x5,1,0,48
2026-09-04,storagesense,NC,10x50,1,1,189
2026-09-04,storagesense,NC,10x7.5,1,0,51
2026-09-04,storagesense,NC,10x9,1,0,130
2026-09-04,storagesense,NC,11x40,1,2,159
2026-09-04,storagesense,NC,12x15,1,0,149
2026-09-04,storagesense,NC,12x25,3,3,49
2026-09-04,storagesense,NC,12x30,1,1,66
2026-09-04,storagesense,NC,12x40,1,0,74
2026-09-04,storagesense,NC,12x50,1,1,290
2026-09-04,storagesense,NC,15x10,2,2,77.5
2026-09-04,storagesense,NC,15x18,1,1,230
2026-09-04,storagesense,NC,15x20,1,0,299
2026-09-04,storagesense,NC,15x30,2,2,312.5
2026-09-04,storagesense,NC,15x5,1,1,249
2026-09-04,storagesense,NC,16x10,1,1,162
2026-09-04,storagesense,NC,20x10,2,1,211.5
2026-09-04,storagesense,NC,20x15,1,1,137
2026-09-04,storagesense,NC,20x20,1,1,174
2026-09-04,storagesense,NC,20x30,2,2,389.0
2026-09-04,storagesense,NC,3x10,1,0,77
2026-09-04,storagesense,NC,3x6,1,0,60
2026-09-04,storagesense,NC,4x10,1,0,85
2026-09-04,storagesense,NC,4x14,1,2,124
2026-09-04,storagesense,NC,4x4,1,0,12
2026-09-04,storagesense,NC,4x5,1,1,65
2026-09-04,storagesense,NC,4x8,1,2,79
2026-09-04,storagesense,NC,5x10,28,19,58.5
2026-09-04,storagesense,NC,5x15,9,8,40
2026-09-04,storagesense,NC,5x5,12,9,37.0
2026-09-04,storagesense,NC,5x6,1,1,75
2026-09-04,storagesense,NC,5x7,1,2,80
2026-09-04,storagesense,NC,5x8,2,2,62.5
2026-09-04,storagesense,NC,5x9,1,0,95
2026-09-04,storagesense,NC,6x6,1,0,82
2026-09-04,storagesense,NC,7.5x10,1,0,51
2026-09-04,storagesense,NC,7x3,1,1,69
2026-09-04,storagesense,NC,8x10,7,4,116
2026-09-04,storagesense,NC,8x15,1,0,150
2026-09-04,storagesense,NC,8x8,1,0,124
2026-09-04,storagesense,NC,8x9,1,0,115
2026-09-04,storagesense,NC,9x10,1,0,130
2026-09-04,storagesense,NC,9x15,1,1,170
2026-09-04,storagesense,NC,9x20,1,1,185
2026-09-04,storagesense,NC,9x30,1,1,230
2026-09-04,storagesense,NH,10x10,2,1,68.0
2026-09-04,storagesense,NH,10x15,2,1,123.5
2026-09-04,storagesense,NH,10x20,4,3,117.0
2026-09-04,storagesense,NH,10x30,4,4,151.0
2026-09-04,storagesense,NH,5x10,2,1,31.0
2026-09-04,storagesense,NH,5x15,2,1,50.0
2026-09-04,storagesense,NH,5x5,1,1,20
2026-09-04,storagesense,NJ,10x10,30,30,99.0
2026-09-04,storagesense,NJ,10x12,1,1,121
2026-09-04,storagesense,NJ,10x13,1,1,164
2026-09-04,storagesense,NJ,10x15,14,13,114.0
2026-09-04,storagesense,NJ,10x20,18,17,124.0
2026-09-04,storagesense,NJ,10x25,8,7,142.5
2026-09-04,storagesense,NJ,10x30,7,8,156
2026-09-04,storagesense,NJ,10x35,1,1,211
2026-09-04,storagesense,NJ,10x40,2,1,193.5
2026-09-04,storagesense,NJ,10x45,1,1,251
2026-09-04,storagesense,NJ,10x5,1,2,25
2026-09-04,storagesense,NJ,12x15,1,1,229
2026-09-04,storagesense,NJ,12x40,1,2,64
2026-09-04,storagesense,NJ,15x20,1,2,176
2026-09-04,storagesense,NJ,20x10,2,2,117.0
2026-09-04,storagesense,NJ,20x15,2,2,162.0
2026-09-04,storagesense,NJ,20x20,2,0,198.0
2026-09-04,storagesense,NJ,20x25,1,2,230
2026-09-04,storagesense,NJ,3x10,1,1,70
2026-09-04,storagesense,NJ,4x5,1,3,34
2026-09-04,storagesense,NJ,5x10,25,22,60
2026-09-04,storagesense,NJ,5x12,1,1,67
2026-09-04,storagesense,NJ,5x15,6,4,66.5
2026-09-04,storagesense,NJ,5x5,14,11,45.5
2026-09-04,storagesense,NJ,5x7,1,2,74
2026-09-04,storagesense,NJ,6x4,1,1,49
2026-09-04,storagesense,NJ,8x10,1,0,119
2026-09-04,storagesense,NJ,8x20,2,3,82.5
2026-09-04,storagesense,NY,0x30,1,0,71
2026-09-04,storagesense,NY,10x10,18,10,118.5
2026-09-04,storagesense,NY,10x12,2,0,239.0
2026-09-04,storagesense,NY,10x13,1,1,138
2026-09-04,storagesense,NY,10x15,15,13,174
2026-09-04,storagesense,NY,10x17,1,2,289
2026-09-04,storagesense,NY,10x20,18,13,180.0
2026-09-04,storagesense,NY,10x25,3,3,189
2026-09-04,storagesense,NY,10x30,7,6,199
2026-09-04,storagesense,NY,10x35,1,1,338
2026-09-04,storagesense,NY,12x14,1,2,176
2026-09-04,storagesense,NY,12x40,1,0,80
2026-09-04,storagesense,NY,12x55,1,2,34
2026-09-04,storagesense,NY,5x10,23,13,82
2026-09-04,storagesense,NY,5x12,1,1,174
2026-09-04,storagesense,NY,5x15,3,5,100
2026-09-04,storagesense,NY,5x5,12,7,55.5
2026-09-04,storagesense,NY,7.5x10,1,1,149
2026-09-04,storagesense,NY,7x20,1,1,280
2026-09-04,storagesense,NY,8x20,1,0,111
2026-09-04,storagesense,OH,10x10,10,11,99.0
2026-09-04,storagesense,OH,10x13,1,2,146
2026-09-04,storagesense,OH,10x15,8,4,154.0
2026-09-04,storagesense,OH,10x20,11,7,176
2026-09-04,storagesense,OH,10x25,2,2,254.0
2026-09-04,storagesense,OH,10x30,7,6,234
2026-09-04,storagesense,OH,10x40,1,1,99
2026-09-04,storagesense,OH,12x10,1,1,199
2026-09-04,storagesense,OH,12x20,1,1,299
2026-09-04,storagesense,OH,12x24,1,1,319
2026-09-04,storagesense,OH,12x35,1,2,469
2026-09-04,storagesense,OH,12x40,1,1,299
2026-09-04,storagesense,OH,20x20,1,1,399
2026-09-04,storagesense,OH,26x40,1,1,414
2026-09-04,storagesense,OH,5x10,8,9,79.0
2026-09-04,storagesense,OH,5x15,2,2,86.5
2026-09-04,storagesense,OH,5x5,6,4,46.5
2026-09-04,storagesense,OH,7x10,1,1,109
2026-09-04,storagesense,OH,8x10,3,4,119
2026-09-04,storagesense,OH,8x12,1,2,124
2026-09-04,storagesense,OH,8x14,1,1,129
2026-09-04,storagesense,OH,8x16,1,1,206
2026-09-04,storagesense,OK,10x10,1,1,59
2026-09-04,storagesense,OK,10x15,2,1,62.0
2026-09-04,storagesense,OK,10x20,2,3,82.0
2026-09-04,storagesense,OK,10x30,1,1,263
2026-09-04,storagesense,OK,5x10,3,2,39
2026-09-04,storagesense,OK,5x5,3,1,16
2026-09-04,storagesense,PA,10x10,74,34,101.0
2026-09-04,storagesense,PA,10x12,5,2,90
2026-09-04,storagesense,PA,10x13,4,3,117.5
2026-09-04,storagesense,PA,10x14,2,3,133.5
2026-09-04,storagesense,PA,10x15,70,34,129.0
2026-09-04,storagesense,PA,10x17,2,0,129.0
2026-09-04,storagesense,PA,10x18,2,0,145.5
2026-09-04,storagesense,PA,10x20,81,45,138
2026-09-04,storagesense,PA,10x22,1,1,162
2026-09-04,storagesense,PA,10x23,1,1,193
2026-09-04,storagesense,PA,10x24,1,0,155
2026-09-04,storagesense,PA,10x25,15,12,194
2026-09-04,storagesense,PA,10x3,1,1,53
2026-09-04,storagesense,PA,10x30,29,18,162
2026-09-04,storagesense,PA,10x35,2,0,54.5
2026-09-04,storagesense,PA,10x40,8,10,106.5
2026-09-04,storagesense,PA,10x5,9,10,81
2026-09-04,storagesense,PA,10x50,3,0,74
2026-09-04,storagesense,PA,10x6,1,0,75
2026-09-04,storagesense,PA,10x7,2,1,77.0
2026-09-04,storagesense,PA,10x8,1,0,56
2026-09-04,storagesense,PA,10x9,1,1,87
2026-09-04,storagesense,PA,11x11,1,0,95
2026-09-04,storagesense,PA,11x12,1,0,96
2026-09-04,storagesense,PA,11x50,1,0,129
2026-09-04,storagesense,PA,12x11,1,0,59
2026-09-04,storagesense,PA,12x15,2,2,111.5
2026-09-04,storagesense,PA,12x16,1,0,154
2026-09-04,storagesense,PA,12x20,5,2,96
2026-09-04,storagesense,PA,12x25,3,1,76
2026-09-04,storagesense,PA,12x26,1,0,51
2026-09-04,storagesense,PA,12x30,2,1,55.0
2026-09-04,storagesense,PA,12x32,1,1,87
2026-09-04,storagesense,PA,12x35,1,1,132
2026-09-04,storagesense,PA,12x40,6,0,80.5
2026-09-04,storagesense,PA,12x50,1,0,98
2026-09-04,storagesense,PA,13x20,1,2,202
2026-09-04,storagesense,PA,13x26,1,0,299
2026-09-04,storagesense,PA,13x40,1,2,50
2026-09-04,storagesense,PA,14x12,1,1,117
2026-09-04,storagesense,PA,14x16,1,1,159
2026-09-04,storagesense,PA,15x15,1,1,187
2026-09-04,storagesense,PA,15x20,3,3,176
2026-09-04,storagesense,PA,15x5,1,0,55
2026-09-04,storagesense,PA,16x50,1,1,229
2026-09-04,storagesense,PA,20x10,1,0,132
2026-09-04,storagesense,PA,20x15,1,0,184
2026-09-04,storagesense,PA,20x20,2,2,236.5
2026-09-04,storagesense,PA,20x25,1,2,366
2026-09-04,storagesense,PA,20x30,2,1,256.0
2026-09-04,storagesense,PA,20x5,1,0,103
2026-09-04,storagesense,PA,4x8,1,1,56
2026-09-04,storagesense,PA,5x10,79,28,73
2026-09-04,storagesense,PA,5x11,2,0,63.0
2026-09-04,storagesense,PA,5x12,2,2,73.0
2026-09-04,storagesense,PA,5x15,16,5,84.0
2026-09-04,storagesense,PA,5x17,1,0,134
2026-09-04,storagesense,PA,5x20,1,1,120
2026-09-04,storagesense,PA,5x5,50,27,48.0
2026-09-04,storagesense,PA,5x6,1,0,55
2026-09-04,storagesense,PA,5x8,7,5,54
2026-09-04,storagesense,PA,6x12,1,0,69
2026-09-04,storagesense,PA,6x20,2,0,109.0
2026-09-04,storagesense,PA,7x10,4,4,72.5
2026-09-04,storagesense,PA,7x12,1,2,81
2026-09-04,storagesense,PA,7x14,1,1,93
2026-09-04,storagesense,PA,7x15,1,1,177
2026-09-04,storagesense,PA,8x10,11,6,93
2026-09-04,storagesense,PA,8x14,1,1,114
2026-09-04,storagesense,PA,8x15,1,0,55
2026-09-04,storagesense,PA,8x16,1,1,89
2026-09-04,storagesense,PA,8x20,3,4,158
2026-09-04,storagesense,PA,8x5,1,1,33
2026-09-04,storagesense,PA,9x18,3,1,98
2026-09-04,storagesense,PA,9x22,1,0,79
2026-09-04,storagesense,PA,9x32,1,0,79
2026-09-04,storagesense,PA,9x8,1,2,74
2026-09-04,storagesense,SC,10x10,36,23,88.5
2026-09-04,storagesense,SC,10x15,27,15,119
2026-09-04,storagesense,SC,10x18,1,1,229
2026-09-04,storagesense,SC,10x20,27,21,148
2026-09-04,storagesense,SC,10x22,1,2,208
2026-09-04,storagesense,SC,10x25,12,8,161.0
2026-09-04,storagesense,SC,10x30,5,3,249
2026-09-04,storagesense,SC,10x35,2,2,171.5
2026-09-04,storagesense,SC,10x5,4,4,77.5
2026-09-04,storagesense,SC,11x15,1,0,84
2026-09-04,storagesense,SC,11x20,2,1,63.0
2026-09-04,storagesense,SC,11x25,2,1,74.0
2026-09-04,storagesense,SC,11x30,2,0,84.0
2026-09-04,storagesense,SC,11x35,1,0,124
2026-09-04,storagesense,SC,11x40,2,0,90.5
2026-09-04,storagesense,SC,11x45,1,0,134
2026-09-04,storagesense,SC,11x55,1,1,144
2026-09-04,storagesense,SC,12x20,1,0,25
2026-09-04,storagesense,SC,12x24,1,1,302
2026-09-04,storagesense,SC,12x30,5,2,69
2026-09-04,storagesense,SC,12x35,3,1,209
2026-09-04,storagesense,SC,12x40,6,5,116.5
2026-09-04,storagesense,SC,12x50,2,1,306.0
2026-09-04,storagesense,SC,14x40,1,1,60
2026-09-04,storagesense,SC,15x15,3,5,158
2026-09-04,storagesense,SC,15x35,1,1,363
2026-09-04,storagesense,SC,15x40,1,2,383
2026-09-04,storagesense,SC,18x30,1,0,72
2026-09-04,storagesense,SC,20x10,1,2,239
2026-09-04,storagesense,SC,20x20,2,2,400.5
2026-09-04,storagesense,SC,5x10,28,18,51.0
2026-09-04,storagesense,SC,5x15,7,6,80
2026-09-04,storagesense,SC,5x20,1,1,94
2026-09-04,storagesense,SC,5x5,13,10,42
2026-09-04,storagesense,SC,8x10,5,8,89
2026-09-04,storagesense,TN,10x10,25,13,89
2026-09-04,storagesense,TN,10x12,1,2,132
2026-09-04,storagesense,TN,10x13,3,2,109
2026-09-04,storagesense,TN,10x15,13,9,129
2026-09-04,storagesense,TN,10x18,1,1,209
2026-09-04,storagesense,TN,10x20,22,15,161.5
2026-09-04,storagesense,TN,10x25,4,4,147.0
2026-09-04,storagesense,TN,10x3,1,1,34
2026-09-04,storagesense,TN,10x30,3,4,189
2026-09-04,storagesense,TN,10x5,2,0,47.5
2026-09-04,storagesense,TN,10x50,2,0,93.5
2026-09-04,storagesense,TN,11x30,1,0,49
2026-09-04,storagesense,TN,12x20,1,1,259
2026-09-04,storagesense,TN,12x40,1,0,99
2026-09-04,storagesense,TN,12x9,2,2,106.0
2026-09-04,storagesense,TN,20x20,1,1,279
2026-09-04,storagesense,TN,25x30,1,2,434
2026-09-04,storagesense,TN,5x10,20,10,64.0
2026-09-04,storagesense,TN,5x14,1,0,56
2026-09-04,storagesense,TN,5x15,4,5,76.5
2026-09-04,storagesense,TN,5x20,2,1,49.0
2026-09-04,storagesense,TN,5x5,7,4,29
2026-09-04,storagesense,TN,5x7,1,1,39
2026-09-04,storagesense,TN,8x10,1,0,69
2026-09-04,storagesense,TN,8x8,1,1,124
2026-09-04,storagesense,TX,10x10,34,17,70.0
2026-09-04,storagesense,TX,10x12,1,0,90
2026-09-04,storagesense,TX,10x15,25,20,110
2026-09-04,storagesense,TX,10x17,1,1,140
2026-09-04,storagesense,TX,10x18,2,2,150.0
2026-09-04,storagesense,TX,10x20,17,13,120
2026-09-04,storagesense,TX,10x22,2,2,236.0
2026-09-04,storagesense,TX,10x25,4,1,125.0
2026-09-04,storagesense,TX,10x30,11,8,146
2026-09-04,storagesense,TX,10x40,1,0,89
2026-09-04,storagesense,TX,10x5,2,2,85.5
2026-09-04,storagesense,TX,10x50,2,2,129.0
2026-09-04,storagesense,TX,10x7,1,0,84
2026-09-04,storagesense,TX,10x8,1,2,39
2026-09-04,storagesense,TX,11x38,1,0,99
2026-09-04,storagesense,TX,12x16,1,0,126
2026-09-04,storagesense,TX,12x20,1,1,144
2026-09-04,storagesense,TX,12x25,1,2,437
2026-09-04,storagesense,TX,12x30,2,1,153.5
2026-09-04,storagesense,TX,12x32,2,0,64.5
2026-09-04,storagesense,TX,12x42,1,1,130
2026-09-04,storagesense,TX,12x60,1,1,149
2026-09-04,storagesense,TX,15x30,1,1,87
2026-09-04,storagesense,TX,15x40,2,2,94.5
2026-09-04,storagesense,TX,20x30,1,1,449
2026-09-04,storagesense,TX,3x4,1,2,12
2026-09-04,storagesense,TX,3x8,1,1,69
2026-09-04,storagesense,TX,5x10,25,20,45
2026-09-04,storagesense,TX,5x15,1,0,74
2026-09-04,storagesense,TX,5x5,17,9,30
2026-09-04,storagesense,TX,5x8,1,1,85
2026-09-04,storagesense,TX,6x10,2,0,46.5
2026-09-04,storagesense,TX,7x10,2,2,71.0
2026-09-04,storagesense,TX,8x10,1,0,42
2026-09-04,storagesense,TX,8x20,1,0,22
2026-09-04,storagesense,UT,10x10,1,1,82
2026-09-04,storagesense,UT,10x12,1,1,76
2026-09-04,storagesense,UT,10x15,1,0,78
2026-09-04,storagesense,UT,10x17,1,1,83
2026-09-04,storagesense,UT,10x27,1,2,104
2026-09-04,storagesense,UT,10x30,1,1,252
2026-09-04,storagesense,UT,11x34,1,1,189
2026-09-04,storagesense,UT,12x15,1,1,99
2026-09-04,storagesense,UT,12x30,1,1,196
2026-09-04,storagesense,UT,12x40,1,1,330
2026-09-04,storagesense,UT,5x12,1,1,32
2026-09-04,storagesense,UT,6x6,1,1,35
2026-09-04,storagesense,VA,10x10,26,18,165.5
2026-09-04,storagesense,VA,10x15,22,20,224.5
2026-09-04,storagesense,VA,10x20,15,8,263
2026-09-04,storagesense,VA,10x25,3,2,169
2026-09-04,storagesense,VA,10x30,8,7,287.0
2026-09-04,storagesense,VA,10x8,1,0,189
2026-09-04,storagesense,VA,15x15,1,1,301
2026-09-04,storagesense,VA,20x20,1,0,261
2026-09-04,storagesense,VA,5x10,17,10,109
2026-09-04,storagesense,VA,5x15,6,3,114.0
2026-09-04,storagesense,VA,5x20,1,1,140
2026-09-04,storagesense,VA,5x5,17,9,89
2026-09-04,storagesense,VA,7x10,1,2,120
2026-09-04,storagesense,VA,8x10,2,3,124.0
2026-09-04,storagesense,WI,10x10,5,1,129
2026-09-04,storagesense,WI,10x13,1,0,164
2026-09-04,storagesense,WI,10x15,3,1,144
2026-09-04,storagesense,WI,10x20,4,2,231.5
2026-09-04,storagesense,WI,10x25,2,1,349.0
2026-09-04,storagesense,WI,10x30,3,4,429
2026-09-04,storagesense,WI,12x30,1,1,679
2026-09-04,storagesense,WI,15x15,1,2,399
2026-09-04,storagesense,WI,5x10,3,2,99
2026-09-04,storagesense,WI,5x15,2,2,89.0
2026-09-04,storagesense,WI,5x5,2,0,47.0
2026-09-04,storagesense,WI,8x10,1,1,124
2026-09-04,storagesense,WV,10x10,2,1,68.5
2026-09-04,storagesense,WV,10x15,1,0,100
2026-09-04,storagesense,WV,10x17,1,1,152
2026-09-04,storagesense,WV,10x20,1,0,107
2026-09-04,storagesense,WV,10x25,1,1,122
2026-09-04,storagesense,WV,10x40,2,3,109.5
2026-09-04,storagesense,WV,20x15,1,1,134
2026-09-04,storagesense,WV,5x10,2,0,37.0
2026-09-04,storagesense,WV,5x15,1,1,58
2026-09-04,storagesense,WV,5x5,2,0,29.5
