date,store_id,units_avail,cheapest_10x10,median_price,listings
2026-09-01,607,14,78,79,7
2026-09-01,6137,116,70,91,17
2026-09-01,584,27,116,70,9
2026-09-01,7140,56,83,86,9
2026-09-01,7637,15,,148.0,2
2026-09-01,810,91,132,102.0,18
2026-09-01,337,36,94,42,11
2026-09-01,7139,56,79,83,7
2026-09-01,343,25,102,77,11
2026-09-01,332,26,106,130.0,8
2026-09-01,345,32,90,112,7
2026-09-01,6169,70,102,62,17
2026-09-01,571,18,117,92,9
2026-09-01,7319,26,86,94.5,10
2026-09-01,346,27,120,91.0,12
2026-09-01,327,18,88,148.0,6
2026-09-01,5892,57,81,81,17
2026-09-01,7677,35,120,125.5,14
2026-09-01,7068,87,67,67,7
2026-09-01,5789,98,68,71.5,10
2026-09-01,7647,137,68,68,9
2026-09-01,7321,41,64,77.0,12
2026-09-01,6530,40,91,91,11
2026-09-01,717,42,104,129.0,14
2026-09-01,297,70,58,58,11
2026-09-01,7322,30,97,131,7
2026-09-01,7059,57,96,124.5,12
2026-09-01,7061,23,86,92,9
2026-09-01,7060,32,96,97.0,12
2026-09-01,7324,266,21,47,11
2026-09-01,7323,30,71,102,13
2026-09-01,7065,32,74,88,13
2026-09-01,5466,26,50,55,11
2026-09-01,7066,34,38,38.0,8
2026-09-01,635,54,68,78.0,6
2026-09-01,6234,83,41,55,15
2026-09-01,7062,84,67,94.5,14
2026-09-01,2651,9,139,102,7
2026-09-01,5771,44,104,130.0,12
2026-09-01,558,49,92,122,15
2026-09-01,6207,255,26,25.5,30
2026-09-01,350,60,46,53.0,6
2026-09-01,353,65,56,66,9
2026-09-01,6346,57,38,60.5,10
2026-09-01,5470,79,30,54.0,16
2026-09-01,7063,66,30,35.0,20
2026-09-01,5465,18,95,98,11
2026-09-01,574,14,108,107.5,8
2026-09-01,559,29,114,138,7
2026-09-01,565,26,86,89,7
2026-09-01,7138,144,94,122,23
2026-09-01,7064,57,29,52.0,12
2026-09-01,5469,76,70,100,23
2026-09-01,998,103,88,82.0,16
2026-09-01,6585,350,26,28.0,10
2026-09-01,7069,54,106,45,7
2026-09-01,6586,137,90,101,17
2026-09-01,7042,2,,71.0,2
2026-09-01,7043,9,61,74,3
2026-09-01,7044,2,,231,1
2026-09-01,7045,1,,146,1
2026-09-01,6587,36,162,162,7
2026-09-01,7052,66,126,151,15
2026-09-01,6589,111,134,134,13
2026-09-01,6588,141,91,82.0,18
2026-09-01,7053,10,85,82.0,2
2026-09-01,6175,28,88,110.0,4
2026-09-01,6463,218,50,56.5,6
2026-09-01,5792,46,74,86.0,12
2026-09-01,6174,66,50,64,7
2026-09-01,6072,42,62,74,19
2026-09-01,956,56,70,80,9
2026-09-01,823,85,66,90,7
2026-09-01,6193,106,46,67.5,6
2026-09-01,7054,34,63,75.5,4
2026-09-01,6076,50,134,138.0,10
2026-09-01,6596,341,78,85,27
2026-09-01,6597,119,54,22,13
2026-09-01,6288,308,42,66.0,32
2026-09-01,7655,404,70,72,13
2026-09-01,1684,46,92,89,19
2026-09-01,6603,130,47,54.0,14
2026-09-01,6617,76,42,54,11
2026-09-01,6248,81,57,53.5,10
2026-09-01,6448,266,58,64.5,10
2026-09-01,2289,42,94,118,13
2026-09-01,7654,301,43,52.5,26
2026-09-01,6590,108,88,103,9
2026-09-01,6593,149,77,99,13
2026-09-01,6592,25,80,80,7
2026-09-01,6591,46,116,276,15
2026-09-01,6077,141,89,122,19
2026-09-01,2291,27,104,130,13
2026-09-01,1677,30,120,153.5,14
2026-09-01,1113,64,84,100,17
2026-09-01,5412,24,112,148,13
2026-09-01,1342,40,154,231.5,12
2026-09-01,1680,40,104,107,17
2026-09-01,7071,87,48,53,11
2026-09-01,6610,243,94,51,11
2026-09-01,6246,187,66,72.5,14
2026-09-01,5476,30,118,112.0,14
2026-09-01,6339,320,77,80,17
2026-09-01,1860,74,132,132,15
2026-09-01,850,42,83,109,15
2026-09-01,6079,54,114,128,17
2026-09-01,7070,199,72,76.5,10
2026-09-01,1676,49,76,120,15
2026-09-01,1683,24,132,142.0,12
2026-09-01,6600,62,77,81,9
2026-09-01,7325,126,102,46.0,10
2026-09-01,6594,121,75,78,13
2026-09-01,1675,99,88,122,23
2026-09-01,2498,66,70,116,15
2026-09-01,6244,136,62,65.5,14
2026-09-01,1678,11,167,112.0,8
2026-09-01,6598,221,62,62,15
2026-09-01,6595,139,55,72.0,12
2026-09-01,2036,560,54,59.0,30
2026-09-01,6080,48,115,133,13
2026-09-01,2508,43,88,64.0,10
2026-09-01,5839,69,109,101.0,20
2026-09-01,6545,95,82,100,9
2026-09-01,2642,28,99,76.0,6
2026-09-01,6243,144,50,63.5,18
2026-09-01,6247,151,50,57,15
2026-09-01,2021,35,102,114.0,16
2026-09-01,6249,217,53,63.0,18
2026-09-01,1235,202,80,82,25
2026-09-01,5441,41,78,54.5,18
2026-09-01,6608,70,62,62,11
2026-09-01,6484,68,58,65.0,10
2026-09-01,5501,82,76,113.5,30
2026-09-01,887,73,76,78.0,22
2026-09-01,2022,24,132,120,11
2026-09-01,6078,90,104,126,19
2026-09-01,6607,150,37,42,19
2026-09-01,6166,85,112,133.5,10
2026-09-01,6136,178,80,130,17
2026-09-01,1686,34,116,116,13
2026-09-01,1236,63,102,102,9
2026-09-01,7328,34,59,62.5,14
2026-09-01,1681,64,134,136.0,28
2026-09-01,5840,73,134,172.0,18
2026-09-01,6235,48,122,133.0,18
2026-09-01,915,81,160,116,17
2026-09-01,2018,49,102,140,9
2026-09-01,5442,32,122,122,17
2026-09-01,6599,82,108,108,9
2026-09-01,1862,52,88,88,15
2026-09-01,6601,177,60,85,7
2026-09-01,2278,19,100,112,9
2026-09-01,6602,32,70,60.5,6
2026-09-01,6605,236,39,46,21
2026-09-01,6606,143,69,52.5,16
2026-09-01,6604,90,78,94,15
2026-09-01,6611,103,72,67,29
2026-09-01,5407,41,85,118,13
2026-09-01,6609,126,81,55,23
2026-09-01,5319,19,130,136.0,10
2026-09-01,1679,10,,82.0,8
2026-09-01,1859,119,67,52.0,26
2026-09-01,6613,208,69,101,17
2026-09-01,5345,41,82,102,21
2026-09-01,6220,112,116,159.0,14
2026-09-01,6413,415,74,95,19
2026-09-01,5886,63,106,178,7
2026-09-01,2503,78,116,123.0,12
2026-09-01,2496,58,85,97,13
2026-09-01,5549,21,125,95,9
2026-09-01,1072,39,238,116,9
2026-09-01,6614,99,122,71,21
2026-09-01,5475,49,126,208.0,18
2026-09-01,1858,38,96,119,9
2026-09-01,6612,129,93,93.0,18
2026-09-01,6615,269,69,93.0,18
2026-09-01,5734,84,70,59,19
2026-09-01,6616,231,41,35.5,12
2026-09-01,5366,88,118,110.0,16
2026-09-01,1100,21,108,108,5
2026-09-01,827,58,136,152,13
2026-09-01,1682,23,116,118.0,12
2026-09-01,6245,113,107,125.5,8
2026-09-01,6318,69,58,74,11
2026-09-01,7329,85,48,42.5,24
2026-09-01,7326,50,43,37.5,12
2026-09-01,7330,81,66,66.0,10
2026-09-01,1010,47,86,94.0,8
2026-09-01,1034,34,87,82.5,10
2026-09-01,7327,113,55,44,9
2026-09-01,7657,38,113,92.0,8
2026-09-01,7333,59,138,187.0,12
2026-09-01,7242,47,98,127,5
2026-09-01,313,16,,118.0,6
2026-09-01,44,13,118,84.0,6
2026-09-01,6332,46,118,89.5,14
2026-09-01,133,32,120,123.0,6
2026-09-01,7335,155,84,84,7
2026-09-01,5901,69,86,103,11
2026-09-01,6236,397,56,56,11
2026-09-01,386,26,220,220,9
2026-09-01,6251,69,171,122,21
2026-09-01,230,15,215,154.0,8
2026-09-01,215,15,228,176,9
2026-09-01,224,13,175,199.5,8
2026-09-01,364,19,198,176,9
2026-09-01,373,23,185,191.5,14
2026-09-01,202,30,340,247.0,22
2026-09-01,1712,34,335,265.0,18
2026-09-01,396,24,370,370.0,12
2026-09-01,2210,34,278,278,13
2026-09-01,38,30,212,232.0,10
2026-09-01,33,45,236,248.0,14
2026-09-01,52,12,355,173.0,6
2026-09-01,2221,58,272,272,33
2026-09-01,27,21,308,316.0,8
2026-09-01,73,35,272,237.5,14
2026-09-01,45,43,206,206,15
2026-09-01,40,41,226,259.0,18
2026-09-01,2207,40,190,194.0,18
2026-09-01,1704,20,230,291,13
2026-09-01,2055,12,333,366,9
2026-09-01,1705,28,196,191.5,22
2026-09-01,98,17,158,161,11
2026-09-01,252,29,,196,13
2026-09-01,6563,59,240,263,11
2026-09-01,2436,74,220,198.5,22
2026-09-01,254,33,174,208,11
2026-09-01,2056,27,285,285,15
2026-09-01,125,43,186,186,17
2026-09-01,6618,33,186,126,11
2026-09-01,2212,20,150,171.0,12
2026-09-01,331,42,212,180.0,12
2026-09-01,263,424,141,99.5,16
2026-09-01,326,61,217,122.0,18
2026-09-01,5898,120,138,133,19
2026-09-01,111,41,168,170.0,10
2026-09-01,1696,44,138,141.0,18
2026-09-01,293,36,283,180.5,10
2026-09-01,5480,33,204,170,15
2026-09-01,330,15,185,209.0,6
2026-09-01,1940,19,200,142,15
2026-09-01,6253,57,154,179,11
2026-09-01,1708,15,246,205.0,10
2026-09-01,1636,43,153,153,19
2026-09-01,59,10,158,188.5,6
2026-09-01,6254,64,209,120.0,6
2026-09-01,443,41,172,209.0,12
2026-09-01,149,15,172,222.0,14
2026-09-01,321,99,172,146,15
2026-09-01,6620,29,79,59,13
2026-09-01,6619,94,126,96.0,20
2026-09-01,6663,12,62,80,7
2026-09-01,6557,196,43,71,13
2026-09-01,6634,91,58,64.0,12
2026-09-01,6558,94,55,49,13
2026-09-01,6664,28,101,101,9
2026-09-01,6662,204,82,60.5,38
2026-09-01,6661,19,,42,7
2026-09-01,6660,90,66,49.0,14
2026-09-01,6551,122,175,196,15
2026-09-01,136,18,298,192,5
2026-09-01,284,26,324,315,7
2026-09-01,76,16,,322.0,4
2026-09-01,82,20,358,282,15
2026-09-01,6554,19,198,200.0,10
2026-09-01,141,21,170,167.0,10
2026-09-01,281,38,212,221.0,18
2026-09-01,2216,33,226,239,13
2026-09-01,75,8,385,266.5,6
2026-09-01,72,28,196,196,9
2026-09-01,14,16,,117.0,6
2026-09-01,2202,34,198,212.0,14
2026-09-01,219,38,176,186,19
2026-09-01,2232,31,212,172,11
2026-09-01,362,46,305,130.0,20
2026-09-01,5400,118,188,206.0,12
2026-09-01,221,48,194,202.5,16
2026-09-01,446,16,,436,5
2026-09-01,302,10,238,319.0,4
2026-09-01,6633,87,157,235,9
2026-09-01,5899,121,114,118,15
2026-09-01,6631,25,225,89,7
2026-09-01,273,22,250,343,7
2026-09-01,5900,28,176,204,15
2026-09-01,32,21,241,267.0,8
2026-09-01,286,16,284,189.5,6
2026-09-01,6314,460,123,144.0,10
2026-09-01,285,64,202,219.0,18
2026-09-01,6178,122,183,208.5,22
2026-09-01,2059,19,269,241.0,16
2026-09-01,36,27,242,242,5
2026-09-01,6626,53,57,59.0,14
2026-09-01,6625,88,55,63.0,6
2026-09-01,6627,100,46,57.5,6
2026-09-01,6624,56,75,86,9
2026-09-01,6623,78,75,75,9
2026-09-01,6622,93,142,142,11
2026-09-01,6621,108,77,76.0,10
2026-09-01,94,24,226,212.0,10
2026-09-01,287,26,231,206,11
2026-09-01,6628,102,94,91.5,12
2026-09-01,6654,68,99,99,13
2026-09-01,6572,18,119,127.0,6
2026-09-01,6666,52,128,167.0,18
2026-09-01,6582,150,90,91.0,12
2026-09-01,7073,230,115,105.5,20
2026-09-01,6575,66,110,148,7
2026-09-01,6638,24,135,173,7
2026-09-01,370,51,126,153.0,8
2026-09-01,6559,82,110,123.0,10
2026-09-01,188,33,272,276,23
2026-09-01,359,42,338,422,9
2026-09-01,368,19,272,193.0,8
2026-09-01,398,34,336,380,19
2026-09-01,204,17,334,313.5,8
2026-09-01,270,22,285,292.0,10
2026-09-01,272,28,315,314,13
2026-09-01,351,385,231,236.5,40
2026-09-01,376,14,304,132,7
2026-09-01,1865,9,307,350.5,6
2026-09-01,2235,140,164,132,43
2026-09-01,1688,29,164,150,17
2026-09-01,197,19,306,306,7
2026-09-01,388,17,235,404,5
2026-09-01,1517,43,175,125.0,10
2026-09-01,5,21,480,234,11
2026-09-01,3,38,330,317.5,14
2026-09-01,7,16,354,321.5,12
2026-09-01,4,28,472,473.0,12
2026-09-01,2321,48,323,244,17
2026-09-01,1689,21,350,264,17
2026-09-01,2058,15,454,463.0,8
2026-09-01,28,28,477,376.0,10
2026-09-01,305,45,403,338,19
2026-09-01,121,28,362,362,17
2026-09-01,2209,45,136,66,9
2026-09-01,6571,28,91,66,7
2026-09-01,2208,48,172,94.0,22
2026-09-01,6648,28,106,133.0,10
2026-09-01,6650,20,107,105,9
2026-09-01,283,25,161,173.0,6
2026-09-01,6647,22,114,114,5
2026-09-01,2215,31,130,157.0,14
2026-09-01,6645,10,126,142.0,4
2026-09-01,6580,18,99,125,11
2026-09-01,6629,49,84,88.0,10
2026-09-01,299,31,220,266,17
2026-09-01,69,51,273,218.5,10
2026-09-01,1864,88,136,155.0,30
2026-09-01,296,45,176,178.0,16
2026-09-01,292,49,112,157.0,24
2026-09-01,212,29,176,158.0,10
2026-09-01,300,14,185,192.5,12
2026-09-01,152,48,258,205.0,22
2026-09-01,146,24,158,158,15
2026-09-01,2173,22,308,211.0,12
2026-09-01,1,31,248,282,13
2026-09-01,2518,87,379,379,21
2026-09-01,5862,236,197,159,21
2026-09-01,15,22,206,182,13
2026-09-01,70,60,272,273.0,12
2026-09-01,2229,50,270,238.0,14
2026-09-01,241,20,385,379.0,14
2026-09-01,207,75,218,138,17
2026-09-01,61,30,294,329.0,16
2026-09-01,164,17,381,438,7
2026-09-01,366,29,322,322,9
2026-09-01,354,18,376,160,7
2026-09-01,1867,23,245,190,15
2026-09-01,140,30,284,246,9
2026-09-01,2060,18,276,265.0,10
2026-09-01,308,33,210,226,13
2026-09-01,2211,219,238,197.5,16
2026-09-01,2222,9,,315.5,4
2026-09-01,23,72,208,212.0,34
2026-09-01,64,37,282,243,17
2026-09-01,158,52,235,210.0,26
2026-09-01,86,27,202,217.0,10
2026-09-01,90,118,194,162.0,20
2026-09-01,306,19,293,293,7
2026-09-01,304,40,240,272,15
2026-09-01,311,16,215,215,7
2026-09-01,340,21,230,266.0,10
2026-09-01,179,31,162,186.0,14
2026-09-01,1706,22,227,160.5,18
2026-09-01,6261,58,191,139,13
2026-09-01,378,18,,259,15
2026-09-01,320,68,172,161.0,32
2026-09-01,1707,40,204,178,15
2026-09-01,2192,77,224,182,23
2026-09-01,6552,102,120,151.0,10
2026-09-01,1582,76,162,188,19
2026-09-01,5566,40,210,256,17
2026-09-01,6640,22,126,95,9
2026-09-01,6308,78,146,190,25
2026-09-01,6555,73,162,183.5,24
2026-09-01,1693,26,,148,15
2026-09-01,5590,33,184,195.0,18
2026-09-01,159,141,174,174,27
2026-09-01,325,21,156,220,9
2026-09-01,397,70,140,172.0,8
2026-09-01,186,75,90,146,15
2026-09-01,7079,99,99,101.0,6
2026-09-01,228,16,144,184,11
2026-09-01,157,68,100,102.0,14
2026-09-01,339,32,100,87.0,10
2026-09-01,6464,524,59,59,9
2026-09-01,6639,168,72,96,17
2026-09-01,7080,22,118,139.0,6
2026-09-01,54,16,306,306,7
2026-09-01,43,16,294,242.0,6
2026-09-01,96,38,194,194,15
2026-09-01,2253,60,259,226.5,14
2026-09-01,312,17,319,229.5,6
2026-09-01,2255,29,246,226,13
2026-09-01,245,19,290,307.0,6
2026-09-01,5220,60,182,204,19
2026-09-01,42,34,348,368.0,12
2026-09-01,46,14,302,302,5
2026-09-01,1698,29,181,153.0,12
2026-09-01,1512,39,188,188.0,16
2026-09-01,155,20,170,170,7
2026-09-01,1702,29,126,172.0,18
2026-09-01,160,14,220,143.5,10
2026-09-01,5565,88,130,165.0,20
2026-09-01,438,24,152,250,13
2026-09-01,380,32,201,207.0,8
2026-09-01,307,25,197,178.5,14
2026-09-01,275,42,140,123,11
2026-09-01,7331,383,87,87,9
2026-09-01,5622,91,145,128.0,14
2026-09-01,447,21,,128,9
2026-09-01,7334,35,,162,5
2026-09-01,7332,68,134,150,11
2026-09-01,6370,65,101,121.0,6
2026-09-01,145,32,286,294,13
2026-09-01,2062,19,298,275.0,14
2026-09-01,18,50,176,188.5,14
2026-09-01,240,47,265,265,11
2026-09-01,5382,32,278,306,15
2026-09-01,2167,8,,238.0,6
2026-09-01,6653,43,172,172,11
2026-09-01,226,73,230,181.0,14
2026-09-01,216,37,190,196,15
2026-09-01,237,63,214,172,17
2026-09-01,5799,55,161,208.5,14
2026-09-01,6568,39,158,153,17
2026-09-01,223,71,176,176,19
2026-09-01,217,19,160,160,7
2026-09-01,444,26,114,187.5,8
2026-09-01,180,29,118,140.0,12
2026-09-01,211,29,110,110,7
2026-09-01,342,43,106,116,11
2026-09-01,358,63,96,100,33
2026-09-01,30,29,225,134.0,8
2026-09-01,2272,41,170,164,25
2026-09-01,6630,98,126,126,19
2026-09-01,6636,238,86,41.5,16
2026-09-01,6560,49,70,67.0,16
2026-09-01,6642,246,74,74,23
2026-09-01,2064,19,175,149,17
2026-09-01,2063,55,144,198.0,14
2026-09-01,2181,69,164,164,11
2026-09-01,6564,81,72,78,13
2026-09-01,7081,5,,126.5,4
2026-09-01,6581,38,136,110,5
2026-09-01,6562,97,93,143.0,14
2026-09-01,6241,511,188,170.0,20
2026-09-01,6565,36,117,106.0,10
2026-09-01,6656,98,154,163,11
2026-09-01,24,43,221,245.5,12
2026-09-01,92,25,264,236,13
2026-09-01,58,16,291,291.0,6
2026-09-01,317,18,140,196,5
2026-09-01,6259,69,142,154,13
2026-09-01,303,81,170,174.5,12
2026-09-01,395,43,207,186.0,18
2026-09-01,1937,24,178,133,11
2026-09-01,384,15,196,246.5,12
2026-09-01,2536,95,116,159.0,24
2026-09-01,137,28,154,75.0,10
2026-09-01,6553,77,169,169,9
2026-09-01,195,11,184,229.0,6
2026-09-01,2230,37,232,128.0,18
2026-09-01,5485,41,217,244,17
2026-09-01,6577,26,200,200,9
2026-09-01,1695,34,280,244,15
2026-09-01,6578,44,153,154,9
2026-09-01,6641,27,142,164,7
2026-09-01,6255,38,387,326.0,14
2026-09-01,387,8,400,411.0,6
2026-09-01,448,22,273,297,7
2026-09-01,168,23,188,109.0,10
2026-09-01,439,22,349,210.5,12
2026-09-01,393,24,176,270.5,16
2026-09-01,247,43,254,283.5,20
2026-09-01,112,26,216,144,11
2026-09-01,235,30,268,292.0,12
2026-09-01,63,30,288,248,7
2026-09-01,2053,6,306,412,5
2026-09-01,20,60,188,155.0,10
2026-09-01,248,67,208,213.0,14
2026-09-01,135,28,192,346,11
2026-09-01,6561,22,200,166.0,16
2026-09-01,2560,159,160,133.0,22
2026-09-01,6,71,335,339.5,26
2026-09-01,1692,38,386,435,19
2026-09-01,11,31,396,360.5,8
2026-09-01,2214,15,462,218,13
2026-09-01,7682,548,204,194.0,22
2026-09-01,5836,150,204,178.0,26
2026-09-01,363,9,,429.5,6
2026-09-01,2500,49,236,314.0,16
2026-09-01,1687,85,207,291.5,22
2026-09-01,379,7,212,181.0,2
2026-09-01,403,13,202,115.0,6
2026-09-01,233,43,200,200,9
2026-09-01,143,27,259,273,13
2026-09-01,6250,80,264,157,7
2026-09-01,349,12,314,246.0,6
2026-09-01,1697,43,274,276,17
2026-09-01,357,32,302,387.0,12
2026-09-01,7082,50,357,120.0,12
2026-09-01,151,13,158,136,7
2026-09-01,193,19,,111,5
2026-09-01,1700,14,175,121,7
2026-09-01,365,23,128,136.0,10
2026-09-01,253,45,106,116,13
2026-09-01,338,28,116,118.5,10
2026-09-01,1713,24,182,164,17
2026-09-01,6632,56,,153,5
2026-09-01,177,32,192,104,13
2026-09-01,390,47,135,172.5,10
2026-09-01,280,24,336,258,9
2026-09-01,394,19,310,310,11
2026-09-01,1710,67,226,236,33
2026-09-01,7075,48,247,169,11
2026-09-01,7072,3,,94.5,2
2026-09-01,2206,23,168,168.0,12
2026-09-01,2205,29,173,110,15
2026-09-01,2220,68,158,185.0,20
2026-09-01,2231,49,197,140,13
2026-09-01,295,26,200,246,9
2026-09-01,315,15,191,191,7
2026-09-01,1651,35,188,211.5,14
2026-09-01,213,46,218,218,19
2026-09-01,277,34,211,176,17
2026-09-01,189,12,199,213,9
2026-09-01,316,31,226,203.0,10
2026-09-01,210,19,162,204.0,10
2026-09-01,6258,89,119,106.5,20
2026-09-01,181,753,111,112.5,28
2026-09-01,372,15,238,238,5
2026-09-01,392,10,194,116.0,6
2026-09-01,377,28,223,168,13
2026-09-01,360,12,325,191.0,6
2026-09-01,161,7,281,211,5
2026-09-01,1868,5,261,207,5
2026-09-01,375,13,362,362,5
2026-09-01,2567,79,208,210.0,20
2026-09-01,1690,61,162,177.0,26
2026-09-01,222,17,245,245,5
2026-09-01,2057,19,202,189,11
2026-09-01,100,61,196,208,11
2026-09-01,7074,104,87,98.5,16
2026-09-01,6138,88,107,102.0,4
2026-09-01,5854,89,107,117,7
2026-09-01,97,54,248,246.0,20
2026-09-01,139,37,246,248.0,16
2026-09-01,171,50,242,252,17
2026-09-01,2430,47,208,194,19
2026-09-01,47,74,370,283,27
2026-09-01,2227,15,326,345,9
2026-09-01,185,31,246,222.5,8
2026-09-01,264,36,244,244,11
2026-09-01,5481,30,367,367,13
2026-09-01,1514,17,230,235.5,10
2026-09-01,400,32,200,147.0,10
2026-09-01,367,36,162,162.0,14
2026-09-01,1664,51,177,181.5,20
2026-09-01,2189,44,192,225.0,16
2026-09-01,5383,51,182,151.5,22
2026-09-01,246,26,191,100.0,14
2026-09-01,6262,145,107,121.5,8
2026-09-01,209,26,166,166,15
2026-09-01,329,22,164,200,9
2026-09-01,6173,83,178,180,11
2026-09-01,301,23,125,157,9
2026-09-01,6260,187,99,99,19
2026-09-01,314,32,122,80.5,16
2026-09-01,6416,102,151,207,9
2026-09-01,2237,24,161,161,11
2026-09-01,278,27,244,159,9
2026-09-01,6556,41,214,146,11
2026-09-01,1694,33,178,282.5,16
2026-09-01,93,13,,145.5,6
2026-09-01,6569,12,,208,3
2026-09-01,127,26,324,370,9
2026-09-01,78,20,369,120,7
2026-09-01,165,19,294,294,9
2026-09-01,451,24,209,184.5,12
2026-09-01,282,14,191,159.5,6
2026-09-01,383,22,162,128,15
2026-09-01,274,26,207,234.0,10
2026-09-01,1699,18,225,193.0,10
2026-09-01,192,19,268,295.0,8
2026-09-01,279,67,178,369,13
2026-09-01,1863,24,166,235.0,12
2026-09-01,257,49,156,142.0,10
2026-09-01,62,48,381,147.0,18
2026-09-01,66,55,342,342.5,28
2026-09-01,71,37,286,288.0,12
2026-09-01,79,43,246,246,15
2026-09-01,17,66,228,225.0,24
2026-09-01,80,41,286,186,19
2026-09-01,51,15,435,435,5
2026-09-01,87,58,288,162,23
2026-09-01,259,46,310,310,7
2026-09-01,1656,101,220,256,27
2026-09-01,262,21,336,417.5,6
2026-09-01,2271,33,217,217.0,22
2026-09-01,6422,250,170,197.0,10
2026-09-01,2224,41,204,204,21
2026-09-01,2061,24,306,232,15
2026-09-01,2185,26,166,169.0,10
2026-09-01,2180,202,114,114,39
2026-09-01,7076,63,116,140.0,6
2026-09-01,6665,66,102,168,7
2026-09-01,6574,42,110,141.0,8
2026-09-01,6573,101,66,66,9
2026-09-01,6652,13,121,95.5,4
2026-09-01,6635,93,106,97.5,14
2026-09-01,5269,252,198,170.0,18
2026-09-01,25,5,248,229.5,4
2026-09-01,95,67,220,224.0,10
2026-09-01,232,17,310,270.5,10
2026-09-01,6304,951,231,189.0,22
2026-09-01,2223,22,281,200.5,16
2026-09-01,218,10,354,318,7
2026-09-01,134,25,347,347,11
2026-09-01,2054,44,146,172,25
2026-09-01,2627,61,140,153.0,22
2026-09-01,242,68,173,149.0,28
2026-09-01,261,29,192,192,9
2026-09-01,6657,18,166,200.0,10
2026-09-01,26,27,189,191.5,10
2026-09-01,6658,90,143,103.0,16
2026-09-01,2260,78,134,134,9
2026-09-01,6570,37,252,290.5,6
2026-09-01,445,61,168,114,23
2026-09-01,6637,22,212,264,9
2026-09-01,6252,31,301,179.0,12
2026-09-01,1941,37,299,300,19
2026-09-01,6566,23,249,263.0,14
2026-09-01,1709,22,160,126.5,16
2026-09-01,334,21,237,223.5,10
2026-09-01,2381,34,226,348,11
2026-09-01,256,58,232,257.0,24
2026-09-01,2217,50,356,150,17
2026-09-01,89,28,248,230.0,8
2026-09-01,163,20,192,192,11
2026-09-01,2023,41,201,206.0,20
2026-09-01,385,24,247,247,5
2026-09-01,77,19,128,128,7
2026-09-01,6256,91,95,95,11
2026-09-01,6483,218,95,77.5,6
2026-09-01,2037,31,256,230.5,16
2026-09-01,2234,123,376,158,19
2026-09-01,88,28,221,221,7
2026-09-01,355,12,154,234.5,6
2026-09-01,374,69,174,220,25
2026-09-01,352,27,148,146,11
2026-09-01,2282,62,134,191.0,18
2026-09-01,162,8,164,259.5,4
2026-09-01,382,24,185,185.5,10
2026-09-01,266,38,156,198,9
2026-09-01,5228,473,122,132,43
2026-09-01,1231,54,228,235.0,14
2026-09-01,1866,43,204,212,27
2026-09-01,48,51,297,182,7
2026-09-01,1711,38,142,148.0,12
2026-09-01,220,48,160,190,25
2026-09-01,335,22,271,169,7
2026-09-01,2257,34,165,166,9
2026-09-01,243,32,232,127.0,8
2026-09-01,225,21,227,207.5,8
2026-09-01,5386,200,194,119,29
2026-09-01,142,37,224,348.5,10
2026-09-01,1630,29,262,215.5,8
2026-09-01,6576,65,127,143,7
2026-09-01,6649,45,129,203,7
2026-09-01,6646,28,109,102,7
2026-09-01,5794,45,121,128.5,6
2026-09-01,6276,130,98,98,7
2026-09-01,6421,36,182,187.0,14
2026-09-01,2225,22,190,193.5,8
2026-09-01,6161,219,206,206,23
2026-09-01,250,24,185,201,11
2026-09-01,1367,37,235,205,15
2026-09-01,2270,44,176,200,17
2026-09-01,153,68,124,124,17
2026-09-01,184,24,257,194.5,14
2026-09-01,309,14,262,244.5,8
2026-09-01,5285,73,207,207,19
2026-09-01,318,11,252,173.5,6
2026-09-01,150,42,180,201.5,18
2026-09-01,2532,44,170,192,19
2026-09-01,1691,63,228,236,21
2026-09-01,260,69,184,184.0,18
2026-09-01,7078,66,79,67.0,10
2026-09-01,7077,143,86,117.0,14
2026-09-01,2287,27,146,154.0,16
2026-09-01,21,49,200,189.5,20
2026-09-01,251,51,188,185.0,16
2026-09-01,255,20,196,198,5
2026-09-01,2218,32,192,192,17
2026-09-01,6659,14,264,264,7
2026-09-01,6644,60,114,82,15
2026-09-01,6643,121,104,102.0,10
2026-09-01,227,41,206,170.0,10
2026-09-01,6651,43,152,177,9
2026-09-01,67,25,255,281.0,12
2026-09-01,173,617,213,208,33
2026-09-01,6257,78,151,152.5,14
2026-09-01,128,15,132,147,9
2026-09-01,6371,63,103,84.0,12
2026-09-01,341,27,251,304.0,10
2026-09-01,440,39,142,156,17
2026-09-01,19,80,214,227.0,26
2026-09-01,1703,25,114,150,11
2026-09-01,336,20,118,132,11
2026-09-01,333,31,134,186,11
2026-09-01,6579,34,50,42,9
2026-09-01,6567,31,,148,11
2026-09-01,154,83,120,129.0,30
2026-09-01,437,33,165,151.0,14
2026-09-01,156,43,214,214,5
2026-09-01,238,16,170,210,7
2026-09-01,231,16,234,234,7
2026-09-01,265,13,252,222.5,6
2026-09-01,1701,22,217,217,9
2026-09-01,174,24,206,185.0,12
2026-09-01,442,24,202,202,9
2026-09-01,441,17,188,293.0,8
2026-09-01,55,33,208,208,17
2026-09-01,7083,73,115,148,11
2026-09-01,49,15,442,291.0,8
2026-09-01,120,82,424,250,17
2026-09-01,126,58,302,289,17
2026-09-01,249,21,242,233.5,6
2026-09-01,244,44,364,146,13
2026-09-01,6655,29,162,173.5,6
2026-09-01,13,19,,129.5,6
2026-09-01,347,26,163,174,11
2026-09-01,2,41,362,241,13
2026-09-01,12,49,415,322,25
2026-09-01,8,22,338,314.0,8
2026-09-01,2228,16,452,199.0,8
2026-09-01,6156,129,103,123.5,16
2026-09-01,6538,26,,174,5
2026-09-01,919,41,170,171.5,12
2026-09-01,5265,49,102,98.0,24
2026-09-01,837,25,101,105,9
2026-09-01,6461,218,79,83.5,14
2026-09-01,746,15,136,160,7
2026-09-01,5250,43,106,72.0,18
2026-09-01,1160,38,116,150.0,8
2026-09-01,784,18,178,136,11
2026-09-01,895,23,116,170,11
2026-09-01,1055,38,104,58,13
2026-09-01,5426,25,92,119.0,14
2026-09-01,977,77,112,112.0,24
2026-09-01,6539,26,127,140.0,8
2026-09-01,6097,61,169,214,11
2026-09-01,6099,25,118,160.5,6
2026-09-01,2386,24,146,156,11
2026-09-01,905,184,94,94,27
2026-09-01,2573,17,114,159.0,10
2026-09-01,6226,46,99,120.5,12
2026-09-01,6516,37,104,125,9
2026-09-01,7652,13,,122,7
2026-09-01,1188,22,150,128.5,8
2026-09-01,6240,135,90,121,17
2026-09-01,6347,70,86,86,11
2026-09-01,6372,59,127,166,11
2026-09-01,1246,76,170,154,17
2026-09-01,6681,40,125,106,11
2026-09-01,6680,61,116,116,9
2026-09-01,6316,50,132,172.0,10
2026-09-01,5762,60,152,173.5,22
2026-09-01,5577,48,132,167.0,18
2026-09-01,1872,53,158,180,19
2026-09-01,988,43,176,166.5,16
2026-09-01,6667,7,,74,3
2026-09-01,1871,8,,125,5
2026-09-01,6679,27,154,114.5,4
2026-09-01,1006,63,110,105.0,18
2026-09-01,1382,50,140,130.0,8
2026-09-01,5236,185,104,66.0,20
2026-09-01,5424,68,100,72,25
2026-09-01,6106,21,151,154.5,8
2026-09-01,2523,157,130,88.5,32
2026-09-01,699,15,139,171,7
2026-09-01,2522,32,68,97.0,20
2026-09-01,1671,24,89,137,9
2026-09-01,867,30,99,151,11
2026-09-01,2389,30,109,109,15
2026-09-01,2117,26,98,122,19
2026-09-01,2118,33,138,202.0,18
2026-09-01,5623,100,110,181.5,16
2026-09-01,2611,118,138,138,21
2026-09-01,1258,78,104,104,9
2026-09-01,5342,49,146,208.0,12
2026-09-01,6670,35,54,54,5
2026-09-01,7030,32,51,76.0,6
2026-09-01,6110,56,113,98,11
2026-09-01,6674,31,73,48,7
2026-09-01,6114,29,93,101.5,8
2026-09-01,874,92,106,89.0,12
2026-09-01,5639,67,60,51,13
2026-09-01,6112,39,,112,9
2026-09-01,5640,44,84,84,15
2026-09-01,6672,68,71,71,7
2026-09-01,1019,42,166,120.0,14
2026-09-01,5227,197,125,78,17
2026-09-01,2387,43,140,102,13
2026-09-01,847,46,138,137,9
2026-09-01,879,25,124,136.0,10
2026-09-01,788,23,116,185.0,12
2026-09-01,680,16,,68,9
2026-09-01,877,54,119,124,19
2026-09-01,808,56,132,98,11
2026-09-01,822,41,140,184.0,10
2026-09-01,811,121,148,175.0,22
2026-09-01,766,40,148,148,13
2026-09-01,6101,17,131,143,7
2026-09-01,6317,28,162,217.5,10
2026-09-01,7681,174,104,90.0,18
2026-09-01,6480,217,91,98.0,20
2026-09-01,6348,43,119,130.0,12
2026-09-01,7336,70,92,99.0,8
2026-09-01,6678,53,70,94,7
2026-09-01,953,112,66,72,23
2026-09-01,6669,24,,49,7
2026-09-01,945,14,59,32.0,10
2026-09-01,6069,32,79,105.5,6
2026-09-01,868,19,,86,9
2026-09-01,1715,31,128,128.0,12
2026-09-01,1056,142,102,95.0,30
2026-09-01,1167,43,98,133,7
2026-09-01,6105,33,,246,7
2026-09-01,1176,39,140,168.0,16
2026-09-01,6682,19,112,136,9
2026-09-01,7675,697,127,127,33
2026-09-01,835,44,130,228.5,10
2026-09-01,5433,69,177,202.0,18
2026-09-01,5413,39,90,110,21
2026-09-01,1180,49,108,104.0,24
2026-09-01,2388,27,152,152,9
2026-09-01,933,33,170,142.0,14
2026-09-01,700,35,128,129.0,10
2026-09-01,5500,130,108,108,15
2026-09-01,2174,36,106,212.0,24
2026-09-01,5221,227,92,99.0,18
2026-09-01,6684,14,94,105.0,8
2026-09-01,6683,86,92,92,13
2026-09-01,5312,122,98,60,15
2026-09-01,6677,42,77,77,7
2026-09-01,6676,52,94,80,7
2026-09-01,927,44,96,106,7
2026-09-01,949,37,106,146,9
2026-09-01,6671,57,94,80.0,12
2026-09-01,839,54,94,102,13
2026-09-01,6675,4,74,74,3
2026-09-01,6685,27,136,156,9
2026-09-01,6686,41,89,90,7
2026-09-01,6103,32,111,139,11
2026-09-01,1066,40,104,123.0,10
2026-09-01,7337,39,124,101.0,8
2026-09-01,1046,84,106,103.0,18
2026-09-01,6503,117,66,52.0,4
2026-09-01,6688,36,117,117,7
2026-09-01,962,34,94,133.5,14
2026-09-01,1084,20,135,143.0,10
2026-09-01,878,37,146,83,13
2026-09-01,1644,55,100,100.0,16
2026-09-01,6477,281,77,83.0,12
2026-09-01,1186,22,166,138.0,6
2026-09-01,917,37,95,102,7
2026-09-01,1154,54,98,104,23
2026-09-01,1239,154,94,82.5,38
2026-09-01,976,54,161,161,19
2026-09-01,985,39,224,153,15
2026-09-01,5725,117,132,132,19
2026-09-01,1198,32,176,201,17
2026-09-01,1639,40,179,199.5,14
2026-09-01,2201,75,110,114.0,28
2026-09-01,2182,30,130,123,11
2026-09-01,5486,22,228,112.5,12
2026-09-01,947,54,66,73.0,8
2026-09-01,7418,109,78,78,15
2026-09-01,1347,36,98,69.0,14
2026-09-01,890,42,114,107.0,14
2026-09-01,7417,48,100,100,3
2026-09-01,7651,10,68,107,3
2026-09-01,7414,148,100,103.0,12
2026-09-01,1191,36,242,250,11
2026-09-01,6687,10,194,163.0,6
2026-09-01,5938,35,203,174,15
2026-09-01,1948,43,215,139.0,22
2026-09-01,1193,30,228,225.0,12
2026-09-01,5381,25,182,184.0,16
2026-09-01,1381,28,261,261,15
2026-09-01,1279,86,246,190,21
2026-09-01,1253,30,286,137.0,12
2026-09-01,1081,32,177,154.5,14
2026-09-01,1040,118,270,228,17
2026-09-01,2195,27,186,98,11
2026-09-01,1445,73,146,166,15
2026-09-01,5509,68,134,134,13
2026-09-01,1446,72,302,281.0,18
2026-09-01,5542,100,286,312.0,20
2026-09-01,1392,33,214,119.5,16
2026-09-01,1432,27,160,163.0,12
2026-09-01,2464,70,121,116.0,34
2026-09-01,7084,552,62,45,11
2026-09-01,7085,61,109,98,13
2026-09-01,7127,75,82,86,17
2026-09-01,1068,32,128,128,7
2026-09-01,6429,79,128,128,15
2026-09-01,2031,26,78,68,17
2026-09-01,5409,53,97,107.5,18
2026-09-01,7086,89,114,88,23
2026-09-01,1441,28,104,89.0,8
2026-09-01,1667,37,154,115.5,16
2026-09-01,1262,57,168,172.0,8
2026-09-01,1286,37,104,104,7
2026-09-01,1412,51,108,82,7
2026-09-01,7629,56,60,66,11
2026-09-01,7630,88,84,93,13
2026-09-01,7341,265,122,149.5,14
2026-09-01,7342,26,64,64,3
2026-09-01,7645,50,36,35.0,4
2026-09-01,506,40,118,118,5
2026-09-01,6017,56,82,110,21
2026-09-01,1934,67,90,78.0,16
2026-09-01,2146,28,139,174,21
2026-09-01,733,80,108,64.0,18
2026-09-01,732,48,98,67.0,8
2026-09-01,885,46,116,103.0,16
2026-09-01,2143,33,162,119,19
2026-09-01,634,24,130,116.0,10
2026-09-01,2540,33,144,200.0,8
2026-09-01,7087,166,51,51,19
2026-09-01,6024,211,53,53.0,26
2026-09-01,6738,54,70,70,7
2026-09-01,6442,134,72,72,9
2026-09-01,6737,91,68,71,7
2026-09-01,573,41,130,146,13
2026-09-01,5719,101,150,116.0,14
2026-09-01,1619,49,82,82,17
2026-09-01,6023,95,71,35.5,16
2026-09-01,6753,155,68,74,21
2026-09-01,2537,9,116,116,7
2026-09-01,6689,126,70,62,15
2026-09-01,2137,33,126,75.0,18
2026-09-01,886,119,59,59,23
2026-09-01,2283,35,80,92.0,14
2026-09-01,545,15,93,77.5,8
2026-09-01,6726,73,,72,7
2026-09-01,7089,25,90,62.5,14
2026-09-01,7088,24,123,152,9
2026-09-01,6376,70,86,104.5,14
2026-09-01,6320,82,60,71,7
2026-09-01,6489,244,87,138,19
2026-09-01,6701,15,138,150.5,4
2026-09-01,6702,73,114,105.5,10
2026-09-01,6511,606,41,48.0,10
2026-09-01,2254,13,357,179.5,10
2026-09-01,754,66,201,102,19
2026-09-01,5746,56,204,222.0,20
2026-09-01,118,15,278,142,7
2026-09-01,542,59,136,138,11
2026-09-01,458,26,156,212.0,6
2026-09-01,5769,86,182,182,15
2026-09-01,5852,29,214,90,9
2026-09-01,2448,59,134,182,17
2026-09-01,408,37,190,114,9
2026-09-01,5813,63,51,59,17
2026-09-01,5830,31,88,88,7
2026-09-01,5825,8,100,100,3
2026-09-01,5820,123,38,38,13
2026-09-01,5824,62,63,63,7
2026-09-01,5821,45,54,54,13
2026-09-01,5811,75,78,78,17
2026-09-01,2460,160,42,59.0,20
2026-09-01,5808,127,38,55.0,14
2026-09-01,5810,75,37,37,7
2026-09-01,5300,80,352,108,23
2026-09-01,416,30,186,323.0,12
2026-09-01,425,181,174,177.0,32
2026-09-01,2391,133,196,196,27
2026-09-01,2300,37,198,224,17
2026-09-01,2301,58,164,167.5,24
2026-09-01,6046,69,,72.5,4
2026-09-01,2398,39,196,196.0,22
2026-09-01,1634,56,148,148,17
2026-09-01,5258,84,222,235.0,18
2026-09-01,2444,119,80,82,31
2026-09-01,613,81,102,103.0,16
2026-09-01,5833,82,131,131,15
2026-09-01,5555,59,114,111.0,16
2026-09-01,6721,98,84,70.5,10
2026-09-01,536,68,78,76.0,12
2026-09-01,6018,35,92,156,9
2026-09-01,5334,42,81,129.5,20
2026-09-01,7101,94,73,109.0,14
2026-09-01,2470,127,120,46,25
2026-09-01,2393,25,177,177,13
2026-09-01,2392,35,128,191.0,16
2026-09-01,7090,66,166,166,15
2026-09-01,85,76,108,136,35
2026-09-01,433,555,75,27,29
2026-09-01,2403,35,220,206,17
2026-09-01,871,205,114,114,39
2026-09-01,420,28,166,195.0,16
2026-09-01,2306,31,223,96,21
2026-09-01,2402,25,132,151.0,16
2026-09-01,6510,149,40,35.0,8
2026-09-01,34,109,78,56.0,10
2026-09-01,6691,152,43,54,17
2026-09-01,6692,58,,33.0,6
2026-09-01,5844,87,75,75,11
2026-09-01,6696,65,52,69.0,8
2026-09-01,2542,69,86,40.0,20
2026-09-01,6150,268,60,61,23
2026-09-01,2302,70,88,132,23
2026-09-01,6690,127,51,58,15
2026-09-01,474,234,74,43,33
2026-09-01,2147,40,118,147.0,16
2026-09-01,473,76,58,86,19
2026-09-01,7092,85,68,79.0,18
2026-09-01,6434,98,102,55.0,14
2026-09-01,6754,57,61,66.0,12
2026-09-01,6378,43,86,101.0,10
2026-09-01,2459,39,126,112,13
2026-09-01,6377,34,94,100,9
2026-09-01,6290,65,56,106,19
2026-09-01,6176,92,42,55.0,12
2026-09-01,6750,125,53,55.5,16
2026-09-01,6022,26,39,54,13
2026-09-01,6749,86,63,31,13
2026-09-01,6440,648,31,31,9
2026-09-01,6403,46,75,75,9
2026-09-01,6697,96,84,102,11
2026-09-01,2148,29,76,102,13
2026-09-01,6010,162,54,65,17
2026-09-01,191,32,82,82,7
2026-09-01,2149,73,104,122,25
2026-09-01,6179,123,57,74.5,14
2026-09-01,6735,43,58,35,7
2026-09-01,5281,21,93,94,9
2026-09-01,6736,38,71,80.0,6
2026-09-01,6009,92,90,100.0,22
2026-09-01,2455,32,88,89,11
2026-09-01,701,32,71,80.5,12
2026-09-01,911,27,76,63.0,6
2026-09-01,6481,42,60,54,7
2026-09-01,5756,138,57,25.5,10
2026-09-01,6291,99,62,77,17
2026-09-01,6698,82,68,79.5,12
2026-09-01,6423,273,50,55.0,10
2026-09-01,7093,114,48,26,17
2026-09-01,7143,109,45,49.5,22
2026-09-01,7102,58,54,90.5,20
2026-09-01,6709,164,65,56,9
2026-09-01,505,89,58,73.0,16
2026-09-01,2446,88,62,70,13
2026-09-01,507,133,74,51.0,12
2026-09-01,455,34,105,103.5,8
2026-09-01,502,54,92,98.0,14
2026-09-01,2145,33,128,150.0,18
2026-09-01,450,32,141,165,11
2026-09-01,199,40,126,144.5,8
2026-09-01,518,25,104,129.0,8
2026-09-01,512,60,86,112,9
2026-09-01,2303,113,90,48,25
2026-09-01,35,46,116,158,15
2026-09-01,511,39,90,76.0,8
2026-09-01,29,56,124,152.0,16
2026-09-01,7106,33,104,84,11
2026-09-01,2155,25,132,132,13
2026-09-01,1874,76,136,158,17
2026-09-01,6699,45,82,69.5,8
2026-09-01,6488,178,102,110.5,8
2026-09-01,6719,106,80,59.0,8
2026-09-01,6720,122,61,95.0,14
2026-09-01,6755,59,113,103.5,10
2026-09-01,6015,46,130,134,15
2026-09-01,6016,76,162,173.0,14
2026-09-01,5877,51,155,152,9
2026-09-01,6020,47,90,90.0,18
2026-09-01,2405,35,100,85.5,16
2026-09-01,2456,55,112,115.0,16
2026-09-01,7338,32,117,135.0,8
2026-09-01,2451,91,90,54,17
2026-09-01,7684,39,69,55.5,12
2026-09-01,7683,16,69,98,9
2026-09-01,7145,52,71,46.0,12
2026-09-01,7107,54,60,60,19
2026-09-01,2150,40,87,106,23
2026-09-01,6729,26,94,86,11
2026-09-01,2410,93,88,52.0,20
2026-09-01,2512,53,144,106.0,28
2026-09-01,2394,56,128,172.0,18
2026-09-01,1717,51,134,148,15
2026-09-01,415,46,144,146.5,18
2026-09-01,406,89,134,111.0,16
2026-09-01,2264,49,150,181.5,16
2026-09-01,405,180,147,146.0,24
2026-09-01,407,23,160,113.0,14
2026-09-01,413,425,126,76.5,22
2026-09-01,412,43,148,111.0,6
2026-09-01,418,113,172,153.0,28
2026-09-01,2395,41,199,199,13
2026-09-01,1581,40,192,208,19
2026-09-01,499,25,174,184.0,8
2026-09-01,2404,39,270,291,15
2026-09-01,1719,43,168,146,17
2026-09-01,6199,187,50,82,21
2026-09-01,6700,158,58,58,11
2026-09-01,6215,71,62,62,15
2026-09-01,7142,22,156,156,7
2026-09-01,7141,44,100,102,11
2026-09-01,6200,56,103,135,15
2026-09-01,7094,40,94,117,19
2026-09-01,5831,31,120,136.0,12
2026-09-01,5812,26,103,103,9
2026-09-01,6715,20,101,81,9
2026-09-01,2450,44,104,103.0,20
2026-09-01,2538,61,90,75.0,14
2026-09-01,2397,54,182,182,21
2026-09-01,471,28,177,181.5,10
2026-09-01,399,41,182,112,15
2026-09-01,469,65,156,173.0,30
2026-09-01,6327,172,168,243,19
2026-09-01,2396,107,182,92,15
2026-09-01,2065,42,162,174.0,16
2026-09-01,1577,42,218,218,13
2026-09-01,488,70,136,218,15
2026-09-01,1635,40,222,158,21
2026-09-01,2529,60,102,98.0,12
2026-09-01,6707,100,63,63,17
2026-09-01,6704,90,51,51,17
2026-09-01,6703,51,53,30,15
2026-09-01,2445,33,140,140,11
2026-09-01,6725,58,110,110,5
2026-09-01,6014,43,148,163.5,14
2026-09-01,6202,194,78,88.0,16
2026-09-01,464,51,128,174,19
2026-09-01,2539,50,112,119,25
2026-09-01,417,61,150,108.0,24
2026-09-01,1576,56,168,119.0,20
2026-09-01,423,35,140,134.0,10
2026-09-01,1718,29,184,193.0,16
2026-09-01,6706,37,90,91.5,6
2026-09-01,6705,148,97,105,17
2026-09-01,6525,36,117,117,7
2026-09-01,6741,54,126,207.5,10
2026-09-01,6742,33,110,165.5,8
2026-09-01,6710,87,54,54,5
2026-09-01,2406,35,196,196,9
2026-09-01,57,30,166,114.5,10
2026-09-01,510,21,122,122,11
2026-09-01,5315,36,154,154,15
2026-09-01,1606,52,239,258.0,18
2026-09-01,434,107,154,118.0,22
2026-09-01,7100,61,172,165,15
2026-09-01,1573,46,160,137.0,14
2026-09-01,602,36,136,234.5,12
2026-09-01,531,64,208,208,9
2026-09-01,6708,78,57,52.5,12
2026-09-01,6012,110,66,85.0,28
2026-09-01,6730,107,51,17,15
2026-09-01,6734,62,118,97,7
2026-09-01,7091,47,102,118,15
2026-09-01,6694,99,63,77.5,14
2026-09-01,6152,43,110,118,13
2026-09-01,6518,125,36,37.0,12
2026-09-01,7339,39,48,40,13
2026-09-01,6546,681,35,42.5,20
2026-09-01,7104,36,104,125.5,10
2026-09-01,7105,96,34,16.0,20
2026-09-01,5350,35,76,76,11
2026-09-01,436,43,62,30,13
2026-09-01,5303,15,80,71.5,12
2026-09-01,7343,165,33,31.5,14
2026-09-01,6011,56,41,46.0,12
2026-09-01,7096,65,42,59,27
2026-09-01,2447,40,52,62.0,14
2026-09-01,2304,174,48,66,25
2026-09-01,7340,59,110,128,9
2026-09-01,7095,89,126,64.0,16
2026-09-01,2268,43,218,194,25
2026-09-01,6289,178,136,80,17
2026-09-01,402,22,152,160.0,8
2026-09-01,1873,151,130,128,29
2026-09-01,391,21,194,190,11
2026-09-01,480,18,152,168.0,6
2026-09-01,465,50,132,139,23
2026-09-01,2400,31,144,147.0,16
2026-09-01,5554,65,54,67.0,20
2026-09-01,5398,87,53,51.0,20
2026-09-01,2399,32,112,140.0,12
2026-09-01,774,35,86,46,15
2026-09-01,6277,224,41,43.0,20
2026-09-01,2242,36,92,92,11
2026-09-01,6374,28,102,72.0,8
2026-09-01,2481,165,112,114,23
2026-09-01,2318,70,71,78.5,12
2026-09-01,896,53,100,108,19
2026-09-01,2413,63,118,145,23
2026-09-01,6433,78,115,98,13
2026-09-01,6008,42,81,92.5,16
2026-09-01,6723,35,80,112,13
2026-09-01,6722,38,70,70,13
2026-09-01,6711,23,84,95.0,6
2026-09-01,6740,100,97,61.5,8
2026-09-01,7346,103,62,69.5,12
2026-09-01,6237,73,68,74,13
2026-09-01,6402,70,79,81.0,12
2026-09-01,6718,13,106,36,5
2026-09-01,7344,172,30,33,19
2026-09-01,5832,20,86,97.0,12
2026-09-01,401,126,138,161.5,26
2026-09-01,5841,82,122,114.5,16
2026-09-01,494,38,160,174.0,18
2026-09-01,5896,688,107,115.5,18
2026-09-01,534,30,152,157.0,10
2026-09-01,5440,228,178,202,17
2026-09-01,1466,36,188,148,19
2026-09-01,466,54,168,115,15
2026-09-01,5402,307,102,102,21
2026-09-01,1662,40,245,255.0,12
2026-09-01,498,100,212,149.0,16
2026-09-01,2401,24,177,59.0,10
2026-09-01,497,39,134,70,13
2026-09-01,1875,112,96,134,27
2026-09-01,432,85,159,123.5,20
2026-09-01,234,40,162,176,11
2026-09-01,2505,150,150,90.0,22
2026-09-01,6353,219,105,99.0,18
2026-09-01,6712,58,56,67.0,8
2026-09-01,6713,49,82,34,7
2026-09-01,530,29,170,139.5,6
2026-09-01,2263,43,174,198,17
2026-09-01,478,10,275,275,7
2026-09-01,483,14,232,319.5,6
2026-09-01,2630,55,100,69.0,14
2026-09-01,2307,31,124,147,13
2026-09-01,475,304,74,60.0,32
2026-09-01,172,29,158,168.0,12
2026-09-01,537,59,124,124,15
2026-09-01,2316,24,100,130,13
2026-09-01,5443,67,100,102.0,16
2026-09-01,493,49,162,193.5,24
2026-09-01,540,79,114,114,15
2026-09-01,6373,64,127,78,7
2026-09-01,456,68,116,174,9
2026-09-01,6490,83,87,96.5,6
2026-09-01,711,113,92,90.0,14
2026-09-01,203,88,108,119.0,8
2026-09-01,468,34,84,84,5
2026-09-01,1043,25,100,124.5,8
2026-09-01,167,122,110,89.0,28
2026-09-01,122,58,82,137.5,6
2026-09-01,470,78,88,112.0,12
2026-09-01,452,51,84,113.0,6
2026-09-01,1622,54,150,200,9
2026-09-01,6056,38,162,192,15
2026-09-01,5578,45,130,104,13
2026-09-01,201,35,86,117.0,14
2026-09-01,6714,47,88,84,9
2026-09-01,794,42,76,81.0,16
2026-09-01,7097,15,88,118.0,6
2026-09-01,2412,25,151,169.5,12
2026-09-01,7144,46,118,128.5,10
2026-09-01,553,64,264,264,21
2026-09-01,1665,40,318,325.0,18
2026-09-01,2309,11,,63.0,4
2026-09-01,2315,130,174,135.0,12
2026-09-01,2314,44,236,181.0,18
2026-09-01,431,24,198,202.0,8
2026-09-01,2308,19,231,169.0,14
2026-09-01,1876,314,142,142,47
2026-09-01,595,44,,124,15
2026-09-01,2241,124,164,167.0,30
2026-09-01,6717,174,94,94,15
2026-09-01,6716,54,87,68.5,10
2026-09-01,6362,49,80,133,11
2026-09-01,6360,94,57,66,17
2026-09-01,2285,31,110,120,19
2026-09-01,2305,42,106,82.0,16
2026-09-01,2449,33,104,120,15
2026-09-01,5219,64,172,98,17
2026-09-01,2531,51,86,118.0,16
2026-09-01,6404,43,114,114.0,18
2026-09-01,6432,661,41,47.5,10
2026-09-01,6693,113,95,130.5,22
2026-09-01,5736,123,45,45.5,18
2026-09-01,6695,63,86,56,7
2026-09-01,6747,61,73,73,7
2026-09-01,2458,65,90,104,23
2026-09-01,6021,46,76,76,13
2026-09-01,6757,114,72,81,13
2026-09-01,467,80,88,90.0,22
2026-09-01,2152,54,150,77.0,18
2026-09-01,6476,476,86,110,11
2026-09-01,472,146,72,92,7
2026-09-01,269,76,98,100,9
2026-09-01,2461,42,116,119,15
2026-09-01,83,43,98,83.0,8
2026-09-01,2158,37,128,68,11
2026-09-01,6727,68,114,114,13
2026-09-01,453,51,92,92,7
2026-09-01,6013,62,102,117.0,18
2026-09-01,6019,73,70,48,17
2026-09-01,6405,118,87,84,17
2026-09-01,5314,23,,201.0,10
2026-09-01,485,25,168,168.0,14
2026-09-01,5316,43,188,110,15
2026-09-01,6282,241,170,66,13
2026-09-01,1642,33,289,101.0,10
2026-09-01,2613,92,168,128.0,20
2026-09-01,509,23,200,152,13
2026-09-01,1580,136,222,121.0,20
2026-09-01,2632,104,138,94,21
2026-09-01,484,21,398,124.5,8
2026-09-01,481,29,,130,17
2026-09-01,1578,35,253,125.0,12
2026-09-01,5317,19,206,128,15
2026-09-01,2407,49,132,138.0,16
2026-09-01,1579,44,192,186.5,16
2026-09-01,508,50,142,142,11
2026-09-01,267,66,170,139.0,6
2026-09-01,1663,44,211,205.5,14
2026-09-01,486,9,,95.0,8
2026-09-01,6343,349,38,38.0,14
2026-09-01,2431,47,172,173.0,14
2026-09-01,2411,42,158,194.0,12
2026-09-01,5552,264,61,61,13
2026-09-01,1572,48,222,160.0,22
2026-09-01,6458,982,129,146.5,10
2026-09-01,404,106,240,140,11
2026-09-01,5472,98,39,63,31
2026-09-01,6745,87,50,50,11
2026-09-01,2472,67,84,50,13
2026-09-01,6197,90,63,67,17
2026-09-01,1518,43,98,186,17
2026-09-01,2457,62,102,112.0,26
2026-09-01,2462,64,102,103.0,18
2026-09-01,2151,64,126,143.0,20
2026-09-01,2317,59,96,66,15
2026-09-01,1189,100,94,72,29
2026-09-01,2631,56,102,115.5,18
2026-09-01,2154,59,84,92,21
2026-09-01,552,140,108,121.0,14
2026-09-01,6752,142,100,98.0,14
2026-09-01,462,30,104,104.0,10
2026-09-01,5827,16,64,78.0,6
2026-09-01,5807,53,74,92,11
2026-09-01,5818,33,45,34.5,10
2026-09-01,5822,26,62,70.0,12
2026-09-01,6724,149,67,69.0,22
2026-09-01,5828,21,,99.5,4
2026-09-01,5826,34,52,63.0,4
2026-09-01,5809,46,106,132,11
2026-09-01,5817,11,82,82.0,4
2026-09-01,2310,285,54,54.0,16
2026-09-01,6748,81,44,46.0,6
2026-09-01,463,35,140,157.0,14
2026-09-01,461,25,,134.5,10
2026-09-01,183,18,107,134,7
2026-09-01,7099,153,75,50,9
2026-09-01,7098,129,74,120.0,4
2026-09-01,2156,25,126,127,19
2026-09-01,2159,30,207,207,17
2026-09-01,2453,26,146,210,15
2026-09-01,454,21,102,160,5
2026-09-01,841,16,112,129.0,6
2026-09-01,756,42,76,76,9
2026-09-01,2312,38,72,133,11
2026-09-01,6728,60,94,94.0,12
2026-09-01,729,49,114,126,11
2026-09-01,409,34,124,124.0,10
2026-09-01,6743,112,70,29,7
2026-09-01,2142,59,122,139.0,20
2026-09-01,2409,50,126,158,9
2026-09-01,2139,132,94,146.0,26
2026-09-01,2157,91,114,114.0,22
2026-09-01,2454,79,100,100,27
2026-09-01,7108,53,106,110,19
2026-09-01,6509,464,46,54.0,10
2026-09-01,7103,14,30,30.0,6
2026-09-01,6731,70,39,48,7
2026-09-01,6733,39,70,42.0,12
2026-09-01,6358,23,96,96,9
2026-09-01,6359,99,70,75.0,10
2026-09-01,7047,8,,78.5,2
2026-09-01,6732,29,71,92.5,4
2026-09-01,6426,80,93,112.0,10
2026-09-01,460,22,183,222,13
2026-09-01,459,41,96,96,17
2026-09-01,482,87,102,146,7
2026-09-01,6361,99,128,109.5,16
2026-09-01,119,40,203,211.5,6
2026-09-01,6328,95,144,201.0,12
2026-09-01,7345,48,55,56,13
2026-09-01,6739,138,70,74.5,14
2026-09-01,6482,512,62,67.0,10
2026-09-01,6751,130,122,138.0,12
2026-09-01,6744,65,78,78,11
2026-09-01,2543,117,88,67.0,24
2026-09-01,7049,23,36,36,5
2026-09-01,6212,42,62,63.0,8
2026-09-01,2311,101,82,82,13
2026-09-01,6419,282,73,64,11
2026-09-01,6485,90,53,73.0,20
2026-09-01,6357,165,150,156.0,14
2026-09-01,864,63,116,119.0,8
2026-09-01,5444,46,164,168,21
2026-09-01,1670,109,108,86,21
2026-09-01,6379,47,117,138.0,16
2026-09-01,6045,75,272,185.0,12
2026-09-01,2319,59,156,140.0,22
2026-09-01,2320,108,104,108.5,24
2026-09-01,429,63,142,178.0,22
2026-09-01,430,57,261,88,15
2026-09-01,2414,25,289,289,9
2026-09-01,2415,27,196,196.0,10
2026-09-01,709,10,132,177,5
2026-09-01,41,19,156,109.0,8
2026-09-01,1935,44,126,76.0,10
2026-09-01,2541,32,100,128.0,20
2026-09-01,39,29,158,158,7
2026-09-01,2153,19,,118,13
2026-09-01,2313,77,100,40.0,14
2026-09-01,6756,70,94,64.0,14
2026-09-01,414,81,122,102,21
2026-09-01,6068,71,78,98,15
2026-09-01,513,15,50,60,9
2026-09-01,1605,55,78,78,23
2026-09-01,6002,29,116,147.5,12
2026-09-01,7154,66,86,73.0,12
2026-09-01,601,109,70,92.0,14
2026-09-01,6005,36,34,30.0,6
2026-09-01,6060,69,70,74.0,12
2026-09-01,2226,20,92,108,11
2026-09-01,1528,35,56,69.0,10
2026-09-01,2326,20,76,83.0,16
2026-09-01,792,32,84,84,7
2026-09-01,608,36,90,101.0,16
2026-09-01,659,46,68,88,11
2026-09-01,1720,46,58,76.0,14
2026-09-01,2024,30,116,110.5,18
2026-09-01,1942,13,129,193.5,8
2026-09-01,344,20,90,96,15
2026-09-01,5576,30,77,62.5,10
2026-09-01,7348,26,74,62.0,12
2026-09-01,721,29,152,140.0,18
2026-09-01,2290,152,144,98,27
2026-09-01,593,17,,210,5
2026-09-01,6443,623,87,67,17
2026-09-01,611,34,144,159.0,12
2026-09-01,1602,30,108,125.0,16
2026-09-01,1609,91,136,102.0,26
2026-09-01,348,536,108,76.0,36
2026-09-01,643,39,118,118,11
2026-09-01,6331,166,77,77,15
2026-09-01,5326,58,56,62.0,16
2026-09-01,6004,54,84,110.0,14
2026-09-01,569,35,68,63.0,8
2026-09-01,6232,9,76,122,5
2026-09-01,567,35,56,56,13
2026-09-01,5624,52,92,100,7
2026-09-01,5435,31,76,76,15
2026-09-01,6223,109,54,76.0,18
2026-09-01,5325,25,60,60,11
2026-09-01,6233,52,62,62,5
2026-09-01,7263,15,76,77.0,8
2026-09-01,1527,25,68,86.0,14
2026-09-01,600,11,82,82,5
2026-09-01,6767,25,102,100.5,8
2026-09-01,642,29,90,85.0,10
2026-09-01,671,8,88,78.0,4
2026-09-01,7056,8,92,59,5
2026-09-01,609,26,98,142,7
2026-09-01,594,27,78,140.0,10
2026-09-01,5587,42,94,105.0,22
2026-09-01,6758,77,71,74,7
2026-09-01,2327,49,112,140.0,18
2026-09-01,6285,64,95,102,19
2026-09-01,6776,115,83,98,17
2026-09-01,6779,114,74,96.0,16
2026-09-01,2572,67,136,144,15
2026-09-01,7048,51,61,43.5,4
2026-09-01,6778,17,,96.5,4
2026-09-01,2328,34,122,169,11
2026-09-01,6780,40,86,91,9
2026-09-01,1961,21,136,154,9
2026-09-01,7146,16,92,111.5,6
2026-09-01,1726,53,92,95.0,8
2026-09-01,2421,19,110,56.0,8
2026-09-01,7656,112,82,81.5,12
2026-09-01,624,39,102,76,15
2026-09-01,5575,94,96,47.0,16
2026-09-01,6312,311,48,52.5,12
2026-09-01,7264,90,54,70.5,14
2026-09-01,1616,29,44,51.0,12
2026-09-01,6003,36,50,77,9
2026-09-01,2281,33,56,62,19
2026-09-01,5468,109,30,18,17
2026-09-01,5722,26,69,96,9
2026-09-01,5423,33,97,97,17
2026-09-01,6526,71,104,109,15
2026-09-01,5588,63,73,39.0,16
2026-09-01,1728,41,92,102.0,16
2026-09-01,7347,8,81,93.0,6
2026-09-01,568,31,84,63.0,12
2026-09-01,2418,35,102,122.0,16
2026-09-01,583,86,70,75.0,18
2026-09-01,581,10,94,103.0,8
2026-09-01,2183,15,128,172,11
2026-09-01,578,22,106,115.0,10
2026-09-01,863,333,70,80,25
2026-09-01,548,123,112,109.5,10
2026-09-01,690,53,104,104,11
2026-09-01,7273,112,67,67,13
2026-09-01,668,77,96,96,9
2026-09-01,683,47,126,136,15
2026-09-01,1725,44,78,106,7
2026-09-01,7147,45,78,84,9
2026-09-01,6760,21,87,54,9
2026-09-01,7148,35,91,85.0,14
2026-09-01,6380,45,86,66.0,12
2026-09-01,6761,65,45,49.5,14
2026-09-01,7265,126,46,53,7
2026-09-01,7266,72,57,57,11
2026-09-01,6459,49,70,95,7
2026-09-01,6762,117,58,80,9
2026-09-01,6344,272,50,69,9
2026-09-01,1604,44,59,74.0,18
2026-09-01,589,35,58,62,9
2026-09-01,615,36,60,76.0,8
2026-09-01,6507,181,37,44.5,12
2026-09-01,7355,23,38,48,7
2026-09-01,7356,83,26,30,13
2026-09-01,7267,62,70,42,13
2026-09-01,6435,59,46,50,11
2026-09-01,1668,85,66,102,25
2026-09-01,6497,96,112,112,7
2026-09-01,289,53,68,68,13
2026-09-01,6325,112,65,79.5,8
2026-09-01,5867,100,69,122,15
2026-09-01,2025,26,68,69.5,14
2026-09-01,6508,150,33,37.5,6
2026-09-01,6364,48,66,46,11
2026-09-01,6763,17,,108,7
2026-09-01,645,28,154,80,9
2026-09-01,1962,31,132,154,17
2026-09-01,6764,66,92,113.0,10
2026-09-01,665,53,98,101.0,12
2026-09-01,793,136,110,128,13
2026-09-01,322,140,74,77.0,14
2026-09-01,7268,41,,87,5
2026-09-01,2416,62,66,68.0,14
2026-09-01,323,54,86,79.0,16
2026-09-01,6001,59,94,80,17
2026-09-01,324,39,81,56,9
2026-09-01,580,34,74,83,11
2026-09-01,6057,156,173,186,23
2026-09-01,5330,96,142,166.5,30
2026-09-01,1729,24,74,51,11
2026-09-01,2417,25,82,85.0,14
2026-09-01,1730,35,84,84,9
2026-09-01,1727,10,77,80,7
2026-09-01,6153,249,73,97,13
2026-09-01,1721,36,120,144,17
2026-09-01,2280,46,128,134.0,10
2026-09-01,7109,73,48,49.0,10
2026-09-01,603,69,82,90.0,8
2026-09-01,7361,39,50,54.0,12
2026-09-01,7357,57,64,57.0,6
2026-09-01,7359,45,49,49,11
2026-09-01,7360,34,96,95,5
2026-09-01,597,31,70,77,5
2026-09-01,6062,174,139,154.0,32
2026-09-01,7269,163,33,50.0,26
2026-09-01,6777,64,60,68.0,10
2026-09-01,7349,99,47,56.5,12
2026-09-01,7350,60,42,42,13
2026-09-01,6132,267,119,164.0,28
2026-09-01,6418,254,33,33,15
2026-09-01,6766,44,53,56.0,12
2026-09-01,7270,27,56,39,5
2026-09-01,6224,108,119,159.0,20
2026-09-01,6449,401,41,50.5,10
2026-09-01,6222,69,94,59.0,20
2026-09-01,633,29,76,67.5,12
2026-09-01,6427,104,74,106,7
2026-09-01,7271,136,63,58.0,12
2026-09-01,5868,22,62,85.0,6
2026-09-01,5866,51,64,72,11
2026-09-01,7353,210,54,48.0,18
2026-09-01,7352,47,96,113,11
2026-09-01,7351,48,61,70,13
2026-09-01,7272,61,50,55.0,18
2026-09-01,6774,66,62,78,15
2026-09-01,6773,67,84,95.0,14
2026-09-01,5748,46,104,80,9
2026-09-01,7110,75,44,76,15
2026-09-01,6363,35,86,90,7
2026-09-01,7354,47,98,98,13
2026-09-01,586,19,66,54.0,10
2026-09-01,804,39,52,37.0,14
2026-09-01,5570,76,64,80,9
2026-09-01,7149,108,81,94,11
2026-09-01,7150,28,101,97.5,8
2026-09-01,551,11,90,122,5
2026-09-01,6365,61,72,64.0,10
2026-09-01,288,68,84,84,11
2026-09-01,682,49,82,68.0,8
2026-09-01,554,95,66,98,9
2026-09-01,6352,279,67,69.5,12
2026-09-01,298,97,62,69.5,18
2026-09-01,1722,53,80,122,11
2026-09-01,1724,27,102,107.5,12
2026-09-01,6765,26,49,23.5,4
2026-09-01,2510,27,119,70,15
2026-09-01,596,13,96,96,5
2026-09-01,6770,95,60,59.5,8
2026-09-01,6768,71,32,35.0,12
2026-09-01,6769,59,43,43,7
2026-09-01,7153,37,58,61.0,12
2026-09-01,7152,98,80,101,15
2026-09-01,7151,29,68,130.0,12
2026-09-01,7362,13,73,138.0,8
2026-09-01,7363,34,88,103,7
2026-09-01,612,29,80,128,11
2026-09-01,598,25,102,79.0,8
2026-09-01,755,19,90,134,13
2026-09-01,6771,140,74,60.0,6
2026-09-01,6772,32,,129,3
2026-09-01,2420,29,65,78.0,8
2026-09-01,5263,29,62,52.0,14
2026-09-01,7358,188,56,98,13
2026-09-01,5870,150,129,145,33
2026-09-01,7660,96,66,74,9
2026-09-01,599,45,82,82,9
2026-09-01,6775,137,55,66.5,18
2026-09-01,6781,15,95,95,7
2026-09-01,2419,50,110,118,17
2026-09-01,547,29,90,90,15
2026-09-01,1603,24,88,88,11
2026-09-01,591,19,88,89.0,12
2026-09-01,647,42,65,101,13
2026-09-01,6415,104,96,138.0,16
2026-09-01,2329,112,74,88,23
2026-09-01,1723,44,72,100,7
2026-09-01,582,36,86,141.0,6
2026-09-01,563,34,68,90.0,10
2026-09-01,577,32,94,94.0,8
2026-09-01,564,91,92,96,9
2026-09-01,2422,184,82,98,19
2026-09-01,1620,27,66,116,15
2026-09-01,2038,38,56,52,17
2026-09-01,1296,14,364,268.5,4
2026-09-01,1519,36,298,181,17
2026-09-01,2276,23,243,258,15
2026-09-01,2233,27,264,181.0,16
2026-09-01,2275,36,302,235,15
2026-09-01,6071,58,323,323,17
2026-09-01,1298,23,200,128,9
2026-09-01,6367,648,217,134,9
2026-09-01,2179,19,268,130,11
2026-09-01,1669,59,320,299,9
2026-09-01,1035,57,352,254,17
2026-09-01,1335,55,494,332.0,20
2026-09-01,1422,40,331,208.5,16
2026-09-01,6263,52,435,357.5,14
2026-09-01,6264,45,381,215.0,10
2026-09-01,6782,223,78,85,21
2026-09-01,7031,86,53,70.5,8
2026-09-01,6784,37,91,102.0,12
2026-09-01,6783,36,98,106,7
2026-09-01,7041,14,78,47.5,8
2026-09-01,7051,91,,66,5
2026-09-01,5788,32,120,153.0,8
2026-09-01,5550,75,102,126.0,14
2026-09-01,1078,31,90,103.0,6
2026-09-01,5362,14,103,103,7
2026-09-01,5406,47,110,112.0,20
2026-09-01,6444,167,59,94.0,8
2026-09-01,5270,28,100,118,13
2026-09-01,5271,48,80,95,15
2026-09-01,5551,28,88,84.0,12
2026-09-01,5491,35,136,136,13
2026-09-01,5558,44,86,142,9
2026-09-01,6407,30,125,142,11
2026-09-01,5562,54,120,122,7
2026-09-01,5561,41,123,153.0,10
2026-09-01,6272,99,89,103.5,16
2026-09-01,6408,65,158,158,11
2026-09-01,6409,12,120,120,9
2026-09-01,6410,69,170,177.0,14
2026-09-01,5557,21,107,119.5,4
2026-09-01,5560,42,101,129.0,6
2026-09-01,6274,116,116,129,15
2026-09-01,6411,36,110,134,9
2026-09-01,6412,112,90,104,15
2026-09-01,5851,124,78,78,15
2026-09-01,6275,78,127,145,17
2026-09-01,5559,35,98,112,7
2026-09-01,6322,73,85,107,13
2026-09-01,6273,100,101,134,17
2026-09-01,6785,18,,186,3
2026-09-01,6786,13,71,84.0,8
2026-09-01,6787,35,120,166.0,8
2026-09-01,6788,5,112,118,3
2026-09-01,7022,30,,116,5
2026-09-01,7021,81,110,126,9
2026-09-01,6789,44,114,180,7
2026-09-01,1877,48,148,148,11
2026-09-01,1016,81,104,112.0,28
2026-09-01,1022,30,140,128.0,10
2026-09-01,7365,94,130,145.5,12
2026-09-01,996,33,104,115,13
2026-09-01,1590,35,197,227,15
2026-09-01,1882,20,127,182.5,8
2026-09-01,7368,111,70,72,11
2026-09-01,1732,25,133,188.5,12
2026-09-01,1419,20,96,96,5
2026-09-01,5445,59,118,79.0,24
2026-09-01,2203,22,118,88,15
2026-09-01,1228,30,93,138,19
2026-09-01,1195,56,124,154.0,12
2026-09-01,1319,20,149,176,13
2026-09-01,1880,46,162,195,9
2026-09-01,1327,28,112,126.0,10
2026-09-01,1310,30,104,104,7
2026-09-01,5399,42,110,118.0,12
2026-09-01,1194,44,128,206.0,12
2026-09-01,1357,33,85,72.5,8
2026-09-01,1311,37,126,168,11
2026-09-01,2026,26,96,96.0,10
2026-09-01,5589,47,84,108,19
2026-09-01,1334,35,106,128,23
2026-09-01,1009,54,91,91,13
2026-09-01,1091,45,136,115.0,8
2026-09-01,1080,44,84,69,9
2026-09-01,1064,38,94,105.0,12
2026-09-01,1451,33,160,210,13
2026-09-01,991,23,129,126.5,10
2026-09-01,1210,24,152,118,13
2026-09-01,1350,30,154,154,11
2026-09-01,1329,38,164,162,15
2026-09-01,5805,159,121,122.5,18
2026-09-01,1737,22,205,174.5,14
2026-09-01,1251,31,170,118.0,16
2026-09-01,946,34,128,130.5,12
2026-09-01,939,6,,130,3
2026-09-01,1185,20,99,82,9
2026-09-01,1166,23,107,128.5,8
2026-09-01,1341,21,83,80.5,10
2026-09-01,1349,52,114,92,17
2026-09-01,1355,21,94,95,11
2026-09-01,1879,23,128,140.0,6
2026-09-01,925,36,104,127.0,10
2026-09-01,1184,22,116,116,5
2026-09-01,1731,31,132,180,13
2026-09-01,1232,22,172,174,11
2026-09-01,1181,34,104,112.5,8
2026-09-01,1273,51,136,148.0,12
2026-09-01,1487,28,153,164.0,18
2026-09-01,1733,28,84,89.0,8
2026-09-01,5908,22,90,90,5
2026-09-01,1359,21,90,112,15
2026-09-01,6381,44,107,107.5,8
2026-09-01,1344,26,160,183.0,10
2026-09-01,5447,74,140,141.0,22
2026-09-01,1884,32,166,166,7
2026-09-01,1400,29,112,111.5,8
2026-09-01,1322,26,140,110,7
2026-09-01,6025,76,85,108.5,16
2026-09-01,6026,55,95,114.5,8
2026-09-01,901,36,116,262.0,10
2026-09-01,1645,26,104,156,17
2026-09-01,5907,26,128,180.0,8
2026-09-01,1943,38,156,187.0,12
2026-09-01,5905,42,100,100,13
2026-09-01,2238,16,152,133,7
2026-09-01,1277,22,100,108.5,12
2026-09-01,1661,10,136,108.5,8
2026-09-01,916,23,174,128.5,8
2026-09-01,1883,19,111,116,7
2026-09-01,1878,26,182,182,9
2026-09-01,1259,15,,126,7
2026-09-01,6382,15,202,163,7
2026-09-01,974,25,120,117,9
2026-09-01,983,12,102,94.0,8
2026-09-01,5909,20,159,158,11
2026-09-01,7364,38,129,155,11
2026-09-01,1448,50,114,99.0,14
2026-09-01,1314,10,134,134,7
2026-09-01,950,29,134,134,5
2026-09-01,941,68,62,92,31
2026-09-01,2435,63,130,86,25
2026-09-01,1734,18,106,100,13
2026-09-01,1110,33,92,92,21
2026-09-01,1351,30,124,184.0,8
2026-09-01,7369,49,86,90,11
2026-09-01,1433,26,100,124,7
2026-09-01,1098,30,105,108.0,16
2026-09-01,2204,26,108,121.5,16
2026-09-01,1190,16,128,170,11
2026-09-01,7158,71,105,105,9
2026-09-01,1111,19,124,138,11
2026-09-01,1881,23,126,174,7
2026-09-01,1108,26,108,108,13
2026-09-01,1268,19,,178,7
2026-09-01,1739,29,166,166,17
2026-09-01,1217,17,,225.5,6
2026-09-01,1443,28,163,116,17
2026-09-01,1308,35,122,118.0,12
2026-09-01,1740,25,140,146.0,16
2026-09-01,1345,34,146,150,15
2026-09-01,1326,29,192,154,11
2026-09-01,1209,22,168,197,13
2026-09-01,1293,19,274,153.0,12
2026-09-01,1738,28,90,102.0,16
2026-09-01,1290,30,110,109.0,12
2026-09-01,2039,21,129,139,13
2026-09-01,7367,161,100,122,17
2026-09-01,1425,36,96,96,15
2026-09-01,1250,10,170,170,9
2026-09-01,6504,19,212,212,5
2026-09-01,929,21,126,126,11
2026-09-01,7155,48,132,132,11
2026-09-01,7157,54,86,78.5,12
2026-09-01,1741,16,174,193.0,8
2026-09-01,7156,75,118,118,19
2026-09-01,1297,41,147,147,17
2026-09-01,5446,43,142,182.0,20
2026-09-01,1218,90,105,105,39
2026-09-01,6027,85,164,198,13
2026-09-01,979,29,146,122.0,10
2026-09-01,834,29,104,112,13
2026-09-01,1004,19,142,155.0,12
2026-09-01,856,43,114,114.0,26
2026-09-01,978,163,110,97.0,28
2026-09-01,1086,15,110,110,11
2026-09-01,984,60,95,62.0,26
2026-09-01,1027,17,93,107.5,8
2026-09-01,6039,32,143,143,5
2026-09-01,1074,30,110,110.0,8
2026-09-01,5906,42,94,112,19
2026-09-01,1130,16,122,117.5,6
2026-09-01,913,30,128,140,15
2026-09-01,5798,75,126,104.5,18
2026-09-01,1216,22,169,164.5,12
2026-09-01,7366,10,194,143.5,6
2026-09-01,1275,25,178,184,9
2026-09-01,1234,31,174,103,19
2026-09-01,1197,15,206,113.0,10
2026-09-01,1735,31,176,184,17
2026-09-01,1287,30,186,181.5,14
2026-09-01,1316,21,140,100.0,16
2026-09-01,1223,13,166,104,7
2026-09-01,5401,30,151,151,13
2026-09-01,1272,102,86,92.0,38
2026-09-01,2040,13,116,102.5,8
2026-09-01,1736,16,175,175,13
2026-09-01,1131,42,177,234,19
2026-09-01,1526,15,125,110.5,8
2026-09-01,1254,23,153,153,15
2026-09-01,1226,24,160,93,9
2026-09-01,1289,14,128,135,7
2026-09-01,1601,17,124,110.0,12
2026-09-01,1339,26,146,146,9
2026-09-01,1405,31,126,89.0,14
2026-09-01,1600,50,74,96,23
2026-09-01,1144,25,82,90.0,12
2026-09-01,1119,32,90,101,13
2026-09-01,6209,136,151,178.0,22
2026-09-01,902,40,176,176,9
2026-09-01,1501,20,144,144,9
2026-09-01,6028,31,96,103.0,6
2026-09-01,6790,92,52,85,13
2026-09-01,7274,73,65,78.0,10
2026-09-01,7277,51,84,84,9
2026-09-01,6032,26,50,80.0,12
2026-09-01,1320,12,68,68,7
2026-09-01,1282,9,,104.0,4
2026-09-01,5340,10,116,165.0,4
2026-09-01,6031,62,65,65,11
2026-09-01,2138,21,102,96,9
2026-09-01,5267,25,132,118.0,10
2026-09-01,2027,37,102,102,13
2026-09-01,7278,94,59,83.0,14
2026-09-01,1207,38,112,80.0,8
2026-09-01,6791,62,86,87,11
2026-09-01,7275,42,68,80.5,10
2026-09-01,6798,82,82,82.5,14
2026-09-01,2028,23,94,95,11
2026-09-01,1744,28,112,118,13
2026-09-01,5365,23,80,102,9
2026-09-01,5582,26,119,159.0,8
2026-09-01,1746,44,98,107,23
2026-09-01,6799,18,106,139,11
2026-09-01,5581,22,89,127.0,14
2026-09-01,6030,32,119,123.0,20
2026-09-01,1747,23,111,120.0,8
2026-09-01,5580,25,110,121.0,10
2026-09-01,1748,28,116,174.0,8
2026-09-01,5235,10,76,112,5
2026-09-01,7370,33,86,107.5,6
2026-09-01,7371,82,64,66,13
2026-09-01,2568,81,82,79,21
2026-09-01,1484,52,94,94.0,8
2026-09-01,1343,23,102,87.0,6
2026-09-01,5233,51,66,66.0,20
2026-09-01,6800,62,102,113,9
2026-09-01,1481,17,112,111.0,6
2026-09-01,1069,33,85,85,7
2026-09-01,1029,34,110,116,9
2026-09-01,2625,35,,94,13
2026-09-01,1052,47,74,110.0,6
2026-09-01,2626,38,90,89.5,12
2026-09-01,5354,45,68,94,13
2026-09-01,5359,45,134,134,17
2026-09-01,5738,61,93,158,9
2026-09-01,6794,22,130,134,11
2026-09-01,5874,43,106,114,15
2026-09-01,1200,28,84,84,9
2026-09-01,1213,11,89,89,7
2026-09-01,1175,28,75,112.5,8
2026-09-01,5548,49,96,102,15
2026-09-01,1331,39,104,136,13
2026-09-01,1424,8,106,111.0,6
2026-09-01,5764,157,148,148.0,8
2026-09-01,5913,28,118,198.0,14
2026-09-01,1945,34,98,94.0,20
2026-09-01,1240,26,72,72,5
2026-09-01,6797,111,42,56.0,16
2026-09-01,5835,11,121,128,9
2026-09-01,7276,43,102,126.0,12
2026-09-01,7279,8,,166.5,2
2026-09-01,6795,36,111,131,9
2026-09-01,1202,36,108,118.0,6
2026-09-01,6796,83,66,30,7
2026-09-01,5910,118,122,92,15
2026-09-01,5915,105,112,130.0,10
2026-09-01,5911,100,128,128,13
2026-09-01,5912,95,108,139,17
2026-09-01,5914,269,96,102,33
2026-09-01,2581,29,58,76,5
2026-09-01,2643,35,64,96,9
2026-09-01,2583,55,74,80.0,12
2026-09-01,5286,16,80,120,9
2026-09-01,7388,34,90,60.0,8
2026-09-01,6035,156,82,122,21
2026-09-01,6036,105,81,95.5,22
2026-09-01,5916,59,100,71.0,6
2026-09-01,7280,58,90,90,7
2026-09-01,6792,46,68,118,9
2026-09-01,1377,71,96,109.5,18
2026-09-01,6793,63,62,68,13
2026-09-01,1745,44,94,120.0,16
2026-09-01,7372,25,,180.0,4
2026-09-01,7381,20,63,63,9
2026-09-01,7380,8,,109,3
2026-09-01,7378,112,100,103.5,18
2026-09-01,960,63,86,80,11
2026-09-01,1442,74,114,114,15
2026-09-01,964,48,116,105.0,8
2026-09-01,6117,29,121,147.5,12
2026-09-01,7377,60,60,60,7
2026-09-01,7384,51,96,96,9
2026-09-01,7639,2,79,83.0,2
2026-09-01,7373,12,87,87,7
2026-09-01,7385,70,52,52,7
2026-09-01,965,34,90,95.0,14
2026-09-01,966,27,88,95,7
2026-09-01,6491,422,37,39.5,12
2026-09-01,5803,62,70,143.0,20
2026-09-01,5837,66,80,86,25
2026-09-01,1124,16,82,114.5,8
2026-09-01,6266,40,71,45,11
2026-09-01,7282,29,72,54,11
2026-09-01,6265,90,70,85.5,22
2026-09-01,7284,13,98,49.0,6
2026-09-01,7285,37,94,150,11
2026-09-01,6120,15,92,111,11
2026-09-01,6139,106,81,115,19
2026-09-01,7289,3,112,169.0,2
2026-09-01,957,53,76,94,31
2026-09-01,6033,42,106,98.0,8
2026-09-01,6267,59,94,133.5,20
2026-09-01,1141,27,120,122.0,14
2026-09-01,924,55,112,126,13
2026-09-01,7374,10,119,133,7
2026-09-01,7281,21,115,100.5,4
2026-09-01,5456,45,100,104,19
2026-09-01,1183,57,146,102.0,16
2026-09-01,5848,91,104,138.0,26
2026-09-01,1137,42,108,130.0,10
2026-09-01,6034,22,116,94,13
2026-09-01,7286,71,67,88,25
2026-09-01,969,19,101,120,9
2026-09-01,7375,53,184,121.0,6
2026-09-01,6268,24,146,181,13
2026-09-01,7428,24,108,105.0,10
2026-09-01,7427,12,126,100,5
2026-09-01,1155,27,132,160.0,8
2026-09-01,987,18,112,130,7
2026-09-01,6053,163,89,49.5,20
2026-09-01,5650,17,83,83.0,14
2026-09-01,1050,45,64,74,17
2026-09-01,7376,17,104,63.0,6
2026-09-01,1077,61,88,121,11
2026-09-01,1073,36,100,127.0,8
2026-09-01,6311,275,79,84,9
2026-09-01,7287,5,68,68,3
2026-09-01,938,33,140,137.0,16
2026-09-01,6493,390,57,57,11
2026-09-01,7283,15,100,100.0,12
2026-09-01,997,29,92,96.5,8
2026-09-01,7382,31,108,60,5
2026-09-01,6119,61,106,106.0,14
2026-09-01,967,46,92,105.0,10
2026-09-01,7379,33,94,94,5
2026-09-01,1143,13,125,125,5
2026-09-01,7386,6,102,102,3
2026-09-01,7649,4,,108.5,2
2026-09-01,7648,21,72,98,5
2026-09-01,1269,16,118,158,7
2026-09-01,1242,17,,148.0,6
2026-09-01,5793,69,138,165,21
2026-09-01,7206,119,86,94.0,14
2026-09-01,6531,287,107,105,23
2026-09-01,1353,25,89,64.0,12
2026-09-01,7212,31,92,71.0,10
2026-09-01,7291,17,85,103.0,6
2026-09-01,7471,121,75,122.0,20
2026-09-01,7210,6,,215.0,6
2026-09-01,5459,93,94,106.0,24
2026-09-01,6278,374,62,42.0,36
2026-09-01,7290,28,71,33.0,4
2026-09-01,6336,67,70,70.0,6
2026-09-01,2582,28,88,104.0,8
2026-09-01,6213,25,120,134,15
2026-09-01,6037,65,32,50,7
2026-09-01,1053,46,54,74,7
2026-09-01,7389,346,58,70,27
2026-09-01,6487,106,66,80,9
2026-09-01,2635,36,70,92.0,12
2026-09-01,2584,41,82,39.5,14
2026-09-01,7387,52,74,74,7
2026-09-01,5847,36,80,80,11
2026-09-01,7390,36,136,129.5,6
2026-09-01,7395,10,130,90.5,8
2026-09-01,1001,50,86,116,15
2026-09-01,1379,39,164,80,15
2026-09-01,7396,244,48,35,7
2026-09-01,5493,103,166,166,19
2026-09-01,2239,58,132,138,23
2026-09-01,910,40,128,120.0,10
2026-09-01,2530,35,150,148,11
2026-09-01,940,19,146,122,9
2026-09-01,6469,61,73,74,13
2026-09-01,5492,79,140,143.0,20
2026-09-01,935,43,138,109.0,8
2026-09-01,1048,152,106,102,23
2026-09-01,7391,104,54,60.0,12
2026-09-01,7392,105,53,55.5,18
2026-09-01,783,55,88,80.0,10
2026-09-01,7393,21,61,30,5
2026-09-01,7394,57,76,76,13
2026-09-01,1000,88,88,88,11
2026-09-01,7404,44,86,82.5,14
2026-09-01,7409,185,48,32.5,8
2026-09-01,7405,76,89,82,19
2026-09-01,7407,83,41,64.0,12
2026-09-01,7398,24,108,60,15
2026-09-01,7410,92,50,50.0,6
2026-09-01,2186,36,101,96,11
2026-09-01,6383,65,96,105.5,10
2026-09-01,5942,14,63,105.5,8
2026-09-01,7397,34,91,91,7
2026-09-01,7406,112,59,48.5,10
2026-09-01,7402,48,71,76.0,12
2026-09-01,7399,68,62,93.5,12
2026-09-01,7650,109,57,62,15
2026-09-01,7400,70,95,102,11
2026-09-01,7401,203,26,39.0,12
2026-09-01,7413,112,104,104,15
2026-09-01,7412,200,42,50.0,16
2026-09-01,7411,58,70,70,7
2026-09-01,7403,64,84,84,13
2026-09-01,7408,85,39,39,7
2026-09-01,1520,27,380,295.0,10
2026-09-01,2322,64,369,238.0,20
2026-09-01,2295,53,252,171.5,18
2026-09-01,5338,119,224,178,23
2026-09-01,1469,30,330,330,11
2026-09-01,2297,57,385,288.5,12
2026-09-01,7159,81,354,395,11
2026-09-01,5380,52,157,148,21
2026-09-01,1468,11,159,172.0,8
2026-09-01,1474,27,174,162.0,12
2026-09-01,2296,71,214,150,15
2026-09-01,1488,42,236,184.0,14
2026-09-01,848,14,263,272.0,8
2026-09-01,5355,35,120,77,11
2026-09-01,861,7,200,159.0,4
2026-09-01,1409,37,136,190,13
2026-09-01,851,15,180,180,5
2026-09-01,2261,21,212,212,9
2026-09-01,7161,84,126,101.0,12
2026-09-01,970,21,156,120.0,16
2026-09-01,5337,34,163,122,13
2026-09-01,1513,25,265,265,11
2026-09-01,7160,28,140,248,7
2026-09-01,6162,97,107,124,23
2026-09-01,7163,105,110,136.0,10
2026-09-01,7166,42,132,166,9
2026-09-01,843,34,166,174,11
2026-09-01,7439,48,98,98,11
2026-09-01,5256,36,184,184,15
2026-09-01,2294,61,162,121.0,12
2026-09-01,1594,28,108,108,19
2026-09-01,908,26,106,84.0,10
2026-09-01,1414,34,152,152,15
2026-09-01,5865,147,95,95,19
2026-09-01,7164,56,166,216,15
2026-09-01,5887,287,120,58.0,12
2026-09-01,891,40,156,164,15
2026-09-01,7415,99,150,185.0,12
2026-09-01,1522,29,140,125.0,14
2026-09-01,7162,110,135,112,15
2026-09-01,6342,22,164,164,5
2026-09-01,930,39,140,124.0,12
2026-09-01,5796,126,134,144,27
2026-09-01,6283,237,75,61,23
2026-09-01,7419,35,98,103.5,4
2026-09-01,6385,24,139,142.5,10
2026-09-01,7165,36,98,108.0,8
2026-09-01,6501,188,34,25,9
2026-09-01,6330,146,70,70,9
2026-09-01,7678,18,90,90,11
2026-09-01,5257,150,62,48,23
2026-09-01,7436,52,89,106.0,16
2026-09-01,5255,331,58,48,21
2026-09-01,6801,40,128,156.5,14
2026-09-01,6384,31,113,130.0,8
2026-09-01,7416,58,112,186.5,10
2026-09-01,6086,43,93,102,15
2026-09-01,6074,67,86,110.0,14
2026-09-01,2298,94,120,135.0,16
2026-09-01,6439,553,66,54,19
2026-09-01,7226,61,83,84.0,8
2026-09-01,6310,36,138,129,13
2026-09-01,1067,44,163,163,5
2026-09-01,897,17,139,164,9
2026-09-01,7443,32,90,141.0,8
2026-09-01,2029,18,142,137.0,10
2026-09-01,1436,28,136,123,21
2026-09-01,5503,55,221,167.0,20
2026-09-01,5545,54,136,102.5,12
2026-09-01,1886,22,,216,5
2026-09-01,1465,168,98,41,25
2026-09-01,5531,58,108,110.0,16
2026-09-01,1437,35,88,199.5,14
2026-09-01,6238,179,106,127.5,20
2026-09-01,5544,83,104,92,29
2026-09-01,1365,26,102,88.5,12
2026-09-01,5529,116,88,89.0,16
2026-09-01,1378,116,74,97.0,22
2026-09-01,1387,65,110,60,9
2026-09-01,5741,206,86,42.0,18
2026-09-01,5514,75,120,81.0,20
2026-09-01,6306,273,78,87.5,20
2026-09-01,1203,22,116,108,7
2026-09-01,6191,181,71,91,19
2026-09-01,1276,20,,60,5
2026-09-01,1173,53,102,90,17
2026-09-01,5505,45,119,119,17
2026-09-01,5506,94,128,142.0,14
2026-09-01,6386,37,186,153.0,8
2026-09-01,5750,58,114,72,21
2026-09-01,1271,35,124,129.0,8
2026-09-01,1388,44,143,149.5,10
2026-09-01,5538,105,126,141.0,18
2026-09-01,5543,56,182,196.0,16
2026-09-01,5532,72,128,110,15
2026-09-01,6230,194,118,54,13
2026-09-01,1515,25,132,128,7
2026-09-01,5507,53,191,191,17
2026-09-01,5795,128,165,165,21
2026-09-01,1753,13,193,98.0,10
2026-09-01,1375,36,139,153,13
2026-09-01,5526,39,160,146.0,12
2026-09-01,2471,47,149,149,7
2026-09-01,2256,16,140,199.5,6
2026-09-01,1360,39,144,134,15
2026-09-01,1885,11,,237.5,6
2026-09-01,1309,20,229,229.0,12
2026-09-01,1397,18,192,122.0,10
2026-09-01,5534,40,203,233,13
2026-09-01,5537,63,143,153.5,22
2026-09-01,1823,45,254,178,19
2026-09-01,1438,32,166,116,11
2026-09-01,5508,86,110,113.0,16
2026-09-01,5525,43,185,171.0,16
2026-09-01,1352,46,184,204,19
2026-09-01,5511,136,139,119,21
2026-09-01,1431,26,154,192,13
2026-09-01,1356,36,170,179.5,16
2026-09-01,5510,24,211,211,13
2026-09-01,1361,19,125,125,7
2026-09-01,1471,66,,50,9
2026-09-01,1750,28,176,102,13
2026-09-01,1421,26,185,192,9
2026-09-01,1346,34,212,98,11
2026-09-01,1307,46,150,152,21
2026-09-01,1418,18,136,153.0,6
2026-09-01,6337,100,153,99,17
2026-09-01,1754,19,231,176,7
2026-09-01,1338,30,194,202,17
2026-09-01,5539,34,146,149.0,14
2026-09-01,5515,97,135,139.5,18
2026-09-01,5516,38,229,220.5,16
2026-09-01,1211,20,146,153.5,8
2026-09-01,5519,40,137,136,17
2026-09-01,5518,39,194,143,17
2026-09-01,1362,14,,154,5
2026-09-01,5524,48,122,127.0,16
2026-09-01,1363,39,144,155.5,12
2026-09-01,5504,52,136,84.0,16
2026-09-01,1398,65,98,74,17
2026-09-01,5512,52,88,104,17
2026-09-01,6802,138,109,109,7
2026-09-01,1165,23,116,121.5,10
2026-09-01,5448,42,87,84,15
2026-09-01,1825,17,208,98,5
2026-09-01,1828,39,248,159,19
2026-09-01,1958,15,238,268.0,12
2026-09-01,5502,65,203,211.5,14
2026-09-01,1827,33,240,126.0,10
2026-09-01,1129,24,89,228,11
2026-09-01,5520,18,212,212,15
2026-09-01,2561,7,,54,5
2026-09-01,1755,19,158,192,7
2026-09-01,1752,30,208,225.0,10
2026-09-01,5523,47,260,138,11
2026-09-01,1751,23,153,268.5,16
2026-09-01,1090,18,178,113.0,12
2026-09-01,2463,55,184,184.0,24
2026-09-01,1812,12,164,208.0,6
2026-09-01,5522,36,192,179.5,14
2026-09-01,1065,47,192,214.5,18
2026-09-01,1047,20,188,204,9
2026-09-01,7420,45,95,95.5,10
2026-09-01,7423,63,130,118,11
2026-09-01,7421,34,67,77.0,12
2026-09-01,7422,33,128,145.0,8
2026-09-01,7424,26,194,202.0,8
2026-09-01,7425,24,191,191.0,14
2026-09-01,6803,44,115,115,5
2026-09-01,1041,69,142,170,17
2026-09-01,973,28,102,102,11
2026-09-01,5541,44,101,140.5,20
2026-09-01,2474,77,87,87,15
2026-09-01,1593,19,120,148.0,14
2026-09-01,5530,35,119,115.0,12
2026-09-01,5498,80,65,35,19
2026-09-01,1366,20,106,106,7
2026-09-01,5527,117,126,128.5,22
2026-09-01,5528,36,152,199,11
2026-09-01,5535,67,104,90,15
2026-09-01,5540,54,184,138.0,14
2026-09-01,1138,29,104,114,13
2026-09-01,7179,32,110,118,11
2026-09-01,1767,31,91,122,15
2026-09-01,7173,46,114,129,7
2026-09-01,7188,31,90,53.0,4
2026-09-01,2134,43,114,96,17
2026-09-01,1402,95,109,109,17
2026-09-01,7174,21,108,108,11
2026-09-01,7181,64,90,101,9
2026-09-01,1763,34,142,181.0,8
2026-09-01,1760,47,150,150,13
2026-09-01,5917,296,98,108.0,32
2026-09-01,2579,89,82,73,23
2026-09-01,6333,124,92,89,23
2026-09-01,6221,186,92,99,21
2026-09-01,1946,26,110,110,13
2026-09-01,1761,40,102,116,11
2026-09-01,1758,33,102,112,15
2026-09-01,6208,18,98,98,11
2026-09-01,2133,15,108,168,9
2026-09-01,1771,14,,112,9
2026-09-01,7167,41,126,126,15
2026-09-01,5649,13,,164.0,4
2026-09-01,5451,29,132,100,9
2026-09-01,7182,76,120,120,9
2026-09-01,1770,23,74,122,19
2026-09-01,1473,51,76,66,17
2026-09-01,7187,37,122,124,11
2026-09-01,1766,30,,101.5,8
2026-09-01,5919,24,112,107.0,14
2026-09-01,5638,47,44,49,5
2026-09-01,5923,34,72,73.0,16
2026-09-01,1772,22,78,84.5,10
2026-09-01,5924,127,112,139.0,14
2026-09-01,7168,88,74,92.0,14
2026-09-01,1336,22,94,90.0,8
2026-09-01,1411,25,154,151.5,12
2026-09-01,1765,170,98,107.0,24
2026-09-01,7190,75,92,112.0,14
2026-09-01,7184,101,90,101,15
2026-09-01,6500,78,140,156.0,18
2026-09-01,7175,134,104,125.5,22
2026-09-01,1283,51,101,106,13
2026-09-01,1313,41,136,87.0,10
2026-09-01,5849,25,104,146,9
2026-09-01,7169,45,122,186,11
2026-09-01,2041,49,106,110,13
2026-09-01,7171,90,109,109,7
2026-09-01,1914,41,112,144,13
2026-09-01,5450,37,96,99.0,12
2026-09-01,5427,11,,111.5,6
2026-09-01,7170,53,134,178,11
2026-09-01,7172,34,118,95.0,10
2026-09-01,1762,34,80,84.5,10
2026-09-01,1332,53,81,72.0,14
2026-09-01,5449,30,75,78.5,12
2026-09-01,1890,44,116,184,13
2026-09-01,7191,38,86,94.0,14
2026-09-01,5920,18,69,109.0,12
2026-09-01,5619,49,151,165.0,10
2026-09-01,7177,52,95,95,5
2026-09-01,1394,18,74,103.5,10
2026-09-01,1364,39,154,140.0,18
2026-09-01,1187,29,140,156,9
2026-09-01,1888,27,144,143.0,10
2026-09-01,7180,114,118,118,9
2026-09-01,7185,101,126,79,11
2026-09-01,6451,155,134,134,5
2026-09-01,7178,87,138,158,15
2026-09-01,6096,199,128,105.0,18
2026-09-01,5918,24,156,108.0,16
2026-09-01,2135,28,114,120.0,14
2026-09-01,7176,75,140,140,15
2026-09-01,2136,28,140,149.0,14
2026-09-01,1389,56,128,128,21
2026-09-01,2132,26,132,142,13
2026-09-01,1408,47,104,114,13
2026-09-01,5305,46,108,115.0,14
2026-09-01,1406,108,108,78.0,30
2026-09-01,7183,61,114,114,7
2026-09-01,1764,33,94,91.0,12
2026-09-01,6513,401,59,71,17
2026-09-01,5922,52,88,140.0,22
2026-09-01,5921,28,82,92.0,14
2026-09-01,6387,44,126,134,15
2026-09-01,1768,42,78,102,23
2026-09-01,1887,62,122,102,19
2026-09-01,1889,43,,84.5,16
2026-09-01,1773,49,98,98,9
2026-09-01,1472,221,72,72.0,24
2026-09-01,5452,22,76,102,11
2026-09-01,7189,96,96,96,9
2026-09-01,7186,30,124,94,9
2026-09-01,6547,55,86,95,11
2026-09-01,1916,33,140,180.0,18
2026-09-01,1328,48,132,132,7
2026-09-01,1533,15,,71,7
2026-09-01,1538,146,101,117,23
2026-09-01,2618,13,88,90.5,8
2026-09-01,7192,8,100,146.0,4
2026-09-01,1227,35,92,96.5,14
2026-09-01,7194,32,,67.5,6
2026-09-01,1918,19,136,132.0,14
2026-09-01,5242,59,96,103.0,20
2026-09-01,1534,278,102,205,25
2026-09-01,6804,60,87,131,5
2026-09-01,1426,42,92,77.0,12
2026-09-01,7193,43,91,91,5
2026-09-01,1539,62,100,117.5,22
2026-09-01,1920,41,128,83.0,22
2026-09-01,2499,29,120,116,11
2026-09-01,5343,96,110,79.5,16
2026-09-01,5925,57,116,126,23
2026-09-01,1547,25,126,127.5,6
2026-09-01,1212,32,78,69,13
2026-09-01,5243,70,88,96.5,14
2026-09-01,1931,26,146,149.0,12
2026-09-01,1923,28,119,195.0,14
2026-09-01,5245,20,104,147.0,12
2026-09-01,1536,110,106,67.0,32
2026-09-01,1921,32,81,118,13
2026-09-01,1917,32,148,154,13
2026-09-01,1535,18,91,116,9
2026-09-01,5244,27,142,84.0,18
2026-09-01,1553,73,102,52.5,12
2026-09-01,1926,15,92,98,11
2026-09-01,1555,16,,178,7
2026-09-01,1531,20,99,127.5,12
2026-09-01,1919,18,145,151.0,10
2026-09-01,1922,26,148,148,13
2026-09-01,1932,25,141,158,15
2026-09-01,1924,34,113,117.5,10
2026-09-01,6806,11,98,121.5,6
2026-09-01,1927,14,104,86.0,10
2026-09-01,5453,29,114,120.5,14
2026-09-01,5727,132,117,130,25
2026-09-01,2495,68,138,83.0,14
2026-09-01,7197,86,107,141.0,12
2026-09-01,1930,17,118,137,13
2026-09-01,1929,34,132,142,13
2026-09-01,1928,17,75,86.5,6
2026-09-01,5873,59,130,118.0,16
2026-09-01,5648,84,149,147,21
2026-09-01,1420,38,146,106,15
2026-09-01,2494,42,84,88.0,28
2026-09-01,5241,13,98,96.0,12
2026-09-01,2504,574,88,88,61
2026-09-01,5327,19,124,129.0,8
2026-09-01,5614,23,122,149.0,12
2026-09-01,1544,20,,120,5
2026-09-01,1358,28,91,94,15
2026-09-01,7198,30,114,114,7
2026-09-01,5454,34,93,105.0,20
2026-09-01,1543,130,130,154.5,20
2026-09-01,1925,37,118,154,23
2026-09-01,5246,20,91,91,9
2026-09-01,6805,15,82,144.0,4
2026-09-01,1552,41,148,138,13
2026-09-01,1933,18,134,134,9
2026-09-01,1541,10,,152,5
2026-09-01,5647,39,135,123,19
2026-09-01,5405,142,122,98,25
2026-09-01,7199,24,109,109,7
2026-09-01,5927,57,74,69.5,14
2026-09-01,5403,32,106,74,7
2026-09-01,1545,38,118,149.0,14
2026-09-01,5926,30,208,129,13
2026-09-01,1537,17,136,195.0,10
2026-09-01,7195,109,124,114,15
2026-09-01,7196,30,120,108.0,12
2026-09-01,1542,43,108,106.0,20
2026-09-01,6323,99,91,87.0,8
2026-09-01,1915,32,152,110,9
2026-09-01,1548,20,86,100,11
2026-09-01,5339,26,,66,9
2026-09-01,1071,95,84,62.0,14
2026-09-01,1036,179,121,97.0,24
2026-09-01,1085,21,108,108,7
2026-09-01,5455,29,116,89.5,12
2026-09-01,1012,13,108,98,5
2026-09-01,1099,40,118,86,17
2026-09-01,1087,61,136,102.5,30
2026-09-01,1088,50,122,74.0,12
2026-09-01,907,37,134,140.0,16
2026-09-01,1060,37,107,107,11
2026-09-01,6270,92,90,114,11
2026-09-01,1106,15,112,120,7
2026-09-01,1460,23,104,104,7
2026-09-01,853,12,83,96.0,6
2026-09-01,1132,9,,68.5,4
2026-09-01,7288,7,,82.0,4
2026-09-01,6094,34,112,86.5,14
2026-09-01,1142,44,102,102,7
2026-09-01,5651,48,92,110,19
2026-09-01,5473,22,140,158,15
2026-09-01,1140,212,84,63.0,18
2026-09-01,1161,40,108,104.5,8
2026-09-01,6269,48,118,134.0,8
2026-09-01,906,12,,66,7
2026-09-01,6038,27,109,134,11
2026-09-01,1133,20,113,127,11
2026-09-01,818,11,91,80.5,6
2026-09-01,829,63,91,91,9
2026-09-01,918,26,97,61.0,8
2026-09-01,6465,27,111,46,9
2026-09-01,1007,8,69,59.5,6
2026-09-01,5635,33,92,93.0,12
2026-09-01,7426,8,84,68.0,4
2026-09-01,6239,93,90,109,21
2026-09-01,888,45,100,82,13
2026-09-01,1083,12,67,68,7
2026-09-01,5457,65,120,90.0,18
2026-09-01,1037,16,113,76,7
2026-09-01,1038,26,125,109.0,12
2026-09-01,7200,93,37,52.0,12
2026-09-01,2126,18,106,106,11
2026-09-01,5945,28,65,79,11
2026-09-01,5944,24,75,97.5,8
2026-09-01,5952,23,46,87.5,8
2026-09-01,5946,88,78,119,25
2026-09-01,2128,54,,38,13
2026-09-01,5943,395,44,46,31
2026-09-01,6040,58,43,43,15
2026-09-01,5953,41,32,57,7
2026-09-01,2131,8,86,158.5,4
2026-09-01,5949,43,48,64.0,14
2026-09-01,5363,20,68,206,9
2026-09-01,2466,31,90,154,13
2026-09-01,1788,70,118,107.0,14
2026-09-01,5718,52,111,98,21
2026-09-01,6807,33,121,152.0,10
2026-09-01,6821,25,122,122,13
2026-09-01,1790,26,122,159.0,6
2026-09-01,2653,26,89,64,13
2026-09-01,2621,27,124,163,13
2026-09-01,6826,57,134,94,9
2026-09-01,2637,140,101,109.5,22
2026-09-01,2330,123,106,102.0,22
2026-09-01,2331,49,114,142,13
2026-09-01,5875,66,148,167,13
2026-09-01,5897,258,90,117.0,22
2026-09-01,6811,27,108,108,3
2026-09-01,5714,86,144,100,27
2026-09-01,5483,93,138,138,15
2026-09-01,5482,37,92,68.0,14
2026-09-01,1015,116,74,75.0,26
2026-09-01,6810,39,124,124,7
2026-09-01,6823,44,128,118.0,4
2026-09-01,2334,22,118,118,7
2026-09-01,1796,75,92,198,11
2026-09-01,1168,8,,81,5
2026-09-01,1024,30,104,164,7
2026-09-01,2092,11,118,221.0,6
2026-09-01,2441,56,100,100,9
2026-09-01,2072,29,108,122.0,18
2026-09-01,2120,9,119,119,7
2026-09-01,1164,84,112,119.0,10
2026-09-01,2333,20,88,85,17
2026-09-01,5800,25,109,103,9
2026-09-01,2091,73,86,116,13
2026-09-01,2506,64,86,92,13
2026-09-01,2337,51,62,115.0,20
2026-09-01,2083,24,126,144,9
2026-09-01,1789,21,136,179.0,8
2026-09-01,1794,27,138,138,9
2026-09-01,2475,44,101,100,17
2026-09-01,1795,48,106,112,11
2026-09-01,1023,33,130,132,9
2026-09-01,6368,226,50,50,11
2026-09-01,993,33,122,77.5,10
2026-09-01,2122,123,132,94.0,24
2026-09-01,6825,34,118,144.0,8
2026-09-01,900,40,74,74,5
2026-09-01,2107,19,96,96,7
2026-09-01,2564,84,86,58.5,18
2026-09-01,5347,18,106,149.0,10
2026-09-01,5633,90,133,159.5,16
2026-09-01,921,25,90,90,9
2026-09-01,2076,44,106,122,11
2026-09-01,2423,65,104,104,11
2026-09-01,2440,73,76,46,27
2026-09-01,5224,40,112,112,9
2026-09-01,981,40,92,138,7
2026-09-01,5716,88,82,97,17
2026-09-01,6812,31,103,103,3
2026-09-01,5484,144,83,89,21
2026-09-01,990,27,92,123.0,4
2026-09-01,6495,496,63,64.5,10
2026-09-01,6210,62,89,89,15
2026-09-01,6809,26,100,98.0,12
2026-09-01,6815,41,118,118,15
2026-09-01,6584,42,122,98,15
2026-09-01,6816,231,64,65.5,10
2026-09-01,6583,34,66,74.0,6
2026-09-01,6196,122,66,61.5,16
2026-09-01,6818,45,57,57,9
2026-09-01,6814,35,112,80,9
2026-09-01,6813,39,100,150,15
2026-09-01,6817,61,62,73,15
2026-09-01,6225,42,162,162,11
2026-09-01,6204,41,126,156.5,18
2026-09-01,5747,31,92,100,13
2026-09-01,6211,129,74,99,13
2026-09-01,2074,23,74,96,17
2026-09-01,1044,25,74,73.5,8
2026-09-01,6154,218,56,41,15
2026-09-01,6822,42,77,97.0,16
2026-09-01,2335,45,104,84,21
2026-09-01,2566,56,100,111.0,18
2026-09-01,5348,30,75,142.0,16
2026-09-01,2112,43,64,118.0,10
2026-09-01,6214,78,116,104.0,20
2026-09-01,2087,57,100,100,21
2026-09-01,1264,49,130,90,15
2026-09-01,2077,42,69,84.5,10
2026-09-01,1192,21,100,88.5,6
2026-09-01,944,108,92,92,13
2026-09-01,2116,46,116,141.0,14
2026-09-01,932,27,106,106,9
2026-09-01,1792,95,80,80.0,18
2026-09-01,5890,80,78,91.5,18
2026-09-01,2085,15,,90.0,8
2026-09-01,6369,48,86,114,13
2026-09-01,2093,27,80,119.0,10
2026-09-01,2332,27,120,130,13
2026-09-01,6819,31,86,149.0,14
2026-09-01,5602,26,106,115,11
2026-09-01,2106,103,70,98,25
2026-09-01,2336,33,88,127.0,16
2026-09-01,6820,19,96,106,9
2026-09-01,892,21,84,86.0,10
2026-09-01,2078,107,68,105,17
2026-09-01,6808,150,46,49.0,20
2026-09-01,2073,53,96,201.0,12
2026-09-01,2442,19,78,68.5,12
2026-09-01,5751,36,94,97,7
2026-09-01,2101,42,78,95,11
2026-09-01,2089,34,100,84.0,14
2026-09-01,2113,50,104,126,17
2026-09-01,5335,23,68,58,15
2026-09-01,2090,71,82,93.0,10
2026-09-01,1163,17,63,118.0,10
2026-09-01,2100,85,82,119.0,8
2026-09-01,5706,42,102,139,13
2026-09-01,5715,42,141,174.0,14
2026-09-01,2079,152,78,112,13
2026-09-01,2439,53,86,86,11
2026-09-01,2103,403,106,148,15
2026-09-01,2443,77,114,58,15
2026-09-01,1196,59,114,125.0,24
2026-09-01,2104,134,142,190,23
2026-09-01,1020,60,108,122,11
2026-09-01,1014,17,108,108,5
2026-09-01,6006,25,126,248,15
2026-09-01,1621,20,88,100,11
2026-09-01,1206,35,65,65,15
2026-09-01,1791,73,124,156.0,14
2026-09-01,1008,42,113,116,15
2026-09-01,2099,26,96,105.5,10
2026-09-01,5878,147,44,56,21
2026-09-01,5880,93,68,77.0,14
2026-09-01,5879,46,126,160,17
2026-09-01,6455,386,69,69,11
2026-09-01,5882,47,103,155.5,14
2026-09-01,2088,16,96,132,9
2026-09-01,1025,28,89,90,7
2026-09-01,1787,25,128,166,9
2026-09-01,936,34,100,59.0,12
2026-09-01,2030,31,150,187.5,16
2026-09-01,2105,43,78,122.0,14
2026-09-01,2565,15,110,132,7
2026-09-01,5601,40,78,110,19
2026-09-01,2084,22,84,92.5,10
2026-09-01,6828,39,88,88,7
2026-09-01,6832,31,90,73.0,10
2026-09-01,6831,120,71,71,15
2026-09-01,6827,86,126,104,17
2026-09-01,6830,46,100,120.0,12
2026-09-01,6834,102,64,64,15
2026-09-01,6833,77,68,97.0,16
2026-09-01,6829,131,68,70,13
2026-09-01,7432,25,92,109,9
2026-09-01,7430,19,92,80,9
2026-09-01,7431,26,102,127.0,10
2026-09-01,7429,24,100,140.5,10
2026-09-01,5223,33,93,99,17
2026-09-01,5499,39,114,110.0,18
2026-09-01,7433,55,90,80.0,16
2026-09-01,7442,86,122,138,19
2026-09-01,899,25,128,151,9
2026-09-01,7437,54,95,111.0,8
2026-09-01,7441,52,172,116,11
2026-09-01,7440,33,138,136,9
2026-09-01,7434,32,71,83,11
2026-09-01,7444,66,58,71.0,20
2026-09-01,7438,73,84,85.5,16
2026-09-01,7435,121,67,102,11
2026-09-01,7445,63,109,122.5,12
2026-09-01,7642,62,114,84,7
2026-09-01,7643,6,,94.5,2
2026-09-01,7446,25,,160,7
2026-09-01,7040,32,112,139.0,6
2026-09-01,6835,17,172,172,7
2026-09-01,5935,24,220,229.0,12
2026-09-01,6305,71,138,153.5,20
2026-09-01,1597,24,154,178,9
2026-09-01,1205,32,92,74.0,8
2026-09-01,6388,59,89,30,7
2026-09-01,6389,26,,109,7
2026-09-01,1324,20,131,145.0,6
2026-09-01,1947,38,119,107.0,20
2026-09-01,1598,75,106,206,19
2026-09-01,7120,75,132,107.5,12
2026-09-01,1599,23,80,70.0,10
2026-09-01,6309,930,56,65.5,20
2026-09-01,1304,44,114,62,17
2026-09-01,1058,46,170,171.0,22
2026-09-01,1057,33,114,114.0,10
2026-09-01,5804,65,148,93.0,18
2026-09-01,1529,38,138,139.0,16
2026-09-01,2244,96,146,146,31
2026-09-01,1018,27,136,138.0,12
2026-09-01,1059,19,152,176,7
2026-09-01,7112,59,104,122,7
2026-09-01,1076,57,73,77,17
2026-09-01,5321,26,80,57.0,12
2026-09-01,6462,527,44,45.0,14
2026-09-01,1778,24,88,74,17
2026-09-01,6391,34,126,145,9
2026-09-01,1776,39,76,76,23
2026-09-01,6229,40,125,132,15
2026-09-01,1093,38,154,154,9
2026-09-01,1095,38,134,113,9
2026-09-01,1114,31,120,150.5,8
2026-09-01,1096,36,118,154.0,6
2026-09-01,7111,88,136,138.0,18
2026-09-01,7119,99,89,48,9
2026-09-01,7118,95,94,98,19
2026-09-01,1104,40,112,112,7
2026-09-01,2467,37,188,202,27
2026-09-01,1779,41,152,192.0,22
2026-09-01,5850,89,117,119.5,20
2026-09-01,6329,307,169,158.5,24
2026-09-01,1011,29,144,130.0,10
2026-09-01,1595,50,316,229.0,20
2026-09-01,2600,163,248,168,25
2026-09-01,6425,141,191,167,13
2026-09-01,7115,172,64,46,11
2026-09-01,1033,46,120,120,13
2026-09-01,5934,8,,248,5
2026-09-01,7447,88,106,106,9
2026-09-01,7203,14,,138,7
2026-09-01,7116,110,98,100,19
2026-09-01,7204,36,76,76,5
2026-09-01,1243,59,140,144,15
2026-09-01,1237,79,142,150.0,12
2026-09-01,6537,485,77,86.5,18
2026-09-01,7114,34,132,129.0,10
2026-09-01,7113,64,126,130.0,18
2026-09-01,2274,34,140,144,15
2026-09-01,1171,12,128,96.0,4
2026-09-01,904,29,88,94,9
2026-09-01,1219,16,,120.5,8
2026-09-01,1102,27,87,83.0,8
2026-09-01,889,68,84,84,11
2026-09-01,898,58,88,69.0,14
2026-09-01,5846,96,93,93,19
2026-09-01,1079,20,91,103.5,10
2026-09-01,1089,43,84,126,9
2026-09-01,1115,21,76,87.5,10
2026-09-01,1112,21,80,82,7
2026-09-01,1097,46,88,72.0,6
2026-09-01,1123,24,116,81,11
2026-09-01,7202,66,115,36.5,10
2026-09-01,1774,39,90,192.0,22
2026-09-01,1257,11,,92,9
2026-09-01,5770,73,173,173.5,26
2026-09-01,1775,33,104,152.5,16
2026-09-01,6544,624,200,254.0,16
2026-09-01,1637,17,203,203,11
2026-09-01,1383,69,100,103.0,14
2026-09-01,1222,27,183,213,15
2026-09-01,6061,61,142,163.0,14
2026-09-01,1002,19,138,130.5,6
2026-09-01,1199,52,114,114,13
2026-09-01,1777,16,108,138,13
2026-09-01,992,46,116,142,11
2026-09-01,6280,98,66,169.5,14
2026-09-01,1017,32,162,216.0,14
2026-09-01,7448,124,93,71.0,8
2026-09-01,999,34,106,109.5,10
2026-09-01,2262,55,152,152,21
2026-09-01,1030,26,136,122.5,10
2026-09-01,1204,18,196,205.5,6
2026-09-01,1666,41,122,132.5,20
2026-09-01,5936,54,132,140,21
2026-09-01,989,37,108,144.5,12
2026-09-01,6390,35,103,115,11
2026-09-01,5933,101,82,82,19
2026-09-01,1005,29,133,149,15
2026-09-01,6203,233,86,62.0,46
2026-09-01,6195,87,161,161,15
2026-09-01,6129,124,170,121,17
2026-09-01,2279,231,308,184,29
2026-09-01,2252,164,246,238,31
2026-09-01,1530,56,250,254.0,16
2026-09-01,1782,244,223,206,31
2026-09-01,1266,78,234,168,13
2026-09-01,6836,72,113,113,5
2026-09-01,7449,23,166,183.0,6
2026-09-01,7450,51,151,135.0,16
2026-09-01,1295,22,186,292.0,8
2026-09-01,1337,24,164,199.0,12
2026-09-01,1306,20,112,256,11
2026-09-01,1395,32,242,167.0,14
2026-09-01,1783,27,276,190.0,18
2026-09-01,1265,51,288,264,19
2026-09-01,1781,26,394,199,13
2026-09-01,1524,42,361,284.0,20
2026-09-01,5379,93,256,192.0,22
2026-09-01,1390,37,346,308.0,22
2026-09-01,1470,14,150,155.0,6
2026-09-01,1300,17,164,123.0,8
2026-09-01,1312,69,114,109.0,26
2026-09-01,5940,67,122,137.0,18
2026-09-01,1284,31,,66,7
2026-09-01,1802,21,72,105,13
2026-09-01,6171,56,212,354,13
2026-09-01,7121,77,98,126,19
2026-09-01,961,23,124,108,11
2026-09-01,7117,108,86,100.0,12
2026-09-01,7539,31,111,114.5,8
2026-09-01,1278,74,218,126,23
2026-09-01,1780,80,192,204,19
2026-09-01,1248,33,204,146.0,16
2026-09-01,1801,30,,208,9
2026-09-01,5461,93,134,122,13
2026-09-01,5460,39,104,125.0,24
2026-09-01,7631,19,,89.0,2
2026-09-01,7452,67,78,82.0,10
2026-09-01,7451,27,,129.0,6
2026-09-01,7453,91,78,92,11
2026-09-01,7635,76,47,47,5
2026-09-01,7454,37,90,60.5,8
2026-09-01,7636,20,,64,1
2026-09-01,7455,97,69,62.0,6
2026-09-01,6837,22,48,59.0,8
2026-09-01,6839,58,46,50.0,10
2026-09-01,6842,6,58,68,3
2026-09-01,6840,112,42,54.5,8
2026-09-01,6838,15,78,78,5
2026-09-01,6841,40,35,62,3
2026-09-01,7456,48,206,214,7
2026-09-01,6843,13,127,146,3
2026-09-01,7122,256,98,99,11
2026-09-01,7123,220,111,98.5,10
2026-09-01,2245,38,184,160,9
2026-09-01,2247,22,108,113,7
2026-09-01,291,24,,83,9
2026-09-01,5416,85,98,98,11
2026-09-01,271,25,154,125.0,8
2026-09-01,1479,21,114,114.5,10
2026-09-01,1500,33,92,103,11
2026-09-01,2194,35,77,80.0,16
2026-09-01,7458,94,64,113,11
2026-09-01,1495,47,70,60.0,8
2026-09-01,5553,27,111,80.5,14
2026-09-01,1499,70,84,98,13
2026-09-01,5458,28,104,124,13
2026-09-01,7457,71,110,143.0,6
2026-09-01,1493,42,88,68,9
2026-09-01,6460,699,41,41,13
2026-09-01,6844,32,102,123.5,8
2026-09-01,1506,46,104,104.0,14
2026-09-01,6130,82,82,97.5,16
2026-09-01,1504,49,73,73,15
2026-09-01,1494,44,92,92.0,10
2026-09-01,1483,52,84,108,15
2026-09-01,7461,73,50,50,13
2026-09-01,7460,117,70,70,9
2026-09-01,7467,81,82,82,7
2026-09-01,2193,49,66,96,15
2026-09-01,6205,334,70,29,21
2026-09-01,7459,55,56,75.5,6
2026-09-01,2248,51,170,169.0,8
2026-09-01,2246,41,144,144,7
2026-09-01,7469,17,,152.5,4
2026-09-01,2251,22,,132.0,8
2026-09-01,1294,44,138,151.5,12
2026-09-01,1281,41,152,186.0,8
2026-09-01,1305,41,110,118,7
2026-09-01,1586,41,147,147,15
2026-09-01,1585,29,120,162,13
2026-09-01,1584,40,148,152.5,14
2026-09-01,1583,69,120,156,13
2026-09-01,1592,47,120,160,15
2026-09-01,2616,38,136,144.0,12
2026-09-01,1333,29,154,185,15
2026-09-01,1368,26,184,151.0,10
2026-09-01,5937,32,172,172,13
2026-09-01,5939,34,152,169.0,14
2026-09-01,1321,46,167,206,17
2026-09-01,1396,29,208,208,9
2026-09-01,1949,68,138,160.0,24
2026-09-01,1785,44,164,115,23
2026-09-01,7205,44,176,154.0,8
2026-09-01,5579,48,186,203.0,16
2026-09-01,1208,40,176,178,13
2026-09-01,7470,22,133,146,15
2026-09-01,1521,43,144,167.5,18
2026-09-01,1214,26,164,166,17
2026-09-01,7243,78,156,156,15
2026-09-01,1292,170,135,114.0,24
2026-09-01,1952,37,180,137.0,18
2026-09-01,1291,35,130,136,13
2026-09-01,2607,54,154,162,13
2026-09-01,1525,36,214,199.0,12
2026-09-01,1369,23,262,152,9
2026-09-01,5856,1476,287,128,31
2026-09-01,2269,35,320,168.0,8
2026-09-01,1386,253,264,168.0,30
2026-09-01,1784,39,366,178,17
2026-09-01,1672,37,320,238,13
2026-09-01,1169,44,168,173.0,8
2026-09-01,1951,57,174,158,25
2026-09-01,759,40,170,170,11
2026-09-01,1657,39,257,211.0,18
2026-09-01,1288,40,222,222.0,14
2026-09-01,1653,25,258,184,13
2026-09-01,1950,10,,185,7
2026-09-01,6845,88,136,138,21
2026-09-01,7036,33,60,60,5
2026-09-01,6271,75,222,230,17
2026-09-01,1380,39,246,246,13
2026-09-01,1225,61,130,137.0,12
2026-09-01,7124,17,160,184,11
2026-09-01,1256,40,138,163.0,10
2026-09-01,1261,19,174,110,7
2026-09-01,5895,20,187,196,9
2026-09-01,6499,16,126,126,5
2026-09-01,1157,15,,113,7
2026-09-01,5843,50,118,134,9
2026-09-01,5787,17,89,126,5
2026-09-01,7298,54,64,64,9
2026-09-01,7297,64,104,104,9
2026-09-01,7125,24,93,93,11
2026-09-01,5563,18,99,115.0,8
2026-09-01,2608,31,92,92,9
2026-09-01,5238,14,82,88.5,8
2026-09-01,1178,14,122,122,7
2026-09-01,2624,16,80,112.5,10
2026-09-01,6534,46,76,76,5
2026-09-01,1452,46,106,106,13
2026-09-01,5634,17,83,110,13
2026-09-01,6532,61,108,127,17
2026-09-01,6535,28,96,114,11
2026-09-01,1252,43,108,110,19
2026-09-01,7209,44,90,90,15
2026-09-01,6192,74,89,108,17
2026-09-01,2606,54,100,103.0,8
2026-09-01,6355,68,95,121,13
2026-09-01,1170,16,,142,11
2026-09-01,1179,28,106,106,7
2026-09-01,2636,24,126,140.0,8
2026-09-01,7216,29,142,166,9
2026-09-01,1447,22,102,89.0,8
2026-09-01,1146,27,78,102,15
2026-09-01,6341,95,84,109.0,6
2026-09-01,1136,42,72,82.0,12
2026-09-01,7215,162,59,43,11
2026-09-01,7214,66,47,52.5,16
2026-09-01,6184,59,104,130.5,6
2026-09-01,1145,16,98,101.5,8
2026-09-01,7213,33,140,140.0,10
2026-09-01,6055,86,134,134,21
2026-09-01,7218,34,98,96.0,14
2026-09-01,7293,29,,115.0,4
2026-09-01,7292,30,96,99.0,8
2026-09-01,7301,11,96,80.0,4
2026-09-01,5395,26,82,100.5,14
2026-09-01,5930,53,104,110.5,24
2026-09-01,5932,58,98,90,15
2026-09-01,1149,26,71,89.5,10
2026-09-01,2555,43,117,128,21
2026-09-01,1139,25,108,144,7
2026-09-01,2547,29,88,122,11
2026-09-01,1128,34,116,124,11
2026-09-01,5471,24,69,121.0,8
2026-09-01,2545,40,104,97,19
2026-09-01,2546,35,94,118,13
2026-09-01,2243,26,79,91.0,12
2026-09-01,5928,19,111,99,11
2026-09-01,5931,28,77,95.0,20
2026-09-01,5396,29,122,187,17
2026-09-01,5394,36,95,138,13
2026-09-01,2558,28,118,128.0,18
2026-09-01,1121,23,114,128.0,12
2026-09-01,5393,31,76,102.0,18
2026-09-01,1116,47,102,112,11
2026-09-01,7296,47,100,150,7
2026-09-01,1103,17,90,138,9
2026-09-01,1107,28,99,122.5,12
2026-09-01,7211,68,82,108.0,14
2026-09-01,1463,7,,186,7
2026-09-01,6149,126,126,144.0,22
2026-09-01,7207,183,70,70,13
2026-09-01,1399,86,116,157.5,16
2026-09-01,2554,34,106,150,13
2026-09-01,5929,97,106,119,17
2026-09-01,1117,59,116,150,15
2026-09-01,1127,23,118,172.0,8
2026-09-01,1135,57,64,80,23
2026-09-01,2556,28,96,96,15
2026-09-01,1120,38,90,101.5,12
2026-09-01,2557,18,112,91.0,10
2026-09-01,7295,21,69,106,7
2026-09-01,1449,28,78,120,5
2026-09-01,6536,78,98,129,13
2026-09-01,1156,21,70,93,7
2026-09-01,1455,24,72,77.5,10
2026-09-01,2597,43,66,68,21
2026-09-01,6218,271,70,67.0,18
2026-09-01,6514,455,37,51.0,14
2026-09-01,1151,32,92,134.0,10
2026-09-01,2619,26,95,99.5,10
2026-09-01,5494,22,72,95,9
2026-09-01,2559,16,66,66,9
2026-09-01,1491,20,82,61.0,8
2026-09-01,7294,55,94,116,19
2026-09-01,6533,60,84,121,11
2026-09-01,7217,69,65,65,13
2026-09-01,2598,95,74,59.0,26
2026-09-01,6182,57,99,143,15
2026-09-01,7208,30,106,99.0,12
2026-09-01,6183,33,,165.0,8
2026-09-01,7299,49,65,69.5,6
2026-09-01,1464,35,62,65.0,10
2026-09-01,7300,22,,40.5,4
2026-09-01,2585,15,112,171,7
2026-09-01,5436,63,105,105,9
2026-09-01,7501,46,66,68.0,10
2026-09-01,7502,49,50,68.0,8
2026-09-01,7500,26,40,53.5,8
2026-09-01,7499,156,49,53.5,12
2026-09-01,7492,27,70,81.0,6
2026-09-01,5261,41,130,100.0,16
2026-09-01,7498,82,58,114.5,8
2026-09-01,7223,49,55,61.5,18
2026-09-01,5998,74,127,131.0,28
2026-09-01,7472,65,72,102,11
2026-09-01,2586,47,85,135,9
2026-09-01,6392,58,89,101,11
2026-09-01,7245,32,84,115,3
2026-09-01,2587,63,84,105.5,8
2026-09-01,5779,23,94,111.5,6
2026-09-01,7244,140,72,78.5,6
2026-09-01,2614,46,84,125,9
2026-09-01,7483,40,51,51,9
2026-09-01,2615,70,73,120,5
2026-09-01,7037,45,63,79.5,10
2026-09-01,6846,6,72,83,3
2026-09-01,6438,35,95,115.5,8
2026-09-01,2588,18,82,109.0,10
2026-09-01,2589,19,83,97.5,6
2026-09-01,7486,72,52,49.0,10
2026-09-01,7246,94,38,48,7
2026-09-01,7474,54,60,60.0,10
2026-09-01,7247,31,,83,3
2026-09-01,7487,79,60,60,7
2026-09-01,7488,34,62,71.0,10
2026-09-01,5784,46,72,73.0,8
2026-09-01,5993,39,134,166,5
2026-09-01,7479,55,61,69.0,10
2026-09-01,7253,45,67,78,11
2026-09-01,5780,65,84,152,9
2026-09-01,7255,50,55,60.5,8
2026-09-01,5777,85,87,115,19
2026-09-01,2590,103,76,93.5,12
2026-09-01,7475,52,47,53.5,10
2026-09-01,5990,204,93,93,5
2026-09-01,5781,71,58,118.5,14
2026-09-01,5778,92,95,113,11
2026-09-01,5995,219,52,103.5,30
2026-09-01,5679,190,81,81,59
2026-09-01,7249,118,84,69.5,12
2026-09-01,7248,88,69,43,11
2026-09-01,5782,55,99,137,9
2026-09-01,7256,228,38,44.0,6
2026-09-01,2591,122,65,74.5,14
2026-09-01,5628,451,55,58,51
2026-09-01,5785,38,85,137,7
2026-09-01,865,97,62,91,11
2026-09-01,7484,58,48,66,7
2026-09-01,5997,80,131,156.5,20
2026-09-01,7476,25,,113.5,6
2026-09-01,7477,25,51,46.5,10
2026-09-01,5776,64,126,169,19
2026-09-01,5992,105,139,176.0,24
2026-09-01,2592,150,125,133,17
2026-09-01,7478,47,56,69,11
2026-09-01,958,27,89,105,9
2026-09-01,948,116,87,94.0,12
2026-09-01,7250,27,74,85.0,8
2026-09-01,833,80,76,117,9
2026-09-01,7251,35,83,83,5
2026-09-01,6393,27,95,81.0,6
2026-09-01,7503,46,67,59,5
2026-09-01,7219,32,64,69.5,8
2026-09-01,7221,11,,48.5,8
2026-09-01,7220,47,76,85.0,8
2026-09-01,7496,36,43,34.5,2
2026-09-01,7497,128,58,58,7
2026-09-01,7222,64,70,70,7
2026-09-01,7224,43,62,86,17
2026-09-01,7491,48,74,84.0,8
2026-09-01,7493,53,64,91,7
2026-09-01,6000,75,101,120.0,14
2026-09-01,7494,77,63,66,13
2026-09-01,7679,121,49,62,13
2026-09-01,5783,46,80,75.5,8
2026-09-01,7254,63,52,88.0,8
2026-09-01,5672,249,49,42,49
2026-09-01,515,45,140,115.0,10
2026-09-01,1895,55,140,167.0,16
2026-09-01,6089,87,121,121,19
2026-09-01,7514,51,99,109,15
2026-09-01,131,46,134,142.5,16
2026-09-01,1797,29,140,195,15
2026-09-01,5724,83,119,119,23
2026-09-01,138,40,95,95,15
2026-09-01,1799,43,119,119,23
2026-09-01,132,28,120,126,9
2026-09-01,7504,13,142,162,3
2026-09-01,7633,19,126,126.0,8
2026-09-01,6864,11,149,126.5,6
2026-09-01,7634,12,70,108.0,4
2026-09-01,6486,66,138,159,15
2026-09-01,5438,79,127,150,13
2026-09-01,5757,54,132,132,9
2026-09-01,7528,61,86,145.0,14
2026-09-01,7529,36,87,91,9
2026-09-01,6873,21,101,101,7
2026-09-01,7505,19,127,168,9
2026-09-01,7512,40,123,123.0,8
2026-09-01,7513,176,93,116,29
2026-09-01,7510,35,125,130.0,8
2026-09-01,516,48,107,92,13
2026-09-01,1894,55,123,116.5,14
2026-09-01,6866,39,113,113,9
2026-09-01,6446,31,126,97,11
2026-09-01,6848,19,108,113,7
2026-09-01,6847,9,135,112.0,6
2026-09-01,6850,28,118,157,5
2026-09-01,6849,11,,179.5,4
2026-09-01,6851,40,109,115.5,6
2026-09-01,6872,62,123,138.0,16
2026-09-01,6870,76,94,140,9
2026-09-01,6871,38,113,94.5,12
2026-09-01,6879,37,66,118.0,6
2026-09-01,7506,15,85,187.5,8
2026-09-01,7662,67,110,116,13
2026-09-01,6860,33,113,133.0,10
2026-09-01,7530,20,110,92.0,6
2026-09-01,187,33,114,112.0,12
2026-09-01,1798,38,121,84,19
2026-09-01,6861,49,118,118.0,12
2026-09-01,560,27,111,94.0,10
2026-09-01,123,48,140,140,15
2026-09-01,196,20,118,143,7
2026-09-01,7508,32,132,154.5,10
2026-09-01,7638,35,102,115.0,10
2026-09-01,7507,20,115,165.0,10
2026-09-01,6884,17,121,98,5
2026-09-01,6883,28,88,85.5,8
2026-09-01,1963,26,170,177,17
2026-09-01,7665,58,101,65.0,18
2026-09-01,7520,9,,140.5,2
2026-09-01,7663,69,103,87.5,18
2026-09-01,7516,42,58,65,7
2026-09-01,6852,31,100,106.0,10
2026-09-01,7644,20,100,100,5
2026-09-01,7511,34,115,139,13
2026-09-01,7518,62,116,124.5,12
2026-09-01,6853,12,161,177.5,4
2026-09-01,7517,21,,161.5,6
2026-09-01,6863,29,102,112.5,8
2026-09-01,1965,57,134,167.0,24
2026-09-01,6859,27,101,110.5,12
2026-09-01,6855,16,126,145.0,4
2026-09-01,6856,15,,192.0,4
2026-09-01,6854,18,137,176.0,8
2026-09-01,6858,33,143,158.5,10
2026-09-01,6857,47,137,154,9
2026-09-01,6876,16,151,190,5
2026-09-01,489,54,115,121.0,12
2026-09-01,7509,38,92,167.5,8
2026-09-01,5432,101,116,130,27
2026-09-01,490,22,142,125.5,10
2026-09-01,6865,37,107,107.5,10
2026-09-01,7661,132,62,62,29
2026-09-01,6862,35,99,121.0,12
2026-09-01,495,43,136,136,7
2026-09-01,6088,115,86,91,19
2026-09-01,7522,54,105,117.0,10
2026-09-01,7664,161,70,90,33
2026-09-01,614,28,80,72,11
2026-09-01,6087,81,76,106,17
2026-09-01,7515,19,167,167,5
2026-09-01,7533,53,108,108,7
2026-09-01,7534,105,104,108,11
2026-09-01,7058,94,91,80.0,16
2026-09-01,6885,52,103,103,13
2026-09-01,7519,23,97,76,5
2026-09-01,7532,105,104,109.0,8
2026-09-01,5439,84,124,136.0,16
2026-09-01,1891,41,157,156.5,12
2026-09-01,175,48,119,105.5,16
2026-09-01,182,35,145,112.5,6
2026-09-01,492,30,138,152.5,8
2026-09-01,2067,25,112,114.5,14
2026-09-01,1964,80,113,127.0,42
2026-09-01,5616,100,89,89.5,22
2026-09-01,2178,76,111,77.5,18
2026-09-01,7523,25,177,80.0,12
2026-09-01,6882,126,83,83,17
2026-09-01,7531,54,81,92.5,16
2026-09-01,6881,110,101,114,13
2026-09-01,1892,55,114,85.0,12
2026-09-01,170,62,143,181.5,12
2026-09-01,7526,88,82,82.5,20
2026-09-01,7525,51,100,95,13
2026-09-01,5876,84,97,107.5,20
2026-09-01,5604,131,97,99,27
2026-09-01,1938,21,218,147.0,14
2026-09-01,74,25,107,140,9
2026-09-01,477,30,91,65,13
2026-09-01,6869,14,,73,5
2026-09-01,7527,105,83,95,9
2026-09-01,6877,36,120,126.0,6
2026-09-01,6878,84,110,135,21
2026-09-01,6874,80,94,98.0,16
2026-09-01,6875,16,,178.5,8
2026-09-01,7019,15,155,176.5,8
2026-09-01,1848,31,116,130,17
2026-09-01,7017,40,166,166,9
2026-09-01,2070,27,118,118.0,14
2026-09-01,7628,20,119,130.0,8
2026-09-01,7627,46,115,122.0,12
2026-09-01,6880,26,107,110.0,8
2026-09-01,6867,46,112,172.5,12
2026-09-01,166,19,119,119,9
2026-09-01,5941,41,138,103.5,20
2026-09-01,1241,29,140,132.0,8
2026-09-01,6517,479,76,83.5,16
2026-09-01,6324,227,62,62.0,8
2026-09-01,6889,105,168,168,19
2026-09-01,1966,26,168,148.0,16
2026-09-01,1092,33,161,174.0,8
2026-09-01,1032,26,152,154.0,16
2026-09-01,1803,29,125,134.0,20
2026-09-01,1384,30,104,100,15
2026-09-01,6172,271,42,58,21
2026-09-01,1638,22,103,103.0,10
2026-09-01,1061,13,111,111,7
2026-09-01,1800,43,118,118,15
2026-09-01,7535,88,130,74,13
2026-09-01,6886,107,66,84,19
2026-09-01,6887,57,82,82,9
2026-09-01,7537,39,113,212,7
2026-09-01,6901,52,62,62,13
2026-09-01,7055,50,51,58,11
2026-09-01,6158,47,81,87.0,16
2026-09-01,6897,56,64,64,11
2026-09-01,5391,28,100,100,15
2026-09-01,1450,21,75,169.0,10
2026-09-01,5735,32,93,106,17
2026-09-01,6899,37,124,137,15
2026-09-01,7538,16,145,112,7
2026-09-01,5464,32,146,150,15
2026-09-01,5497,13,124,154,11
2026-09-01,5462,53,148,167.0,18
2026-09-01,6349,113,143,122.0,16
2026-09-01,5463,63,154,196,19
2026-09-01,1028,46,,74,9
2026-09-01,934,45,132,132,17
2026-09-01,5420,81,78,80.0,26
2026-09-01,920,24,114,100,9
2026-09-01,912,45,112,68.0,10
2026-09-01,7540,84,44,56.5,10
2026-09-01,6900,36,58,77.5,10
2026-09-01,6888,74,86,103.0,16
2026-09-01,7126,29,144,126.5,10
2026-09-01,6896,68,78,73,9
2026-09-01,6890,36,144,144,13
2026-09-01,6893,7,137,137,3
2026-09-01,7536,18,129,159.5,6
2026-09-01,6891,21,150,162.0,10
2026-09-01,6894,14,116,105.0,8
2026-09-01,6892,15,140,140,11
2026-09-01,7038,59,90,90,7
2026-09-01,7039,13,119,134,5
2026-09-01,7225,48,144,112,7
2026-09-01,928,36,140,152.0,10
2026-09-01,6302,438,56,59,25
2026-09-01,6315,199,45,50,9
2026-09-01,1042,95,104,117.0,18
2026-09-01,6090,80,124,110,27
2026-09-01,5392,52,96,78.5,14
2026-09-01,6895,17,122,139,7
2026-09-01,2265,102,116,142,11
2026-09-01,6898,54,80,80,15
2026-09-01,7542,153,269,195,17
2026-09-01,7548,62,299,227.0,16
2026-09-01,7546,107,239,239,21
2026-09-01,7543,67,275,275,21
2026-09-01,7551,54,279,229,13
2026-09-01,7547,27,272,209,17
2026-09-01,7553,87,309,364.0,20
2026-09-01,7550,89,319,329.0,18
2026-09-01,7552,57,319,239.0,10
2026-09-01,7545,92,325,342.5,18
2026-09-01,7555,63,240,362.5,14
2026-09-01,7554,57,299,349.0,12
2026-09-01,7549,45,299,299,19
2026-09-01,6073,99,110,123.5,26
2026-09-01,5797,12,114,146,5
2026-09-01,6217,45,70,96,9
2026-09-01,6420,275,54,52,7
2026-09-01,6181,97,70,71.0,24
2026-09-01,6335,78,78,90,11
2026-09-01,6334,58,92,93,15
2026-09-01,541,25,110,114,7
2026-09-01,2338,41,90,91.0,10
2026-09-01,7653,239,54,54,13
2026-09-01,2339,25,120,137.0,10
2026-09-01,2342,37,105,167.0,12
2026-09-01,2343,26,70,132.0,12
2026-09-01,2544,38,110,94.0,16
2026-09-01,2345,16,,159.0,6
2026-09-01,575,49,110,160.0,16
2026-09-01,880,76,134,148,19
2026-09-01,5488,19,114,122,9
2026-09-01,6354,24,93,93,7
2026-09-01,2629,25,95,95,13
2026-09-01,6163,191,64,43.0,42
2026-09-01,5489,23,89,118.0,10
2026-09-01,6313,88,57,67.0,12
2026-09-01,588,30,88,104,9
2026-09-01,556,20,94,114.0,12
2026-09-01,606,63,112,115.0,12
2026-09-01,5603,66,88,87.0,14
2026-09-01,5883,69,55,66,15
2026-09-01,706,19,78,79.5,12
2026-09-01,2098,9,58,75.0,8
2026-09-01,6201,14,137,144,7
2026-09-01,5774,31,88,76.0,16
2026-09-01,813,24,94,112,7
2026-09-01,5884,72,67,86,17
2026-09-01,2108,55,64,89.0,18
2026-09-01,5775,132,56,32.5,22
2026-09-01,525,44,100,96,17
2026-09-01,2476,76,94,98,15
2026-09-01,587,33,120,76.5,10
2026-09-01,585,70,94,82.0,14
2026-09-01,5573,130,116,116,23
2026-09-01,2114,56,152,165.0,14
2026-09-01,576,55,110,109.0,10
2026-09-01,555,32,136,154.0,14
2026-09-01,718,38,78,75.0,10
2026-09-01,720,54,100,92,11
2026-09-01,5234,37,98,117.0,10
2026-09-01,557,17,117,133,7
2026-09-01,2115,98,122,85.0,20
2026-09-01,2082,236,86,120,33
2026-09-01,6520,418,58,46,17
2026-09-01,786,15,,167,7
2026-09-01,6902,42,112,88,15
2026-09-01,779,36,102,116.0,12
2026-09-01,6417,93,73,97.0,14
2026-09-01,517,23,86,180,15
2026-09-01,6091,130,47,74.5,12
2026-09-01,2628,51,160,80,17
2026-09-01,550,79,86,62,13
2026-09-01,6085,26,139,189.0,12
2026-09-01,5881,76,74,74,19
2026-09-01,6528,139,73,77,5
2026-09-01,2094,196,90,112,17
2026-09-01,2341,44,61,97.0,16
2026-09-01,5885,96,110,141.0,16
2026-09-01,2111,55,76,83.0,20
2026-09-01,6903,31,65,78,11
2026-09-01,5353,38,88,118,15
2026-09-01,5351,29,84,71.0,10
2026-09-01,2110,69,98,120.5,26
2026-09-01,5352,34,87,95.5,10
2026-09-01,2340,31,72,75.0,14
2026-09-01,2347,9,89,100.0,6
2026-09-01,6198,106,68,82.0,18
2026-09-01,5378,56,76,103.0,18
2026-09-01,546,13,84,73.0,6
2026-09-01,2109,58,110,144.0,24
2026-09-01,2097,88,80,80,11
2026-09-01,6453,197,61,50,11
2026-09-01,6904,22,,90,7
2026-09-01,6295,44,98,122.0,16
2026-09-01,2086,20,90,98,13
2026-09-01,543,12,86,138.5,10
2026-09-01,523,19,123,149,9
2026-09-01,6424,414,63,66.5,12
2026-09-01,6905,43,120,130.0,10
2026-09-01,6529,96,78,148,5
2026-09-01,2346,30,108,108,9
2026-09-01,5248,16,96,104,9
2026-09-01,2348,20,91,91,9
2026-09-01,2095,45,112,124.5,12
2026-09-01,2349,33,102,117.0,8
2026-09-01,7302,20,96,96,9
2026-09-01,6906,28,,138.5,8
2026-09-01,7304,32,81,140,7
2026-09-01,7303,78,102,121.5,6
2026-09-01,6908,161,110,84,13
2026-09-01,7306,24,92,97.0,8
2026-09-01,7305,5,,116.0,2
2026-09-01,6907,29,118,106.0,12
2026-09-01,7307,56,106,90,7
2026-09-01,6436,44,116,128,9
2026-09-01,923,16,,137.0,8
2026-09-01,5222,27,99,117.5,18
2026-09-01,5891,37,102,92.0,14
2026-09-01,617,30,90,106,9
2026-09-01,632,54,86,102,13
2026-09-01,6297,30,117,133,13
2026-09-01,660,116,120,111.0,22
2026-09-01,955,15,113,156.5,4
2026-09-01,5955,54,108,129.0,12
2026-09-01,5620,52,122,122,21
2026-09-01,5954,57,165,212.0,18
2026-09-01,6296,50,170,188.0,20
2026-09-01,5297,408,152,106,21
2026-09-01,5437,10,110,116.0,4
2026-09-01,5404,32,88,80.0,14
2026-09-01,570,27,60,51.0,12
2026-09-01,2603,78,45,50,21
2026-09-01,2602,81,70,52,27
2026-09-01,5636,21,74,74,9
2026-09-01,605,46,50,80,17
2026-09-01,641,19,88,94,9
2026-09-01,2605,18,90,119.0,6
2026-09-01,674,91,76,44,19
2026-09-01,7227,70,72,72,11
2026-09-01,5948,62,104,104,7
2026-09-01,5950,40,90,116,7
2026-09-01,5397,389,62,89.5,20
2026-09-01,561,20,68,92.0,10
2026-09-01,6478,206,45,51.0,8
2026-09-01,2127,18,98,98,11
2026-09-01,2129,17,,102,7
2026-09-01,5364,17,107,134,9
2026-09-01,579,11,71,71,11
2026-09-01,592,15,140,68.0,8
2026-09-01,6492,102,54,91,7
2026-09-01,7228,49,92,131,21
2026-09-01,6287,71,146,146,19
2026-09-01,5479,36,172,216.5,12
2026-09-01,7234,64,154,138.5,8
2026-09-01,6909,64,88,118.0,14
2026-09-01,2549,20,86,156,5
2026-09-01,7229,62,124,132.0,22
2026-09-01,7233,59,128,148,11
2026-09-01,7230,85,130,134.0,20
2026-09-01,869,28,166,110,11
2026-09-01,7235,48,71,85.5,12
2026-09-01,6910,26,82,96,9
2026-09-01,427,16,120,88.5,8
2026-09-01,7257,54,110,132,17
2026-09-01,421,24,98,127.0,8
2026-09-01,7231,41,144,166.0,16
2026-09-01,435,25,126,233.0,10
2026-09-01,428,57,128,128,13
2026-09-01,424,33,152,201.5,8
2026-09-01,2604,28,59,72.5,10
2026-09-01,681,19,52,70,9
2026-09-01,689,27,,54.5,8
2026-09-01,7232,23,120,120,5
2026-09-01,5951,12,68,122.0,6
2026-09-01,5947,37,44,50,7
2026-09-01,572,24,,88.5,12
2026-09-01,5331,42,104,70,11
2026-09-01,6454,96,66,93.5,16
2026-09-01,881,47,156,171.0,12
2026-09-01,6441,157,73,80,11
2026-09-01,772,32,74,144,15
2026-09-01,5978,50,72,108,11
2026-09-01,745,60,88,102.0,12
2026-09-01,7236,147,86,56,9
2026-09-01,5981,88,108,130,19
2026-09-01,5641,45,92,94.0,20
2026-09-01,763,114,96,98,17
2026-09-01,5673,75,84,50,37
2026-09-01,5678,241,59,51.0,32
2026-09-01,1978,21,110,134,13
2026-09-01,7556,115,58,67,11
2026-09-01,7258,48,91,102.0,12
2026-09-01,7581,97,94,96.0,8
2026-09-01,7582,43,66,71,15
2026-09-01,7617,171,71,79.0,14
2026-09-01,7611,101,86,114,11
2026-09-01,7612,100,46,55.5,12
2026-09-01,7583,238,50,58,13
2026-09-01,7613,32,73,83,9
2026-09-01,7260,44,62,103.0,8
2026-09-01,5688,467,78,78,27
2026-09-01,7686,36,65,62.0,6
2026-09-01,5975,29,125,79,7
2026-09-01,937,59,62,68,11
2026-09-01,712,23,76,79.0,10
2026-09-01,5683,86,82,94.0,14
2026-09-01,5671,195,61,42,25
2026-09-01,5984,24,77,60.5,8
2026-09-01,5705,342,72,104.0,40
2026-09-01,5668,116,77,70.5,24
2026-09-01,6911,38,63,68.0,10
2026-09-01,5986,61,76,126,11
2026-09-01,2551,116,94,102,17
2026-09-01,6340,290,65,73.5,14
2026-09-01,2569,79,104,54.0,18
2026-09-01,5987,57,76,98,15
2026-09-01,876,206,54,82.5,18
2026-09-01,765,46,82,82,11
2026-09-01,872,68,82,88.5,20
2026-09-01,797,69,70,67,11
2026-09-01,7563,29,70,95.5,12
2026-09-01,7558,18,71,71,5
2026-09-01,7560,168,30,30.5,18
2026-09-01,7566,18,,77.5,4
2026-09-01,7557,28,47,50.5,8
2026-09-01,7559,25,74,100,9
2026-09-01,7632,33,52,58,9
2026-09-01,7562,102,68,86.0,10
2026-09-01,7561,37,70,48,11
2026-09-01,7564,92,51,58,13
2026-09-01,6298,51,74,95.0,16
2026-09-01,6912,135,42,42.0,12
2026-09-01,6063,245,66,97.5,22
2026-09-01,6549,73,117,151,19
2026-09-01,6185,36,105,133,11
2026-09-01,5629,57,66,66,25
2026-09-01,6927,36,,186,13
2026-09-01,5251,83,76,103,15
2026-09-01,5695,89,90,107,19
2026-09-01,5744,71,101,133,13
2026-09-01,6299,57,109,137.0,18
2026-09-01,6946,37,108,120,7
2026-09-01,6947,94,68,58.5,18
2026-09-01,2601,80,148,63.0,14
2026-09-01,5689,163,128,116,23
2026-09-01,5700,49,128,128,15
2026-09-01,5698,366,66,38,25
2026-09-01,2647,33,98,128,15
2026-09-01,6948,16,96,65.0,8
2026-09-01,760,70,74,80.0,16
2026-09-01,1979,29,76,90.0,18
2026-09-01,866,30,96,90.0,10
2026-09-01,5977,14,94,91.5,8
2026-09-01,616,190,71,71.0,20
2026-09-01,761,270,76,76,25
2026-09-01,2001,31,90,105.0,10
2026-09-01,422,49,84,100.0,10
2026-09-01,5626,43,86,126.0,18
2026-09-01,5646,97,68,82,17
2026-09-01,5660,57,104,154,31
2026-09-01,5699,61,118,118.0,28
2026-09-01,5697,186,80,33,27
2026-09-01,5231,65,126,176,17
2026-09-01,5973,301,86,54,27
2026-09-01,809,57,278,192,11
2026-09-01,2350,38,204,150.5,20
2026-09-01,5279,110,181,126,27
2026-09-01,1997,51,118,120,21
2026-09-01,1623,48,153,153,13
2026-09-01,648,61,88,85.0,16
2026-09-01,638,36,94,96.0,12
2026-09-01,640,85,146,142,17
2026-09-01,5773,54,108,138.0,20
2026-09-01,1955,14,188,132,7
2026-09-01,6437,61,128,176.5,10
2026-09-01,6515,58,111,111.5,4
2026-09-01,6945,32,62,62,13
2026-09-01,6548,527,38,52.5,14
2026-09-01,6916,30,58,64,9
2026-09-01,7567,25,,98,7
2026-09-01,6915,37,36,57,15
2026-09-01,6227,64,105,133,21
2026-09-01,7317,56,58,63,17
2026-09-01,7598,28,78,111,11
2026-09-01,7580,44,87,140.0,10
2026-09-01,5280,295,68,53.0,24
2026-09-01,6963,52,98,146,17
2026-09-01,1977,44,114,143.0,22
2026-09-01,6397,17,50,70,7
2026-09-01,5599,27,98,105.0,10
2026-09-01,5637,22,97,104.0,12
2026-09-01,5737,55,70,85.5,10
2026-09-01,1967,34,82,88,13
2026-09-01,6917,35,86,86,11
2026-09-01,5664,30,134,164,17
2026-09-01,2006,107,54,60.0,14
2026-09-01,1995,213,98,132,21
2026-09-01,5665,93,77,78.5,22
2026-09-01,719,28,76,82.0,8
2026-09-01,6456,60,88,117.5,10
2026-09-01,666,66,88,108,13
2026-09-01,5645,111,72,72,21
2026-09-01,2190,21,116,176.0,10
2026-09-01,6984,34,132,139.5,10
2026-09-01,6506,93,74,74,11
2026-09-01,5430,88,112,117.5,18
2026-09-01,2045,13,204,185.5,12
2026-09-01,7006,71,,66.0,8
2026-09-01,6950,313,39,52.0,34
2026-09-01,1982,39,132,152.0,14
2026-09-01,6123,29,121,138.0,14
2026-09-01,6918,38,84,101.0,10
2026-09-01,6919,117,62,78.0,10
2026-09-01,7011,39,94,106,11
2026-09-01,6972,68,129,158.0,8
2026-09-01,6971,107,102,106.0,12
2026-09-01,6973,6,120,176,3
2026-09-01,764,41,84,96.0,16
2026-09-01,6109,30,133,81.0,12
2026-09-01,6921,28,87,131,11
2026-09-01,6920,217,54,59,9
2026-09-01,6303,511,67,46.0,20
2026-09-01,6160,98,96,134.0,14
2026-09-01,1953,27,96,104.0,14
2026-09-01,5568,46,52,66.0,20
2026-09-01,1996,15,121,121,11
2026-09-01,6188,242,70,28,21
2026-09-01,5377,45,84,120.0,18
2026-09-01,7000,51,69,108,11
2026-09-01,7570,47,82,82,5
2026-09-01,7571,84,70,76.0,12
2026-09-01,7568,19,42,42,5
2026-09-01,7572,28,86,86,7
2026-09-01,7259,35,92,120,11
2026-09-01,7574,24,102,89.0,6
2026-09-01,7573,23,75,86,11
2026-09-01,7569,75,80,92.0,12
2026-09-01,7600,50,,187,7
2026-09-01,7616,26,92,95.0,6
2026-09-01,6923,10,86,86,5
2026-09-01,6922,22,79,86,9
2026-09-01,6930,89,86,86,7
2026-09-01,6929,92,88,93.0,16
2026-09-01,6931,27,114,122.0,10
2026-09-01,6932,31,110,128.0,4
2026-09-01,6924,29,,132,15
2026-09-01,5272,84,107,132,17
2026-09-01,6170,83,109,122,21
2026-09-01,6914,15,120,120,5
2026-09-01,639,48,90,98.0,6
2026-09-01,636,54,122,148.0,8
2026-09-01,6925,19,78,94.0,2
2026-09-01,7029,103,66,66,3
2026-09-01,5655,28,92,95.0,12
2026-09-01,6941,40,70,81.5,4
2026-09-01,7033,110,36,40.5,6
2026-09-01,7032,149,32,32,9
2026-09-01,5676,181,66,91,39
2026-09-01,6121,47,104,90.5,10
2026-09-01,6190,79,69,69,15
2026-09-01,7575,83,57,65,11
2026-09-01,7565,26,76,124,9
2026-09-01,7057,64,51,57,15
2026-09-01,6926,56,54,50.0,16
2026-09-01,6541,135,69,71.5,16
2026-09-01,7620,53,134,152.0,14
2026-09-01,6496,67,76,109.0,10
2026-09-01,6051,64,103,75.5,12
2026-09-01,5370,43,76,108,21
2026-09-01,6928,23,124,128.5,10
2026-09-01,6997,51,94,94,11
2026-09-01,1984,34,74,97,13
2026-09-01,5682,95,62,71.0,30
2026-09-01,751,70,74,148,11
2026-09-01,767,80,76,87.0,12
2026-09-01,777,53,80,95.0,18
2026-09-01,5979,30,109,122.0,6
2026-09-01,820,38,97,97,13
2026-09-01,1563,60,70,140.0,20
2026-09-01,5659,67,92,136,35
2026-09-01,5644,667,116,146,31
2026-09-01,6958,34,102,102,11
2026-09-01,6395,27,150,178,13
2026-09-01,806,28,114,134.0,8
2026-09-01,6284,126,101,115,13
2026-09-01,6959,68,80,80,13
2026-09-01,2646,54,56,74,21
2026-09-01,5667,49,107,111,13
2026-09-01,2019,32,100,103,17
2026-09-01,1986,46,82,98.0,10
2026-09-01,1971,142,62,62.0,14
2026-09-01,5758,45,96,83.5,10
2026-09-01,2644,100,92,54.0,16
2026-09-01,5988,29,104,253.0,16
2026-09-01,2043,56,102,202,21
2026-09-01,6301,94,86,117.5,18
2026-09-01,6936,106,66,96.0,14
2026-09-01,6128,83,64,86,13
2026-09-01,2351,49,72,74,31
2026-09-01,6933,109,70,107.5,26
2026-09-01,6935,58,72,79.5,10
2026-09-01,6934,18,75,75,13
2026-09-01,6399,98,69,99.5,20
2026-09-01,5889,38,82,109.0,18
2026-09-01,2623,245,74,52.0,16
2026-09-01,2000,197,80,90,11
2026-09-01,628,36,66,49.5,8
2026-09-01,1983,49,84,90.5,18
2026-09-01,5618,59,74,82,17
2026-09-01,5304,60,94,94,23
2026-09-01,1975,31,86,90.0,12
2026-09-01,696,16,114,135.0,6
2026-09-01,687,32,103,127,11
2026-09-01,5702,136,98,93.0,42
2026-09-01,7311,50,94,117.0,6
2026-09-01,7309,27,95,134,5
2026-09-01,7579,30,58,49,5
2026-09-01,7310,72,96,142,9
2026-09-01,6939,88,94,106,13
2026-09-01,7312,33,94,130,5
2026-09-01,7576,33,116,121.0,10
2026-09-01,7577,114,,103,9
2026-09-01,7313,42,75,120.5,6
2026-09-01,7578,21,72,88.5,6
2026-09-01,6505,217,66,84.0,8
2026-09-01,6952,110,66,68.0,16
2026-09-01,6048,73,86,90,15
2026-09-01,5983,21,126,145.5,10
2026-09-01,6951,27,106,130,7
2026-09-01,7012,101,61,69,15
2026-09-01,6135,37,151,172,17
2026-09-01,6983,47,68,77,5
2026-09-01,6944,16,100,125.5,6
2026-09-01,5661,48,56,64.0,20
2026-09-01,5593,48,132,211.0,22
2026-09-01,6942,57,86,163.0,12
2026-09-01,2641,281,94,147.0,18
2026-09-01,7034,40,,76.5,8
2026-09-01,5971,63,139,159,23
2026-09-01,6943,27,70,91.0,10
2026-09-01,5967,42,74,82,21
2026-09-01,2596,28,128,129.0,14
2026-09-01,2640,81,113,113,17
2026-09-01,5592,40,119,136,17
2026-09-01,5982,80,112,97.0,16
2026-09-01,817,68,102,130,27
2026-09-01,5296,244,122,82,15
2026-09-01,5980,47,162,103.5,14
2026-09-01,2352,47,120,150,25
2026-09-01,5341,61,148,132,17
2026-09-01,2044,40,138,114,27
2026-09-01,2259,57,126,139.5,22
2026-09-01,2599,110,100,70,19
2026-09-01,816,23,106,84,7
2026-09-01,5621,32,68,78,9
2026-09-01,5277,108,83,70.5,16
2026-09-01,7610,7,97,100.5,6
2026-09-01,791,24,54,58,11
2026-09-01,2013,56,88,116,23
2026-09-01,710,52,100,128,15
2026-09-01,1564,22,140,158,9
2026-09-01,5974,40,104,104,5
2026-09-01,803,22,109,109,9
2026-09-01,812,38,96,96,9
2026-09-01,5965,53,92,137,15
2026-09-01,6468,141,51,81.0,16
2026-09-01,5336,22,119,160,11
2026-09-01,6949,27,77,83.5,10
2026-09-01,5964,47,90,118,13
2026-09-01,2517,17,118,118,13
2026-09-01,7599,39,98,142,15
2026-09-01,2520,35,125,153,13
2026-09-01,2563,39,110,161,11
2026-09-01,5346,111,77,97.0,20
2026-09-01,7619,88,70,107.0,10
2026-09-01,7604,24,134,134.0,8
2026-09-01,5670,25,74,70.5,12
2026-09-01,7585,29,90,102,7
2026-09-01,7584,35,86,100.0,6
2026-09-01,7261,41,88,96.5,10
2026-09-01,7603,38,88,80.5,8
2026-09-01,7601,126,59,60.5,8
2026-09-01,7602,119,68,68,11
2026-09-01,7262,64,95,107.5,10
2026-09-01,6470,98,83,83,7
2026-09-01,6471,66,137,134,11
2026-09-01,7589,30,116,124.5,4
2026-09-01,7587,10,104,94.0,6
2026-09-01,6475,102,69,61.0,8
2026-09-01,6473,58,93,93,7
2026-09-01,6472,31,118,118,5
2026-09-01,7586,12,67,57.0,4
2026-09-01,6474,37,89,106.0,8
2026-09-01,7590,20,110,152.0,6
2026-09-01,5976,52,82,24,17
2026-09-01,757,95,68,82,19
2026-09-01,749,133,74,113.0,18
2026-09-01,6058,173,56,64,11
2026-09-01,727,165,56,64.0,16
2026-09-01,6286,119,53,126,25
2026-09-01,2047,17,128,114,15
2026-09-01,5302,66,66,66,19
2026-09-01,750,31,84,86,9
2026-09-01,5703,485,45,49,37
2026-09-01,411,107,64,88,7
2026-09-01,675,25,74,126.0,10
2026-09-01,704,52,68,56.0,18
2026-09-01,702,17,54,72,5
2026-09-01,5957,45,108,116.0,16
2026-09-01,5600,25,84,154,13
2026-09-01,2533,28,116,145.0,8
2026-09-01,2535,94,80,112,15
2026-09-01,5959,76,66,102.0,34
2026-09-01,6981,1,,182,1
2026-09-01,2570,84,92,104,11
2026-09-01,6527,482,45,45,15
2026-09-01,2277,43,88,144,13
2026-09-01,1956,62,86,66.0,22
2026-09-01,2353,15,129,54,11
2026-09-01,778,37,76,101.0,10
2026-09-01,5969,30,125,141,11
2026-09-01,5264,71,124,60.0,20
2026-09-01,661,50,62,42,11
2026-09-01,6964,18,,51.5,4
2026-09-01,5972,43,122,146,17
2026-09-01,7618,70,73,94,19
2026-09-01,658,228,66,80,13
2026-09-01,2525,100,126,139.0,18
2026-09-01,5691,150,82,50.0,18
2026-09-01,5985,74,106,180.5,18
2026-09-01,5642,37,100,97.5,14
2026-09-01,2650,35,118,154,13
2026-09-01,6502,71,76,70.0,24
2026-09-01,6954,19,92,121.5,10
2026-09-01,6167,60,89,121.5,14
2026-09-01,6967,54,106,106,13
2026-09-01,6075,166,91,128,23
2026-09-01,2550,65,116,145.0,18
2026-09-01,7135,71,104,142,13
2026-09-01,6394,49,92,108,13
2026-09-01,7659,58,85,129,5
2026-09-01,2511,55,88,114.0,8
2026-09-01,6991,82,73,74,19
2026-09-01,884,29,84,84,9
2026-09-01,6326,73,59,86.0,14
2026-09-01,805,40,79,93.5,8
2026-09-01,844,47,98,98,5
2026-09-01,6231,211,54,77.0,16
2026-09-01,1561,66,66,74,11
2026-09-01,657,104,78,90,11
2026-09-01,855,43,70,70.0,14
2026-09-01,5694,166,43,31.5,20
2026-09-01,6955,54,53,62,13
2026-09-01,5237,47,86,112.0,22
2026-09-01,2513,80,74,78,19
2026-09-01,6956,68,93,109.0,16
2026-09-01,5428,22,85,85,11
2026-09-01,1981,36,86,126,9
2026-09-01,6995,32,124,135.0,10
2026-09-01,2527,29,,34,15
2026-09-01,6070,235,114,127.0,20
2026-09-01,5429,52,116,88.0,12
2026-09-01,2509,16,110,206.5,8
2026-09-01,882,20,74,141,7
2026-09-01,6960,96,79,79,15
2026-09-01,5669,43,103,86,23
2026-09-01,1551,31,94,142,13
2026-09-01,6550,33,,51.5,6
2026-09-01,419,70,80,114,5
2026-09-01,667,81,92,78.0,14
2026-09-01,670,169,58,57.0,16
2026-09-01,951,195,94,99.0,18
2026-09-01,807,27,62,100.5,10
2026-09-01,7594,13,104,90.0,4
2026-09-01,7593,1,,78,1
2026-09-01,7592,24,104,116,7
2026-09-01,7591,41,69,69,9
2026-09-01,7615,45,82,110.0,6
2026-09-01,7596,39,92,118,9
2026-09-01,6999,16,,76.0,6
2026-09-01,2009,53,60,76.0,14
2026-09-01,622,53,66,102.0,10
2026-09-01,1954,11,114,114,11
2026-09-01,621,42,60,60,9
2026-09-01,618,53,74,82,11
2026-09-01,1980,47,108,154,29
2026-09-01,6300,47,60,83.5,18
2026-09-01,7129,88,119,96,11
2026-09-01,2502,18,98,146,13
2026-09-01,2068,60,180,199,23
2026-09-01,7132,46,124,91,13
2026-09-01,2046,22,146,170,15
2026-09-01,7130,91,123,106,13
2026-09-01,2014,83,100,148,29
2026-09-01,5654,59,98,101.0,22
2026-09-01,6082,611,62,42.0,22
2026-09-01,7133,37,100,87.5,16
2026-09-01,6965,47,62,100,11
2026-09-01,6177,39,124,150.0,14
2026-09-01,2634,71,88,88,15
2026-09-01,6366,49,124,142,29
2026-09-01,5229,85,140,89.5,14
2026-09-01,1968,42,86,116.0,18
2026-09-01,5284,74,128,60,17
2026-09-01,1991,33,80,98,15
2026-09-01,5598,80,112,142,25
2026-09-01,2363,36,124,165.5,22
2026-09-01,7010,48,100,88.5,8
2026-09-01,2534,64,96,73.0,14
2026-09-01,2005,454,57,56.0,20
2026-09-01,1998,103,90,78,21
2026-09-01,6966,77,84,46,7
2026-09-01,1003,91,76,101.0,26
2026-09-01,725,47,84,98.0,6
2026-09-01,2004,36,113,158.5,12
2026-09-01,715,31,90,90,9
2026-09-01,6104,48,102,102,13
2026-09-01,5723,94,88,88,21
2026-09-01,1957,24,78,100.0,18
2026-09-01,2359,77,66,95.0,32
2026-09-01,845,28,66,78.0,6
2026-09-01,858,70,78,84.0,14
2026-09-01,5275,213,72,72,15
2026-09-01,840,37,92,119,11
2026-09-01,782,42,,54.0,12
2026-09-01,2356,76,54,72.0,32
2026-09-01,883,39,70,85.0,18
2026-09-01,737,57,60,34,9
2026-09-01,739,107,52,54.0,8
2026-09-01,6970,80,66,140,15
2026-09-01,7315,39,94,111.0,14
2026-09-01,7316,39,104,128,17
2026-09-01,5594,51,126,138,17
2026-09-01,6969,27,77,84.0,8
2026-09-01,1988,38,94,68.0,16
2026-09-01,7595,54,53,62.5,8
2026-09-01,748,14,58,60.0,8
2026-09-01,5692,103,77,80,21
2026-09-01,2639,182,72,73.0,14
2026-09-01,426,37,86,70.0,14
2026-09-01,1976,37,98,117.0,16
2026-09-01,6990,11,82,84.0,6
2026-09-01,688,24,87,106,7
2026-09-01,5685,32,101,151.0,18
2026-09-01,5239,45,94,122,21
2026-09-01,6319,64,64,74,25
2026-09-01,7597,35,81,114,7
2026-09-01,2562,29,140,180,11
2026-09-01,1994,149,72,82.0,32
2026-09-01,6974,55,130,110.5,8
2026-09-01,2437,31,68,134,11
2026-09-01,2553,271,74,99,17
2026-09-01,1989,30,86,94,13
2026-09-01,1177,131,56,70.0,6
2026-09-01,6125,43,113,88.5,14
2026-09-01,6976,54,66,66,7
2026-09-01,6978,77,55,59.0,6
2026-09-01,6977,136,60,59.0,14
2026-09-01,6975,34,76,76,7
2026-09-01,6979,28,106,110.0,6
2026-09-01,6980,154,57,62,9
2026-09-01,2360,41,78,96.0,16
2026-09-01,5958,711,43,48.0,40
2026-09-01,7318,41,84,73,17
2026-09-01,5888,70,66,77.0,18
2026-09-01,5962,33,88,138.0,24
2026-09-01,6988,30,128,128,7
2026-09-01,5596,20,114,119.0,10
2026-09-01,2365,43,96,125,27
2026-09-01,5324,54,88,106.0,14
2026-09-01,2017,34,86,145.0,14
2026-09-01,653,70,112,112,15
2026-09-01,6122,23,68,89.0,10
2026-09-01,815,81,155,138,15
2026-09-01,649,142,145,145.0,34
2026-09-01,644,43,148,117.0,6
2026-09-01,5687,39,118,154.5,16
2026-09-01,6494,96,63,63,9
2026-09-01,5966,75,76,74.0,18
2026-09-01,7609,41,66,72.0,14
2026-09-01,7606,104,88,102,13
2026-09-01,7607,125,30,46,11
2026-09-01,6982,22,78,81.0,14
2026-09-01,652,55,58,74,23
2026-09-01,5663,42,128,117,17
2026-09-01,1566,19,105,113,11
2026-09-01,854,24,96,108,11
2026-09-01,7676,38,86,107.0,10
2026-09-01,6985,8,108,147.0,4
2026-09-01,7013,34,86,114,9
2026-09-01,7608,249,52,57,13
2026-09-01,7605,87,82,112.0,10
2026-09-01,6987,71,96,99.0,12
2026-09-01,1990,35,60,91.0,16
2026-09-01,5963,135,88,100,15
2026-09-01,679,43,92,70,11
2026-09-01,669,81,74,79.0,10
2026-09-01,673,135,80,80,25
2026-09-01,2011,32,100,105.5,14
2026-09-01,6059,52,137,182.5,18
2026-09-01,6989,219,46,61.0,20
2026-09-01,5754,29,81,135,11
2026-09-01,7014,81,49,51.0,12
2026-09-01,5617,33,81,81,11
2026-09-01,785,47,82,95.0,10
2026-09-01,6050,123,38,52.0,6
2026-09-01,7005,36,96,104.5,16
2026-09-01,655,43,84,102,9
2026-09-01,6913,67,132,174,21
2026-09-01,651,143,144,149.0,14
2026-09-01,801,97,126,131,35
2026-09-01,6102,45,124,167,11
2026-09-01,6479,41,103,105.5,10
2026-09-01,5684,131,65,86,21
2026-09-01,5643,67,82,62,17
2026-09-01,5732,46,86,94.5,18
2026-09-01,722,13,128,118.0,4
2026-09-01,6953,276,50,35,9
2026-09-01,654,75,74,74,9
2026-09-01,6307,190,58,106,9
2026-09-01,5652,83,70,70,21
2026-09-01,6998,21,85,55,9
2026-09-01,5375,38,85,78,19
2026-09-01,698,40,86,44.0,10
2026-09-01,5656,23,110,155,15
2026-09-01,780,56,106,120.0,30
2026-09-01,781,139,78,78,21
2026-09-01,5240,69,84,114,25
2026-09-01,6107,92,82,102.5,16
2026-09-01,1973,25,151,167,15
2026-09-01,7614,34,87,121.0,8
2026-09-01,5597,55,74,96,19
2026-09-01,7050,29,90,90,7
2026-09-01,7007,30,106,106,9
2026-09-01,943,22,92,92,13
2026-09-01,2016,16,,98.0,10
2026-09-01,873,12,92,50.0,4
2026-09-01,6098,38,68,80.0,12
2026-09-01,875,19,62,106.0,6
2026-09-01,6993,71,74,114,9
2026-09-01,5970,42,,230,23
2026-09-01,6992,130,82,117.0,16
2026-09-01,2652,126,88,60.5,12
2026-09-01,5709,33,78,126,17
2026-09-01,6994,66,99,61.5,12
2026-09-01,5674,535,51,53,65
2026-09-01,5632,509,44,61.0,22
2026-09-01,5675,98,60,104,31
2026-09-01,5666,187,53,82,45
2026-09-01,5276,447,45,63,19
2026-09-01,2648,33,96,112,15
2026-09-01,2654,129,84,87.5,28
2026-09-01,5693,253,70,70,19
2026-09-01,2649,29,86,94.0,14
2026-09-01,5960,19,152,161.0,10
2026-09-01,814,38,96,131.0,12
2026-09-01,5657,63,78,85.0,18
2026-09-01,620,23,104,90,9
2026-09-01,5768,40,82,84.0,16
2026-09-01,619,15,,106.0,4
2026-09-01,7001,7,,137.0,2
2026-09-01,2007,74,82,100,23
2026-09-01,6996,52,82,82,7
2026-09-01,7004,20,104,108.5,8
2026-09-01,7003,26,106,128,7
2026-09-01,6124,32,82,92.0,10
2026-09-01,6180,117,49,49,19
2026-09-01,6168,61,42,46,13
2026-09-01,2325,55,90,110.0,20
2026-09-01,2516,55,80,96,15
2026-09-01,2012,135,106,77.0,16
2026-09-01,5591,65,68,72.5,26
2026-09-01,752,47,92,94,9
2026-09-01,7136,28,88,157,13
2026-09-01,7009,21,90,102,5
2026-09-01,5968,24,106,118,17
2026-09-01,1049,51,102,102.0,14
2026-09-01,5956,41,70,100,19
2026-09-01,5218,207,104,90.0,14
2026-09-01,5961,36,96,91.0,20
2026-09-01,2638,84,102,189,15
2026-09-01,2364,33,,200.0,14
2026-09-01,2357,69,96,103.0,20
2026-09-01,7008,60,64,70,11
2026-09-01,5680,123,52,63,37
2026-09-01,5681,84,58,68,21
2026-09-01,5677,150,44,53,55
2026-09-01,5690,128,68,68,19
2026-09-01,5627,66,78,90,27
2026-09-01,5586,14,104,180.0,6
2026-09-01,6093,17,93,102,7
2026-09-01,894,29,116,116,11
2026-09-01,6187,81,79,63,17
2026-09-01,963,20,84,70.0,8
2026-09-01,6431,43,96,146,15
2026-09-01,2577,22,92,123.0,12
2026-09-01,5417,14,116,116,5
2026-09-01,986,84,110,98.0,12
2026-09-01,1255,28,114,118.5,8
2026-09-01,1330,14,104,124,7
2026-09-01,942,43,134,115.0,20
2026-09-01,952,10,130,147.0,6
2026-09-01,6350,26,68,68,9
2026-09-01,5834,41,106,112.0,12
2026-09-01,5306,28,105,137.5,18
2026-09-01,5585,71,146,110.0,16
2026-09-01,1126,33,196,261.0,10
2026-09-01,980,45,152,158,13
2026-09-01,5478,367,152,98,25
2026-09-01,5556,184,154,186.5,16
2026-09-01,971,26,156,150.0,14
2026-09-01,1026,15,266,243.0,8
2026-09-01,1370,10,168,173.0,6
2026-09-01,1523,36,195,214,13
2026-09-01,2048,48,254,258.0,18
2026-09-01,1094,15,208,232.0,6
2026-09-01,1063,30,172,182,7
2026-09-01,1897,120,234,134,21
2026-09-01,1824,27,194,186.0,10
2026-09-01,1805,17,212,212,7
2026-09-01,1013,25,162,163.0,12
2026-09-01,5547,81,170,170.0,14
2026-09-01,5546,107,186,153.5,20
2026-09-01,1826,60,172,162.0,18
2026-09-01,1896,47,184,139.0,16
2026-09-01,2425,37,206,219.0,8
2026-09-01,1075,40,155,160,19
2026-09-01,2424,29,134,234,15
2026-09-01,1374,48,148,172,17
2026-09-01,5513,37,131,107.0,12
2026-09-01,972,17,131,131,9
2026-09-01,2468,40,140,148.0,30
2026-09-01,1903,12,136,224,7
2026-09-01,1467,50,136,118,15
2026-09-01,1152,41,160,173,19
2026-09-01,1899,23,210,170.0,6
2026-09-01,5533,35,140,144.0,16
2026-09-01,2612,103,80,86,25
2026-09-01,1815,51,190,217.0,6
2026-09-01,1819,30,93,146.0,8
2026-09-01,1811,32,99,104,15
2026-09-01,2366,69,96,87.0,14
2026-09-01,1045,53,108,74.0,14
2026-09-01,5288,40,75,216,11
2026-09-01,6524,202,66,66,17
2026-09-01,5287,37,84,116,15
2026-09-01,1054,42,104,86,7
2026-09-01,5864,44,76,120.0,20
2026-09-01,6512,132,80,90,15
2026-09-01,5290,42,89,132,17
2026-09-01,1822,30,140,122,9
2026-09-01,1021,31,134,134,9
2026-09-01,1821,21,,162,9
2026-09-01,995,24,150,100,7
2026-09-01,5857,18,152,158,9
2026-09-01,2427,18,116,129.5,8
2026-09-01,1820,17,128,122.0,6
2026-09-01,1806,32,140,140,9
2026-09-01,5295,19,129,163,9
2026-09-01,1813,10,,155.0,6
2026-09-01,1371,32,130,88.0,12
2026-09-01,5517,31,125,124.5,12
2026-09-01,5266,43,143,70,13
2026-09-01,2033,40,148,206.0,18
2026-09-01,2429,20,140,155.0,12
2026-09-01,1372,37,146,146,7
2026-09-01,7015,20,130,148,11
2026-09-01,5310,59,124,124,19
2026-09-01,1260,54,132,97,9
2026-09-01,6450,253,78,100,7
2026-09-01,5311,14,130,132.0,6
2026-09-01,6133,130,95,112.5,18
2026-09-01,6457,135,83,72.0,8
2026-09-01,5333,25,116,97,15
2026-09-01,1373,49,185,194,17
2026-09-01,2477,63,84,101.0,20
2026-09-01,2478,47,80,107.0,18
2026-09-01,5521,35,125,128,17
2026-09-01,1814,21,144,219.0,6
2026-09-01,7016,30,162,178,11
2026-09-01,1039,38,101,86,15
2026-09-01,2426,30,136,147.0,14
2026-09-01,1898,16,147,131.0,10
2026-09-01,5584,19,101,109.5,12
2026-09-01,5294,25,146,170.5,14
2026-09-01,1901,16,,138,5
2026-09-01,6521,25,119,132,17
2026-09-01,5583,34,116,116,17
2026-09-01,975,14,186,158,9
2026-09-01,1162,60,146,110.0,10
2026-09-01,5289,14,143,185.0,10
2026-09-01,1900,44,149,146.5,12
2026-09-01,1172,61,126,77.0,12
2026-09-01,1654,26,120,89,9
2026-09-01,2367,84,114,114,21
2026-09-01,1303,31,130,136,9
2026-09-01,1323,45,114,118,13
2026-09-01,2368,32,166,114,13
2026-09-01,5536,57,162,162,17
2026-09-01,1125,15,,128.5,6
2026-09-01,2034,28,166,148.0,12
2026-09-01,2428,25,216,90.0,10
2026-09-01,1647,28,172,173,9
2026-09-01,1101,74,166,166,15
2026-09-01,7238,60,69,72.0,14
2026-09-01,7239,67,68,68,9
2026-09-01,7240,65,79,60,13
2026-09-01,7621,53,68,87.5,4
2026-09-01,7241,25,144,109.0,10
2026-09-01,6338,123,130,76.5,14
2026-09-01,5292,20,110,145,13
2026-09-01,1808,19,95,116.0,14
2026-09-01,1391,39,136,167.5,8
2026-09-01,6400,16,125,125,11
2026-09-01,7137,75,,159.0,12
2026-09-01,1807,41,98,97.0,6
2026-09-01,5361,43,108,124.5,16
2026-09-01,5291,31,120,164.0,14
2026-09-01,1134,12,108,118,5
2026-09-01,1809,32,114,168,15
2026-09-01,6523,32,87,130.0,16
2026-09-01,6522,53,112,159.0,10
2026-09-01,1816,30,124,127.0,8
2026-09-01,1062,51,84,110,13
2026-09-01,5293,25,108,127.0,12
2026-09-01,1070,18,116,130,5
2026-09-01,1817,20,118,71.0,10
2026-09-01,1147,79,118,132.0,8
2026-09-01,1810,12,130,130,7
2026-09-01,1818,39,102,125,7
2026-09-01,6519,175,86,86,5
2026-09-01,7668,61,132,132,25
2026-09-01,1912,22,202,202,9
2026-09-01,5902,30,202,218.0,10
2026-09-01,528,56,128,232.5,10
2026-09-01,527,10,,114.0,2
2026-09-01,1830,28,,186.0,8
2026-09-01,529,35,118,168,13
2026-09-01,2049,28,170,180.5,18
2026-09-01,7673,79,110,75.0,20
2026-09-01,2574,62,116,117.0,18
2026-09-01,1844,47,116,116,23
2026-09-01,539,21,104,104,9
2026-09-01,716,45,112,184.0,10
2026-09-01,1907,47,102,91.0,14
2026-09-01,532,22,104,108.0,8
2026-09-01,1850,38,148,148.5,16
2026-09-01,2163,21,,153.5,8
2026-09-01,169,21,94,120.0,12
2026-09-01,2164,29,172,198,9
2026-09-01,535,26,116,125.0,8
2026-09-01,7027,23,122,159.5,8
2026-09-01,7024,28,98,101.5,12
2026-09-01,5431,57,90,92,13
2026-09-01,5615,68,101,109.0,20
2026-09-01,7028,17,132,138.0,4
2026-09-01,1904,37,142,181,13
2026-09-01,6081,633,139,86.0,16
2026-09-01,1855,103,242,254.0,36
2026-09-01,2622,52,250,338,13
2026-09-01,68,71,212,211.0,18
2026-09-01,81,63,216,252.0,18
2026-09-01,1906,35,218,253.0,12
2026-09-01,1843,64,266,274.0,20
2026-09-01,496,54,160,162.0,14
2026-09-01,1841,36,208,211.0,16
2026-09-01,524,48,209,133.0,20
2026-09-01,1829,27,153,177.5,14
2026-09-01,7667,94,78,118,23
2026-09-01,7666,55,110,84,13
2026-09-01,982,92,186,133.0,22
2026-09-01,2071,33,170,183.5,12
2026-09-01,7674,136,111,112.5,22
2026-09-01,1834,48,184,178.0,16
2026-09-01,1833,53,170,189.5,14
2026-09-01,200,61,172,252.0,18
2026-09-01,1959,27,200,200,15
2026-09-01,7669,111,154,160,15
2026-09-01,1857,18,176,224.0,12
2026-09-01,1109,77,132,154,31
2026-09-01,1849,20,166,137.0,8
2026-09-01,1845,25,202,202.0,10
2026-09-01,5260,54,128,155,21
2026-09-01,1846,21,152,188,9
2026-09-01,7658,13,214,247,7
2026-09-01,1847,48,172,167.0,22
2026-09-01,676,23,158,200,11
2026-09-01,5903,251,146,145.5,28
2026-09-01,1840,42,210,184.5,16
2026-09-01,5904,33,215,147.5,12
2026-09-01,50,33,136,198.0,8
2026-09-01,1835,42,98,130.0,14
2026-09-01,1836,81,124,129.0,20
2026-09-01,37,31,162,198,13
2026-09-01,1905,26,,116,13
2026-09-01,6134,89,98,119.5,16
2026-09-01,520,231,128,154.0,34
2026-09-01,491,52,102,134.0,16
2026-09-01,623,44,126,178,15
2026-09-01,7623,54,98,116.5,12
2026-09-01,7622,58,130,162.5,14
2026-09-01,7018,26,104,122,7
2026-09-01,7026,37,90,102,11
2026-09-01,7624,33,108,108,7
2026-09-01,7625,29,,178,7
2026-09-01,7671,118,75,75,13
2026-09-01,6428,57,135,158.5,16
2026-09-01,6542,63,126,116,11
2026-09-01,2507,24,174,179.0,12
2026-09-01,514,34,144,144,17
2026-09-01,7670,96,82,83.5,24
2026-09-01,5373,68,132,149.0,22
2026-09-01,7672,70,104,77.0,24
2026-09-01,1832,53,212,218,19
2026-09-01,501,47,178,174.0,12
2026-09-01,730,33,184,239.0,16
2026-09-01,5496,28,142,151,15
2026-09-01,1852,32,220,220,15
2026-09-01,500,35,196,193,7
2026-09-01,604,10,186,175.5,8
2026-09-01,1910,24,120,120,11
2026-09-01,190,37,118,137.0,16
2026-09-01,5721,26,108,97.0,14
2026-09-01,178,32,86,86,19
2026-09-01,1856,18,162,144.0,10
2026-09-01,1831,39,159,134.5,12
2026-09-01,5356,29,160,160,19
2026-09-01,693,25,170,170,7
2026-09-01,2069,27,142,102.5,14
2026-09-01,662,18,114,94.0,10
2026-09-01,6414,37,106,121,9
2026-09-01,826,22,116,104.0,10
2026-09-01,691,27,134,134,11
2026-09-01,762,30,226,242,17
2026-09-01,1909,39,246,233.0,10
2026-09-01,2035,62,242,212,27
2026-09-01,7626,14,168,168,7
2026-09-01,538,51,138,138,11
2026-09-01,144,29,144,156.0,12
2026-09-01,2051,49,188,191.0,22
2026-09-01,747,37,131,108.0,10
2026-09-01,1851,16,148,99.0,10
2026-09-01,2020,56,173,69.5,8
2026-09-01,646,25,160,186.0,10
2026-09-01,1913,61,134,134,33
2026-09-01,5358,127,155,155,35
2026-09-01,2165,9,,282.0,6
2026-09-01,857,7,308,308,7
2026-09-01,1911,37,138,138,11
2026-09-01,1854,60,122,148,19
2026-09-01,7023,42,88,88,7
2026-09-01,2162,20,131,131,9
2026-09-01,205,13,154,241,7
2026-09-01,1908,30,166,192,13
2026-09-01,1837,30,185,224.5,8
2026-09-01,1839,35,128,137.5,16
2026-09-01,5357,66,96,95.0,28
2026-09-01,1838,20,168,99,15
2026-09-01,5232,135,92,102,17
2026-09-01,2050,44,164,154,23
2026-09-01,2610,59,142,92,13
2026-09-01,2052,43,213,142.0,22
2026-09-01,1674,32,184,181.5,20
2026-09-01,7020,19,138,157.0,10
2026-09-01,206,36,148,148,13
2026-09-01,7025,35,80,109.5,10
2026-09-01,1562,15,73,102.5,8
2026-09-01,1423,76,62,64.0,12
2026-09-01,1249,10,90,90,3
2026-09-01,1532,17,104,113.0,8
2026-09-01,1302,16,70,77.0,6
2026-09-01,1318,6,,40,3
2026-09-01,1558,12,74,82.0,6
2026-09-01,1376,27,93,101.5,12
2026-09-01,1565,24,,124,9
2026-09-01,6401,62,82,79.0,12
2026-09-01,1429,48,93,106,15
2026-09-01,1285,24,108,108,7
2026-09-01,1549,18,122,122,7
2026-09-01,1274,19,144,100.0,6
2026-09-01,1550,17,170,143.5,8
2026-09-01,1546,50,120,126.0,14
2026-09-01,5759,81,156,220.0,24
2026-09-01,7320,75,89,89,17
2026-09-01,6292,108,45,70.0,16
2026-09-01,7067,51,57,67,7
2026-09-01,5791,56,102,112,23
2026-09-01,6242,156,79,99,15
2026-09-01,1861,66,92,90,23
2026-09-01,6345,475,62,79.5,26
2026-09-01,1685,46,66,94,15
2026-09-01,1939,38,71,58.5,16
2026-09-01,2236,31,282,192,15
2026-09-01,1031,78,42,78,17
2026-09-01,1201,104,70,92,15
2026-09-01,5301,130,92,92,17
2026-09-01,6108,33,99,106,13
2026-09-01,6228,91,60,37,19
2026-09-01,6281,100,54,36.5,22
2026-09-01,6498,570,70,70,11
2026-09-01,6668,27,88,128,9
2026-09-01,6673,76,58,71,9
2026-09-01,1230,12,126,178,9
2026-09-01,2521,90,112,125.0,16
2026-09-01,5249,51,116,116,11
2026-09-01,1574,55,289,292.0,22
2026-09-01,1575,62,182,179.0,14
2026-09-01,2524,73,182,114.0,20
2026-09-01,5605,375,142,119,15
2026-09-01,5814,92,50,76,17
2026-09-01,5815,81,51,82.0,12
2026-09-01,5816,59,54,63.5,8
2026-09-01,5819,44,30,30,7
2026-09-01,5823,40,65,65,9
2026-09-01,5829,38,104,119,17
2026-09-01,5859,37,83,128.5,14
2026-09-01,5860,19,91,205.0,10
2026-09-01,6375,49,67,68.5,12
2026-09-01,2140,24,82,178,11
2026-09-01,2141,55,94,134.0,24
2026-09-01,2144,47,119,143.5,26
2026-09-01,2284,53,96,100,27
2026-09-01,2408,29,104,116,11
2026-09-01,2526,48,129,100.5,22
2026-09-01,6007,41,106,114,17
2026-09-01,6351,36,172,189,9
2026-09-01,2184,10,79,47,7
2026-09-01,6759,90,80,80,15
2026-09-01,6430,78,74,102,13
2026-09-01,5262,47,80,106,21
2026-09-01,1229,49,146,156,23
2026-09-01,1244,11,167,151,9
2026-09-01,1502,24,164,162.0,10
2026-09-01,1174,11,87,70.5,6
2026-09-01,1238,37,98,105.5,10
2026-09-01,1267,27,78,76,9
2026-09-01,1742,9,,69.0,4
2026-09-01,1749,7,110,129.5,4
2026-09-01,1944,17,63,62,7
2026-09-01,1082,108,106,106,11
2026-09-01,6115,54,55,91,15
2026-09-01,7383,38,96,96,5
2026-09-01,7646,4,,151,1
2026-09-01,2080,68,86,113,11
2026-09-01,5733,53,82,132,23
2026-09-01,5765,63,122,129.0,16
2026-09-01,7035,20,,51.5,4
2026-09-01,1215,20,116,114.0,12
2026-09-01,1786,10,123,123,5
2026-09-01,1793,19,92,131.0,10
2026-09-01,5574,35,134,84.0,14
2026-09-01,6824,21,110,110,5
2026-09-01,1475,49,86,88.0,12
2026-09-01,1477,58,72,72,13
2026-09-01,1478,48,92,99.0,8
2026-09-01,1486,44,113,115.5,14
2026-09-01,1492,52,80,164,11
2026-09-01,1503,66,84,97.0,14
2026-09-01,1505,49,94,104.5,14
2026-09-01,1507,105,114,114,15
2026-09-01,1508,21,,126,9
2026-09-01,5474,43,90,118,17
2026-09-01,5742,38,72,73.5,12
2026-09-01,5801,25,116,210,11
2026-09-01,5894,1375,63,42.5,32
2026-09-01,6095,68,98,111,15
2026-09-01,6186,204,68,78.5,18
2026-09-01,6445,440,54,64,13
2026-09-01,6452,205,67,88.0,14
2026-09-01,7462,18,69,141.0,6
2026-09-01,7463,62,61,75,9
2026-09-01,7464,42,,35.5,6
2026-09-01,7465,112,66,66,9
2026-09-01,7466,136,100,57,5
2026-09-01,7468,121,72,83.0,8
2026-09-01,2593,59,74,84,15
2026-09-01,2594,66,69,71,13
2026-09-01,2595,82,61,115,11
2026-09-01,5989,61,94,105,13
2026-09-01,5991,54,132,129,5
2026-09-01,5994,37,106,164.0,8
2026-09-01,5996,30,144,156.0,8
2026-09-01,5999,75,111,151,7
2026-09-01,7252,56,37,37,7
2026-09-01,7473,100,49,50.0,14
2026-09-01,7480,10,79,64.5,4
2026-09-01,7481,57,75,108.0,18
2026-09-01,7482,175,37,44,15
2026-09-01,7485,97,46,67.5,8
2026-09-01,7489,71,38,38,13
2026-09-01,7490,33,85,101,9
2026-09-01,7495,32,54,55,11
2026-09-01,1893,41,82,86,15
2026-09-01,2066,63,87,86,21
2026-09-01,5625,74,77,95.5,22
2026-09-01,5753,86,79,97,17
2026-09-01,6868,47,85,67.0,10
2026-09-01,7521,32,93,93,7
2026-09-01,7524,26,102,102,7
2026-09-01,7541,111,155,155.0,24
2026-09-01,7544,292,175,194.0,34
2026-09-01,2096,77,102,136,17
2026-09-01,7685,111,73,66.0,6
2026-09-01,5686,194,79,79,23
2026-09-01,6937,20,106,127.5,10
2026-09-01,6938,62,92,96.0,16
2026-09-01,6940,12,73,138.5,2
2026-09-01,7308,13,104,156.0,6
2026-09-01,2528,26,78,138,13
2026-09-01,1556,20,96,83.0,8
2026-09-01,2032,37,112,144.0,18
2026-09-01,2552,227,96,110.0,14
2026-09-01,2645,8,,154,7
2026-09-01,6100,48,161,194,13
2026-09-01,6396,72,112,125.5,8
2026-09-01,7237,137,58,69.5,14
2026-09-01,7588,46,89,125,7
2026-09-01,5630,628,38,19,21
2026-09-01,5631,226,50,56.0,22
2026-09-01,5662,2,85,151.5,2
2026-09-01,5696,319,56,40.0,18
2026-09-01,5704,82,90,119.0,22
2026-09-01,7680,79,42,50,15
2026-09-01,1969,47,106,106.5,18
2026-09-01,1970,37,102,110.0,20
2026-09-01,1972,65,72,49.0,26
2026-09-01,1993,18,105,105,11
2026-09-01,2002,176,52,90.0,18
2026-09-01,2010,33,88,102.0,14
2026-09-01,2042,55,94,94,23
2026-09-01,2354,20,201,62.0,14
2026-09-01,2355,35,101,113,11
2026-09-01,2358,21,72,90,17
2026-09-01,2480,96,56,72.0,10
2026-09-01,2515,60,76,83.5,22
2026-09-01,5226,270,52,52,15
2026-09-01,5230,960,92,92,15
2026-09-01,5273,304,47,37.0,18
2026-09-01,5274,158,94,56,15
2026-09-01,5278,198,126,68.0,22
2026-09-01,5322,234,82,116,25
2026-09-01,5467,220,70,56,15
2026-09-01,5569,42,58,106,19
2026-09-01,5786,252,86,134,23
2026-09-01,5869,272,65,72,15
2026-09-01,6111,71,73,73.5,14
2026-09-01,6113,61,64,76,19
2026-09-01,6116,23,63,64.5,6
2026-09-01,6118,65,76,28,15
2026-09-01,6398,48,58,76,11
2026-09-01,6406,231,49,62,9
2026-09-01,6447,78,80,80.0,12
2026-09-01,6466,114,34,24.0,12
2026-09-01,6467,104,39,50.5,18
2026-09-01,6543,280,63,76.0,12
2026-09-01,6961,24,108,108,7
2026-09-01,6962,49,100,68,11
2026-09-01,7128,90,84,48,11
2026-09-01,7131,44,106,112,17
2026-09-01,7134,117,46,53,17
2026-09-01,7314,109,61,65.5,16
2026-09-01,2633,41,110,110,13
2026-09-01,5323,44,98,110,9
2026-09-01,6968,73,64,86.5,12
2026-09-01,2361,24,113,121,15
2026-09-01,1985,60,82,102,19
2026-09-01,1987,24,130,74.0,8
2026-09-01,1999,185,82,146.0,10
2026-09-01,2003,77,72,77.0,8
2026-09-01,2008,53,58,102,21
2026-09-01,2362,73,48,52,31
2026-09-01,5374,37,98,104,23
2026-09-01,5376,25,83,84.0,14
2026-09-01,5564,30,79,91.0,14
2026-09-01,5653,102,53,47,19
2026-09-01,5658,57,76,89,23
2026-09-01,5752,118,56,148,19
2026-09-01,6126,48,74,79.0,10
2026-09-01,6151,139,62,64.0,22
2026-09-01,6540,53,100,118,9
2026-09-01,7002,2,70,72.0,2
2026-09-01,1153,69,126,93.0,10
2026-09-01,1902,21,118,70.0,8
2026-09-01,860,104,80,36.0,18
2026-09-01,832,47,92,119,11
2026-09-01,824,12,86,63.5,6
2026-09-01,695,23,80,80,11
2026-09-01,931,95,77,90.0,12
2026-09-01,828,51,90,91.0,20
2026-09-01,842,27,126,71.0,12
2026-09-01,734,94,88,88,25
2026-09-01,790,16,93,122.0,12
2026-09-01,630,45,48,57.0,12
2026-09-01,627,43,68,100.0,6
2026-09-01,6957,1,,93,1
2026-09-01,7641,0,,,0
2026-09-01,7201,0,,,0
2026-09-01,124,18,383,334.0,8
2026-09-01,7640,0,,,0
2026-09-01,893,63,104,120,9
2026-09-01,533,29,111,112.0,12
2026-09-01,922,115,102,107,11
2026-09-01,637,152,72,56,17
2026-09-01,743,152,56,56,23
2026-09-01,526,40,,156,13
2026-09-01,5790,0,,,0
2026-09-01,5838,0,,,0
2026-09-01,6986,0,,,0
2026-09-01,909,25,96,102,11
2026-09-01,773,35,96,96,9
2026-09-01,903,16,115,117.0,6
2026-09-01,198,52,115,116.5,10
2026-09-01,796,45,88,88,13
2026-09-01,852,109,96,91.5,16
2026-09-01,708,58,114,114.0,16
2026-09-01,821,215,86,77.0,52
2026-09-01,713,130,88,114,43
2026-09-01,758,52,100,104,23
2026-09-01,744,231,104,79.0,28
2026-09-01,789,24,54,74,9
2026-09-01,724,37,114,114,13
2026-09-01,723,31,116,146.5,14
2026-09-01,768,76,90,90,15
2026-09-01,825,76,82,107.0,24
2026-09-01,802,146,92,74,25
2026-09-01,799,341,62,98,19
2026-09-01,771,67,64,70,13
2026-09-01,6206,0,,,0
2026-09-01,6049,0,,,0
2026-09-01,449,0,,,0
2026-09-01,775,41,172,114,9
2026-09-01,830,107,106,120,13
2026-09-01,838,188,138,94.0,50
2026-09-01,862,21,122,104,5
2026-09-01,692,350,58,52,27
2026-09-01,629,50,88,102.0,14
2026-09-01,625,183,82,111.5,8
2026-09-01,65,33,192,271,21
2026-09-01,214,45,238,260,21
2026-09-01,229,27,228,255.0,8
2026-09-01,268,14,211,211,9
2026-09-01,371,0,,,0
2026-09-01,410,22,136,96,7
2026-09-01,476,24,110,127,9
2026-09-01,479,42,139,139,5
2026-09-01,519,55,86,86,7
2026-09-01,626,66,112,175.0,12
2026-09-01,672,237,48,75.0,30
2026-09-01,677,339,48,34,29
2026-09-01,678,149,96,96,15
2026-09-01,685,117,70,80,13
2026-09-01,694,38,82,73.0,14
2026-09-01,697,219,54,54,21
2026-09-01,703,53,70,88.0,10
2026-09-01,705,47,92,97.0,10
2026-09-01,714,130,68,46.0,16
2026-09-01,735,34,82,115.0,10
2026-09-01,736,101,64,32,9
2026-09-01,741,177,96,70.0,16
2026-09-01,753,61,62,124,9
2026-09-01,769,122,40,50.5,18
2026-09-01,770,43,74,88,13
2026-09-01,798,67,86,99.0,10
2026-09-01,831,50,56,62.0,16
2026-09-01,836,262,86,80,25
2026-09-01,846,41,82,96.0,10
2026-09-01,870,39,64,96,19
