date,store_id,units_avail,cheapest_10x10,median_price,listings
2026-07-09,607,27,76,113,9
2026-07-09,584,21,129,91,5
2026-07-09,6137,91,78,100,13
2026-07-09,810,17,114,115.5,10
2026-07-09,337,28,93,56,11
2026-07-09,343,24,115,67,7
2026-07-09,332,23,110,83.5,8
2026-07-09,345,42,72,89,11
2026-07-09,558,37,95,134,13
2026-07-09,346,30,88,84.5,10
2026-07-09,6169,69,89,90.0,18
2026-07-09,571,17,114,96.0,8
2026-07-09,327,28,107,102.0,14
2026-07-09,5465,17,102,119.0,12
2026-07-09,5892,46,82,58,15
2026-07-09,5789,124,49,52.5,12
2026-07-09,6530,24,113,87.5,8
2026-07-09,717,36,76,76,15
2026-07-09,297,86,23,25.0,14
2026-07-09,5469,57,57,80.0,16
2026-07-09,998,111,46,47.5,14
2026-07-09,6292,101,47,76.5,14
2026-07-09,823,71,40,42.0,6
2026-07-09,956,48,49,50,9
2026-07-09,2651,16,125,134.0,12
2026-07-09,5771,51,104,104,13
2026-07-09,6207,235,31,33,29
2026-07-09,350,87,37,44,9
2026-07-09,353,57,29,32.5,10
2026-07-09,6346,56,53,105,7
2026-07-09,635,22,40,68,5
2026-07-09,6234,78,34,46.0,14
2026-07-09,5470,83,22,57.5,22
2026-07-09,5466,26,79,83.5,8
2026-07-09,574,23,94,84,9
2026-07-09,559,36,90,105,7
2026-07-09,565,44,77,119,7
2026-07-09,6463,270,53,53,3
2026-07-09,6175,30,92,119.5,4
2026-07-09,5792,62,52,67.5,10
2026-07-09,6174,101,44,52,7
2026-07-09,6072,41,66,83,13
2026-07-09,6193,103,46,46,5
2026-07-09,6076,72,114,116.5,12
2026-07-09,6288,326,54,82,29
2026-07-09,1684,38,102,111,15
2026-07-09,6248,96,63,63,9
2026-07-09,6448,252,54,47.5,10
2026-07-09,6484,117,68,61.0,12
2026-07-09,2289,55,74,90,13
2026-07-09,1235,90,84,86.0,22
2026-07-09,6243,83,50,58,11
2026-07-09,887,49,99,116.0,14
2026-07-09,5734,109,72,66,11
2026-07-09,6246,189,66,78.0,14
2026-07-09,5476,36,119,119,17
2026-07-09,850,45,77,81,17
2026-07-09,6079,37,104,115.0,14
2026-07-09,1676,41,176,180.5,14
2026-07-09,6339,335,83,81.0,14
2026-07-09,1683,25,70,132,15
2026-07-09,2036,548,65,78.0,30
2026-07-09,2642,51,88,145,9
2026-07-09,6080,67,119,129.0,16
2026-07-09,2278,24,92,128,9
2026-07-09,2508,39,106,51.0,12
2026-07-09,5839,37,108,98.5,14
2026-07-09,1862,84,91,105.0,18
2026-07-09,6249,202,58,87,13
2026-07-09,6247,133,65,84.5,14
2026-07-09,5441,74,85,68,29
2026-07-09,1859,63,100,62.0,18
2026-07-09,893,82,84,90,9
2026-07-09,5501,55,123,126,25
2026-07-09,2022,43,80,101,15
2026-07-09,6078,96,85,109.0,18
2026-07-09,5407,48,94,95.0,12
2026-07-09,6166,71,91,99,7
2026-07-09,6136,161,94,130,15
2026-07-09,1686,25,116,141,13
2026-07-09,1236,63,73,73,7
2026-07-09,1681,40,99,103,21
2026-07-09,5840,63,138,159,17
2026-07-09,6235,48,146,160,15
2026-07-09,915,76,93,65.5,16
2026-07-09,1860,74,93,97.5,12
2026-07-09,2018,54,95,69.0,10
2026-07-09,5442,46,99,99.0,16
2026-07-09,1100,28,172,163.5,8
2026-07-09,6244,136,65,59.0,12
2026-07-09,5475,20,125,136,11
2026-07-09,1858,32,146,180.0,8
2026-07-09,827,24,95,158.5,10
2026-07-09,2021,36,122,111,17
2026-07-09,6345,466,49,66,21
2026-07-09,5319,33,99,110.0,12
2026-07-09,1679,27,114,84.0,10
2026-07-09,1861,54,99,122,13
2026-07-09,5886,47,108,163,9
2026-07-09,5345,48,106,130.5,22
2026-07-09,6220,112,78,98,13
2026-07-09,6413,433,74,102,17
2026-07-09,2503,74,82,121,17
2026-07-09,2496,68,87,87,9
2026-07-09,6545,165,60,123,13
2026-07-09,5549,20,119,152,11
2026-07-09,1072,24,110,117.5,10
2026-07-09,5366,22,150,134.0,12
2026-07-09,1678,12,,63,9
2026-07-09,909,45,94,112.5,16
2026-07-09,1682,19,159,159,11
2026-07-09,6245,66,106,169,7
2026-07-09,6318,108,50,92.0,10
2026-07-09,1010,37,119,105.5,10
2026-07-09,1034,49,46,64,11
2026-07-09,1685,28,64,75.5,12
2026-07-09,1939,31,66,66,11
2026-07-09,386,33,251,229.0,12
2026-07-09,6251,58,176,143.0,16
2026-07-09,230,20,225,130.0,12
2026-07-09,215,28,205,153,15
2026-07-09,224,15,227,261.5,6
2026-07-09,364,39,221,221.0,8
2026-07-09,373,31,139,151.0,14
2026-07-09,202,22,237,229,21
2026-07-09,1712,24,307,323.0,10
2026-07-09,396,25,398,409.0,12
2026-07-09,2210,26,217,217,9
2026-07-09,38,43,210,221.5,10
2026-07-09,33,33,293,297.0,10
2026-07-09,52,15,323,191.0,12
2026-07-09,2221,57,264,280.5,32
2026-07-09,27,29,262,246.5,8
2026-07-09,73,37,255,246,15
2026-07-09,45,25,217,150,13
2026-07-09,40,52,307,307,19
2026-07-09,2207,43,194,184.5,14
2026-07-09,1704,49,163,225,27
2026-07-09,2055,28,344,302,13
2026-07-09,1705,40,169,161.5,24
2026-07-09,98,39,166,187.5,12
2026-07-09,252,27,114,150.5,10
2026-07-09,2436,54,155,156,19
2026-07-09,254,31,163,212,9
2026-07-09,2056,21,,321.5,10
2026-07-09,125,26,172,194.0,12
2026-07-09,242,53,190,158,19
2026-07-09,326,48,169,226.0,14
2026-07-09,5898,83,161,214.5,16
2026-07-09,111,51,241,252.5,6
2026-07-09,1696,25,228,198.0,16
2026-07-09,293,42,195,214,11
2026-07-09,2212,40,167,200.5,16
2026-07-09,5480,30,206,124.5,12
2026-07-09,331,37,193,122,11
2026-07-09,146,21,179,186,9
2026-07-09,69,38,197,163.0,8
2026-07-09,330,18,192,192,7
2026-07-09,1940,26,145,145,15
2026-07-09,6253,31,152,181.0,10
2026-07-09,1708,16,,158.5,6
2026-07-09,1636,58,127,145.5,22
2026-07-09,59,18,249,213,7
2026-07-09,6254,84,166,96,11
2026-07-09,443,37,146,147,11
2026-07-09,149,36,158,158.0,12
2026-07-09,321,115,138,143.5,16
2026-07-09,284,22,230,249.0,10
2026-07-09,76,9,391,442.0,6
2026-07-09,82,24,501,179,17
2026-07-09,136,42,227,124.0,10
2026-07-09,141,15,213,210.0,10
2026-07-09,281,39,147,144.5,10
2026-07-09,2216,22,259,149.5,10
2026-07-09,75,15,,128,7
2026-07-09,72,25,223,230.5,10
2026-07-09,14,15,307,247.5,8
2026-07-09,2202,52,190,190,13
2026-07-09,219,40,200,200,13
2026-07-09,2232,25,233,228.5,8
2026-07-09,362,32,194,138.5,18
2026-07-09,5400,150,208,252.0,16
2026-07-09,221,49,223,158.5,14
2026-07-09,446,35,297,297,5
2026-07-09,302,22,247,195,7
2026-07-09,5899,137,103,101.0,14
2026-07-09,273,18,235,235,9
2026-07-09,5900,37,189,236,17
2026-07-09,32,25,288,288,7
2026-07-09,286,25,,196.5,6
2026-07-09,6314,621,137,155.5,10
2026-07-09,152,32,150,140.5,16
2026-07-09,295,47,194,242,9
2026-07-09,285,86,153,158.5,20
2026-07-09,6178,119,172,230.5,20
2026-07-09,2059,27,183,191,17
2026-07-09,36,18,233,289,5
2026-07-09,287,39,214,117,9
2026-07-09,94,29,222,243,9
2026-07-09,30,38,198,126.5,10
2026-07-09,188,48,246,283,21
2026-07-09,359,19,235,197.5,6
2026-07-09,368,19,263,243.0,6
2026-07-09,398,60,267,282.5,24
2026-07-09,204,21,315,324.5,12
2026-07-09,270,14,213,259,9
2026-07-09,272,23,221,232,9
2026-07-09,351,370,301,238,27
2026-07-09,376,26,266,202,11
2026-07-09,1865,21,336,322.0,12
2026-07-09,2235,82,248,252,29
2026-07-09,1688,21,188,157.5,14
2026-07-09,197,20,214,341,5
2026-07-09,388,9,,313,5
2026-07-09,1517,35,142,167.0,10
2026-07-09,5,19,371,376.5,12
2026-07-09,3,35,342,195,17
2026-07-09,7,21,400,231.0,10
2026-07-09,4,37,392,335.0,16
2026-07-09,2321,30,489,347.5,14
2026-07-09,1689,24,416,253,13
2026-07-09,2058,17,284,373.0,12
2026-07-09,28,19,529,499.0,10
2026-07-09,305,60,320,293,21
2026-07-09,121,15,276,317.0,12
2026-07-09,2209,34,131,53.5,10
2026-07-09,2208,57,123,110.5,20
2026-07-09,283,22,137,137,5
2026-07-09,2215,52,121,98.5,12
2026-07-09,19,50,155,180,21
2026-07-09,370,83,119,108.0,8
2026-07-09,2532,70,169,176.5,14
2026-07-09,2230,25,110,151.0,14
2026-07-09,5485,36,155,188,17
2026-07-09,1695,33,268,184,19
2026-07-09,299,19,199,304,11
2026-07-09,1864,136,178,178,31
2026-07-09,296,36,161,166.0,18
2026-07-09,292,56,136,181,21
2026-07-09,212,24,120,131.0,6
2026-07-09,300,22,140,140,13
2026-07-09,263,434,153,153,15
2026-07-09,2173,32,273,166.0,14
2026-07-09,2518,72,302,369,17
2026-07-09,1,56,251,251,21
2026-07-09,5862,212,170,170,21
2026-07-09,15,66,234,165.5,14
2026-07-09,70,60,296,296.5,12
2026-07-09,2229,52,246,242.0,12
2026-07-09,241,22,334,296.5,10
2026-07-09,207,107,231,232.5,14
2026-07-09,61,33,192,195.5,10
2026-07-09,164,17,347,347,9
2026-07-09,366,30,252,264,9
2026-07-09,354,32,357,196.5,8
2026-07-09,1867,39,183,157.0,18
2026-07-09,140,13,303,303,9
2026-07-09,2060,26,304,284.0,14
2026-07-09,308,58,188,189.5,12
2026-07-09,2211,205,207,207,19
2026-07-09,2222,13,352,352,5
2026-07-09,23,65,203,213,25
2026-07-09,64,35,253,175,13
2026-07-09,158,70,232,214,27
2026-07-09,86,22,177,260.5,10
2026-07-09,90,91,198,143.0,20
2026-07-09,306,8,320,258,5
2026-07-09,304,42,221,284,17
2026-07-09,311,15,277,460,5
2026-07-09,340,12,292,128.5,6
2026-07-09,179,33,196,205.0,12
2026-07-09,1706,29,244,188,23
2026-07-09,6261,16,189,154,7
2026-07-09,378,34,251,239.5,20
2026-07-09,320,49,216,265,21
2026-07-09,1707,34,193,179.0,12
2026-07-09,2192,47,175,208,21
2026-07-09,1582,48,150,187,19
2026-07-09,5566,31,130,168.0,10
2026-07-09,6308,85,121,135.0,18
2026-07-09,1693,21,212,206.5,14
2026-07-09,5590,54,146,144,23
2026-07-09,159,48,233,315.5,12
2026-07-09,5383,46,179,244.0,18
2026-07-09,1664,35,201,201,17
2026-07-09,2189,38,250,263.0,20
2026-07-09,325,49,126,145.5,10
2026-07-09,397,66,101,134.5,8
2026-07-09,186,73,85,116.0,16
2026-07-09,228,30,102,118,11
2026-07-09,157,58,89,96,17
2026-07-09,339,37,101,163.0,10
2026-07-09,6464,592,60,67.0,10
2026-07-09,153,49,101,106.0,14
2026-07-09,444,32,114,151.5,14
2026-07-09,342,42,92,133,11
2026-07-09,96,42,212,199,9
2026-07-09,54,13,299,299,7
2026-07-09,2253,53,200,200,17
2026-07-09,43,13,292,233.0,4
2026-07-09,312,30,244,156,9
2026-07-09,2255,28,253,158,13
2026-07-09,245,39,248,300,7
2026-07-09,5220,71,219,219,19
2026-07-09,42,36,280,241,13
2026-07-09,46,41,356,356,7
2026-07-09,1698,20,170,180,11
2026-07-09,1512,44,170,180.0,14
2026-07-09,155,14,173,179.0,8
2026-07-09,1702,30,137,145.0,14
2026-07-09,160,14,207,122.5,10
2026-07-09,5565,106,133,163,21
2026-07-09,438,32,127,142.0,10
2026-07-09,380,19,202,173.5,6
2026-07-09,307,33,142,142,13
2026-07-09,275,56,141,144.0,14
2026-07-09,145,34,263,275,11
2026-07-09,2062,12,331,331,11
2026-07-09,18,60,193,168,11
2026-07-09,240,36,205,199.0,10
2026-07-09,2167,24,239,239.0,12
2026-07-09,226,51,235,208,13
2026-07-09,216,44,224,230.5,16
2026-07-09,237,88,186,203,21
2026-07-09,5382,39,223,228.5,18
2026-07-09,5799,21,165,216,9
2026-07-09,223,64,181,193.5,18
2026-07-09,48,45,192,219,13
2026-07-09,2057,25,215,235.5,12
2026-07-09,217,11,,94,5
2026-07-09,180,55,106,119,9
2026-07-09,211,36,106,106,11
2026-07-09,358,65,109,111,23
2026-07-09,2272,37,139,159.5,20
2026-07-09,195,20,,180.5,8
2026-07-09,6241,553,168,168,19
2026-07-09,24,56,195,203.5,8
2026-07-09,92,28,247,261,11
2026-07-09,58,14,270,191,7
2026-07-09,256,48,241,270,23
2026-07-09,317,24,170,170,7
2026-07-09,6259,85,149,149,11
2026-07-09,303,70,170,177,15
2026-07-09,395,42,211,212,19
2026-07-09,1937,18,170,185.5,10
2026-07-09,384,23,168,164.5,14
2026-07-09,2536,56,138,138,15
2026-07-09,137,39,163,82,9
2026-07-09,445,38,204,164.0,16
2026-07-09,6255,26,363,291.0,10
2026-07-09,387,8,360,254,5
2026-07-09,448,26,306,297,9
2026-07-09,168,24,135,128,13
2026-07-09,393,22,394,208,13
2026-07-09,184,40,258,161.5,18
2026-07-09,247,32,253,307,19
2026-07-09,112,16,238,182.5,6
2026-07-09,235,27,259,280,13
2026-07-09,63,22,230,230,9
2026-07-09,2053,14,299,249.0,10
2026-07-09,20,53,202,241.0,12
2026-07-09,248,33,176,198,13
2026-07-09,135,22,175,217.0,8
2026-07-09,2560,132,193,204.5,22
2026-07-09,2054,24,213,213,11
2026-07-09,6,50,348,301.0,18
2026-07-09,11,33,297,297,9
2026-07-09,2214,10,518,355.5,6
2026-07-09,1692,25,325,331,17
2026-07-09,5836,110,246,249,21
2026-07-09,363,20,388,388,7
2026-07-09,2500,22,171,195.5,10
2026-07-09,1687,62,220,253,21
2026-07-09,379,9,218,301,5
2026-07-09,403,12,183,241,7
2026-07-09,233,27,218,251.0,6
2026-07-09,143,30,194,287,11
2026-07-09,6250,84,284,233.0,4
2026-07-09,349,30,261,275,11
2026-07-09,357,33,240,328,17
2026-07-09,1697,34,265,223,13
2026-07-09,151,10,173,173,5
2026-07-09,193,30,129,142.5,8
2026-07-09,1700,37,197,197,11
2026-07-09,365,47,95,105.0,20
2026-07-09,253,53,110,95.0,10
2026-07-09,338,48,141,116.0,8
2026-07-09,1713,22,109,123.0,16
2026-07-09,177,30,128,104,9
2026-07-09,390,45,74,92,11
2026-07-09,400,15,,88.5,6
2026-07-09,280,18,436,425,7
2026-07-09,394,12,,337.0,8
2026-07-09,1710,28,264,319.0,18
2026-07-09,2206,26,145,147.0,8
2026-07-09,2205,42,186,112,17
2026-07-09,2220,56,142,142,15
2026-07-09,2231,22,188,165.5,10
2026-07-09,315,21,281,147,7
2026-07-09,1651,49,182,197.0,14
2026-07-09,213,30,223,158,11
2026-07-09,277,28,232,166,13
2026-07-09,26,29,175,182.5,10
2026-07-09,189,18,270,88.0,8
2026-07-09,316,15,194,84.0,6
2026-07-09,210,45,143,143,11
2026-07-09,6258,64,106,82,17
2026-07-09,181,812,90,55,23
2026-07-09,372,11,233,151.5,4
2026-07-09,392,15,125,213.0,4
2026-07-09,377,23,221,268,11
2026-07-09,360,20,265,273.5,10
2026-07-09,161,7,298,259.0,4
2026-07-09,1868,7,272,205.5,6
2026-07-09,375,6,,248,5
2026-07-09,2567,55,159,159,15
2026-07-09,1690,54,136,160,23
2026-07-09,222,33,171,171,7
2026-07-09,100,35,198,290.0,12
2026-07-09,246,28,163,145,15
2026-07-09,1866,30,216,242.0,18
2026-07-09,97,58,275,274.0,18
2026-07-09,139,21,301,237.0,12
2026-07-09,171,41,245,245.5,20
2026-07-09,2430,69,282,210.5,20
2026-07-09,47,46,305,326.0,20
2026-07-09,2227,20,,223.5,8
2026-07-09,185,28,297,282.0,10
2026-07-09,264,19,248,221.0,8
2026-07-09,5481,30,321,350,15
2026-07-09,6236,440,47,36.5,12
2026-07-09,1514,28,95,95,15
2026-07-09,367,22,158,161.0,10
2026-07-09,1231,43,180,206.0,16
2026-07-09,6262,144,109,125.5,8
2026-07-09,209,38,124,87,15
2026-07-09,329,33,96,90,7
2026-07-09,6173,49,214,214,7
2026-07-09,301,24,114,122.5,10
2026-07-09,6260,200,93,117,19
2026-07-09,314,28,90,91.0,14
2026-07-09,6416,87,146,177.0,8
2026-07-09,2237,36,94,120.5,10
2026-07-09,278,29,248,102.5,8
2026-07-09,220,32,206,214.0,16
2026-07-09,1694,40,195,174.0,20
2026-07-09,93,23,197,217.0,8
2026-07-09,127,31,331,309.5,8
2026-07-09,78,24,296,96,9
2026-07-09,165,20,209,209,9
2026-07-09,274,25,144,151,9
2026-07-09,1699,21,150,150,9
2026-07-09,451,14,152,228,7
2026-07-09,282,20,196,196,5
2026-07-09,192,28,221,221,7
2026-07-09,279,92,193,291.5,12
2026-07-09,383,23,143,128.5,12
2026-07-09,1863,45,177,184,17
2026-07-09,257,40,177,177,7
2026-07-09,62,21,,110,7
2026-07-09,66,39,290,348.5,20
2026-07-09,71,39,244,271,11
2026-07-09,79,37,289,282.5,10
2026-07-09,17,66,247,247,17
2026-07-09,80,26,253,218,13
2026-07-09,51,21,345,345,5
2026-07-09,87,61,253,204.5,30
2026-07-09,262,16,421,426.5,4
2026-07-09,259,36,338,465,7
2026-07-09,1656,57,280,343.0,24
2026-07-09,2271,52,181,203.0,24
2026-07-09,6422,273,179,207.5,10
2026-07-09,2224,35,201,220,19
2026-07-09,5269,276,196,175.0,16
2026-07-09,25,18,205,249,9
2026-07-09,95,34,227,182.0,4
2026-07-09,232,34,238,320.0,12
2026-07-09,6304,405,276,276,11
2026-07-09,2223,41,354,189.0,18
2026-07-09,218,4,288,292.0,2
2026-07-09,134,23,267,268.0,10
2026-07-09,2627,60,163,144.0,20
2026-07-09,261,14,210,278.5,4
2026-07-09,260,62,164,145,15
2026-07-09,1691,65,174,200,21
2026-07-09,2260,41,176,242,15
2026-07-09,6252,14,354,174.0,8
2026-07-09,1941,39,215,175.0,18
2026-07-09,1709,28,134,134,13
2026-07-09,334,18,138,100,7
2026-07-09,2381,39,279,283.5,10
2026-07-09,2061,12,390,224,9
2026-07-09,2217,23,347,254,13
2026-07-09,89,21,240,219.5,10
2026-07-09,163,23,244,177.5,16
2026-07-09,2023,29,186,196,21
2026-07-09,385,12,192,261.5,8
2026-07-09,77,21,146,195.0,8
2026-07-09,6256,75,95,94.5,8
2026-07-09,6483,253,102,96,7
2026-07-09,2037,34,317,285,23
2026-07-09,2234,86,445,178.5,14
2026-07-09,88,28,190,104,9
2026-07-09,355,13,209,244.0,8
2026-07-09,374,89,131,190.0,16
2026-07-09,352,18,230,183.0,8
2026-07-09,2282,24,199,232,11
2026-07-09,162,20,196,275.5,4
2026-07-09,382,15,196,196,7
2026-07-09,266,49,198,234.5,14
2026-07-09,5228,415,148,170,33
2026-07-09,447,41,125,95,13
2026-07-09,5622,94,144,144,15
2026-07-09,6370,74,89,125.0,8
2026-07-09,1711,63,118,118,13
2026-07-09,335,28,242,186,7
2026-07-09,2257,24,152,154,11
2026-07-09,243,26,169,144,7
2026-07-09,225,33,279,279,5
2026-07-09,5386,170,196,196,23
2026-07-09,142,54,232,244.0,8
2026-07-09,1630,34,209,175.0,6
2026-07-09,2180,171,132,116.5,42
2026-07-09,2185,41,143,144.0,10
2026-07-09,5794,45,104,106,7
2026-07-09,6276,153,87,81.0,8
2026-07-09,6421,24,167,194.0,10
2026-07-09,2225,9,,241,7
2026-07-09,6161,196,190,190,19
2026-07-09,250,42,202,202,9
2026-07-09,1367,37,249,195.0,16
2026-07-09,2270,28,198,211.5,14
2026-07-09,309,18,216,244,5
2026-07-09,5285,45,222,208.0,12
2026-07-09,318,12,223,162.5,6
2026-07-09,150,36,159,152,17
2026-07-09,2287,31,205,231,15
2026-07-09,21,55,175,164,17
2026-07-09,251,49,213,213,19
2026-07-09,255,18,236,236,5
2026-07-09,2218,34,183,166.5,12
2026-07-09,2064,32,115,115,15
2026-07-09,2063,63,127,168,17
2026-07-09,2181,65,126,188.5,12
2026-07-09,227,23,107,138.5,8
2026-07-09,67,31,264,305.5,12
2026-07-09,173,592,277,224,25
2026-07-09,6257,66,181,173.5,14
2026-07-09,128,19,142,149.0,6
2026-07-09,6371,38,134,115.0,10
2026-07-09,341,24,178,193.5,12
2026-07-09,440,41,152,178.0,16
2026-07-09,1703,29,132,125.5,10
2026-07-09,5901,46,90,85.0,12
2026-07-09,347,13,161,161,7
2026-07-09,133,41,122,122,7
2026-07-09,44,58,93,54.0,14
2026-07-09,6332,59,83,87,13
2026-07-09,336,32,128,128,15
2026-07-09,5854,106,87,98,7
2026-07-09,6138,96,86,86.0,6
2026-07-09,333,32,107,141.0,10
2026-07-09,154,71,124,159.5,26
2026-07-09,437,28,239,158,11
2026-07-09,156,27,204,204,5
2026-07-09,238,25,155,180,9
2026-07-09,231,8,239,239,3
2026-07-09,1701,31,201,227.0,14
2026-07-09,174,9,313,265,7
2026-07-09,442,31,220,212,15
2026-07-09,441,18,260,263.5,6
2026-07-09,55,26,224,233,15
2026-07-09,120,50,351,245,19
2026-07-09,49,17,351,351,7
2026-07-09,126,40,318,271.5,14
2026-07-09,249,25,287,253.0,10
2026-07-09,244,57,388,196.0,16
2026-07-09,313,10,116,172,5
2026-07-09,13,34,202,190.5,10
2026-07-09,2,32,328,260.0,12
2026-07-09,12,47,349,234.5,16
2026-07-09,8,26,381,237,9
2026-07-09,2228,22,448,186.5,6
2026-07-09,6156,112,98,113.0,16
2026-07-09,837,31,123,204,7
2026-07-09,6538,50,93,116.5,8
2026-07-09,6461,282,66,81,13
2026-07-09,746,23,139,168,9
2026-07-09,5250,39,136,82,15
2026-07-09,1160,28,123,123,7
2026-07-09,919,10,190,149.0,6
2026-07-09,784,12,136,258,7
2026-07-09,2523,142,112,34.0,18
2026-07-09,895,13,140,140,7
2026-07-09,1055,54,113,125.0,14
2026-07-09,5426,31,92,92,13
2026-07-09,977,74,95,95.0,24
2026-07-09,1230,14,99,110.5,6
2026-07-09,2521,101,113,134.0,16
2026-07-09,6539,42,80,87,11
2026-07-09,6097,28,130,178,9
2026-07-09,5249,51,112,118,11
2026-07-09,680,15,122,104.0,8
2026-07-09,6226,41,122,134,11
2026-07-09,6516,45,112,118.0,8
2026-07-09,1188,42,143,69,7
2026-07-09,6240,113,77,137,15
2026-07-09,6347,8,109,109.0,4
2026-07-09,6372,71,108,122.0,12
2026-07-09,1246,28,,148.0,12
2026-07-09,6480,136,98,197,9
2026-07-09,6348,14,134,227,5
2026-07-09,6317,45,146,168.0,6
2026-07-09,6316,47,94,94,5
2026-07-09,5762,40,110,159,19
2026-07-09,5577,51,125,131.0,12
2026-07-09,1872,32,124,167.5,18
2026-07-09,988,42,170,170.5,14
2026-07-09,1871,13,181,142.5,8
2026-07-09,1006,88,93,99.5,18
2026-07-09,1382,43,120,116.0,6
2026-07-09,699,24,143,163.5,8
2026-07-09,5236,72,137,137,19
2026-07-09,5424,27,149,125.0,14
2026-07-09,6106,30,197,322,7
2026-07-09,867,33,86,196,9
2026-07-09,2389,41,107,101.0,16
2026-07-09,2522,27,70,99.5,18
2026-07-09,2117,39,80,80,13
2026-07-09,2118,17,131,179,11
2026-07-09,5623,77,114,137.0,16
2026-07-09,2611,149,105,43,23
2026-07-09,1258,92,86,178.0,10
2026-07-09,1671,18,117,136,9
2026-07-09,5342,31,154,162.5,12
2026-07-09,6110,36,107,124,11
2026-07-09,6114,17,88,141,7
2026-07-09,874,39,96,156,7
2026-07-09,5639,68,57,55.5,14
2026-07-09,6112,38,165,106,9
2026-07-09,5640,30,67,54,7
2026-07-09,773,23,87,87,7
2026-07-09,945,9,,26.5,6
2026-07-09,6069,32,65,113.0,6
2026-07-09,1201,89,57,73.0,14
2026-07-09,1019,29,136,97,15
2026-07-09,5227,218,113,88,15
2026-07-09,2387,22,169,77,7
2026-07-09,847,32,127,148,9
2026-07-09,5433,38,123,123,13
2026-07-09,835,20,148,159,7
2026-07-09,879,39,147,154,13
2026-07-09,788,46,110,118,15
2026-07-09,811,96,132,143.0,22
2026-07-09,822,39,126,149,11
2026-07-09,877,39,111,135,11
2026-07-09,766,33,87,117.5,10
2026-07-09,808,27,160,160,7
2026-07-09,6101,13,174,150.0,6
2026-07-09,6103,26,138,149.0,10
2026-07-09,868,13,175,170.0,8
2026-07-09,1715,22,111,115,13
2026-07-09,5265,55,88,79,19
2026-07-09,1056,82,115,67,25
2026-07-09,1167,40,113,198,7
2026-07-09,6105,25,,225.0,8
2026-07-09,1176,34,163,140,13
2026-07-09,700,30,91,106,11
2026-07-09,5413,40,112,77,15
2026-07-09,2388,32,99,99,11
2026-07-09,933,25,109,76,7
2026-07-09,1180,38,98,110.0,22
2026-07-09,2174,33,91,91,13
2026-07-09,5221,210,85,68.0,16
2026-07-09,2573,22,109,146,9
2026-07-09,905,189,142,30,19
2026-07-09,1066,20,105,130,9
2026-07-09,1046,80,76,111,19
2026-07-09,6503,136,71,71,5
2026-07-09,962,41,108,109.0,14
2026-07-09,1084,21,142,149.5,8
2026-07-09,878,31,87,116.0,12
2026-07-09,1644,30,75,94,9
2026-07-09,6477,269,81,110,11
2026-07-09,1186,16,152,158.0,4
2026-07-09,917,35,120,115.0,6
2026-07-09,1154,54,115,126,19
2026-07-09,1239,113,122,116,29
2026-07-09,976,35,135,112.5,14
2026-07-09,1639,24,181,192.5,12
2026-07-09,985,43,155,118,17
2026-07-09,5725,74,166,188,19
2026-07-09,1198,33,183,194.0,14
2026-07-09,2201,68,98,97.5,20
2026-07-09,2182,28,141,193,13
2026-07-09,5486,27,205,205,17
2026-07-09,947,48,71,71,7
2026-07-09,1347,57,88,116.0,16
2026-07-09,890,24,145,116,9
2026-07-09,1191,23,148,148,9
2026-07-09,5938,22,198,198,11
2026-07-09,1948,53,148,161,19
2026-07-09,1193,15,244,244,7
2026-07-09,5381,34,147,147,15
2026-07-09,1381,25,212,217,13
2026-07-09,1279,54,197,132.0,18
2026-07-09,1253,48,146,146,11
2026-07-09,1081,34,271,205.5,10
2026-07-09,1040,55,333,179,9
2026-07-09,2195,8,160,352,5
2026-07-09,1445,25,177,226.0,10
2026-07-09,5509,33,150,163.5,12
2026-07-09,1446,42,226,152.0,16
2026-07-09,5542,75,250,235,17
2026-07-09,1392,43,193,181.5,20
2026-07-09,1432,19,116,123,11
2026-07-09,2464,44,130,140.0,26
2026-07-09,1262,33,142,142,9
2026-07-09,1286,29,118,147.5,6
2026-07-09,1441,39,111,118.0,6
2026-07-09,5409,35,114,112,13
2026-07-09,1667,9,,82,7
2026-07-09,1412,62,118,90,9
2026-07-09,2031,20,74,90,13
2026-07-09,1068,20,145,148.0,4
2026-07-09,6429,44,120,158.5,8
2026-07-09,1800,42,124,126,17
2026-07-09,1966,8,206,163,7
2026-07-09,506,67,73,73,7
2026-07-09,733,57,80,41,15
2026-07-09,732,56,53,53,7
2026-07-09,6017,31,66,91.0,16
2026-07-09,1934,82,87,77,17
2026-07-09,885,47,84,87,17
2026-07-09,2143,27,220,211.5,18
2026-07-09,2146,34,95,132.0,14
2026-07-09,634,15,116,131.5,10
2026-07-09,2540,51,121,136,11
2026-07-09,2537,25,81,81,9
2026-07-09,2137,42,96,61.5,18
2026-07-09,886,133,62,45.5,22
2026-07-09,2283,38,88,125,15
2026-07-09,545,28,91,45.5,12
2026-07-09,2313,99,94,25.5,14
2026-07-09,2254,16,,127.0,10
2026-07-09,5746,49,178,178,17
2026-07-09,754,79,233,116.5,20
2026-07-09,118,16,266,153,7
2026-07-09,542,33,164,199.5,6
2026-07-09,458,30,167,167,7
2026-07-09,5769,67,178,156.5,14
2026-07-09,5852,44,205,91,9
2026-07-09,2448,62,86,124,17
2026-07-09,408,24,179,121,7
2026-07-09,5813,70,52,54,21
2026-07-09,5830,33,54,52.0,8
2026-07-09,5825,16,55,55,3
2026-07-09,5820,130,47,48.0,12
2026-07-09,5824,64,66,84.0,6
2026-07-09,5821,33,55,33,9
2026-07-09,5811,87,24,22,13
2026-07-09,2460,170,38,46,21
2026-07-09,5808,139,43,62,15
2026-07-09,5810,84,43,43,7
2026-07-09,5300,34,250,209,13
2026-07-09,416,29,194,220.0,12
2026-07-09,425,54,154,123.5,18
2026-07-09,2391,52,196,186,19
2026-07-09,2300,18,147,180,9
2026-07-09,2301,43,186,181,13
2026-07-09,2398,46,200,200,17
2026-07-09,1634,22,178,259,15
2026-07-09,5258,29,168,254,15
2026-07-09,417,37,136,114.0,22
2026-07-09,613,78,61,68.5,16
2026-07-09,2444,98,45,51.0,22
2026-07-09,5833,42,177,197.5,12
2026-07-09,5555,30,91,112.0,14
2026-07-09,536,84,79,62,11
2026-07-09,6018,35,94,182,7
2026-07-09,5334,53,95,102.5,20
2026-07-09,2470,135,73,37.5,28
2026-07-09,2447,43,48,65,15
2026-07-09,507,124,32,24.0,10
2026-07-09,2393,37,162,181,9
2026-07-09,2392,22,158,164.5,8
2026-07-09,85,55,105,120.0,30
2026-07-09,433,532,91,89.0,34
2026-07-09,2403,42,122,105,17
2026-07-09,871,195,126,26.0,26
2026-07-09,420,32,173,165.0,12
2026-07-09,2306,34,133,65,19
2026-07-09,2402,26,154,114.5,16
2026-07-09,423,19,140,130,11
2026-07-09,6510,117,40,40,9
2026-07-09,6012,132,60,81.0,22
2026-07-09,34,109,68,68,7
2026-07-09,5844,100,62,75.5,8
2026-07-09,2542,63,70,35.0,20
2026-07-09,6150,273,62,70,21
2026-07-09,2302,68,72,110,19
2026-07-09,6152,31,138,138,13
2026-07-09,6509,629,46,60,13
2026-07-09,2543,84,86,98,21
2026-07-09,474,215,85,45.0,30
2026-07-09,6434,114,110,57,17
2026-07-09,2147,60,92,94.5,20
2026-07-09,473,64,79,80.5,14
2026-07-09,6023,65,65,38.0,18
2026-07-09,1619,103,77,53,17
2026-07-09,6511,683,38,60.5,12
2026-07-09,864,46,116,127.5,6
2026-07-09,5444,32,152,152,17
2026-07-09,6024,219,50,59,23
2026-07-09,6378,42,75,86,11
2026-07-09,2459,49,67,71.5,14
2026-07-09,6377,38,78,36,11
2026-07-09,6290,106,45,80.5,18
2026-07-09,6176,100,44,50,15
2026-07-09,6022,27,36,31.5,8
2026-07-09,6440,673,38,42.5,10
2026-07-09,6403,34,61,67,9
2026-07-09,6476,524,74,92,11
2026-07-09,5443,109,59,59,25
2026-07-09,6179,130,52,58.0,14
2026-07-09,5281,21,84,86,11
2026-07-09,6009,41,82,82,17
2026-07-09,2455,31,73,73.5,10
2026-07-09,701,18,66,87.5,10
2026-07-09,911,31,52,61,7
2026-07-09,6481,48,66,59.0,8
2026-07-09,5756,183,43,33,13
2026-07-09,6343,21,102,102,7
2026-07-09,6291,102,54,63,13
2026-07-09,6423,296,53,30.5,10
2026-07-09,505,85,42,59.0,14
2026-07-09,2446,90,52,60.0,14
2026-07-09,2304,181,53,59.5,24
2026-07-09,5554,85,46,66.5,22
2026-07-09,5398,106,56,50.0,22
2026-07-09,455,29,109,117.0,12
2026-07-09,502,73,46,47.0,14
2026-07-09,2145,22,173,169.0,12
2026-07-09,450,9,,166,5
2026-07-09,199,29,113,115,7
2026-07-09,35,78,97,110.0,20
2026-07-09,518,45,89,100.0,10
2026-07-09,512,80,78,89.0,8
2026-07-09,511,37,108,115,7
2026-07-09,2303,85,87,46.0,20
2026-07-09,29,66,97,112,21
2026-07-09,2155,16,137,167.0,10
2026-07-09,1874,80,165,131.0,14
2026-07-09,493,40,116,125,21
2026-07-09,6488,227,83,85.5,12
2026-07-09,6015,40,107,107.5,14
2026-07-09,6016,79,165,147.5,12
2026-07-09,5877,47,127,143.5,8
2026-07-09,41,32,98,126,17
2026-07-09,1935,26,130,105,9
2026-07-09,6020,65,84,85.5,14
2026-07-09,2405,34,93,53,13
2026-07-09,2456,58,97,105.5,18
2026-07-09,2451,99,72,77.0,16
2026-07-09,2150,28,101,85.5,14
2026-07-09,1717,34,150,201,13
2026-07-09,415,55,82,82,15
2026-07-09,406,191,83,83,21
2026-07-09,2264,51,123,75.0,14
2026-07-09,405,184,145,145.0,18
2026-07-09,2512,56,158,109.5,28
2026-07-09,407,16,239,91,7
2026-07-09,413,478,101,62.0,26
2026-07-09,2394,40,125,174,13
2026-07-09,412,47,109,109,5
2026-07-09,418,96,183,105.5,26
2026-07-09,2395,49,136,134.5,14
2026-07-09,1581,34,190,189.0,20
2026-07-09,499,20,136,141.0,6
2026-07-09,2404,42,186,215.0,16
2026-07-09,1719,51,172,174.0,16
2026-07-09,6199,176,45,70,21
2026-07-09,6215,64,57,47.0,16
2026-07-09,6200,63,93,197.0,14
2026-07-09,6489,296,82,138.0,16
2026-07-09,6320,107,46,55.0,8
2026-07-09,6376,60,80,87,11
2026-07-09,2450,43,75,91.5,16
2026-07-09,2538,46,119,132,15
2026-07-09,2285,62,62,78,19
2026-07-09,6360,71,61,61.5,12
2026-07-09,6362,40,71,78.5,10
2026-07-09,6351,19,140,140,7
2026-07-09,2305,48,97,50.0,16
2026-07-09,2397,40,169,201.0,14
2026-07-09,471,37,158,168.0,8
2026-07-09,399,46,230,61,11
2026-07-09,469,55,157,174,23
2026-07-09,6327,142,178,241.5,18
2026-07-09,488,44,116,171.0,14
2026-07-09,1635,56,185,203.5,22
2026-07-09,391,20,143,143,9
2026-07-09,2396,95,143,182,17
2026-07-09,6328,80,183,266,13
2026-07-09,191,32,85,106,7
2026-07-09,2149,37,95,127,15
2026-07-09,2529,32,109,110.0,10
2026-07-09,6010,110,58,82.0,18
2026-07-09,2148,35,93,88,13
2026-07-09,2445,25,97,100,9
2026-07-09,6014,55,108,120,13
2026-07-09,6202,162,89,118,13
2026-07-09,464,29,94,94.5,12
2026-07-09,2539,36,132,72,19
2026-07-09,1576,38,127,136,15
2026-07-09,1718,38,138,132,11
2026-07-09,2406,41,146,146.0,10
2026-07-09,57,32,186,80,11
2026-07-09,510,38,134,136.0,10
2026-07-09,5315,57,116,125,17
2026-07-09,1606,48,124,131.5,18
2026-07-09,434,57,142,154.5,18
2026-07-09,1573,51,110,110.0,12
2026-07-09,602,42,162,193,11
2026-07-09,531,40,154,174,9
2026-07-09,530,36,171,145.5,6
2026-07-09,6518,129,37,38,13
2026-07-09,6546,722,35,44,13
2026-07-09,5350,46,55,47.5,14
2026-07-09,436,37,56,28.0,10
2026-07-09,5303,38,58,58,13
2026-07-09,6011,43,42,51.5,8
2026-07-09,5472,82,50,72,25
2026-07-09,2472,77,99,107,19
2026-07-09,1518,49,82,68.5,18
2026-07-09,6197,94,63,48.0,20
2026-07-09,2399,32,88,98,15
2026-07-09,774,41,84,47,17
2026-07-09,6277,275,35,30,19
2026-07-09,2242,32,99,57.0,10
2026-07-09,6374,20,140,140,3
2026-07-09,2481,172,117,117,21
2026-07-09,2318,92,67,52.5,10
2026-07-09,896,66,91,96,21
2026-07-09,2413,57,113,121,17
2026-07-09,6433,94,110,87,11
2026-07-09,6008,46,85,94.0,14
2026-07-09,6525,29,142,153.0,8
2026-07-09,6237,81,74,90.0,14
2026-07-09,6402,71,58,62.0,12
2026-07-09,5832,29,79,87.0,10
2026-07-09,2268,52,178,140.0,16
2026-07-09,6289,180,132,68.0,16
2026-07-09,402,35,182,75,7
2026-07-09,1873,117,136,132,21
2026-07-09,480,48,163,116,9
2026-07-09,465,61,101,103,21
2026-07-09,2400,40,128,118,15
2026-07-09,401,177,99,81,25
2026-07-09,6442,219,66,66,9
2026-07-09,573,24,170,170,9
2026-07-09,2151,30,140,170.5,10
2026-07-09,5719,72,162,171.0,16
2026-07-09,5841,80,122,122,15
2026-07-09,494,32,198,168.0,12
2026-07-09,5896,539,113,76.0,20
2026-07-09,534,31,188,212,11
2026-07-09,5440,221,205,117,13
2026-07-09,1466,46,150,148.0,18
2026-07-09,466,44,161,155.0,20
2026-07-09,5402,310,184,191.5,20
2026-07-09,1662,42,169,147.0,16
2026-07-09,498,114,233,96.5,14
2026-07-09,2401,34,124,74,11
2026-07-09,497,48,131,94,13
2026-07-09,1875,119,142,48,25
2026-07-09,432,61,129,75,21
2026-07-09,234,45,92,120.5,12
2026-07-09,2505,143,138,104.0,18
2026-07-09,6353,242,90,90,13
2026-07-09,478,23,221,267.5,8
2026-07-09,483,18,210,221,7
2026-07-09,2632,54,211,121.5,18
2026-07-09,2263,68,167,175.5,18
2026-07-09,2630,88,102,43,9
2026-07-09,2307,36,109,141.0,10
2026-07-09,475,303,106,49,29
2026-07-09,172,23,,151.5,12
2026-07-09,537,88,106,110.0,20
2026-07-09,2316,24,68,70,13
2026-07-09,540,89,80,133,17
2026-07-09,6373,56,123,102.0,10
2026-07-09,456,73,78,90.0,8
2026-07-09,6490,78,98,120,7
2026-07-09,711,86,59,131.5,12
2026-07-09,203,111,61,65.0,6
2026-07-09,468,62,95,101,7
2026-07-09,1043,30,77,91,9
2026-07-09,167,142,52,46.5,18
2026-07-09,122,68,50,128,5
2026-07-09,470,85,53,62,13
2026-07-09,452,42,97,97,7
2026-07-09,1622,52,129,129,7
2026-07-09,6056,28,216,232,11
2026-07-09,5578,35,110,135,11
2026-07-09,201,47,86,105,11
2026-07-09,794,35,68,85,13
2026-07-09,2412,29,106,116.5,14
2026-07-09,553,47,222,254.5,16
2026-07-09,1665,64,182,230,19
2026-07-09,2309,41,230,67.0,12
2026-07-09,2315,129,171,93.0,12
2026-07-09,2314,40,181,175.5,14
2026-07-09,431,23,164,164,7
2026-07-09,2308,19,174,100.5,14
2026-07-09,1876,321,117,117,39
2026-07-09,595,57,147,95,23
2026-07-09,2241,123,129,138.5,30
2026-07-09,2449,41,108,94,9
2026-07-09,6482,559,72,77.0,10
2026-07-09,2141,38,128,101,13
2026-07-09,5219,52,179,115,19
2026-07-09,430,26,184,70,9
2026-07-09,2531,49,71,142.0,12
2026-07-09,6404,30,95,95,15
2026-07-09,6432,684,38,44.0,10
2026-07-09,5736,115,54,52.0,16
2026-07-09,2458,75,83,89,21
2026-07-09,2457,53,98,133,23
2026-07-09,6021,65,74,74,13
2026-07-09,467,76,90,90.5,16
2026-07-09,2152,59,103,67.5,16
2026-07-09,472,120,74,90.5,8
2026-07-09,269,55,78,78,7
2026-07-09,2461,29,129,234.0,16
2026-07-09,1670,84,98,91.5,18
2026-07-09,83,36,122,163,5
2026-07-09,460,32,96,117.5,12
2026-07-09,2158,30,160,200,13
2026-07-09,2410,67,79,59.0,20
2026-07-09,453,53,55,61,9
2026-07-09,6013,54,72,85.0,16
2026-07-09,6019,67,77,73.5,24
2026-07-09,6405,104,86,98,17
2026-07-09,5314,39,225,225,15
2026-07-09,485,26,264,225.5,16
2026-07-09,5316,33,240,159.5,12
2026-07-09,6282,234,154,56,11
2026-07-09,1642,47,337,173,11
2026-07-09,2613,98,281,137.0,20
2026-07-09,509,21,248,255.5,12
2026-07-09,1580,40,215,164,11
2026-07-09,484,2,684,684,1
2026-07-09,1578,35,215,124,13
2026-07-09,481,29,,82.0,18
2026-07-09,5317,20,172,177,13
2026-07-09,2407,33,169,109.0,18
2026-07-09,508,34,176,176,11
2026-07-09,267,46,136,158.0,6
2026-07-09,1579,48,206,209,15
2026-07-09,1663,48,178,198.5,14
2026-07-09,486,5,,67,5
2026-07-09,2431,39,177,225.0,16
2026-07-09,2411,37,213,213,11
2026-07-09,5552,251,57,27,11
2026-07-09,1572,58,238,107,23
2026-07-09,6458,1118,98,98,9
2026-07-09,404,79,,90,9
2026-07-09,2462,40,111,141.0,12
2026-07-09,2317,59,77,56,17
2026-07-09,1189,81,115,115,23
2026-07-09,2631,89,99,104,23
2026-07-09,2154,94,56,69,15
2026-07-09,552,118,51,68,13
2026-07-09,462,42,104,109.5,8
2026-07-09,5827,18,49,49.0,4
2026-07-09,5807,47,68,85,11
2026-07-09,5818,15,51,51,7
2026-07-09,5822,29,43,47.0,12
2026-07-09,5828,17,,41,1
2026-07-09,5826,40,65,65,3
2026-07-09,5809,48,261,151,9
2026-07-09,5817,28,,45.0,6
2026-07-09,2310,291,27,24.0,16
2026-07-09,5816,63,62,66,9
2026-07-09,463,59,93,96,17
2026-07-09,461,43,56,74,11
2026-07-09,183,27,76,76,9
2026-07-09,2156,25,145,134,17
2026-07-09,2159,20,175,241.5,10
2026-07-09,2453,37,99,102.0,16
2026-07-09,454,24,89,111,5
2026-07-09,841,26,103,123.0,8
2026-07-09,756,72,88,95,13
2026-07-09,2312,34,83,143.5,10
2026-07-09,729,71,92,92,9
2026-07-09,409,58,71,54.5,6
2026-07-09,2142,26,,164.5,6
2026-07-09,2409,21,108,119.0,6
2026-07-09,2139,7,,232,3
2026-07-09,2157,24,,175,7
2026-07-09,2454,18,106,125.5,6
2026-07-09,6426,75,92,98,11
2026-07-09,6358,19,107,165,11
2026-07-09,6359,125,61,64,9
2026-07-09,1577,39,172,101,9
2026-07-09,459,54,102,102,21
2026-07-09,482,97,97,128,9
2026-07-09,6361,62,175,187.5,14
2026-07-09,119,43,115,115,5
2026-07-09,6419,324,67,66.0,8
2026-07-09,6485,101,73,90,21
2026-07-09,6357,86,,147.0,8
2026-07-09,6379,32,116,146.0,12
2026-07-09,6045,66,188,102.5,8
2026-07-09,2319,45,169,169,17
2026-07-09,2320,57,114,150.5,16
2026-07-09,429,43,167,185,17
2026-07-09,2414,21,182,107,5
2026-07-09,2415,32,134,145,11
2026-07-09,2065,35,152,166.5,16
2026-07-09,709,12,105,119.5,8
2026-07-09,2541,49,74,90,21
2026-07-09,39,25,82,85,7
2026-07-09,2153,54,66,66,9
2026-07-09,414,55,96,120,19
2026-07-09,6068,55,87,87,11
2026-07-09,513,16,89,117.5,8
2026-07-09,1605,47,56,68,19
2026-07-09,6002,25,76,96.5,10
2026-07-09,601,94,36,44,11
2026-07-09,6005,22,50,37.0,6
2026-07-09,6060,77,88,122.0,10
2026-07-09,2226,28,73,73,11
2026-07-09,1528,40,46,69.5,14
2026-07-09,804,83,77,28.0,18
2026-07-09,2326,26,72,77,11
2026-07-09,792,19,68,68.0,10
2026-07-09,608,28,71,77,11
2026-07-09,659,48,73,80.5,14
2026-07-09,1720,49,38,46.0,14
2026-07-09,2024,35,90,90,13
2026-07-09,1942,15,,103.0,10
2026-07-09,344,26,79,90.5,16
2026-07-09,5576,27,63,59,13
2026-07-09,1668,89,47,55,21
2026-07-09,721,8,,157.5,6
2026-07-09,2290,47,123,130,15
2026-07-09,593,30,145,148.0,12
2026-07-09,6443,626,97,97.5,16
2026-07-09,611,17,150,150,5
2026-07-09,1602,19,142,142,9
2026-07-09,1609,73,86,107,25
2026-07-09,578,18,99,108.5,6
2026-07-09,1962,14,111,209,7
2026-07-09,348,434,79,99.0,24
2026-07-09,5326,49,64,69,17
2026-07-09,6004,61,74,95,13
2026-07-09,569,37,75,75,9
2026-07-09,6232,10,90,50,3
2026-07-09,5435,38,66,74.0,14
2026-07-09,567,24,81,88.5,10
2026-07-09,5624,71,81,84,7
2026-07-09,6223,113,49,80,19
2026-07-09,5325,23,67,83,7
2026-07-09,6233,48,67,67,5
2026-07-09,1527,20,101,110.5,12
2026-07-09,600,23,66,120.0,6
2026-07-09,642,36,88,90.5,8
2026-07-09,671,13,82,69.0,4
2026-07-09,609,17,72,99.0,6
2026-07-09,594,30,101,115.0,6
2026-07-09,5587,27,98,113,15
2026-07-09,5330,92,133,188.0,24
2026-07-09,596,13,103,116.5,10
2026-07-09,1961,18,124,141.5,12
2026-07-09,1726,64,55,55,7
2026-07-09,6331,181,73,105,11
2026-07-09,2421,23,162,77,11
2026-07-09,643,14,69,70,9
2026-07-09,624,30,104,121.5,16
2026-07-09,5575,130,53,26,17
2026-07-09,1728,36,77,79.0,10
2026-07-09,2418,38,93,100,11
2026-07-09,6312,334,56,68.5,10
2026-07-09,1616,24,64,106,11
2026-07-09,6003,59,26,87,11
2026-07-09,2281,32,54,64.5,16
2026-07-09,5468,122,25,18.0,18
2026-07-09,5722,18,73,103,7
2026-07-09,5423,36,73,50,15
2026-07-09,6526,61,80,86.5,12
2026-07-09,5588,48,70,35,13
2026-07-09,2184,21,83,83,9
2026-07-09,5263,35,54,47,11
2026-07-09,1620,29,51,97,9
2026-07-09,2420,27,81,97.5,8
2026-07-09,568,29,91,101,11
2026-07-09,583,109,75,89.5,16
2026-07-09,580,34,67,108,11
2026-07-09,581,29,147,106,7
2026-07-09,2183,36,144,200.0,12
2026-07-09,863,405,53,70,25
2026-07-09,548,138,40,73.0,6
2026-07-09,690,47,86,86.5,12
2026-07-09,668,58,43,42.0,8
2026-07-09,683,53,36,36,9
2026-07-09,1725,28,64,98,5
2026-07-09,6380,55,92,65,9
2026-07-09,6459,52,80,136,7
2026-07-09,6344,305,48,48,7
2026-07-09,1604,16,,104.0,8
2026-07-09,589,28,54,56.5,10
2026-07-09,615,29,60,60,7
2026-07-09,582,32,71,74.0,8
2026-07-09,6430,74,79,123.0,14
2026-07-09,6507,329,35,48.5,14
2026-07-09,323,84,48,27,11
2026-07-09,6435,25,44,44,9
2026-07-09,6497,78,87,94,7
2026-07-09,289,55,102,102,9
2026-07-09,6325,118,60,45.0,6
2026-07-09,5867,102,70,74.5,10
2026-07-09,2025,36,103,103,17
2026-07-09,6508,197,41,44.0,6
2026-07-09,6364,49,60,62.0,12
2026-07-09,665,23,112,131.0,10
2026-07-09,793,47,59,67.5,8
2026-07-09,322,121,70,70,13
2026-07-09,2416,92,33,40,15
2026-07-09,564,124,36,38.0,8
2026-07-09,599,37,58,74,9
2026-07-09,586,16,67,75,11
2026-07-09,645,10,86,86,5
2026-07-09,6057,153,192,204.5,20
2026-07-09,1729,21,79,93.5,10
2026-07-09,2417,40,67,101.5,16
2026-07-09,1730,23,78,53,9
2026-07-09,1727,27,55,74,15
2026-07-09,6153,263,61,44.0,10
2026-07-09,1721,29,102,98.0,14
2026-07-09,2280,54,74,77.5,12
2026-07-09,6001,27,92,53,13
2026-07-09,324,30,80,70.5,8
2026-07-09,6062,135,139,159.0,32
2026-07-09,6418,247,27,27,17
2026-07-09,6132,232,119,144.0,28
2026-07-09,6224,96,119,159.0,20
2026-07-09,597,16,73,83.0,4
2026-07-09,633,19,77,89,13
2026-07-09,603,60,67,55.0,6
2026-07-09,6449,269,39,61.0,8
2026-07-09,6222,40,99,99,23
2026-07-09,6427,69,78,121,5
2026-07-09,5868,30,59,72.5,8
2026-07-09,5866,42,80,101,7
2026-07-09,682,44,52,24,11
2026-07-09,5748,52,102,114.5,12
2026-07-09,6363,38,70,86,7
2026-07-09,5570,69,42,42,5
2026-07-09,551,12,75,75,5
2026-07-09,6365,69,46,40,11
2026-07-09,288,71,35,66.5,12
2026-07-09,554,105,63,98.5,10
2026-07-09,6352,310,50,53,15
2026-07-09,298,57,61,75,13
2026-07-09,1722,41,70,91.0,8
2026-07-09,1724,34,68,84.0,12
2026-07-09,612,37,72,79,9
2026-07-09,598,30,45,52,7
2026-07-09,755,26,65,65,7
2026-07-09,647,39,58,71.0,10
2026-07-09,591,23,73,73,7
2026-07-09,5870,117,129,149,29
2026-07-09,2327,41,94,108,19
2026-07-09,6285,31,113,124.5,12
2026-07-09,2572,57,120,129.5,20
2026-07-09,2328,44,112,146.0,14
2026-07-09,2419,56,82,50.5,12
2026-07-09,880,46,78,120.5,14
2026-07-09,575,45,71,131,21
2026-07-09,2345,18,141,143.0,6
2026-07-09,2544,35,187,187,11
2026-07-09,2342,23,157,165,9
2026-07-09,2343,14,115,143.0,10
2026-07-09,547,11,120,105.0,6
2026-07-09,1603,20,80,78.0,12
2026-07-09,2510,20,142,145.0,14
2026-07-09,6415,4,,289,3
2026-07-09,2329,5,,243,3
2026-07-09,1723,48,71,71,7
2026-07-09,563,40,39,74,7
2026-07-09,577,42,65,81.0,10
2026-07-09,2422,199,36,37.0,18
2026-07-09,2038,29,53,68.5,14
2026-07-09,1296,11,274,500.0,6
2026-07-09,1519,42,244,309.0,14
2026-07-09,2276,30,314,320.5,18
2026-07-09,2233,42,238,259.5,18
2026-07-09,2275,38,293,263.0,18
2026-07-09,6071,47,341,363.0,16
2026-07-09,1298,18,299,299.0,8
2026-07-09,6367,647,218,113.5,10
2026-07-09,2179,46,393,301,17
2026-07-09,1669,63,274,275,21
2026-07-09,1035,24,407,267.0,12
2026-07-09,1335,20,381,381,11
2026-07-09,1422,31,420,245.0,14
2026-07-09,6263,28,560,338,13
2026-07-09,6264,35,440,225,11
2026-07-09,5788,16,138,163.0,4
2026-07-09,5550,64,173,143.0,14
2026-07-09,1078,33,78,99,7
2026-07-09,5362,32,105,126.0,6
2026-07-09,5406,23,99,110.0,8
2026-07-09,6444,179,62,89,9
2026-07-09,5270,39,84,129,17
2026-07-09,5271,82,88,91,19
2026-07-09,5551,30,112,144.0,10
2026-07-09,5491,26,78,105.5,12
2026-07-09,5558,34,115,128,9
2026-07-09,6407,17,130,146,9
2026-07-09,5562,44,99,176,7
2026-07-09,5561,42,112,157.5,10
2026-07-09,6272,67,129,145.5,14
2026-07-09,6408,65,,118,15
2026-07-09,6409,6,,243.5,4
2026-07-09,6410,45,189,206,11
2026-07-09,5557,29,126,135,5
2026-07-09,5560,36,116,113.0,6
2026-07-09,6274,112,96,117.5,14
2026-07-09,6411,57,81,91,9
2026-07-09,6412,122,101,99,15
2026-07-09,5851,82,95,102,11
2026-07-09,6275,66,116,127,13
2026-07-09,5559,24,98,133.5,6
2026-07-09,6322,42,101,125,13
2026-07-09,6273,110,81,166,15
2026-07-09,1877,42,112,139,9
2026-07-09,1016,62,118,118,25
2026-07-09,1022,30,116,88.5,8
2026-07-09,996,39,142,109.0,8
2026-07-09,1590,26,129,218.0,10
2026-07-09,1882,25,154,157.5,8
2026-07-09,1732,31,150,207,11
2026-07-09,1419,30,113,134.0,6
2026-07-09,902,42,146,153,9
2026-07-09,5805,133,110,110,21
2026-07-09,5445,60,131,101,17
2026-07-09,2203,16,103,103,13
2026-07-09,1319,13,156,156,13
2026-07-09,1880,23,174,176.5,6
2026-07-09,1327,19,84,84,7
2026-07-09,1228,29,127,131.5,16
2026-07-09,1195,39,105,77.5,12
2026-07-09,1310,34,102,142.0,6
2026-07-09,5399,39,99,108.0,10
2026-07-09,1194,35,102,98,7
2026-07-09,1357,24,88,88,9
2026-07-09,1311,54,98,113.0,14
2026-07-09,2026,27,141,153,11
2026-07-09,5589,40,89,89.5,12
2026-07-09,1334,19,101,110.5,12
2026-07-09,1009,41,83,71,13
2026-07-09,1091,44,100,100.5,8
2026-07-09,1080,51,68,68,9
2026-07-09,1064,38,87,96.5,10
2026-07-09,1451,9,196,192,7
2026-07-09,1210,37,160,149.5,14
2026-07-09,1350,24,134,86,9
2026-07-09,1329,26,133,150,15
2026-07-09,991,29,155,83,9
2026-07-09,1737,25,165,165,13
2026-07-09,1251,29,121,180,15
2026-07-09,946,52,111,131,13
2026-07-09,939,23,145,184.0,6
2026-07-09,1185,20,96,53.0,6
2026-07-09,1166,17,135,161,5
2026-07-09,1341,42,66,66,11
2026-07-09,1349,48,78,81,15
2026-07-09,1355,14,,159.5,6
2026-07-09,1879,30,112,120.5,6
2026-07-09,925,21,182,88,7
2026-07-09,1184,29,104,104,7
2026-07-09,1731,21,128,169,11
2026-07-09,1232,32,125,125,13
2026-07-09,1181,44,131,142.0,8
2026-07-09,1273,58,137,166,9
2026-07-09,1487,27,132,138.5,16
2026-07-09,1733,32,88,90.5,8
2026-07-09,5908,35,,193.0,8
2026-07-09,1359,33,87,96.0,14
2026-07-09,6381,41,114,123.5,8
2026-07-09,1344,46,126,138,9
2026-07-09,5447,56,101,78.5,18
2026-07-09,1884,24,163,200.0,8
2026-07-09,1400,47,87,96,13
2026-07-09,1322,13,151,155.5,6
2026-07-09,6025,43,127,154,13
2026-07-09,6026,20,102,139,9
2026-07-09,901,49,113,162.5,12
2026-07-09,1645,28,111,129.0,16
2026-07-09,5907,27,,163.0,6
2026-07-09,1943,26,119,183.0,8
2026-07-09,5905,60,64,57.0,12
2026-07-09,2238,16,,75.5,2
2026-07-09,1277,9,122,84,7
2026-07-09,1661,11,144,95,7
2026-07-09,916,36,160,125,13
2026-07-09,1883,34,149,155.0,8
2026-07-09,1259,24,250,248,7
2026-07-09,1878,14,,117.0,6
2026-07-09,6382,18,139,197,7
2026-07-09,974,44,116,105.5,10
2026-07-09,983,21,121,121.5,10
2026-07-09,5909,42,190,206.5,12
2026-07-09,1448,71,95,106.5,12
2026-07-09,1314,37,144,158.0,8
2026-07-09,1502,37,144,154.0,14
2026-07-09,950,30,90,111.0,4
2026-07-09,941,44,86,97.5,26
2026-07-09,2435,39,135,128,17
2026-07-09,1734,7,117,200,5
2026-07-09,1110,34,81,99,17
2026-07-09,1351,27,139,198,9
2026-07-09,2040,17,100,154.0,6
2026-07-09,1433,25,71,89.0,6
2026-07-09,1098,17,146,147.0,8
2026-07-09,2204,21,82,92,11
2026-07-09,1190,15,99,128,11
2026-07-09,1111,13,97,96.0,8
2026-07-09,1881,19,,77,3
2026-07-09,1108,18,140,127.0,14
2026-07-09,1268,29,200,233,11
2026-07-09,1739,13,158,203,11
2026-07-09,1217,4,294,269.5,4
2026-07-09,1443,16,214,140,11
2026-07-09,1308,26,162,161.5,10
2026-07-09,1740,31,166,185.0,22
2026-07-09,1345,46,199,179.5,22
2026-07-09,1326,32,114,160.0,16
2026-07-09,1209,25,162,173.0,14
2026-07-09,1293,19,224,211,11
2026-07-09,1738,32,119,147.5,16
2026-07-09,1290,38,83,74.0,12
2026-07-09,2039,25,124,123.0,12
2026-07-09,1425,26,98,67.0,10
2026-07-09,1250,17,154,154,15
2026-07-09,6504,5,228,236.5,4
2026-07-09,1405,24,145,168.0,12
2026-07-09,1339,51,108,103.5,12
2026-07-09,929,27,127,127,13
2026-07-09,1741,22,126,167,9
2026-07-09,1297,16,104,116,11
2026-07-09,5446,47,121,100,17
2026-07-09,1218,32,143,144.5,18
2026-07-09,6027,59,195,122,9
2026-07-09,979,30,91,75,7
2026-07-09,834,52,107,96,9
2026-07-09,1004,26,134,155.0,12
2026-07-09,856,29,118,116.0,14
2026-07-09,978,65,97,98,19
2026-07-09,1086,27,122,126.5,14
2026-07-09,984,26,150,87,17
2026-07-09,1027,9,125,125,5
2026-07-09,6039,33,140,74,5
2026-07-09,1074,30,91,96,11
2026-07-09,5906,38,77,76.5,14
2026-07-09,1130,22,107,110.0,8
2026-07-09,913,33,137,115.0,18
2026-07-09,5798,56,133,110,19
2026-07-09,1216,16,150,150.5,10
2026-07-09,1275,15,195,204.5,4
2026-07-09,1234,27,132,152,19
2026-07-09,1197,9,,122,7
2026-07-09,1735,20,121,157.0,12
2026-07-09,1287,15,129,137,9
2026-07-09,1316,21,163,97,13
2026-07-09,1223,13,,103,7
2026-07-09,5401,14,136,140.5,6
2026-07-09,1229,22,212,212,9
2026-07-09,1272,55,92,102.0,28
2026-07-09,1736,3,185,281.0,2
2026-07-09,1131,13,157,82.0,8
2026-07-09,1526,22,132,132,7
2026-07-09,1254,8,153,153,5
2026-07-09,1226,17,194,103,11
2026-07-09,1289,26,119,119,5
2026-07-09,1601,16,112,75.5,8
2026-07-09,1600,44,125,113,17
2026-07-09,1144,37,86,98,15
2026-07-09,1119,25,118,137.0,14
2026-07-09,6209,58,197,195.0,16
2026-07-09,1501,23,179,179,9
2026-07-09,6028,28,102,118,7
2026-07-09,5267,25,99,120.0,10
2026-07-09,2027,33,93,111,15
2026-07-09,5340,42,80,83.0,6
2026-07-09,2138,28,86,105.0,8
2026-07-09,1320,25,85,84.0,10
2026-07-09,1207,36,89,73,7
2026-07-09,1202,40,77,83,7
2026-07-09,6031,55,57,57,13
2026-07-09,1745,29,79,111.0,14
2026-07-09,6032,37,49,54.0,14
2026-07-09,1744,16,130,155,11
2026-07-09,5365,23,109,109,9
2026-07-09,5582,38,150,148.5,6
2026-07-09,1746,31,107,129.0,18
2026-07-09,5581,25,84,88.5,10
2026-07-09,6030,25,154,67.5,10
2026-07-09,1747,34,73,122.0,8
2026-07-09,5580,27,95,85.5,14
2026-07-09,1748,25,109,132,11
2026-07-09,5916,50,171,171,5
2026-07-09,5235,24,91,101,5
2026-07-09,2568,79,67,67.0,18
2026-07-09,1484,58,69,79,7
2026-07-09,1343,30,79,79,7
2026-07-09,5233,55,78,78,19
2026-07-09,1481,14,128,128,5
2026-07-09,1069,50,88,88,7
2026-07-09,2583,53,53,23.5,12
2026-07-09,6037,60,35,63.5,8
2026-07-09,2581,46,74,79.0,6
2026-07-09,1029,39,113,123.0,8
2026-07-09,2625,34,90,101,11
2026-07-09,1052,21,79,94,7
2026-07-09,2626,33,86,115,9
2026-07-09,5354,35,71,81.5,8
2026-07-09,5738,46,104,104,9
2026-07-09,5874,38,84,84,13
2026-07-09,5359,34,82,138,17
2026-07-09,1200,30,96,119.0,8
2026-07-09,1213,12,117,87.0,6
2026-07-09,1175,46,69,107.0,10
2026-07-09,5548,19,88,109,9
2026-07-09,1331,39,115,77,15
2026-07-09,1424,20,116,147.5,12
2026-07-09,5764,260,76,76.5,14
2026-07-09,5913,37,125,150.0,16
2026-07-09,1945,30,96,107,21
2026-07-09,1240,31,58,56.5,6
2026-07-09,5835,26,122,140,11
2026-07-09,1238,27,70,71.5,8
2026-07-09,1282,29,58,75,5
2026-07-09,1053,49,48,94,7
2026-07-09,5910,31,86,81,9
2026-07-09,5915,13,99,168.5,8
2026-07-09,5911,66,113,123.0,10
2026-07-09,5912,28,119,172.0,14
2026-07-09,5914,28,188,169.5,8
2026-07-09,6035,134,78,112.0,16
2026-07-09,6036,144,88,93.0,26
2026-07-09,1377,68,86,97,19
2026-07-09,1742,20,107,144,9
2026-07-09,6491,469,29,32,11
2026-07-09,5803,86,68,85,17
2026-07-09,5837,60,79,83.5,18
2026-07-09,1124,19,50,95,7
2026-07-09,6266,45,62,62,11
2026-07-09,6265,92,53,56.5,16
2026-07-09,6120,26,130,121,9
2026-07-09,1137,21,78,112.5,8
2026-07-09,1050,37,81,86.0,14
2026-07-09,997,18,60,50.0,6
2026-07-09,6139,91,78,110,19
2026-07-09,957,54,78,105,25
2026-07-09,6033,16,,156,5
2026-07-09,6267,39,106,159,15
2026-07-09,938,36,102,109.5,12
2026-07-09,1141,15,,76.5,10
2026-07-09,924,73,98,146,13
2026-07-09,5456,47,140,123.5,24
2026-07-09,1155,27,115,128,9
2026-07-09,1077,53,131,126,9
2026-07-09,1183,2,,240,1
2026-07-09,5848,25,178,201.5,8
2026-07-09,6034,11,,183,7
2026-07-09,969,10,135,110,3
2026-07-09,987,14,80,90.0,8
2026-07-09,6053,143,49,23,15
2026-07-09,5650,17,91,67.5,10
2026-07-09,1073,34,,117,11
2026-07-09,6311,273,78,56.5,10
2026-07-09,6493,450,46,46,11
2026-07-09,1143,19,141,167.0,10
2026-07-09,6117,31,123,122.0,10
2026-07-09,967,32,93,81.5,10
2026-07-09,966,27,56,63.5,6
2026-07-09,965,29,109,109,7
2026-07-09,964,55,123,123,9
2026-07-09,1442,62,131,90.0,10
2026-07-09,960,66,127,58,11
2026-07-09,6119,31,110,108.5,10
2026-07-09,1082,91,57,57,9
2026-07-09,6115,32,138,152.0,8
2026-07-09,1269,14,92,93.5,4
2026-07-09,1242,24,,95.0,8
2026-07-09,5793,53,130,177.5,16
2026-07-09,6531,248,92,67,21
2026-07-09,1353,32,106,65.5,14
2026-07-09,5459,65,111,143,19
2026-07-09,6278,365,74,74,25
2026-07-09,1463,11,163,163,5
2026-07-09,6149,66,137,166.0,20
2026-07-09,1452,60,56,64,13
2026-07-09,6534,46,78,61.0,6
2026-07-09,6336,88,71,90,7
2026-07-09,2582,15,86,101,7
2026-07-09,6213,29,84,94.5,10
2026-07-09,2643,23,53,80,7
2026-07-09,6469,60,78,85,15
2026-07-09,5492,35,112,112,13
2026-07-09,935,13,121,110.5,8
2026-07-09,1048,58,131,131,21
2026-07-09,910,35,106,125,11
2026-07-09,2239,28,,151,15
2026-07-09,5493,36,147,172,11
2026-07-09,1379,27,99,111.0,12
2026-07-09,940,21,92,92,9
2026-07-09,1001,40,97,111,13
2026-07-09,783,74,51,58,13
2026-07-09,1000,116,77,77,9
2026-07-09,6383,56,58,83.0,8
2026-07-09,5942,13,50,71.5,6
2026-07-09,2530,41,107,119,13
2026-07-09,1520,23,,338.5,10
2026-07-09,2322,26,269,222,15
2026-07-09,2295,37,198,138.0,18
2026-07-09,5338,57,225,187,15
2026-07-09,1469,24,209,208.5,10
2026-07-09,2297,33,305,172.5,10
2026-07-09,5380,47,169,181,13
2026-07-09,1468,23,285,207.0,12
2026-07-09,1474,26,140,153.5,12
2026-07-09,848,18,301,229.0,10
2026-07-09,2296,28,246,135,9
2026-07-09,1488,29,318,245.0,12
2026-07-09,5355,36,114,114,13
2026-07-09,861,1,,104,1
2026-07-09,1409,37,127,151,11
2026-07-09,851,15,181,181,5
2026-07-09,2261,26,213,213,9
2026-07-09,970,39,167,137.0,20
2026-07-09,5337,40,201,135.5,16
2026-07-09,1513,11,,146.5,6
2026-07-09,6384,28,90,97,9
2026-07-09,6162,95,109,113.0,16
2026-07-09,843,11,136,165.5,6
2026-07-09,5256,36,124,111.0,16
2026-07-09,2294,36,146,154,13
2026-07-09,1594,32,141,146,15
2026-07-09,908,58,81,81,13
2026-07-09,6501,114,40,43.0,10
2026-07-09,1414,40,100,100,15
2026-07-09,5887,276,114,114,15
2026-07-09,5865,188,93,99,21
2026-07-09,891,35,121,123.0,14
2026-07-09,1522,16,115,115,11
2026-07-09,6342,15,127,302,5
2026-07-09,930,32,127,110.0,16
2026-07-09,5796,62,142,166,21
2026-07-09,6283,248,74,67,21
2026-07-09,6385,19,90,98.5,8
2026-07-09,6330,167,83,125,11
2026-07-09,5257,142,42,42.5,22
2026-07-09,5255,380,54,48.5,20
2026-07-09,6086,41,95,95.0,12
2026-07-09,6074,72,181,198,13
2026-07-09,897,25,114,109,7
2026-07-09,6310,27,148,146.5,12
2026-07-09,2298,63,132,183,15
2026-07-09,2029,25,149,161.0,14
2026-07-09,1436,15,140,168,11
2026-07-09,5503,31,172,103.5,14
2026-07-09,5545,27,129,139.0,12
2026-07-09,1886,24,137,149,7
2026-07-09,1465,203,98,39,21
2026-07-09,5531,48,130,130,11
2026-07-09,1437,46,122,140,13
2026-07-09,6238,174,90,86.0,16
2026-07-09,5544,79,107,104.5,24
2026-07-09,1365,50,94,99,13
2026-07-09,5529,111,94,135.5,14
2026-07-09,1378,27,108,106.5,14
2026-07-09,1387,23,71,122.5,10
2026-07-09,5741,183,78,65.0,12
2026-07-09,5514,32,116,126.5,14
2026-07-09,6306,264,69,82.5,24
2026-07-09,1203,29,122,92.5,6
2026-07-09,6191,43,114,144.0,14
2026-07-09,1276,48,96,137.0,10
2026-07-09,1173,42,126,136.5,14
2026-07-09,5505,30,125,127,11
2026-07-09,5506,70,107,134,13
2026-07-09,6386,28,169,100,7
2026-07-09,5750,61,103,76.5,18
2026-07-09,1271,26,95,112,5
2026-07-09,1388,21,,94.5,8
2026-07-09,5538,9,193,198.5,4
2026-07-09,5543,35,151,170.5,8
2026-07-09,5532,27,147,148.0,10
2026-07-09,6230,220,81,34.5,8
2026-07-09,1515,41,99,83.0,12
2026-07-09,5507,24,145,112.5,12
2026-07-09,5795,21,190,238.5,10
2026-07-09,1753,9,,160,7
2026-07-09,1375,34,150,188.0,14
2026-07-09,5526,21,137,146,11
2026-07-09,2471,30,143,156,7
2026-07-09,2256,34,132,137.5,10
2026-07-09,1360,19,113,95,11
2026-07-09,1885,10,,132.5,4
2026-07-09,1309,19,189,157.0,10
2026-07-09,1397,53,197,135.0,18
2026-07-09,5534,64,178,188.5,16
2026-07-09,5537,40,202,232.5,16
2026-07-09,1823,28,350,353.0,8
2026-07-09,1438,41,78,89,11
2026-07-09,5508,50,126,87,13
2026-07-09,5525,42,125,129.0,16
2026-07-09,1352,62,139,148.5,22
2026-07-09,5511,111,153,138,17
2026-07-09,1431,30,146,146,13
2026-07-09,1356,26,183,195,13
2026-07-09,5510,21,143,143,7
2026-07-09,1361,27,139,139,9
2026-07-09,1471,73,141,30.0,10
2026-07-09,1750,35,134,127.5,14
2026-07-09,1421,39,181,124.0,10
2026-07-09,1346,36,149,105.5,12
2026-07-09,1307,33,132,142,17
2026-07-09,1418,24,159,166.0,6
2026-07-09,6337,104,117,89.0,14
2026-07-09,1754,11,211,211,9
2026-07-09,1338,34,191,192,11
2026-07-09,5539,36,153,119,11
2026-07-09,5515,71,148,148,19
2026-07-09,5516,29,128,160,9
2026-07-09,1211,30,89,102.0,8
2026-07-09,5519,47,177,138,21
2026-07-09,5518,26,86,62,9
2026-07-09,1362,26,144,121.5,6
2026-07-09,5524,61,145,150,15
2026-07-09,1363,62,108,91,17
2026-07-09,5504,41,113,58,15
2026-07-09,1398,45,85,89.5,12
2026-07-09,5512,43,100,120.5,10
2026-07-09,1165,41,83,91.0,14
2026-07-09,5448,29,102,102,13
2026-07-09,1825,16,218,264.5,6
2026-07-09,1828,26,235,258.5,14
2026-07-09,1958,32,275,275,9
2026-07-09,5502,66,233,232.0,10
2026-07-09,1827,19,,82.5,4
2026-07-09,1129,15,147,99.5,8
2026-07-09,5520,27,151,142,11
2026-07-09,2561,26,147,187,7
2026-07-09,1755,11,110,110,5
2026-07-09,1752,22,182,170,9
2026-07-09,5523,29,287,287,11
2026-07-09,1751,35,173,188.5,16
2026-07-09,1090,10,,136,9
2026-07-09,2463,44,185,131.5,22
2026-07-09,1812,15,137,219,9
2026-07-09,5522,24,177,167.5,8
2026-07-09,1065,54,156,193.0,20
2026-07-09,1047,30,209,254,13
2026-07-09,2474,71,86,90,11
2026-07-09,1593,35,95,82.0,14
2026-07-09,5530,34,79,79,7
2026-07-09,5498,98,88,51.5,14
2026-07-09,1366,37,88,88,7
2026-07-09,5527,131,124,70.0,20
2026-07-09,5528,28,84,109,11
2026-07-09,5535,28,122,134,11
2026-07-09,5540,40,153,139.5,8
2026-07-09,1767,37,125,115.5,14
2026-07-09,1138,35,90,95.5,10
2026-07-09,2134,33,125,125.0,12
2026-07-09,1402,99,118,64.5,16
2026-07-09,1763,32,147,173,5
2026-07-09,2133,19,172,125.5,8
2026-07-09,1761,46,96,134.5,14
2026-07-09,1364,24,152,152,11
2026-07-09,1888,27,206,200,7
2026-07-09,1187,16,,147,5
2026-07-09,1760,16,164,202,7
2026-07-09,5917,112,80,104.0,14
2026-07-09,2579,124,113,73,17
2026-07-09,6333,104,94,94,19
2026-07-09,6221,212,83,99,23
2026-07-09,1946,23,93,83.5,12
2026-07-09,1758,42,109,109,13
2026-07-09,6208,13,88,103.0,6
2026-07-09,1771,23,97,94,9
2026-07-09,5649,35,102,106,7
2026-07-09,5451,24,106,106,9
2026-07-09,1770,25,71,70.0,14
2026-07-09,1473,40,93,103,13
2026-07-09,1766,23,108,94.5,8
2026-07-09,5919,38,91,91,15
2026-07-09,1472,253,65,75,21
2026-07-09,1773,43,97,117.0,8
2026-07-09,1406,68,114,114,21
2026-07-09,5923,54,68,69,17
2026-07-09,5638,41,49,64.0,6
2026-07-09,1772,39,74,83.0,12
2026-07-09,5924,111,103,103.5,12
2026-07-09,1408,28,118,92,9
2026-07-09,5849,29,96,117,5
2026-07-09,2041,35,72,84.5,10
2026-07-09,1914,58,86,113,15
2026-07-09,5427,12,87,108.5,6
2026-07-09,5450,39,78,77.0,10
2026-07-09,1762,42,79,105.0,12
2026-07-09,2135,49,98,107,19
2026-07-09,1332,38,86,79.0,12
2026-07-09,5452,62,75,81,15
2026-07-09,1764,37,75,71.5,8
2026-07-09,5449,37,138,111,13
2026-07-09,1890,62,84,115.5,12
2026-07-09,5920,38,122,136,15
2026-07-09,5619,35,146,127.0,12
2026-07-09,1394,8,130,136.0,4
2026-07-09,2136,19,161,104.5,10
2026-07-09,1389,35,162,158.0,16
2026-07-09,2132,41,116,115.0,10
2026-07-09,6451,183,126,126,5
2026-07-09,6500,65,148,174,15
2026-07-09,1336,37,100,106.5,6
2026-07-09,1765,126,132,157,23
2026-07-09,1411,24,102,161.0,8
2026-07-09,6096,231,101,116.0,16
2026-07-09,5918,22,134,105.5,12
2026-07-09,1313,46,71,80,11
2026-07-09,6513,80,,118,7
2026-07-09,5922,43,92,121.0,20
2026-07-09,5921,30,74,92.0,18
2026-07-09,6387,51,102,114.5,14
2026-07-09,1768,54,81,129,19
2026-07-09,1887,20,135,94.5,10
2026-07-09,1283,60,117,117,11
2026-07-09,5305,51,104,122.0,18
2026-07-09,1889,61,41,67.0,16
2026-07-09,1916,28,99,129.5,12
2026-07-09,1328,32,120,140,9
2026-07-09,1533,21,,69.0,8
2026-07-09,1538,149,114,114,21
2026-07-09,2618,10,132,142,7
2026-07-09,1227,19,97,114.0,12
2026-07-09,1918,17,138,168.0,10
2026-07-09,5242,35,79,102,15
2026-07-09,1536,113,80,76.5,24
2026-07-09,5927,51,78,76.5,14
2026-07-09,1534,281,75,133.5,18
2026-07-09,1426,34,143,35,11
2026-07-09,1539,76,86,153,19
2026-07-09,1920,48,101,93,21
2026-07-09,2499,42,99,136,9
2026-07-09,5343,114,108,87.0,20
2026-07-09,5925,46,122,149,17
2026-07-09,1547,27,150,144.0,10
2026-07-09,1535,29,156,201,11
2026-07-09,1917,26,115,127.0,10
2026-07-09,1212,29,94,72,9
2026-07-09,5243,66,139,189.5,10
2026-07-09,1931,35,185,190.0,12
2026-07-09,1923,13,185,236,9
2026-07-09,5245,36,161,147.5,18
2026-07-09,1921,42,110,147.0,18
2026-07-09,1531,23,99,166,13
2026-07-09,5244,31,117,117.0,18
2026-07-09,1553,86,121,121,13
2026-07-09,1926,13,91,91,7
2026-07-09,1555,22,136,136,11
2026-07-09,5339,37,110,110,9
2026-07-09,1919,22,169,164.5,12
2026-07-09,1922,31,144,136.5,18
2026-07-09,1932,22,142,143.5,12
2026-07-09,1924,13,156,165,7
2026-07-09,1927,15,,158.5,8
2026-07-09,1915,26,68,90,11
2026-07-09,5727,105,113,139,21
2026-07-09,5453,36,97,60.0,14
2026-07-09,2495,61,148,148,15
2026-07-09,1537,20,172,167.0,10
2026-07-09,1930,24,118,199.5,10
2026-07-09,1929,18,,59.0,8
2026-07-09,1928,13,108,109,7
2026-07-09,5873,110,132,114,21
2026-07-09,5648,36,164,99.5,14
2026-07-09,1420,33,102,102,13
2026-07-09,2494,30,82,83.5,20
2026-07-09,5241,19,112,112,11
2026-07-09,2504,595,60,68.0,44
2026-07-09,5327,26,126,140.0,10
2026-07-09,5614,24,96,104.0,8
2026-07-09,1544,20,107,108.0,6
2026-07-09,1358,26,146,101.5,10
2026-07-09,5454,27,98,110,11
2026-07-09,1543,155,124,128.5,16
2026-07-09,1925,27,108,119,15
2026-07-09,5246,13,84,84,7
2026-07-09,1552,39,134,137,11
2026-07-09,1933,15,176,136.0,8
2026-07-09,1541,22,130,104,5
2026-07-09,5647,32,94,92.0,16
2026-07-09,5405,110,104,111.5,16
2026-07-09,5926,41,147,168.0,14
2026-07-09,5403,37,109,117.5,8
2026-07-09,1542,29,136,154,19
2026-07-09,1545,40,136,160,13
2026-07-09,6323,117,60,65.0,12
2026-07-09,1548,35,85,125,13
2026-07-09,1036,113,131,166,21
2026-07-09,1085,23,136,113.5,8
2026-07-09,1071,11,110,128.0,2
2026-07-09,5455,51,98,98,9
2026-07-09,1012,16,113,112,5
2026-07-09,1099,16,169,169,11
2026-07-09,1087,35,110,115.0,22
2026-07-09,1088,25,109,117.0,10
2026-07-09,907,19,145,201.5,12
2026-07-09,1060,38,164,119.0,8
2026-07-09,6270,96,122,143,15
2026-07-09,1106,23,84,81,7
2026-07-09,1460,22,77,90.5,8
2026-07-09,853,27,80,80,7
2026-07-09,1132,14,157,143.5,6
2026-07-09,6269,58,114,96.5,8
2026-07-09,5473,42,97,65,13
2026-07-09,6094,51,122,122,17
2026-07-09,1142,37,81,81,9
2026-07-09,5651,39,101,101,15
2026-07-09,1140,204,59,39.5,22
2026-07-09,1161,32,60,108,7
2026-07-09,906,21,132,148.0,12
2026-07-09,6038,20,98,68,7
2026-07-09,1133,17,83,90.5,6
2026-07-09,818,8,,68,3
2026-07-09,829,74,95,69.5,8
2026-07-09,918,30,101,89,13
2026-07-09,6465,20,87,69.5,8
2026-07-09,1007,22,105,109.0,8
2026-07-09,5635,20,103,80.0,8
2026-07-09,6239,109,84,77,17
2026-07-09,888,28,109,111.5,12
2026-07-09,1083,33,83,83,7
2026-07-09,6268,40,126,131,17
2026-07-09,5457,11,171,151,7
2026-07-09,1037,14,143,93.0,6
2026-07-09,1038,35,148,142,13
2026-07-09,2126,24,84,88,15
2026-07-09,5945,42,64,70.0,12
2026-07-09,5944,18,82,84,7
2026-07-09,5952,17,49,114,5
2026-07-09,5946,80,53,119,19
2026-07-09,2128,67,52,46.0,12
2026-07-09,5943,435,38,42,31
2026-07-09,6040,67,38,40.0,18
2026-07-09,5953,72,41,54.5,8
2026-07-09,2131,4,127,176,3
2026-07-09,5949,54,28,63,13
2026-07-09,5363,26,86,112.0,6
2026-07-09,2466,29,93,121,13
2026-07-09,1788,28,120,120,13
2026-07-09,5718,23,117,126.0,12
2026-07-09,1790,20,100,123,7
2026-07-09,2653,58,107,112.5,10
2026-07-09,2621,13,77,109.0,6
2026-07-09,2637,186,80,83,19
2026-07-09,5706,24,121,121,9
2026-07-09,6211,131,61,47.5,8
2026-07-09,6368,249,46,45.5,10
2026-07-09,2330,20,,128.0,6
2026-07-09,2331,24,127,133.5,8
2026-07-09,5875,47,186,218.5,6
2026-07-09,5897,93,125,138.5,12
2026-07-09,5714,38,153,179,15
2026-07-09,5483,42,139,139.0,12
2026-07-09,5482,29,118,125.0,12
2026-07-09,1015,31,119,116.0,14
2026-07-09,5484,31,133,146.0,14
2026-07-09,6210,23,121,137,15
2026-07-09,1215,16,,64.0,6
2026-07-09,1793,31,84,117,13
2026-07-09,5715,42,150,150,11
2026-07-09,2334,18,110,93.5,4
2026-07-09,1796,81,89,164.0,14
2026-07-09,1168,19,113,122.0,6
2026-07-09,1024,40,89,104.0,10
2026-07-09,2092,33,87,143,11
2026-07-09,2441,65,74,46,7
2026-07-09,2072,33,116,129.0,16
2026-07-09,2120,34,142,142,13
2026-07-09,1164,68,62,86,7
2026-07-09,2333,32,87,60,11
2026-07-09,5800,36,94,94,11
2026-07-09,2091,85,68,71.5,10
2026-07-09,2506,43,56,58.0,12
2026-07-09,2337,48,70,96.0,20
2026-07-09,2083,44,117,144,9
2026-07-09,1789,18,,97,3
2026-07-09,1794,30,108,144.0,10
2026-07-09,2475,61,100,102,17
2026-07-09,1795,20,109,133.5,8
2026-07-09,1023,28,96,146.0,10
2026-07-09,993,33,99,99,9
2026-07-09,2122,55,132,83,15
2026-07-09,1791,36,120,138.0,8
2026-07-09,900,25,76,88.5,8
2026-07-09,2107,43,85,86,11
2026-07-09,921,24,,102.0,8
2026-07-09,2564,145,83,86.0,16
2026-07-09,5347,33,94,128,15
2026-07-09,5633,45,133,133,13
2026-07-09,2076,41,116,123.0,8
2026-07-09,2423,37,128,128,11
2026-07-09,2440,55,79,82.5,22
2026-07-09,5224,81,108,108,11
2026-07-09,981,25,121,128.5,6
2026-07-09,5716,39,108,143.0,12
2026-07-09,990,12,106,130.0,6
2026-07-09,6495,566,61,67.0,6
2026-07-09,5765,37,126,181.5,12
2026-07-09,6196,149,70,76.5,16
2026-07-09,6225,19,,52.0,8
2026-07-09,6204,30,105,158.0,10
2026-07-09,5747,23,159,82,11
2026-07-09,2074,29,77,89,11
2026-07-09,1044,20,68,94.0,6
2026-07-09,6154,221,55,55,15
2026-07-09,2335,45,93,103,15
2026-07-09,2566,81,97,102,17
2026-07-09,5348,26,89,92.0,14
2026-07-09,2112,71,53,85.5,12
2026-07-09,1206,16,71,71,7
2026-07-09,6214,37,116,117.0,14
2026-07-09,2087,25,106,116,13
2026-07-09,1264,29,59,80.5,12
2026-07-09,2077,39,88,130,9
2026-07-09,1192,15,89,76.0,4
2026-07-09,944,39,78,79.5,10
2026-07-09,2116,28,112,171,11
2026-07-09,932,23,84,98,5
2026-07-09,1792,67,66,84,15
2026-07-09,5890,57,86,114.0,12
2026-07-09,2085,39,75,91,11
2026-07-09,6369,56,75,110,15
2026-07-09,2093,35,103,103,7
2026-07-09,2332,17,145,93,13
2026-07-09,2106,102,80,110,13
2026-07-09,5602,33,94,103.0,8
2026-07-09,2336,14,138,114.5,8
2026-07-09,892,18,95,53.0,10
2026-07-09,2078,93,66,79.5,16
2026-07-09,2073,33,102,136.5,14
2026-07-09,2442,42,55,66,15
2026-07-09,1163,17,,86,9
2026-07-09,2080,85,72,120.0,14
2026-07-09,2100,55,68,93,7
2026-07-09,5751,39,100,120,9
2026-07-09,2101,49,106,133.5,10
2026-07-09,2089,33,115,107,13
2026-07-09,2113,29,96,112.0,16
2026-07-09,5335,26,86,78,13
2026-07-09,2090,41,77,78.5,10
2026-07-09,2105,47,83,100.0,18
2026-07-09,1786,17,107,83.5,6
2026-07-09,2079,113,71,97.5,10
2026-07-09,2439,78,71,82,11
2026-07-09,2103,439,76,84.0,16
2026-07-09,1196,48,139,109,17
2026-07-09,2104,143,85,103,19
2026-07-09,2443,123,62,63,23
2026-07-09,1020,70,55,55,13
2026-07-09,1014,45,62,62,7
2026-07-09,6006,27,87,144.0,12
2026-07-09,1621,12,68,123,11
2026-07-09,1008,48,,126,11
2026-07-09,936,25,,61.5,10
2026-07-09,2099,36,72,72,9
2026-07-09,5878,146,43,73.0,20
2026-07-09,5880,74,74,78,13
2026-07-09,5879,53,95,110.0,10
2026-07-09,6455,433,58,68.0,10
2026-07-09,5882,42,90,130.0,10
2026-07-09,2088,20,81,81,5
2026-07-09,1025,73,67,91.5,8
2026-07-09,5838,87,92,134,15
2026-07-09,1787,33,80,159.5,12
2026-07-09,2030,29,128,146.0,12
2026-07-09,2565,23,101,156.0,6
2026-07-09,5601,37,81,100,13
2026-07-09,2084,19,74,93,11
2026-07-09,5223,33,109,91,15
2026-07-09,5499,31,84,104,17
2026-07-09,899,46,126,138.5,8
2026-07-09,5935,34,183,236,13
2026-07-09,6305,84,134,147.5,20
2026-07-09,1597,22,147,176,11
2026-07-09,1205,29,86,46,7
2026-07-09,6388,66,85,38.5,8
2026-07-09,6389,38,61,81,9
2026-07-09,1324,18,110,110,7
2026-07-09,1947,35,139,50,11
2026-07-09,1598,73,130,185,17
2026-07-09,1599,22,103,103,13
2026-07-09,6309,1008,61,79.0,22
2026-07-09,1304,42,87,64.5,16
2026-07-09,1058,29,124,149,15
2026-07-09,1057,20,102,93,11
2026-07-09,5804,46,118,119.5,14
2026-07-09,1529,29,,131.5,12
2026-07-09,2244,82,148,158,35
2026-07-09,1018,42,122,122,11
2026-07-09,1059,16,197,213.5,6
2026-07-09,5770,61,160,136,17
2026-07-09,1076,69,69,61,19
2026-07-09,5321,32,59,60.5,14
2026-07-09,6462,599,45,45,15
2026-07-09,1778,21,82,98.0,14
2026-07-09,6391,30,170,170,9
2026-07-09,1776,24,61,61.5,16
2026-07-09,6229,50,128,147,13
2026-07-09,1093,43,87,82,7
2026-07-09,1095,35,68,85.0,10
2026-07-09,1114,28,70,88,7
2026-07-09,1096,31,91,91,5
2026-07-09,1104,39,112,124.5,6
2026-07-09,6171,40,170,49.0,10
2026-07-09,1089,22,107,67,9
2026-07-09,1033,24,77,97.0,12
2026-07-09,5934,27,123,123,5
2026-07-09,1243,31,175,164,11
2026-07-09,1237,31,157,154.0,8
2026-07-09,6537,711,78,96,19
2026-07-09,1383,58,91,85.0,14
2026-07-09,1171,24,113,131.5,6
2026-07-09,2274,22,70,136,11
2026-07-09,904,44,84,94.5,14
2026-07-09,1219,16,111,142.5,6
2026-07-09,1102,31,85,88.0,6
2026-07-09,889,91,115,67.5,10
2026-07-09,898,78,,10,15
2026-07-09,5846,105,74,111.5,16
2026-07-09,1802,35,70,89.5,16
2026-07-09,989,44,87,150,9
2026-07-09,1079,13,100,99,7
2026-07-09,1115,44,115,115.0,10
2026-07-09,1112,35,73,83.5,8
2026-07-09,1097,33,116,120,5
2026-07-09,1123,43,95,76.0,14
2026-07-09,1002,34,137,137,11
2026-07-09,1199,46,106,76.5,8
2026-07-09,961,41,80,111.0,16
2026-07-09,1777,39,60,110.0,16
2026-07-09,992,68,80,88,15
2026-07-09,6280,177,55,44.0,14
2026-07-09,1017,30,89,98.5,14
2026-07-09,999,43,108,108,7
2026-07-09,5850,78,118,124.0,12
2026-07-09,2262,22,119,129.5,12
2026-07-09,1257,20,145,152.5,12
2026-07-09,1774,38,110,155.5,16
2026-07-09,1775,34,104,64.0,12
2026-07-09,1779,43,140,138.0,16
2026-07-09,1030,18,135,155.5,10
2026-07-09,1204,7,,69,5
2026-07-09,1666,30,112,127,15
2026-07-09,1222,8,161,173.0,4
2026-07-09,6061,75,119,119,11
2026-07-09,5936,46,128,136,11
2026-07-09,6390,32,118,126,11
2026-07-09,5933,73,66,95.0,18
2026-07-09,1005,33,163,161.5,14
2026-07-09,6203,282,90,58.0,42
2026-07-09,1011,39,114,126,15
2026-07-09,6195,116,89,84,13
2026-07-09,2467,37,165,122,21
2026-07-09,6129,134,166,90,17
2026-07-09,6329,321,224,197.5,22
2026-07-09,2279,306,243,203,29
2026-07-09,2252,169,148,139.0,28
2026-07-09,1530,57,188,179,13
2026-07-09,1782,392,206,188.0,30
2026-07-09,1266,86,211,211,13
2026-07-09,1295,46,168,187,9
2026-07-09,1337,23,121,118.5,8
2026-07-09,1395,42,140,141.0,14
2026-07-09,6425,188,181,98.5,8
2026-07-09,2600,171,298,132,21
2026-07-09,1637,23,171,83.5,12
2026-07-09,6544,625,,82,13
2026-07-09,1595,37,219,219.5,16
2026-07-09,1783,14,356,334.0,12
2026-07-09,1265,26,303,255,13
2026-07-09,1781,19,283,166.5,12
2026-07-09,1524,39,282,338,17
2026-07-09,5379,108,234,192.5,18
2026-07-09,1390,30,372,237.5,14
2026-07-09,1470,20,189,150.5,6
2026-07-09,1300,5,124,138.5,4
2026-07-09,1312,18,187,174.0,10
2026-07-09,5940,40,121,170,15
2026-07-09,1284,15,151,101,5
2026-07-09,1306,34,112,171,9
2026-07-09,1801,41,149,161.0,10
2026-07-09,5461,59,137,170,15
2026-07-09,1278,71,234,116,21
2026-07-09,1780,57,216,157.5,16
2026-07-09,1248,30,193,197.0,16
2026-07-09,2245,58,109,134,11
2026-07-09,2194,32,74,74,9
2026-07-09,1479,39,96,96,11
2026-07-09,1500,24,77,90.5,12
2026-07-09,1495,64,61,37,7
2026-07-09,5553,21,116,116,11
2026-07-09,1499,78,69,74.0,12
2026-07-09,5458,48,105,116,23
2026-07-09,1493,45,86,106.5,8
2026-07-09,1492,31,95,160,9
2026-07-09,1494,31,108,99,11
2026-07-09,6460,670,43,48.0,14
2026-07-09,1506,78,63,63,13
2026-07-09,6130,66,78,78,13
2026-07-09,1504,58,59,59,15
2026-07-09,2193,66,48,48,15
2026-07-09,1483,50,67,78,13
2026-07-09,1508,56,44,77,13
2026-07-09,1507,100,62,63.0,14
2026-07-09,1475,47,71,71.0,10
2026-07-09,6205,409,45,25,21
2026-07-09,2248,31,,159.5,6
2026-07-09,5416,49,98,104.0,12
2026-07-09,2246,53,134,151,7
2026-07-09,271,7,134,107,3
2026-07-09,291,25,,90.5,10
2026-07-09,2251,58,103,123.0,10
2026-07-09,2247,18,130,133.5,4
2026-07-09,1294,5,143,143,5
2026-07-09,1305,13,,116.5,4
2026-07-09,1586,19,110,152,7
2026-07-09,1585,26,131,158.5,10
2026-07-09,1584,40,124,136.5,12
2026-07-09,1281,10,,189.5,4
2026-07-09,1583,30,112,131.0,12
2026-07-09,1592,26,124,144,9
2026-07-09,2616,22,104,110,7
2026-07-09,1333,48,164,165.0,12
2026-07-09,1368,21,150,129.0,12
2026-07-09,5937,66,154,181,19
2026-07-09,5939,46,118,135,17
2026-07-09,1321,68,144,146.5,18
2026-07-09,1396,17,181,181,7
2026-07-09,1949,69,134,142.0,28
2026-07-09,1785,51,145,137,27
2026-07-09,1952,37,153,147.0,16
2026-07-09,1291,28,135,124,15
2026-07-09,2607,52,184,134.0,10
2026-07-09,1525,32,160,154,11
2026-07-09,1369,9,,343,9
2026-07-09,5856,1494,205,94.5,30
2026-07-09,2269,45,214,223,11
2026-07-09,1386,264,245,245.5,26
2026-07-09,1784,52,319,171,19
2026-07-09,1169,64,178,180,7
2026-07-09,1214,33,171,177.5,10
2026-07-09,1292,200,159,152.5,22
2026-07-09,1521,26,169,169.0,10
2026-07-09,1208,34,143,143,11
2026-07-09,5579,50,159,143.5,14
2026-07-09,1951,39,144,164.5,26
2026-07-09,759,27,142,120.0,14
2026-07-09,1657,45,178,178,17
2026-07-09,1288,41,231,231,15
2026-07-09,1653,33,195,134,15
2026-07-09,1950,4,,215.0,4
2026-07-09,6271,57,222,225,19
2026-07-09,1380,24,199,223.0,10
2026-07-09,1225,52,85,134,11
2026-07-09,1256,44,178,201.5,6
2026-07-09,1261,26,151,109,7
2026-07-09,5895,37,165,184,11
2026-07-09,6499,6,,140.5,2
2026-07-09,1672,51,295,261,15
2026-07-09,1157,45,95,95,13
2026-07-09,5843,72,109,108.0,10
2026-07-09,5787,18,95,109.0,6
2026-07-09,5563,23,120,120,5
2026-07-09,2608,32,148,124,9
2026-07-09,5238,19,113,120,7
2026-07-09,1178,50,119,114.0,8
2026-07-09,2624,12,78,144.0,8
2026-07-09,5634,17,90,151.0,8
2026-07-09,6532,58,102,142,17
2026-07-09,6535,24,108,132.5,12
2026-07-09,1252,25,101,119,9
2026-07-09,6192,47,104,111,13
2026-07-09,2606,65,72,69.5,8
2026-07-09,6355,58,101,140,13
2026-07-09,1170,30,133,220,9
2026-07-09,1179,47,114,88,7
2026-07-09,2636,25,103,126.0,8
2026-07-09,1447,17,80,69.5,6
2026-07-09,1146,30,,53,7
2026-07-09,6341,85,90,111,5
2026-07-09,1136,47,66,66,7
2026-07-09,6184,63,87,104,7
2026-07-09,1145,10,,99.0,4
2026-07-09,6055,62,105,105.5,20
2026-07-09,5395,33,135,122,9
2026-07-09,5930,32,104,96.5,16
2026-07-09,5932,50,103,57,17
2026-07-09,1149,31,88,114,11
2026-07-09,2555,45,97,115.0,20
2026-07-09,1139,44,140,149.0,8
2026-07-09,2547,23,76,100.5,8
2026-07-09,1128,14,129,137.0,6
2026-07-09,5471,18,,155.5,8
2026-07-09,2545,28,102,70.0,14
2026-07-09,2546,46,102,124,13
2026-07-09,2243,28,78,79.5,12
2026-07-09,5928,12,,113,7
2026-07-09,1399,22,152,192.5,8
2026-07-09,2554,13,130,171.0,10
2026-07-09,1151,27,109,116.5,10
2026-07-09,5929,90,106,145.5,18
2026-07-09,1117,40,110,137.0,14
2026-07-09,1127,15,99,130,9
2026-07-09,1135,45,92,106,17
2026-07-09,1120,16,129,202,9
2026-07-09,1107,25,108,115.5,8
2026-07-09,2556,17,119,183,13
2026-07-09,5393,14,90,123.0,6
2026-07-09,5394,20,103,98,11
2026-07-09,5931,8,84,129.0,6
2026-07-09,2557,24,104,126.0,10
2026-07-09,2558,24,93,99.0,12
2026-07-09,1103,23,79,106.5,8
2026-07-09,1449,13,88,88,11
2026-07-09,6536,73,95,108.5,12
2026-07-09,1156,14,89,105.5,6
2026-07-09,2597,37,65,75.0,20
2026-07-09,6218,163,73,98,9
2026-07-09,1455,20,100,100,11
2026-07-09,6514,439,40,56.5,14
2026-07-09,1464,47,80,75,11
2026-07-09,1116,19,94,161,11
2026-07-09,2619,14,,107.5,8
2026-07-09,5494,35,74,82,7
2026-07-09,2559,28,86,89.0,10
2026-07-09,1491,13,76,65.0,6
2026-07-09,6182,31,126,147,11
2026-07-09,6533,52,78,112,11
2026-07-09,2598,121,76,76.0,28
2026-07-09,6183,50,108,145.0,14
2026-07-09,1121,18,72,87,11
2026-07-09,5396,31,92,148,17
2026-07-09,2585,14,122,122,3
2026-07-09,5261,25,128,93.0,10
2026-07-09,5436,59,93,114,13
2026-07-09,5998,85,119,122.0,28
2026-07-09,2586,35,105,163.5,8
2026-07-09,2615,53,82,126.0,6
2026-07-09,6392,53,70,73,11
2026-07-09,2587,33,97,113.5,6
2026-07-09,5989,52,74,70.0,8
2026-07-09,5779,16,113,141,7
2026-07-09,922,87,104,112.5,12
2026-07-09,2614,30,80,120.0,4
2026-07-09,903,14,118,118,7
2026-07-09,5996,17,120,133,9
2026-07-09,6438,29,78,101,5
2026-07-09,2588,25,65,95.5,8
2026-07-09,2589,21,70,108,7
2026-07-09,5780,51,112,130.5,10
2026-07-09,5777,57,78,115,17
2026-07-09,2590,54,76,101.5,8
2026-07-09,5990,199,42,42,5
2026-07-09,5781,82,38,72,11
2026-07-09,5778,67,96,103,11
2026-07-09,5995,194,40,67.0,24
2026-07-09,2594,56,66,66.0,10
2026-07-09,931,80,68,77.0,10
2026-07-09,2595,66,62,113.5,12
2026-07-09,5679,172,39,39,47
2026-07-09,5782,48,83,91,7
2026-07-09,2591,59,56,72.5,16
2026-07-09,5628,401,32,32,43
2026-07-09,5785,41,93,124.5,6
2026-07-09,865,83,55,55,7
2026-07-09,5783,41,77,77,7
2026-07-09,833,55,68,111,9
2026-07-09,828,47,84,68,17
2026-07-09,5672,240,52,42.0,50
2026-07-09,5997,44,123,171,15
2026-07-09,5776,45,126,172.0,12
2026-07-09,5992,80,151,190,23
2026-07-09,2592,55,130,149,9
2026-07-09,958,21,115,125.5,6
2026-07-09,948,92,87,87,11
2026-07-09,5784,52,63,67,5
2026-07-09,5993,54,93,168,5
2026-07-09,6393,27,90,66,5
2026-07-09,6000,26,147,153,9
2026-07-09,5994,23,105,130,7
2026-07-09,5999,52,96,150,7
2026-07-09,515,28,141,87.0,8
2026-07-09,1895,31,176,182,15
2026-07-09,6089,72,113,90,13
2026-07-09,131,27,164,159.5,16
2026-07-09,1797,30,129,136.5,14
2026-07-09,5724,29,136,84.0,16
2026-07-09,138,22,143,67,11
2026-07-09,1799,55,112,131,21
2026-07-09,132,28,137,137,9
2026-07-09,1894,33,142,117.0,10
2026-07-09,6446,29,97,75,11
2026-07-09,2178,73,96,64,23
2026-07-09,187,29,161,169.5,10
2026-07-09,123,39,82,134,11
2026-07-09,560,37,153,76,11
2026-07-09,1798,38,124,159.5,12
2026-07-09,196,29,101,101,9
2026-07-09,6087,76,71,54.5,14
2026-07-09,5625,109,89,91.5,22
2026-07-09,198,29,135,131,9
2026-07-09,533,16,122,59,7
2026-07-09,2066,42,69,70.5,16
2026-07-09,6088,105,70,86,19
2026-07-09,495,33,138,89.5,4
2026-07-09,614,18,143,223.0,10
2026-07-09,5616,81,88,94,23
2026-07-09,492,32,98,98,7
2026-07-09,2067,46,146,68,11
2026-07-09,516,52,125,83.0,14
2026-07-09,5438,18,88,102.5,8
2026-07-09,5757,43,96,99,7
2026-07-09,6486,38,146,159.5,8
2026-07-09,1891,60,153,153,11
2026-07-09,5439,39,121,139,13
2026-07-09,1965,58,149,154.5,18
2026-07-09,175,36,123,130.0,18
2026-07-09,490,23,183,83.0,8
2026-07-09,5432,87,104,111,19
2026-07-09,489,42,179,145,11
2026-07-09,1964,46,103,133.0,26
2026-07-09,1963,24,,164,13
2026-07-09,182,14,159,117.0,8
2026-07-09,5876,83,96,96,15
2026-07-09,5604,124,94,98.0,22
2026-07-09,1938,11,,153,5
2026-07-09,74,14,129,129,5
2026-07-09,477,29,137,123,11
2026-07-09,5753,77,87,89,21
2026-07-09,1893,30,100,96.5,14
2026-07-09,170,43,114,105.5,12
2026-07-09,1892,36,148,54,13
2026-07-09,166,21,115,130.0,8
2026-07-09,1241,64,139,151.5,10
2026-07-09,5941,36,143,147,19
2026-07-09,6517,562,76,86,19
2026-07-09,6324,249,58,54,5
2026-07-09,5460,38,120,116.0,14
2026-07-09,1092,16,179,238.5,4
2026-07-09,1032,26,130,104.0,12
2026-07-09,1028,81,112,112,13
2026-07-09,1803,15,203,77.5,10
2026-07-09,1384,10,122,145.5,8
2026-07-09,6172,200,65,78,15
2026-07-09,1638,28,92,103.0,16
2026-07-09,1061,27,114,114,9
2026-07-09,934,22,152,186.5,12
2026-07-09,6158,39,95,116,11
2026-07-09,5391,36,97,109.0,20
2026-07-09,1450,28,111,116.0,8
2026-07-09,5735,29,119,149,17
2026-07-09,5464,27,142,160.5,12
2026-07-09,5497,21,133,179,13
2026-07-09,5462,15,122,209,7
2026-07-09,6349,99,127,90,15
2026-07-09,5463,18,118,112.0,6
2026-07-09,5420,80,66,66,23
2026-07-09,920,15,134,164,5
2026-07-09,912,63,103,125,13
2026-07-09,5392,55,46,50,15
2026-07-09,928,24,180,185.0,8
2026-07-09,6302,476,60,60,19
2026-07-09,6090,75,103,113,27
2026-07-09,6315,208,42,74.0,10
2026-07-09,2265,118,123,159,9
2026-07-09,1042,120,102,102.0,16
2026-07-09,6439,576,53,53,21
2026-07-09,1067,28,,117.5,6
2026-07-09,6073,62,103,115,21
2026-07-09,5797,15,94,90.0,6
2026-07-09,6217,51,78,120,13
2026-07-09,6420,253,42,49,7
2026-07-09,6181,28,89,121.5,12
2026-07-09,6335,44,95,110.5,8
2026-07-09,6334,44,93,88.0,12
2026-07-09,541,31,85,100,5
2026-07-09,2338,41,69,84,9
2026-07-09,2339,18,148,191,9
2026-07-09,5488,29,80,80,9
2026-07-09,6354,44,,111,5
2026-07-09,2629,30,97,93.0,16
2026-07-09,6163,143,63,58,23
2026-07-09,5489,34,66,84.0,12
2026-07-09,6313,128,43,43,13
2026-07-09,588,19,79,82,7
2026-07-09,556,28,91,119.5,10
2026-07-09,606,27,109,130.0,8
2026-07-09,5603,68,65,81.5,14
2026-07-09,5883,40,58,62,11
2026-07-09,706,33,77,101.5,16
2026-07-09,2098,25,78,103,11
2026-07-09,6201,13,,325,7
2026-07-09,5774,51,85,50,9
2026-07-09,813,26,116,128.5,8
2026-07-09,5884,62,58,79,13
2026-07-09,2108,65,52,75.0,14
2026-07-09,5775,117,67,38,23
2026-07-09,525,44,63,73,19
2026-07-09,587,8,,126,3
2026-07-09,2476,22,140,148.5,6
2026-07-09,585,24,,139.5,10
2026-07-09,5573,4,,188.0,4
2026-07-09,2114,1,,296,1
2026-07-09,576,25,115,115,7
2026-07-09,555,7,,277.5,4
2026-07-09,718,25,73,70,9
2026-07-09,720,26,59,54.0,8
2026-07-09,5234,32,105,106,9
2026-07-09,6091,99,78,163.0,12
2026-07-09,557,14,212,251,9
2026-07-09,2115,58,128,128,15
2026-07-09,2082,205,101,148.0,32
2026-07-09,5352,17,110,121,11
2026-07-09,6520,564,66,55.0,18
2026-07-09,786,19,,172.0,8
2026-07-09,779,24,95,110,9
2026-07-09,6417,88,89,115.5,14
2026-07-09,6424,467,59,66,13
2026-07-09,2628,27,179,129,13
2026-07-09,6085,15,128,151,7
2026-07-09,5881,90,74,93,17
2026-07-09,6528,173,50,51,7
2026-07-09,2094,227,76,83,15
2026-07-09,2341,44,90,102,17
2026-07-09,5885,63,120,148,13
2026-07-09,2111,41,77,101.0,14
2026-07-09,5353,39,140,103.0,12
2026-07-09,517,43,70,80,21
2026-07-09,5351,30,86,56,11
2026-07-09,2110,52,95,108,15
2026-07-09,2340,32,113,122.0,14
2026-07-09,2347,32,85,95,13
2026-07-09,6198,80,65,89,19
2026-07-09,5378,61,79,106.5,22
2026-07-09,546,14,77,89.0,6
2026-07-09,2109,33,98,118.5,16
2026-07-09,2097,93,56,101,13
2026-07-09,6453,248,53,36,9
2026-07-09,543,20,94,112,11
2026-07-09,6295,26,94,118.5,16
2026-07-09,5248,25,95,163.5,10
2026-07-09,2086,26,85,109,15
2026-07-09,550,38,78,78,13
2026-07-09,523,15,92,101,7
2026-07-09,6529,73,84,108.5,4
2026-07-09,2346,22,147,166.5,12
2026-07-09,2348,11,123,123,7
2026-07-09,2095,54,87,126,11
2026-07-09,2349,26,104,107.5,6
2026-07-09,923,13,,134.0,6
2026-07-09,5222,24,108,153.5,14
2026-07-09,617,31,78,107,9
2026-07-09,632,22,96,126,13
2026-07-09,6297,28,139,221,11
2026-07-09,660,54,149,151,13
2026-07-09,5891,24,104,123.0,12
2026-07-09,955,28,130,225,7
2026-07-09,5955,39,117,120,13
2026-07-09,5620,34,164,171.0,16
2026-07-09,5954,35,134,178.0,14
2026-07-09,6296,26,190,133,11
2026-07-09,5297,83,168,174.5,16
2026-07-09,5437,8,138,95,5
2026-07-09,5404,23,86,86,7
2026-07-09,641,15,64,79,7
2026-07-09,570,36,52,71,11
2026-07-09,2605,17,79,129,11
2026-07-09,2603,49,46,27.5,16
2026-07-09,2602,82,65,49,23
2026-07-09,674,90,72,45.5,12
2026-07-09,681,21,55,45,9
2026-07-09,2604,25,63,50.0,8
2026-07-09,5948,70,53,63,7
2026-07-09,5950,46,51,58,9
2026-07-09,5397,437,35,54,13
2026-07-09,561,16,89,88.5,10
2026-07-09,6478,258,41,41,9
2026-07-09,2127,10,91,87.5,6
2026-07-09,2129,18,,112,9
2026-07-09,5364,23,68,87.0,10
2026-07-09,579,23,,82,7
2026-07-09,592,4,,163.0,4
2026-07-09,6492,97,62,106,7
2026-07-09,605,30,67,70,9
2026-07-09,5636,44,82,82,17
2026-07-09,6287,27,174,114,9
2026-07-09,5479,20,123,177,11
2026-07-09,2549,13,129,138.0,8
2026-07-09,869,28,113,114.0,12
2026-07-09,427,28,99,110,11
2026-07-09,421,22,105,106,7
2026-07-09,428,56,101,130,13
2026-07-09,435,20,144,145,5
2026-07-09,424,38,120,120,7
2026-07-09,689,46,50,53,15
2026-07-09,6436,38,126,152.0,6
2026-07-09,5951,17,91,88,9
2026-07-09,5947,42,55,55,7
2026-07-09,572,20,102,117,13
2026-07-09,5331,73,72,90.5,14
2026-07-09,6454,92,74,90.5,18
2026-07-09,881,26,,170,7
2026-07-09,6441,148,70,136,7
2026-07-09,772,36,59,105.0,16
2026-07-09,5978,72,78,106.5,14
2026-07-09,745,69,76,82.0,12
2026-07-09,5981,124,113,113,19
2026-07-09,5641,53,86,94.0,14
2026-07-09,763,148,56,77.5,20
2026-07-09,5673,61,99,33,21
2026-07-09,5678,204,70,67.5,32
2026-07-09,1978,34,173,176.5,14
2026-07-09,2361,29,113,79.5,16
2026-07-09,5688,398,58,38.5,18
2026-07-09,5975,51,140,58.0,6
2026-07-09,937,57,50,57.0,10
2026-07-09,712,62,54,55,11
2026-07-09,5683,86,96,123.0,14
2026-07-09,5671,197,59,19.5,26
2026-07-09,5984,14,79,39,7
2026-07-09,5705,354,39,52.0,42
2026-07-09,5668,163,72,82,21
2026-07-09,764,33,66,74,13
2026-07-09,5986,47,89,108,9
2026-07-09,2551,111,109,113,13
2026-07-09,6340,331,67,67,9
2026-07-09,2569,81,138,138,21
2026-07-09,5987,52,90,102.0,12
2026-07-09,876,205,33,37,15
2026-07-09,765,37,86,86,9
2026-07-09,872,74,66,100,23
2026-07-09,797,99,67,80.5,16
2026-07-09,5754,17,70,136,9
2026-07-09,6298,23,121,141.5,12
2026-07-09,6063,251,99,99,15
2026-07-09,6185,20,98,131,9
2026-07-09,5629,56,69,81,29
2026-07-09,5251,87,80,50.5,10
2026-07-09,5695,104,84,38,13
2026-07-09,2646,55,52,96.0,22
2026-07-09,5697,195,70,24,13
2026-07-09,5744,68,100,144,11
2026-07-09,6299,20,134,236,9
2026-07-09,2601,30,137,78,11
2026-07-09,5689,52,129,130.5,14
2026-07-09,5700,44,114,123.0,12
2026-07-09,5698,370,58,31,23
2026-07-09,2647,28,70,108,15
2026-07-09,5632,548,42,38.0,16
2026-07-09,710,39,156,160.5,14
2026-07-09,1980,25,167,142,15
2026-07-09,760,38,91,99.5,8
2026-07-09,1979,28,151,164,15
2026-07-09,5656,6,112,118,5
2026-07-09,698,25,112,30.0,8
2026-07-09,866,38,73,73,9
2026-07-09,5977,15,79,79,9
2026-07-09,616,182,57,59,19
2026-07-09,761,203,51,51,19
2026-07-09,688,15,71,75.0,6
2026-07-09,1551,29,89,101.5,12
2026-07-09,5660,50,108,116.5,24
2026-07-09,5699,48,141,142,23
2026-07-09,5231,71,121,136.5,14
2026-07-09,5973,307,86,48,25
2026-07-09,5667,31,98,104.0,8
2026-07-09,2350,3,,266,3
2026-07-09,5279,52,162,201.0,16
2026-07-09,1997,25,106,127.0,10
2026-07-09,1623,16,108,114,9
2026-07-09,648,20,97,93.0,10
2026-07-09,638,8,95,97.5,6
2026-07-09,640,7,131,192.5,4
2026-07-09,5773,54,97,97,13
2026-07-09,1955,7,177,177,5
2026-07-09,6123,17,125,133,9
2026-07-09,6437,37,126,151.5,8
2026-07-09,6515,39,114,114,3
2026-07-09,6227,54,102,144.0,16
2026-07-09,5280,302,61,66.0,24
2026-07-09,1977,38,100,122.5,18
2026-07-09,5621,43,103,117,11
2026-07-09,796,36,88,88,9
2026-07-09,5277,129,70,53,17
2026-07-09,2013,44,74,50,9
2026-07-09,5240,55,85,103.0,20
2026-07-09,5972,50,88,129,13
2026-07-09,661,48,35,44.0,10
2026-07-09,6397,13,77,77,5
2026-07-09,5599,15,,91.5,10
2026-07-09,5637,23,106,119.0,12
2026-07-09,5737,33,64,92.0,6
2026-07-09,1967,39,86,90.5,14
2026-07-09,5664,22,82,102,11
2026-07-09,2006,127,59,61,13
2026-07-09,1995,214,59,64,19
2026-07-09,5665,82,78,82,27
2026-07-09,719,49,61,70.5,8
2026-07-09,6456,117,88,113,9
2026-07-09,666,77,50,60,13
2026-07-09,5645,143,80,31.0,12
2026-07-09,419,68,44,70.0,4
2026-07-09,2190,9,174,195.5,8
2026-07-09,6506,133,74,74,11
2026-07-09,5430,58,108,27,7
2026-07-09,2045,7,264,223,5
2026-07-09,1982,27,109,93.5,10
2026-07-09,639,54,103,138.0,6
2026-07-09,6109,24,126,126,9
2026-07-09,5272,56,169,181.5,8
2026-07-09,6170,49,94,118,17
2026-07-09,636,55,99,118.0,8
2026-07-09,5655,39,88,88,9
2026-07-09,5676,172,99,122,35
2026-07-09,6121,25,,151.5,8
2026-07-09,6190,60,79,79,15
2026-07-09,654,37,60,60.5,10
2026-07-09,702,27,53,76.5,8
2026-07-09,704,47,62,37,11
2026-07-09,5682,95,66,76.0,26
2026-07-09,751,82,36,67.0,12
2026-07-09,767,101,29,37.0,14
2026-07-09,777,59,90,98,17
2026-07-09,1989,21,108,108,13
2026-07-09,5979,47,112,122,7
2026-07-09,820,60,93,82,15
2026-07-09,1563,33,99,143,11
2026-07-09,5659,74,82,112,39
2026-07-09,5644,288,111,126,21
2026-07-09,6395,17,136,194.0,12
2026-07-09,806,49,94,102.5,10
2026-07-09,6284,92,88,78,13
2026-07-09,803,38,85,87.0,8
2026-07-09,5670,32,91,116,9
2026-07-09,2644,108,98,98,11
2026-07-09,5988,31,95,114,17
2026-07-09,2043,25,117,126,9
2026-07-09,951,181,52,91.5,18
2026-07-09,6301,134,57,40.5,14
2026-07-09,6128,84,59,82.0,12
2026-07-09,2351,36,80,83,17
2026-07-09,6399,71,82,106,15
2026-07-09,5889,42,87,87,15
2026-07-09,2623,230,73,13.5,14
2026-07-09,6059,42,109,141.0,14
2026-07-09,5888,74,66,78.0,16
2026-07-09,2360,40,55,90.0,16
2026-07-09,5962,16,107,141,13
2026-07-09,2019,30,82,106,15
2026-07-09,1986,47,122,113.0,10
2026-07-09,5758,32,100,83.0,8
2026-07-09,1971,146,59,48,13
2026-07-09,5370,29,110,124,13
2026-07-09,2000,201,41,94,11
2026-07-09,1984,28,71,100.0,10
2026-07-09,628,50,47,47,7
2026-07-09,2362,77,42,41.0,28
2026-07-09,630,38,68,68,9
2026-07-09,5618,69,48,51,13
2026-07-09,1983,53,88,89.5,14
2026-07-09,5304,71,57,77.5,22
2026-07-09,1975,23,74,80,13
2026-07-09,696,14,90,91.5,6
2026-07-09,687,40,82,122,11
2026-07-09,5702,159,54,54,49
2026-07-09,6505,244,70,79.5,6
2026-07-09,6048,75,80,106,13
2026-07-09,5983,27,114,134,9
2026-07-09,6135,27,128,141,11
2026-07-09,5661,54,69,73,21
2026-07-09,6286,122,54,71,25
2026-07-09,652,50,81,96,17
2026-07-09,5663,36,130,98,15
2026-07-09,1566,8,104,124,5
2026-07-09,854,26,124,162,9
2026-07-09,5593,22,110,119.5,14
2026-07-09,2641,31,110,185,11
2026-07-09,5971,27,75,112.5,16
2026-07-09,5967,16,67,72.0,8
2026-07-09,2596,27,62,88,11
2026-07-09,2640,56,113,84.0,14
2026-07-09,5592,35,84,133.0,14
2026-07-09,2528,22,110,130.5,12
2026-07-09,2357,67,46,68,19
2026-07-09,782,47,73,73,17
2026-07-09,5982,101,125,92,19
2026-07-09,817,65,78,115,21
2026-07-09,5296,291,125,105.5,16
2026-07-09,5980,62,148,60.0,14
2026-07-09,2352,34,186,186.0,20
2026-07-09,5341,35,153,179.0,16
2026-07-09,2044,21,127,112,11
2026-07-09,2259,20,144,144,13
2026-07-09,2599,115,81,50,19
2026-07-09,816,44,82,107.0,8
2026-07-09,1564,18,174,157.0,8
2026-07-09,5974,46,99,99,7
2026-07-09,812,50,97,91.0,8
2026-07-09,5965,36,80,103,13
2026-07-09,2517,20,88,105.5,12
2026-07-09,6468,126,51,66.5,16
2026-07-09,5336,32,63,100.5,12
2026-07-09,2520,54,80,102,11
2026-07-09,2563,24,97,118.0,8
2026-07-09,5964,50,82,122,13
2026-07-09,5346,94,83,98,19
2026-07-09,658,214,60,50.0,12
2026-07-09,5264,69,49,32,19
2026-07-09,6470,102,77,105.0,10
2026-07-09,6471,96,104,103,13
2026-07-09,6475,106,65,67.5,10
2026-07-09,6473,88,67,67,7
2026-07-09,6472,67,72,72,7
2026-07-09,6474,66,55,64.0,10
2026-07-09,5976,62,68,31.5,12
2026-07-09,5646,64,51,51,13
2026-07-09,757,79,55,57.0,16
2026-07-09,749,162,54,76,17
2026-07-09,6058,204,48,50.0,16
2026-07-09,727,184,32,33.0,14
2026-07-09,2648,33,119,140.5,12
2026-07-09,2047,24,120,129.5,14
2026-07-09,5302,59,89,92.0,18
2026-07-09,5790,274,61,94,25
2026-07-09,750,33,59,59,9
2026-07-09,5703,216,81,89.0,28
2026-07-09,411,32,74,79.5,6
2026-07-09,675,24,73,96.5,8
2026-07-09,5957,37,131,157,17
2026-07-09,5600,29,88,102.0,14
2026-07-09,2533,30,90,95,9
2026-07-09,2535,119,109,131.0,14
2026-07-09,5959,69,57,71,25
2026-07-09,2570,95,71,71,9
2026-07-09,6527,603,20,21.0,18
2026-07-09,2277,53,47,79.5,8
2026-07-09,1956,72,52,45.5,22
2026-07-09,679,40,62,47,9
2026-07-09,2353,26,92,36,11
2026-07-09,778,34,44,44.0,6
2026-07-09,5969,29,139,152.0,12
2026-07-09,5966,118,77,89,21
2026-07-09,791,19,62,70.5,8
2026-07-09,2525,95,148,110.0,18
2026-07-09,5691,189,71,32,15
2026-07-09,5985,81,82,96,13
2026-07-09,5642,54,93,66.5,12
2026-07-09,2650,43,87,98.5,12
2026-07-09,6502,81,82,69,23
2026-07-09,5218,226,89,89,17
2026-07-09,884,38,68,79,11
2026-07-09,6326,56,63,110,11
2026-07-09,805,50,85,49.0,8
2026-07-09,844,60,36,80.0,6
2026-07-09,6231,246,48,67,17
2026-07-09,1561,67,50,50,11
2026-07-09,5693,280,56,21,21
2026-07-09,657,55,28,33,11
2026-07-09,855,59,68,92,9
2026-07-09,637,154,41,17,17
2026-07-09,5237,42,104,134.0,16
2026-07-09,2513,79,59,74,11
2026-07-09,5428,16,90,82.0,8
2026-07-09,1981,36,89,114.0,8
2026-07-09,2527,48,74,74,23
2026-07-09,6070,228,110,33,13
2026-07-09,5429,55,161,88.5,12
2026-07-09,2509,22,,105.5,8
2026-07-09,2437,29,81,98.5,12
2026-07-09,1994,144,58,57.5,28
2026-07-09,882,32,95,95,7
2026-07-09,5669,53,136,83.5,26
2026-07-09,422,26,99,101.0,10
2026-07-09,2001,20,76,86,7
2026-07-09,5626,55,78,99,19
2026-07-09,2005,496,57,54.5,20
2026-07-09,1953,26,77,66,13
2026-07-09,6160,47,88,158,11
2026-07-09,2009,24,78,104,9
2026-07-09,6188,226,56,42.5,18
2026-07-09,622,60,72,76.0,10
2026-07-09,1954,16,89,118,11
2026-07-09,621,50,52,54.0,12
2026-07-09,618,39,70,71.0,10
2026-07-09,5375,42,85,94.5,22
2026-07-09,1996,13,100,93.0,8
2026-07-09,6300,48,58,73.0,14
2026-07-09,2553,217,80,39,15
2026-07-09,2502,13,169,183.5,10
2026-07-09,2068,31,162,105,15
2026-07-09,2046,22,131,165.0,10
2026-07-09,2014,33,140,117,17
2026-07-09,5654,58,99,101,21
2026-07-09,6082,594,70,74.0,20
2026-07-09,708,52,74,77.0,14
2026-07-09,734,105,86,115,19
2026-07-09,821,180,56,56,43
2026-07-09,713,148,48,71,39
2026-07-09,6177,58,96,123.0,14
2026-07-09,1968,26,57,71.5,12
2026-07-09,2634,64,125,125,17
2026-07-09,6366,17,122,160.5,14
2026-07-09,5229,72,83,95,13
2026-07-09,5284,44,117,144.5,12
2026-07-09,1991,22,113,119.5,12
2026-07-09,5598,70,107,121.5,20
2026-07-09,2363,29,93,84.5,16
2026-07-09,758,62,59,77.0,24
2026-07-09,667,107,41,40.0,12
2026-07-09,670,165,52,57.5,16
2026-07-09,2534,75,77,86.0,12
2026-07-09,655,35,77,82.5,8
2026-07-09,1998,107,59,29,21
2026-07-09,1003,58,66,75.5,20
2026-07-09,725,64,61,63,7
2026-07-09,2004,39,73,149.5,14
2026-07-09,715,31,47,47,7
2026-07-09,6104,60,106,145.5,12
2026-07-09,5723,107,59,67,23
2026-07-09,1957,30,77,77.5,10
2026-07-09,2359,79,81,80,21
2026-07-09,845,37,72,87,5
2026-07-09,858,55,38,38,13
2026-07-09,5275,210,68,42.5,14
2026-07-09,840,32,68,114.5,8
2026-07-09,2356,76,65,61.5,32
2026-07-09,883,32,81,52.5,12
2026-07-09,737,71,50,50,11
2026-07-09,739,104,43,43,7
2026-07-09,6394,26,90,140.0,10
2026-07-09,2550,31,102,124,13
2026-07-09,5594,34,108,136.0,14
2026-07-09,1988,25,81,62.5,14
2026-07-09,5323,32,72,90.5,8
2026-07-09,2633,25,104,104,9
2026-07-09,744,208,86,66.5,22
2026-07-09,6075,158,103,30,13
2026-07-09,2511,62,103,93,11
2026-07-09,6167,30,150,168.0,12
2026-07-09,748,11,58,59,5
2026-07-09,5692,91,80,69.5,20
2026-07-09,2639,186,83,26,9
2026-07-09,426,33,86,86,11
2026-07-09,1976,23,92,99.5,14
2026-07-09,5685,42,88,135,19
2026-07-09,5239,30,69,85.5,16
2026-07-09,6319,45,87,92,17
2026-07-09,2562,19,89,137.5,8
2026-07-09,814,15,84,106,9
2026-07-09,801,45,143,155.5,22
2026-07-09,1177,148,52,52,5
2026-07-09,6125,19,161,145.0,10
2026-07-09,2003,77,46,54.0,8
2026-07-09,5958,684,49,56,29
2026-07-09,5596,36,117,107.0,10
2026-07-09,2365,29,65,78,15
2026-07-09,2638,95,100,107.0,18
2026-07-09,5687,39,101,142,15
2026-07-09,6494,161,70,70,9
2026-07-09,5686,196,71,87.0,22
2026-07-09,6396,16,131,152,5
2026-07-09,789,29,83,89,9
2026-07-09,5963,159,70,66,11
2026-07-09,1990,28,71,71,7
2026-07-09,669,82,63,71,9
2026-07-09,673,167,46,49.5,26
2026-07-09,2011,15,98,98,7
2026-07-09,5968,31,83,74.0,14
2026-07-09,5617,39,74,71.5,12
2026-07-09,785,32,60,95,7
2026-07-09,5694,156,48,19.0,16
2026-07-09,6050,138,40,52,9
2026-07-09,6496,62,93,134.0,12
2026-07-09,6541,145,76,78.5,16
2026-07-09,6051,52,110,135,9
2026-07-09,5377,42,112,113.0,12
2026-07-09,807,18,88,93.5,8
2026-07-09,6122,14,,102.0,6
2026-07-09,651,148,114,114.0,12
2026-07-09,5324,44,96,46,7
2026-07-09,653,78,62,62,11
2026-07-09,2017,22,80,182.0,12
2026-07-09,815,79,90,60,9
2026-07-09,644,13,108,128,7
2026-07-09,649,37,107,92.5,18
2026-07-09,6102,56,149,194,11
2026-07-09,6479,15,106,106,5
2026-07-09,5684,172,70,74,17
2026-07-09,5643,49,95,76.5,14
2026-07-09,5732,42,80,76.5,14
2026-07-09,722,17,95,95,5
2026-07-09,6307,143,66,87,9
2026-07-09,5652,83,53,64.0,22
2026-07-09,780,57,73,95,25
2026-07-09,781,123,86,86,17
2026-07-09,790,17,85,71.0,8
2026-07-09,6107,59,174,196,17
2026-07-09,1973,26,94,182,11
2026-07-09,943,18,55,55,9
2026-07-09,5597,24,87,103.5,12
2026-07-09,2016,15,65,75.0,10
2026-07-09,873,32,69,121.0,8
2026-07-09,6098,23,94,98.0,8
2026-07-09,875,29,61,95,7
2026-07-09,5960,9,161,185.0,6
2026-07-09,5970,31,97,131.5,18
2026-07-09,2652,141,78,62.0,10
2026-07-09,5709,35,94,124.0,14
2026-07-09,1049,65,86,77.5,14
2026-07-09,5674,481,58,65.5,64
2026-07-09,5675,89,56,67,31
2026-07-09,5666,175,69,89.5,52
2026-07-09,5276,441,49,68,21
2026-07-09,2654,123,82,82,25
2026-07-09,2649,18,89,92.5,12
2026-07-09,5657,49,72,98,15
2026-07-09,620,36,72,72.5,10
2026-07-09,5768,56,74,84,19
2026-07-09,619,38,83,83,5
2026-07-09,2007,44,104,105.0,18
2026-07-09,6124,18,117,139.5,6
2026-07-09,627,33,50,91,5
2026-07-09,6151,138,55,55,23
2026-07-09,1987,21,74,102,11
2026-07-09,6180,112,50,45.0,16
2026-07-09,6168,50,41,46,13
2026-07-09,2325,41,68,68.0,10
2026-07-09,2516,45,,89.5,10
2026-07-09,2012,152,73,50.5,16
2026-07-09,2010,27,70,27.0,10
2026-07-09,5591,79,66,70.5,24
2026-07-09,743,148,32,28.5,22
2026-07-09,752,43,62,62,9
2026-07-09,5956,39,70,98,17
2026-07-09,5961,39,85,104,23
2026-07-09,2364,29,115,139,15
2026-07-09,5680,143,48,58.5,36
2026-07-09,5681,110,33,49,23
2026-07-09,5677,151,51,57,47
2026-07-09,5690,120,74,74,19
2026-07-09,5627,73,88,109.0,28
2026-07-09,5586,17,106,106,7
2026-07-09,6093,21,81,100.0,8
2026-07-09,894,31,87,87,11
2026-07-09,6187,66,77,64,11
2026-07-09,963,27,62,81.0,10
2026-07-09,6431,70,102,121.5,14
2026-07-09,2577,33,106,151.0,10
2026-07-09,5417,12,99,99.0,4
2026-07-09,986,72,88,86.5,12
2026-07-09,1255,20,168,131.5,8
2026-07-09,1330,30,102,66.0,10
2026-07-09,942,37,109,128,19
2026-07-09,952,11,169,186,5
2026-07-09,6350,36,54,35,9
2026-07-09,5834,36,100,131.5,12
2026-07-09,5306,24,114,139,15
2026-07-09,5585,55,125,88,13
2026-07-09,1126,50,227,260.5,8
2026-07-09,980,42,170,170,15
2026-07-09,5478,379,160,123.5,24
2026-07-09,1026,13,270,270,7
2026-07-09,1370,15,192,248,9
2026-07-09,971,41,161,145.0,18
2026-07-09,5556,129,165,202,13
2026-07-09,1523,40,253,286.0,14
2026-07-09,2048,29,161,315.5,14
2026-07-09,1094,33,247,247,7
2026-07-09,1063,29,151,245.5,8
2026-07-09,1897,55,211,262,19
2026-07-09,1805,9,185,185,5
2026-07-09,1824,21,176,170.5,14
2026-07-09,1013,27,187,187,13
2026-07-09,5547,48,198,206,11
2026-07-09,5546,63,178,238.0,16
2026-07-09,1826,41,219,121,11
2026-07-09,1896,38,,107,15
2026-07-09,2425,24,164,248.0,8
2026-07-09,1075,29,124,124.5,12
2026-07-09,2424,40,160,233.0,16
2026-07-09,1374,41,89,89,11
2026-07-09,5513,41,111,111,11
2026-07-09,972,16,,17,3
2026-07-09,2468,40,141,143.5,18
2026-07-09,1903,23,113,176,7
2026-07-09,1467,47,134,77.5,12
2026-07-09,1152,16,191,191,13
2026-07-09,1899,22,212,166.0,8
2026-07-09,5533,29,172,173.0,14
2026-07-09,2612,107,154,41,15
2026-07-09,1815,33,170,170,5
2026-07-09,1819,23,96,107.5,6
2026-07-09,1811,31,110,110,9
2026-07-09,2366,50,103,90.5,12
2026-07-09,1045,55,106,62.5,14
2026-07-09,6512,101,92,92.5,14
2026-07-09,5291,32,124,160.5,14
2026-07-09,1807,30,114,127,9
2026-07-09,5361,38,97,117,13
2026-07-09,5288,45,89,145.0,10
2026-07-09,1902,18,106,67,5
2026-07-09,5290,25,155,121,9
2026-07-09,1822,35,111,130,9
2026-07-09,1021,33,104,106.5,8
2026-07-09,1821,26,127,127,7
2026-07-09,995,24,104,104,11
2026-07-09,5857,44,116,162,11
2026-07-09,2427,16,105,152.5,10
2026-07-09,1820,19,125,154.5,8
2026-07-09,1806,30,107,135.5,8
2026-07-09,5295,20,129,123.5,10
2026-07-09,1371,35,130,132,11
2026-07-09,5517,33,169,149.0,14
2026-07-09,5266,41,154,102.5,14
2026-07-09,2033,30,146,193.0,16
2026-07-09,1813,7,,163.5,4
2026-07-09,5541,13,110,75.5,6
2026-07-09,2429,15,176,213.0,10
2026-07-09,973,18,143,75.0,8
2026-07-09,1372,17,137,137,5
2026-07-09,1041,79,69,21,7
2026-07-09,1373,31,170,277,13
2026-07-09,2477,61,87,118,23
2026-07-09,2478,54,86,114,15
2026-07-09,5521,40,106,209,11
2026-07-09,1814,15,100,95,5
2026-07-09,1039,36,114,119,11
2026-07-09,2426,48,110,122.0,18
2026-07-09,1898,20,94,82.5,8
2026-07-09,6338,120,106,41,11
2026-07-09,5294,15,130,130,7
2026-07-09,1901,15,146,166.5,6
2026-07-09,5584,28,142,108,11
2026-07-09,6521,28,118,118,11
2026-07-09,5583,23,88,92.5,12
2026-07-09,975,10,118,100.0,6
2026-07-09,1162,60,174,133,7
2026-07-09,5289,26,155,195,9
2026-07-09,1900,45,131,147,11
2026-07-09,1172,33,104,103.5,12
2026-07-09,1654,46,119,138.5,14
2026-07-09,2367,27,90,116.0,12
2026-07-09,1303,17,127,127,7
2026-07-09,1323,32,95,111.0,10
2026-07-09,1054,56,75,72.5,8
2026-07-09,2368,22,177,160.0,14
2026-07-09,5536,85,141,106.0,16
2026-07-09,1125,34,183,272,9
2026-07-09,2034,28,154,165.5,16
2026-07-09,2428,20,204,204.0,6
2026-07-09,5310,39,122,138,11
2026-07-09,1260,31,120,129.0,2
2026-07-09,6450,275,62,84,7
2026-07-09,5311,53,124,143,11
2026-07-09,6133,71,104,129,15
2026-07-09,6457,124,102,115,11
2026-07-09,5333,45,128,130.0,16
2026-07-09,1647,23,183,150,9
2026-07-09,1101,25,176,179.0,12
2026-07-09,5292,12,,100,5
2026-07-09,1808,33,115,143.0,16
2026-07-09,1391,21,125,158,7
2026-07-09,6400,8,126,192.0,6
2026-07-09,1134,23,106,129,7
2026-07-09,1809,63,81,109,13
2026-07-09,1153,41,99,92.5,10
2026-07-09,6523,18,,128,11
2026-07-09,6522,34,126,161,9
2026-07-09,5287,34,90,104,13
2026-07-09,5864,31,74,76.5,14
2026-07-09,1816,16,107,130,7
2026-07-09,1062,31,83,101,9
2026-07-09,5293,31,101,122.0,12
2026-07-09,1070,34,85,78.0,6
2026-07-09,1817,16,127,99.0,6
2026-07-09,1147,44,122,140.0,6
2026-07-09,1810,9,139,171,7
2026-07-09,1818,38,125,154.0,8
2026-07-09,6519,282,69,69,5
2026-07-09,1912,27,130,138,9
2026-07-09,5902,16,195,165.0,8
2026-07-09,528,64,114,72,7
2026-07-09,527,21,,109.0,2
2026-07-09,1830,30,174,194,9
2026-07-09,529,32,135,152.0,10
2026-07-09,2049,25,201,220,17
2026-07-09,2574,92,155,127.0,22
2026-07-09,1844,63,67,102.0,22
2026-07-09,539,22,119,85.5,8
2026-07-09,716,34,94,76.5,10
2026-07-09,1907,69,96,96,13
2026-07-09,532,33,114,142.0,8
2026-07-09,1850,30,127,48,13
2026-07-09,2163,23,115,124.0,10
2026-07-09,169,27,64,64,9
2026-07-09,2164,36,147,235,9
2026-07-09,535,24,132,132,7
2026-07-09,6081,722,111,69.5,18
2026-07-09,1855,79,173,235,29
2026-07-09,2622,23,241,241,11
2026-07-09,68,54,162,233.5,20
2026-07-09,81,76,111,114.5,14
2026-07-09,1906,30,148,135.5,10
2026-07-09,1843,36,182,224,17
2026-07-09,496,36,207,140,13
2026-07-09,1841,38,151,161,17
2026-07-09,524,38,305,189,23
2026-07-09,1829,38,213,213,13
2026-07-09,982,75,196,164.0,16
2026-07-09,2071,9,140,153,7
2026-07-09,1834,38,196,212,13
2026-07-09,1833,25,175,175,11
2026-07-09,200,48,170,222,19
2026-07-09,1959,19,177,218,13
2026-07-09,1857,34,144,196,17
2026-07-09,1109,61,131,132,29
2026-07-09,604,18,134,300,9
2026-07-09,1846,29,196,196,9
2026-07-09,1849,27,164,204.5,12
2026-07-09,1845,42,162,143,11
2026-07-09,5260,46,153,159,21
2026-07-09,1847,32,206,216,19
2026-07-09,676,21,208,227,9
2026-07-09,5903,285,134,137.5,30
2026-07-09,1840,27,216,217,11
2026-07-09,5904,23,237,194,9
2026-07-09,2050,39,213,213.0,20
2026-07-09,50,22,199,214.0,8
2026-07-09,37,26,188,201.0,12
2026-07-09,1835,35,150,162.0,10
2026-07-09,1836,62,112,123.0,18
2026-07-09,1905,28,225,120,13
2026-07-09,6134,124,98,98,17
2026-07-09,520,248,130,163,31
2026-07-09,491,41,96,115.0,12
2026-07-09,623,66,112,185,13
2026-07-09,1832,70,209,197.0,18
2026-07-09,501,61,251,95,9
2026-07-09,730,28,197,105.5,12
2026-07-09,5496,36,143,150.5,14
2026-07-09,1852,49,156,156,15
2026-07-09,500,26,169,180.0,8
2026-07-09,1910,37,148,215.0,12
2026-07-09,190,26,138,212,9
2026-07-09,5721,41,108,86.5,20
2026-07-09,178,42,83,85.5,20
2026-07-09,1856,14,178,132,7
2026-07-09,1831,48,186,170,9
2026-07-09,5356,28,141,232,15
2026-07-09,693,28,131,145,7
2026-07-09,2069,19,128,124.0,10
2026-07-09,662,30,107,123,9
2026-07-09,6414,31,113,133,13
2026-07-09,826,29,112,112,9
2026-07-09,691,25,186,144.5,10
2026-07-09,762,17,232,226,15
2026-07-09,1909,20,324,288.0,8
2026-07-09,2035,31,196,196,19
2026-07-09,538,28,188,117.0,12
2026-07-09,144,39,106,73,9
2026-07-09,2051,18,299,281.0,12
2026-07-09,2165,9,330,324.5,4
2026-07-09,5373,54,128,129.0,24
2026-07-09,747,46,142,116,11
2026-07-09,1851,24,124,106.0,12
2026-07-09,6428,41,184,202,17
2026-07-09,2507,32,122,183.5,10
2026-07-09,514,32,96,104.0,18
2026-07-09,6542,49,112,119.0,12
2026-07-09,1911,46,120,117,13
2026-07-09,2020,103,159,133,15
2026-07-09,646,30,103,116.0,12
2026-07-09,1913,49,147,151,29
2026-07-09,5358,200,137,151,43
2026-07-09,857,12,213,261,9
2026-07-09,1854,54,136,144.5,14
2026-07-09,2162,31,,141,11
2026-07-09,205,35,236,236,9
2026-07-09,1908,40,164,164,9
2026-07-09,1837,29,120,122,11
2026-07-09,1839,33,114,152,15
2026-07-09,5357,54,123,87.5,18
2026-07-09,1838,14,128,71,9
2026-07-09,5232,131,121,145,17
2026-07-09,2610,118,173,81,17
2026-07-09,2052,19,,112,13
2026-07-09,1674,47,263,263.0,22
2026-07-09,2070,33,92,80.0,14
2026-07-09,526,16,,213.0,8
2026-07-09,206,43,121,121,13
2026-07-09,1904,29,146,109.0,10
2026-07-09,5431,44,82,82.0,8
2026-07-09,1848,20,135,85.5,14
2026-07-09,1562,11,,165,5
2026-07-09,1423,92,92,86.0,12
2026-07-09,1249,22,75,83,5
2026-07-09,1532,15,92,96,7
2026-07-09,1302,8,,43.5,2
2026-07-09,1318,6,,187.5,4
2026-07-09,1558,24,120,108.5,8
2026-07-09,1376,23,144,142.0,10
2026-07-09,1565,26,131,137.5,10
2026-07-09,6401,54,73,81.0,12
2026-07-09,1429,39,96,98.5,12
2026-07-09,1285,29,127,140.5,6
2026-07-09,1549,16,127,151.0,6
2026-07-09,1274,26,137,137,5
2026-07-09,1550,11,124,175.0,4
2026-07-09,1546,30,86,116.0,12
2026-07-09,5759,28,182,69.5,6
2026-07-09,2498,107,66,74.0,16
2026-07-09,5791,50,94,108,23
2026-07-09,6242,156,83,99.5,12
2026-07-09,1113,64,95,97.5,18
2026-07-09,1680,33,80,107,15
2026-07-09,2291,62,74,99,17
2026-07-09,6077,154,115,118.5,18
2026-07-09,1342,49,146,99.0,16
2026-07-09,1675,85,55,63,15
2026-07-09,1677,22,151,156.0,14
2026-07-09,5412,28,176,169.5,10
2026-07-09,2236,18,432,205.5,16
2026-07-09,2386,33,114,133,11
2026-07-09,6099,24,84,269.0,8
2026-07-09,1031,87,37,66,17
2026-07-09,5301,140,61,52.5,16
2026-07-09,5312,115,80,80,11
2026-07-09,6108,27,84,95.0,8
2026-07-09,6228,102,54,35,15
2026-07-09,6281,90,56,26,17
2026-07-09,6498,702,70,70,11
2026-07-09,5500,114,136,98.5,12
2026-07-09,6046,66,,78.0,4
2026-07-09,1574,52,217,246,17
2026-07-09,1575,33,243,227,13
2026-07-09,2524,49,200,200.0,22
2026-07-09,5605,299,154,119,19
2026-07-09,2311,109,21,30.0,14
2026-07-09,5812,29,73,73,9
2026-07-09,5814,90,60,74,15
2026-07-09,5815,90,48,64,11
2026-07-09,5819,40,38,70,5
2026-07-09,5823,46,62,63.5,12
2026-07-09,5829,28,,154,11
2026-07-09,5831,15,278,142,7
2026-07-09,5859,38,74,109.5,12
2026-07-09,5860,21,122,126,7
2026-07-09,6212,57,,62.5,6
2026-07-09,6375,36,46,50,9
2026-07-09,2140,38,68,101.5,12
2026-07-09,2144,49,115,129.0,24
2026-07-09,2284,24,95,95,19
2026-07-09,2408,16,103,125,7
2026-07-09,2526,22,111,158.5,10
2026-07-09,6007,63,116,122.5,18
2026-07-09,5262,31,67,97,13
2026-07-09,1244,12,157,151.0,6
2026-07-09,1174,27,,51,5
2026-07-09,1267,40,80,80,11
2026-07-09,1749,13,109,121.5,8
2026-07-09,1944,28,70,75.0,12
2026-07-09,2028,34,88,69.0,12
2026-07-09,2584,34,70,35.0,10
2026-07-09,2635,47,61,92,13
2026-07-09,5286,16,92,97.5,6
2026-07-09,5847,38,86,88.0,8
2026-07-09,6487,75,70,90,7
2026-07-09,2186,72,93,100.0,20
2026-07-09,5733,25,116,125.5,12
2026-07-09,5574,22,134,68.0,12
2026-07-09,1477,62,72,49.5,10
2026-07-09,1478,41,73,83.0,8
2026-07-09,1486,63,78,42,15
2026-07-09,1503,77,50,60,13
2026-07-09,1505,84,62,74.5,18
2026-07-09,5474,47,81,105.0,18
2026-07-09,5742,36,66,71.0,18
2026-07-09,5801,48,89,97.5,12
2026-07-09,5894,1433,66,22,31
2026-07-09,6095,55,98,119,15
2026-07-09,6186,230,61,67,15
2026-07-09,6445,519,46,49.0,12
2026-07-09,6452,216,69,85,11
2026-07-09,2593,44,78,97.0,12
2026-07-09,5991,20,91,74,5
2026-07-09,2096,64,105,118,13
2026-07-09,1556,20,92,101.0,10
2026-07-09,2032,23,113,185.0,14
2026-07-09,2552,243,87,89.0,14
2026-07-09,2645,13,117,105,9
2026-07-09,6100,18,143,143,9
2026-07-09,5630,670,34,21,19
2026-07-09,5631,208,39,39,19
2026-07-09,5662,49,72,99.0,26
2026-07-09,5696,327,42,17,15
2026-07-09,5704,90,59,83.0,26
2026-07-09,1969,43,110,86,17
2026-07-09,1970,36,84,76.0,20
2026-07-09,1972,71,29,34,21
2026-07-09,1993,28,109,97.0,10
2026-07-09,2002,166,29,61.5,16
2026-07-09,2042,27,96,164,17
2026-07-09,2354,31,93,85,17
2026-07-09,2355,31,64,73,9
2026-07-09,2358,17,69,107.5,10
2026-07-09,2480,136,30,40,11
2026-07-09,2515,48,66,61,17
2026-07-09,5226,437,36,29.5,14
2026-07-09,5230,971,32,29.0,16
2026-07-09,5273,278,54,54,17
2026-07-09,5274,177,54,40.0,18
2026-07-09,5278,207,85,49,23
2026-07-09,5322,217,64,94,17
2026-07-09,5467,219,64,19.0,16
2026-07-09,5569,41,59,108.5,22
2026-07-09,5786,265,49,73.5,20
2026-07-09,5869,289,66,87.0,20
2026-07-09,6111,57,54,58,13
2026-07-09,6113,42,65,97.0,16
2026-07-09,6116,17,,86.0,6
2026-07-09,6118,57,66,69,13
2026-07-09,6398,49,56,65.0,8
2026-07-09,6406,258,46,53.0,10
2026-07-09,6447,37,75,29,9
2026-07-09,6466,108,36,35.0,16
2026-07-09,6467,97,46,83,21
2026-07-09,1985,51,73,84,13
2026-07-09,1999,202,50,73.0,8
2026-07-09,2008,40,94,108.5,16
2026-07-09,5374,33,104,95,17
2026-07-09,5376,22,92,120.0,10
2026-07-09,5564,74,50,78.5,20
2026-07-09,5568,34,64,77,15
2026-07-09,5653,68,56,54.0,14
2026-07-09,5658,41,72,71.5,18
2026-07-09,5752,128,58,107.0,14
2026-07-09,6126,44,38,105.0,8
2026-07-09,6303,542,67,44,17
2026-07-09,6540,69,83,102.0,10
2026-07-09,6524,188,74,74,15
2026-07-09,5615,64,103,136.0,22
2026-07-09,124,17,290,312,11
2026-07-09,265,14,260,288.0,8
2026-07-09,832,26,83,83,9
2026-07-09,860,103,87,19,19
2026-07-09,824,20,,140.0,6
2026-07-09,695,17,79,115,9
2026-07-09,842,31,142,119.5,18
2026-07-09,724,82,77,71.5,14
2026-07-09,723,23,181,187.0,12
2026-07-09,768,68,48,48,13
2026-07-09,825,60,70,70,17
2026-07-09,802,123,48,53.0,20
2026-07-09,799,382,33,40.0,24
2026-07-09,771,65,54,57.5,12
2026-07-09,6206,0,,,0
2026-07-09,6219,0,,,0
2026-07-09,6049,0,,,0
2026-07-09,449,0,,,0
2026-07-09,809,0,,,0
2026-07-09,775,32,151,112,9
2026-07-09,830,99,117,94.0,12
2026-07-09,838,77,126,121,37
2026-07-09,862,46,102,102,7
2026-07-09,692,364,47,21.0,24
2026-07-09,629,60,65,75,19
2026-07-09,625,194,75,101,7
2026-07-09,65,42,196,286,17
2026-07-09,214,28,207,207,17
2026-07-09,229,17,129,174.5,6
2026-07-09,268,12,191,211.5,8
2026-07-09,371,0,,,0
2026-07-09,410,22,101,101,9
2026-07-09,439,0,,,0
2026-07-09,476,30,89,141,11
2026-07-09,479,17,105,77,5
2026-07-09,519,46,87,93.5,8
2026-07-09,626,79,62,81,11
2026-07-09,672,285,19,21.0,26
2026-07-09,677,341,18,17,31
2026-07-09,678,155,62,62,15
2026-07-09,685,129,34,40,13
2026-07-09,694,50,50,55,11
2026-07-09,697,245,25,28,19
2026-07-09,703,52,47,57.5,10
2026-07-09,705,64,63,64.0,10
2026-07-09,714,167,48,53.5,22
2026-07-09,735,24,68,91,9
2026-07-09,736,103,26,17,7
2026-07-09,741,194,45,36.5,20
2026-07-09,753,71,62,105.0,6
2026-07-09,769,134,45,49.5,18
2026-07-09,770,53,64,70.0,12
2026-07-09,798,74,67,74,7
2026-07-09,831,46,40,51.0,20
2026-07-09,836,244,50,50.5,20
2026-07-09,839,31,77,100.5,8
2026-07-09,846,27,112,125.0,8
2026-07-09,852,112,58,58,17
2026-07-09,870,32,92,107.0,16
2026-07-09,927,48,74,74,5
2026-07-09,949,24,73,145,5
2026-07-09,953,82,83,42.0,22
2026-07-11,607,18,76,130.5,8
2026-07-11,584,13,129,104.0,4
2026-07-11,6137,90,73,100,13
2026-07-11,810,21,114,117,9
2026-07-11,337,32,93,53.0,12
2026-07-11,343,25,115,72,7
2026-07-11,332,22,110,111.5,6
2026-07-11,345,41,72,89,11
2026-07-11,558,32,95,132,13
2026-07-11,346,29,85,85,11
2026-07-11,6169,69,89,89,17
2026-07-11,571,20,114,96.0,8
2026-07-11,327,36,107,107,13
2026-07-11,5465,16,122,123,13
2026-07-11,5892,49,82,59.5,16
2026-07-11,5789,114,49,52.5,12
2026-07-11,6530,31,106,84.0,8
2026-07-11,717,39,76,76.0,14
2026-07-11,297,86,23,25.0,14
2026-07-11,5469,56,57,79.5,16
2026-07-11,998,111,42,38.0,14
2026-07-11,6292,101,47,74,15
2026-07-11,823,74,40,42.0,6
2026-07-11,956,50,49,50,9
2026-07-11,2651,16,125,134.0,12
2026-07-11,5771,41,104,104,13
2026-07-11,6207,238,31,33,29
2026-07-11,350,81,37,44,9
2026-07-11,353,63,29,32,9
2026-07-11,6346,20,51,60,7
2026-07-11,635,20,40,54.0,4
2026-07-11,6234,85,33,46.0,14
2026-07-11,5470,86,22,57.5,22
2026-07-11,5466,29,79,83.0,10
2026-07-11,574,21,94,84,9
2026-07-11,559,34,83,105,7
2026-07-11,565,44,77,114,7
2026-07-11,6463,273,53,53,3
2026-07-11,6175,31,92,119.5,4
2026-07-11,5792,62,52,65,11
2026-07-11,6174,103,41,52,7
2026-07-11,6072,35,76,87.0,10
2026-07-11,6193,107,46,46,5
2026-07-11,6076,67,114,114.0,12
2026-07-11,6288,318,60,82,29
2026-07-11,1684,35,102,111,15
2026-07-11,6248,101,63,63,9
2026-07-11,6448,243,54,53.0,10
2026-07-11,6484,112,58,58,11
2026-07-11,2289,65,74,90,13
2026-07-11,1235,91,84,86,21
2026-07-11,6243,82,50,60,13
2026-07-11,887,41,99,116.0,14
2026-07-11,5734,107,72,66,11
2026-07-11,6246,160,66,77.5,14
2026-07-11,5476,34,119,119,17
2026-07-11,850,38,77,81,15
2026-07-11,6079,38,104,115.0,14
2026-07-11,1676,40,176,185,13
2026-07-11,6339,333,83,83,13
2026-07-11,1683,23,70,113.5,14
2026-07-11,2036,538,61,70,29
2026-07-11,2642,56,88,145,9
2026-07-11,6080,70,119,129.0,16
2026-07-11,2278,27,92,125,9
2026-07-11,2508,45,106,48.0,12
2026-07-11,5839,39,108,98.5,14
2026-07-11,1862,84,91,107,19
2026-07-11,6249,212,58,81.0,14
2026-07-11,6247,135,65,84.5,14
2026-07-11,5441,73,85,68,27
2026-07-11,1859,61,100,62,19
2026-07-11,893,82,84,90,9
2026-07-11,5501,73,116,124.0,26
2026-07-11,2022,42,80,107.0,14
2026-07-11,6078,103,85,108,19
2026-07-11,5407,47,94,96,11
2026-07-11,6166,80,91,99,7
2026-07-11,6136,158,94,130,15
2026-07-11,1686,34,116,141,15
2026-07-11,1236,54,73,66.0,6
2026-07-11,1681,44,99,119,23
2026-07-11,5840,56,138,159,15
2026-07-11,6235,48,146,160.0,14
2026-07-11,915,81,93,65.5,16
2026-07-11,1860,66,93,102,13
2026-07-11,2018,48,95,111.5,8
2026-07-11,5442,44,99,99.0,16
2026-07-11,1100,23,172,130.0,6
2026-07-11,6244,135,65,62.0,12
2026-07-11,5475,32,122,136,11
2026-07-11,1858,23,146,146,7
2026-07-11,827,23,128,158.5,10
2026-07-11,2021,33,122,110.5,16
2026-07-11,6345,453,49,55.5,20
2026-07-11,5319,37,95,99,11
2026-07-11,1679,24,112,84.0,10
2026-07-11,1861,54,99,110.5,14
2026-07-11,5886,44,108,165,7
2026-07-11,5345,44,106,130.5,22
2026-07-11,6220,108,73,78,13
2026-07-11,6413,433,74,96,17
2026-07-11,2503,73,82,113.5,16
2026-07-11,2496,65,87,48.5,8
2026-07-11,6545,169,60,123,13
2026-07-11,5549,14,119,135.5,8
2026-07-11,1072,30,110,111.0,12
2026-07-11,5366,26,150,150,11
2026-07-11,1678,14,,56.0,10
2026-07-11,909,45,103,118.0,14
2026-07-11,1682,15,159,159,11
2026-07-11,6245,60,100,134.5,8
2026-07-11,6318,98,50,92.0,10
2026-07-11,1010,37,119,116.0,8
2026-07-11,1034,45,46,64,11
2026-07-11,1685,32,64,75.5,12
2026-07-11,1939,27,66,74.5,10
2026-07-11,386,29,251,229.0,12
2026-07-11,6251,58,176,142.5,16
2026-07-11,230,20,225,130,11
2026-07-11,215,22,205,153.5,14
2026-07-11,224,15,202,249.0,6
2026-07-11,364,32,221,221,7
2026-07-11,373,29,139,151.0,14
2026-07-11,202,25,237,233.0,20
2026-07-11,1712,28,307,339,9
2026-07-11,396,20,398,409,11
2026-07-11,2210,25,217,217,9
2026-07-11,38,44,210,221.5,10
2026-07-11,33,29,293,218.5,10
2026-07-11,52,19,323,182,13
2026-07-11,2221,49,264,277.0,30
2026-07-11,27,28,262,218.0,10
2026-07-11,73,41,255,246,15
2026-07-11,45,22,217,147.0,12
2026-07-11,40,52,307,318.5,18
2026-07-11,2207,44,194,184.5,14
2026-07-11,1704,41,163,205.0,22
2026-07-11,2055,19,344,302,11
2026-07-11,1705,36,192,160,23
2026-07-11,98,35,166,187.5,12
2026-07-11,252,29,114,150.5,10
2026-07-11,2436,61,152,156,19
2026-07-11,254,28,163,212,9
2026-07-11,2056,20,404,423.5,10
2026-07-11,125,36,172,194.0,14
2026-07-11,242,50,190,158,19
2026-07-11,326,51,169,209,13
2026-07-11,5898,84,161,214,17
2026-07-11,111,49,241,233,7
2026-07-11,1696,29,228,208,19
2026-07-11,293,38,195,214,11
2026-07-11,2212,40,167,196.5,16
2026-07-11,5480,35,206,124.0,12
2026-07-11,331,34,193,122,11
2026-07-11,146,21,179,183.5,8
2026-07-11,69,44,197,199.0,8
2026-07-11,330,16,192,192,7
2026-07-11,1940,23,220,129,13
2026-07-11,6253,32,152,181.0,10
2026-07-11,1708,16,,158.5,6
2026-07-11,1636,73,127,144,23
2026-07-11,59,15,183,198.0,6
2026-07-11,6254,83,155,114.5,10
2026-07-11,443,31,146,146.5,10
2026-07-11,149,40,135,140,13
2026-07-11,321,120,149,136.0,14
2026-07-11,284,33,230,249.0,10
2026-07-11,76,8,391,391,5
2026-07-11,82,25,501,189,17
2026-07-11,136,42,227,136,11
2026-07-11,141,15,213,210.0,10
2026-07-11,281,49,147,142,11
2026-07-11,2216,21,259,149.5,10
2026-07-11,75,20,,128,7
2026-07-11,72,29,197,232,11
2026-07-11,14,12,307,247.5,8
2026-07-11,2202,51,174,182.0,12
2026-07-11,219,40,173,196,13
2026-07-11,2232,24,233,232,7
2026-07-11,362,32,194,138.5,18
2026-07-11,5400,153,208,242.0,16
2026-07-11,221,47,223,160,13
2026-07-11,446,33,297,358.5,6
2026-07-11,302,23,247,195,9
2026-07-11,5899,147,103,102,15
2026-07-11,273,23,235,225.0,10
2026-07-11,5900,37,189,236.5,16
2026-07-11,32,26,288,256.0,10
2026-07-11,286,17,,210,5
2026-07-11,6314,619,137,155.5,10
2026-07-11,152,26,150,140,15
2026-07-11,295,46,194,242,9
2026-07-11,285,92,109,154.5,22
2026-07-11,6178,124,172,232,19
2026-07-11,2059,32,183,189.0,18
2026-07-11,36,16,233,289,5
2026-07-11,287,46,214,117,9
2026-07-11,94,27,222,225,9
2026-07-11,30,46,198,126.5,10
2026-07-11,188,45,246,283,17
2026-07-11,359,30,,267.0,4
2026-07-11,368,14,263,243.0,6
2026-07-11,398,60,267,267,23
2026-07-11,204,23,315,324.5,12
2026-07-11,270,14,232,259,7
2026-07-11,272,28,221,240.0,8
2026-07-11,351,370,282,252.5,26
2026-07-11,376,25,266,202,11
2026-07-11,1865,19,336,310,9
2026-07-11,2235,77,248,252,27
2026-07-11,1688,23,188,157.5,14
2026-07-11,197,14,214,277.5,6
2026-07-11,388,16,,273.0,4
2026-07-11,1517,35,136,161,9
2026-07-11,5,18,371,371,13
2026-07-11,3,35,342,195,17
2026-07-11,7,23,400,199,9
2026-07-11,4,35,337,337,15
2026-07-11,2321,25,489,347.5,14
2026-07-11,1689,26,416,296,15
2026-07-11,2058,25,327,325.5,14
2026-07-11,28,20,529,499.0,10
2026-07-11,305,60,320,306.5,22
2026-07-11,121,17,276,317.0,12
2026-07-11,2209,34,131,53.5,10
2026-07-11,2208,54,123,113,19
2026-07-11,283,24,137,137,5
2026-07-11,2215,44,121,107.5,12
2026-07-11,19,47,155,176,21
2026-07-11,370,77,119,119,7
2026-07-11,2532,62,169,171.5,14
2026-07-11,2230,29,110,134,15
2026-07-11,5485,47,155,188.0,18
2026-07-11,1695,33,268,173,17
2026-07-11,299,20,199,299.5,12
2026-07-11,1864,121,178,170,31
2026-07-11,296,34,161,172.5,16
2026-07-11,292,54,128,182.5,20
2026-07-11,212,24,120,131.0,6
2026-07-11,300,17,123,135,11
2026-07-11,263,427,143,143,15
2026-07-11,2173,35,273,166.0,14
2026-07-11,2518,75,227,359,17
2026-07-11,1,66,251,254.5,20
2026-07-11,5862,217,170,158.5,20
2026-07-11,15,68,197,178,15
2026-07-11,70,57,296,296,11
2026-07-11,2229,55,211,224.5,12
2026-07-11,241,24,334,296.5,12
2026-07-11,207,111,231,234,15
2026-07-11,61,33,161,176.0,10
2026-07-11,164,17,347,384.0,8
2026-07-11,366,36,252,293.5,10
2026-07-11,354,22,357,200,7
2026-07-11,1867,33,293,149,17
2026-07-11,140,15,303,355.5,10
2026-07-11,2060,26,311,311,13
2026-07-11,308,53,188,188,11
2026-07-11,2211,210,207,217,19
2026-07-11,2222,10,352,355.0,4
2026-07-11,23,59,203,213,25
2026-07-11,64,25,253,153.5,10
2026-07-11,158,69,225,225,25
2026-07-11,86,27,177,260.5,10
2026-07-11,90,86,198,147,19
2026-07-11,306,7,320,258,5
2026-07-11,304,41,205,259,15
2026-07-11,311,12,,471.5,4
2026-07-11,340,14,292,128.5,6
2026-07-11,179,31,196,205.0,12
2026-07-11,1706,26,244,191.0,18
2026-07-11,6261,19,189,171.5,6
2026-07-11,378,28,281,239.5,16
2026-07-11,320,52,216,267.5,20
2026-07-11,1707,31,176,170.5,10
2026-07-11,2192,53,146,208,21
2026-07-11,1582,53,150,186.5,18
2026-07-11,5566,39,130,168.0,10
2026-07-11,6308,82,121,142,17
2026-07-11,1693,18,212,212,13
2026-07-11,5590,63,90,138.5,24
2026-07-11,159,43,233,344,11
2026-07-11,5383,50,179,215.5,20
2026-07-11,1664,31,193,197.0,16
2026-07-11,2189,44,250,276,21
2026-07-11,325,46,126,145.5,10
2026-07-11,397,66,101,143,7
2026-07-11,186,74,85,116.0,16
2026-07-11,228,29,102,114.0,12
2026-07-11,157,55,89,107,15
2026-07-11,339,39,101,163.0,10
2026-07-11,6464,554,60,67.0,10
2026-07-11,153,52,101,99.5,14
2026-07-11,444,31,114,149,13
2026-07-11,342,46,92,133,11
2026-07-11,96,47,212,199,9
2026-07-11,54,15,299,309.5,6
2026-07-11,2253,52,200,182.0,16
2026-07-11,43,13,292,292,5
2026-07-11,312,27,244,200.0,10
2026-07-11,2255,32,253,158,13
2026-07-11,245,33,248,243.5,8
2026-07-11,5220,63,219,219,19
2026-07-11,42,29,280,187,11
2026-07-11,46,40,356,356,7
2026-07-11,1698,19,170,175.5,10
2026-07-11,1512,44,170,180.0,14
2026-07-11,155,17,173,185,9
2026-07-11,1702,31,137,137,13
2026-07-11,160,19,207,127,11
2026-07-11,5565,112,125,144.0,20
2026-07-11,438,30,127,157,9
2026-07-11,380,19,202,173.5,6
2026-07-11,307,29,142,142,13
2026-07-11,275,56,141,141,13
2026-07-11,145,30,263,263,9
2026-07-11,2062,11,331,333.0,10
2026-07-11,18,62,193,198,13
2026-07-11,240,48,205,205,11
2026-07-11,2167,21,239,239,11
2026-07-11,226,46,207,208.0,12
2026-07-11,216,44,182,225,15
2026-07-11,237,94,186,218.0,22
2026-07-11,5382,39,197,228.5,18
2026-07-11,5799,21,165,216,9
2026-07-11,223,67,181,193.5,16
2026-07-11,48,43,192,219,13
2026-07-11,2057,29,215,231,13
2026-07-11,217,12,,132.0,4
2026-07-11,180,58,106,119,9
2026-07-11,211,40,106,105.0,10
2026-07-11,358,61,109,110.5,24
2026-07-11,2272,32,139,157.5,16
2026-07-11,195,23,,230,7
2026-07-11,6241,552,158,158,19
2026-07-11,24,53,170,191.0,8
2026-07-11,92,25,247,261,11
2026-07-11,58,15,207,199.0,8
2026-07-11,256,45,194,240.5,22
2026-07-11,317,23,149,149,7
2026-07-11,6259,68,149,149,11
2026-07-11,303,70,170,184.0,16
2026-07-11,395,43,211,212,19
2026-07-11,1937,16,,201,9
2026-07-11,384,19,169,161,13
2026-07-11,2536,59,138,127.0,16
2026-07-11,137,32,163,82,9
2026-07-11,445,39,204,124,17
2026-07-11,6255,26,363,311.5,8
2026-07-11,387,5,360,360,3
2026-07-11,448,23,242,314.5,10
2026-07-11,168,20,135,126.5,14
2026-07-11,393,20,394,200.0,12
2026-07-11,184,32,258,169.0,16
2026-07-11,247,34,253,365.0,18
2026-07-11,112,16,238,184.0,8
2026-07-11,235,33,259,280,17
2026-07-11,63,25,230,185,9
2026-07-11,2053,13,299,260.5,10
2026-07-11,20,57,202,266,11
2026-07-11,248,34,165,191.5,12
2026-07-11,135,25,175,217.0,8
2026-07-11,2560,137,193,204.5,22
2026-07-11,2054,19,230,234.0,10
2026-07-11,6,47,348,301.0,18
2026-07-11,11,38,319,270.5,8
2026-07-11,2214,12,518,335,7
2026-07-11,1692,36,325,331,17
2026-07-11,5836,128,246,249,21
2026-07-11,363,16,388,388,7
2026-07-11,2500,19,171,194.5,8
2026-07-11,1687,62,220,253,21
2026-07-11,379,7,218,301,5
2026-07-11,403,16,183,241,7
2026-07-11,233,34,218,218,7
2026-07-11,143,31,194,287,11
2026-07-11,6250,89,284,233.0,4
2026-07-11,349,32,261,275,11
2026-07-11,357,29,240,324.5,16
2026-07-11,1697,40,265,268.5,16
2026-07-11,193,34,129,136,9
2026-07-11,1700,25,197,197,9
2026-07-11,365,41,109,110,15
2026-07-11,253,40,107,107,11
2026-07-11,338,46,141,141,9
2026-07-11,1713,30,174,174,15
2026-07-11,177,31,128,128,11
2026-07-11,390,41,92,119.0,10
2026-07-11,400,15,134,114,7
2026-07-11,333,43,107,141,11
2026-07-11,280,21,436,425,7
2026-07-11,394,13,,231.5,8
2026-07-11,1710,28,264,319,19
2026-07-11,2206,23,145,147.0,6
2026-07-11,2205,34,186,114.0,16
2026-07-11,2220,54,128,151.0,14
2026-07-11,2231,20,188,188,9
2026-07-11,315,18,281,147,7
2026-07-11,1651,49,182,197.0,14
2026-07-11,213,32,167,162.5,12
2026-07-11,277,23,219,192.5,12
2026-07-11,26,31,175,182.5,10
2026-07-11,189,17,270,113,7
2026-07-11,316,11,,64,5
2026-07-11,210,45,143,143,11
2026-07-11,6258,63,99,86.0,16
2026-07-11,181,802,90,52,23
2026-07-11,372,12,233,201,5
2026-07-11,392,23,125,131,5
2026-07-11,377,28,221,221,11
2026-07-11,360,18,265,273.5,10
2026-07-11,161,4,298,300.5,4
2026-07-11,1868,5,272,284.5,4
2026-07-11,375,6,,216,3
2026-07-11,2567,58,134,153,15
2026-07-11,1690,40,136,182,17
2026-07-11,222,31,171,187.0,6
2026-07-11,100,35,198,284,11
2026-07-11,246,32,163,163,17
2026-07-11,1866,29,216,242.0,18
2026-07-11,97,62,275,274.0,18
2026-07-11,139,21,301,241,11
2026-07-11,171,45,245,246,19
2026-07-11,2430,69,282,227.5,18
2026-07-11,47,47,286,305,17
2026-07-11,2227,16,,213,7
2026-07-11,185,25,248,248,9
2026-07-11,264,21,224,209.0,8
2026-07-11,5481,28,329,350,11
2026-07-11,6236,431,45,35.5,12
2026-07-11,1514,32,95,95,13
2026-07-11,367,25,158,161.0,10
2026-07-11,1231,38,157,203,13
2026-07-11,6262,145,109,112.5,10
2026-07-11,209,35,124,86,15
2026-07-11,329,34,96,90,7
2026-07-11,6173,51,214,210,7
2026-07-11,301,24,114,122.5,10
2026-07-11,6260,201,112,117.5,18
2026-07-11,314,25,90,92,13
2026-07-11,6416,86,146,146,7
2026-07-11,2237,35,94,116,9
2026-07-11,278,28,248,104,9
2026-07-11,220,40,206,218,17
2026-07-11,1694,44,195,186.0,20
2026-07-11,93,23,197,221,7
2026-07-11,127,35,331,240.0,8
2026-07-11,78,16,296,282,5
2026-07-11,165,22,209,205.5,10
2026-07-11,274,8,151,171.5,6
2026-07-11,1699,24,150,150,9
2026-07-11,451,17,152,228,7
2026-07-11,282,21,192,192,5
2026-07-11,192,22,221,222.0,6
2026-07-11,279,85,193,330,13
2026-07-11,383,25,143,145.0,12
2026-07-11,1863,46,177,184,17
2026-07-11,257,33,177,155.5,6
2026-07-11,62,23,,105.0,8
2026-07-11,66,39,290,347.0,18
2026-07-11,71,33,263,271,9
2026-07-11,79,37,251,263.5,10
2026-07-11,17,61,224,230.0,16
2026-07-11,80,26,253,218,13
2026-07-11,51,18,331,345,7
2026-07-11,87,57,253,204.5,32
2026-07-11,262,16,421,426.5,4
2026-07-11,1656,59,280,341,25
2026-07-11,259,41,338,397.5,8
2026-07-11,2271,48,181,204,23
2026-07-11,6422,256,179,200.0,10
2026-07-11,2224,43,201,220,19
2026-07-11,5269,276,170,162.0,16
2026-07-11,25,20,205,238.0,8
2026-07-11,95,31,227,182.0,4
2026-07-11,232,37,209,310,11
2026-07-11,6304,396,276,276,11
2026-07-11,2223,43,354,187.0,20
2026-07-11,218,10,243,245,7
2026-07-11,134,24,267,268.0,10
2026-07-11,2627,69,163,144.0,20
2026-07-11,261,14,187,187,5
2026-07-11,260,59,164,145,15
2026-07-11,1691,50,174,187.0,22
2026-07-11,2260,45,154,221,17
2026-07-11,6252,14,354,174.0,8
2026-07-11,1941,38,215,169,17
2026-07-11,1709,29,134,128.5,12
2026-07-11,334,19,138,125.0,8
2026-07-11,2381,31,279,288,9
2026-07-11,2061,9,390,224,5
2026-07-11,2217,35,347,229.0,14
2026-07-11,89,22,240,219.5,10
2026-07-11,163,26,244,177.5,16
2026-07-11,2023,27,160,194.5,20
2026-07-11,385,11,192,206,7
2026-07-11,77,24,146,195.0,8
2026-07-11,6256,78,95,95,9
2026-07-11,6483,254,102,90,7
2026-07-11,2037,29,317,273.5,18
2026-07-11,2234,89,445,164.0,14
2026-07-11,88,30,190,104,9
2026-07-11,355,12,209,271.5,6
2026-07-11,374,92,131,170,17
2026-07-11,352,18,230,230,7
2026-07-11,2282,31,199,219.5,12
2026-07-11,162,13,196,224.0,4
2026-07-11,382,16,195,195.5,8
2026-07-11,266,48,198,211,13
2026-07-11,5228,405,148,167.0,30
2026-07-11,447,39,125,95,13
2026-07-11,5622,106,144,144,15
2026-07-11,6370,78,89,121.5,8
2026-07-11,1711,63,101,118,13
2026-07-11,335,24,242,186.0,6
2026-07-11,2257,26,152,156.0,12
2026-07-11,243,27,169,144,7
2026-07-11,225,31,279,283.0,6
2026-07-11,5386,178,185,185,23
2026-07-11,142,49,232,244.0,8
2026-07-11,1630,25,209,175.0,6
2026-07-11,2180,165,132,115,41
2026-07-11,2185,32,143,144.0,10
2026-07-11,5794,30,104,106,7
2026-07-11,6276,156,87,81.0,8
2026-07-11,6421,36,177,194.0,10
2026-07-11,2225,7,,241,7
2026-07-11,6161,194,179,179,19
2026-07-11,250,39,152,164,9
2026-07-11,1367,41,249,180,17
2026-07-11,2270,34,198,212,15
2026-07-11,309,18,208,244,5
2026-07-11,5285,44,222,183.0,10
2026-07-11,318,10,223,127,5
2026-07-11,150,32,166,159.0,20
2026-07-11,2287,29,265,267.5,12
2026-07-11,21,59,175,163.0,16
2026-07-11,251,48,213,213,17
2026-07-11,255,20,215,225.5,6
2026-07-11,2218,29,183,183,11
2026-07-11,2064,31,115,122,15
2026-07-11,2063,59,127,168,17
2026-07-11,2181,61,192,173.5,10
2026-07-11,227,12,143,131.5,4
2026-07-11,67,33,264,338,13
2026-07-11,173,596,270,224,25
2026-07-11,6257,63,181,181,13
2026-07-11,128,20,142,142,7
2026-07-11,6371,37,134,115.0,10
2026-07-11,341,15,209,239,9
2026-07-11,440,43,152,182.5,14
2026-07-11,1703,34,132,132,11
2026-07-11,5901,43,90,90,11
2026-07-11,347,16,161,160,9
2026-07-11,133,36,122,122,7
2026-07-11,44,67,93,56,15
2026-07-11,6332,52,83,85.0,14
2026-07-11,336,24,128,128,15
2026-07-11,5854,107,87,92.5,8
2026-07-11,6138,98,80,80,5
2026-07-11,154,69,104,156.5,26
2026-07-11,437,25,239,158,11
2026-07-11,156,20,204,204,5
2026-07-11,238,17,155,180,9
2026-07-11,231,7,209,209,3
2026-07-11,1701,35,201,202,13
2026-07-11,174,10,313,289.0,6
2026-07-11,442,39,220,212,15
2026-07-11,441,15,260,267,7
2026-07-11,55,23,224,233,15
2026-07-11,120,51,351,245,19
2026-07-11,49,16,351,351,7
2026-07-11,126,40,276,270,13
2026-07-11,249,24,287,253.0,10
2026-07-11,244,59,388,191.5,18
2026-07-11,313,7,,172,5
2026-07-11,13,32,202,190.5,10
2026-07-11,2,37,328,256.0,14
2026-07-11,12,53,349,244.5,20
2026-07-11,8,17,381,239.0,8
2026-07-11,2228,23,,186,5
2026-07-11,6156,106,98,113.0,16
2026-07-11,837,43,123,163.5,8
2026-07-11,6538,42,93,140,7
2026-07-11,6461,283,65,83.0,12
2026-07-11,746,26,139,168,9
2026-07-11,5250,38,136,83,13
2026-07-11,1160,26,118,118,7
2026-07-11,919,12,188,188,5
2026-07-11,784,10,136,199.5,8
2026-07-11,2523,129,112,32,17
2026-07-11,895,14,140,140,7
2026-07-11,1055,56,113,125.0,14
2026-07-11,5426,33,92,79.0,12
2026-07-11,977,62,95,95,23
2026-07-11,1230,18,99,122,7
2026-07-11,2521,102,137,143,13
2026-07-11,6539,40,80,80,9
2026-07-11,6097,30,130,192.5,10
2026-07-11,5249,46,112,115.5,12
2026-07-11,680,14,,132.5,6
2026-07-11,6226,36,122,125,11
2026-07-11,6516,42,,124,7
2026-07-11,1188,34,143,69,7
2026-07-11,6240,115,72,137.5,14
2026-07-11,6347,9,102,109,5
2026-07-11,6372,59,108,118.0,12
2026-07-11,1246,28,138,151.0,12
2026-07-11,6480,133,74,197.5,8
2026-07-11,6348,17,134,220.5,6
2026-07-11,6317,42,136,162,7
2026-07-11,6316,55,94,94,5
2026-07-11,5762,35,110,157.0,16
2026-07-11,5577,44,125,131.0,10
2026-07-11,1872,33,111,145,19
2026-07-11,988,41,170,170.5,14
2026-07-11,1871,14,181,106,9
2026-07-11,1006,85,93,103,17
2026-07-11,1382,46,120,116.0,6
2026-07-11,699,28,143,163.5,8
2026-07-11,5236,68,137,115.5,20
2026-07-11,5424,21,,92.5,10
2026-07-11,6106,29,197,322,7
2026-07-11,867,25,86,168.0,10
2026-07-11,2389,39,107,107,15
2026-07-11,2522,28,70,101,17
2026-07-11,2117,35,80,80,13
2026-07-11,2118,14,131,179.0,8
2026-07-11,5623,78,114,145,17
2026-07-11,2611,148,105,44.0,22
2026-07-11,1258,91,86,178.0,10
2026-07-11,1671,27,117,136,9
2026-07-11,5342,36,179,175.0,12
2026-07-11,6110,39,107,119.5,10
2026-07-11,6114,12,,206.0,6
2026-07-11,874,36,96,156,7
2026-07-11,5639,73,57,55.5,14
2026-07-11,6112,35,165,106,9
2026-07-11,5640,37,63,47.0,12
2026-07-11,773,22,87,103.0,6
2026-07-11,945,15,87,26.5,8
2026-07-11,6069,33,65,113.0,6
2026-07-11,1201,88,57,73.0,14
2026-07-11,1019,28,136,81.0,12
2026-07-11,5227,219,113,88,15
2026-07-11,2387,19,150,79.5,6
2026-07-11,847,33,127,148,7
2026-07-11,5433,34,123,114.5,10
2026-07-11,835,23,112,153.5,8
2026-07-11,879,35,147,154,13
2026-07-11,788,45,125,121.0,14
2026-07-11,811,95,132,154,21
2026-07-11,822,34,126,147.0,10
2026-07-11,877,37,111,135,11
2026-07-11,766,40,76,117.5,10
2026-07-11,808,27,160,160,7
2026-07-11,6101,15,174,150.0,6
2026-07-11,6103,25,138,161,9
2026-07-11,868,12,175,175,7
2026-07-11,1715,27,111,114,13
2026-07-11,5265,51,88,77.0,20
2026-07-11,1056,73,115,75.0,24
2026-07-11,1167,31,113,229,5
2026-07-11,6105,23,,225.0,8
2026-07-11,1176,29,163,133.0,12
2026-07-11,700,28,91,106,11
2026-07-11,5413,38,112,77,15
2026-07-11,2388,26,99,99,11
2026-07-11,933,29,109,89,7
2026-07-11,1180,34,98,110.0,22
2026-07-11,2174,33,91,67.0,12
2026-07-11,5221,213,80,65.5,16
2026-07-11,2573,18,109,146,9
2026-07-11,905,190,137,30,19
2026-07-11,1066,23,105,135,11
2026-07-11,1046,89,76,99,19
2026-07-11,6503,134,71,71,5
2026-07-11,962,41,110,110,15
2026-07-11,1084,25,142,120.5,8
2026-07-11,878,23,87,119.0,10
2026-07-11,1644,32,75,96.0,8
2026-07-11,6477,228,81,108,11
2026-07-11,1186,25,152,146.0,6
2026-07-11,917,33,120,115.0,6
2026-07-11,1154,51,115,126,19
2026-07-11,1239,112,167,116,27
2026-07-11,976,38,134,110.5,14
2026-07-11,1639,25,181,192.5,12
2026-07-11,985,41,155,114.5,14
2026-07-11,5725,75,155,188,19
2026-07-11,1198,33,183,205,13
2026-07-11,2201,64,98,97.5,20
2026-07-11,2182,28,141,193,13
2026-07-11,5486,24,269,173,13
2026-07-11,947,53,71,81.5,8
2026-07-11,1347,53,88,123,15
2026-07-11,890,20,145,104,7
2026-07-11,1191,22,148,148.0,10
2026-07-11,5938,18,198,331,9
2026-07-11,1948,48,127,156,17
2026-07-11,1193,16,244,243.5,8
2026-07-11,5381,31,147,139.5,16
2026-07-11,1381,38,212,217.0,14
2026-07-11,1279,50,197,138.0,18
2026-07-11,1253,57,146,148.5,12
2026-07-11,1081,33,271,215,9
2026-07-11,1040,53,333,173.0,10
2026-07-11,2195,9,160,126.0,6
2026-07-11,1445,27,177,227,9
2026-07-11,5509,32,150,168,9
2026-07-11,1446,42,226,152,15
2026-07-11,5542,66,250,195.0,14
2026-07-11,1392,36,193,181.5,20
2026-07-11,1432,16,116,123,11
2026-07-11,2464,46,130,140,25
2026-07-11,1262,39,142,142,9
2026-07-11,1286,36,118,133.5,8
2026-07-11,1441,29,111,118.0,6
2026-07-11,5409,37,114,112,13
2026-07-11,1667,12,,72.5,4
2026-07-11,1412,66,104,97.0,10
2026-07-11,2031,19,74,90,13
2026-07-11,1068,20,145,151,5
2026-07-11,6429,39,120,224.0,8
2026-07-11,1800,41,124,125.5,16
2026-07-11,1966,7,206,128.5,6
2026-07-11,506,60,73,81.5,6
2026-07-11,733,62,80,43.5,16
2026-07-11,732,61,53,49.5,6
2026-07-11,6017,40,66,89.5,18
2026-07-11,1934,83,86,77.5,16
2026-07-11,885,51,77,86.0,16
2026-07-11,2143,26,220,211.5,18
2026-07-11,2146,32,95,140.0,12
2026-07-11,634,13,116,147,9
2026-07-11,2540,46,121,136,9
2026-07-11,2537,34,81,89.5,12
2026-07-11,2137,40,96,44,15
2026-07-11,886,131,62,41,23
2026-07-11,2283,36,88,125,15
2026-07-11,545,25,91,45.5,12
2026-07-11,2313,95,94,25.5,12
2026-07-11,2254,20,,116,11
2026-07-11,5746,50,178,178,17
2026-07-11,754,76,233,110,21
2026-07-11,118,15,240,153.0,6
2026-07-11,542,33,164,182,7
2026-07-11,458,22,167,98,5
2026-07-11,5769,58,178,178,13
2026-07-11,5852,48,205,91,9
2026-07-11,2448,62,86,124,15
2026-07-11,408,26,179,121,7
2026-07-11,5813,74,52,53.0,20
2026-07-11,5830,34,58,52.5,8
2026-07-11,5825,14,50,50,3
2026-07-11,5820,131,47,48.0,12
2026-07-11,5824,64,66,84.0,6
2026-07-11,5821,36,52,33,9
2026-07-11,5811,84,23,22,13
2026-07-11,2460,164,38,48.5,20
2026-07-11,5808,136,43,62,15
2026-07-11,5810,82,43,43,7
2026-07-11,5300,26,250,196.5,10
2026-07-11,416,35,177,213,13
2026-07-11,425,55,154,100.5,18
2026-07-11,2391,45,152,137.5,18
2026-07-11,2300,15,161,185.5,8
2026-07-11,2301,41,182,181,13
2026-07-11,2398,45,200,200,17
2026-07-11,1634,24,178,231.0,16
2026-07-11,5258,32,168,254,15
2026-07-11,417,36,136,114.0,20
2026-07-11,613,79,61,65,15
2026-07-11,2444,101,45,51.0,22
2026-07-11,5833,47,177,197.5,12
2026-07-11,5555,24,91,114,13
2026-07-11,536,77,79,60.0,10
2026-07-11,6018,35,94,182,7
2026-07-11,5334,52,95,104,19
2026-07-11,2470,135,73,36.0,26
2026-07-11,2447,46,48,65,15
2026-07-11,507,125,32,24.0,10
2026-07-11,2393,37,162,203,7
2026-07-11,2392,20,158,158,7
2026-07-11,85,58,105,120.0,30
2026-07-11,433,529,86,86,33
2026-07-11,2403,43,122,73.0,16
2026-07-11,871,181,114,26.0,24
2026-07-11,420,26,173,165.0,12
2026-07-11,2306,35,133,63.5,18
2026-07-11,2402,26,175,175,15
2026-07-11,423,21,140,134.5,8
2026-07-11,6510,170,40,40,9
2026-07-11,6012,131,60,81.0,20
2026-07-11,34,103,68,68,7
2026-07-11,5844,100,62,67.5,8
2026-07-11,2542,59,70,35.0,20
2026-07-11,6150,276,62,68.5,22
2026-07-11,2302,62,72,110,19
2026-07-11,6152,26,138,146.5,12
2026-07-11,6509,618,46,60,13
2026-07-11,2543,83,86,105.5,20
2026-07-11,474,214,85,46.0,30
2026-07-11,6434,108,110,79.5,16
2026-07-11,2147,61,103,97,19
2026-07-11,473,69,79,80.5,14
2026-07-11,6023,67,65,36.5,18
2026-07-11,1619,96,77,65.0,16
2026-07-11,6511,680,38,58,11
2026-07-11,864,52,116,126.0,8
2026-07-11,5444,31,122,146.5,16
2026-07-11,6024,188,48,59,23
2026-07-11,6378,43,75,75,13
2026-07-11,2459,44,67,69.0,14
2026-07-11,6377,30,77,22.0,8
2026-07-11,6290,79,45,80.5,18
2026-07-11,6176,94,41,48,15
2026-07-11,6022,36,36,38.0,10
2026-07-11,6440,671,35,41.0,10
2026-07-11,6403,31,61,64.0,8
2026-07-11,6476,524,74,86,11
2026-07-11,5443,100,54,56,23
2026-07-11,6179,131,49,63,13
2026-07-11,5281,21,84,87.0,12
2026-07-11,6009,51,82,92.5,16
2026-07-11,2455,29,73,73,9
2026-07-11,701,14,66,87.5,8
2026-07-11,911,22,53,55,5
2026-07-11,6481,50,62,62,7
2026-07-11,5756,185,43,33,13
2026-07-11,6343,22,102,107.0,6
2026-07-11,6291,104,54,63,13
2026-07-11,6423,291,50,30.5,10
2026-07-11,505,87,42,56,15
2026-07-11,2446,88,52,60.0,14
2026-07-11,2304,177,53,62,23
2026-07-11,5554,86,46,66.5,22
2026-07-11,5398,103,53,53,21
2026-07-11,455,31,109,117.0,12
2026-07-11,502,82,46,39,11
2026-07-11,2145,24,173,165,13
2026-07-11,450,10,101,133.5,6
2026-07-11,199,26,113,115,7
2026-07-11,35,71,97,110.0,20
2026-07-11,518,43,93,116.5,10
2026-07-11,512,74,78,83.0,8
2026-07-11,511,49,101,101,11
2026-07-11,2303,84,87,46.0,20
2026-07-11,29,63,97,105.5,22
2026-07-11,2155,15,137,167.0,10
2026-07-11,1874,77,165,115,13
2026-07-11,493,38,116,125,23
2026-07-11,6488,217,83,88,11
2026-07-11,6015,33,107,107.5,14
2026-07-11,6016,78,165,138.5,12
2026-07-11,5877,45,127,143.5,8
2026-07-11,41,26,98,119,13
2026-07-11,1935,19,130,107.0,8
2026-07-11,6020,59,84,85.5,14
2026-07-11,2405,39,91,55,15
2026-07-11,2456,57,97,108,17
2026-07-11,2451,104,72,76.0,16
2026-07-11,2150,30,101,70,15
2026-07-11,1717,35,150,186.5,14
2026-07-11,415,51,82,74,13
2026-07-11,406,194,83,91.0,20
2026-07-11,2264,51,104,70,13
2026-07-11,405,169,145,147.0,20
2026-07-11,2512,48,158,61,27
2026-07-11,407,16,239,86.0,8
2026-07-11,413,473,101,62.0,26
2026-07-11,2394,40,125,174,13
2026-07-11,412,48,109,109,5
2026-07-11,418,88,167,66,25
2026-07-11,2395,53,136,134.5,14
2026-07-11,1581,32,190,169.5,18
2026-07-11,499,16,136,120.0,4
2026-07-11,2404,42,186,199.5,14
2026-07-11,1719,50,172,176,15
2026-07-11,6199,168,45,70,21
2026-07-11,6215,64,57,37,15
2026-07-11,6200,62,87,206,13
2026-07-11,6489,289,82,114.0,14
2026-07-11,6320,99,46,55.0,8
2026-07-11,6376,61,80,84.0,10
2026-07-11,2450,40,75,88,13
2026-07-11,2538,39,119,153,11
2026-07-11,2285,58,60,78.5,18
2026-07-11,6360,71,61,62,13
2026-07-11,6362,16,66,76.0,10
2026-07-11,6351,17,,106,7
2026-07-11,2305,46,88,76,13
2026-07-11,2397,33,173,205,13
2026-07-11,471,34,158,167,7
2026-07-11,399,46,230,110.5,10
2026-07-11,469,46,157,173.5,22
2026-07-11,6327,141,178,241.5,18
2026-07-11,488,47,116,162,15
2026-07-11,1635,63,172,176,23
2026-07-11,391,28,143,143,9
2026-07-11,2396,91,143,182,17
2026-07-11,6328,88,201,250,13
2026-07-11,191,37,79,106,7
2026-07-11,2149,39,95,127,17
2026-07-11,2529,25,91,111,11
2026-07-11,6010,95,58,82.0,16
2026-07-11,2148,35,93,88,13
2026-07-11,2445,29,95,115.0,10
2026-07-11,6014,56,127,128.0,12
2026-07-11,6202,158,89,111,11
2026-07-11,464,28,94,94.5,12
2026-07-11,2539,36,132,72.5,18
2026-07-11,1576,31,127,129.5,14
2026-07-11,1718,35,138,138,11
2026-07-11,2406,42,146,146,9
2026-07-11,57,27,186,78.0,10
2026-07-11,510,31,134,136.0,10
2026-07-11,5315,49,116,125.0,18
2026-07-11,1606,45,124,131.5,18
2026-07-11,434,59,142,160,17
2026-07-11,1573,58,110,110,13
2026-07-11,602,41,162,193,11
2026-07-11,531,31,154,164.0,8
2026-07-11,530,39,171,145.5,6
2026-07-11,6518,130,37,38,13
2026-07-11,6546,722,66,83.5,12
2026-07-11,5350,37,55,38,9
2026-07-11,436,41,56,31,11
2026-07-11,5303,37,58,58,13
2026-07-11,6011,39,42,42,7
2026-07-11,5472,82,50,72,25
2026-07-11,2472,73,99,107,19
2026-07-11,1518,42,82,83.5,16
2026-07-11,6197,88,63,46,19
2026-07-11,2399,26,98,117.5,16
2026-07-11,774,36,84,46.5,14
2026-07-11,6277,282,33,28.5,18
2026-07-11,2242,35,99,78.0,12
2026-07-11,6374,21,131,87.5,4
2026-07-11,2481,167,117,143.5,22
2026-07-11,2318,89,67,52.5,10
2026-07-11,896,71,91,92.0,18
2026-07-11,2413,53,113,120,17
2026-07-11,6433,91,110,87,11
2026-07-11,6008,47,85,94.0,14
2026-07-11,6525,29,142,148.0,8
2026-07-11,6237,81,74,90.0,14
2026-07-11,6402,65,58,62.0,12
2026-07-11,5832,25,79,87.0,10
2026-07-11,2268,42,178,140.0,14
2026-07-11,6289,179,132,67.0,16
2026-07-11,402,33,182,75,7
2026-07-11,1873,114,122,122,23
2026-07-11,480,37,163,116,9
2026-07-11,465,64,101,103,21
2026-07-11,2400,45,128,126,15
2026-07-11,401,176,96,83.5,28
2026-07-11,6442,204,66,50.0,8
2026-07-11,573,27,170,135.5,8
2026-07-11,2151,33,140,163,9
2026-07-11,5719,95,162,162.5,16
2026-07-11,5841,53,122,102,13
2026-07-11,494,31,198,168.0,12
2026-07-11,5896,473,113,76.0,20
2026-07-11,534,27,188,200.0,10
2026-07-11,5440,230,172,134.0,14
2026-07-11,1466,35,174,146,17
2026-07-11,466,44,161,155.0,20
2026-07-11,5402,305,170,199,19
2026-07-11,1662,42,169,169,15
2026-07-11,498,103,,69,11
2026-07-11,2401,36,124,65.0,12
2026-07-11,497,41,131,101,13
2026-07-11,1875,109,135,47.5,22
2026-07-11,432,66,129,75,21
2026-07-11,234,43,142,120.5,10
2026-07-11,2505,133,129,129,19
2026-07-11,6353,261,90,76.5,12
2026-07-11,478,26,221,244,9
2026-07-11,483,13,210,251,5
2026-07-11,2632,52,211,121.5,18
2026-07-11,2263,70,167,178,17
2026-07-11,2630,99,97,43,9
2026-07-11,2307,36,109,126,11
2026-07-11,475,297,100,48.0,28
2026-07-11,172,23,,140,13
2026-07-11,537,88,106,106,19
2026-07-11,2316,24,68,90,15
2026-07-11,540,92,80,113,17
2026-07-11,6373,75,123,81,9
2026-07-11,456,71,78,93,9
2026-07-11,6490,82,98,120,7
2026-07-11,711,78,59,129,13
2026-07-11,203,108,61,61,5
2026-07-11,468,45,95,101,7
2026-07-11,1043,30,91,107.0,8
2026-07-11,167,128,52,57.0,18
2026-07-11,122,64,50,128,5
2026-07-11,470,78,53,62,13
2026-07-11,452,37,97,97,7
2026-07-11,1622,53,129,129.0,8
2026-07-11,6056,31,216,218.0,12
2026-07-11,5578,35,110,135.0,10
2026-07-11,201,48,86,105,11
2026-07-11,794,36,68,85,11
2026-07-11,2412,25,127,127,11
2026-07-11,553,53,222,249.0,16
2026-07-11,1665,73,182,234.0,18
2026-07-11,2309,39,174,72,13
2026-07-11,2315,133,171,93.0,12
2026-07-11,2314,38,182,176.0,14
2026-07-11,431,22,164,164,7
2026-07-11,2308,16,174,100.5,12
2026-07-11,1876,331,114,100.5,42
2026-07-11,595,57,147,95,23
2026-07-11,2241,125,129,139.5,30
2026-07-11,2449,36,108,86.0,8
2026-07-11,6482,552,72,77.0,10
2026-07-11,2141,33,127,101,13
2026-07-11,5219,48,179,147.0,18
2026-07-11,430,25,184,96.5,8
2026-07-11,2531,40,71,142.0,12
2026-07-11,6404,26,95,96.5,14
2026-07-11,6432,682,38,44.0,10
2026-07-11,5736,110,51,50.5,16
2026-07-11,2458,77,83,89,21
2026-07-11,2457,48,98,133,19
2026-07-11,6021,54,56,74,13
2026-07-11,467,76,90,90.5,16
2026-07-11,2152,62,103,77,15
2026-07-11,472,123,74,90.5,8
2026-07-11,269,53,78,88.0,6
2026-07-11,2461,30,129,185,17
2026-07-11,1670,76,98,77.5,16
2026-07-11,83,36,122,122,7
2026-07-11,460,26,96,116,11
2026-07-11,2158,27,160,180.0,12
2026-07-11,2410,65,76,59.0,20
2026-07-11,453,49,55,61,9
2026-07-11,6013,51,80,85.0,16
2026-07-11,6019,66,77,73.5,24
2026-07-11,6405,97,86,108.0,16
2026-07-11,5314,36,225,186,13
2026-07-11,485,27,244,244,13
2026-07-11,5316,31,240,159.5,12
2026-07-11,6282,215,144,64.5,12
2026-07-11,1642,49,337,255.0,10
2026-07-11,2613,101,281,139,19
2026-07-11,509,20,248,207.5,14
2026-07-11,1580,39,215,172.5,12
2026-07-11,1578,36,215,124,13
2026-07-11,481,32,,82.0,16
2026-07-11,5317,23,172,174.5,14
2026-07-11,1572,55,238,132.5,22
2026-07-11,2407,43,158,108,19
2026-07-11,508,32,176,176,11
2026-07-11,267,44,136,158.0,6
2026-07-11,1579,45,206,207.5,14
2026-07-11,1663,51,178,198.5,14
2026-07-11,486,9,312,127.0,6
2026-07-11,2431,36,177,209.0,16
2026-07-11,2411,38,213,238.0,12
2026-07-11,5552,251,57,27,11
2026-07-11,6458,622,98,98,9
2026-07-11,404,75,,83,7
2026-07-11,2462,39,111,141.0,12
2026-07-11,2317,57,77,61.5,16
2026-07-11,1189,79,101,101,23
2026-07-11,2631,82,98,98.5,20
2026-07-11,2154,93,56,62.5,16
2026-07-11,552,124,51,68,13
2026-07-11,462,39,115,115,7
2026-07-11,5827,15,49,48.5,4
2026-07-11,5807,47,68,85,11
2026-07-11,5818,15,51,51,7
2026-07-11,5822,24,43,47.0,12
2026-07-11,5828,19,,41,1
2026-07-11,5826,40,65,65,3
2026-07-11,5809,47,261,151,9
2026-07-11,5817,24,,45.0,6
2026-07-11,2310,296,27,23,17
2026-07-11,5816,63,62,66,9
2026-07-11,463,58,93,99.0,18
2026-07-11,461,45,56,71.0,10
2026-07-11,183,25,76,57.5,8
2026-07-11,2156,27,151,129.0,16
2026-07-11,2159,22,175,200.5,12
2026-07-11,2453,35,99,110.0,14
2026-07-11,454,24,89,111,5
2026-07-11,841,25,103,123.0,8
2026-07-11,756,58,88,93.5,12
2026-07-11,2312,37,83,143.5,10
2026-07-11,729,76,92,92,9
2026-07-11,409,59,71,71,7
2026-07-11,2142,25,,161.0,6
2026-07-11,2409,23,108,116.5,8
2026-07-11,2139,6,,216.5,2
2026-07-11,2157,22,,211.5,6
2026-07-11,2454,13,106,139,5
2026-07-11,6426,72,92,102.0,10
2026-07-11,6358,26,107,165,11
2026-07-11,6359,110,57,81.0,8
2026-07-11,1577,35,172,101,9
2026-07-11,459,41,102,102,15
2026-07-11,482,96,97,133.5,8
2026-07-11,6361,63,175,184,15
2026-07-11,119,41,115,115,5
2026-07-11,6419,319,67,66.0,8
2026-07-11,6485,109,68,90,21
2026-07-11,6357,92,,143,7
2026-07-11,6379,29,116,146.0,12
2026-07-11,6045,68,188,102.5,8
2026-07-11,2319,43,169,145.0,20
2026-07-11,2320,56,114,141,17
2026-07-11,429,46,167,197,15
2026-07-11,2414,21,182,107,5
2026-07-11,2415,34,134,145,11
2026-07-11,2065,40,152,169,17
2026-07-11,709,13,105,119.5,8
2026-07-11,2541,49,74,90,21
2026-07-11,39,26,82,85,7
2026-07-11,2153,43,65,65.5,8
2026-07-11,414,43,96,131.5,16
2026-07-11,6068,52,83,96.5,14
2026-07-11,513,15,89,146,7
2026-07-11,1605,47,56,77.0,18
2026-07-11,6002,32,72,96.0,12
2026-07-11,601,99,43,65.0,10
2026-07-11,6005,23,50,50,5
2026-07-11,6060,67,82,92,13
2026-07-11,2226,22,80,76.0,10
2026-07-11,1528,46,46,78.5,14
2026-07-11,804,83,77,27,17
2026-07-11,2326,40,72,86,15
2026-07-11,792,23,68,54.5,10
2026-07-11,608,25,71,77,11
2026-07-11,659,57,73,88,15
2026-07-11,1720,61,52,43.0,16
2026-07-11,2024,31,101,84.5,12
2026-07-11,1942,15,,103.0,10
2026-07-11,344,27,56,90.5,18
2026-07-11,5576,29,63,61.0,12
2026-07-11,1668,89,46,57,19
2026-07-11,721,10,,157.5,6
2026-07-11,2290,47,123,127.5,16
2026-07-11,593,24,151,151,9
2026-07-11,6443,572,97,97,13
2026-07-11,611,15,150,150,3
2026-07-11,1602,16,142,153,7
2026-07-11,1609,84,86,94,25
2026-07-11,578,12,118,142.5,8
2026-07-11,1962,16,111,209,7
2026-07-11,348,428,79,108,23
2026-07-11,5326,41,66,78.0,14
2026-07-11,6004,64,62,84,13
2026-07-11,569,40,75,68.5,8
2026-07-11,6232,9,90,50,3
2026-07-11,5435,37,66,67,13
2026-07-11,567,17,81,88.5,10
2026-07-11,5624,68,67,86.5,6
2026-07-11,6223,120,49,80,19
2026-07-11,5325,22,67,83,7
2026-07-11,6233,47,67,67,5
2026-07-11,1527,18,101,85.5,10
2026-07-11,600,18,,137,5
2026-07-11,642,49,77,85.0,8
2026-07-11,671,8,82,82,1
2026-07-11,609,15,72,126,5
2026-07-11,594,29,101,113.0,6
2026-07-11,5587,25,98,114.0,14
2026-07-11,5330,134,133,148,29
2026-07-11,596,12,103,116.5,10
2026-07-11,1961,16,124,131.0,12
2026-07-11,1726,66,55,55,7
2026-07-11,6331,182,73,84.0,12
2026-07-11,2421,37,162,68.5,10
2026-07-11,643,16,69,72.5,10
2026-07-11,624,31,104,121.5,16
2026-07-11,5575,124,53,32.0,18
2026-07-11,1728,42,77,79.0,14
2026-07-11,2418,35,93,100,11
2026-07-11,6312,336,53,64.5,10
2026-07-11,1616,18,73,91.5,10
2026-07-11,6003,57,27,89.0,10
2026-07-11,2281,30,54,64.5,16
2026-07-11,5468,124,25,20,17
2026-07-11,5722,23,68,103,7
2026-07-11,5423,35,73,61.5,16
2026-07-11,6526,61,,64.0,8
2026-07-11,5588,50,70,33,13
2026-07-11,2184,16,83,83,9
2026-07-11,5263,35,54,50.5,10
2026-07-11,1620,26,51,97,9
2026-07-11,2420,30,81,114,9
2026-07-11,568,25,91,101,9
2026-07-11,583,115,75,89.5,16
2026-07-11,580,35,67,108,11
2026-07-11,581,37,147,106,7
2026-07-11,2183,33,137,177,9
2026-07-11,863,415,53,70,25
2026-07-11,548,137,40,106,7
2026-07-11,690,42,86,86,11
2026-07-11,668,64,42,42,9
2026-07-11,683,50,34,31.5,8
2026-07-11,1725,30,64,98,5
2026-07-11,6380,54,86,65,9
2026-07-11,6459,51,75,136,7
2026-07-11,6344,310,48,48,7
2026-07-11,1604,18,133,104.0,10
2026-07-11,589,30,54,48.0,8
2026-07-11,615,31,60,60,7
2026-07-11,582,28,,77,7
2026-07-11,6430,96,83,123,13
2026-07-11,6507,333,33,48.5,14
2026-07-11,323,84,48,27,11
2026-07-11,6435,27,44,44,9
2026-07-11,6497,76,87,94,7
2026-07-11,289,59,102,102,9
2026-07-11,6325,115,60,45.0,6
2026-07-11,5867,101,70,74.5,10
2026-07-11,2025,31,103,103,17
2026-07-11,6508,103,41,43.0,6
2026-07-11,6364,52,60,64,11
2026-07-11,665,21,112,131.0,10
2026-07-11,793,45,59,67.5,8
2026-07-11,322,124,65,67.5,12
2026-07-11,2416,82,33,40,15
2026-07-11,564,126,36,44.5,8
2026-07-11,599,36,58,74,9
2026-07-11,586,13,67,79.0,10
2026-07-11,645,24,83,82.0,6
2026-07-11,6057,143,145,199,17
2026-07-11,1729,18,79,89,9
2026-07-11,2417,37,67,101.5,14
2026-07-11,1730,22,78,65.5,8
2026-07-11,1727,31,65,75.0,14
2026-07-11,6153,252,61,84,11
2026-07-11,1721,22,102,107.5,10
2026-07-11,2280,54,74,74,11
2026-07-11,6001,47,92,56,11
2026-07-11,324,37,80,70.5,8
2026-07-11,6062,137,139,159.0,32
2026-07-11,6418,313,26,27,17
2026-07-11,6132,235,119,149,29
2026-07-11,6224,84,119,159.0,20
2026-07-11,597,21,69,71.0,4
2026-07-11,633,18,77,89,13
2026-07-11,603,54,65,54.0,6
2026-07-11,6449,265,39,61.0,8
2026-07-11,6222,48,109,59,21
2026-07-11,6427,73,73,113,5
2026-07-11,5868,34,59,59,7
2026-07-11,5866,41,80,90.5,6
2026-07-11,682,47,52,24,11
2026-07-11,5748,46,102,119.0,10
2026-07-11,6363,34,70,86,7
2026-07-11,5570,68,42,48.5,6
2026-07-11,551,12,75,75,5
2026-07-11,6365,74,46,28.5,12
2026-07-11,288,72,35,66.5,12
2026-07-11,554,105,63,98.5,10
2026-07-11,6352,230,40,41.5,14
2026-07-11,298,59,61,66,11
2026-07-11,1722,39,70,91.0,8
2026-07-11,1724,39,62,86,11
2026-07-11,612,41,72,79,9
2026-07-11,598,42,45,52,9
2026-07-11,755,27,65,65,9
2026-07-11,647,32,58,56.5,6
2026-07-11,591,15,73,64,5
2026-07-11,5870,118,129,149,31
2026-07-11,2327,46,93,109.5,18
2026-07-11,6285,37,113,124,11
2026-07-11,2572,56,120,127,19
2026-07-11,2328,42,112,146.0,14
2026-07-11,2419,54,82,86.0,12
2026-07-11,880,43,78,97,13
2026-07-11,575,48,71,129.5,20
2026-07-11,2345,17,141,141,5
2026-07-11,2544,33,187,158,9
2026-07-11,2342,19,157,166.0,8
2026-07-11,2343,14,115,143.0,10
2026-07-11,547,15,,148.0,8
2026-07-11,1603,21,80,76,13
2026-07-11,2510,19,142,144,15
2026-07-11,6415,3,,224.0,2
2026-07-11,2329,2,,86,1
2026-07-11,1723,50,71,71,7
2026-07-11,563,42,39,56.5,6
2026-07-11,577,38,65,65,9
2026-07-11,2422,196,36,38,19
2026-07-11,2038,33,53,57.5,16
2026-07-11,1296,15,274,465,7
2026-07-11,1519,39,244,270.0,14
2026-07-11,2276,30,314,320.5,18
2026-07-11,2233,42,238,259.5,16
2026-07-11,2275,38,293,293,17
2026-07-11,6071,51,341,378,15
2026-07-11,1298,18,299,299.0,8
2026-07-11,6367,622,205,113.5,10
2026-07-11,2179,45,393,308.5,18
2026-07-11,1669,59,219,274.5,18
2026-07-11,1035,22,426,263,13
2026-07-11,1335,19,381,386,9
2026-07-11,1422,24,420,245.0,16
2026-07-11,6263,26,525,331.0,12
2026-07-11,6264,36,440,225,11
2026-07-11,5788,14,132,97.5,4
2026-07-11,5550,66,173,143.0,14
2026-07-11,1078,38,78,106,7
2026-07-11,5362,29,105,113,5
2026-07-11,5406,21,99,105.5,10
2026-07-11,6444,177,62,89,9
2026-07-11,5270,45,84,123,17
2026-07-11,5271,75,88,91,19
2026-07-11,5551,21,112,144.0,6
2026-07-11,5491,26,78,96.0,12
2026-07-11,5558,38,115,121,9
2026-07-11,6407,22,130,138.0,10
2026-07-11,5562,37,99,157.5,8
2026-07-11,5561,42,112,159,9
2026-07-11,6272,67,129,144.5,14
2026-07-11,6408,66,,119.5,14
2026-07-11,6409,7,,228,5
2026-07-11,6410,51,189,208.0,10
2026-07-11,5557,30,126,135,5
2026-07-11,5560,37,116,116,5
2026-07-11,6274,105,96,115,13
2026-07-11,6411,58,81,86,9
2026-07-11,6412,121,101,97,15
2026-07-11,5851,84,89,114.5,12
2026-07-11,6275,64,116,127,13
2026-07-11,5559,31,98,133.5,6
2026-07-11,6322,44,93,102,13
2026-07-11,6273,110,81,166,15
2026-07-11,1877,47,108,108,11
2026-07-11,1016,67,118,118,23
2026-07-11,1022,35,115,89.5,10
2026-07-11,996,35,137,135.0,8
2026-07-11,1590,29,129,191.0,12
2026-07-11,1882,24,154,131.5,8
2026-07-11,1732,32,150,207,11
2026-07-11,1419,31,103,129.0,6
2026-07-11,902,38,146,153,9
2026-07-11,5805,129,110,110.0,20
2026-07-11,5445,64,110,101,17
2026-07-11,2203,19,103,103,13
2026-07-11,1319,13,156,156,13
2026-07-11,1880,18,172,175.5,6
2026-07-11,1327,19,84,84,7
2026-07-11,1228,30,127,140.0,16
2026-07-11,1195,32,105,80.0,12
2026-07-11,1310,38,102,142.0,6
2026-07-11,5399,34,99,117,11
2026-07-11,1194,34,102,102,7
2026-07-11,1357,22,88,88,9
2026-07-11,1311,55,98,113.0,14
2026-07-11,2026,21,141,153,11
2026-07-11,5589,37,89,82.5,12
2026-07-11,1334,24,101,113.0,16
2026-07-11,1009,42,83,63.5,14
2026-07-11,1091,43,100,100.5,8
2026-07-11,1080,49,68,70.0,8
2026-07-11,1064,36,87,72.5,10
2026-07-11,1451,11,196,194.0,8
2026-07-11,1210,36,133,132.0,14
2026-07-11,1350,19,134,86,9
2026-07-11,1329,23,133,150.5,14
2026-07-11,991,32,151,82.0,8
2026-07-11,1737,29,136,138,13
2026-07-11,1251,32,121,170.0,16
2026-07-11,946,52,115,134,9
2026-07-11,939,22,145,184.0,6
2026-07-11,1185,25,96,53.0,6
2026-07-11,1166,20,135,161,5
2026-07-11,1341,34,66,66,11
2026-07-11,1349,51,78,129,15
2026-07-11,1355,12,,160,5
2026-07-11,1879,32,112,129,7
2026-07-11,925,25,182,88,7
2026-07-11,1184,30,104,104,7
2026-07-11,1731,19,128,169,11
2026-07-11,1232,24,,126,11
2026-07-11,1181,49,131,110.0,6
2026-07-11,1273,52,137,166,9
2026-07-11,1487,27,132,138.5,16
2026-07-11,1733,31,88,90.5,8
2026-07-11,5908,33,,193.0,8
2026-07-11,1359,37,87,98,13
2026-07-11,6381,42,107,120.0,8
2026-07-11,1344,47,126,131,9
2026-07-11,5447,53,101,74.5,16
2026-07-11,1884,23,163,200.0,8
2026-07-11,1400,42,87,94.5,12
2026-07-11,1322,11,151,151,5
2026-07-11,6025,37,127,149.5,12
2026-07-11,6026,23,102,139,9
2026-07-11,901,42,113,161.0,12
2026-07-11,1645,29,111,145,15
2026-07-11,5907,24,,163.0,6
2026-07-11,1943,28,119,124,9
2026-07-11,5905,61,64,57.0,12
2026-07-11,2238,22,,110,3
2026-07-11,1277,9,109,92.0,8
2026-07-11,1661,11,144,95,7
2026-07-11,916,31,160,125,13
2026-07-11,1883,35,149,155.0,8
2026-07-11,1259,24,250,248,7
2026-07-11,1878,21,148,117.0,6
2026-07-11,6382,19,139,197,7
2026-07-11,974,40,116,105.5,10
2026-07-11,983,14,121,121.5,8
2026-07-11,5909,40,190,190.0,12
2026-07-11,1448,73,95,94.0,12
2026-07-11,1314,34,144,163,7
2026-07-11,1502,32,144,144,13
2026-07-11,950,29,90,111.0,4
2026-07-11,941,40,86,101,25
2026-07-11,2435,43,107,123.5,20
2026-07-11,1734,8,117,200,5
2026-07-11,1110,31,81,99,17
2026-07-11,1351,28,139,198,9
2026-07-11,2040,19,100,176.0,6
2026-07-11,1433,30,71,92,7
2026-07-11,1098,17,146,148.5,8
2026-07-11,2204,15,97,75.5,8
2026-07-11,1190,13,99,119.0,10
2026-07-11,1111,11,97,96.0,8
2026-07-11,1881,16,,77,3
2026-07-11,1108,17,140,140,13
2026-07-11,1268,25,200,234.0,10
2026-07-11,1739,19,203,200.0,10
2026-07-11,1217,4,,177.5,4
2026-07-11,1443,29,199,140,11
2026-07-11,1308,25,162,151.0,12
2026-07-11,1740,36,166,190,23
2026-07-11,1345,49,175,183,23
2026-07-11,1326,31,162,160,15
2026-07-11,1209,25,162,178,15
2026-07-11,1293,15,252,211,9
2026-07-11,1738,25,,154.0,14
2026-07-11,1290,35,83,74.0,12
2026-07-11,2039,29,124,123.0,12
2026-07-11,1425,28,98,79.0,10
2026-07-11,1250,14,186,147.0,12
2026-07-11,6504,4,228,228,3
2026-07-11,1405,22,135,157,11
2026-07-11,1339,51,108,108,11
2026-07-11,929,25,127,128.0,12
2026-07-11,1741,22,131,150.0,8
2026-07-11,1297,13,104,117.5,10
2026-07-11,5446,47,121,100,15
2026-07-11,1218,27,144,144.5,18
2026-07-11,6027,57,195,201.5,10
2026-07-11,979,39,91,66.5,8
2026-07-11,834,47,,84.5,8
2026-07-11,1004,32,134,140.5,16
2026-07-11,856,19,118,118.0,12
2026-07-11,978,60,97,104.5,18
2026-07-11,1086,24,122,122,13
2026-07-11,984,24,150,90.0,16
2026-07-11,1027,15,125,146.0,6
2026-07-11,6039,38,140,74,5
2026-07-11,1074,27,91,99,9
2026-07-11,5906,35,77,77,13
2026-07-11,1130,19,107,110.0,8
2026-07-11,913,32,125,121,19
2026-07-11,5798,56,133,110,19
2026-07-11,1216,16,150,151,9
2026-07-11,1275,16,176,206.5,6
2026-07-11,1234,28,132,152,19
2026-07-11,1197,9,278,122.0,8
2026-07-11,1735,21,121,157,13
2026-07-11,1287,15,129,137.0,8
2026-07-11,1316,24,163,106,15
2026-07-11,1223,13,,103,7
2026-07-11,5401,8,136,140.5,6
2026-07-11,1229,18,182,197.0,8
2026-07-11,1272,58,92,104,27
2026-07-11,1736,5,145,185,3
2026-07-11,1131,13,157,83,7
2026-07-11,1526,22,132,132,7
2026-07-11,1254,10,153,123,7
2026-07-11,1226,23,194,103,11
2026-07-11,1289,26,119,121.0,4
2026-07-11,1601,16,112,79,9
2026-07-11,1600,40,125,113,17
2026-07-11,1144,36,96,102.5,14
2026-07-11,1119,25,118,127.5,12
2026-07-11,6209,67,197,195.0,16
2026-07-11,1501,31,179,194.0,8
2026-07-11,6028,26,102,118,7
2026-07-11,5267,30,99,120.0,10
2026-07-11,2027,27,93,102.0,12
2026-07-11,5340,41,80,80,7
2026-07-11,2138,25,79,86,9
2026-07-11,1320,18,,79,9
2026-07-11,1207,40,89,76.0,8
2026-07-11,1202,39,77,83,7
2026-07-11,6031,57,57,65.5,12
2026-07-11,1745,34,79,94,13
2026-07-11,6032,40,49,63.0,14
2026-07-11,1744,15,130,173.0,12
2026-07-11,5365,30,109,136,7
2026-07-11,5582,35,150,129,5
2026-07-11,1746,29,107,131,17
2026-07-11,5581,25,84,87,9
2026-07-11,6030,22,154,67.5,10
2026-07-11,1747,24,73,119.0,8
2026-07-11,5580,23,95,95.0,12
2026-07-11,1748,24,104,118.0,10
2026-07-11,5916,51,171,172.5,4
2026-07-11,5235,26,91,101,5
2026-07-11,2568,88,67,64.0,22
2026-07-11,1484,55,69,83.5,8
2026-07-11,1343,36,79,66.0,6
2026-07-11,5233,55,78,75.5,20
2026-07-11,1481,16,128,151.0,6
2026-07-11,1069,56,88,65.5,8
2026-07-11,2583,50,53,24,11
2026-07-11,6037,68,33,63.5,8
2026-07-11,2581,51,74,79.0,6
2026-07-11,1029,43,113,123.0,8
2026-07-11,2625,35,90,92.5,12
2026-07-11,1052,27,79,79,7
2026-07-11,2626,41,86,79,13
2026-07-11,5354,36,71,81.5,8
2026-07-11,5738,44,104,104,9
2026-07-11,5874,40,80,84.0,12
2026-07-11,5359,39,82,133,17
2026-07-11,1200,38,96,115,11
2026-07-11,1213,12,117,125.5,6
2026-07-11,1175,46,69,107.0,10
2026-07-11,5548,18,88,108.0,10
2026-07-11,1331,23,,71,7
2026-07-11,1424,18,116,138,11
2026-07-11,5764,169,70,70,13
2026-07-11,5913,35,125,146,15
2026-07-11,1945,25,96,107,19
2026-07-11,1240,35,58,56.5,6
2026-07-11,5835,32,122,129,11
2026-07-11,1238,29,70,71.5,8
2026-07-11,1282,31,56,65.5,6
2026-07-11,1053,48,43,47,9
2026-07-11,5910,12,,79.5,6
2026-07-11,5915,9,,178.0,6
2026-07-11,5911,72,89,114.5,10
2026-07-11,5912,28,119,154.0,14
2026-07-11,5914,18,,157,7
2026-07-11,6035,140,78,108.5,16
2026-07-11,6036,136,88,93,25
2026-07-11,1377,68,86,105.5,16
2026-07-11,1742,20,,187,7
2026-07-11,6491,423,29,32,11
2026-07-11,5803,90,68,94.5,20
2026-07-11,5837,61,79,83.5,18
2026-07-11,1124,17,50,95,7
2026-07-11,6266,49,62,62,11
2026-07-11,6265,95,53,60,17
2026-07-11,6120,27,130,100.0,10
2026-07-11,1137,14,100,125,7
2026-07-11,1050,38,78,91,13
2026-07-11,997,25,60,60,7
2026-07-11,6139,97,78,110,19
2026-07-11,957,50,73,101.0,24
2026-07-11,6033,21,146,149.0,6
2026-07-11,6267,40,99,128.5,16
2026-07-11,938,32,102,116,9
2026-07-11,1141,18,126,86,9
2026-07-11,924,73,98,146,13
2026-07-11,5456,38,140,131.5,20
2026-07-11,1155,34,115,128,9
2026-07-11,1077,51,135,125.0,8
2026-07-11,1183,3,,240,3
2026-07-11,5848,16,178,214.0,8
2026-07-11,6034,11,,183,7
2026-07-11,969,7,,112.0,4
2026-07-11,987,12,80,80,7
2026-07-11,6053,145,49,27,13
2026-07-11,5650,16,91,91,9
2026-07-11,1073,37,105,115.5,12
2026-07-11,6311,249,78,56.5,10
2026-07-11,6493,242,44,44,11
2026-07-11,1143,24,141,167.0,10
2026-07-11,6117,30,123,127.5,8
2026-07-11,967,34,93,81.5,10
2026-07-11,966,24,56,63.5,6
2026-07-11,965,30,109,109,7
2026-07-11,964,60,99,109.0,10
2026-07-11,1442,64,,82,9
2026-07-11,960,59,127,51,11
2026-07-11,6119,28,110,108.5,8
2026-07-11,1082,87,57,60.5,8
2026-07-11,6115,26,138,152.0,8
2026-07-11,1269,15,91,95,5
2026-07-11,1242,22,,95.0,8
2026-07-11,5793,50,130,174,17
2026-07-11,6531,246,102,70.5,22
2026-07-11,1353,33,106,67,13
2026-07-11,5459,70,108,143.0,18
2026-07-11,6278,360,74,77.0,24
2026-07-11,1463,12,163,142.5,6
2026-07-11,6149,73,137,176,19
2026-07-11,1452,66,56,61.0,12
2026-07-11,6534,48,78,59.5,6
2026-07-11,6336,95,53,90,7
2026-07-11,2582,13,86,97.0,6
2026-07-11,6213,28,84,94.5,10
2026-07-11,2643,27,53,71.0,8
2026-07-11,6469,61,78,85,15
2026-07-11,5492,32,112,112,13
2026-07-11,935,14,121,105.0,8
2026-07-11,1048,52,131,131,19
2026-07-11,910,33,106,125,11
2026-07-11,2239,28,,162.0,16
2026-07-11,5493,38,147,172,11
2026-07-11,1379,19,99,99,11
2026-07-11,940,24,89,89.5,8
2026-07-11,1001,44,97,111,13
2026-07-11,783,74,51,55.0,12
2026-07-11,1000,111,77,81.0,10
2026-07-11,6383,46,58,88,9
2026-07-11,5942,8,50,61.0,4
2026-07-11,2530,40,107,119,13
2026-07-11,1520,26,319,317.0,12
2026-07-11,2322,24,329,211.5,16
2026-07-11,2295,31,198,163,15
2026-07-11,5338,52,169,177,15
2026-07-11,1469,24,209,254,11
2026-07-11,2297,31,254,185.5,8
2026-07-11,5380,41,169,179.5,14
2026-07-11,1468,23,285,256,13
2026-07-11,1474,22,140,139.5,12
2026-07-11,848,20,301,229.0,10
2026-07-11,2296,25,246,135,9
2026-07-11,1488,27,318,245.0,12
2026-07-11,5355,35,114,114,13
2026-07-11,861,2,,95.5,2
2026-07-11,1409,31,127,151,11
2026-07-11,851,9,181,164.5,4
2026-07-11,2261,24,213,213,9
2026-07-11,970,40,166,137.0,22
2026-07-11,5337,36,201,126,15
2026-07-11,1513,11,,294.0,6
2026-07-11,6384,32,90,91,9
2026-07-11,6162,99,109,113,15
2026-07-11,843,14,136,165.5,8
2026-07-11,5256,34,124,124,15
2026-07-11,2294,34,130,151.0,14
2026-07-11,1594,31,133,128.5,14
2026-07-11,908,44,81,81,13
2026-07-11,6501,116,40,43.0,10
2026-07-11,1414,41,100,119.5,16
2026-07-11,5887,269,114,94.0,14
2026-07-11,5865,185,93,99,21
2026-07-11,891,29,121,121,13
2026-07-11,1522,9,,109.0,8
2026-07-11,6342,11,131,302,5
2026-07-11,930,33,127,111,15
2026-07-11,5796,64,142,166.0,20
2026-07-11,6283,244,69,67,21
2026-07-11,6385,18,90,104.5,6
2026-07-11,6330,166,83,118,11
2026-07-11,5257,129,53,43,21
2026-07-11,5255,370,51,47.5,20
2026-07-11,6086,32,89,89,11
2026-07-11,6074,68,181,202,13
2026-07-11,897,30,114,111.5,8
2026-07-11,6310,31,148,146.5,12
2026-07-11,2298,63,132,165.5,16
2026-07-11,2029,28,188,161,13
2026-07-11,1436,13,140,169,9
2026-07-11,5503,33,172,98.0,14
2026-07-11,5545,31,129,139.0,12
2026-07-11,1886,31,137,149,7
2026-07-11,1465,194,98,38.0,20
2026-07-11,5531,42,130,105.5,8
2026-07-11,1437,45,122,140,13
2026-07-11,6238,197,90,90,17
2026-07-11,5544,88,107,107,23
2026-07-11,1365,47,94,99,13
2026-07-11,5529,79,94,104.5,16
2026-07-11,1378,28,78,99.0,16
2026-07-11,1387,25,71,122.5,10
2026-07-11,5741,183,73,40,15
2026-07-11,5514,35,116,125,13
2026-07-11,6306,227,69,82.5,22
2026-07-11,1203,27,122,118.0,6
2026-07-11,6191,44,114,144.0,14
2026-07-11,1276,47,96,152,9
2026-07-11,1173,39,126,136.5,14
2026-07-11,5505,27,125,146,9
2026-07-11,5506,62,108,166,11
2026-07-11,6386,31,169,100,7
2026-07-11,5750,65,103,67,21
2026-07-11,1271,27,95,95,7
2026-07-11,1388,21,,101,9
2026-07-11,5538,8,193,193,5
2026-07-11,5543,26,151,190,7
2026-07-11,5532,31,147,148.0,12
2026-07-11,6230,217,81,34.5,8
2026-07-11,1515,37,99,83.0,12
2026-07-11,5507,18,145,173.5,8
2026-07-11,5795,29,190,218.0,10
2026-07-11,1753,10,,143.5,6
2026-07-11,1375,37,150,174.5,14
2026-07-11,5526,19,137,137,11
2026-07-11,2471,35,143,156,7
2026-07-11,2256,36,143,129.0,8
2026-07-11,1360,23,113,104.0,12
2026-07-11,1885,8,,78,3
2026-07-11,1309,16,189,189,9
2026-07-11,1397,56,197,135.0,18
2026-07-11,5534,47,178,178,15
2026-07-11,5537,42,202,232.5,16
2026-07-11,1823,30,350,353.0,10
2026-07-11,1438,42,78,89,11
2026-07-11,5508,44,126,100.5,12
2026-07-11,5525,38,128,133,15
2026-07-11,1352,60,139,142,23
2026-07-11,5511,105,143,138,17
2026-07-11,1431,29,146,108.0,12
2026-07-11,1356,22,183,195,11
2026-07-11,5510,6,143,114.0,6
2026-07-11,1361,26,139,139,9
2026-07-11,1471,70,141,60.0,8
2026-07-11,1750,24,,131,11
2026-07-11,1421,45,181,128,11
2026-07-11,1346,33,149,104.0,12
2026-07-11,1307,35,132,140.0,16
2026-07-11,1418,20,159,173,7
2026-07-11,6337,106,117,83,13
2026-07-11,1754,10,211,166,7
2026-07-11,1338,31,191,192,11
2026-07-11,5539,39,153,135.0,12
2026-07-11,5515,74,148,157.0,18
2026-07-11,5516,27,128,160,9
2026-07-11,1211,32,89,102.0,8
2026-07-11,5519,38,177,125,17
2026-07-11,5518,28,86,62,9
2026-07-11,1362,33,144,144,7
2026-07-11,5524,59,145,147.5,14
2026-07-11,1363,61,103,91,17
2026-07-11,5504,40,113,69.0,14
2026-07-11,1398,40,85,89.5,12
2026-07-11,5512,41,100,120.5,10
2026-07-11,1165,32,83,91.0,12
2026-07-11,5448,32,102,107.0,12
2026-07-11,1825,15,218,264.5,6
2026-07-11,1828,24,235,258.5,16
2026-07-11,1958,24,275,275,11
2026-07-11,5502,70,233,232.0,10
2026-07-11,1827,17,,82.5,4
2026-07-11,1129,9,147,104,5
2026-07-11,5520,27,151,103.5,10
2026-07-11,2561,23,147,177.5,8
2026-07-11,1755,8,,91.0,4
2026-07-11,1752,26,182,170,9
2026-07-11,5523,26,287,346.0,10
2026-07-11,1751,27,173,181,15
2026-07-11,1090,9,,136.0,8
2026-07-11,2463,42,196,178.0,20
2026-07-11,1812,10,,235,7
2026-07-11,5522,23,177,158,9
2026-07-11,1065,43,152,206.0,18
2026-07-11,1047,26,209,254,13
2026-07-11,2474,70,86,86,11
2026-07-11,1593,35,95,82.0,14
2026-07-11,5530,33,79,66.0,6
2026-07-11,5498,98,88,51.5,14
2026-07-11,1366,39,88,88,7
2026-07-11,5527,134,124,102,19
2026-07-11,5528,28,84,100.0,10
2026-07-11,5535,22,98,163,9
2026-07-11,5540,38,153,139.5,8
2026-07-11,1767,32,,106.0,12
2026-07-11,1138,35,90,95.5,10
2026-07-11,2134,36,112,118.5,12
2026-07-11,1402,98,118,64.5,16
2026-07-11,1763,29,,174.0,4
2026-07-11,2133,24,172,145,9
2026-07-11,1761,40,96,120.5,12
2026-07-11,1364,29,152,152,11
2026-07-11,1888,25,,126,7
2026-07-11,1187,21,155,147,7
2026-07-11,1760,18,,225.0,6
2026-07-11,5917,112,80,107.5,14
2026-07-11,2579,121,104,74.0,18
2026-07-11,6333,104,94,94,19
2026-07-11,6221,209,83,92.5,24
2026-07-11,1946,25,93,74,11
2026-07-11,1758,33,109,112.0,12
2026-07-11,6208,10,88,106,5
2026-07-11,1771,26,86,86,9
2026-07-11,5649,32,102,115.0,6
2026-07-11,5451,26,106,127,9
2026-07-11,1770,30,71,69,15
2026-07-11,1473,38,93,101.5,12
2026-07-11,1766,19,108,94.5,8
2026-07-11,5919,34,91,91,15
2026-07-11,1472,239,65,80.0,20
2026-07-11,1773,45,97,117.0,8
2026-07-11,1406,78,114,114,21
2026-07-11,5923,48,68,68.5,16
2026-07-11,5638,41,49,64.0,6
2026-07-11,1772,35,74,92,13
2026-07-11,5924,110,103,103.5,12
2026-07-11,1408,28,93,92.5,10
2026-07-11,5849,23,96,117,5
2026-07-11,2041,34,72,85.0,12
2026-07-11,1914,55,86,107,15
2026-07-11,5427,17,87,115,7
2026-07-11,5450,40,78,77.0,10
2026-07-11,1762,36,72,99,11
2026-07-11,2135,44,98,114,17
2026-07-11,1332,39,86,79.0,12
2026-07-11,5452,49,75,80,11
2026-07-11,1764,26,67,68,7
2026-07-11,5449,37,138,111,13
2026-07-11,1890,56,84,115.5,12
2026-07-11,5920,29,122,136,13
2026-07-11,5619,38,146,143.0,10
2026-07-11,1394,8,130,130,5
2026-07-11,2136,18,161,104.5,10
2026-07-11,1389,33,152,154,13
2026-07-11,2132,38,116,115.0,12
2026-07-11,6451,178,126,126,5
2026-07-11,6500,64,148,174,15
2026-07-11,1336,33,100,106.5,6
2026-07-11,1765,144,132,157,21
2026-07-11,1411,23,102,134.0,10
2026-07-11,6096,216,95,123,15
2026-07-11,5918,24,134,77.0,12
2026-07-11,1313,45,71,80,11
2026-07-11,6513,515,82,91.5,18
2026-07-11,5922,38,92,121.0,20
2026-07-11,5921,33,85,96,13
2026-07-11,6387,52,102,114.5,14
2026-07-11,1768,60,81,129,19
2026-07-11,1887,14,135,94.5,10
2026-07-11,1283,55,117,117,11
2026-07-11,5305,51,104,121,19
2026-07-11,1889,62,41,67.0,16
2026-07-11,1916,26,86,118.0,10
2026-07-11,1328,33,120,140,9
2026-07-11,1533,19,,69.0,8
2026-07-11,1538,139,107,107,21
2026-07-11,2618,12,132,142,7
2026-07-11,1227,34,84,107.5,14
2026-07-11,1918,20,138,186.0,12
2026-07-11,5242,32,79,102,15
2026-07-11,1536,109,80,71.5,22
2026-07-11,5927,51,78,72.5,12
2026-07-11,1534,267,100,150,17
2026-07-11,1426,39,127,29.5,12
2026-07-11,1539,74,103,160.5,18
2026-07-11,1920,51,101,85.5,22
2026-07-11,2499,37,99,136,9
2026-07-11,5343,102,108,66,19
2026-07-11,5925,51,122,149,19
2026-07-11,1547,29,150,155.0,10
2026-07-11,1535,28,,206.0,10
2026-07-11,1917,28,115,127.0,10
2026-07-11,1212,30,94,62,9
2026-07-11,5243,68,139,159,11
2026-07-11,1931,37,185,185,13
2026-07-11,1923,18,167,203,11
2026-07-11,5245,47,148,146,21
2026-07-11,1921,39,110,136,15
2026-07-11,1531,23,99,150.5,14
2026-07-11,5244,29,117,117.0,18
2026-07-11,1553,86,104,104,15
2026-07-11,1926,14,91,95.0,8
2026-07-11,1555,24,136,141.5,12
2026-07-11,5339,41,110,81.0,8
2026-07-11,1919,22,169,158.0,12
2026-07-11,1922,37,144,138,17
2026-07-11,1932,26,142,142.5,12
2026-07-11,1924,16,156,156,9
2026-07-11,1927,10,,225.0,6
2026-07-11,1915,25,68,83.0,10
2026-07-11,5727,111,113,128,23
2026-07-11,5453,43,98,73.5,14
2026-07-11,2495,63,148,119.5,14
2026-07-11,1537,18,172,175.0,8
2026-07-11,1930,23,118,199.5,10
2026-07-11,1929,23,87,72.5,8
2026-07-11,1928,14,108,109,7
2026-07-11,5873,114,132,114.0,20
2026-07-11,5648,38,129,127,15
2026-07-11,1420,31,102,102,13
2026-07-11,2494,42,82,83.5,22
2026-07-11,5241,19,112,99.0,12
2026-07-11,2504,588,60,68.0,46
2026-07-11,5327,25,126,145.0,8
2026-07-11,5614,16,96,102,7
2026-07-11,1544,22,107,109,7
2026-07-11,1358,24,146,97,11
2026-07-11,5454,22,98,144.5,8
2026-07-11,1543,143,124,133.0,14
2026-07-11,1925,29,119,126,15
2026-07-11,5246,12,84,84,7
2026-07-11,1552,39,125,131.0,10
2026-07-11,1933,18,176,136.0,8
2026-07-11,1541,24,107,104,5
2026-07-11,5647,35,94,90,19
2026-07-11,5405,109,104,107,15
2026-07-11,5926,46,147,155.5,12
2026-07-11,5403,47,109,115.5,10
2026-07-11,1542,30,136,154,19
2026-07-11,1545,39,136,160,13
2026-07-11,6323,101,60,70,11
2026-07-11,1548,27,85,125.5,12
2026-07-11,1036,162,131,157,21
2026-07-11,1085,14,136,91,7
2026-07-11,1071,11,110,128.0,2
2026-07-11,5455,50,98,98,11
2026-07-11,1012,16,113,112,5
2026-07-11,1099,15,169,175.5,10
2026-07-11,1087,34,110,115.0,20
2026-07-11,1088,26,109,113.5,10
2026-07-11,907,13,188,214,11
2026-07-11,1060,34,164,119,7
2026-07-11,6270,98,122,148.5,16
2026-07-11,1106,17,84,84,5
2026-07-11,1460,24,77,90.5,8
2026-07-11,853,27,80,80,7
2026-07-11,1132,18,142,142,7
2026-07-11,6269,60,114,96.5,8
2026-07-11,5473,42,97,74.5,14
2026-07-11,6094,56,122,88,17
2026-07-11,1142,43,79,79,9
2026-07-11,5651,40,101,103.0,16
2026-07-11,1140,269,63,29,23
2026-07-11,1161,33,60,80.5,6
2026-07-11,906,21,132,143.5,12
2026-07-11,6038,17,85,76.5,6
2026-07-11,1133,16,83,91.5,6
2026-07-11,818,6,116,116,3
2026-07-11,829,76,95,81,9
2026-07-11,918,25,101,95.0,12
2026-07-11,6465,20,87,69.5,8
2026-07-11,1007,23,105,105,9
2026-07-11,5635,20,103,103,9
2026-07-11,6239,105,84,84,17
2026-07-11,888,25,83,83,13
2026-07-11,1083,30,65,65,5
2026-07-11,6268,41,126,131,17
2026-07-11,5457,13,171,151,7
2026-07-11,1037,13,143,113,5
2026-07-11,1038,36,148,145.0,12
2026-07-11,2126,27,84,88.0,16
2026-07-11,5945,42,56,68,11
2026-07-11,5944,31,82,84.0,6
2026-07-11,5952,20,49,86.0,6
2026-07-11,5946,88,53,115.5,20
2026-07-11,2128,70,52,44.0,16
2026-07-11,5943,428,38,40,31
2026-07-11,6040,63,36,42,19
2026-07-11,5953,75,41,54.5,8
2026-07-11,2131,2,,191,1
2026-07-11,5949,54,28,54,13
2026-07-11,5363,33,86,115,7
2026-07-11,2466,26,93,107.0,12
2026-07-11,1788,28,120,120,13
2026-07-11,5718,26,117,135,13
2026-07-11,1790,19,100,123.0,6
2026-07-11,2653,51,107,109.5,8
2026-07-11,2621,14,77,141,7
2026-07-11,2637,176,80,96,17
2026-07-11,5706,22,121,121,9
2026-07-11,6211,124,61,47.5,8
2026-07-11,6368,249,46,44.0,8
2026-07-11,2330,17,,128.0,6
2026-07-11,2331,26,127,128,7
2026-07-11,5875,45,186,211.5,6
2026-07-11,5897,107,125,134,11
2026-07-11,5714,41,119,175,15
2026-07-11,5483,35,139,139,11
2026-07-11,5482,27,118,129,11
2026-07-11,1015,29,119,116.0,14
2026-07-11,5484,23,133,161.0,12
2026-07-11,6210,20,91,137,13
2026-07-11,1215,19,,64,7
2026-07-11,1793,27,84,143,11
2026-07-11,5715,39,150,159.5,10
2026-07-11,2334,19,110,110,5
2026-07-11,1796,80,89,164.0,12
2026-07-11,1168,17,,130.5,4
2026-07-11,1024,29,89,110,9
2026-07-11,2092,27,87,189.0,10
2026-07-11,2441,59,,46,7
2026-07-11,2072,37,116,125,17
2026-07-11,2120,33,142,97,13
2026-07-11,1164,71,62,62,7
2026-07-11,2333,18,,59.0,8
2026-07-11,5800,32,94,86.5,10
2026-07-11,2091,82,68,71.5,10
2026-07-11,2506,45,56,56,13
2026-07-11,2337,44,70,101,17
2026-07-11,2083,41,117,145.5,8
2026-07-11,1789,22,105,128.5,6
2026-07-11,1794,33,108,144.0,10
2026-07-11,2475,67,100,109,15
2026-07-11,1795,26,109,117,9
2026-07-11,1023,28,96,158,9
2026-07-11,993,46,109,90.5,8
2026-07-11,2122,45,132,81.5,14
2026-07-11,1791,43,112,138.0,8
2026-07-11,900,22,101,109.0,6
2026-07-11,2107,50,85,85,11
2026-07-11,921,20,94,99.0,8
2026-07-11,2564,142,83,89,15
2026-07-11,5347,31,94,147,13
2026-07-11,5633,41,133,119.0,12
2026-07-11,2076,39,116,127.5,8
2026-07-11,2423,35,128,128.0,10
2026-07-11,2440,51,79,82.5,22
2026-07-11,5224,74,108,92.0,10
2026-07-11,981,19,121,121,5
2026-07-11,5716,37,110,152,11
2026-07-11,990,11,84,142,5
2026-07-11,6495,565,61,64.5,6
2026-07-11,5765,35,126,198,11
2026-07-11,6196,136,70,76,15
2026-07-11,6225,19,,52.0,8
2026-07-11,6204,27,105,158,11
2026-07-11,5747,18,159,82,11
2026-07-11,2074,31,75,82.0,12
2026-07-11,1044,20,68,81.5,6
2026-07-11,6154,217,55,41,13
2026-07-11,2335,40,93,136,13
2026-07-11,2566,78,97,103,17
2026-07-11,5348,37,89,95,15
2026-07-11,2112,63,58,95,9
2026-07-11,1206,16,71,97,9
2026-07-11,6214,32,116,118,13
2026-07-11,2087,24,130,116,11
2026-07-11,1264,24,59,76,9
2026-07-11,2077,42,88,110.0,10
2026-07-11,1192,21,89,76.0,4
2026-07-11,944,35,78,78,11
2026-07-11,2116,29,100,160.0,12
2026-07-11,932,14,84,98,5
2026-07-11,1792,70,56,73,15
2026-07-11,5890,63,81,114.0,12
2026-07-11,2085,42,62,80.5,10
2026-07-11,6369,61,87,111.0,14
2026-07-11,2093,34,103,104.0,8
2026-07-11,2332,13,145,87.0,10
2026-07-11,2106,98,75,99.5,14
2026-07-11,5602,32,75,97.5,10
2026-07-11,2336,16,115,126.0,8
2026-07-11,892,18,95,53.0,10
2026-07-11,2078,91,68,83.5,14
2026-07-11,2073,36,102,136.5,14
2026-07-11,2442,42,55,66,15
2026-07-11,1163,18,74,78,9
2026-07-11,2080,83,72,120.0,16
2026-07-11,2100,54,68,93,7
2026-07-11,5751,40,94,120,9
2026-07-11,2101,35,106,119,11
2026-07-11,2089,31,115,107,11
2026-07-11,2113,34,96,112.0,16
2026-07-11,5335,24,86,78,13
2026-07-11,2090,40,77,80,11
2026-07-11,2105,47,83,98,19
2026-07-11,1786,15,107,83.5,6
2026-07-11,2079,110,71,97,9
2026-07-11,2439,87,71,111,11
2026-07-11,2103,445,76,85,17
2026-07-11,1196,59,139,137,17
2026-07-11,2104,138,85,103,17
2026-07-11,2443,133,62,62.5,24
2026-07-11,1020,72,55,55,13
2026-07-11,1014,46,62,70.0,6
2026-07-11,6006,24,95,144,11
2026-07-11,1621,17,74,145.0,10
2026-07-11,1008,46,136,136,11
2026-07-11,936,24,99,61.5,12
2026-07-11,2099,29,72,91,7
2026-07-11,5878,139,41,79,19
2026-07-11,5880,75,74,78,13
2026-07-11,5879,46,95,110.0,10
2026-07-11,6455,337,58,68.0,10
2026-07-11,5882,40,87,102,11
2026-07-11,2088,21,81,90.0,6
2026-07-11,1025,67,57,86,7
2026-07-11,5838,84,92,134,15
2026-07-11,1787,36,80,171,11
2026-07-11,2030,35,108,108,11
2026-07-11,2565,26,101,110,7
2026-07-11,5601,31,81,100,13
2026-07-11,2084,21,71,93.5,10
2026-07-11,5223,32,78,88.5,16
2026-07-11,5499,31,84,103,17
2026-07-11,899,43,126,138.5,6
2026-07-11,5935,36,183,244.5,12
2026-07-11,6305,75,134,140,23
2026-07-11,1597,21,147,178.5,10
2026-07-11,1205,29,86,46,7
2026-07-11,6388,65,85,39,9
2026-07-11,6389,45,57,85.5,10
2026-07-11,1324,19,110,110,7
2026-07-11,1947,31,139,50,11
2026-07-11,1598,62,130,185,17
2026-07-11,1599,21,103,103,11
2026-07-11,6309,1011,61,76.5,22
2026-07-11,1304,43,87,64.5,14
2026-07-11,1058,29,124,136.5,12
2026-07-11,1057,21,102,85.0,12
2026-07-11,5804,45,118,119.5,14
2026-07-11,1529,29,,113,13
2026-07-11,2244,74,143,150.5,34
2026-07-11,1018,52,122,122,11
2026-07-11,1059,13,150,190.0,6
2026-07-11,5770,62,160,136,15
2026-07-11,1076,68,67,61,19
2026-07-11,5321,32,56,59.0,14
2026-07-11,6462,600,44,44.0,14
2026-07-11,1778,18,82,88.5,12
2026-07-11,6391,28,170,170,9
2026-07-11,1776,29,61,69.5,20
2026-07-11,6229,42,118,141.5,14
2026-07-11,1093,39,87,82,7
2026-07-11,1095,37,68,85.0,10
2026-07-11,1114,25,70,88,7
2026-07-11,1096,29,91,91,5
2026-07-11,1104,40,109,110.5,6
2026-07-11,6171,35,170,107.5,8
2026-07-11,1089,20,107,67,9
2026-07-11,1033,27,77,96,13
2026-07-11,5934,22,123,123,5
2026-07-11,1243,34,175,167.0,12
2026-07-11,1237,31,140,140,7
2026-07-11,6537,682,78,90,19
2026-07-11,1383,57,91,85.0,14
2026-07-11,1171,24,113,131.5,6
2026-07-11,2274,11,70,136,7
2026-07-11,904,44,84,94.5,14
2026-07-11,1219,22,111,142.5,6
2026-07-11,1102,29,85,85,7
2026-07-11,889,97,109,19,9
2026-07-11,898,80,119,19.0,16
2026-07-11,5846,99,74,104,17
2026-07-11,1802,26,71,90,15
2026-07-11,989,39,87,133.5,8
2026-07-11,1079,16,74,74,7
2026-07-11,1115,42,115,115,11
2026-07-11,1112,25,86,86,5
2026-07-11,1097,25,110,120,5
2026-07-11,1123,37,80,74,15
2026-07-11,1002,33,137,137,11
2026-07-11,1199,57,106,76.5,8
2026-07-11,961,32,102,112.5,12
2026-07-11,1777,32,60,110.0,14
2026-07-11,992,64,80,88,15
2026-07-11,6280,169,55,45,13
2026-07-11,1017,26,89,84.0,12
2026-07-11,999,32,108,108,7
2026-07-11,5850,79,118,129.0,14
2026-07-11,2262,23,119,119,11
2026-07-11,1257,20,145,152.5,12
2026-07-11,1774,36,110,155.5,14
2026-07-11,1775,34,104,64,13
2026-07-11,1779,41,140,138.0,16
2026-07-11,1030,27,135,155,13
2026-07-11,1204,4,,69,3
2026-07-11,1666,28,127,127,13
2026-07-11,1222,8,161,173.0,4
2026-07-11,6061,74,119,119,11
2026-07-11,5936,50,107,130,11
2026-07-11,6390,31,118,126.0,10
2026-07-11,5933,72,66,70.5,16
2026-07-11,1005,35,163,163,13
2026-07-11,6203,277,85,72.0,42
2026-07-11,1011,42,112,126,15
2026-07-11,6195,105,89,84,11
2026-07-11,2467,49,165,122,21
2026-07-11,6129,142,155,90,17
2026-07-11,6329,327,224,201,23
2026-07-11,2279,326,243,203,31
2026-07-11,2252,123,157,139,27
2026-07-11,1530,59,188,179,13
2026-07-11,1782,316,206,182,31
2026-07-11,1266,95,211,211,13
2026-07-11,1295,49,168,204.5,10
2026-07-11,1337,24,121,116,9
2026-07-11,1395,41,142,142,13
2026-07-11,6425,177,181,98.5,8
2026-07-11,2600,170,298,131.5,20
2026-07-11,1637,18,171,128.0,12
2026-07-11,6544,629,,78,13
2026-07-11,1595,52,203,210.5,16
2026-07-11,1783,19,356,338,13
2026-07-11,1265,29,303,255,13
2026-07-11,1781,23,283,166.5,12
2026-07-11,1524,45,282,338,17
2026-07-11,5379,102,234,216,17
2026-07-11,1390,42,334,234.0,16
2026-07-11,1470,17,170,141.0,6
2026-07-11,1300,7,124,138.5,6
2026-07-11,1312,20,187,181,11
2026-07-11,5940,46,117,168,19
2026-07-11,1284,17,151,91.0,4
2026-07-11,1306,29,112,171,9
2026-07-11,1801,45,149,161.0,10
2026-07-11,5461,51,128,170.0,12
2026-07-11,1278,82,234,116.0,22
2026-07-11,1780,56,216,154,15
2026-07-11,1248,34,193,193,17
2026-07-11,2245,52,104,125.0,12
2026-07-11,2194,36,74,74,9
2026-07-11,1479,31,96,96.0,12
2026-07-11,1500,28,98,97.5,12
2026-07-11,1495,67,61,29.5,6
2026-07-11,5553,21,116,116,11
2026-07-11,1499,73,69,74.0,12
2026-07-11,5458,42,116,118.5,20
2026-07-11,1493,46,86,104,7
2026-07-11,1492,27,95,153,9
2026-07-11,1494,33,108,106.5,10
2026-07-11,6460,702,43,46.5,14
2026-07-11,1506,81,63,63,13
2026-07-11,6130,74,73,77,11
2026-07-11,1504,54,59,59,15
2026-07-11,2193,63,48,48,15
2026-07-11,1483,48,67,74,11
2026-07-11,1508,51,37,81.5,12
2026-07-11,1507,86,62,68.5,12
2026-07-11,1475,51,71,71.0,10
2026-07-11,6205,396,45,23,21
2026-07-11,2248,37,141,145.0,8
2026-07-11,5416,38,98,102,13
2026-07-11,2246,51,114,151,7
2026-07-11,271,6,134,97.5,4
2026-07-11,291,28,,85.0,10
2026-07-11,2251,52,103,142,9
2026-07-11,2247,21,130,133.5,4
2026-07-11,1294,3,,205,3
2026-07-11,1305,8,120,108.5,4
2026-07-11,1586,16,110,152,7
2026-07-11,1585,30,131,160,9
2026-07-11,1584,34,124,128,11
2026-07-11,1281,9,,180.5,4
2026-07-11,1583,30,112,126,11
2026-07-11,1592,26,124,137.0,10
2026-07-11,2616,19,110,118.5,6
2026-07-11,1333,47,153,164,13
2026-07-11,1368,24,150,108,13
2026-07-11,5937,62,154,181,19
2026-07-11,5939,43,123,129.0,16
2026-07-11,1321,50,139,141,17
2026-07-11,1396,20,181,201.5,8
2026-07-11,1949,66,151,145,27
2026-07-11,1785,50,118,118,27
2026-07-11,1952,34,129,147.0,16
2026-07-11,1291,25,135,124,15
2026-07-11,2607,50,184,184,9
2026-07-11,1525,32,160,154.0,10
2026-07-11,1369,10,,324,9
2026-07-11,5856,1499,174,98,31
2026-07-11,2269,33,214,214,11
2026-07-11,1386,255,242,244.0,26
2026-07-11,1784,56,290,187.0,18
2026-07-11,1169,64,178,188.0,8
2026-07-11,1214,30,171,184,11
2026-07-11,1292,192,158,152.0,22
2026-07-11,1521,29,167,169,9
2026-07-11,1208,27,143,157.5,10
2026-07-11,5579,42,159,143.5,14
2026-07-11,1951,39,150,158.0,24
2026-07-11,759,32,142,132,13
2026-07-11,1657,46,175,173.5,18
2026-07-11,1288,44,231,231,15
2026-07-11,1653,36,195,147.0,14
2026-07-11,1950,6,,216.0,4
2026-07-11,6271,56,222,225,19
2026-07-11,1380,24,194,199,9
2026-07-11,1225,52,85,134,11
2026-07-11,1256,44,178,178,7
2026-07-11,1261,26,151,130.0,6
2026-07-11,5895,28,165,191,9
2026-07-11,6499,22,137,169,5
2026-07-11,1672,58,295,261,17
2026-07-11,1157,39,95,95.0,12
2026-07-11,5843,54,109,108.0,8
2026-07-11,5787,15,95,108,5
2026-07-11,5563,15,120,124.5,4
2026-07-11,2608,31,148,125,7
2026-07-11,5238,18,113,120,7
2026-07-11,1178,50,119,115,9
2026-07-11,2624,12,78,112.5,8
2026-07-11,5634,17,90,147,9
2026-07-11,6532,58,102,136.0,16
2026-07-11,6535,23,127,156,13
2026-07-11,1252,25,101,107.0,10
2026-07-11,6192,46,104,111,13
2026-07-11,2606,64,72,67,7
2026-07-11,6355,57,122,140,13
2026-07-11,1170,37,133,211.5,10
2026-07-11,1179,50,114,88,7
2026-07-11,2636,24,103,119.0,6
2026-07-11,1447,18,83,83,5
2026-07-11,1146,31,,53,7
2026-07-11,6341,90,90,111,5
2026-07-11,1136,46,66,68.5,8
2026-07-11,6184,65,87,104,7
2026-07-11,1145,9,,91.5,4
2026-07-11,6055,65,105,105.5,20
2026-07-11,5395,27,104,121.0,10
2026-07-11,5930,32,103,104,17
2026-07-11,5932,53,103,87,17
2026-07-11,1149,33,88,105.5,12
2026-07-11,2555,50,97,116,19
2026-07-11,1139,42,140,149.0,8
2026-07-11,2547,25,71,114,9
2026-07-11,1128,13,129,137.0,6
2026-07-11,5471,21,,165,7
2026-07-11,2545,25,102,71,15
2026-07-11,2546,43,102,124,13
2026-07-11,2243,28,78,81,11
2026-07-11,5928,6,,145.0,4
2026-07-11,1399,11,176,176,5
2026-07-11,2554,7,130,148,5
2026-07-11,1151,30,109,100,9
2026-07-11,5929,97,100,152.5,18
2026-07-11,1117,35,110,137.0,14
2026-07-11,1127,15,99,130,9
2026-07-11,1135,34,92,101,15
2026-07-11,1120,19,129,202,9
2026-07-11,1107,20,108,108,7
2026-07-11,2556,13,119,119,11
2026-07-11,5393,20,90,91,7
2026-07-11,5394,23,103,98.0,10
2026-07-11,5931,7,,146,5
2026-07-11,2557,20,104,92.5,8
2026-07-11,2558,26,93,105,11
2026-07-11,1103,15,79,98,7
2026-07-11,1449,15,88,88,11
2026-07-11,6536,76,89,120,13
2026-07-11,1156,14,80,101.0,6
2026-07-11,2597,34,65,75.0,20
2026-07-11,6218,164,68,83.0,10
2026-07-11,1455,19,100,106.5,10
2026-07-11,6514,384,39,55.0,14
2026-07-11,1464,49,80,75,11
2026-07-11,1116,20,94,159,11
2026-07-11,2619,14,,95,9
2026-07-11,5494,33,74,78.0,6
2026-07-11,2559,26,80,86.0,10
2026-07-11,1491,11,66,60.0,6
2026-07-11,6182,28,126,148.5,10
2026-07-11,6533,52,78,112,11
2026-07-11,2598,117,76,76.0,26
2026-07-11,6183,46,153,145.0,14
2026-07-11,1121,17,72,80,11
2026-07-11,5396,34,84,149.0,16
2026-07-11,2585,14,104,122,5
2026-07-11,5261,24,128,85,13
2026-07-11,5436,58,93,98.5,14
2026-07-11,5998,96,119,125,29
2026-07-11,2586,38,105,143.0,8
2026-07-11,2615,54,82,126.0,8
2026-07-11,6392,54,79,90.5,12
2026-07-11,2587,33,97,121,7
2026-07-11,5989,46,77,83,9
2026-07-11,5779,24,113,145.5,6
2026-07-11,922,84,104,108.5,12
2026-07-11,2614,29,80,139,3
2026-07-11,903,15,118,118,7
2026-07-11,5996,18,120,119.0,8
2026-07-11,6438,31,97,114.5,6
2026-07-11,2588,17,76,121,5
2026-07-11,2589,21,70,81,7
2026-07-11,5780,54,112,119.0,10
2026-07-11,5777,51,59,94,17
2026-07-11,2590,53,57,101.5,8
2026-07-11,5990,195,53,53,5
2026-07-11,5781,77,35,90,11
2026-07-11,5778,56,96,103,11
2026-07-11,5995,189,38,80.5,26
2026-07-11,2594,50,67,67,9
2026-07-11,931,78,68,77.0,10
2026-07-11,2595,66,53,101.0,12
2026-07-11,5679,189,49,49.5,50
2026-07-11,5782,58,83,91,7
2026-07-11,2591,113,56,74.5,14
2026-07-11,5628,404,40,41.0,44
2026-07-11,5785,41,93,116,7
2026-07-11,865,83,55,75.0,6
2026-07-11,5783,39,77,60.5,6
2026-07-11,833,60,68,94.5,10
2026-07-11,828,48,84,68,17
2026-07-11,5672,271,52,37,49
2026-07-11,5997,29,128,170.5,12
2026-07-11,5776,34,137,157.5,12
2026-07-11,5992,81,113,188,23
2026-07-11,2592,59,130,121.0,10
2026-07-11,958,23,115,125.5,6
2026-07-11,948,93,84,84,11
2026-07-11,5784,50,63,79,5
2026-07-11,5993,47,93,168,5
2026-07-11,6393,25,113,83,5
2026-07-11,6000,19,,196.5,8
2026-07-11,5994,24,105,130,7
2026-07-11,5999,60,96,118,7
2026-07-11,515,33,141,86.0,8
2026-07-11,1895,31,176,176.0,14
2026-07-11,6089,72,113,82.0,12
2026-07-11,131,27,179,155,15
2026-07-11,1797,34,129,136.5,14
2026-07-11,5724,27,136,84.0,16
2026-07-11,138,24,143,67,11
2026-07-11,1799,52,112,131,21
2026-07-11,132,29,137,121.0,8
2026-07-11,1894,33,142,142,9
2026-07-11,6446,32,91,74.5,10
2026-07-11,2178,68,96,80.0,22
2026-07-11,187,26,161,178,7
2026-07-11,123,36,82,144.0,12
2026-07-11,560,44,153,82.5,14
2026-07-11,1798,43,103,155.0,12
2026-07-11,196,31,101,119,9
2026-07-11,6087,82,71,56,15
2026-07-11,5625,116,89,93,23
2026-07-11,198,31,135,131,9
2026-07-11,533,16,122,59,7
2026-07-11,2066,44,69,68.0,18
2026-07-11,6088,107,70,86,19
2026-07-11,495,32,145,88.5,4
2026-07-11,614,22,143,184,13
2026-07-11,5616,85,88,94,23
2026-07-11,492,29,98,98,7
2026-07-11,2067,40,146,107.0,10
2026-07-11,516,50,125,83.0,14
2026-07-11,5438,21,88,102.5,8
2026-07-11,5757,44,96,99,7
2026-07-11,6486,34,144,146,7
2026-07-11,1891,50,153,153,13
2026-07-11,5439,37,139,140.0,12
2026-07-11,1965,42,149,155,17
2026-07-11,175,37,123,137,17
2026-07-11,490,19,183,83.0,8
2026-07-11,5432,89,104,111,19
2026-07-11,489,40,179,145,11
2026-07-11,1964,52,103,123.5,28
2026-07-11,1963,27,,164,13
2026-07-11,182,9,159,159,7
2026-07-11,5876,84,94,94,15
2026-07-11,5604,128,94,87.0,22
2026-07-11,1938,12,,153,5
2026-07-11,74,12,,172,5
2026-07-11,477,28,137,109.5,12
2026-07-11,5753,54,77,86.0,20
2026-07-11,1893,32,100,96.5,14
2026-07-11,170,43,114,105.5,12
2026-07-11,1892,37,148,101.0,12
2026-07-11,166,20,115,130.0,8
2026-07-11,1241,72,139,151,11
2026-07-11,5941,36,143,143,17
2026-07-11,6517,539,57,80,19
2026-07-11,6324,251,55,55,5
2026-07-11,5460,47,120,116.0,14
2026-07-11,1092,16,179,301.5,6
2026-07-11,1032,24,,104,11
2026-07-11,1028,90,112,112.0,12
2026-07-11,1803,16,203,87,11
2026-07-11,1384,19,164,145.5,10
2026-07-11,6172,206,65,78,15
2026-07-11,1638,31,92,112,15
2026-07-11,1061,25,114,114,9
2026-07-11,934,19,152,189,11
2026-07-11,6158,39,95,116,11
2026-07-11,5391,37,97,111,19
2026-07-11,1450,30,111,116.0,8
2026-07-11,5735,25,119,149.5,16
2026-07-11,5464,23,112,160.5,12
2026-07-11,5497,17,133,174.0,10
2026-07-11,5462,14,122,164,7
2026-07-11,6349,101,127,90,13
2026-07-11,5463,18,118,112.0,6
2026-07-11,5420,79,62,62,23
2026-07-11,920,18,134,149.0,4
2026-07-11,912,72,103,127.5,14
2026-07-11,5392,63,44,50.0,16
2026-07-11,928,31,180,180,7
2026-07-11,6302,484,60,60.0,18
2026-07-11,6090,79,103,113.0,26
2026-07-11,6315,192,42,74.0,10
2026-07-11,2265,123,123,139,9
2026-07-11,1042,112,102,107.5,14
2026-07-11,6439,523,53,53,21
2026-07-11,1067,31,,117.5,6
2026-07-11,6073,68,103,115,21
2026-07-11,5797,15,79,94,5
2026-07-11,6217,50,78,122.0,12
2026-07-11,6420,243,49,47.5,6
2026-07-11,6181,25,89,121,11
2026-07-11,6335,43,95,95,9
2026-07-11,6334,49,93,93,11
2026-07-11,541,29,84,142.0,6
2026-07-11,2338,38,70,88.5,8
2026-07-11,2339,24,148,176,9
2026-07-11,5488,34,80,84,11
2026-07-11,6354,45,,154,5
2026-07-11,2629,29,97,93.0,16
2026-07-11,6163,137,63,59.5,24
2026-07-11,5489,28,66,82,11
2026-07-11,6313,126,43,49.5,12
2026-07-11,588,21,79,82,7
2026-07-11,556,27,89,113.0,10
2026-07-11,606,35,109,129.0,8
2026-07-11,5603,63,65,81,15
2026-07-11,5883,40,58,62,11
2026-07-11,706,23,77,107,13
2026-07-11,2098,23,78,103,11
2026-07-11,6201,12,,325,7
2026-07-11,5774,51,85,47.0,8
2026-07-11,813,20,116,97,5
2026-07-11,5884,70,58,79,13
2026-07-11,2108,71,52,72,17
2026-07-11,5775,117,56,39,25
2026-07-11,525,44,58,73,19
2026-07-11,587,13,103,103,5
2026-07-11,2476,15,140,140,5
2026-07-11,585,28,106,139.5,10
2026-07-11,5573,2,,244.5,2
2026-07-11,576,16,118,110.0,6
2026-07-11,555,8,,277.5,4
2026-07-11,718,22,73,74.5,6
2026-07-11,720,27,59,59,9
2026-07-11,5234,30,105,106,9
2026-07-11,550,31,78,79.5,12
2026-07-11,6091,97,78,164,11
2026-07-11,557,12,152,243.5,8
2026-07-11,2115,61,128,95.0,14
2026-07-11,2082,212,101,148.0,30
2026-07-11,5352,21,110,121,11
2026-07-11,6520,582,65,55.0,18
2026-07-11,786,20,,169.0,8
2026-07-11,779,31,95,110,9
2026-07-11,6417,63,83,113.5,14
2026-07-11,6424,450,59,66.0,12
2026-07-11,2628,20,179,129,13
2026-07-11,6085,13,128,151,7
2026-07-11,5881,88,70,93,17
2026-07-11,6528,169,50,50.5,8
2026-07-11,2094,218,64,86,13
2026-07-11,2341,41,90,102,17
2026-07-11,5885,65,113,139,13
2026-07-11,2111,40,75,95.5,14
2026-07-11,5353,28,140,103.0,10
2026-07-11,517,37,70,75.5,18
2026-07-11,5351,33,86,64.5,10
2026-07-11,2110,56,89,104.5,16
2026-07-11,2340,37,113,131,13
2026-07-11,2347,30,85,95,13
2026-07-11,6198,84,65,89,19
2026-07-11,5378,59,79,103,21
2026-07-11,546,13,72,86.5,6
2026-07-11,2109,34,98,117,15
2026-07-11,2097,96,56,79.5,12
2026-07-11,6453,246,53,34,9
2026-07-11,543,15,94,103.0,8
2026-07-11,6295,29,94,124.0,16
2026-07-11,5248,26,95,136.0,8
2026-07-11,2086,25,85,108.0,14
2026-07-11,523,26,95,121.0,6
2026-07-11,6529,77,84,84,5
2026-07-11,2346,20,113,179,11
2026-07-11,2348,13,123,123,7
2026-07-11,2095,45,87,113,11
2026-07-11,2349,32,78,94.5,6
2026-07-11,923,14,,84,7
2026-07-11,5222,29,108,146,15
2026-07-11,617,30,78,107,9
2026-07-11,632,26,92,126,15
2026-07-11,6297,24,131,182,11
2026-07-11,660,60,149,124.5,14
2026-07-11,5891,28,104,127,11
2026-07-11,955,30,130,225,7
2026-07-11,5955,35,106,120.0,12
2026-07-11,5620,33,164,171.0,16
2026-07-11,5954,31,134,178,15
2026-07-11,6296,27,190,133,11
2026-07-11,5297,92,168,168,17
2026-07-11,5437,14,123,84,9
2026-07-11,5404,21,86,93.5,6
2026-07-11,641,16,64,79,7
2026-07-11,570,33,52,61.5,10
2026-07-11,2605,15,79,133.0,10
2026-07-11,2603,50,55,26,15
2026-07-11,2602,74,65,49.5,22
2026-07-11,674,99,61,56.0,14
2026-07-11,681,25,55,45,9
2026-07-11,2604,25,63,50.0,8
2026-07-11,5948,70,53,63,7
2026-07-11,5950,47,49,58,9
2026-07-11,5397,413,35,54,13
2026-07-11,561,14,89,76.0,8
2026-07-11,6478,246,41,41,9
2026-07-11,2127,14,91,91,7
2026-07-11,2129,17,,125,9
2026-07-11,5364,15,73,85,7
2026-07-11,579,23,,80,5
2026-07-11,592,6,,155.5,6
2026-07-11,6492,98,62,108.0,6
2026-07-11,605,29,67,73,11
2026-07-11,5636,38,82,108,13
2026-07-11,6287,35,174,115.0,10
2026-07-11,5479,21,123,182.5,12
2026-07-11,2549,12,129,147,7
2026-07-11,869,31,113,115,11
2026-07-11,427,31,99,110,11
2026-07-11,421,25,105,105.5,8
2026-07-11,428,51,101,124.5,12
2026-07-11,435,22,144,145,5
2026-07-11,424,31,118,118,5
2026-07-11,689,48,50,53,15
2026-07-11,6436,38,119,152.0,6
2026-07-11,5951,13,,88,7
2026-07-11,5947,34,52,59.5,6
2026-07-11,572,21,102,118,13
2026-07-11,5331,72,72,86,13
2026-07-11,6454,89,74,88.0,18
2026-07-11,881,25,,158.0,8
2026-07-11,6441,145,70,129.0,8
2026-07-11,772,32,59,109.5,16
2026-07-11,5978,78,71,106.5,14
2026-07-11,745,67,76,82.0,12
2026-07-11,5981,117,113,113,19
2026-07-11,5641,55,86,92,15
2026-07-11,763,142,56,78.0,18
2026-07-11,5673,59,99,33,23
2026-07-11,5678,198,70,58.0,30
2026-07-11,1978,32,173,176.5,14
2026-07-11,2361,28,113,105.0,14
2026-07-11,5688,386,58,29,17
2026-07-11,5975,56,140,67,5
2026-07-11,937,57,50,56.5,10
2026-07-11,712,72,45,54,11
2026-07-11,5683,80,96,113,13
2026-07-11,5671,206,59,16,25
2026-07-11,5984,16,79,46.0,8
2026-07-11,5705,348,39,53.5,40
2026-07-11,5668,157,72,89,21
2026-07-11,764,33,66,89,13
2026-07-11,5986,47,89,108,9
2026-07-11,2551,110,109,131,15
2026-07-11,6340,241,67,57.0,8
2026-07-11,2569,75,138,106.0,20
2026-07-11,5987,44,90,128.0,12
2026-07-11,876,214,33,39.0,16
2026-07-11,765,44,77,86,9
2026-07-11,872,70,66,103.5,22
2026-07-11,797,96,67,81,15
2026-07-11,5754,18,70,136,9
2026-07-11,6298,25,121,146.5,12
2026-07-11,6063,248,99,108.0,16
2026-07-11,6185,22,98,131,7
2026-07-11,5629,56,69,81.0,28
2026-07-11,5251,75,80,50.5,10
2026-07-11,5695,104,84,35,13
2026-07-11,2646,53,52,80.5,20
2026-07-11,5697,199,65,22.5,12
2026-07-11,5744,64,104,140.0,10
2026-07-11,6299,17,134,236,9
2026-07-11,2601,35,137,76.0,10
2026-07-11,5689,50,129,119.0,14
2026-07-11,5700,20,114,141,9
2026-07-11,5698,362,58,31,21
2026-07-11,2647,29,66,95.5,14
2026-07-11,5632,549,42,38.0,16
2026-07-11,710,40,156,160.5,14
2026-07-11,1980,21,167,142,13
2026-07-11,760,37,91,108,7
2026-07-11,1979,27,151,164,15
2026-07-11,5656,10,112,124,9
2026-07-11,698,19,112,67.0,6
2026-07-11,866,45,73,73,9
2026-07-11,5977,19,79,82,9
2026-07-11,616,185,57,65.5,18
2026-07-11,761,190,51,35.5,16
2026-07-11,688,15,71,75.0,6
2026-07-11,1551,30,89,101.5,12
2026-07-11,5660,49,111,117,23
2026-07-11,5699,50,141,167,23
2026-07-11,5231,77,121,94.0,12
2026-07-11,5973,302,86,60.5,26
2026-07-11,5667,31,98,104.0,8
2026-07-11,5279,50,162,162,15
2026-07-11,1997,22,106,127.0,8
2026-07-11,1623,14,,146.5,8
2026-07-11,648,14,97,89,7
2026-07-11,638,8,92,95,7
2026-07-11,640,4,,250.0,4
2026-07-11,5773,50,97,97,13
2026-07-11,1955,10,189,94,5
2026-07-11,6123,13,125,138,7
2026-07-11,636,57,99,114.0,8
2026-07-11,6437,30,126,126,7
2026-07-11,6515,43,114,114,3
2026-07-11,6227,45,95,141.0,16
2026-07-11,5280,300,61,61,23
2026-07-11,1977,33,100,116,17
2026-07-11,5621,47,103,110.0,10
2026-07-11,796,35,88,88,9
2026-07-11,5277,122,70,61.5,16
2026-07-11,2013,37,74,62.0,10
2026-07-11,5240,61,83,87,23
2026-07-11,5972,49,87,135.0,14
2026-07-11,661,52,35,35,11
2026-07-11,6397,12,77,66.5,4
2026-07-11,5599,10,,91.5,8
2026-07-11,5637,20,93,119.0,12
2026-07-11,5737,29,64,92,5
2026-07-11,1967,37,86,93,15
2026-07-11,5664,22,82,102,13
2026-07-11,2006,125,59,61,13
2026-07-11,1995,213,59,67.5,20
2026-07-11,5665,85,78,85.5,28
2026-07-11,719,47,61,63,7
2026-07-11,6456,125,88,113,9
2026-07-11,666,80,50,60.5,14
2026-07-11,5645,142,80,31.0,12
2026-07-11,419,65,44,70.0,4
2026-07-11,2190,8,174,174,7
2026-07-11,6506,133,74,74,11
2026-07-11,5430,60,108,32.0,8
2026-07-11,2045,8,264,223,5
2026-07-11,1982,24,104,91.0,10
2026-07-11,639,43,103,138.0,6
2026-07-11,6109,26,126,100.0,10
2026-07-11,5272,57,169,181.5,8
2026-07-11,6170,54,94,119.0,16
2026-07-11,5655,28,86,78.5,10
2026-07-11,5676,174,99,125.0,34
2026-07-11,6121,25,,151.5,8
2026-07-11,6190,58,79,78.5,14
2026-07-11,654,39,60,60.5,10
2026-07-11,702,31,53,76.5,8
2026-07-11,704,50,62,37.0,12
2026-07-11,5682,84,62,78,25
2026-07-11,751,74,36,67.0,12
2026-07-11,767,97,31,39,11
2026-07-11,777,54,71,98,17
2026-07-11,1989,19,108,108,13
2026-07-11,5979,50,112,121,7
2026-07-11,820,56,93,87.5,14
2026-07-11,1563,37,99,151.5,10
2026-07-11,5659,80,82,112.0,38
2026-07-11,5644,284,111,132.0,20
2026-07-11,6395,15,136,194.0,10
2026-07-11,806,51,94,105,11
2026-07-11,6284,99,83,75.0,14
2026-07-11,803,51,85,89,9
2026-07-11,5670,34,91,116,9
2026-07-11,2644,105,98,63.0,10
2026-07-11,5988,30,95,114,17
2026-07-11,2043,24,117,143.0,8
2026-07-11,951,182,52,62,19
2026-07-11,6301,130,57,48,13
2026-07-11,6128,87,59,85.0,12
2026-07-11,2351,37,83,97.5,16
2026-07-11,6399,69,82,106,15
2026-07-11,5889,43,87,80.0,12
2026-07-11,2623,217,65,13.5,14
2026-07-11,6059,39,109,149,11
2026-07-11,5888,80,66,79,17
2026-07-11,2360,40,55,64,13
2026-07-11,5962,19,107,143,13
2026-07-11,2019,28,82,105.5,14
2026-07-11,1986,50,122,113.0,10
2026-07-11,5758,25,100,83.0,8
2026-07-11,1971,144,50,48,13
2026-07-11,5370,31,107,124,13
2026-07-11,2000,199,41,89,11
2026-07-11,1984,29,86,100.0,10
2026-07-11,628,52,47,47,7
2026-07-11,2362,78,32,40,29
2026-07-11,630,34,68,69.0,10
2026-07-11,5618,73,47,51,13
2026-07-11,1983,51,88,89.5,14
2026-07-11,5304,71,57,75,23
2026-07-11,1975,26,74,90.5,12
2026-07-11,696,14,90,90,5
2026-07-11,687,37,82,117,9
2026-07-11,5702,148,55,52.0,44
2026-07-11,6505,240,70,77.0,6
2026-07-11,6048,79,80,101,13
2026-07-11,5983,22,114,134,9
2026-07-11,6135,24,128,141,11
2026-07-11,5661,61,69,71,21
2026-07-11,6286,101,54,70.5,22
2026-07-11,652,52,73,92.0,18
2026-07-11,5663,32,130,97.0,14
2026-07-11,1566,8,,163,3
2026-07-11,854,25,124,162,9
2026-07-11,5593,19,122,152.5,12
2026-07-11,2641,32,110,180.5,12
2026-07-11,5971,30,75,112.5,16
2026-07-11,5967,19,77,77,9
2026-07-11,2596,23,62,90.5,10
2026-07-11,2640,52,113,84.0,14
2026-07-11,5592,30,89,133.0,12
2026-07-11,2528,14,113,132.0,10
2026-07-11,2357,64,46,68,19
2026-07-11,782,45,73,73,17
2026-07-11,5982,110,125,93.5,20
2026-07-11,817,67,78,121.0,22
2026-07-11,5296,289,125,97.0,16
2026-07-11,5980,73,140,55,13
2026-07-11,2352,34,186,186.0,18
2026-07-11,5341,32,152,182.0,14
2026-07-11,2044,26,127,114.5,14
2026-07-11,2259,15,144,171.5,12
2026-07-11,2599,114,81,49.0,18
2026-07-11,816,49,82,91.5,6
2026-07-11,1564,13,174,174,3
2026-07-11,5974,42,99,99,7
2026-07-11,812,61,97,82.5,8
2026-07-11,5965,29,80,103,13
2026-07-11,2517,21,88,105.5,12
2026-07-11,6468,122,48,71,15
2026-07-11,5336,41,62,100.5,14
2026-07-11,2520,43,80,101.5,10
2026-07-11,2563,21,85,112,9
2026-07-11,5964,53,82,122,13
2026-07-11,5346,96,78,90.5,18
2026-07-11,658,210,50,45.0,12
2026-07-11,5264,68,49,32.0,18
2026-07-11,6470,102,77,105.0,10
2026-07-11,6471,93,104,103,13
2026-07-11,6475,97,65,67.5,10
2026-07-11,6473,83,67,67,7
2026-07-11,6472,71,72,72,7
2026-07-11,6474,66,55,70,9
2026-07-11,5976,62,68,31.5,12
2026-07-11,5646,64,51,45.5,12
2026-07-11,757,86,55,57.0,16
2026-07-11,749,158,54,76.0,18
2026-07-11,6058,213,48,50.0,14
2026-07-11,727,181,32,33.0,14
2026-07-11,2648,31,119,162.5,12
2026-07-11,2047,42,120,120,15
2026-07-11,5302,50,71,91.5,18
2026-07-11,5790,265,61,94,25
2026-07-11,750,31,59,64.0,8
2026-07-11,5703,224,81,89.0,28
2026-07-11,411,33,74,79.5,6
2026-07-11,675,27,73,113,7
2026-07-11,5957,39,137,157,17
2026-07-11,5600,25,88,122.5,14
2026-07-11,2533,34,90,94.0,10
2026-07-11,2535,111,109,140,13
2026-07-11,5959,66,57,71,27
2026-07-11,2570,92,71,71,9
2026-07-11,6527,574,20,21.0,18
2026-07-11,2277,49,47,79.5,6
2026-07-11,1956,64,52,38.0,20
2026-07-11,679,44,62,48,9
2026-07-11,2353,22,92,36,11
2026-07-11,778,29,44,44,7
2026-07-11,5969,26,139,155.0,12
2026-07-11,5966,119,77,89,21
2026-07-11,791,22,62,70.5,8
2026-07-11,2525,88,148,148,17
2026-07-11,5691,181,71,32,15
2026-07-11,5985,70,82,96,13
2026-07-11,5642,48,93,41,11
2026-07-11,2650,48,87,98.5,12
2026-07-11,6502,80,82,69,23
2026-07-11,5218,223,89,120.5,16
2026-07-11,884,31,68,79,11
2026-07-11,6326,61,67,115.5,10
2026-07-11,805,49,85,49.0,8
2026-07-11,844,60,36,36,5
2026-07-11,6231,235,45,67,15
2026-07-11,1561,66,50,52.0,10
2026-07-11,5693,271,56,20,19
2026-07-11,657,53,28,33,11
2026-07-11,855,62,68,81,11
2026-07-11,637,148,41,20.0,16
2026-07-11,5237,45,104,123,17
2026-07-11,2513,82,59,66,13
2026-07-11,5428,19,82,78.0,6
2026-07-11,1981,34,89,115,7
2026-07-11,2527,37,74,98,19
2026-07-11,6070,224,104,31,13
2026-07-11,5429,54,161,93,11
2026-07-11,2509,17,97,99,9
2026-07-11,2437,32,81,98.5,12
2026-07-11,1994,144,55,51,25
2026-07-11,882,32,95,95,7
2026-07-11,5669,56,136,94.0,26
2026-07-11,422,32,99,103,11
2026-07-11,2001,26,76,81.0,8
2026-07-11,5626,59,78,112.0,18
2026-07-11,2005,490,53,52.5,20
2026-07-11,1953,26,77,66,13
2026-07-11,6160,39,88,158,11
2026-07-11,2009,36,78,104.0,10
2026-07-11,6188,224,56,29,17
2026-07-11,622,54,72,76.0,10
2026-07-11,1954,18,89,114,11
2026-07-11,621,50,52,63.0,12
2026-07-11,618,42,70,71.0,10
2026-07-11,5375,38,85,96,21
2026-07-11,1996,14,100,100,9
2026-07-11,6300,53,58,72.5,14
2026-07-11,2553,225,80,39,17
2026-07-11,2502,11,,187,9
2026-07-11,2068,22,158,96,13
2026-07-11,2046,17,131,199,9
2026-07-11,2014,30,140,117,17
2026-07-11,5654,56,99,101,21
2026-07-11,6082,603,70,78,19
2026-07-11,708,49,74,74,13
2026-07-11,734,110,86,115,19
2026-07-11,821,189,56,56,43
2026-07-11,713,144,48,71,39
2026-07-11,6177,59,96,123.0,14
2026-07-11,1968,32,57,72.0,12
2026-07-11,2634,58,125,129.5,16
2026-07-11,6366,15,122,165.0,12
2026-07-11,5229,74,83,83.5,14
2026-07-11,5284,41,110,155,11
2026-07-11,1991,25,113,126,13
2026-07-11,5598,74,107,116,19
2026-07-11,2363,34,80,93,17
2026-07-11,758,67,59,77.0,24
2026-07-11,667,105,41,40.0,12
2026-07-11,670,163,52,57.5,16
2026-07-11,2534,67,77,77,11
2026-07-11,655,30,80,80,7
2026-07-11,1998,108,59,59,19
2026-07-11,1003,60,66,76,19
2026-07-11,725,64,61,62.0,6
2026-07-11,2004,38,73,152.5,14
2026-07-11,715,30,47,47,7
2026-07-11,6104,58,106,159,13
2026-07-11,5723,104,59,63.5,22
2026-07-11,1957,27,77,77.5,10
2026-07-11,2359,76,59,67.5,24
2026-07-11,845,34,72,79.5,4
2026-07-11,858,55,38,38.0,12
2026-07-11,5275,204,68,42.5,14
2026-07-11,840,27,68,116,7
2026-07-11,2356,76,65,59.5,32
2026-07-11,883,34,81,24,11
2026-07-11,737,71,50,50,11
2026-07-11,739,103,43,43,7
2026-07-11,6394,30,90,142.5,10
2026-07-11,2550,27,102,113.0,12
2026-07-11,5594,49,108,126,15
2026-07-11,1988,33,81,69,15
2026-07-11,5323,23,72,82,9
2026-07-11,2633,25,104,78.5,8
2026-07-11,744,221,86,66.5,20
2026-07-11,6075,157,103,66.5,14
2026-07-11,2511,63,103,98.0,10
2026-07-11,6167,33,145,166.0,12
2026-07-11,748,17,61,60.0,4
2026-07-11,5692,79,78,59,19
2026-07-11,2639,191,83,26,9
2026-07-11,426,28,86,90.5,10
2026-07-11,1976,27,92,95,13
2026-07-11,5685,39,88,139.0,18
2026-07-11,5239,31,94,89,17
2026-07-11,6319,53,87,92,19
2026-07-11,2562,20,89,102,7
2026-07-11,814,20,84,106,9
2026-07-11,801,42,143,157,21
2026-07-11,651,144,114,114,13
2026-07-11,1177,149,46,46,5
2026-07-11,6125,17,161,164.5,10
2026-07-11,2003,73,46,54.0,8
2026-07-11,5958,680,49,75,31
2026-07-11,5596,30,117,107.0,10
2026-07-11,2365,22,65,78.5,12
2026-07-11,2638,89,100,107.0,18
2026-07-11,5687,32,94,144.0,16
2026-07-11,6494,149,70,70,9
2026-07-11,5686,192,67,77,21
2026-07-11,6396,20,131,152,5
2026-07-11,789,27,83,89,9
2026-07-11,5963,157,70,68.0,10
2026-07-11,1990,23,71,71,7
2026-07-11,669,92,63,71,9
2026-07-11,673,165,46,53,23
2026-07-11,2011,10,91,24,5
2026-07-11,5968,35,83,78,15
2026-07-11,5617,40,74,71.5,12
2026-07-11,785,44,60,86.0,8
2026-07-11,5694,163,48,19.0,16
2026-07-11,6050,132,40,40,7
2026-07-11,6496,62,93,135.0,10
2026-07-11,6541,163,76,81.0,18
2026-07-11,6051,53,110,150.5,10
2026-07-11,5377,39,112,112,11
2026-07-11,807,19,88,93.5,8
2026-07-11,6122,11,60,60,7
2026-07-11,5324,39,90,46,7
2026-07-11,653,76,62,62,9
2026-07-11,2017,24,80,182.0,12
2026-07-11,815,76,98,59.5,8
2026-07-11,644,12,108,128,7
2026-07-11,649,33,107,95.5,18
2026-07-11,6102,59,149,194,11
2026-07-11,6479,13,106,111.0,4
2026-07-11,5684,158,70,70,17
2026-07-11,5643,30,91,73,13
2026-07-11,5732,39,80,73,13
2026-07-11,722,25,95,95,5
2026-07-11,6307,142,62,74.5,8
2026-07-11,5652,81,53,64.0,22
2026-07-11,780,53,73,95.0,24
2026-07-11,781,127,86,86,17
2026-07-11,790,12,,53,5
2026-07-11,6107,59,174,196,17
2026-07-11,1973,22,86,138.0,12
2026-07-11,943,28,55,56,9
2026-07-11,5597,32,87,108,13
2026-07-11,2016,16,65,75.0,10
2026-07-11,873,34,69,90,9
2026-07-11,6098,20,94,98.0,8
2026-07-11,875,36,58,95,7
2026-07-11,5960,11,161,138.5,6
2026-07-11,5970,24,97,139,13
2026-07-11,2652,131,78,56.0,8
2026-07-11,5709,33,94,124.0,14
2026-07-11,1049,55,86,69,13
2026-07-11,5674,524,55,65.5,62
2026-07-11,5675,92,56,66,29
2026-07-11,5666,170,69,92.5,48
2026-07-11,5276,446,49,68,19
2026-07-11,2654,114,82,76.0,24
2026-07-11,2649,20,89,93.5,12
2026-07-11,5657,53,72,98,15
2026-07-11,620,43,72,72.5,10
2026-07-11,5768,51,74,88.5,18
2026-07-11,619,41,80,79.5,6
2026-07-11,2007,47,104,105.0,18
2026-07-11,6124,17,117,139.5,6
2026-07-11,627,32,47,91,5
2026-07-11,6151,138,55,55,21
2026-07-11,1987,17,74,83,9
2026-07-11,6180,114,50,49.5,16
2026-07-11,6168,43,38,46,11
2026-07-11,2325,43,62,68.0,12
2026-07-11,2516,49,116,89.5,10
2026-07-11,2012,145,73,50.5,16
2026-07-11,2010,25,98,27,9
2026-07-11,5591,76,65,75,23
2026-07-11,743,153,32,28,21
2026-07-11,752,44,62,62,9
2026-07-11,5956,41,70,98,17
2026-07-11,5961,34,85,104,21
2026-07-11,2364,30,115,139,15
2026-07-11,5680,138,54,59,35
2026-07-11,5681,109,30,30,23
2026-07-11,5677,154,48,57,49
2026-07-11,5690,122,70,82.0,20
2026-07-11,5627,67,88,109,21
2026-07-11,5586,18,106,98.0,6
2026-07-11,6093,20,81,96.5,8
2026-07-11,894,31,87,121.5,14
2026-07-11,6187,63,77,64.0,10
2026-07-11,963,24,62,81.0,10
2026-07-11,6431,72,78,121.5,14
2026-07-11,2577,34,106,151.0,10
2026-07-11,5417,10,89,89,3
2026-07-11,986,77,88,88,13
2026-07-11,1255,23,168,131.5,8
2026-07-11,1330,30,92,92,9
2026-07-11,942,35,103,119,19
2026-07-11,952,4,169,177.5,2
2026-07-11,6350,34,54,49.0,10
2026-07-11,5834,33,100,121,11
2026-07-11,5306,23,114,145,13
2026-07-11,5585,54,125,98,11
2026-07-11,1126,53,227,242.0,8
2026-07-11,980,39,170,172.0,16
2026-07-11,5478,378,152,118,21
2026-07-11,1026,13,270,270,7
2026-07-11,1370,14,192,298.0,8
2026-07-11,971,42,161,140.0,16
2026-07-11,5556,132,165,202,13
2026-07-11,1523,41,253,276,15
2026-07-11,2048,26,161,297,15
2026-07-11,1094,34,247,284.0,8
2026-07-11,1063,28,148,245.5,8
2026-07-11,1897,62,211,236.5,20
2026-07-11,1805,5,202,94,3
2026-07-11,1824,18,176,165,13
2026-07-11,1013,24,187,188.0,14
2026-07-11,5547,49,185,206,11
2026-07-11,5546,65,178,227,15
2026-07-11,1826,44,219,143,13
2026-07-11,1896,31,,107.0,16
2026-07-11,2425,23,,264,7
2026-07-11,1075,28,124,124.5,10
2026-07-11,2424,31,160,243,15
2026-07-11,1374,39,89,93.0,12
2026-07-11,5513,37,111,111.0,12
2026-07-11,972,20,,95.0,4
2026-07-11,2468,39,141,146,19
2026-07-11,1903,13,113,112.0,4
2026-07-11,1467,54,134,77.5,12
2026-07-11,1152,23,185,184.0,16
2026-07-11,1899,22,212,166.0,8
2026-07-11,5533,25,172,173,13
2026-07-11,2612,108,134,42.5,16
2026-07-11,1815,24,170,170,5
2026-07-11,1819,25,96,107.5,6
2026-07-11,1811,24,110,97.5,8
2026-07-11,2366,47,103,83,11
2026-07-11,1045,61,100,62,13
2026-07-11,6512,129,92,93,13
2026-07-11,5291,34,124,160.5,14
2026-07-11,1807,30,114,120.5,8
2026-07-11,5361,31,97,117,13
2026-07-11,5288,42,89,145.0,12
2026-07-11,1902,21,106,67,5
2026-07-11,5290,23,,121,7
2026-07-11,1822,31,111,125.0,8
2026-07-11,1021,38,104,109,9
2026-07-11,1821,23,112,123.5,8
2026-07-11,995,35,104,104,11
2026-07-11,5857,36,116,177.5,10
2026-07-11,2427,17,105,194.0,10
2026-07-11,1820,14,125,125,5
2026-07-11,1806,19,107,121.5,6
2026-07-11,5295,16,129,94.0,8
2026-07-11,1371,32,130,132,11
2026-07-11,5517,29,169,137,13
2026-07-11,5266,35,137,102.5,14
2026-07-11,2033,22,146,158,15
2026-07-11,1813,9,,119.0,6
2026-07-11,5541,18,110,86,7
2026-07-11,2429,16,176,207.0,10
2026-07-11,973,11,,75.0,6
2026-07-11,1372,19,135,135,5
2026-07-11,1041,88,69,45.0,8
2026-07-11,1373,25,170,277,11
2026-07-11,2477,65,87,115,23
2026-07-11,2478,53,86,112.0,14
2026-07-11,5521,30,121,79.5,6
2026-07-11,1814,16,100,95,5
2026-07-11,1039,28,114,119,11
2026-07-11,2426,46,147,123.5,16
2026-07-11,1898,19,94,82.5,8
2026-07-11,6338,80,99,41,9
2026-07-11,5294,19,130,142,9
2026-07-11,1901,16,146,166.5,6
2026-07-11,5584,20,142,125.0,10
2026-07-11,6521,32,118,101.0,12
2026-07-11,5583,18,88,97,11
2026-07-11,975,9,118,109.5,6
2026-07-11,1162,48,174,190.0,4
2026-07-11,5289,28,155,195,9
2026-07-11,1900,43,131,147.5,10
2026-07-11,1172,34,104,104,13
2026-07-11,1654,47,119,138.5,14
2026-07-11,2367,30,90,125,11
2026-07-11,1303,16,127,113.5,6
2026-07-11,1323,33,95,111.0,10
2026-07-11,1054,51,74,72.0,8
2026-07-11,2368,22,177,167,13
2026-07-11,5536,94,140,111,17
2026-07-11,1125,34,183,224,9
2026-07-11,2034,30,126,180.5,16
2026-07-11,2428,17,204,208.0,4
2026-07-11,5310,42,122,138.5,12
2026-07-11,1260,32,120,120,3
2026-07-11,6450,272,59,84,7
2026-07-11,5311,49,107,140.0,10
2026-07-11,6133,72,104,137.0,16
2026-07-11,6457,123,102,115,11
2026-07-11,5333,43,128,141.5,14
2026-07-11,1647,21,193,170.0,8
2026-07-11,1101,26,176,182,13
2026-07-11,5292,13,,100,5
2026-07-11,1808,23,115,132.5,14
2026-07-11,1391,20,113,176.0,6
2026-07-11,6400,12,126,180,7
2026-07-11,1134,17,106,129,7
2026-07-11,1809,60,81,115.5,10
2026-07-11,1153,43,99,90,11
2026-07-11,6523,20,,102,13
2026-07-11,6522,32,126,146.0,8
2026-07-11,5287,32,91,110.5,12
2026-07-11,5864,29,74,76.5,14
2026-07-11,1816,14,107,126.0,6
2026-07-11,1062,37,83,106,11
2026-07-11,5293,34,101,122.0,12
2026-07-11,1070,35,85,80,7
2026-07-11,1817,16,127,99.0,6
2026-07-11,1147,47,122,157,7
2026-07-11,1810,9,139,175.5,6
2026-07-11,1818,42,125,154.0,8
2026-07-11,6519,280,65,65,5
2026-07-11,1912,25,130,148.0,10
2026-07-11,5902,18,187,161.0,8
2026-07-11,528,61,98,72,7
2026-07-11,527,19,,109.0,2
2026-07-11,1830,31,174,194,9
2026-07-11,529,26,135,152.0,8
2026-07-11,2049,26,175,210.5,16
2026-07-11,2574,96,155,155,23
2026-07-11,1844,61,67,115.0,20
2026-07-11,539,22,119,85.5,8
2026-07-11,716,35,94,76.5,10
2026-07-11,1907,68,96,95.0,14
2026-07-11,532,29,114,142.0,8
2026-07-11,1850,32,127,47.0,12
2026-07-11,2163,20,115,132,11
2026-07-11,169,31,64,64,9
2026-07-11,2164,25,147,249.5,10
2026-07-11,535,28,132,137.5,8
2026-07-11,6081,721,111,72,19
2026-07-11,1855,73,173,224.0,30
2026-07-11,2622,18,241,250.0,8
2026-07-11,68,55,162,228.5,20
2026-07-11,81,70,107,114.0,14
2026-07-11,1906,32,148,123,9
2026-07-11,1843,39,182,224,17
2026-07-11,496,34,207,140,13
2026-07-11,1841,38,151,161,17
2026-07-11,524,38,305,189.5,24
2026-07-11,1829,32,213,236.0,12
2026-07-11,982,76,196,156.5,14
2026-07-11,2071,8,171,177.0,6
2026-07-11,1834,36,196,204.0,12
2026-07-11,1833,24,175,158.0,10
2026-07-11,200,46,170,222,19
2026-07-11,1959,18,177,221.0,12
2026-07-11,1857,31,144,162.0,14
2026-07-11,1109,60,131,132,29
2026-07-11,604,17,134,234.0,8
2026-07-11,1846,24,196,203.5,8
2026-07-11,1849,26,164,178.0,14
2026-07-11,1845,44,162,143,11
2026-07-11,5260,49,153,158.5,20
2026-07-11,1847,33,206,216,19
2026-07-11,676,18,208,217.5,8
2026-07-11,5903,288,134,135.5,28
2026-07-11,1840,29,167,216,11
2026-07-11,5904,23,237,194,9
2026-07-11,2050,36,213,213.0,20
2026-07-11,50,23,199,214.0,8
2026-07-11,37,21,188,193.5,10
2026-07-11,1835,34,140,150,9
2026-07-11,1836,55,112,123.0,14
2026-07-11,1905,33,225,162.5,14
2026-07-11,6134,120,98,98,17
2026-07-11,520,245,163,177.0,28
2026-07-11,491,48,72,103,13
2026-07-11,623,61,93,177.0,12
2026-07-11,1832,72,209,207,19
2026-07-11,501,60,251,133,11
2026-07-11,730,26,197,120,11
2026-07-11,5496,38,143,148,15
2026-07-11,1852,47,156,156,15
2026-07-11,500,22,169,180.0,8
2026-07-11,1910,37,148,215.0,12
2026-07-11,190,26,138,212,9
2026-07-11,5721,40,108,98.0,18
2026-07-11,178,41,83,86,19
2026-07-11,1856,14,178,153.0,6
2026-07-11,1831,48,186,170,9
2026-07-11,5356,25,141,232,15
2026-07-11,693,32,131,152.5,8
2026-07-11,2069,18,128,128,9
2026-07-11,662,35,97,110.0,10
2026-07-11,6414,31,113,131.5,14
2026-07-11,826,26,112,88.5,8
2026-07-11,691,28,186,143.0,10
2026-07-11,762,19,232,226,15
2026-07-11,1909,17,324,288.0,8
2026-07-11,2035,41,196,196,19
2026-07-11,538,23,188,83,11
2026-07-11,144,37,106,69.0,8
2026-07-11,2051,20,299,289,13
2026-07-11,2165,12,265,314,5
2026-07-11,5373,63,101,122.5,24
2026-07-11,747,54,142,116,11
2026-07-11,1851,22,124,118,11
2026-07-11,6428,36,184,202,17
2026-07-11,2507,39,122,164.0,10
2026-07-11,514,28,96,102.5,16
2026-07-11,6542,52,120,111.5,12
2026-07-11,1911,41,120,118.5,12
2026-07-11,2020,102,151,134.0,18
2026-07-11,646,29,103,113,11
2026-07-11,1913,53,128,144.5,32
2026-07-11,5358,192,128,158,43
2026-07-11,857,11,261,338,7
2026-07-11,1854,59,127,136,15
2026-07-11,2162,26,,156.0,10
2026-07-11,205,28,236,246.5,8
2026-07-11,1908,37,164,164,9
2026-07-11,1837,28,120,122,11
2026-07-11,1839,33,114,152,15
2026-07-11,5357,62,123,79.0,20
2026-07-11,1838,12,128,64.5,10
2026-07-11,5232,119,121,145,17
2026-07-11,2610,117,173,79.5,16
2026-07-11,2052,20,,118.0,12
2026-07-11,1674,55,263,263,23
2026-07-11,2070,38,92,77,13
2026-07-11,526,12,,213.0,8
2026-07-11,206,39,111,152.5,12
2026-07-11,1904,28,146,109.0,10
2026-07-11,5431,42,82,82.0,8
2026-07-11,1848,19,135,85.5,14
2026-07-11,1562,4,,194,3
2026-07-11,1423,97,69,71,11
2026-07-11,1249,17,,83.0,4
2026-07-11,1532,10,,98,5
2026-07-11,1302,8,81,61.0,4
2026-07-11,1318,11,141,141,7
2026-07-11,1558,23,120,108.5,8
2026-07-11,1376,26,144,140,11
2026-07-11,1565,26,131,137.5,10
2026-07-11,6401,53,68,86,13
2026-07-11,1429,41,,101,11
2026-07-11,1285,21,127,140.5,6
2026-07-11,1549,21,127,143.5,6
2026-07-11,1274,26,119,119,5
2026-07-11,1550,18,124,169.5,6
2026-07-11,1546,26,86,116.0,12
2026-07-11,5759,26,182,79.0,8
2026-07-11,2498,106,66,74.0,16
2026-07-11,5791,47,94,105,23
2026-07-11,6242,162,83,83,13
2026-07-11,1113,68,95,97.5,18
2026-07-11,1680,32,88,107,15
2026-07-11,2291,48,74,99,15
2026-07-11,6077,160,115,122,19
2026-07-11,1342,39,146,128.5,14
2026-07-11,1675,86,49,58,13
2026-07-11,1677,21,161,161,13
2026-07-11,5412,26,176,173.0,10
2026-07-11,2236,20,432,197.0,14
2026-07-11,2386,28,114,123.5,8
2026-07-11,6099,19,84,269.0,8
2026-07-11,1031,84,37,62.0,16
2026-07-11,5301,143,61,48,17
2026-07-11,5312,113,80,80,11
2026-07-11,6108,29,82,95.0,8
2026-07-11,6228,96,54,35,15
2026-07-11,6281,88,56,25.0,16
2026-07-11,6498,687,70,70,11
2026-07-11,5500,118,136,97.0,12
2026-07-11,6046,68,,78.0,4
2026-07-11,1574,40,217,246,15
2026-07-11,1575,28,230,228.5,12
2026-07-11,2524,40,200,200.0,20
2026-07-11,5605,290,154,119,19
2026-07-11,2311,125,26,31,13
2026-07-11,5812,27,73,73,9
2026-07-11,5814,93,60,74,15
2026-07-11,5815,89,48,64,11
2026-07-11,5819,39,38,70,5
2026-07-11,5823,42,62,63.5,10
2026-07-11,5829,27,115,115,11
2026-07-11,5831,11,278,182,5
2026-07-11,5859,38,74,116,13
2026-07-11,5860,13,122,131.0,6
2026-07-11,6212,58,,62.5,6
2026-07-11,6375,48,46,50,9
2026-07-11,2140,36,68,93,11
2026-07-11,2144,48,115,129.0,20
2026-07-11,2284,21,95,99.5,18
2026-07-11,2408,14,103,103,9
2026-07-11,2526,21,111,175.0,8
2026-07-11,6007,61,116,122.5,16
2026-07-11,5262,30,61,97,13
2026-07-11,1244,16,157,157,7
2026-07-11,1174,21,,51,5
2026-07-11,1267,42,80,80,11
2026-07-11,1749,14,108,117.5,8
2026-07-11,1944,40,70,70,13
2026-07-11,2028,34,87,69.0,12
2026-07-11,2584,33,68,68,11
2026-07-11,2635,43,61,92,13
2026-07-11,5286,17,,103,5
2026-07-11,5847,37,86,88.0,8
2026-07-11,6487,73,66,90,7
2026-07-11,2186,61,93,100.0,16
2026-07-11,5733,25,116,125.5,12
2026-07-11,5574,20,134,66,11
2026-07-11,1477,58,72,72,9
2026-07-11,1478,42,73,83.0,8
2026-07-11,1486,59,78,42,15
2026-07-11,1503,84,50,60,13
2026-07-11,1505,77,62,67.0,16
2026-07-11,5474,42,81,106,17
2026-07-11,5742,38,65,71.0,18
2026-07-11,5801,41,89,114.0,14
2026-07-11,5894,1409,63,20.0,30
2026-07-11,6095,49,92,119,15
2026-07-11,6186,222,61,63,15
2026-07-11,6445,522,46,52,13
2026-07-11,6452,218,69,77.5,10
2026-07-11,2593,44,78,106,11
2026-07-11,5991,24,132,92,5
2026-07-11,2096,68,105,117,13
2026-07-11,1556,19,92,101.0,10
2026-07-11,2032,19,114,186,13
2026-07-11,2552,221,87,96.0,12
2026-07-11,2645,13,117,105,9
2026-07-11,6100,13,143,166.5,8
2026-07-11,5630,588,34,21,17
2026-07-11,5631,196,39,18,17
2026-07-11,5662,50,88,92.0,22
2026-07-11,5696,323,40,18.0,16
2026-07-11,5704,93,59,83.0,24
2026-07-11,1969,36,110,64,15
2026-07-11,1970,35,84,88.5,18
2026-07-11,1972,68,29,34,21
2026-07-11,1993,28,109,94,9
2026-07-11,2002,176,29,45.0,16
2026-07-11,2042,30,96,166.0,16
2026-07-11,2354,31,93,81.5,16
2026-07-11,2355,29,70,93,7
2026-07-11,2358,18,68,68,7
2026-07-11,2480,138,29,40,11
2026-07-11,2515,40,66,47.0,16
2026-07-11,5226,436,36,29.5,14
2026-07-11,5230,961,32,37.5,16
2026-07-11,5273,278,54,54,17
2026-07-11,5274,175,54,54,17
2026-07-11,5278,201,85,49,23
2026-07-11,5322,219,64,93.0,18
2026-07-11,5467,219,64,19.0,16
2026-07-11,5569,35,80,112.5,20
2026-07-11,5786,239,49,67,19
2026-07-11,5869,291,66,87.0,20
2026-07-11,6111,55,54,58,11
2026-07-11,6113,45,58,97.0,16
2026-07-11,6116,18,90,92,7
2026-07-11,6118,61,66,69,13
2026-07-11,6398,44,53,53,7
2026-07-11,6406,248,43,53.0,10
2026-07-11,6447,31,75,29,9
2026-07-11,6466,108,34,34,15
2026-07-11,6467,98,44,83,21
2026-07-11,1985,49,73,92.5,14
2026-07-11,1999,196,50,70,7
2026-07-11,2008,43,80,101,17
2026-07-11,5374,39,88,95,19
2026-07-11,5376,21,92,119,9
2026-07-11,5564,79,51,73,19
2026-07-11,5568,33,64,77,15
2026-07-11,5653,65,56,52,13
2026-07-11,5658,44,72,71,19
2026-07-11,5752,136,58,107.0,16
2026-07-11,6126,46,,107,7
2026-07-11,6303,540,63,44,17
2026-07-11,6540,77,83,102.0,10
2026-07-11,6524,172,74,61.5,14
2026-07-11,5615,64,103,136.0,22
2026-07-11,124,18,290,294.0,10
2026-07-11,265,16,260,260,9
2026-07-11,832,28,83,58.5,10
2026-07-11,824,21,,140.0,6
2026-07-11,860,96,87,19,19
2026-07-11,484,1,,55,1
2026-07-11,695,16,107,107,9
2026-07-11,842,32,142,119,17
2026-07-11,724,80,77,70,15
2026-07-11,723,25,181,193,13
2026-07-11,768,69,48,48,13
2026-07-11,825,60,70,80,19
2026-07-11,802,124,45,53.0,20
2026-07-11,799,385,33,39,25
2026-07-11,771,58,54,58,11
2026-07-11,151,0,,,0
2026-07-11,2114,0,,,0
2026-07-11,2350,0,,,0
2026-07-11,6206,0,,,0
2026-07-11,6049,0,,,0
2026-07-11,449,0,,,0
2026-07-11,809,0,,,0
2026-07-11,775,27,194,99.0,6
2026-07-11,830,96,114,114,13
2026-07-11,838,73,126,123.5,36
2026-07-11,862,53,102,102,7
2026-07-11,692,375,35,27,25
2026-07-11,629,55,65,75,19
2026-07-11,625,193,75,104.5,6
2026-07-11,65,37,196,284.5,16
2026-07-11,214,30,207,181.0,18
2026-07-11,229,20,129,174.5,6
2026-07-11,268,12,191,211.5,8
2026-07-11,371,0,,,0
2026-07-11,410,21,101,101,9
2026-07-11,439,0,,,0
2026-07-11,476,29,89,204.5,10
2026-07-11,479,16,105,70,5
2026-07-11,519,40,87,67.0,6
2026-07-11,626,77,62,62,9
2026-07-11,672,283,19,20,25
2026-07-11,677,334,18,17,31
2026-07-11,678,151,62,62,15
2026-07-11,685,129,34,40,13
2026-07-11,694,52,44,55,13
2026-07-11,697,244,25,28,19
2026-07-11,703,52,47,57.5,10
2026-07-11,705,70,63,63,11
2026-07-11,714,144,48,48.5,20
2026-07-11,735,33,68,79.5,8
2026-07-11,736,106,26,18.5,8
2026-07-11,741,189,45,36.5,20
2026-07-11,753,71,59,103.5,6
2026-07-11,769,134,45,54,19
2026-07-11,770,52,76,77.5,12
2026-07-11,798,75,67,74,7
2026-07-11,831,46,40,51,21
2026-07-11,836,249,50,50.5,20
2026-07-11,839,29,77,99,7
2026-07-11,846,24,112,125.0,8
2026-07-11,852,113,58,58,17
2026-07-11,870,30,86,104.0,16
2026-07-11,927,46,74,74,5
2026-07-11,949,27,73,144.5,4
2026-07-11,953,91,83,83,21
