date,store_id,units_avail,cheapest_10x10,median_price,listings
2026-08-01,607,12,,65,5
2026-08-01,584,24,141,92,5
2026-08-01,6137,92,78,117.0,16
2026-08-01,7140,55,70,77.5,12
2026-08-01,7637,16,,218,1
2026-08-01,810,25,115,104.5,16
2026-08-01,337,14,89,70.0,8
2026-08-01,7139,79,76,83,9
2026-08-01,343,20,178,124.0,8
2026-08-01,332,8,105,166.0,6
2026-08-01,345,36,68,71,11
2026-08-01,6169,52,98,137,11
2026-08-01,571,10,142,158.0,6
2026-08-01,7319,52,73,73,13
2026-08-01,346,15,92,92,7
2026-08-01,327,14,73,114.0,6
2026-08-01,5892,39,83,59,17
2026-08-01,7068,92,80,77,9
2026-08-01,5789,105,41,43,11
2026-08-01,7647,143,79,72,9
2026-08-01,7321,39,77,88.5,12
2026-08-01,6530,31,110,128,11
2026-08-01,717,51,78,77,13
2026-08-01,297,82,25,27,13
2026-08-01,7322,30,90,128.0,6
2026-08-01,7067,50,57,65,7
2026-08-01,7059,71,100,121,17
2026-08-01,7061,32,104,111.5,10
2026-08-01,7060,30,78,78,13
2026-08-01,7324,254,16,24,13
2026-08-01,7323,25,82,93.0,12
2026-08-01,7065,38,45,67,13
2026-08-01,5466,14,60,67.0,6
2026-08-01,7066,37,34,42.0,10
2026-08-01,635,22,42,46,7
2026-08-01,6234,76,34,45,15
2026-08-01,7062,79,73,83,11
2026-08-01,2651,15,129,130,9
2026-08-01,5771,52,80,82,11
2026-08-01,558,40,85,112.0,16
2026-08-01,6207,225,31,26,27
2026-08-01,350,64,30,41,9
2026-08-01,353,51,44,50,9
2026-08-01,6346,50,50,105,7
2026-08-01,5470,83,26,53.0,20
2026-08-01,7063,68,29,33,19
2026-08-01,5465,20,112,135.5,12
2026-08-01,574,28,74,73.5,10
2026-08-01,559,29,78,78,5
2026-08-01,565,32,72,119,7
2026-08-01,7138,148,72,86,23
2026-08-01,7064,50,,59.0,10
2026-08-01,5469,64,56,87,19
2026-08-01,998,79,31,35,15
2026-08-01,6585,326,27,30.5,8
2026-08-01,7069,55,75,62.0,8
2026-08-01,6586,63,106,116.0,8
2026-08-01,7042,3,,111.5,2
2026-08-01,7043,11,67,70.5,2
2026-08-01,6587,3,161,210.5,2
2026-08-01,7045,1,,214,1
2026-08-01,7052,11,160,152.5,6
2026-08-01,6589,11,151,141.5,4
2026-08-01,6588,105,103,101.0,12
2026-08-01,7053,18,71,90.5,2
2026-08-01,7054,37,66,58.0,2
2026-08-01,6175,28,98,125.0,4
2026-08-01,6463,239,54,76.0,4
2026-08-01,5792,67,44,55.0,10
2026-08-01,6174,95,43,54,7
2026-08-01,6072,31,75,68.5,10
2026-08-01,956,42,37,48.0,8
2026-08-01,823,75,37,49.5,6
2026-08-01,6193,100,54,54.0,6
2026-08-01,6596,397,49,69,27
2026-08-01,6597,133,43,21,15
2026-08-01,6076,78,83,83.0,12
2026-08-01,6288,316,49,81.5,30
2026-08-01,7655,459,60,69,19
2026-08-01,1684,24,119,128.0,12
2026-08-01,6603,143,40,43.5,14
2026-08-01,6617,95,44,54,13
2026-08-01,6248,78,62,62,7
2026-08-01,6448,223,58,46,9
2026-08-01,2289,29,103,59.0,8
2026-08-01,7654,311,46,65.0,28
2026-08-01,6590,125,70,93,11
2026-08-01,6593,148,67,86.5,16
2026-08-01,6592,27,86,91,7
2026-08-01,6591,61,61,88,17
2026-08-01,6077,141,105,116.5,18
2026-08-01,2291,41,120,121.5,12
2026-08-01,1677,25,113,151,13
2026-08-01,1113,66,101,114.0,14
2026-08-01,5412,23,124,144.5,10
2026-08-01,1342,60,110,119,15
2026-08-01,1680,35,113,93,15
2026-08-01,7071,92,74,71.0,12
2026-08-01,6610,236,87,65,13
2026-08-01,6246,200,62,71,15
2026-08-01,5476,50,127,96,11
2026-08-01,850,38,88,128,15
2026-08-01,6079,36,110,132,15
2026-08-01,7070,200,66,77,13
2026-08-01,1676,50,99,124.5,14
2026-08-01,6339,347,94,78,17
2026-08-01,1683,27,70,81.0,10
2026-08-01,6600,100,78,102,9
2026-08-01,6595,158,67,73.5,10
2026-08-01,7325,111,88,54.5,10
2026-08-01,6594,121,96,106,15
2026-08-01,1675,106,63,58,17
2026-08-01,2498,90,72,77.0,14
2026-08-01,6244,140,62,62,13
2026-08-01,1678,10,134,190.0,10
2026-08-01,6598,200,60,33,11
2026-08-01,2278,25,108,117.0,10
2026-08-01,2036,533,64,79.5,28
2026-08-01,6080,54,116,90.5,12
2026-08-01,2508,57,104,40,11
2026-08-01,6243,102,49,54,11
2026-08-01,6249,218,49,58.5,18
2026-08-01,1235,94,71,76,21
2026-08-01,6247,146,57,67,15
2026-08-01,5441,51,88,82.5,22
2026-08-01,6608,111,54,62,13
2026-08-01,6484,113,58,70,13
2026-08-01,5501,65,118,115.5,22
2026-08-01,887,48,96,106,13
2026-08-01,2022,44,91,137,13
2026-08-01,6078,102,86,118.5,18
2026-08-01,6607,173,35,54.5,14
2026-08-01,6166,69,95,107.5,8
2026-08-01,6136,191,84,123.5,14
2026-08-01,1686,27,98,129,15
2026-08-01,1236,49,77,79.0,8
2026-08-01,7328,134,56,68.5,12
2026-08-01,1681,26,126,126,15
2026-08-01,5840,58,137,190.0,14
2026-08-01,6235,27,125,133.5,12
2026-08-01,915,85,86,72,15
2026-08-01,1860,49,83,98.0,10
2026-08-01,2018,55,83,133.5,10
2026-08-01,5442,30,96,90,15
2026-08-01,6599,70,81,81,7
2026-08-01,1862,61,76,103.0,10
2026-08-01,6601,173,51,66.5,8
2026-08-01,1100,8,188,195.5,6
2026-08-01,6605,231,56,56,21
2026-08-01,6606,163,62,62,19
2026-08-01,2021,38,108,106.5,18
2026-08-01,6615,259,73,94,19
2026-08-01,6611,112,89,54,31
2026-08-01,5407,57,92,94,13
2026-08-01,6609,124,69,65.5,18
2026-08-01,5319,26,125,125,11
2026-08-01,1679,17,116,71,9
2026-08-01,1859,75,71,56.5,20
2026-08-01,6613,188,76,82,15
2026-08-01,5886,56,84,139.5,6
2026-08-01,5345,46,91,105.5,26
2026-08-01,6220,112,77,103.0,16
2026-08-01,6413,415,78,105,19
2026-08-01,2503,76,73,113,11
2026-08-01,2496,62,75,70.0,12
2026-08-01,6545,142,78,110,13
2026-08-01,5549,22,129,148.0,12
2026-08-01,2642,63,65,124,9
2026-08-01,1072,30,103,71,11
2026-08-01,6614,111,128,62.0,20
2026-08-01,5475,27,118,137.0,14
2026-08-01,1858,18,,178,5
2026-08-01,6612,138,74,76,21
2026-08-01,827,24,140,149.0,10
2026-08-01,5366,39,162,162,13
2026-08-01,1861,45,95,95,21
2026-08-01,5734,101,76,71,15
2026-08-01,6616,242,49,49,13
2026-08-01,6604,90,94,94,17
2026-08-01,1682,11,159,140.5,6
2026-08-01,6245,57,121,134,9
2026-08-01,6318,69,51,62.5,8
2026-08-01,7329,77,52,38,21
2026-08-01,7326,46,41,44.5,12
2026-08-01,7330,109,62,54,9
2026-08-01,1010,39,97,98.0,10
2026-08-01,1034,43,53,57,11
2026-08-01,7327,109,51,40,9
2026-08-01,386,33,268,218,9
2026-08-01,6251,59,178,142.0,22
2026-08-01,230,24,199,199,11
2026-08-01,215,15,184,184,11
2026-08-01,224,17,,172,5
2026-08-01,364,21,311,311.0,8
2026-08-01,373,31,190,220,15
2026-08-01,202,28,463,285,23
2026-08-01,1712,35,310,310,15
2026-08-01,396,37,384,384.0,14
2026-08-01,2210,47,266,296,13
2026-08-01,38,46,143,143,7
2026-08-01,33,34,328,344,13
2026-08-01,52,24,240,240,11
2026-08-01,2221,52,338,370,37
2026-08-01,27,25,351,169.5,6
2026-08-01,73,57,217,210.5,16
2026-08-01,45,34,323,295,15
2026-08-01,40,50,348,352.0,22
2026-08-01,2207,40,196,123.5,16
2026-08-01,1704,51,159,201,17
2026-08-01,2055,32,468,288,11
2026-08-01,1705,42,265,265,27
2026-08-01,98,12,240,250.0,8
2026-08-01,252,30,125,209.0,16
2026-08-01,6563,62,176,241.0,16
2026-08-01,2436,82,206,226.5,22
2026-08-01,254,36,165,206,11
2026-08-01,2056,23,491,259,17
2026-08-01,125,47,248,332.0,20
2026-08-01,6618,32,162,113.0,12
2026-08-01,326,41,117,189.0,16
2026-08-01,5898,97,146,190,17
2026-08-01,111,53,224,218.0,6
2026-08-01,1696,22,257,257,15
2026-08-01,293,52,232,232,11
2026-08-01,2212,32,228,244,21
2026-08-01,5480,50,374,132,15
2026-08-01,331,41,261,167,13
2026-08-01,146,23,158,158,11
2026-08-01,330,23,254,185.5,8
2026-08-01,1940,17,197,188.0,8
2026-08-01,6253,38,182,212,13
2026-08-01,1708,16,204,204,9
2026-08-01,1636,80,184,187,25
2026-08-01,59,25,210,228.0,6
2026-08-01,6254,76,154,128,9
2026-08-01,443,23,193,206,11
2026-08-01,149,21,195,201.5,12
2026-08-01,321,116,190,162,13
2026-08-01,6620,31,60,60,13
2026-08-01,6619,90,52,56.5,22
2026-08-01,6663,35,50,74.0,10
2026-08-01,6557,187,43,60.5,14
2026-08-01,6634,95,54,62,13
2026-08-01,6558,124,49,47.0,16
2026-08-01,6664,30,91,91,9
2026-08-01,6662,187,71,67,35
2026-08-01,6661,42,66,66,11
2026-08-01,6660,95,58,58,15
2026-08-01,284,31,350,187,13
2026-08-01,76,13,417,596,5
2026-08-01,6551,110,149,155,17
2026-08-01,82,24,477,380.5,16
2026-08-01,136,21,307,202,7
2026-08-01,6554,29,177,180.5,16
2026-08-01,141,23,201,257,11
2026-08-01,281,47,249,263.0,18
2026-08-01,2216,28,209,223.5,12
2026-08-01,75,10,323,251,5
2026-08-01,72,23,232,188.5,10
2026-08-01,14,37,158,137.5,12
2026-08-01,2202,55,220,204.5,16
2026-08-01,219,43,232,233.0,16
2026-08-01,2232,31,212,212,9
2026-08-01,362,40,371,174,21
2026-08-01,5400,165,204,251,13
2026-08-01,221,50,243,174,13
2026-08-01,446,24,333,333,5
2026-08-01,302,16,219,219,7
2026-08-01,6633,127,131,165,11
2026-08-01,5899,118,107,108.0,14
2026-08-01,6631,43,177,91,7
2026-08-01,273,25,320,320.5,10
2026-08-01,5900,41,181,199.0,16
2026-08-01,32,22,234,270.5,8
2026-08-01,286,20,327,327,5
2026-08-01,6314,574,130,150.5,10
2026-08-01,285,86,220,224,23
2026-08-01,6178,123,181,183.0,22
2026-08-01,2059,30,312,315,19
2026-08-01,36,19,206,206,5
2026-08-01,6626,94,66,66,13
2026-08-01,6625,152,51,48.0,6
2026-08-01,6627,96,46,52.0,6
2026-08-01,6624,61,58,58,11
2026-08-01,6623,92,69,59.5,14
2026-08-01,6622,86,95,94.0,10
2026-08-01,6621,103,82,55.0,10
2026-08-01,94,26,199,200,9
2026-08-01,287,23,233,233,7
2026-08-01,6628,124,89,87,17
2026-08-01,6654,70,86,88.5,14
2026-08-01,6572,47,89,94.0,8
2026-08-01,6666,54,118,143,15
2026-08-01,6582,131,115,115.0,12
2026-08-01,7073,253,89,89.5,22
2026-08-01,6575,100,103,112,7
2026-08-01,6638,27,115,146,5
2026-08-01,370,59,142,108.5,6
2026-08-01,6559,89,91,97.0,10
2026-08-01,188,50,249,293.5,24
2026-08-01,359,41,415,500.5,10
2026-08-01,368,23,352,214.0,8
2026-08-01,398,72,309,339.0,24
2026-08-01,204,22,400,400,9
2026-08-01,270,23,281,294.5,10
2026-08-01,272,28,195,225.5,12
2026-08-01,351,393,248,280.5,38
2026-08-01,376,38,359,245,13
2026-08-01,1865,15,239,239,7
2026-08-01,2235,81,282,242,33
2026-08-01,1688,17,241,222,15
2026-08-01,197,5,338,353.0,4
2026-08-01,388,15,,256.5,2
2026-08-01,1517,50,94,122,13
2026-08-01,5,13,379,222.0,10
2026-08-01,3,24,403,325.5,10
2026-08-01,7,15,363,174.0,8
2026-08-01,4,36,418,339,15
2026-08-01,2321,37,398,329,19
2026-08-01,1689,25,389,292.5,18
2026-08-01,2058,21,372,362,13
2026-08-01,28,23,541,401.0,10
2026-08-01,305,57,428,428,21
2026-08-01,121,26,450,453,17
2026-08-01,2209,48,113,67,11
2026-08-01,6571,30,65,54.0,8
2026-08-01,2208,45,96,92,23
2026-08-01,6648,38,89,116,11
2026-08-01,6650,16,113,62.0,6
2026-08-01,283,18,190,225.0,6
2026-08-01,6647,25,104,125,5
2026-08-01,2215,40,133,131.0,12
2026-08-01,6645,24,112,112,7
2026-08-01,6580,63,71,84.0,16
2026-08-01,6629,45,78,91,11
2026-08-01,299,23,227,346.5,14
2026-08-01,1864,112,209,152.5,26
2026-08-01,69,29,304,304,9
2026-08-01,296,43,135,157,17
2026-08-01,292,58,249,249,23
2026-08-01,212,45,146,146,9
2026-08-01,300,22,151,146.5,10
2026-08-01,152,26,241,227.0,14
2026-08-01,2173,24,220,200,9
2026-08-01,2518,46,377,248,13
2026-08-01,1,51,229,234.5,20
2026-08-01,5862,250,219,197.5,22
2026-08-01,15,55,223,182.0,12
2026-08-01,70,76,242,275,11
2026-08-01,2229,50,338,304.5,10
2026-08-01,241,20,490,435.0,12
2026-08-01,207,100,170,198,17
2026-08-01,61,31,206,240,13
2026-08-01,164,12,347,377.0,4
2026-08-01,366,34,237,333,7
2026-08-01,354,16,,178.0,6
2026-08-01,1867,40,283,213.5,20
2026-08-01,140,24,298,298,9
2026-08-01,2060,15,430,430,11
2026-08-01,308,40,303,308.0,14
2026-08-01,2211,245,197,202,21
2026-08-01,2222,16,178,178,3
2026-08-01,23,56,223,234,23
2026-08-01,64,34,227,239,13
2026-08-01,158,59,251,289,25
2026-08-01,86,30,250,308.5,10
2026-08-01,90,88,161,161,15
2026-08-01,306,8,448,448,5
2026-08-01,304,37,300,361.0,16
2026-08-01,311,13,,190,7
2026-08-01,340,18,,190,5
2026-08-01,179,34,226,278,13
2026-08-01,1706,36,163,163,25
2026-08-01,6261,44,233,160,13
2026-08-01,378,30,253,262.5,14
2026-08-01,320,88,194,231.0,28
2026-08-01,1707,41,193,184,15
2026-08-01,2192,64,171,108,17
2026-08-01,6552,96,124,124,9
2026-08-01,6640,32,94,90.5,12
2026-08-01,1582,87,129,172,19
2026-08-01,5566,40,140,164,13
2026-08-01,6308,81,134,141,21
2026-08-01,6555,57,141,153.0,16
2026-08-01,1693,14,284,284,9
2026-08-01,5590,45,140,102,19
2026-08-01,159,68,191,191,19
2026-08-01,325,26,179,178.0,8
2026-08-01,397,76,162,170.0,8
2026-08-01,186,68,123,173,13
2026-08-01,7079,24,83,81,7
2026-08-01,228,25,117,134.0,10
2026-08-01,157,68,100,110,15
2026-08-01,339,47,119,229,11
2026-08-01,6464,690,59,66.5,10
2026-08-01,6639,139,93,91.5,14
2026-08-01,7080,32,99,115,9
2026-08-01,96,52,272,262,15
2026-08-01,54,25,212,202.0,8
2026-08-01,2253,64,274,295.5,16
2026-08-01,43,18,355,168.5,6
2026-08-01,312,26,310,257,9
2026-08-01,2255,44,261,169,21
2026-08-01,245,50,268,325.5,6
2026-08-01,5220,74,166,251,15
2026-08-01,42,28,366,142,11
2026-08-01,46,30,352,441,7
2026-08-01,1698,33,161,163.5,16
2026-08-01,1512,47,202,198.0,14
2026-08-01,155,16,163,163,7
2026-08-01,1702,34,204,222.5,14
2026-08-01,160,12,,141,7
2026-08-01,5565,117,134,180.5,22
2026-08-01,438,19,150,150,7
2026-08-01,380,23,277,291.0,8
2026-08-01,307,25,256,304.0,12
2026-08-01,275,65,184,185.0,12
2026-08-01,7331,383,83,84.0,10
2026-08-01,5622,84,128,101.0,12
2026-08-01,447,48,119,102,13
2026-08-01,7334,48,122,122,5
2026-08-01,7332,65,169,195.0,10
2026-08-01,6370,78,84,112.5,8
2026-08-01,145,30,254,257,11
2026-08-01,2062,21,305,365,13
2026-08-01,18,57,248,248,11
2026-08-01,240,33,,144.5,6
2026-08-01,2167,37,349,349,13
2026-08-01,6653,44,149,182.0,10
2026-08-01,226,45,212,206,9
2026-08-01,216,39,165,189.0,14
2026-08-01,237,62,267,216,13
2026-08-01,5382,53,278,318,21
2026-08-01,5799,30,223,278.5,12
2026-08-01,6568,16,187,190,7
2026-08-01,223,59,277,312.5,14
2026-08-01,217,22,145,78,5
2026-08-01,444,31,149,181.0,12
2026-08-01,180,38,239,190,7
2026-08-01,211,40,147,57,7
2026-08-01,342,46,139,177.0,12
2026-08-01,358,65,120,145,31
2026-08-01,30,25,177,131,9
2026-08-01,2272,42,222,226,21
2026-08-01,6630,88,117,117,15
2026-08-01,6636,257,83,45,17
2026-08-01,6560,59,56,58,13
2026-08-01,6642,245,69,54.5,24
2026-08-01,2064,20,166,124,15
2026-08-01,2063,62,227,277,17
2026-08-01,2181,62,176,242.5,12
2026-08-01,6564,98,76,83.5,12
2026-08-01,7081,17,72,72,7
2026-08-01,6581,44,146,117.5,6
2026-08-01,6562,95,102,126.0,12
2026-08-01,6241,557,186,150.5,20
2026-08-01,6565,73,74,91.0,24
2026-08-01,6656,136,158,158,13
2026-08-01,24,59,186,212.0,8
2026-08-01,92,22,309,321.0,12
2026-08-01,58,25,231,159.0,10
2026-08-01,317,26,287,269.0,8
2026-08-01,6259,72,159,159,13
2026-08-01,303,78,212,224,15
2026-08-01,395,47,226,245,21
2026-08-01,1937,25,175,212,11
2026-08-01,384,14,229,262,13
2026-08-01,2536,81,135,135,21
2026-08-01,137,18,,92,7
2026-08-01,6553,87,140,140,7
2026-08-01,195,21,255,258.0,6
2026-08-01,2230,22,217,208.0,12
2026-08-01,5485,49,250,250,19
2026-08-01,6577,15,184,212.0,6
2026-08-01,1695,32,286,200,17
2026-08-01,6578,63,143,166,9
2026-08-01,6641,60,112,134.0,10
2026-08-01,6255,39,401,216.5,10
2026-08-01,387,5,,477,5
2026-08-01,448,23,363,395.5,8
2026-08-01,168,24,167,118,13
2026-08-01,439,9,532,464.5,6
2026-08-01,393,19,305,183.0,10
2026-08-01,247,42,229,286,23
2026-08-01,112,22,240,307,9
2026-08-01,235,41,253,253,13
2026-08-01,63,28,376,215,7
2026-08-01,2053,11,251,339,9
2026-08-01,20,65,242,242,11
2026-08-01,248,63,230,243.0,16
2026-08-01,135,35,240,537.5,8
2026-08-01,6561,48,129,123.5,16
2026-08-01,2560,173,185,185,25
2026-08-01,6,57,391,435,25
2026-08-01,11,31,483,371.5,10
2026-08-01,2214,17,430,306.5,10
2026-08-01,1692,33,425,425,17
2026-08-01,5836,129,227,204.5,22
2026-08-01,363,10,,439.5,4
2026-08-01,2500,21,205,243,13
2026-08-01,1687,135,242,246,41
2026-08-01,379,14,180,251,7
2026-08-01,403,14,320,259.5,8
2026-08-01,233,56,134,143.0,10
2026-08-01,143,21,217,241,9
2026-08-01,6250,68,267,220.5,8
2026-08-01,349,22,331,271.5,12
2026-08-01,357,25,347,497.5,14
2026-08-01,7082,27,254,177.0,12
2026-08-01,1697,43,277,282.0,16
2026-08-01,193,21,180,149.5,6
2026-08-01,1700,29,155,172,9
2026-08-01,365,43,116,116.0,16
2026-08-01,253,45,160,171.0,12
2026-08-01,338,30,174,182,9
2026-08-01,1713,35,200,178.5,20
2026-08-01,6632,53,128,157,7
2026-08-01,177,13,,153,5
2026-08-01,390,35,154,214.0,6
2026-08-01,400,12,,192.5,6
2026-08-01,280,25,344,342.5,10
2026-08-01,394,14,,290,9
2026-08-01,1710,59,264,288,29
2026-08-01,7075,32,230,230,7
2026-08-01,7072,11,234,206,5
2026-08-01,2206,41,125,180.5,14
2026-08-01,2205,32,233,178.0,16
2026-08-01,2220,56,159,165,15
2026-08-01,2231,17,283,269.0,8
2026-08-01,295,51,239,267,11
2026-08-01,315,20,226,235.0,6
2026-08-01,1651,63,207,211,15
2026-08-01,213,41,206,215,19
2026-08-01,277,29,175,137.5,14
2026-08-01,189,14,249,249,9
2026-08-01,316,37,303,303,11
2026-08-01,210,53,108,158,9
2026-08-01,6258,63,116,93,13
2026-08-01,181,789,95,57,21
2026-08-01,372,13,337,343.0,6
2026-08-01,392,9,130,139,7
2026-08-01,377,16,240,249,13
2026-08-01,360,17,342,277.5,10
2026-08-01,161,7,336,319,5
2026-08-01,1868,6,315,315,5
2026-08-01,375,6,,190,3
2026-08-01,2567,79,128,123.5,20
2026-08-01,1690,60,161,197.0,22
2026-08-01,222,34,177,194.0,8
2026-08-01,2057,29,298,279.5,16
2026-08-01,100,27,315,409.5,12
2026-08-01,7074,115,95,95,15
2026-08-01,6138,92,95,87.0,6
2026-08-01,5854,90,95,112.0,6
2026-08-01,97,72,370,405,23
2026-08-01,139,38,297,288.0,16
2026-08-01,171,57,350,286.0,24
2026-08-01,2430,72,222,203.5,16
2026-08-01,47,49,404,314.5,22
2026-08-01,2227,12,,173,7
2026-08-01,185,23,370,336,11
2026-08-01,264,34,300,300.5,10
2026-08-01,5481,25,232,260,15
2026-08-01,6236,239,56,56,11
2026-08-01,1514,36,183,108.0,10
2026-08-01,367,41,270,270,11
2026-08-01,1664,36,204,232.5,16
2026-08-01,2189,35,237,287,19
2026-08-01,7335,170,69,69.0,6
2026-08-01,5901,57,90,100,11
2026-08-01,133,28,178,155.5,6
2026-08-01,44,35,102,53,11
2026-08-01,5383,56,268,290.5,24
2026-08-01,246,36,239,170.5,12
2026-08-01,6262,133,117,138,11
2026-08-01,209,32,237,240,15
2026-08-01,329,21,161,143.0,8
2026-08-01,6173,65,182,189.0,14
2026-08-01,301,19,144,219,9
2026-08-01,6260,188,104,118,17
2026-08-01,314,31,157,105,15
2026-08-01,6416,87,148,180.0,8
2026-08-01,2237,28,212,242.0,10
2026-08-01,278,27,358,145,11
2026-08-01,6556,51,,139,9
2026-08-01,1694,54,142,142,23
2026-08-01,93,22,351,178,7
2026-08-01,6569,27,,138.5,4
2026-08-01,127,27,287,278.5,10
2026-08-01,78,10,295,206,7
2026-08-01,165,22,,214.5,8
2026-08-01,274,27,245,315.0,8
2026-08-01,1699,28,295,232.0,12
2026-08-01,451,20,170,217.0,8
2026-08-01,282,11,185,185,3
2026-08-01,192,25,235,196,9
2026-08-01,279,108,138,174.5,14
2026-08-01,383,40,163,157,15
2026-08-01,1863,31,218,231,15
2026-08-01,257,35,169,141.5,8
2026-08-01,62,14,473,153,9
2026-08-01,66,48,426,361,19
2026-08-01,71,25,360,361,11
2026-08-01,79,40,297,303.5,16
2026-08-01,17,78,312,325,27
2026-08-01,80,33,329,285.0,16
2026-08-01,51,14,420,420,5
2026-08-01,87,67,336,234.0,30
2026-08-01,262,25,369,369,5
2026-08-01,259,49,323,331,11
2026-08-01,1656,107,233,224,37
2026-08-01,2271,36,248,254.0,18
2026-08-01,6422,266,179,206.5,10
2026-08-01,2224,56,208,240,27
2026-08-01,2061,12,391,281.5,8
2026-08-01,2185,24,147,152,7
2026-08-01,2180,182,117,125,37
2026-08-01,7076,75,106,118,7
2026-08-01,6665,89,82,161,7
2026-08-01,6574,45,111,132.5,8
2026-08-01,6573,194,62,68.0,16
2026-08-01,6652,27,94,125.0,10
2026-08-01,6635,75,112,112,15
2026-08-01,5269,289,209,192.5,22
2026-08-01,25,24,189,229,9
2026-08-01,95,25,294,249,5
2026-08-01,232,44,285,305,15
2026-08-01,6304,274,338,338,11
2026-08-01,2223,37,342,230.0,18
2026-08-01,218,2,331,331,1
2026-08-01,134,42,323,323,11
2026-08-01,2054,35,251,263.5,14
2026-08-01,2627,65,246,246,17
2026-08-01,261,18,190,369,7
2026-08-01,6657,19,194,184.5,10
2026-08-01,260,90,205,205,27
2026-08-01,1691,69,167,173,21
2026-08-01,242,63,176,207,25
2026-08-01,26,35,161,163.0,8
2026-08-01,6658,32,,108,11
2026-08-01,2260,42,126,186.0,12
2026-08-01,6570,50,139,111,11
2026-08-01,445,47,122,98,21
2026-08-01,6637,23,183,216,7
2026-08-01,6252,29,353,182,11
2026-08-01,1941,56,257,282.0,24
2026-08-01,6566,45,175,206,13
2026-08-01,1709,21,211,138,11
2026-08-01,334,19,178,162.5,6
2026-08-01,7242,46,95,115,9
2026-08-01,7333,64,132,168,11
2026-08-01,313,16,189,172.0,8
2026-08-01,6332,49,102,102,15
2026-08-01,2381,43,275,435.5,12
2026-08-01,256,56,213,244.5,28
2026-08-01,2217,48,295,189.5,16
2026-08-01,89,27,300,273.0,8
2026-08-01,163,24,255,210.5,12
2026-08-01,2023,24,223,232,19
2026-08-01,385,18,174,251,7
2026-08-01,77,22,102,162,9
2026-08-01,6256,64,95,88,9
2026-08-01,6483,235,102,105.5,10
2026-08-01,2037,48,360,360,25
2026-08-01,2234,82,,229.0,12
2026-08-01,88,35,204,100.5,8
2026-08-01,355,15,251,257.5,8
2026-08-01,374,86,255,294.0,22
2026-08-01,352,41,240,197.5,12
2026-08-01,2282,67,239,319,17
2026-08-01,162,18,271,316.5,4
2026-08-01,382,19,200,225.0,8
2026-08-01,266,34,249,298.5,12
2026-08-01,5228,411,139,154.5,36
2026-08-01,1231,30,142,198,13
2026-08-01,1866,55,224,241.0,26
2026-08-01,48,38,240,264.5,12
2026-08-01,1711,73,143,168.5,14
2026-08-01,220,32,171,206.0,14
2026-08-01,335,26,242,176,7
2026-08-01,2257,38,204,208.0,12
2026-08-01,243,25,246,140.0,10
2026-08-01,225,34,214,228.5,8
2026-08-01,5386,166,199,139.5,28
2026-08-01,142,37,168,192.5,8
2026-08-01,1630,19,208,89,5
2026-08-01,6576,73,110,130.0,6
2026-08-01,6649,47,103,199,7
2026-08-01,6646,19,98,73,5
2026-08-01,5794,49,130,145,7
2026-08-01,6276,148,107,74,7
2026-08-01,6421,28,184,232,9
2026-08-01,2225,15,290,192.5,8
2026-08-01,6161,194,190,191,21
2026-08-01,250,34,252,247.0,10
2026-08-01,1367,48,,218.0,18
2026-08-01,2270,48,149,135,17
2026-08-01,153,57,124,99,15
2026-08-01,184,59,189,176.5,18
2026-08-01,309,18,244,253.0,6
2026-08-01,5285,63,237,226.0,20
2026-08-01,318,10,234,141.5,6
2026-08-01,150,44,226,197,21
2026-08-01,2532,64,224,227.0,18
2026-08-01,263,407,150,130.0,14
2026-08-01,7078,53,76,76,9
2026-08-01,7077,148,81,68.0,12
2026-08-01,2287,22,278,295,13
2026-08-01,21,48,187,193.0,16
2026-08-01,251,56,152,206.0,20
2026-08-01,255,29,213,171.0,8
2026-08-01,2218,49,237,238,17
2026-08-01,6659,16,,180,9
2026-08-01,6644,68,73,88.5,16
2026-08-01,6643,180,90,89.0,10
2026-08-01,227,22,184,184,9
2026-08-01,6651,40,,154.5,8
2026-08-01,67,36,308,370.0,16
2026-08-01,173,651,250,234.0,32
2026-08-01,6257,64,174,188,15
2026-08-01,128,24,156,169.0,8
2026-08-01,6371,57,121,96.5,12
2026-08-01,341,13,294,326,9
2026-08-01,440,47,196,227.0,16
2026-08-01,19,61,281,274,21
2026-08-01,1703,30,157,152.0,10
2026-08-01,336,28,172,192.0,14
2026-08-01,333,35,129,163.0,12
2026-08-01,154,107,174,209.5,36
2026-08-01,437,45,260,212.0,10
2026-08-01,156,34,163,181,5
2026-08-01,238,19,179,199,7
2026-08-01,231,18,268,228.0,6
2026-08-01,1701,22,216,216,11
2026-08-01,174,17,378,284,11
2026-08-01,442,27,278,307.0,12
2026-08-01,441,24,290,294,9
2026-08-01,55,42,259,259.0,18
2026-08-01,7083,104,86,134,13
2026-08-01,120,79,324,230.0,22
2026-08-01,49,10,271,271,5
2026-08-01,126,51,278,348.0,20
2026-08-01,249,23,350,350,9
2026-08-01,244,48,336,199.5,12
2026-08-01,6655,21,122,180.5,6
2026-08-01,13,26,286,210.5,10
2026-08-01,347,24,266,256,13
2026-08-01,151,7,245,245,5
2026-08-01,2,72,382,307.5,16
2026-08-01,12,54,485,270.0,22
2026-08-01,8,32,442,329,11
2026-08-01,2228,14,,194.0,8
2026-08-01,6156,117,126,135,15
2026-08-01,837,29,135,162.0,8
2026-08-01,6538,32,,176.5,8
2026-08-01,6461,263,73,86,13
2026-08-01,746,33,124,149.5,10
2026-08-01,5250,34,167,76.0,10
2026-08-01,1160,37,126,138,9
2026-08-01,919,26,166,187,13
2026-08-01,784,14,,321,7
2026-08-01,2523,100,124,124,25
2026-08-01,895,17,164,177.5,8
2026-08-01,1055,60,86,114,15
2026-08-01,5426,21,,147.0,10
2026-08-01,977,77,111,106,23
2026-08-01,1230,21,143,142,7
2026-08-01,2521,94,113,57,15
2026-08-01,6539,29,110,113,7
2026-08-01,6097,36,130,180.0,10
2026-08-01,5249,71,102,102,15
2026-08-01,680,21,145,207,9
2026-08-01,6226,22,103,103,9
2026-08-01,6516,55,114,129,7
2026-08-01,7652,20,117,126.5,10
2026-08-01,1188,13,,110.5,6
2026-08-01,6240,83,92,128,13
2026-08-01,6347,10,103,149.5,2
2026-08-01,6372,25,129,148.0,8
2026-08-01,1246,22,189,219,13
2026-08-01,6681,12,128,94.5,6
2026-08-01,6680,33,110,92,5
2026-08-01,6316,44,108,108,7
2026-08-01,5762,47,122,151,21
2026-08-01,5577,45,137,168,19
2026-08-01,1872,47,143,162,23
2026-08-01,988,34,220,226,9
2026-08-01,6667,19,141,151,5
2026-08-01,1871,21,153,135,7
2026-08-01,6679,45,131,128,5
2026-08-01,1006,77,66,86,15
2026-08-01,1382,47,100,117,9
2026-08-01,5236,73,142,88,17
2026-08-01,5424,28,157,134.5,16
2026-08-01,6106,25,151,224,9
2026-08-01,699,29,127,182.5,8
2026-08-01,867,31,169,205.5,10
2026-08-01,2389,28,112,135.0,12
2026-08-01,2522,42,87,101,25
2026-08-01,2117,21,139,101.5,14
2026-08-01,2118,27,140,171.0,18
2026-08-01,5623,66,101,143.5,16
2026-08-01,2611,159,116,52.5,20
2026-08-01,1258,84,92,150,11
2026-08-01,1671,35,66,147,11
2026-08-01,5342,35,162,164.5,12
2026-08-01,6670,30,65,65.5,6
2026-08-01,7030,37,62,95,5
2026-08-01,6110,29,107,124,9
2026-08-01,6674,48,89,95.5,8
2026-08-01,6114,34,88,106,9
2026-08-01,874,57,102,102,9
2026-08-01,5639,84,57,53,13
2026-08-01,6112,33,74,90,9
2026-08-01,5640,41,74,68,17
2026-08-01,6672,76,66,66,7
2026-08-01,1019,64,159,132.0,22
2026-08-01,5227,212,110,71.0,14
2026-08-01,2387,32,132,132,11
2026-08-01,847,34,108,105.5,8
2026-08-01,5433,31,144,155.5,10
2026-08-01,835,40,161,203.5,10
2026-08-01,879,44,125,163.0,12
2026-08-01,788,40,123,135,17
2026-08-01,811,104,163,147.0,22
2026-08-01,822,39,127,132.0,12
2026-08-01,877,46,95,101,11
2026-08-01,766,30,111,125.5,8
2026-08-01,808,39,160,146.5,10
2026-08-01,6101,17,125,138.0,8
2026-08-01,6103,34,101,134.5,12
2026-08-01,6317,24,152,228.0,6
2026-08-01,6348,16,169,194,9
2026-08-01,6480,24,,118,7
2026-08-01,6678,56,64,78,9
2026-08-01,7336,68,78,80,9
2026-08-01,953,100,59,53,23
2026-08-01,6669,63,62,62,9
2026-08-01,945,16,98,88.0,10
2026-08-01,6069,37,60,99.5,6
2026-08-01,868,6,,42.0,4
2026-08-01,1715,29,105,117,13
2026-08-01,5265,52,105,78,19
2026-08-01,1056,88,128,90.0,24
2026-08-01,1167,40,125,146.0,8
2026-08-01,6105,23,139,160.5,8
2026-08-01,1176,33,172,174.0,10
2026-08-01,6682,29,121,131.5,10
2026-08-01,5413,34,120,102.5,14
2026-08-01,2388,17,148,154.0,8
2026-08-01,933,36,142,142,11
2026-08-01,2174,30,91,137.5,14
2026-08-01,5221,222,90,48.0,18
2026-08-01,6684,8,99,99,5
2026-08-01,6683,84,80,103.5,14
2026-08-01,5312,115,77,65.5,16
2026-08-01,6677,49,71,103,7
2026-08-01,6676,47,98,79,9
2026-08-01,927,42,60,91,7
2026-08-01,949,29,109,112.0,6
2026-08-01,6671,63,75,46,17
2026-08-01,839,34,84,100,9
2026-08-01,6675,13,71,96.5,4
2026-08-01,2573,19,104,189,13
2026-08-01,905,190,100,106.5,20
2026-08-01,6685,22,141,141.5,10
2026-08-01,6686,36,79,82.5,8
2026-08-01,1066,33,113,132,15
2026-08-01,7337,42,95,92.0,10
2026-08-01,1046,90,111,115.0,18
2026-08-01,6503,139,72,72,5
2026-08-01,6688,41,106,106,11
2026-08-01,962,41,105,105,15
2026-08-01,1084,17,118,103,9
2026-08-01,878,35,111,129,11
2026-08-01,1644,29,86,95.5,8
2026-08-01,6477,221,90,90,7
2026-08-01,1186,18,153,119,7
2026-08-01,917,40,104,104,7
2026-08-01,1154,52,154,150,15
2026-08-01,1239,109,116,78,29
2026-08-01,976,37,169,187,19
2026-08-01,985,43,174,172,19
2026-08-01,5725,75,158,160,19
2026-08-01,1198,36,281,306.5,16
2026-08-01,1639,47,245,257,17
2026-08-01,2201,74,104,78,19
2026-08-01,2182,39,200,216,13
2026-08-01,5486,28,235,163.5,16
2026-08-01,947,48,65,73.0,8
2026-08-01,7418,62,85,114,13
2026-08-01,1347,52,74,74.5,16
2026-08-01,890,16,131,107.5,8
2026-08-01,7417,54,54,54,3
2026-08-01,7651,18,57,73,3
2026-08-01,7414,141,82,82,11
2026-08-01,1191,23,198,237.5,10
2026-08-01,6687,25,133,133,9
2026-08-01,5938,26,174,170.0,12
2026-08-01,1948,65,196,220,19
2026-08-01,1193,30,341,341,15
2026-08-01,5381,38,249,241.0,14
2026-08-01,1381,32,281,281,15
2026-08-01,1279,65,170,173.5,20
2026-08-01,1253,21,262,193.5,8
2026-08-01,1081,28,194,194.5,10
2026-08-01,1040,50,406,175,11
2026-08-01,2195,19,186,186,7
2026-08-01,1445,33,178,185,11
2026-08-01,5509,26,134,134,9
2026-08-01,1446,35,253,181,13
2026-08-01,5542,78,209,223.5,20
2026-08-01,1392,32,191,220.5,14
2026-08-01,1432,13,148,133.5,6
2026-08-01,2464,40,124,140.0,22
2026-08-01,7084,590,63,52.0,12
2026-08-01,7085,51,85,87,13
2026-08-01,7127,82,83,119,15
2026-08-01,1068,11,135,168.5,6
2026-08-01,6429,40,141,156,9
2026-08-01,2031,21,98,156.5,12
2026-08-01,5409,45,103,113.0,14
2026-08-01,7086,117,104,82.0,28
2026-08-01,1441,33,104,104,9
2026-08-01,1667,31,193,167,13
2026-08-01,1262,35,175,197.5,6
2026-08-01,1286,37,113,99.0,6
2026-08-01,1412,57,95,95.0,8
2026-08-01,7629,55,62,64.5,8
2026-08-01,7630,98,55,63,11
2026-08-01,7341,184,83,101.5,8
2026-08-01,7342,25,58,58.5,4
2026-08-01,7645,54,39,35.5,4
2026-08-01,506,57,69,69,7
2026-08-01,733,72,116,66.0,16
2026-08-01,732,58,49,40.5,8
2026-08-01,6017,43,92,117.0,22
2026-08-01,1934,83,114,66.0,16
2026-08-01,885,59,87,67.0,16
2026-08-01,2143,35,151,202.5,16
2026-08-01,2146,30,172,200,17
2026-08-01,634,18,132,139,11
2026-08-01,2540,41,173,185.0,6
2026-08-01,7087,154,52,52,19
2026-08-01,6024,191,54,63,23
2026-08-01,6738,52,57,57.5,6
2026-08-01,6442,117,76,76,9
2026-08-01,6737,102,59,46.5,6
2026-08-01,573,44,151,153.0,8
2026-08-01,5719,58,145,158,15
2026-08-01,1619,63,94,96.5,16
2026-08-01,6023,72,76,38,21
2026-08-01,6753,168,68,43.0,20
2026-08-01,2537,16,117,131,9
2026-08-01,6689,121,62,50,17
2026-08-01,2137,39,146,146,21
2026-08-01,886,141,62,54,25
2026-08-01,2283,36,122,189,13
2026-08-01,545,18,84,72.0,8
2026-08-01,6726,71,,62.0,8
2026-08-01,7089,36,86,71.0,20
2026-08-01,7088,29,122,131.5,12
2026-08-01,6376,66,86,118.5,10
2026-08-01,6320,110,54,58.0,6
2026-08-01,6489,281,86,123.5,14
2026-08-01,6701,32,93,133,7
2026-08-01,6702,90,112,99.0,12
2026-08-01,6511,658,42,50.0,10
2026-08-01,2254,18,245,154,11
2026-08-01,5746,54,192,218.0,18
2026-08-01,754,100,307,164.5,18
2026-08-01,118,18,284,234,7
2026-08-01,542,45,131,86,7
2026-08-01,458,33,259,259,7
2026-08-01,5769,72,168,194,15
2026-08-01,5852,34,212,165.5,8
2026-08-01,2448,48,238,246,13
2026-08-01,408,56,209,142,11
2026-08-01,5813,64,51,59.0,20
2026-08-01,5830,44,61,58.0,6
2026-08-01,5825,3,97,97,3
2026-08-01,5820,124,43,46.0,14
2026-08-01,5824,76,63,63,7
2026-08-01,5821,32,49,49,11
2026-08-01,5811,96,34,39,13
2026-08-01,2460,168,39,50,23
2026-08-01,5808,120,42,58,13
2026-08-01,5810,77,40,40,7
2026-08-01,5300,18,359,421.0,12
2026-08-01,416,22,220,245,9
2026-08-01,425,76,275,240,27
2026-08-01,2391,51,174,174,19
2026-08-01,2300,17,277,307.0,10
2026-08-01,2301,46,227,251,15
2026-08-01,2398,34,242,207,15
2026-08-01,1634,32,279,304.0,16
2026-08-01,5258,59,252,300.5,18
2026-08-01,417,29,233,221,19
2026-08-01,613,82,53,53,15
2026-08-01,2444,94,51,56,23
2026-08-01,5833,42,154,132.5,14
2026-08-01,5555,22,180,239.0,14
2026-08-01,6721,89,80,90.0,18
2026-08-01,536,86,105,113.0,14
2026-08-01,6018,37,94,98,13
2026-08-01,5334,50,91,122,17
2026-08-01,7101,95,76,110,15
2026-08-01,2470,132,119,48,25
2026-08-01,2393,41,275,257,15
2026-08-01,2392,26,143,274,13
2026-08-01,7090,94,171,142,15
2026-08-01,85,70,155,181.0,30
2026-08-01,433,538,74,41.5,34
2026-08-01,2403,36,149,66.5,14
2026-08-01,871,207,184,56,33
2026-08-01,420,24,207,207,11
2026-08-01,2306,34,264,88.0,14
2026-08-01,2402,38,205,230,17
2026-08-01,6510,125,42,28,9
2026-08-01,6730,114,45,20.0,14
2026-08-01,6012,129,76,90.0,22
2026-08-01,34,112,61,61,7
2026-08-01,6691,148,41,41,17
2026-08-01,6708,63,52,56,13
2026-08-01,6692,65,40,43.0,12
2026-08-01,5844,87,69,49.5,8
2026-08-01,6696,50,44,44,7
2026-08-01,2542,62,74,35.5,22
2026-08-01,474,215,84,31,31
2026-08-01,6434,98,94,94,17
2026-08-01,2147,47,105,95,19
2026-08-01,473,67,122,90,15
2026-08-01,7092,78,74,72.0,14
2026-08-01,6754,101,54,66.0,8
2026-08-01,6378,71,96,98,13
2026-08-01,2459,42,74,80.5,18
2026-08-01,6377,26,85,56.5,8
2026-08-01,6290,103,51,101,21
2026-08-01,6176,88,46,52.0,16
2026-08-01,6750,147,52,58.0,16
2026-08-01,6022,28,46,97.0,10
2026-08-01,6749,83,59,59,15
2026-08-01,6440,650,36,41.0,10
2026-08-01,6403,38,78,78,11
2026-08-01,6697,89,72,87.0,12
2026-08-01,2148,20,77,83,11
2026-08-01,6010,120,53,74.0,20
2026-08-01,191,32,168,165.5,6
2026-08-01,2149,50,101,139.0,20
2026-08-01,6179,121,52,61,15
2026-08-01,6735,70,47,34,9
2026-08-01,5281,28,75,75,13
2026-08-01,6736,46,50,50,7
2026-08-01,6009,53,74,89,19
2026-08-01,2455,22,131,107.5,12
2026-08-01,701,27,64,58.5,10
2026-08-01,911,35,65,65,7
2026-08-01,6481,47,58,58,7
2026-08-01,5756,174,54,26.0,12
2026-08-01,6291,102,58,58,13
2026-08-01,6698,88,58,65.0,12
2026-08-01,6423,274,49,39.5,12
2026-08-01,7093,118,48,27,25
2026-08-01,7143,230,50,50.0,20
2026-08-01,7102,93,50,71.0,20
2026-08-01,6709,151,58,54.0,10
2026-08-01,505,90,57,62,15
2026-08-01,2446,93,52,61,15
2026-08-01,507,131,44,38.0,14
2026-08-01,455,26,107,108.5,6
2026-08-01,502,65,79,47,9
2026-08-01,2145,21,185,229,13
2026-08-01,450,10,139,208,7
2026-08-01,199,38,107,114.0,8
2026-08-01,35,79,143,133,21
2026-08-01,518,49,120,114,7
2026-08-01,512,54,95,97.5,8
2026-08-01,511,39,91,91,9
2026-08-01,2303,98,80,37.0,22
2026-08-01,29,74,152,152.0,20
2026-08-01,7106,42,131,141,13
2026-08-01,2155,17,169,220,11
2026-08-01,1874,87,184,191,13
2026-08-01,6719,115,78,78,9
2026-08-01,6699,67,71,62,7
2026-08-01,6720,96,69,74.0,12
2026-08-01,6488,183,92,87.0,8
2026-08-01,6755,87,71,76.5,8
2026-08-01,6015,42,207,207,17
2026-08-01,6016,91,187,187,15
2026-08-01,5877,42,131,136,9
2026-08-01,6020,65,135,146.5,18
2026-08-01,2405,48,104,41.5,16
2026-08-01,2456,66,105,107,17
2026-08-01,7338,43,94,101.5,8
2026-08-01,2451,105,101,76,21
2026-08-01,7145,64,47,47,17
2026-08-01,7107,86,49,46.5,18
2026-08-01,2150,29,172,121,11
2026-08-01,6729,43,56,64,13
2026-08-01,2410,62,133,72,19
2026-08-01,453,30,56,56,7
2026-08-01,6013,61,102,119,17
2026-08-01,1717,49,200,222,11
2026-08-01,415,49,190,205,13
2026-08-01,406,180,109,49,13
2026-08-01,2264,44,180,211.0,16
2026-08-01,405,191,123,136.0,22
2026-08-01,2512,60,170,122.0,24
2026-08-01,407,32,170,150.5,16
2026-08-01,413,442,115,91.5,24
2026-08-01,2394,41,133,167,15
2026-08-01,412,28,152,124.5,4
2026-08-01,418,87,259,163,27
2026-08-01,2395,52,202,202,13
2026-08-01,1581,34,196,152.0,16
2026-08-01,499,20,148,148,7
2026-08-01,2404,46,276,286,13
2026-08-01,1719,45,170,176.0,14
2026-08-01,6199,198,46,79.5,20
2026-08-01,6700,151,62,66.0,10
2026-08-01,6215,60,58,77.0,16
2026-08-01,7142,34,190,188.0,6
2026-08-01,7141,55,116,151,15
2026-08-01,6200,56,121,253.0,12
2026-08-01,7094,48,74,106,17
2026-08-01,5831,17,105,205.5,8
2026-08-01,5812,28,118,131.5,8
2026-08-01,6715,25,76,69,11
2026-08-01,2450,48,99,116,21
2026-08-01,2538,65,197,226.5,16
2026-08-01,2397,45,178,225.0,10
2026-08-01,471,25,167,161.0,8
2026-08-01,399,54,241,241,13
2026-08-01,469,66,233,233,23
2026-08-01,6327,143,186,198,17
2026-08-01,488,61,186,224,15
2026-08-01,1635,47,167,167,17
2026-08-01,391,23,220,217.5,8
2026-08-01,2396,82,177,145,15
2026-08-01,6328,86,198,198,13
2026-08-01,2529,37,147,156,13
2026-08-01,6707,96,62,61,17
2026-08-01,6704,80,45,52.5,18
2026-08-01,6703,71,46,29,19
2026-08-01,2445,38,154,146,9
2026-08-01,6725,60,93,70.0,6
2026-08-01,6014,53,91,105.5,14
2026-08-01,6202,171,86,139,15
2026-08-01,464,32,147,184,15
2026-08-01,2539,56,186,196,27
2026-08-01,1576,40,154,164.5,14
2026-08-01,423,30,222,137,9
2026-08-01,1718,36,206,198.0,16
2026-08-01,6706,59,73,88,11
2026-08-01,6705,195,85,85,17
2026-08-01,6525,25,137,137,7
2026-08-01,6741,42,144,206,9
2026-08-01,6742,28,114,161.5,8
2026-08-01,6710,90,63,67.0,4
2026-08-01,2406,41,246,246,11
2026-08-01,57,25,211,211,11
2026-08-01,510,37,200,200,13
2026-08-01,5315,45,137,140.0,18
2026-08-01,1606,49,241,241,21
2026-08-01,434,51,285,292,15
2026-08-01,7100,56,168,142,9
2026-08-01,1573,44,178,180.0,14
2026-08-01,602,49,174,284.0,12
2026-08-01,531,52,177,195,9
2026-08-01,6734,56,95,101.0,8
2026-08-01,7091,47,56,60.5,14
2026-08-01,2302,73,96,99,23
2026-08-01,6694,113,69,72,11
2026-08-01,6152,35,182,193,11
2026-08-01,6518,136,38,47,13
2026-08-01,7339,37,37,26,13
2026-08-01,6546,707,36,42.5,12
2026-08-01,7104,44,93,148,9
2026-08-01,7105,91,42,22.0,18
2026-08-01,5350,45,106,123,15
2026-08-01,436,38,63,26,7
2026-08-01,5303,30,78,57.5,14
2026-08-01,7343,209,29,34,21
2026-08-01,6011,38,36,36,9
2026-08-01,7096,49,58,69.0,28
2026-08-01,2447,31,54,57.0,14
2026-08-01,2304,222,31,54,29
2026-08-01,7340,60,100,103.0,10
2026-08-01,2268,48,270,213,21
2026-08-01,6289,150,149,83,15
2026-08-01,402,58,194,139.5,8
2026-08-01,7095,117,110,54.5,18
2026-08-01,1873,135,134,103.5,24
2026-08-01,480,28,187,187,7
2026-08-01,465,48,109,176.5,18
2026-08-01,2400,42,141,111.5,12
2026-08-01,5554,64,66,113.5,20
2026-08-01,2399,49,92,111.0,16
2026-08-01,774,38,92,53,15
2026-08-01,6277,245,38,31.0,18
2026-08-01,2242,29,121,99.5,10
2026-08-01,6374,33,106,77.5,8
2026-08-01,2481,144,113,117.5,24
2026-08-01,2318,88,73,57.5,10
2026-08-01,896,66,113,108.0,18
2026-08-01,2413,59,136,148.5,20
2026-08-01,6433,92,117,68.0,10
2026-08-01,6008,41,84,95.5,16
2026-08-01,6723,35,96,121,11
2026-08-01,6722,56,63,63,13
2026-08-01,6711,51,74,89,7
2026-08-01,6740,100,94,126,13
2026-08-01,7346,108,61,70.5,12
2026-08-01,6237,75,55,76.5,14
2026-08-01,6402,66,68,71,15
2026-08-01,6718,9,89,28.5,4
2026-08-01,7344,209,29,30.5,20
2026-08-01,5832,16,94,94.0,8
2026-08-01,5841,55,146,150,15
2026-08-01,494,34,226,231,17
2026-08-01,5896,752,110,98.5,20
2026-08-01,534,43,270,282.5,12
2026-08-01,5440,227,231,152,17
2026-08-01,1466,27,275,220,19
2026-08-01,466,62,229,261,21
2026-08-01,5402,316,169,190.5,22
2026-08-01,1662,29,279,188,11
2026-08-01,498,116,333,113,13
2026-08-01,2401,31,,91,7
2026-08-01,497,57,186,101.5,12
2026-08-01,1875,124,191,194.5,34
2026-08-01,432,63,117,113,19
2026-08-01,234,34,184,107,9
2026-08-01,2505,131,150,108,21
2026-08-01,6353,251,99,99,17
2026-08-01,6712,60,55,68.0,10
2026-08-01,6713,61,50,57.5,8
2026-08-01,478,22,222,232.0,10
2026-08-01,483,15,283,350,5
2026-08-01,530,48,137,137,7
2026-08-01,2632,75,344,212,21
2026-08-01,2263,56,134,187,13
2026-08-01,2630,75,112,102.0,8
2026-08-01,2307,20,143,157,9
2026-08-01,475,320,92,92.5,32
2026-08-01,172,25,,157.0,12
2026-08-01,537,85,172,159.0,20
2026-08-01,2316,18,146,156,11
2026-08-01,5443,109,65,65.0,22
2026-08-01,493,58,163,218.5,28
2026-08-01,540,94,114,130,19
2026-08-01,6373,87,107,96.5,8
2026-08-01,456,55,143,164,11
2026-08-01,6490,99,95,120,7
2026-08-01,711,82,97,83.5,14
2026-08-01,203,105,47,56.0,6
2026-08-01,468,65,74,74,5
2026-08-01,1043,33,113,146,9
2026-08-01,167,97,73,77,19
2026-08-01,122,74,49,125,5
2026-08-01,470,72,47,53,13
2026-08-01,452,44,78,78,7
2026-08-01,1622,57,201,203.0,10
2026-08-01,6056,42,199,275,13
2026-08-01,5578,35,241,177,13
2026-08-01,201,34,129,152.5,8
2026-08-01,6714,55,65,69.5,14
2026-08-01,794,28,86,98,13
2026-08-01,7097,25,81,114.0,6
2026-08-01,2412,34,150,150,15
2026-08-01,7144,36,128,139,13
2026-08-01,553,68,209,240.0,16
2026-08-01,1665,47,293,293.5,14
2026-08-01,2309,34,365,133,11
2026-08-01,2315,134,293,128.0,12
2026-08-01,2314,38,251,220,15
2026-08-01,431,28,168,178.0,6
2026-08-01,2308,23,272,108,15
2026-08-01,1876,321,161,137.0,34
2026-08-01,595,83,186,128.5,24
2026-08-01,2241,127,118,125.0,32
2026-08-01,6717,178,80,87.0,14
2026-08-01,6716,67,74,62.5,10
2026-08-01,6362,67,74,86,11
2026-08-01,6360,70,54,61.5,14
2026-08-01,2285,63,119,125,19
2026-08-01,2305,52,108,104.0,16
2026-08-01,2449,32,134,155,11
2026-08-01,5219,60,206,154.5,16
2026-08-01,430,28,272,118,7
2026-08-01,2531,46,53,122.0,14
2026-08-01,6404,26,122,130,15
2026-08-01,6432,686,46,54.0,10
2026-08-01,6693,154,92,110,29
2026-08-01,5736,105,50,39,15
2026-08-01,6695,61,78,52,9
2026-08-01,6747,58,67,70.0,8
2026-08-01,2458,83,111,130.0,20
2026-08-01,6021,49,105,119,15
2026-08-01,6757,93,73,73,13
2026-08-01,467,75,145,136,19
2026-08-01,2152,52,131,116.0,12
2026-08-01,6476,448,83,93.5,10
2026-08-01,472,72,107,118.5,6
2026-08-01,269,44,145,165.0,6
2026-08-01,2461,36,122,166,13
2026-08-01,83,39,136,129.5,6
2026-08-01,401,184,183,99,27
2026-08-01,2158,30,173,158.5,12
2026-08-01,6727,79,68,75,21
2026-08-01,6019,61,72,73,21
2026-08-01,6405,110,75,80.5,18
2026-08-01,5314,52,364,215,17
2026-08-01,485,60,174,144.0,20
2026-08-01,5316,63,268,134.5,16
2026-08-01,6282,191,201,70.0,10
2026-08-01,1642,48,298,242.0,8
2026-08-01,2613,95,245,199.0,16
2026-08-01,509,24,229,229,13
2026-08-01,1580,56,285,205.0,18
2026-08-01,484,16,,207,11
2026-08-01,1578,44,363,198.5,16
2026-08-01,481,40,,77.5,16
2026-08-01,5317,34,181,135.5,14
2026-08-01,2407,44,195,195,17
2026-08-01,508,35,179,179,9
2026-08-01,267,26,195,202.5,10
2026-08-01,1579,62,244,244,19
2026-08-01,1663,40,268,274.5,14
2026-08-01,486,9,,97,5
2026-08-01,6343,330,75,75,13
2026-08-01,2431,58,267,267,17
2026-08-01,2411,48,261,292.0,12
2026-08-01,5552,243,61,45.0,10
2026-08-01,1572,84,177,173,27
2026-08-01,6458,1043,121,121,9
2026-08-01,404,89,222,120,13
2026-08-01,5472,86,42,65.5,30
2026-08-01,6745,97,46,23,11
2026-08-01,2472,84,155,106.0,14
2026-08-01,6197,100,76,70.0,22
2026-08-01,1518,35,142,106.0,16
2026-08-01,2457,60,166,183.5,30
2026-08-01,2462,28,154,166.5,10
2026-08-01,2151,18,214,217.0,12
2026-08-01,2317,44,107,113.5,10
2026-08-01,1189,86,145,162,25
2026-08-01,2631,74,88,93,19
2026-08-01,2154,71,111,114,19
2026-08-01,552,130,69,94,15
2026-08-01,6752,101,70,80.5,12
2026-08-01,462,49,141,147,13
2026-08-01,5827,14,,90,3
2026-08-01,5807,52,73,79.5,12
2026-08-01,5818,25,53,43,9
2026-08-01,5822,30,75,81.0,12
2026-08-01,6724,171,68,79,25
2026-08-01,5828,20,,67.0,2
2026-08-01,5826,30,61,77,3
2026-08-01,5809,60,101,129,11
2026-08-01,5817,19,75,45,5
2026-08-01,2310,282,41,35.5,14
2026-08-01,6748,80,41,42.0,6
2026-08-01,463,55,94,96.5,18
2026-08-01,461,36,76,97.5,10
2026-08-01,183,19,88,66.5,6
2026-08-01,7099,149,74,82.0,10
2026-08-01,7098,134,62,62,3
2026-08-01,2156,25,277,259.0,12
2026-08-01,2159,34,175,209.5,18
2026-08-01,2453,23,132,135.0,18
2026-08-01,454,36,111,125.5,4
2026-08-01,841,30,146,151,7
2026-08-01,756,63,114,117,11
2026-08-01,2312,42,91,156.5,8
2026-08-01,6728,67,74,74,13
2026-08-01,729,64,86,86,9
2026-08-01,6743,100,66,50.0,8
2026-08-01,2142,31,203,146.5,12
2026-08-01,2409,18,176,170.0,4
2026-08-01,2139,15,255,294.0,8
2026-08-01,2157,10,,300.0,4
2026-08-01,2454,12,,172,7
2026-08-01,7108,45,96,93.0,10
2026-08-01,7103,24,36,38,7
2026-08-01,6731,74,34,39,7
2026-08-01,6733,42,67,38.0,12
2026-08-01,6358,20,113,148,11
2026-08-01,6359,135,65,112,13
2026-08-01,7047,14,37,28.5,2
2026-08-01,6732,25,,28,3
2026-08-01,6426,74,89,101.0,12
2026-08-01,6509,581,44,50,13
2026-08-01,1577,62,157,175.0,16
2026-08-01,460,14,166,132,5
2026-08-01,459,40,109,109,19
2026-08-01,482,93,118,147.5,10
2026-08-01,6361,71,162,177.0,18
2026-08-01,119,31,,245,5
2026-08-01,7345,49,50,50,15
2026-08-01,6739,139,73,54,15
2026-08-01,6482,536,66,71.5,10
2026-08-01,6751,191,115,119.0,16
2026-08-01,6744,83,77,78,17
2026-08-01,2543,78,123,123,19
2026-08-01,6212,55,58,67.5,10
2026-08-01,2311,91,75,61.0,12
2026-08-01,6419,305,71,72.0,10
2026-08-01,6485,112,70,98.0,20
2026-08-01,6357,5,,261,3
2026-08-01,864,73,151,203.0,8
2026-08-01,5444,20,249,274.0,10
2026-08-01,1670,18,106,117,7
2026-08-01,6379,42,110,142,15
2026-08-01,6045,96,237,89.0,14
2026-08-01,2319,37,227,206.5,12
2026-08-01,2320,89,166,170.0,24
2026-08-01,429,39,250,326.0,16
2026-08-01,2414,27,295,226.5,6
2026-08-01,2415,45,208,292.0,12
2026-08-01,2065,47,220,227,15
2026-08-01,709,19,107,114.5,8
2026-08-01,41,31,120,109.5,12
2026-08-01,1935,27,206,116,9
2026-08-01,2541,38,95,70.0,22
2026-08-01,39,40,164,172,9
2026-08-01,2153,34,145,152.5,10
2026-08-01,2313,107,132,41,15
2026-08-01,414,56,142,176.5,18
2026-08-01,6756,45,94,94.0,12
2026-08-01,6068,54,83,94.0,14
2026-08-01,513,12,86,89.0,6
2026-08-01,1605,34,79,84,17
2026-08-01,6002,27,81,105,11
2026-08-01,7154,65,80,97.5,14
2026-08-01,601,92,50,62.0,10
2026-08-01,6005,28,45,61.5,6
2026-08-01,6060,85,82,86,13
2026-08-01,2226,24,78,79.0,10
2026-08-01,1528,45,61,75.0,10
2026-08-01,2326,27,60,61,11
2026-08-01,792,24,87,128.0,8
2026-08-01,608,26,62,65,13
2026-08-01,659,48,81,89,11
2026-08-01,1720,57,45,51.5,14
2026-08-01,2024,31,106,103.0,16
2026-08-01,1942,15,128,130.0,14
2026-08-01,344,22,87,105,17
2026-08-01,5576,20,70,73,7
2026-08-01,7348,39,54,33.0,8
2026-08-01,721,9,147,144.0,6
2026-08-01,2290,45,122,145,19
2026-08-01,593,21,149,143.0,8
2026-08-01,6443,492,98,98,13
2026-08-01,611,24,155,161,7
2026-08-01,1602,11,147,114,7
2026-08-01,1609,76,77,100.5,22
2026-08-01,578,7,,78.0,4
2026-08-01,1962,17,130,163.0,12
2026-08-01,348,426,86,57.5,20
2026-08-01,5326,47,51,53.0,12
2026-08-01,6004,58,78,86.0,14
2026-08-01,569,41,46,48,11
2026-08-01,6232,9,84,136.0,6
2026-08-01,5435,45,71,112,17
2026-08-01,567,36,71,82,13
2026-08-01,5624,81,62,61.0,8
2026-08-01,6223,115,54,76.0,18
2026-08-01,5325,31,67,67,11
2026-08-01,6233,59,64,92.5,6
2026-08-01,7263,22,46,55.0,14
2026-08-01,1527,22,59,58,13
2026-08-01,600,19,73,83,5
2026-08-01,6767,49,50,50,7
2026-08-01,642,34,55,106.0,10
2026-08-01,671,24,82,94.5,4
2026-08-01,7056,18,77,77,7
2026-08-01,609,24,58,58,7
2026-08-01,594,16,98,122,7
2026-08-01,5587,26,112,130,15
2026-08-01,6758,88,73,74,9
2026-08-01,2327,37,105,127,19
2026-08-01,6285,56,98,104.0,20
2026-08-01,6776,130,102,120,17
2026-08-01,6779,111,74,82.5,14
2026-08-01,2572,83,84,109,17
2026-08-01,7048,39,58,41.5,4
2026-08-01,6778,16,,110.0,4
2026-08-01,2328,42,83,124.0,12
2026-08-01,6780,33,91,105.0,8
2026-08-01,1961,22,150,155.5,12
2026-08-01,7146,18,68,81.5,6
2026-08-01,1726,73,59,46.5,4
2026-08-01,6331,192,72,80.5,16
2026-08-01,2421,22,142,61.0,8
2026-08-01,643,26,80,82.5,10
2026-08-01,7656,119,78,76,13
2026-08-01,624,34,89,93,15
2026-08-01,5575,111,58,42,19
2026-08-01,6312,320,57,57,9
2026-08-01,7264,90,57,57,15
2026-08-01,1616,24,64,91.5,12
2026-08-01,6003,48,39,67.0,10
2026-08-01,2281,29,70,57,15
2026-08-01,5468,113,24,19.5,14
2026-08-01,5722,37,75,139.0,10
2026-08-01,5423,17,85,85,11
2026-08-01,6526,60,98,100.0,10
2026-08-01,5588,39,76,43,15
2026-08-01,6759,94,58,68.0,20
2026-08-01,2184,15,76,72.5,10
2026-08-01,5263,45,56,56.0,12
2026-08-01,1620,22,47,81.0,10
2026-08-01,2420,33,83,99,9
2026-08-01,7347,14,70,70,7
2026-08-01,1728,43,70,70,13
2026-08-01,568,27,84,84,9
2026-08-01,2418,35,96,96,15
2026-08-01,583,92,75,89.0,16
2026-08-01,581,19,131,112,7
2026-08-01,2183,43,113,214,15
2026-08-01,863,406,51,64.5,28
2026-08-01,548,137,46,46,11
2026-08-01,690,41,74,64,11
2026-08-01,7273,136,46,52.0,18
2026-08-01,668,69,53,53,9
2026-08-01,683,66,45,48,15
2026-08-01,1725,36,68,85,7
2026-08-01,7147,57,66,67,13
2026-08-01,6760,13,92,60,7
2026-08-01,7148,41,67,100,15
2026-08-01,6380,54,95,69,11
2026-08-01,6761,78,46,40.0,14
2026-08-01,7265,145,46,48.0,6
2026-08-01,7266,72,48,48,11
2026-08-01,6459,20,67,84.0,6
2026-08-01,6762,166,50,73,7
2026-08-01,6344,290,49,35.5,8
2026-08-01,1604,36,115,115,11
2026-08-01,589,45,44,45.5,10
2026-08-01,615,26,65,66,7
2026-08-01,6507,227,35,36.5,14
2026-08-01,7355,29,31,45,9
2026-08-01,7356,96,26,32.0,16
2026-08-01,7267,69,38,44.0,16
2026-08-01,6435,62,52,51.5,10
2026-08-01,1668,73,41,87.0,22
2026-08-01,6497,61,103,93.0,6
2026-08-01,289,78,74,96,13
2026-08-01,6325,102,62,76.0,8
2026-08-01,5867,93,61,85.0,8
2026-08-01,2025,32,90,103,15
2026-08-01,6508,168,35,42.5,6
2026-08-01,6364,50,70,70,11
2026-08-01,6763,27,,70.0,8
2026-08-01,645,21,126,105.5,10
2026-08-01,6764,83,77,85,13
2026-08-01,665,31,73,87,9
2026-08-01,793,59,80,87,9
2026-08-01,322,135,66,74,11
2026-08-01,7268,36,,84.0,4
2026-08-01,2416,75,54,56.5,14
2026-08-01,580,29,56,105.0,12
2026-08-01,6057,154,196,238.0,18
2026-08-01,5330,113,134,160.0,26
2026-08-01,1729,18,89,92.5,10
2026-08-01,2417,39,56,57.5,12
2026-08-01,1730,26,65,67.5,10
2026-08-01,1727,23,81,87,9
2026-08-01,6153,241,66,91,11
2026-08-01,1721,23,88,99.5,10
2026-08-01,2280,48,86,52.0,10
2026-08-01,6001,48,107,61,13
2026-08-01,324,32,104,84.5,8
2026-08-01,7109,95,57,58.0,10
2026-08-01,603,45,52,52,7
2026-08-01,7361,42,48,48,15
2026-08-01,7357,70,62,62,5
2026-08-01,7359,64,42,45.5,18
2026-08-01,7360,40,67,70,9
2026-08-01,597,7,,128.0,4
2026-08-01,6062,164,139,159.0,30
2026-08-01,7269,165,34,34,27
2026-08-01,6777,93,56,60.0,12
2026-08-01,7349,105,45,50.5,12
2026-08-01,7350,69,39,42.0,16
2026-08-01,6132,237,119,139,29
2026-08-01,6418,280,31,33.5,16
2026-08-01,6766,52,46,41.5,12
2026-08-01,7270,41,55,46.0,6
2026-08-01,6224,122,119,139.0,24
2026-08-01,6449,260,35,62.0,8
2026-08-01,6222,47,90,56.5,16
2026-08-01,633,23,68,80,11
2026-08-01,6427,66,78,117.0,6
2026-08-01,7271,135,52,59,15
2026-08-01,5868,32,53,71.5,8
2026-08-01,5866,50,59,98,9
2026-08-01,7353,249,41,50,17
2026-08-01,7352,39,93,106,11
2026-08-01,7351,48,62,70,13
2026-08-01,7272,88,68,60.5,16
2026-08-01,6774,89,64,70.0,12
2026-08-01,6773,89,74,87.0,16
2026-08-01,5748,39,95,95,9
2026-08-01,7110,96,40,50.0,20
2026-08-01,6363,40,98,102,7
2026-08-01,7354,54,75,89.0,14
2026-08-01,586,15,64,84,9
2026-08-01,804,61,69,26,13
2026-08-01,5570,56,47,53.0,6
2026-08-01,7149,103,90,96.0,16
2026-08-01,7150,40,81,81,9
2026-08-01,551,15,74,132,5
2026-08-01,6365,73,56,33.5,12
2026-08-01,288,83,46,73,13
2026-08-01,682,50,56,22.0,10
2026-08-01,554,109,47,68,9
2026-08-01,6352,294,68,72,13
2026-08-01,298,111,80,80,13
2026-08-01,1722,37,60,81.5,6
2026-08-01,1724,47,67,93.5,12
2026-08-01,6765,29,53,53,7
2026-08-01,2510,17,150,161.0,14
2026-08-01,596,23,81,169.5,16
2026-08-01,6770,105,58,58,9
2026-08-01,6768,66,41,42.5,14
2026-08-01,6769,70,47,47,9
2026-08-01,7153,53,49,50,15
2026-08-01,7152,113,77,89,15
2026-08-01,7151,31,58,103.5,14
2026-08-01,7362,16,95,78,11
2026-08-01,7363,41,66,85.5,10
2026-08-01,612,30,53,91.5,10
2026-08-01,598,31,70,58.5,10
2026-08-01,755,14,82,81.0,6
2026-08-01,6771,185,75,86.0,8
2026-08-01,6772,34,,137,5
2026-08-01,7358,186,50,88.5,10
2026-08-01,5870,137,129,149,29
2026-08-01,599,37,53,67.5,10
2026-08-01,6775,141,56,63.0,18
2026-08-01,6781,23,102,98.0,8
2026-08-01,2419,50,116,74.0,12
2026-08-01,591,38,79,140.0,6
2026-08-01,547,21,98,103.0,12
2026-08-01,647,42,98,104.0,10
2026-08-01,1603,24,84,86,13
2026-08-01,6415,31,169,207,11
2026-08-01,2329,28,228,227,9
2026-08-01,1723,59,52,58,9
2026-08-01,563,32,50,50.0,6
2026-08-01,582,41,92,91.0,8
2026-08-01,577,31,59,42.5,6
2026-08-01,564,123,38,46.0,10
2026-08-01,2422,183,53,53,17
2026-08-01,323,68,71,71,11
2026-08-01,2038,35,56,39,13
2026-08-01,1296,14,236,247,9
2026-08-01,1519,50,298,288.0,16
2026-08-01,2276,47,248,284.5,20
2026-08-01,2233,53,220,223,19
2026-08-01,2275,45,246,289,19
2026-08-01,6071,60,329,240,13
2026-08-01,1298,17,234,289.0,8
2026-08-01,6367,656,201,134,9
2026-08-01,2179,54,463,330.0,20
2026-08-01,1669,79,368,266,17
2026-08-01,1035,33,282,282,13
2026-08-01,1335,35,430,301.0,14
2026-08-01,1422,38,332,251,19
2026-08-01,6263,41,489,413,15
2026-08-01,6264,48,430,203.0,10
2026-08-01,6782,119,90,115.5,10
2026-08-01,7031,45,85,85,3
2026-08-01,6784,12,,169,7
2026-08-01,6783,24,83,69,5
2026-08-01,7041,9,,46.5,4
2026-08-01,7051,39,,37,1
2026-08-01,5788,29,126,146.5,8
2026-08-01,5550,59,,133,11
2026-08-01,1078,20,64,79.0,6
2026-08-01,5362,34,91,85.5,10
2026-08-01,5406,37,96,131.5,16
2026-08-01,6444,187,57,94.0,8
2026-08-01,5270,37,96,116.0,16
2026-08-01,5271,67,97,79,15
2026-08-01,5551,23,81,107.0,8
2026-08-01,5491,24,98,111,11
2026-08-01,5558,21,149,171.0,8
2026-08-01,6407,15,138,161,9
2026-08-01,5562,47,122,149.0,8
2026-08-01,5561,45,125,127,9
2026-08-01,6272,91,118,130.0,14
2026-08-01,6408,71,146,116,13
2026-08-01,6409,16,,167,7
2026-08-01,6410,58,167,178,13
2026-08-01,5557,20,116,106.0,4
2026-08-01,5560,46,113,123,5
2026-08-01,6274,102,111,138.5,14
2026-08-01,6411,53,96,115,9
2026-08-01,6412,116,97,99.5,12
2026-08-01,5851,81,91,94,13
2026-08-01,6275,59,135,138.0,14
2026-08-01,5559,42,101,131,7
2026-08-01,6322,39,95,113.5,12
2026-08-01,6273,108,102,150,15
2026-08-01,6785,17,,123.0,2
2026-08-01,6786,15,,112.5,6
2026-08-01,6787,32,103,139.5,8
2026-08-01,6788,24,96,106,7
2026-08-01,7022,30,,79,5
2026-08-01,7021,83,,106,7
2026-08-01,6789,36,90,104,9
2026-08-01,1877,54,104,123.0,10
2026-08-01,1016,78,108,110,25
2026-08-01,1022,27,149,71.5,12
2026-08-01,7365,83,133,105.5,8
2026-08-01,996,55,128,100,13
2026-08-01,1590,24,169,170,13
2026-08-01,1882,14,121,211.5,8
2026-08-01,7368,131,63,65.0,12
2026-08-01,1732,43,169,169,11
2026-08-01,1419,26,77,118.0,6
2026-08-01,5445,76,89,85.0,20
2026-08-01,2203,22,77,85,15
2026-08-01,1319,19,143,160,13
2026-08-01,1880,41,129,243.0,8
2026-08-01,1327,17,122,152,7
2026-08-01,1228,24,109,154,15
2026-08-01,1195,40,128,54,11
2026-08-01,1310,34,160,176,9
2026-08-01,5399,42,92,106,11
2026-08-01,1194,39,88,88,9
2026-08-01,1357,26,97,71.0,10
2026-08-01,1311,40,126,133.0,10
2026-08-01,2026,32,115,115.5,14
2026-08-01,5589,47,101,133.5,18
2026-08-01,1334,43,102,122,17
2026-08-01,1009,35,77,64.5,12
2026-08-01,1091,46,91,107.5,8
2026-08-01,1080,54,52,54.0,8
2026-08-01,1064,37,99,105,11
2026-08-01,1451,22,173,208,9
2026-08-01,1210,18,118,128,9
2026-08-01,1350,17,145,162.5,8
2026-08-01,1329,47,109,115,13
2026-08-01,991,31,138,160.0,10
2026-08-01,5805,129,109,109.0,20
2026-08-01,1737,15,159,153,9
2026-08-01,1251,30,146,187,15
2026-08-01,946,44,137,129.5,14
2026-08-01,939,23,180,170.5,4
2026-08-01,1185,21,86,91.5,8
2026-08-01,1166,25,105,126.5,8
2026-08-01,1341,23,70,48,9
2026-08-01,1349,49,77,81.5,18
2026-08-01,1355,24,167,165.5,10
2026-08-01,1879,13,131,131,5
2026-08-01,925,25,74,95,7
2026-08-01,1184,23,118,157.5,8
2026-08-01,1731,26,101,133,13
2026-08-01,1232,14,134,124,7
2026-08-01,1181,35,122,140,7
2026-08-01,1273,45,126,153,11
2026-08-01,1487,35,109,127,19
2026-08-01,1733,36,103,103,7
2026-08-01,5908,32,139,158.5,8
2026-08-01,1359,38,83,101.5,18
2026-08-01,6381,35,109,115.5,6
2026-08-01,1344,48,112,120,13
2026-08-01,5447,67,99,110,19
2026-08-01,1884,22,143,143,7
2026-08-01,1400,25,110,91.0,10
2026-08-01,1322,21,129,136,7
2026-08-01,6025,44,132,151,13
2026-08-01,6026,36,106,139,9
2026-08-01,901,39,116,142,11
2026-08-01,1645,31,104,170.5,16
2026-08-01,5907,27,138,173.0,10
2026-08-01,1943,33,87,131.0,14
2026-08-01,5905,72,62,54,11
2026-08-01,2238,13,138,141,5
2026-08-01,1277,19,108,108,11
2026-08-01,1661,12,,104,7
2026-08-01,916,19,112,104.0,8
2026-08-01,1883,38,135,146,9
2026-08-01,1259,32,234,183,7
2026-08-01,1878,23,166,168.5,8
2026-08-01,6382,26,154,155,7
2026-08-01,974,29,122,126.0,8
2026-08-01,983,22,123,123,9
2026-08-01,5909,31,180,164.5,12
2026-08-01,7364,46,82,82,7
2026-08-01,1448,83,78,97,11
2026-08-01,1314,28,136,136,7
2026-08-01,950,35,69,79.5,6
2026-08-01,941,60,90,113,29
2026-08-01,2435,55,107,107,23
2026-08-01,1734,14,106,128.5,10
2026-08-01,1110,21,115,97,15
2026-08-01,1351,27,131,194,11
2026-08-01,7369,92,86,113.0,12
2026-08-01,1433,37,92,129,7
2026-08-01,1098,35,129,131.0,14
2026-08-01,2204,23,110,120.0,12
2026-08-01,1190,14,110,184,9
2026-08-01,7158,64,97,105,11
2026-08-01,1111,20,132,161.0,12
2026-08-01,1881,16,,73,5
2026-08-01,1108,17,173,201.0,12
2026-08-01,1268,25,237,279.0,12
2026-08-01,1739,23,183,230,15
2026-08-01,1217,7,332,186.0,4
2026-08-01,1443,10,,119.5,6
2026-08-01,1308,12,157,157,9
2026-08-01,1740,25,209,164,17
2026-08-01,1345,33,107,143.0,16
2026-08-01,1326,38,155,152,11
2026-08-01,1209,22,253,227,9
2026-08-01,1293,9,265,304.5,6
2026-08-01,1738,41,101,122.0,16
2026-08-01,1290,27,68,128,11
2026-08-01,2039,30,153,144,13
2026-08-01,7367,171,98,116.0,18
2026-08-01,1425,33,71,84,11
2026-08-01,1250,24,144,109.0,12
2026-08-01,6504,10,214,278.5,2
2026-08-01,929,15,135,163,9
2026-08-01,7155,38,95,99,11
2026-08-01,7157,70,79,79,13
2026-08-01,1741,19,133,143,7
2026-08-01,7156,93,118,83,21
2026-08-01,1297,26,143,133.5,14
2026-08-01,5446,47,108,116.0,18
2026-08-01,1218,53,148,148.0,28
2026-08-01,6027,72,218,218.5,12
2026-08-01,979,17,108,95.5,8
2026-08-01,834,77,115,115,9
2026-08-01,1004,15,124,79,7
2026-08-01,856,24,103,103.5,12
2026-08-01,978,83,95,111.5,26
2026-08-01,1086,19,88,99.5,12
2026-08-01,984,13,,128.0,8
2026-08-01,1027,10,114,149,7
2026-08-01,6039,28,178,178,3
2026-08-01,1074,16,76,110.5,8
2026-08-01,5906,47,80,77.5,18
2026-08-01,1130,11,84,84,5
2026-08-01,913,43,133,144.0,18
2026-08-01,5798,62,135,92.5,20
2026-08-01,1216,28,141,154.0,10
2026-08-01,7366,86,135,230.5,6
2026-08-01,1275,26,146,205.5,8
2026-08-01,1234,46,162,120.0,20
2026-08-01,1197,11,,120.0,10
2026-08-01,1735,24,153,153,15
2026-08-01,1287,18,165,165,11
2026-08-01,1316,24,131,109.5,18
2026-08-01,1223,8,,164.5,6
2026-08-01,5401,10,153,122.0,8
2026-08-01,1272,31,97,138,15
2026-08-01,2040,24,112,132,11
2026-08-01,1736,11,149,128.5,10
2026-08-01,1131,14,129,135.0,8
2026-08-01,1526,26,140,254.5,10
2026-08-01,1254,21,153,151,13
2026-08-01,1226,30,161,161,9
2026-08-01,1289,22,143,169,5
2026-08-01,1601,18,106,107,9
2026-08-01,1339,34,110,132,9
2026-08-01,1405,40,122,152,13
2026-08-01,1600,51,104,104,19
2026-08-01,1144,44,82,86.5,10
2026-08-01,1119,15,122,130.5,8
2026-08-01,6209,75,170,191.0,16
2026-08-01,902,55,166,166,11
2026-08-01,1501,59,134,134,13
2026-08-01,6028,40,100,106,9
2026-08-01,6790,87,53,77.0,14
2026-08-01,7274,63,60,70,9
2026-08-01,7277,66,47,54.5,10
2026-08-01,6032,31,56,82,13
2026-08-01,1320,19,90,95.5,10
2026-08-01,1282,16,49,75.5,4
2026-08-01,5340,17,67,67,7
2026-08-01,6031,58,82,72.5,10
2026-08-01,2138,15,,98,5
2026-08-01,5267,32,82,102,11
2026-08-01,2027,22,100,128.0,12
2026-08-01,7278,97,77,59.5,10
2026-08-01,1207,32,69,69,7
2026-08-01,6791,53,87,95,11
2026-08-01,7275,43,72,83.5,10
2026-08-01,6798,110,56,46,15
2026-08-01,2028,30,80,80,11
2026-08-01,1744,27,85,134,17
2026-08-01,5365,29,87,131,11
2026-08-01,5582,23,152,152,7
2026-08-01,1746,32,90,107.0,20
2026-08-01,6799,44,97,110.0,16
2026-08-01,5581,25,108,137.0,12
2026-08-01,6030,26,129,74,11
2026-08-01,1747,24,79,135.0,8
2026-08-01,5580,30,74,89.0,14
2026-08-01,1748,33,95,127.0,10
2026-08-01,5235,17,79,108,5
2026-08-01,7370,46,70,89.5,10
2026-08-01,7371,78,53,63.0,14
2026-08-01,2568,78,65,67.5,22
2026-08-01,1484,61,70,70,7
2026-08-01,1343,17,75,44,5
2026-08-01,5233,42,85,70.5,16
2026-08-01,6800,41,84,100.5,6
2026-08-01,1481,30,107,88.5,8
2026-08-01,1069,55,85,85,7
2026-08-01,1029,38,68,79,9
2026-08-01,2625,46,79,79,13
2026-08-01,1052,35,63,74,7
2026-08-01,2626,40,59,66,15
2026-08-01,5354,35,65,75.5,10
2026-08-01,5738,42,110,120.0,8
2026-08-01,6794,22,115,138.0,12
2026-08-01,5874,47,86,107.0,20
2026-08-01,5359,44,86,144,15
2026-08-01,1200,44,86,101,9
2026-08-01,1213,15,135,68,5
2026-08-01,1175,26,83,108.0,10
2026-08-01,5548,37,87,113.5,16
2026-08-01,1331,37,145,166.5,14
2026-08-01,1424,28,129,135.0,10
2026-08-01,5764,214,80,83.5,14
2026-08-01,5913,46,148,148,15
2026-08-01,1945,25,97,119.0,16
2026-08-01,1240,19,53,41,5
2026-08-01,6797,73,54,66,13
2026-08-01,5835,34,133,150,11
2026-08-01,7276,47,61,95.0,14
2026-08-01,7279,18,54,106.5,6
2026-08-01,6795,32,90,97.5,12
2026-08-01,1202,22,60,79,5
2026-08-01,6796,106,51,39.0,8
2026-08-01,5910,10,,115,7
2026-08-01,5915,13,109,143,7
2026-08-01,5911,46,110,110,9
2026-08-01,5912,28,125,173.5,12
2026-08-01,5914,17,212,181,7
2026-08-01,2581,45,49,64.0,8
2026-08-01,2643,12,64,105.5,6
2026-08-01,2583,50,49,49,13
2026-08-01,5286,16,97,98.0,10
2026-08-01,7388,28,98,103.5,12
2026-08-01,6035,162,94,118,19
2026-08-01,6036,129,92,102.5,26
2026-08-01,5916,52,131,131,5
2026-08-01,7280,76,46,47,9
2026-08-01,6792,36,58,90.5,8
2026-08-01,1377,50,99,114,17
2026-08-01,6793,48,52,46,11
2026-08-01,1745,40,76,128,15
2026-08-01,7372,19,,80.5,4
2026-08-01,7381,20,70,105.0,8
2026-08-01,7380,24,77,55,7
2026-08-01,7378,88,86,75.0,12
2026-08-01,960,60,95,92.0,10
2026-08-01,1442,67,,74.0,12
2026-08-01,964,67,105,93,11
2026-08-01,6117,18,182,184,7
2026-08-01,7377,62,57,86.5,6
2026-08-01,7384,62,86,86,9
2026-08-01,7639,3,,34,1
2026-08-01,7640,2,,127,1
2026-08-01,7641,6,70,71.5,4
2026-08-01,7373,10,86,86,7
2026-08-01,7385,67,53,53.0,8
2026-08-01,965,30,102,71,7
2026-08-01,966,20,78,78,7
2026-08-01,6491,333,26,28,11
2026-08-01,5803,66,73,147,21
2026-08-01,5837,51,111,93.5,20
2026-08-01,1124,11,57,143,5
2026-08-01,6266,46,62,56.0,12
2026-08-01,7282,35,62,62,11
2026-08-01,6265,84,66,87,19
2026-08-01,7284,41,55,42.0,8
2026-08-01,7285,49,50,80.0,12
2026-08-01,6120,30,163,86.5,8
2026-08-01,6139,88,83,117,21
2026-08-01,7289,1,,39,1
2026-08-01,957,32,90,115.5,18
2026-08-01,6033,9,145,145,5
2026-08-01,6267,45,97,134.0,16
2026-08-01,938,40,139,121,15
2026-08-01,1141,25,127,127,13
2026-08-01,924,67,82,165,11
2026-08-01,7374,11,97,97,7
2026-08-01,7281,54,80,66.0,8
2026-08-01,1183,10,,210,7
2026-08-01,5848,23,120,268,9
2026-08-01,1137,39,87,144.0,10
2026-08-01,6034,17,133,149,11
2026-08-01,7286,68,74,80.0,22
2026-08-01,969,16,113,118,7
2026-08-01,7375,44,104,42,5
2026-08-01,6268,22,149,149.5,12
2026-08-01,7428,43,78,85,13
2026-08-01,7427,37,103,138,9
2026-08-01,1155,29,120,126,9
2026-08-01,987,11,169,142.0,6
2026-08-01,6053,141,71,39.5,14
2026-08-01,5650,16,100,50,9
2026-08-01,1050,40,80,94.5,16
2026-08-01,7376,22,,25,1
2026-08-01,1077,40,,163,7
2026-08-01,1073,38,134,116.0,10
2026-08-01,6311,267,94,94,7
2026-08-01,7287,11,89,29,5
2026-08-01,6493,385,57,45.0,10
2026-08-01,5456,49,119,117.5,22
2026-08-01,7283,27,76,58.0,8
2026-08-01,7382,38,90,90,7
2026-08-01,6119,40,106,106,13
2026-08-01,967,39,90,90,11
2026-08-01,7379,50,72,92.0,6
2026-08-01,1143,15,229,223.0,4
2026-08-01,7386,8,,88.5,4
2026-08-01,7649,15,,44.0,2
2026-08-01,7648,11,61,72,3
2026-08-01,1269,15,,172.0,6
2026-08-01,1242,17,,94.0,4
2026-08-01,5793,51,131,164,17
2026-08-01,7206,136,80,92,11
2026-08-01,6531,246,103,103,27
2026-08-01,1353,47,69,50,17
2026-08-01,7212,59,68,82.0,14
2026-08-01,7291,21,83,103.0,6
2026-08-01,7471,117,70,109.0,16
2026-08-01,7210,23,74,126.5,10
2026-08-01,5459,45,95,116,13
2026-08-01,6278,343,70,70,29
2026-08-01,7290,18,71,78.5,6
2026-08-01,6336,86,54,66,9
2026-08-01,2582,27,85,88.5,8
2026-08-01,6213,21,107,114,11
2026-08-01,6037,56,29,46,7
2026-08-01,1053,40,45,76.5,6
2026-08-01,7389,322,52,57,27
2026-08-01,6487,77,65,97.0,6
2026-08-01,2635,51,57,79.5,14
2026-08-01,2584,35,81,60,9
2026-08-01,7387,64,70,83.0,8
2026-08-01,5847,29,77,77,9
2026-08-01,7390,45,118,116.0,6
2026-08-01,7395,31,132,128,9
2026-08-01,1001,60,87,87,13
2026-08-01,1379,22,147,106,15
2026-08-01,7396,223,57,38,5
2026-08-01,5493,37,176,176,13
2026-08-01,2239,33,117,134.5,18
2026-08-01,910,39,106,106,9
2026-08-01,2530,43,132,132,15
2026-08-01,940,19,78,99,9
2026-08-01,6469,49,71,92,17
2026-08-01,5492,46,128,114.0,16
2026-08-01,935,16,123,124.5,8
2026-08-01,1048,64,178,171,19
2026-08-01,7391,103,50,50,15
2026-08-01,7392,114,46,54,19
2026-08-01,783,77,73,70.0,8
2026-08-01,7393,48,70,66.0,10
2026-08-01,7404,27,86,86,11
2026-08-01,7394,54,80,92,13
2026-08-01,1000,96,86,71,11
2026-08-01,7409,195,49,32.0,8
2026-08-01,7405,68,65,65,19
2026-08-01,7407,78,50,52.5,10
2026-08-01,7398,24,96,42,13
2026-08-01,7410,91,,37.5,4
2026-08-01,2186,29,113,132.0,10
2026-08-01,6383,47,86,128,11
2026-08-01,5942,25,45,67,9
2026-08-01,7397,47,74,84,9
2026-08-01,7406,116,58,47.0,10
2026-08-01,7402,51,82,88.0,12
2026-08-01,7399,87,80,87,13
2026-08-01,7650,120,52,57,15
2026-08-01,7400,62,99,100,11
2026-08-01,7401,249,21,44.0,12
2026-08-01,7413,115,66,70.5,16
2026-08-01,7412,200,46,46,15
2026-08-01,7411,54,69,70,9
2026-08-01,7403,80,70,64,15
2026-08-01,1520,34,328,277.0,16
2026-08-01,2322,18,282,202.0,14
2026-08-01,2295,39,194,166,13
2026-08-01,5338,65,234,208,19
2026-08-01,1469,28,308,311,13
2026-08-01,2297,30,302,267.5,10
2026-08-01,7159,80,249,325.5,6
2026-08-01,5380,30,159,164.0,14
2026-08-01,1468,19,208,208,9
2026-08-01,1474,23,146,140,11
2026-08-01,2296,41,303,236.0,10
2026-08-01,1488,26,290,290,13
2026-08-01,848,12,,271.5,6
2026-08-01,5355,52,109,85.0,12
2026-08-01,861,4,157,89.0,4
2026-08-01,1409,22,160,172.0,10
2026-08-01,851,24,159,159,7
2026-08-01,2261,21,128,195,11
2026-08-01,7161,60,121,71.5,10
2026-08-01,970,57,108,117.0,22
2026-08-01,5337,58,170,128,13
2026-08-01,1513,19,277,320.5,10
2026-08-01,7160,52,,131.5,8
2026-08-01,6162,91,109,113.5,20
2026-08-01,7163,79,96,92,9
2026-08-01,7166,46,135,163.0,14
2026-08-01,843,25,112,123.5,10
2026-08-01,7439,36,85,92.5,10
2026-08-01,5256,36,165,63,11
2026-08-01,2294,40,157,150,13
2026-08-01,1594,50,137,132,21
2026-08-01,908,45,101,100.5,12
2026-08-01,1414,47,83,87.5,20
2026-08-01,7164,31,125,125,9
2026-08-01,5887,249,121,101.0,12
2026-08-01,5865,148,95,98.5,18
2026-08-01,891,34,96,118.0,14
2026-08-01,7415,113,109,113,13
2026-08-01,1522,27,156,156,11
2026-08-01,7162,129,138,112.0,14
2026-08-01,6342,15,142,282,5
2026-08-01,930,40,135,91.0,12
2026-08-01,5796,78,153,191,21
2026-08-01,6283,235,78,68.0,18
2026-08-01,7419,35,90,116.5,4
2026-08-01,6385,14,,134,7
2026-08-01,7165,44,91,74,9
2026-08-01,6501,160,35,24,9
2026-08-01,6330,174,77,137.5,10
2026-08-01,5257,145,47,47.0,24
2026-08-01,7436,55,90,102.0,14
2026-08-01,5255,347,55,52,19
2026-08-01,7440,37,83,83,9
2026-08-01,6801,35,147,158.5,10
2026-08-01,6384,29,90,100,11
2026-08-01,7416,68,107,109.5,12
2026-08-01,6086,57,87,92,13
2026-08-01,6074,70,144,166,17
2026-08-01,2298,78,93,118.0,16
2026-08-01,6439,598,56,55,19
2026-08-01,7226,124,92,92,9
2026-08-01,6310,16,126,131,9
2026-08-01,1067,29,,116.0,6
2026-08-01,897,7,,107.5,2
2026-08-01,7443,63,86,90.0,6
2026-08-01,2029,16,188,241,11
2026-08-01,1436,18,140,195.5,8
2026-08-01,5503,30,199,130.5,14
2026-08-01,5545,38,117,122,11
2026-08-01,1886,23,118,174.0,6
2026-08-01,1465,162,109,35,17
2026-08-01,5531,67,114,114.5,14
2026-08-01,1437,46,140,172,13
2026-08-01,6238,187,94,94,15
2026-08-01,5544,81,114,118,21
2026-08-01,1365,45,76,87,13
2026-08-01,5529,94,94,88.5,14
2026-08-01,1378,46,75,104,21
2026-08-01,1387,40,85,115.0,12
2026-08-01,5741,153,93,97.0,12
2026-08-01,5514,22,101,105,11
2026-08-01,6306,248,81,94.5,20
2026-08-01,1203,42,106,106,7
2026-08-01,6191,64,112,125,15
2026-08-01,1276,52,99,99.5,10
2026-08-01,1173,33,100,162,9
2026-08-01,5505,39,130,117.0,10
2026-08-01,5506,103,135,164.0,14
2026-08-01,6386,42,170,170,7
2026-08-01,5750,39,122,122,19
2026-08-01,1271,18,104,104,5
2026-08-01,1388,31,174,123,9
2026-08-01,5538,14,146,155.5,8
2026-08-01,5543,50,148,173,15
2026-08-01,5532,24,143,134.0,8
2026-08-01,6230,174,110,50,11
2026-08-01,1515,25,98,98,13
2026-08-01,5507,19,183,185.5,10
2026-08-01,5795,45,280,175,13
2026-08-01,1753,6,,124.0,6
2026-08-01,1375,39,167,170.5,20
2026-08-01,5526,23,170,175.0,10
2026-08-01,2471,43,145,212.5,10
2026-08-01,2256,19,135,169,7
2026-08-01,1360,33,125,125,15
2026-08-01,1885,16,154,153.0,6
2026-08-01,1309,14,,300,9
2026-08-01,1397,58,148,132.5,20
2026-08-01,5534,36,188,180,13
2026-08-01,5537,55,166,174,21
2026-08-01,1823,44,256,170,23
2026-08-01,1438,33,103,105,11
2026-08-01,5508,54,135,142.5,14
2026-08-01,5525,35,157,150,13
2026-08-01,1352,73,143,164,21
2026-08-01,5511,133,142,116.0,22
2026-08-01,1431,37,125,125.0,14
2026-08-01,1356,30,189,177.5,12
2026-08-01,5510,11,208,208,9
2026-08-01,1361,31,136,144,7
2026-08-01,1471,65,,38,7
2026-08-01,1750,40,184,125.5,12
2026-08-01,1421,38,192,187,11
2026-08-01,1346,36,176,80,13
2026-08-01,1307,59,133,137,27
2026-08-01,1418,22,106,121.5,6
2026-08-01,6337,113,136,115.5,16
2026-08-01,1754,7,,147.5,4
2026-08-01,1338,35,221,245,15
2026-08-01,5539,53,140,140,19
2026-08-01,5515,120,140,147,23
2026-08-01,5516,26,168,184.0,10
2026-08-01,1211,29,116,105.5,10
2026-08-01,5519,26,140,175.5,14
2026-08-01,5518,28,112,110,13
2026-08-01,1362,34,141,141,7
2026-08-01,5524,58,155,88,17
2026-08-01,1363,72,113,125.0,16
2026-08-01,5504,40,143,77,15
2026-08-01,1398,47,104,104,13
2026-08-01,5512,38,126,126,11
2026-08-01,6802,94,98,86,5
2026-08-01,1165,26,100,135,9
2026-08-01,5448,53,80,92.5,14
2026-08-01,1825,21,283,195.5,6
2026-08-01,1828,22,217,255.5,12
2026-08-01,1958,21,191,390,13
2026-08-01,5502,77,239,205.5,10
2026-08-01,1827,27,252,278,11
2026-08-01,1129,26,161,171.5,12
2026-08-01,5520,18,158,162.0,10
2026-08-01,2561,40,147,175.0,10
2026-08-01,1755,14,,72,7
2026-08-01,1752,40,194,165.5,10
2026-08-01,5523,36,291,238.0,12
2026-08-01,1751,26,167,163.5,10
2026-08-01,1090,27,271,148.0,12
2026-08-01,2463,45,167,197.0,30
2026-08-01,1812,7,195,195,5
2026-08-01,5522,31,147,178,9
2026-08-01,1065,48,172,226.0,16
2026-08-01,1047,43,210,227,13
2026-08-01,7420,34,90,89.0,10
2026-08-01,7423,66,79,90.0,14
2026-08-01,7421,43,54,57.0,16
2026-08-01,7422,33,154,233.0,10
2026-08-01,7424,24,,198,5
2026-08-01,7425,17,177,221.0,10
2026-08-01,6803,32,76,40,3
2026-08-01,1041,68,88,28,9
2026-08-01,973,26,194,196.5,10
2026-08-01,5541,50,134,177.5,14
2026-08-01,2474,74,114,47,13
2026-08-01,1593,25,122,131.0,14
2026-08-01,5530,23,,42,5
2026-08-01,5498,108,89,30,17
2026-08-01,1366,29,86,70.5,8
2026-08-01,5527,123,132,117.5,18
2026-08-01,5528,41,101,160.5,8
2026-08-01,5535,35,105,122.0,14
2026-08-01,5540,52,163,110,13
2026-08-01,7179,41,110,110,9
2026-08-01,1767,26,143,148.0,10
2026-08-01,1138,36,88,98.0,12
2026-08-01,7173,58,73,161,11
2026-08-01,7188,54,75,72.5,8
2026-08-01,2134,39,126,110,17
2026-08-01,1402,83,126,102.5,14
2026-08-01,7174,45,59,62.0,10
2026-08-01,7181,87,80,94,15
2026-08-01,1763,44,124,148,9
2026-08-01,1760,15,254,265.0,6
2026-08-01,5917,112,86,124,15
2026-08-01,2579,107,127,76.0,18
2026-08-01,6333,99,93,91.0,20
2026-08-01,6221,210,90,90,23
2026-08-01,1946,28,73,86.5,12
2026-08-01,1761,30,124,124,11
2026-08-01,1758,22,98,103,9
2026-08-01,6208,13,88,95.0,6
2026-08-01,2133,43,173,150.0,12
2026-08-01,1771,13,,90,7
2026-08-01,5649,28,68,93,7
2026-08-01,7167,50,98,108,17
2026-08-01,5451,28,108,108,11
2026-08-01,7182,94,97,84,9
2026-08-01,1770,29,67,103.0,18
2026-08-01,1473,51,81,66.0,12
2026-08-01,7187,54,124,122,17
2026-08-01,1766,34,103,88.5,8
2026-08-01,5919,31,104,113.5,14
2026-08-01,5923,58,59,70,19
2026-08-01,5638,36,46,56,7
2026-08-01,1772,17,91,91,11
2026-08-01,5924,122,127,106,13
2026-08-01,1408,31,91,96,9
2026-08-01,7180,125,104,99.0,14
2026-08-01,7168,84,79,89,19
2026-08-01,1336,30,80,80,7
2026-08-01,1411,26,108,107.0,10
2026-08-01,1765,114,95,107.5,20
2026-08-01,7190,107,85,85,15
2026-08-01,7184,120,97,100,13
2026-08-01,6500,66,142,167,15
2026-08-01,7175,120,100,126.0,20
2026-08-01,1283,51,94,94,11
2026-08-01,1313,45,68,54.0,10
2026-08-01,5849,22,107,122.0,6
2026-08-01,7169,70,112,166.0,12
2026-08-01,2041,37,97,140.5,12
2026-08-01,7171,83,108,147.5,6
2026-08-01,1914,43,65,90,11
2026-08-01,5450,51,93,99,11
2026-08-01,5427,25,107,100.5,8
2026-08-01,7170,61,116,143.5,10
2026-08-01,7172,45,74,65.5,10
2026-08-01,1762,34,83,95,11
2026-08-01,1332,42,98,60.0,14
2026-08-01,5449,37,112,74,17
2026-08-01,1890,25,95,141.5,8
2026-08-01,7191,39,93,94.0,14
2026-08-01,5920,44,73,101,15
2026-08-01,5619,40,138,113.5,12
2026-08-01,7177,59,96,96,5
2026-08-01,1394,19,95,122,7
2026-08-01,1364,30,147,167.0,14
2026-08-01,1187,33,139,131.5,8
2026-08-01,1888,42,185,147,13
2026-08-01,7185,165,90,88.0,14
2026-08-01,6451,181,123,142.0,6
2026-08-01,7178,122,88,161,13
2026-08-01,6096,196,114,92.0,18
2026-08-01,5918,21,142,81,9
2026-08-01,2135,45,92,111.0,20
2026-08-01,7176,72,114,114.5,16
2026-08-01,2136,20,121,101.5,12
2026-08-01,1389,45,121,130,17
2026-08-01,2132,31,130,140.0,14
2026-08-01,5305,39,93,104,11
2026-08-01,1406,101,92,93.0,24
2026-08-01,7183,73,64,64,7
2026-08-01,1764,36,95,98,11
2026-08-01,6513,431,63,73.0,16
2026-08-01,5922,49,86,101.0,22
2026-08-01,5921,29,97,87.0,12
2026-08-01,6387,48,110,124.5,12
2026-08-01,1768,58,53,88.0,22
2026-08-01,1887,22,107,161.5,12
2026-08-01,1889,45,68,68,15
2026-08-01,1773,55,92,132,9
2026-08-01,1472,197,68,68,21
2026-08-01,5452,39,89,85.5,12
2026-08-01,7189,89,68,68,11
2026-08-01,7186,46,89,77.5,10
2026-08-01,6547,58,82,82.5,12
2026-08-01,1916,24,121,146,11
2026-08-01,1328,36,105,118,11
2026-08-01,1533,19,112,112,11
2026-08-01,1538,128,110,116.5,22
2026-08-01,2618,8,116,147,7
2026-08-01,7192,25,83,122.5,6
2026-08-01,1227,12,95,95,7
2026-08-01,7194,79,91,81.0,8
2026-08-01,1918,24,117,126.0,12
2026-08-01,5242,55,89,83.0,14
2026-08-01,1534,279,89,185,21
2026-08-01,6804,44,88,145,5
2026-08-01,1426,38,83,66,11
2026-08-01,7193,38,,45,3
2026-08-01,1539,71,89,111.0,18
2026-08-01,1920,53,100,75,19
2026-08-01,2499,40,101,121,9
2026-08-01,5343,87,118,130.0,16
2026-08-01,5925,55,104,148,23
2026-08-01,1547,28,139,152.0,8
2026-08-01,1212,36,81,81,11
2026-08-01,5243,88,104,130.5,14
2026-08-01,1931,26,83,83,13
2026-08-01,1923,24,151,222.0,12
2026-08-01,5245,25,126,196,15
2026-08-01,1536,105,90,76.0,24
2026-08-01,1921,46,100,120.5,16
2026-08-01,1917,39,105,106.5,14
2026-08-01,1535,30,126,150.5,10
2026-08-01,5244,16,136,124,11
2026-08-01,1553,84,104,96.5,16
2026-08-01,1926,16,98,98,9
2026-08-01,1555,14,116,178,9
2026-08-01,1531,38,103,136.5,16
2026-08-01,1919,28,169,170,13
2026-08-01,1922,43,111,146.0,18
2026-08-01,1932,17,158,124.0,10
2026-08-01,1924,28,138,163,13
2026-08-01,6806,27,106,143.0,14
2026-08-01,1927,11,129,64,7
2026-08-01,5727,116,130,134.0,28
2026-08-01,5453,40,108,108,13
2026-08-01,2495,61,110,88.0,14
2026-08-01,7197,110,106,106,11
2026-08-01,1930,21,153,165.0,12
2026-08-01,1929,29,124,69,13
2026-08-01,1928,14,105,124,7
2026-08-01,5873,84,165,165,15
2026-08-01,5648,41,126,109,19
2026-08-01,1420,16,112,98,11
2026-08-01,2494,32,,71.0,20
2026-08-01,5241,21,103,99,11
2026-08-01,2504,473,70,79,35
2026-08-01,5327,24,91,126,9
2026-08-01,5614,29,107,132.0,12
2026-08-01,1544,27,,108.5,6
2026-08-01,1358,22,102,102,11
2026-08-01,7198,30,116,116,5
2026-08-01,5454,34,135,159.5,12
2026-08-01,1543,144,83,190,17
2026-08-01,1925,59,125,112,27
2026-08-01,5246,2,,62,1
2026-08-01,6805,19,101,179.0,4
2026-08-01,1552,34,110,116,11
2026-08-01,1933,36,130,163,17
2026-08-01,1541,20,111,143,7
2026-08-01,5647,34,102,115,17
2026-08-01,5405,129,99,106,19
2026-08-01,7199,28,,124.5,4
2026-08-01,5927,67,76,76,11
2026-08-01,5403,33,107,98.0,8
2026-08-01,1545,45,93,141.0,14
2026-08-01,5926,39,214,242.5,16
2026-08-01,1537,27,157,185,13
2026-08-01,1542,25,109,147.0,16
2026-08-01,7195,135,82,93.0,16
2026-08-01,7196,46,114,96,11
2026-08-01,6323,113,79,74.5,10
2026-08-01,1915,20,44,87,9
2026-08-01,1548,15,102,77,7
2026-08-01,5339,35,113,113,11
2026-08-01,1036,160,135,136,27
2026-08-01,1085,26,115,106.0,8
2026-08-01,1071,11,114,154,5
2026-08-01,5455,37,119,119,13
2026-08-01,1012,10,113,94.5,6
2026-08-01,1099,28,147,165,15
2026-08-01,1087,46,134,95,19
2026-08-01,1088,26,135,106.0,10
2026-08-01,907,29,116,179,15
2026-08-01,1060,37,88,92,9
2026-08-01,6270,121,90,114.0,16
2026-08-01,1106,20,91,97.5,6
2026-08-01,1460,29,87,128,9
2026-08-01,853,18,97,124.5,8
2026-08-01,1132,18,98,123.0,6
2026-08-01,997,30,83,111.5,6
2026-08-01,7288,6,,135,3
2026-08-01,6094,46,117,74.5,16
2026-08-01,1142,52,91,109,11
2026-08-01,5651,47,85,96.5,16
2026-08-01,5473,18,102,140,5
2026-08-01,1140,279,71,71,25
2026-08-01,1161,56,91,93.5,8
2026-08-01,6269,50,133,111.5,8
2026-08-01,906,26,99,116.0,14
2026-08-01,6038,11,,139.0,8
2026-08-01,1133,21,109,126.5,8
2026-08-01,818,12,117,117,7
2026-08-01,829,71,108,108,11
2026-08-01,918,19,142,69,9
2026-08-01,6465,24,102,80,11
2026-08-01,1007,10,102,77,7
2026-08-01,5635,28,98,106.0,10
2026-08-01,7426,45,101,123.0,6
2026-08-01,6239,94,86,98.5,18
2026-08-01,888,41,88,88,13
2026-08-01,1083,32,93,93,9
2026-08-01,5457,11,147,173.0,10
2026-08-01,1037,6,131,131,5
2026-08-01,1038,27,92,107,11
2026-08-01,7200,112,41,49,11
2026-08-01,2126,25,71,127.0,12
2026-08-01,5945,34,81,82.5,12
2026-08-01,5944,28,80,95,7
2026-08-01,5952,32,48,68.5,6
2026-08-01,5946,88,65,93.5,24
2026-08-01,2128,43,,29,7
2026-08-01,5943,421,42,47.0,34
2026-08-01,6040,56,39,41.0,12
2026-08-01,5953,73,30,55.0,10
2026-08-01,2131,2,,122.5,2
2026-08-01,5949,78,25,54,13
2026-08-01,5363,28,83,135,7
2026-08-01,2466,26,85,103,11
2026-08-01,1788,42,124,124,17
2026-08-01,5718,34,127,110.0,18
2026-08-01,6807,65,81,114.0,16
2026-08-01,6821,20,86,100,7
2026-08-01,1790,24,117,133.5,6
2026-08-01,2653,39,114,114,13
2026-08-01,2621,12,106,116.5,6
2026-08-01,6826,33,99,126.0,6
2026-08-01,2637,190,103,114.5,20
2026-08-01,2330,17,121,123,9
2026-08-01,2331,7,140,140,3
2026-08-01,5875,54,194,168.0,10
2026-08-01,5897,130,105,138,17
2026-08-01,6811,23,92,83.0,4
2026-08-01,5714,38,114,128.0,14
2026-08-01,5483,33,176,176,9
2026-08-01,5482,40,108,117.0,14
2026-08-01,1015,20,,113,11
2026-08-01,6810,49,96,120,7
2026-08-01,6823,21,95,128.5,4
2026-08-01,5706,29,110,110,9
2026-08-01,2334,10,110,93.0,6
2026-08-01,1796,73,101,149.0,14
2026-08-01,1168,31,106,97.0,6
2026-08-01,1024,30,62,79.0,8
2026-08-01,2092,43,76,121,11
2026-08-01,2441,45,95,88.5,8
2026-08-01,2072,39,106,106.5,20
2026-08-01,2120,20,109,155.0,10
2026-08-01,1164,71,68,74,9
2026-08-01,2333,22,91,99.5,12
2026-08-01,5800,33,94,98,11
2026-08-01,2091,64,49,86,11
2026-08-01,2506,60,56,65,11
2026-08-01,2337,45,62,86,17
2026-08-01,2083,41,117,117,9
2026-08-01,1789,27,133,133,7
2026-08-01,1794,19,116,117,7
2026-08-01,2475,62,100,118.0,18
2026-08-01,1795,22,101,128.0,8
2026-08-01,1023,35,76,171,7
2026-08-01,6368,249,49,48.0,10
2026-08-01,993,25,111,111,9
2026-08-01,2122,62,110,111.0,16
2026-08-01,6825,83,80,129.5,16
2026-08-01,900,56,65,75.5,8
2026-08-01,2107,34,59,66,9
2026-08-01,921,21,102,91.0,10
2026-08-01,2564,138,84,112,19
2026-08-01,5347,33,91,128,13
2026-08-01,5633,49,138,197.5,14
2026-08-01,2076,31,94,112.0,8
2026-08-01,2423,23,131,162.0,10
2026-08-01,2440,41,90,99,13
2026-08-01,5224,84,128,128,13
2026-08-01,981,28,78,126.5,6
2026-08-01,5716,46,102,122,13
2026-08-01,6812,35,82,65.0,4
2026-08-01,5484,38,101,120.5,12
2026-08-01,990,12,101,101,3
2026-08-01,6495,524,65,82,7
2026-08-01,6210,37,114,117.0,16
2026-08-01,6809,44,91,111,11
2026-08-01,6815,54,83,88,13
2026-08-01,6584,44,77,80,19
2026-08-01,6816,272,50,52.5,12
2026-08-01,6583,36,70,78.5,6
2026-08-01,6196,109,72,87,15
2026-08-01,6818,67,59,59,9
2026-08-01,6814,42,65,69.0,8
2026-08-01,6813,40,63,105.0,18
2026-08-01,6817,73,55,58.5,14
2026-08-01,6225,54,148,59.0,8
2026-08-01,6204,42,114,150.5,12
2026-08-01,5747,18,159,147.0,12
2026-08-01,6211,141,70,108.0,10
2026-08-01,2074,32,74,93,17
2026-08-01,1044,26,50,68,7
2026-08-01,6154,205,57,42,13
2026-08-01,6822,50,61,111.0,18
2026-08-01,2335,72,125,118.5,22
2026-08-01,2566,88,95,95.0,18
2026-08-01,5348,32,85,90,15
2026-08-01,2112,56,50,79.5,10
2026-08-01,6214,20,141,141,11
2026-08-01,2087,31,147,141.0,16
2026-08-01,1264,29,102,89.5,10
2026-08-01,2077,25,124,124.0,10
2026-08-01,1192,20,98,63,3
2026-08-01,944,52,93,102.5,12
2026-08-01,2116,35,117,126,13
2026-08-01,932,8,79,84.0,6
2026-08-01,1792,53,62,80.5,12
2026-08-01,5890,62,78,133,13
2026-08-01,2085,24,61,71,9
2026-08-01,6369,60,72,108.5,14
2026-08-01,2093,31,94,116.5,8
2026-08-01,2332,35,151,106.5,18
2026-08-01,6819,46,66,96.0,22
2026-08-01,2106,110,71,104.5,24
2026-08-01,5602,28,71,128,11
2026-08-01,2336,25,89,112,13
2026-08-01,6820,30,68,131,13
2026-08-01,892,30,102,102,19
2026-08-01,2078,73,62,92.0,16
2026-08-01,6808,168,46,50.0,20
2026-08-01,2073,43,74,138.0,16
2026-08-01,2442,48,76,67.5,18
2026-08-01,5751,36,96,110,7
2026-08-01,2101,67,80,96,11
2026-08-01,2089,47,101,116.0,14
2026-08-01,2113,44,107,110,17
2026-08-01,5335,19,85,95.0,10
2026-08-01,2090,36,71,73,7
2026-08-01,1163,27,71,107,11
2026-08-01,2100,58,61,81.5,8
2026-08-01,5715,40,155,154.0,16
2026-08-01,2079,169,56,79,9
2026-08-01,2439,82,55,58,9
2026-08-01,2103,429,59,84,15
2026-08-01,1196,60,128,109.5,18
2026-08-01,2104,127,69,128,17
2026-08-01,2443,95,33,49.0,18
2026-08-01,1020,65,60,61,11
2026-08-01,1014,34,,79,5
2026-08-01,6006,22,141,171,17
2026-08-01,1621,10,85,101,7
2026-08-01,1206,23,,91.5,8
2026-08-01,1791,54,91,131,9
2026-08-01,1008,42,127,128.5,10
2026-08-01,2099,41,54,54,7
2026-08-01,5878,165,46,65.0,22
2026-08-01,5880,89,74,79.0,16
2026-08-01,5879,49,107,122,15
2026-08-01,6455,453,62,58.5,10
2026-08-01,5882,26,104,204.5,6
2026-08-01,2088,8,68,68,3
2026-08-01,1025,28,49,76.0,6
2026-08-01,5838,83,98,120,15
2026-08-01,1787,30,95,158,9
2026-08-01,936,29,109,81,11
2026-08-01,2030,38,115,129.5,12
2026-08-01,2105,46,69,88,15
2026-08-01,2565,8,96,113,5
2026-08-01,5601,32,102,116.0,12
2026-08-01,2084,14,74,108,9
2026-08-01,6828,28,122,122,7
2026-08-01,6832,8,,102.5,4
2026-08-01,6831,76,77,80.0,14
2026-08-01,6827,91,95,95,15
2026-08-01,6830,50,86,93,15
2026-08-01,6834,91,76,66.0,12
2026-08-01,6833,110,61,78,17
2026-08-01,6829,133,65,70.0,14
2026-08-01,7432,16,121,121,5
2026-08-01,7430,13,81,83.0,8
2026-08-01,7431,14,120,95.0,6
2026-08-01,7429,29,85,135,9
2026-08-01,5223,37,116,93,15
2026-08-01,5499,47,68,80,19
2026-08-01,7433,65,86,86,17
2026-08-01,7442,89,65,85.5,22
2026-08-01,899,50,70,83,9
2026-08-01,7437,50,91,100.5,8
2026-08-01,7441,49,123,111.5,10
2026-08-01,7434,39,51,38,7
2026-08-01,7444,69,70,70.0,20
2026-08-01,7438,105,80,80,17
2026-08-01,7435,97,74,104,11
2026-08-01,7445,22,114,114,11
2026-08-01,7642,53,99,89.5,8
2026-08-01,7643,11,72,72,3
2026-08-01,7446,27,86,86,7
2026-08-01,7040,42,99,121,7
2026-08-01,6835,15,203,203,7
2026-08-01,5935,36,120,214,15
2026-08-01,6305,57,142,198.0,18
2026-08-01,1597,25,176,185.5,8
2026-08-01,1205,33,105,56,9
2026-08-01,6388,62,87,38.5,8
2026-08-01,6389,44,60,77.5,8
2026-08-01,1324,23,144,144,7
2026-08-01,1947,32,182,102.0,14
2026-08-01,1598,70,111,155,17
2026-08-01,7120,125,61,84,15
2026-08-01,1599,25,85,88,13
2026-08-01,6309,1003,54,71.5,20
2026-08-01,1304,52,124,68,17
2026-08-01,1058,33,156,165,15
2026-08-01,1057,23,96,96.0,12
2026-08-01,5804,49,146,102,15
2026-08-01,1529,23,,132.5,10
2026-08-01,1018,30,140,109,9
2026-08-01,1059,23,142,153.5,6
2026-08-01,7112,61,90,90.5,10
2026-08-01,5770,72,178,178,21
2026-08-01,1076,71,79,61.5,20
2026-08-01,5321,38,47,52.5,16
2026-08-01,6462,602,45,44.5,14
2026-08-01,1778,26,101,94.5,16
2026-08-01,6391,31,150,165,11
2026-08-01,1776,31,109,123,19
2026-08-01,6229,48,126,144,17
2026-08-01,1093,28,86,84.0,8
2026-08-01,1095,48,66,80.0,8
2026-08-01,1114,27,70,87,7
2026-08-01,1096,38,126,126,5
2026-08-01,7111,106,86,119,19
2026-08-01,7119,101,86,54,7
2026-08-01,7118,86,82,88.0,20
2026-08-01,1104,28,135,133.5,6
2026-08-01,7201,140,126,106.0,12
2026-08-01,2467,58,176,187.0,20
2026-08-01,1779,48,143,143,19
2026-08-01,5850,79,116,121,13
2026-08-01,6329,310,135,198,25
2026-08-01,1011,27,135,93,9
2026-08-01,1595,47,303,290,17
2026-08-01,2600,242,278,167,23
2026-08-01,6425,173,183,157.0,12
2026-08-01,7115,195,56,44.0,14
2026-08-01,1033,44,89,89.0,14
2026-08-01,5934,17,,124,5
2026-08-01,7447,86,90,91.5,10
2026-08-01,7203,20,116,116,9
2026-08-01,7116,121,114,116.5,18
2026-08-01,7204,42,78,87.0,8
2026-08-01,1243,44,167,167,15
2026-08-01,1237,57,138,170.0,12
2026-08-01,6537,539,74,96.0,18
2026-08-01,7114,59,105,105,11
2026-08-01,7113,91,97,116,21
2026-08-01,1171,5,,164.0,2
2026-08-01,2274,24,92,114,15
2026-08-01,904,54,72,92.5,16
2026-08-01,1219,27,141,150.5,6
2026-08-01,1102,36,86,87.0,10
2026-08-01,889,86,115,124.0,10
2026-08-01,898,72,87,18.0,14
2026-08-01,5846,102,82,118.5,16
2026-08-01,1079,18,138,120.0,10
2026-08-01,1115,30,104,98.5,10
2026-08-01,1089,40,86,101.0,12
2026-08-01,1112,22,93,85.0,6
2026-08-01,1097,45,86,86,7
2026-08-01,1123,48,97,61,19
2026-08-01,7202,70,91,35,13
2026-08-01,1774,39,104,173.5,18
2026-08-01,1257,28,112,123,13
2026-08-01,1775,25,116,132,13
2026-08-01,6544,639,181,156,15
2026-08-01,1637,25,166,182.0,14
2026-08-01,1383,76,101,73,15
2026-08-01,1222,14,179,179,9
2026-08-01,6061,58,129,137,13
2026-08-01,1002,37,121,153.5,12
2026-08-01,1199,92,105,105,13
2026-08-01,1777,29,118,138.0,18
2026-08-01,992,49,77,83,13
2026-08-01,6280,125,58,51.0,14
2026-08-01,1017,20,109,125,13
2026-08-01,7448,129,79,97.5,12
2026-08-01,999,19,110,110,7
2026-08-01,2262,27,154,100,13
2026-08-01,1030,26,151,155,11
2026-08-01,1204,35,116,81,11
2026-08-01,1666,30,161,176.5,16
2026-08-01,5936,61,107,119,15
2026-08-01,989,43,79,137,9
2026-08-01,6390,33,106,115,11
2026-08-01,5933,85,76,80,21
2026-08-01,1005,36,194,230,17
2026-08-01,6203,265,85,82,43
2026-08-01,6195,83,129,102,9
2026-08-01,6129,138,181,141.0,16
2026-08-01,2279,365,260,237.5,28
2026-08-01,2252,133,310,314.5,32
2026-08-01,1530,61,246,253.0,14
2026-08-01,1782,269,221,198.5,26
2026-08-01,1266,115,297,320.0,12
2026-08-01,6836,80,83,68.0,6
2026-08-01,7449,32,108,86.5,6
2026-08-01,7450,69,132,149,15
2026-08-01,1295,24,149,153.0,8
2026-08-01,1337,25,172,222.0,10
2026-08-01,1306,25,105,175.5,8
2026-08-01,1395,49,221,208.5,14
2026-08-01,1783,30,473,469,19
2026-08-01,1265,32,477,315.0,16
2026-08-01,1781,20,300,162,13
2026-08-01,1524,44,413,461,17
2026-08-01,5379,112,189,199,21
2026-08-01,1390,34,514,316,17
2026-08-01,1470,12,117,117,7
2026-08-01,1300,14,145,159.5,8
2026-08-01,1312,40,104,134,21
2026-08-01,5940,74,95,123,19
2026-08-01,1284,13,,166.5,4
2026-08-01,1802,29,134,94,13
2026-08-01,6171,39,184,184,11
2026-08-01,7121,70,95,109.0,20
2026-08-01,961,31,167,108.5,10
2026-08-01,7117,89,80,117.5,10
2026-08-01,7539,49,112,106.0,12
2026-08-01,1278,76,300,239.5,28
2026-08-01,1780,59,290,221.5,14
2026-08-01,1248,29,267,230.0,20
2026-08-01,1801,43,124,142,11
2026-08-01,5461,67,129,168,11
2026-08-01,5460,27,120,134,11
2026-08-01,7631,41,67,89.0,4
2026-08-01,7452,96,58,65.0,12
2026-08-01,7451,37,73,73,7
2026-08-01,7453,97,81,97.5,12
2026-08-01,7635,81,58,46.0,4
2026-08-01,7454,33,86,64,7
2026-08-01,7636,19,,41.0,2
2026-08-01,7455,87,67,74,9
2026-08-01,6837,19,60,62,9
2026-08-01,6839,74,42,45.5,12
2026-08-01,6842,3,81,89,3
2026-08-01,6840,105,38,57,7
2026-08-01,6838,21,64,65,7
2026-08-01,6841,42,25,65.5,4
2026-08-01,7456,51,140,136.5,10
2026-08-01,6843,18,,144.5,4
2026-08-01,7122,251,94,66.0,10
2026-08-01,7123,126,105,132,5
2026-08-01,2245,47,122,133.5,10
2026-08-01,2247,13,130,140.0,6
2026-08-01,291,22,,96,9
2026-08-01,5416,82,107,113.0,12
2026-08-01,271,8,185,198.5,6
2026-08-01,2194,33,76,76,13
2026-08-01,1479,22,113,150.0,10
2026-08-01,1500,30,100,112,17
2026-08-01,7458,102,60,71,9
2026-08-01,1495,76,72,109.0,10
2026-08-01,5553,21,143,83,11
2026-08-01,1499,74,52,56,11
2026-08-01,5458,32,102,76,19
2026-08-01,7457,81,56,32.5,10
2026-08-01,1493,40,97,99.0,6
2026-08-01,6460,714,42,50,15
2026-08-01,6844,38,69,111,9
2026-08-01,1506,83,64,64,17
2026-08-01,6130,88,85,84,11
2026-08-01,1504,50,69,57.0,10
2026-08-01,1494,32,132,108.0,12
2026-08-01,2193,59,56,66.5,14
2026-08-01,1483,42,86,105,11
2026-08-01,7461,65,45,50,15
2026-08-01,7460,112,61,74.5,10
2026-08-01,7459,61,58,58,5
2026-08-01,1507,82,77,77.0,14
2026-08-01,2248,13,,209.5,6
2026-08-01,2246,41,155,155.0,4
2026-08-01,2251,24,118,138.0,8
2026-08-01,1294,11,295,295,7
2026-08-01,1305,13,140,140,5
2026-08-01,1586,18,197,239,9
2026-08-01,1585,7,,262,5
2026-08-01,1584,29,139,153.5,6
2026-08-01,1281,12,135,169.5,4
2026-08-01,1583,35,212,235,11
2026-08-01,1592,31,147,155,7
2026-08-01,2616,42,119,119,11
2026-08-01,1333,37,256,256,11
2026-08-01,1368,32,262,262,13
2026-08-01,5937,57,149,171.0,18
2026-08-01,5939,52,153,172,17
2026-08-01,1321,49,193,138,15
2026-08-01,1396,30,175,175,7
2026-08-01,1949,65,182,218,25
2026-08-01,1785,58,168,221,27
2026-08-01,7205,51,178,178,9
2026-08-01,5579,37,158,174.0,12
2026-08-01,1208,42,128,129.5,12
2026-08-01,7470,22,130,130,13
2026-08-01,1521,37,161,146.5,16
2026-08-01,1214,42,137,151,17
2026-08-01,7243,119,136,128.0,16
2026-08-01,1292,174,156,84.5,22
2026-08-01,1952,32,198,151,17
2026-08-01,1291,38,208,185.5,14
2026-08-01,2607,65,251,251,13
2026-08-01,1525,31,251,189.5,10
2026-08-01,1369,9,,389.0,8
2026-08-01,5856,1198,238,108,35
2026-08-01,2269,48,322,282.0,12
2026-08-01,1386,298,251,282.5,28
2026-08-01,1784,55,429,237.0,18
2026-08-01,1169,52,217,221.5,8
2026-08-01,1951,65,239,239.5,28
2026-08-01,759,43,169,169,13
2026-08-01,1657,42,167,188,17
2026-08-01,1288,43,326,326,15
2026-08-01,1653,44,304,196,15
2026-08-01,1950,11,,177,9
2026-08-01,6845,82,147,156,21
2026-08-01,7036,45,61,72.0,6
2026-08-01,6271,62,231,233.5,16
2026-08-01,1380,40,244,236,13
2026-08-01,1225,77,84,113.0,10
2026-08-01,7124,27,157,168,11
2026-08-01,1256,27,238,262.0,8
2026-08-01,1261,14,169,141.0,4
2026-08-01,5895,15,240,245,9
2026-08-01,6499,38,128,183.0,8
2026-08-01,1672,51,198,198,19
2026-08-01,1157,33,83,83,13
2026-08-01,5843,44,98,99.0,8
2026-08-01,5787,11,117,130.5,6
2026-08-01,7298,51,56,57,9
2026-08-01,7297,64,67,75,9
2026-08-01,7125,46,93,147.5,14
2026-08-01,5563,17,,92,7
2026-08-01,2608,30,152,122,9
2026-08-01,5238,12,111,144,5
2026-08-01,1178,76,102,112.5,8
2026-08-01,2624,14,65,99.5,10
2026-08-01,6534,33,70,42,5
2026-08-01,1452,72,100,73,15
2026-08-01,5634,21,91,112.5,10
2026-08-01,6532,67,123,143.0,16
2026-08-01,6535,21,130,137,11
2026-08-01,1252,30,121,121,13
2026-08-01,7209,101,72,103.0,24
2026-08-01,6192,60,97,110.5,14
2026-08-01,2606,71,63,65.5,8
2026-08-01,6355,53,121,137.0,18
2026-08-01,1170,24,125,198.0,10
2026-08-01,1179,39,125,94.0,6
2026-08-01,2636,25,101,122.5,10
2026-08-01,7216,51,86,114,11
2026-08-01,1447,12,73,85.0,8
2026-08-01,1146,30,98,90.0,12
2026-08-01,6341,83,95,112.5,6
2026-08-01,1136,65,45,60.5,12
2026-08-01,7215,176,49,49,13
2026-08-01,7214,85,46,46,15
2026-08-01,6184,64,99,117,7
2026-08-01,1145,13,109,109,5
2026-08-01,7213,49,131,157.5,18
2026-08-01,6055,60,168,168,15
2026-08-01,7218,58,97,105,17
2026-08-01,7293,45,,109.5,8
2026-08-01,7292,24,78,78,7
2026-08-01,7301,20,66,78.0,10
2026-08-01,5395,27,96,133,9
2026-08-01,5930,53,98,97.5,20
2026-08-01,5932,66,77,87.0,16
2026-08-01,1149,22,80,80.0,10
2026-08-01,2555,47,120,120,23
2026-08-01,1139,43,98,108.5,6
2026-08-01,2547,17,93,115.5,8
2026-08-01,1128,25,94,107,9
2026-08-01,5471,17,103,117.5,8
2026-08-01,2545,19,80,95.0,8
2026-08-01,2546,50,92,93.5,12
2026-08-01,2243,18,105,171,9
2026-08-01,5928,8,,90,3
2026-08-01,1463,12,136,157,7
2026-08-01,6149,76,147,147.5,24
2026-08-01,7207,203,72,64.0,12
2026-08-01,1399,12,,199,7
2026-08-01,2554,16,136,161.5,10
2026-08-01,1151,28,134,90,7
2026-08-01,5929,90,110,110,15
2026-08-01,1117,9,135,239,7
2026-08-01,1127,14,124,190,9
2026-08-01,1135,39,81,106,17
2026-08-01,1120,11,,246.0,6
2026-08-01,1107,21,,170.0,8
2026-08-01,2556,16,122,122,9
2026-08-01,5393,14,94,96.5,6
2026-08-01,5394,11,102,77,7
2026-08-01,5931,17,78,167,11
2026-08-01,2557,9,127,163.0,8
2026-08-01,2558,24,97,156,11
2026-08-01,1103,15,76,89.5,8
2026-08-01,7295,33,53,120,9
2026-08-01,1449,28,72,88.5,12
2026-08-01,6536,64,95,123,13
2026-08-01,1156,18,83,75.5,8
2026-08-01,2597,40,68,92.0,20
2026-08-01,6218,175,80,80,11
2026-08-01,1455,24,60,53.5,8
2026-08-01,6514,508,37,54.5,14
2026-08-01,1116,24,103,130.5,10
2026-08-01,2619,28,93,99.5,10
2026-08-01,5494,29,72,82,9
2026-08-01,2559,35,61,97.5,12
2026-08-01,1491,22,61,52.5,8
2026-08-01,7294,55,86,90,19
2026-08-01,6533,59,86,107.5,8
2026-08-01,7217,93,60,66.5,12
2026-08-01,2598,109,73,73,25
2026-08-01,6182,39,115,164,15
2026-08-01,7208,27,99,145,13
2026-08-01,6183,54,92,125.5,12
2026-08-01,7299,62,58,66.5,8
2026-08-01,7211,48,88,97.0,10
2026-08-01,1121,16,98,142,9
2026-08-01,1464,52,56,56,11
2026-08-01,7300,46,,35.0,6
2026-08-01,5396,29,83,140.0,16
2026-08-01,2585,7,104,111.0,4
2026-08-01,7501,57,66,66,11
2026-08-01,7502,57,42,25,9
2026-08-01,7500,29,46,52.0,6
2026-08-01,7499,148,45,77,11
2026-08-01,7492,29,70,81.0,6
2026-08-01,5261,26,128,99,13
2026-08-01,7498,68,61,111,9
2026-08-01,7223,46,,71,19
2026-08-01,7495,27,55,55,9
2026-08-01,5998,74,116,130,29
2026-08-01,7472,52,38,46,13
2026-08-01,2586,39,105,115,7
2026-08-01,2615,59,82,121,9
2026-08-01,6392,71,79,84,11
2026-08-01,7245,24,84,115,3
2026-08-01,2587,41,97,122,5
2026-08-01,5989,45,90,90,9
2026-08-01,5779,19,113,135.5,6
2026-08-01,7244,154,54,58.0,8
2026-08-01,922,93,104,112.5,12
2026-08-01,7037,45,46,75.0,10
2026-08-01,6846,4,72,150,3
2026-08-01,2614,31,69,90.5,6
2026-08-01,6438,41,93,117,7
2026-08-01,2588,17,70,86,5
2026-08-01,2589,32,70,88.5,10
2026-08-01,7486,72,46,54,13
2026-08-01,7246,91,58,52.0,6
2026-08-01,7487,92,54,41.0,6
2026-08-01,7474,63,58,60.5,10
2026-08-01,7247,24,51,58.5,4
2026-08-01,7488,31,38,47.0,10
2026-08-01,5784,58,72,102.5,6
2026-08-01,5993,39,93,168,7
2026-08-01,7479,56,61,72,9
2026-08-01,7253,27,67,67,7
2026-08-01,7483,34,49,51,9
2026-08-01,5780,69,112,140.0,10
2026-08-01,7255,51,50,53.0,8
2026-08-01,5777,57,78,115,19
2026-08-01,2590,64,76,108,11
2026-08-01,7475,65,30,36.5,12
2026-08-01,5990,194,59,82.5,6
2026-08-01,5781,74,55,87,19
2026-08-01,5778,74,96,110,11
2026-08-01,5995,202,51,93.5,26
2026-08-01,5679,184,43,46,57
2026-08-01,7249,108,48,39.0,12
2026-08-01,7248,76,39,25,11
2026-08-01,5782,58,83,91,5
2026-08-01,7256,230,31,39,7
2026-08-01,2591,113,66,83,15
2026-08-01,5628,437,53,60,51
2026-08-01,5785,42,93,124.0,8
2026-08-01,865,99,55,105.0,10
2026-08-01,7484,44,38,49.0,6
2026-08-01,5997,40,143,171,13
2026-08-01,7476,3,,110,3
2026-08-01,7477,27,51,54.0,6
2026-08-01,5776,19,151,194,11
2026-08-01,5992,70,151,193.5,18
2026-08-01,2592,49,130,130,11
2026-08-01,7478,27,56,91.5,6
2026-08-01,958,27,115,115,9
2026-08-01,948,95,87,80.5,10
2026-08-01,7250,32,63,79.5,8
2026-08-01,833,68,68,111,7
2026-08-01,7251,40,83,75.5,6
2026-08-01,6393,23,98,63.5,6
2026-08-01,7503,59,58,52.0,6
2026-08-01,7219,28,64,69.5,8
2026-08-01,7221,11,85,99.5,8
2026-08-01,7220,42,62,70,11
2026-08-01,7496,59,36,46.0,4
2026-08-01,7497,108,50,50,7
2026-08-01,7222,68,56,49.5,10
2026-08-01,7224,41,69,75.0,14
2026-08-01,7491,34,74,94,7
2026-08-01,7493,44,50,63,7
2026-08-01,6000,46,117,147,13
2026-08-01,7494,39,58,67,9
2026-08-01,5783,55,77,75,7
2026-08-01,7254,69,52,56,7
2026-08-01,5672,223,58,37,45
2026-08-01,515,32,157,268.0,8
2026-08-01,1895,47,134,180,17
2026-08-01,6089,80,114,88,11
2026-08-01,7514,38,122,125.0,14
2026-08-01,131,37,178,178,13
2026-08-01,1797,37,165,189,15
2026-08-01,5724,56,136,140.0,20
2026-08-01,138,26,175,74.5,12
2026-08-01,1799,46,92,103,21
2026-08-01,132,28,115,124,9
2026-08-01,7504,11,138,142,3
2026-08-01,7633,21,110,110,7
2026-08-01,6864,29,110,119.5,4
2026-08-01,7634,8,63,88,5
2026-08-01,6486,50,148,169.0,12
2026-08-01,5438,49,127,148,13
2026-08-01,5757,42,120,120,7
2026-08-01,7528,53,105,118.0,14
2026-08-01,7529,47,78,87.0,8
2026-08-01,6873,57,104,104,9
2026-08-01,7505,30,133,140,9
2026-08-01,7512,27,133,185,7
2026-08-01,7513,175,96,120,25
2026-08-01,7510,26,166,183.5,8
2026-08-01,516,32,144,60,11
2026-08-01,1894,34,131,130,15
2026-08-01,6866,38,135,124,9
2026-08-01,6446,41,114,86.5,10
2026-08-01,6848,14,123,134,5
2026-08-01,6847,33,114,114,9
2026-08-01,6850,23,141,106,5
2026-08-01,6849,20,125,155,5
2026-08-01,6851,52,102,106.0,10
2026-08-01,6872,69,109,109,15
2026-08-01,6870,57,97,105,9
2026-08-01,6871,37,110,95,11
2026-08-01,6879,37,82,121.0,6
2026-08-01,7506,10,118,182,7
2026-08-01,6860,33,164,178.0,10
2026-08-01,7530,26,252,252,5
2026-08-01,187,26,136,127.0,10
2026-08-01,1798,19,111,118,13
2026-08-01,6861,42,104,104,13
2026-08-01,560,36,134,63,9
2026-08-01,123,35,146,143.5,18
2026-08-01,196,16,,100,7
2026-08-01,6865,30,88,102.5,12
2026-08-01,7508,28,124,124,11
2026-08-01,7638,29,116,121,9
2026-08-01,7507,19,166,162.0,6
2026-08-01,6884,23,145,129.0,6
2026-08-01,6883,29,122,117.5,8
2026-08-01,1963,15,154,157.0,8
2026-08-01,7520,31,98,98,3
2026-08-01,7516,42,67,67,5
2026-08-01,182,18,192,142.5,6
2026-08-01,7532,110,100,110,11
2026-08-01,7644,21,73,79.5,4
2026-08-01,7511,30,136,143.0,14
2026-08-01,7518,78,112,133.5,10
2026-08-01,6852,24,101,115.0,10
2026-08-01,6853,7,,111.0,4
2026-08-01,7517,31,95,103,9
2026-08-01,6863,32,91,107,9
2026-08-01,1965,46,151,151,11
2026-08-01,6859,32,103,121,13
2026-08-01,6862,41,85,89.0,14
2026-08-01,6088,118,80,92.0,22
2026-08-01,6855,40,120,125.5,6
2026-08-01,6856,22,134,168.5,8
2026-08-01,6854,17,159,168.5,10
2026-08-01,6858,48,130,139.0,16
2026-08-01,6857,52,127,154,11
2026-08-01,6876,25,109,95.0,6
2026-08-01,489,42,141,148,11
2026-08-01,7509,40,107,134.5,8
2026-08-01,5432,91,77,98.5,28
2026-08-01,490,25,155,145.5,10
2026-08-01,492,21,136,190.0,6
2026-08-01,6880,26,123,129.0,8
2026-08-01,6087,68,70,70,13
2026-08-01,7522,49,110,110,9
2026-08-01,495,34,164,87.0,4
2026-08-01,614,40,104,84.5,14
2026-08-01,533,39,127,64,13
2026-08-01,7515,12,166,100,5
2026-08-01,7533,32,114,114,7
2026-08-01,7534,55,102,102,7
2026-08-01,7058,77,76,65.0,14
2026-08-01,6885,54,83,80.5,12
2026-08-01,7519,28,124,67,5
2026-08-01,5439,62,96,125.0,16
2026-08-01,1891,44,94,114.0,12
2026-08-01,175,48,146,138,17
2026-08-01,2067,41,163,114,13
2026-08-01,1964,60,156,164.0,28
2026-08-01,5616,90,94,99,23
2026-08-01,2178,68,86,67.5,16
2026-08-01,7523,20,,84,9
2026-08-01,6882,123,77,88,21
2026-08-01,7531,60,114,79.0,16
2026-08-01,6881,108,102,74,9
2026-08-01,1892,45,115,111,13
2026-08-01,170,44,101,118.5,16
2026-08-01,7526,84,99,99,17
2026-08-01,7525,110,106,106,17
2026-08-01,5876,76,92,94.0,18
2026-08-01,5604,115,98,107.0,18
2026-08-01,1938,1,,86,1
2026-08-01,74,18,,110.0,6
2026-08-01,477,38,91,91,15
2026-08-01,6869,19,73,73,7
2026-08-01,7527,95,67,99,11
2026-08-01,6877,43,132,181,9
2026-08-01,6878,76,136,153,21
2026-08-01,6874,56,106,109,15
2026-08-01,6875,20,110,118.0,8
2026-08-01,7019,35,140,146.0,6
2026-08-01,1848,21,125,145,13
2026-08-01,7017,48,146,143,11
2026-08-01,2070,42,102,75.0,16
2026-08-01,7628,19,104,80.0,8
2026-08-01,7627,39,112,112,9
2026-08-01,6867,34,138,232.5,10
2026-08-01,166,22,145,100,9
2026-08-01,7623,59,105,99.0,12
2026-08-01,1241,39,149,149,7
2026-08-01,5941,49,89,99,19
2026-08-01,6517,507,76,83.0,18
2026-08-01,6324,240,66,68.0,8
2026-08-01,6889,75,145,152,17
2026-08-01,1966,20,184,241.0,12
2026-08-01,1092,29,176,196.0,10
2026-08-01,1032,22,152,93.5,8
2026-08-01,1803,20,160,146.5,16
2026-08-01,1384,27,96,115.5,16
2026-08-01,6172,207,61,95.5,20
2026-08-01,1638,20,122,122,11
2026-08-01,1061,25,114,145.5,8
2026-08-01,1800,42,124,124.0,16
2026-08-01,7535,94,73,69.0,16
2026-08-01,6886,117,66,67,17
2026-08-01,6887,40,76,42.0,6
2026-08-01,7537,47,131,131,7
2026-08-01,6901,68,63,60.5,12
2026-08-01,7055,49,54,61.0,10
2026-08-01,6158,56,86,99.0,16
2026-08-01,6897,50,69,61.5,8
2026-08-01,5391,34,115,115,17
2026-08-01,1450,40,78,90.5,8
2026-08-01,5735,27,116,145.0,14
2026-08-01,6899,49,157,158.0,10
2026-08-01,7538,19,,81,7
2026-08-01,5464,14,119,119,7
2026-08-01,5497,14,201,193.5,10
2026-08-01,5462,22,175,219,9
2026-08-01,6349,94,122,101.5,16
2026-08-01,5463,34,135,152,13
2026-08-01,1028,64,108,86.5,10
2026-08-01,934,30,123,133.0,14
2026-08-01,5420,82,74,90.0,24
2026-08-01,920,18,116,74,7
2026-08-01,912,41,,27.5,8
2026-08-01,7540,85,46,55,11
2026-08-01,6900,42,60,63.5,14
2026-08-01,6888,76,77,101.0,18
2026-08-01,7126,34,126,122.0,8
2026-08-01,6896,73,70,70,9
2026-08-01,6890,41,132,138,13
2026-08-01,6893,14,142,142,3
2026-08-01,7536,17,114,154,5
2026-08-01,6891,31,121,130,9
2026-08-01,6894,20,122,101,11
2026-08-01,6892,19,142,117.0,8
2026-08-01,7038,83,59,49.0,8
2026-08-01,7039,10,130,130,3
2026-08-01,928,42,134,200,9
2026-08-01,7225,54,135,135,7
2026-08-01,6302,460,62,62,17
2026-08-01,6315,174,46,48.0,8
2026-08-01,1042,110,77,96.0,14
2026-08-01,6090,60,103,117,23
2026-08-01,5392,52,46,49.0,16
2026-08-01,6895,7,,119,5
2026-08-01,2265,134,102,102,11
2026-08-01,6898,44,83,99,13
2026-08-01,7542,149,264,202,17
2026-08-01,7548,69,322,238.5,18
2026-08-01,7546,105,229,213,23
2026-08-01,7543,58,264,308.5,20
2026-08-01,7551,57,266,184.0,10
2026-08-01,7547,30,272,201.0,14
2026-08-01,7553,91,294,294,19
2026-08-01,7550,87,302,265.5,18
2026-08-01,7552,50,305,232,11
2026-08-01,7545,79,315,356,17
2026-08-01,7555,70,302,329,15
2026-08-01,7554,48,288,317,15
2026-08-01,7549,47,285,319.0,18
2026-08-01,6073,72,110,110,21
2026-08-01,5797,8,101,101,5
2026-08-01,6217,47,70,78,9
2026-08-01,6420,296,56,55.5,8
2026-08-01,6181,31,95,120.0,12
2026-08-01,6335,43,90,105.0,8
2026-08-01,6334,39,110,111,11
2026-08-01,541,39,105,105,5
2026-08-01,2338,53,57,60.5,10
2026-08-01,7653,405,38,37,15
2026-08-01,2339,41,113,116,17
2026-08-01,2342,28,134,142.0,14
2026-08-01,2343,18,110,112,9
2026-08-01,2544,45,113,93,17
2026-08-01,2345,18,130,131,5
2026-08-01,575,38,108,132,15
2026-08-01,880,62,101,119,19
2026-08-01,5488,28,74,120,11
2026-08-01,6354,49,106,134.5,4
2026-08-01,2629,37,125,113.0,14
2026-08-01,6163,126,80,63.0,28
2026-08-01,5489,35,79,93.0,10
2026-08-01,6313,100,49,66.0,8
2026-08-01,588,19,91,93,7
2026-08-01,556,20,112,142,9
2026-08-01,606,35,92,110,9
2026-08-01,5603,74,56,80,13
2026-08-01,5883,51,61,61.5,12
2026-08-01,706,9,112,137,7
2026-08-01,2098,5,,136,5
2026-08-01,6201,9,,276,5
2026-08-01,5774,53,74,81.5,16
2026-08-01,813,46,92,92,7
2026-08-01,5884,67,59,76.0,14
2026-08-01,2108,59,47,66.0,16
2026-08-01,5775,120,57,36,25
2026-08-01,525,39,66,74,15
2026-08-01,587,6,112,112,5
2026-08-01,2476,13,139,139,5
2026-08-01,585,13,,176.0,6
2026-08-01,5573,13,200,200,7
2026-08-01,2114,2,194,224.0,2
2026-08-01,576,6,147,130.0,4
2026-08-01,555,5,,293.0,4
2026-08-01,718,13,70,97.0,6
2026-08-01,720,15,62,119,7
2026-08-01,5234,25,107,96,7
2026-08-01,6091,105,59,134.0,10
2026-08-01,557,7,128,315,5
2026-08-01,2115,54,141,179,21
2026-08-01,2082,200,98,137.5,30
2026-08-01,5352,33,147,147,15
2026-08-01,6520,484,63,50,17
2026-08-01,786,16,135,187.0,6
2026-08-01,6902,56,65,65.0,16
2026-08-01,779,33,62,111,11
2026-08-01,6417,88,78,99,9
2026-08-01,2628,29,185,192,11
2026-08-01,6085,7,127,127,5
2026-08-01,5881,63,74,88,17
2026-08-01,6528,170,70,79.0,6
2026-08-01,2094,232,50,66,19
2026-08-01,2341,55,74,92,17
2026-08-01,5885,68,153,172,13
2026-08-01,2111,45,84,97.5,16
2026-08-01,6903,48,53,62.0,12
2026-08-01,5353,26,121,135.0,12
2026-08-01,517,45,79,95,17
2026-08-01,5351,42,107,68,13
2026-08-01,2110,49,92,105,19
2026-08-01,2340,34,76,95,15
2026-08-01,2347,29,112,126.0,12
2026-08-01,6198,88,66,77,19
2026-08-01,5378,68,78,107,23
2026-08-01,546,18,62,84.0,8
2026-08-01,2109,34,88,144.5,20
2026-08-01,2097,102,55,83,13
2026-08-01,6453,238,54,40,9
2026-08-01,543,33,84,106.0,12
2026-08-01,6904,51,62,64.0,14
2026-08-01,6295,32,106,139.0,16
2026-08-01,2086,21,95,135.0,16
2026-08-01,550,33,74,75.5,8
2026-08-01,523,26,115,176,9
2026-08-01,6424,427,63,65.5,12
2026-08-01,6905,57,98,103.5,10
2026-08-01,6529,74,74,116.5,4
2026-08-01,2346,32,114,146.0,10
2026-08-01,5248,19,74,93,11
2026-08-01,2348,21,125,125,9
2026-08-01,2095,50,64,100.5,12
2026-08-01,2349,16,80,114.0,8
2026-08-01,7302,33,75,99.5,6
2026-08-01,6906,45,68,93.0,14
2026-08-01,7304,32,82,82,5
2026-08-01,7303,22,128,157,3
2026-08-01,6908,167,88,42,11
2026-08-01,7306,17,133,133,7
2026-08-01,7305,7,126,126,3
2026-08-01,6907,51,88,101.0,8
2026-08-01,7307,64,81,82,9
2026-08-01,6436,41,122,155.5,10
2026-08-01,923,9,,174.0,6
2026-08-01,5222,15,107,178.0,10
2026-08-01,617,25,77,78.5,6
2026-08-01,632,36,76,96.0,12
2026-08-01,6297,29,135,186.5,14
2026-08-01,660,68,99,104.0,20
2026-08-01,5891,37,95,95,13
2026-08-01,955,26,124,205,7
2026-08-01,5955,42,100,105.0,10
2026-08-01,5620,31,119,124.5,10
2026-08-01,5954,32,138,178,15
2026-08-01,6296,43,185,167.0,18
2026-08-01,5297,139,125,130.5,18
2026-08-01,5437,15,98,108.0,8
2026-08-01,5404,18,96,96.5,6
2026-08-01,641,12,77,77,5
2026-08-01,570,30,55,74.5,10
2026-08-01,2605,21,84,95.0,10
2026-08-01,2603,41,,25.0,12
2026-08-01,2602,56,76,42.5,18
2026-08-01,674,87,62,62,15
2026-08-01,681,18,53,60,7
2026-08-01,2604,28,69,58.0,8
2026-08-01,7227,104,66,66,13
2026-08-01,5948,77,58,63,7
2026-08-01,5950,45,47,61.0,8
2026-08-01,5397,385,46,69,17
2026-08-01,561,27,83,85,11
2026-08-01,6478,243,43,32.5,8
2026-08-01,2127,18,75,92.5,10
2026-08-01,2129,23,97,103,9
2026-08-01,5364,11,85,73.5,8
2026-08-01,579,15,67,69.5,8
2026-08-01,592,10,,77.5,4
2026-08-01,6492,104,52,93,7
2026-08-01,605,36,59,76.0,14
2026-08-01,5636,30,68,68,11
2026-08-01,7228,41,102,113.0,20
2026-08-01,6287,36,185,195.5,12
2026-08-01,5479,23,162,234,11
2026-08-01,7234,74,109,151,11
2026-08-01,6909,57,99,99,11
2026-08-01,2549,16,88,113,9
2026-08-01,7229,73,122,140.0,20
2026-08-01,7233,76,98,109.0,12
2026-08-01,7230,92,64,74.5,24
2026-08-01,869,26,120,81,11
2026-08-01,7235,47,71,85.0,14
2026-08-01,6910,37,64,74,11
2026-08-01,427,33,61,110,9
2026-08-01,7257,57,105,117.5,16
2026-08-01,421,32,97,125.0,10
2026-08-01,7231,35,130,86,17
2026-08-01,435,16,146,234.0,6
2026-08-01,428,68,87,96.0,16
2026-08-01,424,22,111,111,7
2026-08-01,689,47,55,44,9
2026-08-01,7232,37,83,110.5,8
2026-08-01,5951,11,,82,7
2026-08-01,5947,18,52,61.5,6
2026-08-01,572,31,117,117,15
2026-08-01,5331,95,89,98,17
2026-08-01,6454,91,66,96.5,14
2026-08-01,881,28,144,159,9
2026-08-01,6441,145,74,133.5,8
2026-08-01,772,38,150,150,19
2026-08-01,5978,75,108,150.5,16
2026-08-01,745,71,74,84.0,14
2026-08-01,7236,187,55,55,11
2026-08-01,5981,125,142,82.5,16
2026-08-01,5641,64,109,114.0,18
2026-08-01,763,123,47,56,17
2026-08-01,5673,63,80,56,29
2026-08-01,5678,209,66,56.5,34
2026-08-01,1978,28,155,198.5,16
2026-08-01,7556,139,57,64,13
2026-08-01,7258,50,98,102.5,10
2026-08-01,7581,86,91,109.0,12
2026-08-01,7582,39,64,70,15
2026-08-01,7617,174,66,74.5,14
2026-08-01,7611,115,78,112,11
2026-08-01,7612,109,48,56.0,14
2026-08-01,7583,252,44,53.0,12
2026-08-01,7613,34,58,60.0,10
2026-08-01,7260,62,46,60.5,8
2026-08-01,5688,440,68,67.5,22
2026-08-01,5975,44,167,75.5,6
2026-08-01,937,64,66,70.5,12
2026-08-01,712,64,76,83.0,8
2026-08-01,5683,100,91,108,15
2026-08-01,5671,197,66,20.5,22
2026-08-01,5984,39,70,73.5,16
2026-08-01,5705,338,64,80,37
2026-08-01,5668,156,62,43.0,18
2026-08-01,764,38,95,107.0,16
2026-08-01,6911,71,54,57.5,14
2026-08-01,5986,67,105,177,13
2026-08-01,2551,125,72,88,19
2026-08-01,6340,323,69,69,13
2026-08-01,2569,93,145,85,29
2026-08-01,5987,59,123,218,15
2026-08-01,876,209,40,65,17
2026-08-01,765,57,96,96.0,10
2026-08-01,872,75,69,92.5,22
2026-08-01,797,85,75,89,15
2026-08-01,7563,34,76,97,9
2026-08-01,7558,28,43,47,7
2026-08-01,7560,172,27,27,19
2026-08-01,7566,19,47,45.0,6
2026-08-01,7557,26,51,56.5,6
2026-08-01,7559,36,54,83.5,6
2026-08-01,7632,27,57,57,7
2026-08-01,7562,93,66,108,11
2026-08-01,7561,35,90,62,9
2026-08-01,7564,82,54,55.5,14
2026-08-01,6298,28,115,151.0,12
2026-08-01,6912,146,46,48.5,12
2026-08-01,6063,248,105,105,17
2026-08-01,6549,64,100,100,15
2026-08-01,6185,35,114,149,11
2026-08-01,5629,78,71,80.5,28
2026-08-01,6927,56,112,175.5,12
2026-08-01,5251,123,71,106.5,18
2026-08-01,5695,72,94,34.0,14
2026-08-01,5744,61,104,123.0,12
2026-08-01,6299,25,118,186.5,10
2026-08-01,6946,13,107,115,5
2026-08-01,6947,87,77,59.0,14
2026-08-01,2601,48,163,98.5,12
2026-08-01,5689,48,163,184.5,18
2026-08-01,5700,28,153,172,11
2026-08-01,5698,371,59,31.0,20
2026-08-01,2647,22,113,144,13
2026-08-01,6948,16,123,145.0,8
2026-08-01,760,39,94,115,9
2026-08-01,1979,29,123,212.0,20
2026-08-01,5656,8,107,135,7
2026-08-01,698,2,82,87.0,2
2026-08-01,866,6,107,99.0,4
2026-08-01,5977,16,105,85.0,8
2026-08-01,616,163,59,99,17
2026-08-01,761,247,108,108.5,16
2026-08-01,688,10,,263,3
2026-08-01,1551,28,163,179,9
2026-08-01,5660,52,180,180,25
2026-08-01,5699,73,190,242,31
2026-08-01,5697,149,76,81,21
2026-08-01,5231,69,95,95,13
2026-08-01,5973,279,86,53,23
2026-08-01,809,1,,294,1
2026-08-01,2350,10,298,359.5,8
2026-08-01,5279,14,217,218.5,8
2026-08-01,1997,18,221,278.5,10
2026-08-01,1623,13,139,139,7
2026-08-01,648,7,116,99.0,6
2026-08-01,638,15,108,122.0,8
2026-08-01,640,7,235,273,5
2026-08-01,5773,24,145,145,9
2026-08-01,1955,12,268,292.0,12
2026-08-01,6437,43,140,206.0,8
2026-08-01,6515,43,108,103.0,4
2026-08-01,6945,61,45,58.5,18
2026-08-01,6548,557,42,55,15
2026-08-01,6916,39,35,35,7
2026-08-01,7567,45,36,59.0,12
2026-08-01,6915,32,30,40.5,12
2026-08-01,6227,42,106,106,13
2026-08-01,7317,63,58,59.5,16
2026-08-01,7598,23,66,105.0,12
2026-08-01,7580,39,69,110,11
2026-08-01,5280,285,92,75.0,24
2026-08-01,6963,71,106,159.5,16
2026-08-01,1977,31,157,169,17
2026-08-01,6397,16,63,106.5,4
2026-08-01,5599,18,105,105,9
2026-08-01,5637,31,131,133.5,14
2026-08-01,5737,48,73,88.0,6
2026-08-01,1967,31,65,80,11
2026-08-01,6917,15,,43,7
2026-08-01,5664,18,180,180.0,10
2026-08-01,2006,120,56,63,15
2026-08-01,1995,205,56,62.0,14
2026-08-01,5665,84,83,86,27
2026-08-01,719,34,91,91,7
2026-08-01,6456,114,93,114,9
2026-08-01,666,78,56,67,15
2026-08-01,5645,129,82,38,15
2026-08-01,2190,10,186,186,7
2026-08-01,6984,35,115,134.0,8
2026-08-01,6506,145,81,81,13
2026-08-01,5430,76,138,120.5,12
2026-08-01,2045,15,224,224,9
2026-08-01,7006,77,68,70.0,12
2026-08-01,6950,353,39,54,35
2026-08-01,1982,28,145,137.0,12
2026-08-01,6123,32,135,135,13
2026-08-01,6918,26,114,129.5,6
2026-08-01,6919,115,56,70,11
2026-08-01,7011,44,68,80,11
2026-08-01,6972,72,92,120,11
2026-08-01,6971,116,97,94.5,12
2026-08-01,6973,22,72,89,7
2026-08-01,6109,21,126,85.0,10
2026-08-01,6921,39,72,98,11
2026-08-01,6920,240,56,58.0,10
2026-08-01,6303,523,71,44.0,18
2026-08-01,6160,16,,187.0,8
2026-08-01,1953,16,83,92.0,12
2026-08-01,5568,45,66,86,19
2026-08-01,1996,15,147,147,11
2026-08-01,6188,228,57,30,19
2026-08-01,5377,37,89,130.5,16
2026-08-01,7000,49,63,75.5,12
2026-08-01,7570,53,71,77.5,6
2026-08-01,7571,73,67,68,13
2026-08-01,7568,28,58,58,5
2026-08-01,7572,48,103,111,9
2026-08-01,7259,40,112,119.5,10
2026-08-01,7574,27,111,111,9
2026-08-01,7573,19,,94,7
2026-08-01,7569,81,87,102,13
2026-08-01,7600,37,184,188.5,8
2026-08-01,7616,26,100,100,7
2026-08-01,6923,1,,42,1
2026-08-01,6922,2,,138.0,2
2026-08-01,6930,6,,147.0,2
2026-08-01,6929,13,149,253,7
2026-08-01,6932,2,,174.5,2
2026-08-01,6924,39,94,130.5,14
2026-08-01,5272,29,186,232.5,14
2026-08-01,6170,88,111,134,19
2026-08-01,6914,59,107,107,7
2026-08-01,639,24,131,156,5
2026-08-01,636,29,102,106,7
2026-08-01,6925,16,73,104,5
2026-08-01,7029,116,50,50,3
2026-08-01,5655,41,135,135,11
2026-08-01,6941,50,64,67.5,4
2026-08-01,7033,110,30,37.5,6
2026-08-01,7032,167,32,34,11
2026-08-01,5676,165,72,83,33
2026-08-01,6121,49,88,151.5,10
2026-08-01,6190,60,86,86,13
2026-08-01,7575,56,54,62.0,8
2026-08-01,7565,18,70,125,7
2026-08-01,7057,46,56,59.0,14
2026-08-01,6926,68,53,49.5,18
2026-08-01,6541,109,74,81.5,14
2026-08-01,7620,46,164,167,13
2026-08-01,6496,56,88,129.5,10
2026-08-01,6051,20,120,131.5,6
2026-08-01,5370,19,152,170.5,14
2026-08-01,6928,44,71,71,13
2026-08-01,6997,57,81,82.5,12
2026-08-01,1984,30,106,120,11
2026-08-01,5682,94,64,79,27
2026-08-01,751,63,52,153,9
2026-08-01,767,85,50,56,11
2026-08-01,777,62,151,146.0,18
2026-08-01,5979,58,110,122.5,8
2026-08-01,820,65,90,71,15
2026-08-01,1563,41,123,165.0,12
2026-08-01,5659,65,122,197,35
2026-08-01,5644,499,96,134,21
2026-08-01,6958,77,79,74.5,12
2026-08-01,6395,11,150,185,9
2026-08-01,806,74,116,147,11
2026-08-01,6284,117,90,88.0,14
2026-08-01,6959,79,70,38.0,10
2026-08-01,2646,47,48,60,19
2026-08-01,5667,30,99,99,7
2026-08-01,2019,38,122,136,19
2026-08-01,1986,42,163,172,9
2026-08-01,1971,139,38,38,11
2026-08-01,5758,53,147,130.0,10
2026-08-01,2644,111,116,58.5,12
2026-08-01,5988,41,101,107,17
2026-08-01,2043,28,165,165,11
2026-08-01,6301,104,78,107,13
2026-08-01,6936,110,62,50.0,12
2026-08-01,6128,53,62,96.5,12
2026-08-01,2351,42,68,70.0,20
2026-08-01,6933,43,57,57.5,18
2026-08-01,6935,64,67,78.0,10
2026-08-01,6934,36,71,116.0,14
2026-08-01,6399,75,106,116.0,12
2026-08-01,5889,34,136,199,13
2026-08-01,2623,248,105,53,19
2026-08-01,2000,195,46,66.0,10
2026-08-01,628,44,56,56,7
2026-08-01,5618,68,97,86.5,14
2026-08-01,1983,69,73,73,21
2026-08-01,5304,89,71,87.0,22
2026-08-01,1975,36,77,89.5,14
2026-08-01,696,8,106,111,5
2026-08-01,687,34,135,152,11
2026-08-01,5702,166,80,68,47
2026-08-01,7311,62,99,107,5
2026-08-01,7309,29,87,119,5
2026-08-01,7579,41,60,54.0,8
2026-08-01,7310,72,106,106,7
2026-08-01,6939,87,103,107.0,14
2026-08-01,7312,30,99,150.5,6
2026-08-01,7576,24,147,74,11
2026-08-01,7577,106,,97.0,10
2026-08-01,7313,38,70,108.5,6
2026-08-01,7578,23,66,88.0,6
2026-08-01,6505,226,68,72.5,6
2026-08-01,6952,98,51,57.5,16
2026-08-01,6048,69,90,114,13
2026-08-01,5983,16,120,148,7
2026-08-01,6951,29,,153.0,4
2026-08-01,7012,112,65,70,17
2026-08-01,6135,41,128,141.5,16
2026-08-01,6983,67,51,58.5,8
2026-08-01,6944,35,46,44.5,8
2026-08-01,5661,65,62,71,23
2026-08-01,5593,34,92,189.0,20
2026-08-01,6942,29,92,151.5,10
2026-08-01,2641,63,147,209,15
2026-08-01,7034,26,,85.0,4
2026-08-01,5971,35,132,198,15
2026-08-01,6943,41,55,59,9
2026-08-01,5967,31,110,106.0,16
2026-08-01,2596,14,131,160,5
2026-08-01,2640,51,119,119,13
2026-08-01,5592,44,130,221.0,18
2026-08-01,5982,92,134,125,19
2026-08-01,817,73,189,171,23
2026-08-01,5296,296,110,83.5,16
2026-08-01,5980,81,164,74.5,12
2026-08-01,2352,48,150,154.5,26
2026-08-01,5341,42,182,182,15
2026-08-01,2044,27,168,154.5,16
2026-08-01,2259,36,136,120.5,18
2026-08-01,2599,121,94,66.0,20
2026-08-01,816,70,102,106,11
2026-08-01,5621,52,147,153.5,12
2026-08-01,5277,139,88,89.0,18
2026-08-01,7610,12,66,29,3
2026-08-01,791,31,69,71,9
2026-08-01,2013,42,116,133.0,12
2026-08-01,710,37,139,206.5,16
2026-08-01,1564,16,227,224.5,8
2026-08-01,5974,28,142,142,7
2026-08-01,803,22,103,82.5,6
2026-08-01,812,66,80,80,9
2026-08-01,5965,33,119,206,15
2026-08-01,2517,24,106,126.0,12
2026-08-01,6468,115,51,70,15
2026-08-01,5336,25,110,110,9
2026-08-01,6949,17,,78,5
2026-08-01,7599,42,70,101,13
2026-08-01,2520,27,138,163.0,10
2026-08-01,2563,29,83,114.0,10
2026-08-01,5964,48,102,117,13
2026-08-01,5346,116,84,103.5,20
2026-08-01,7619,100,54,79.0,10
2026-08-01,7604,30,,123,9
2026-08-01,5670,38,92,119,9
2026-08-01,7585,47,96,111,9
2026-08-01,7584,57,83,93.0,10
2026-08-01,7261,43,77,87,9
2026-08-01,7603,44,97,118,7
2026-08-01,7601,125,50,55,11
2026-08-01,7602,120,64,64,13
2026-08-01,7262,60,106,119,9
2026-08-01,6470,110,78,92.5,8
2026-08-01,6471,61,118,118,9
2026-08-01,7589,37,98,128,7
2026-08-01,7587,22,66,57.0,4
2026-08-01,6475,81,59,57.0,8
2026-08-01,6473,82,79,65.5,6
2026-08-01,6472,50,86,95.0,6
2026-08-01,7586,29,58,58,5
2026-08-01,6474,49,54,98,7
2026-08-01,7590,37,121,166.0,6
2026-08-01,5976,51,73,59,15
2026-08-01,5646,67,70,83,19
2026-08-01,757,78,64,64,13
2026-08-01,749,151,50,74,17
2026-08-01,6058,200,53,53,11
2026-08-01,727,169,41,55,15
2026-08-01,6286,132,53,74,23
2026-08-01,2047,17,133,123,11
2026-08-01,5302,51,85,94.5,20
2026-08-01,5790,264,58,67,27
2026-08-01,750,40,53,57.5,8
2026-08-01,5703,241,64,67.0,30
2026-08-01,411,44,92,127.0,6
2026-08-01,675,26,101,165.5,8
2026-08-01,704,32,84,52.5,14
2026-08-01,5957,46,135,168,19
2026-08-01,5600,33,154,184,13
2026-08-01,2533,29,153,189.0,6
2026-08-01,2535,103,129,185,17
2026-08-01,5959,71,82,78.5,28
2026-08-01,6981,1,,210,1
2026-08-01,2570,85,78,99.0,12
2026-08-01,6527,555,30,32,17
2026-08-01,2277,45,95,160.5,12
2026-08-01,1956,59,79,72,17
2026-08-01,2353,18,151,48,11
2026-08-01,778,30,88,152,9
2026-08-01,5969,33,125,128.5,10
2026-08-01,5264,72,70,103,19
2026-08-01,661,55,50,25.0,12
2026-08-01,6964,55,71,71,7
2026-08-01,5972,53,107,158.0,16
2026-08-01,7618,77,74,82.0,20
2026-08-01,658,232,67,61.5,12
2026-08-01,2525,105,168,188.0,16
2026-08-01,5691,195,109,109,19
2026-08-01,5985,60,103,110,11
2026-08-01,5642,19,151,102,13
2026-08-01,2650,22,100,138,9
2026-08-01,6502,74,66,71,23
2026-08-01,5218,210,132,158.5,18
2026-08-01,6954,20,75,101.0,8
2026-08-01,6167,45,122,142,11
2026-08-01,6967,64,116,124.0,12
2026-08-01,6075,151,102,68.0,16
2026-08-01,2550,32,178,196.5,12
2026-08-01,7135,79,80,110.0,12
2026-08-01,6394,25,98,98,9
2026-08-01,2511,21,165,52.0,10
2026-08-01,6991,87,63,63,17
2026-08-01,6970,91,81,98,15
2026-08-01,884,33,60,44.5,8
2026-08-01,6326,49,61,102,13
2026-08-01,805,40,53,65.5,8
2026-08-01,844,58,46,33.0,4
2026-08-01,6231,225,48,64.0,20
2026-08-01,1561,61,66,76.5,10
2026-08-01,5693,280,92,64.0,20
2026-08-01,657,108,27,30.5,10
2026-08-01,855,45,52,62.5,12
2026-08-01,637,136,72,34.0,16
2026-08-01,5237,48,153,170.5,16
2026-08-01,2513,72,98,119,13
2026-08-01,5428,28,92,100,15
2026-08-01,6956,68,79,85,13
2026-08-01,1981,30,76,125.5,8
2026-08-01,6995,50,98,105.5,16
2026-08-01,2527,42,83,68.0,14
2026-08-01,6070,202,114,33.5,16
2026-08-01,5429,44,221,130.5,10
2026-08-01,2509,33,97,108.0,16
2026-08-01,6957,7,,78,3
2026-08-01,882,15,95,109.5,6
2026-08-01,6960,96,64,69.5,12
2026-08-01,5669,32,151,134.0,14
2026-08-01,422,55,100,111.0,10
2026-08-01,2001,22,103,120,9
2026-08-01,6550,34,89,67.5,4
2026-08-01,419,64,64,76.5,4
2026-08-01,667,97,58,58,13
2026-08-01,670,156,49,54.0,16
2026-08-01,951,185,67,77,19
2026-08-01,807,17,79,80.0,10
2026-08-01,7594,17,87,87,5
2026-08-01,7593,3,69,69,1
2026-08-01,7592,38,122,133,11
2026-08-01,7615,44,62,78,7
2026-08-01,7591,29,64,66.5,12
2026-08-01,7596,42,136,152.5,8
2026-08-01,6999,24,100,74.0,8
2026-08-01,2009,38,67,90,11
2026-08-01,622,60,89,155,9
2026-08-01,1954,20,70,140.0,14
2026-08-01,621,39,74,79.0,10
2026-08-01,618,42,69,73.5,10
2026-08-01,1980,25,162,190.0,16
2026-08-01,6300,56,56,57.0,18
2026-08-01,7129,96,135,135,11
2026-08-01,2502,21,,284.0,12
2026-08-01,2068,23,200,178,13
2026-08-01,7132,61,145,153.5,14
2026-08-01,2046,33,167,272.5,16
2026-08-01,7130,76,122,136,13
2026-08-01,2014,41,238,243.0,20
2026-08-01,5654,40,188,174.0,20
2026-08-01,6082,581,69,61.0,20
2026-08-01,7133,58,83,55.0,12
2026-08-01,6965,84,53,54,11
2026-08-01,6177,50,128,169,13
2026-08-01,1968,31,55,71.5,14
2026-08-01,2634,69,120,120,11
2026-08-01,6366,22,176,258.5,16
2026-08-01,5229,88,95,98.0,16
2026-08-01,5284,54,156,156,17
2026-08-01,1991,17,178,241.5,8
2026-08-01,5598,65,113,155.5,22
2026-08-01,2363,36,103,103.0,20
2026-08-01,7010,56,73,86.0,8
2026-08-01,2534,59,134,132.5,10
2026-08-01,2005,478,54,54,19
2026-08-01,1998,97,75,82.0,18
2026-08-01,6966,98,70,45.0,8
2026-08-01,1003,74,55,72.5,26
2026-08-01,725,58,64,81.0,6
2026-08-01,2004,51,80,111,11
2026-08-01,715,28,87,102.0,8
2026-08-01,6104,50,119,119,13
2026-08-01,5723,107,87,100,25
2026-08-01,1957,37,110,116.0,14
2026-08-01,2359,76,74,77.5,28
2026-08-01,845,31,59,63.5,4
2026-08-01,858,71,51,51,13
2026-08-01,5275,227,86,40,15
2026-08-01,840,30,125,151,9
2026-08-01,782,20,112,112,5
2026-08-01,2356,86,141,78.0,32
2026-08-01,883,35,103,113.5,16
2026-08-01,737,64,45,45,11
2026-08-01,739,108,32,35,7
2026-08-01,7315,46,91,98.5,12
2026-08-01,7316,28,97,132,15
2026-08-01,5594,40,173,202.0,16
2026-08-01,6969,36,90,98.0,6
2026-08-01,1988,38,106,88.5,14
2026-08-01,5323,29,97,131.5,12
2026-08-01,7595,62,55,63,7
2026-08-01,748,20,89,89,7
2026-08-01,5692,87,70,70.0,20
2026-08-01,2639,197,84,35.0,12
2026-08-01,426,31,111,111,11
2026-08-01,1976,31,129,172,17
2026-08-01,6990,20,76,76,7
2026-08-01,5685,39,75,119.0,18
2026-08-01,702,30,63,76.5,8
2026-08-01,5239,35,107,134,19
2026-08-01,6319,43,71,86,23
2026-08-01,7597,59,52,90,7
2026-08-01,2562,32,101,142,11
2026-08-01,1994,137,78,84.0,26
2026-08-01,6974,65,117,168,9
2026-08-01,2437,32,80,112,11
2026-08-01,2553,205,135,135,17
2026-08-01,1989,27,146,148.5,14
2026-08-01,1177,135,41,34.0,6
2026-08-01,6125,21,113,134,11
2026-08-01,6976,66,54,58,9
2026-08-01,6978,74,66,66,7
2026-08-01,6977,168,55,55,17
2026-08-01,6975,27,66,60,7
2026-08-01,6979,32,118,107.0,6
2026-08-01,6980,162,46,58,11
2026-08-01,2360,41,51,83.0,16
2026-08-01,5958,721,57,65,39
2026-08-01,7318,38,67,55.5,12
2026-08-01,5888,81,67,97.5,20
2026-08-01,5962,16,156,259,15
2026-08-01,6988,45,108,130.0,8
2026-08-01,5596,16,180,180,9
2026-08-01,2365,34,73,128,23
2026-08-01,5324,41,98,78.0,10
2026-08-01,2017,23,134,233.0,10
2026-08-01,653,17,53,103.0,4
2026-08-01,6122,9,,100,5
2026-08-01,815,7,191,107.5,6
2026-08-01,649,24,174,182,19
2026-08-01,644,1,,281,1
2026-08-01,5687,47,86,120,13
2026-08-01,6494,122,65,75.5,8
2026-08-01,5966,84,62,82.0,16
2026-08-01,7609,47,62,66.0,14
2026-08-01,7606,99,69,97,11
2026-08-01,7607,184,32,46,9
2026-08-01,6982,27,46,58.0,14
2026-08-01,652,58,95,103.0,18
2026-08-01,5663,42,123,123.0,20
2026-08-01,1566,12,92,138.5,6
2026-08-01,854,39,146,149.0,12
2026-08-01,6955,53,43,54,13
2026-08-01,6985,3,,143.5,2
2026-08-01,7013,34,,76,5
2026-08-01,7608,277,38,44,19
2026-08-01,7605,84,74,122,13
2026-08-01,6987,80,80,80,13
2026-08-01,5963,162,97,99.5,12
2026-08-01,679,42,87,46,11
2026-08-01,1990,30,109,89.5,10
2026-08-01,669,88,52,59.0,10
2026-08-01,673,143,48,52,21
2026-08-01,2011,35,141,96.0,10
2026-08-01,6059,30,123,123,11
2026-08-01,6989,229,50,50.5,18
2026-08-01,7014,68,49,49.5,12
2026-08-01,5754,17,79,125.5,6
2026-08-01,5617,42,91,76.5,10
2026-08-01,785,42,116,123.5,8
2026-08-01,5694,164,46,51.0,24
2026-08-01,6050,131,42,42,5
2026-08-01,7005,25,105,97.5,14
2026-08-01,655,29,90,104,9
2026-08-01,6913,67,121,154.5,18
2026-08-01,651,86,180,183.5,10
2026-08-01,801,53,178,200.5,28
2026-08-01,6102,58,175,197.5,14
2026-08-01,6479,23,124,149,7
2026-08-01,5684,153,67,89,19
2026-08-01,5643,50,94,94,15
2026-08-01,5732,44,82,80.5,18
2026-08-01,722,16,125,133.0,4
2026-08-01,6953,284,58,41.0,10
2026-08-01,654,54,64,64,9
2026-08-01,6307,190,66,66,9
2026-08-01,5652,70,67,83.5,20
2026-08-01,6998,26,,67.5,8
2026-08-01,5375,40,79,42,19
2026-08-01,780,66,79,66,23
2026-08-01,781,145,94,112.5,16
2026-08-01,5240,64,109,110,21
2026-08-01,6107,55,107,114,13
2026-08-01,1973,26,,170.0,12
2026-08-01,7614,29,82,133,11
2026-08-01,5597,41,169,196,17
2026-08-01,7050,35,85,91.5,8
2026-08-01,7007,28,75,49.5,8
2026-08-01,943,19,120,124.5,8
2026-08-01,2016,20,80,91.0,10
2026-08-01,873,48,102,138.0,10
2026-08-01,6098,50,86,90.0,12
2026-08-01,875,18,91,138.0,6
2026-08-01,6994,70,70,71.5,14
2026-08-01,5960,22,157,150.5,14
2026-08-01,6993,77,62,104.0,12
2026-08-01,5970,26,151,200,17
2026-08-01,6992,108,70,81.5,16
2026-08-01,2652,131,154,154,13
2026-08-01,5709,30,113,139,15
2026-08-01,5674,523,54,59.0,62
2026-08-01,5632,546,45,54,23
2026-08-01,5675,89,76,107.5,32
2026-08-01,5666,162,67,90.0,42
2026-08-01,5276,435,42,58.0,18
2026-08-01,2648,33,141,165.0,16
2026-08-01,2654,125,87,66,25
2026-08-01,2649,18,113,119,9
2026-08-01,814,34,73,74.5,10
2026-08-01,5657,65,75,91,21
2026-08-01,620,27,125,165.0,10
2026-08-01,5768,56,81,90,19
2026-08-01,619,33,60,46.5,4
2026-08-01,7001,21,86,110.0,6
2026-08-01,2007,69,86,98,23
2026-08-01,6996,57,62,66.0,8
2026-08-01,7004,33,97,111,7
2026-08-01,7003,36,141,168,7
2026-08-01,6124,24,117,112.0,8
2026-08-01,6180,111,54,97.5,20
2026-08-01,6168,55,42,50,11
2026-08-01,2325,56,123,144,13
2026-08-01,2516,66,176,143.5,12
2026-08-01,2012,173,62,73,19
2026-08-01,2010,22,117,45,9
2026-08-01,5591,81,62,62,27
2026-08-01,743,141,47,46.5,20
2026-08-01,7009,6,105,121.5,4
2026-08-01,5968,29,120,128.0,20
2026-08-01,1049,54,88,97,17
2026-08-01,5956,35,114,163.0,18
2026-08-01,5961,31,122,136.0,18
2026-08-01,7136,33,70,132,13
2026-08-01,2638,82,133,191.0,12
2026-08-01,2364,26,,169,13
2026-08-01,2357,76,95,139,17
2026-08-01,7008,70,58,59.5,14
2026-08-01,5680,129,54,65,37
2026-08-01,5681,111,34,29.5,24
2026-08-01,5677,161,49,60,53
2026-08-01,5690,133,71,82.0,20
2026-08-01,5627,89,121,160,27
2026-08-01,5586,14,104,104,5
2026-08-01,6093,22,79,87.5,6
2026-08-01,894,21,,161,9
2026-08-01,6187,69,72,66.5,14
2026-08-01,963,31,50,50,9
2026-08-01,6431,73,87,150,15
2026-08-01,2577,27,95,121.5,10
2026-08-01,5417,6,121,121,5
2026-08-01,986,79,98,90.0,14
2026-08-01,1255,17,,135,5
2026-08-01,1330,21,89,92,7
2026-08-01,942,36,91,96.0,16
2026-08-01,952,11,132,177,7
2026-08-01,6350,31,74,64.0,10
2026-08-01,5834,34,88,98,9
2026-08-01,5306,24,123,137.0,14
2026-08-01,5585,27,136,101,7
2026-08-01,1126,27,212,272,7
2026-08-01,980,40,172,175.5,16
2026-08-01,5478,388,169,107,21
2026-08-01,1026,20,237,400.0,8
2026-08-01,1370,12,195,263.5,8
2026-08-01,971,34,189,189,11
2026-08-01,5556,152,163,194,15
2026-08-01,1523,39,209,258.5,10
2026-08-01,2048,31,239,213,15
2026-08-01,1094,30,244,321,9
2026-08-01,1063,6,167,88.0,4
2026-08-01,1897,71,212,212,19
2026-08-01,1805,22,239,232.0,10
2026-08-01,1824,30,188,168.5,12
2026-08-01,1013,19,225,225,13
2026-08-01,5547,66,176,176.5,12
2026-08-01,5546,43,194,197.5,20
2026-08-01,1826,43,174,120,15
2026-08-01,1896,34,200,179.5,16
2026-08-01,2425,19,208,323,9
2026-08-01,1075,47,131,138,23
2026-08-01,2424,39,118,152,17
2026-08-01,1374,45,90,95.0,14
2026-08-01,5513,51,143,106.5,10
2026-08-01,972,18,142,104,7
2026-08-01,2468,52,165,167.5,22
2026-08-01,1903,10,107,148,7
2026-08-01,1467,39,137,137.5,12
2026-08-01,1152,44,155,156.5,20
2026-08-01,1899,38,175,175,7
2026-08-01,5533,29,175,177,15
2026-08-01,2612,88,153,112.0,22
2026-08-01,1815,14,206,191,5
2026-08-01,1819,29,95,115,5
2026-08-01,1811,28,109,138.5,10
2026-08-01,2366,52,106,98.0,14
2026-08-01,1045,76,89,73,13
2026-08-01,6512,126,90,109.0,12
2026-08-01,5291,32,147,135.5,12
2026-08-01,1807,42,101,119,9
2026-08-01,5361,30,146,159.0,18
2026-08-01,5288,20,102,146.0,8
2026-08-01,1902,23,77,77,5
2026-08-01,5290,27,109,136.5,12
2026-08-01,1822,38,98,98.5,10
2026-08-01,1021,38,93,106.5,8
2026-08-01,1821,17,,118.5,10
2026-08-01,995,30,97,99,9
2026-08-01,5857,24,114,146,9
2026-08-01,2427,18,107,119,9
2026-08-01,1820,31,154,154.5,8
2026-08-01,1806,21,143,173,7
2026-08-01,5295,13,134,134,7
2026-08-01,1371,27,114,111.5,14
2026-08-01,5517,35,151,189.0,14
2026-08-01,5266,54,146,73.5,14
2026-08-01,2033,32,149,154.0,16
2026-08-01,1813,12,176,230.5,8
2026-08-01,2429,32,151,175.0,14
2026-08-01,1372,21,125,129.5,6
2026-08-01,7015,36,121,129,9
2026-08-01,5310,37,154,156.0,14
2026-08-01,1260,51,83,88.0,6
2026-08-01,6450,252,65,76.5,8
2026-08-01,5311,45,132,132.0,10
2026-08-01,6133,67,106,144,15
2026-08-01,6457,141,56,65.5,12
2026-08-01,5333,26,145,147.0,14
2026-08-01,1373,52,195,278.0,16
2026-08-01,2477,100,70,92,23
2026-08-01,2478,73,101,129.0,18
2026-08-01,5521,33,158,158,11
2026-08-01,1814,23,91,135.5,8
2026-08-01,7016,21,116,116,7
2026-08-01,1039,36,111,128,11
2026-08-01,2426,46,138,145,17
2026-08-01,1898,13,,177.5,4
2026-08-01,5294,13,144,171.5,8
2026-08-01,1901,11,125,143,5
2026-08-01,5584,35,128,126.5,12
2026-08-01,6521,32,110,133,17
2026-08-01,5583,32,88,101.0,16
2026-08-01,975,4,,101.0,2
2026-08-01,1162,38,158,145,7
2026-08-01,5289,37,128,162.0,10
2026-08-01,1900,42,147,147.5,12
2026-08-01,1172,32,135,123.0,12
2026-08-01,1654,64,99,157,13
2026-08-01,2367,35,128,140.5,16
2026-08-01,1303,12,123,145.5,6
2026-08-01,1323,57,128,132,13
2026-08-01,1054,53,80,80.5,6
2026-08-01,2368,18,123,175,11
2026-08-01,5536,64,158,131,13
2026-08-01,1125,34,127,138.0,12
2026-08-01,2034,34,131,143.5,18
2026-08-01,2428,24,152,179,11
2026-08-01,1647,26,193,219,11
2026-08-01,1101,38,140,146.0,16
2026-08-01,7621,45,65,84.0,4
2026-08-01,7241,10,116,130.5,6
2026-08-01,7238,58,91,54,9
2026-08-01,7239,41,82,89,7
2026-08-01,7240,65,70,58.5,12
2026-08-01,6338,121,130,82,13
2026-08-01,5292,21,152,176.0,12
2026-08-01,1808,23,108,132.0,12
2026-08-01,1391,17,101,131,7
2026-08-01,6400,12,129,134.5,10
2026-08-01,7137,79,,150,11
2026-08-01,1134,15,87,76.0,4
2026-08-01,1809,54,74,147,11
2026-08-01,6523,30,,148.5,14
2026-08-01,6522,41,117,177.0,8
2026-08-01,5287,41,66,93,13
2026-08-01,5864,47,69,87.5,18
2026-08-01,1816,33,106,132,7
2026-08-01,1062,36,83,83,11
2026-08-01,5293,39,137,137.0,16
2026-08-01,1070,35,80,65.0,6
2026-08-01,1817,26,113,76.0,12
2026-08-01,1147,64,89,161.0,10
2026-08-01,1810,6,,155.0,4
2026-08-01,1818,46,88,189,9
2026-08-01,6519,237,76,76,5
2026-08-01,1912,15,220,168,9
2026-08-01,5902,18,173,206,9
2026-08-01,528,46,98,168.0,10
2026-08-01,527,18,,111.5,2
2026-08-01,1830,37,134,177.5,10
2026-08-01,529,45,110,178.5,14
2026-08-01,2049,33,188,162,23
2026-08-01,2574,77,145,95.0,26
2026-08-01,1844,43,53,79,17
2026-08-01,539,34,110,134,9
2026-08-01,716,36,85,95,7
2026-08-01,1907,55,121,80,17
2026-08-01,532,26,103,113,7
2026-08-01,1850,35,135,141.5,16
2026-08-01,2163,23,127,143.0,10
2026-08-01,169,37,81,175.5,14
2026-08-01,2164,32,131,169,11
2026-08-01,535,23,75,84,7
2026-08-01,7027,25,110,142,9
2026-08-01,7024,36,99,116,13
2026-08-01,5431,58,80,96,13
2026-08-01,5615,49,110,132.5,16
2026-08-01,7028,25,84,75,7
2026-08-01,1904,34,186,129.0,10
2026-08-01,6081,695,121,71,17
2026-08-01,1855,91,154,175,31
2026-08-01,2622,29,152,228.0,12
2026-08-01,68,69,166,175.0,20
2026-08-01,81,70,127,142.5,12
2026-08-01,1906,35,153,153,11
2026-08-01,1843,55,171,213.5,24
2026-08-01,496,62,142,254.5,16
2026-08-01,1841,44,133,138.5,16
2026-08-01,524,46,174,186,17
2026-08-01,1829,51,176,231.0,16
2026-08-01,982,91,173,136.5,20
2026-08-01,2071,18,167,241,5
2026-08-01,1834,42,193,196.0,14
2026-08-01,1833,36,163,182.0,14
2026-08-01,200,55,162,204,21
2026-08-01,1959,23,182,185.0,16
2026-08-01,1857,23,127,176.5,12
2026-08-01,1109,62,136,154.0,28
2026-08-01,604,17,177,180.5,8
2026-08-01,1846,30,185,172.5,10
2026-08-01,1849,27,165,165,11
2026-08-01,1845,45,117,117,15
2026-08-01,5260,44,129,176.5,24
2026-08-01,1847,48,231,198,21
2026-08-01,676,24,225,253,9
2026-08-01,5903,265,137,145,29
2026-08-01,1840,42,152,188,15
2026-08-01,5904,23,221,215.5,12
2026-08-01,2050,37,220,220,21
2026-08-01,50,34,167,257,7
2026-08-01,37,36,171,176,13
2026-08-01,1835,38,131,204.0,16
2026-08-01,1836,69,98,124.5,18
2026-08-01,1905,39,204,142,15
2026-08-01,6134,119,94,118,17
2026-08-01,520,254,119,159,37
2026-08-01,491,45,71,90,13
2026-08-01,623,53,95,133,13
2026-08-01,7622,51,105,144.0,14
2026-08-01,7018,45,74,73.0,8
2026-08-01,7026,27,94,102.0,14
2026-08-01,7624,32,86,102.0,6
2026-08-01,7625,26,120,120,11
2026-08-01,6428,39,134,181,15
2026-08-01,6542,43,123,123,15
2026-08-01,2507,27,107,142,11
2026-08-01,514,43,110,115.5,18
2026-08-01,5373,66,119,121.5,22
2026-08-01,1832,53,182,150.5,16
2026-08-01,501,70,122,124.0,14
2026-08-01,730,26,222,307.0,12
2026-08-01,5496,40,163,182,13
2026-08-01,1852,42,181,167,17
2026-08-01,500,26,107,158.5,6
2026-08-01,1910,38,89,134.0,14
2026-08-01,190,35,128,155,15
2026-08-01,5721,22,121,77.5,12
2026-08-01,178,36,71,92,23
2026-08-01,1856,20,112,125,9
2026-08-01,1831,18,139,134.0,8
2026-08-01,5356,30,181,185,19
2026-08-01,693,32,118,118.0,8
2026-08-01,2069,34,149,149,15
2026-08-01,662,18,107,100,7
2026-08-01,6414,31,114,134.0,10
2026-08-01,826,19,108,103,7
2026-08-01,691,19,146,182.0,8
2026-08-01,762,35,195,192.0,18
2026-08-01,1909,35,331,240.5,12
2026-08-01,2035,51,182,174.0,26
2026-08-01,7626,33,119,122.5,10
2026-08-01,538,52,126,138,13
2026-08-01,144,33,128,90.0,10
2026-08-01,2051,28,200,217,15
2026-08-01,2165,3,,219.5,2
2026-08-01,747,37,130,126.0,12
2026-08-01,1851,17,150,109.5,10
2026-08-01,1911,39,123,166,13
2026-08-01,2020,127,194,104,19
2026-08-01,646,34,124,178.0,12
2026-08-01,1913,67,137,132,37
2026-08-01,5358,221,139,141,47
2026-08-01,857,11,242,304.0,8
2026-08-01,1854,40,133,161,9
2026-08-01,7023,55,82,61.0,8
2026-08-01,2162,25,,182.0,10
2026-08-01,205,35,203,203,11
2026-08-01,1908,45,174,216,11
2026-08-01,1837,19,,114,9
2026-08-01,1839,27,148,186.5,14
2026-08-01,5357,81,102,73.0,26
2026-08-01,1838,10,132,130.0,8
2026-08-01,5232,146,82,90.0,18
2026-08-01,2610,128,131,69.0,16
2026-08-01,2052,22,241,164,13
2026-08-01,1674,65,185,236.5,26
2026-08-01,7020,30,88,102,9
2026-08-01,526,17,169,204,13
2026-08-01,5753,95,89,102,21
2026-08-01,7524,18,104,111.5,8
2026-08-01,206,40,132,126.5,12
2026-08-01,1562,11,110,70,5
2026-08-01,1423,66,56,73.0,10
2026-08-01,1249,18,,85,3
2026-08-01,1532,22,109,115.5,8
2026-08-01,1302,31,87,100,7
2026-08-01,1318,16,155,136,3
2026-08-01,1558,30,100,104,15
2026-08-01,1376,28,124,142.0,10
2026-08-01,1565,22,102,154,11
2026-08-01,6401,55,78,80.5,18
2026-08-01,1429,48,,145,11
2026-08-01,1285,34,121,122.5,6
2026-08-01,1549,30,129,130.5,6
2026-08-01,1274,17,116,157,5
2026-08-01,1550,17,113,140,7
2026-08-01,1546,36,102,130,13
2026-08-01,5759,48,188,194.5,20
2026-08-01,7320,63,98,99,17
2026-08-01,6292,107,50,86,15
2026-08-01,5839,42,126,95,11
2026-08-01,5791,61,98,135.0,22
2026-08-01,6242,173,77,111.5,14
2026-08-01,6602,36,70,70.5,10
2026-08-01,6345,466,57,66.5,20
2026-08-01,1685,39,69,93,13
2026-08-01,1939,33,106,92,11
2026-08-01,2236,24,407,292,15
2026-08-01,6567,48,88,100.5,16
2026-08-01,6579,37,49,49,13
2026-08-01,2386,31,152,179.0,10
2026-08-01,6099,25,118,228,9
2026-08-01,1031,79,63,65.5,12
2026-08-01,1201,69,63,70.5,14
2026-08-01,5301,149,74,31,15
2026-08-01,6108,24,82,112.0,10
2026-08-01,6228,98,61,37.0,16
2026-08-01,6281,90,61,39,19
2026-08-01,6498,573,74,74,11
2026-08-01,6668,34,68,102,7
2026-08-01,6673,86,63,68.5,10
2026-08-01,1180,45,128,132.5,20
2026-08-01,5500,115,117,117,11
2026-08-01,6046,66,,102,5
2026-08-01,6150,258,64,62,21
2026-08-01,6690,122,51,93,11
2026-08-01,5398,104,59,53.5,18
2026-08-01,1574,49,191,201.0,16
2026-08-01,1575,35,216,240,13
2026-08-01,2524,53,244,244.0,20
2026-08-01,5605,285,154,154,15
2026-08-01,5814,88,58,68.5,14
2026-08-01,5815,87,52,70,11
2026-08-01,5816,68,66,61.0,10
2026-08-01,5819,38,32,62,5
2026-08-01,5823,37,62,59.0,8
2026-08-01,5829,27,162,178,13
2026-08-01,5859,40,72,118,13
2026-08-01,5860,11,115,129.5,6
2026-08-01,6375,49,51,54.0,10
2026-08-01,2140,23,101,156,11
2026-08-01,2141,52,160,123,17
2026-08-01,2144,37,106,138,21
2026-08-01,2284,20,132,184,15
2026-08-01,2408,23,130,140,9
2026-08-01,2526,20,196,178.5,14
2026-08-01,6007,61,143,149,15
2026-08-01,6351,17,170,122,7
2026-08-01,7049,31,32,26.5,6
2026-08-01,6430,100,71,103.5,14
2026-08-01,5262,27,97,136.0,16
2026-08-01,1229,35,179,154,19
2026-08-01,1244,16,,106.0,8
2026-08-01,1502,30,194,135,11
2026-08-01,1174,12,,74.5,6
2026-08-01,1238,27,59,62.5,8
2026-08-01,1267,34,69,83.5,10
2026-08-01,1742,34,161,197.0,12
2026-08-01,1749,7,86,119,5
2026-08-01,1944,20,93,93,9
2026-08-01,1082,106,68,61,11
2026-08-01,6115,38,128,134,13
2026-08-01,7383,43,82,103.5,6
2026-08-01,7408,99,48,48,7
2026-08-01,2080,65,60,106.5,14
2026-08-01,5733,33,101,120,17
2026-08-01,5765,45,135,176.5,12
2026-08-01,7035,30,,42,3
2026-08-01,1215,4,,76.5,4
2026-08-01,1786,7,136,165.0,4
2026-08-01,1793,21,97,105,11
2026-08-01,5574,33,117,72.5,16
2026-08-01,6824,25,90,90,5
2026-08-01,1475,56,76,77,9
2026-08-01,1477,57,87,96,13
2026-08-01,1478,57,79,79,9
2026-08-01,1486,41,,54,11
2026-08-01,1492,31,98,153,9
2026-08-01,1503,87,75,112.0,14
2026-08-01,1505,69,77,94,11
2026-08-01,1508,46,69,74,9
2026-08-01,5474,53,119,132.5,16
2026-08-01,5742,28,80,78,9
2026-08-01,5801,44,92,138.0,12
2026-08-01,5894,1413,66,22,29
2026-08-01,6095,61,108,108,13
2026-08-01,6186,221,68,79.0,18
2026-08-01,6445,495,54,61,17
2026-08-01,6452,208,66,62,11
2026-08-01,7462,39,56,57.0,10
2026-08-01,7463,97,49,51,13
2026-08-01,7464,51,50,39.5,10
2026-08-01,7465,127,62,74.0,8
2026-08-01,7466,130,,41,3
2026-08-01,7467,89,64,82.5,12
2026-08-01,7468,124,64,85,11
2026-08-01,6205,369,57,28,21
2026-08-01,7469,0,,,0
2026-08-01,5436,71,93,96.0,10
2026-08-01,2593,48,78,88,15
2026-08-01,2594,64,66,66.0,10
2026-08-01,2595,60,71,113.5,12
2026-08-01,5991,53,132,86,5
2026-08-01,5994,28,105,140,9
2026-08-01,5996,18,120,110.0,8
2026-08-01,5999,60,96,150,7
2026-08-01,7252,46,30,30,7
2026-08-01,7473,120,34,30.0,14
2026-08-01,7480,16,79,79,5
2026-08-01,7481,33,82,121,13
2026-08-01,7482,155,39,34.5,14
2026-08-01,7485,82,31,47.0,8
2026-08-01,7489,157,33,34,11
2026-08-01,7490,37,85,79.5,10
2026-08-01,1893,29,88,98.5,14
2026-08-01,2066,41,95,62,15
2026-08-01,5625,79,85,109.5,20
2026-08-01,6868,47,85,112.0,10
2026-08-01,7521,33,103,103,7
2026-08-01,7541,114,146,136,21
2026-08-01,7544,289,164,238.5,32
2026-08-01,2096,60,87,120,13
2026-08-01,5626,62,76,104,21
2026-08-01,5686,208,74,89.5,22
2026-08-01,6931,0,,,0
2026-08-01,6937,25,120,136.0,10
2026-08-01,6938,76,82,82.5,16
2026-08-01,6940,16,55,55,3
2026-08-01,7308,18,114,142.5,6
2026-08-01,2528,15,75,137,9
2026-08-01,1556,19,131,92.0,10
2026-08-01,2032,30,193,265,17
2026-08-01,2552,237,134,166,15
2026-08-01,2645,9,,253.0,6
2026-08-01,6100,30,152,154,11
2026-08-01,6396,33,138,148,9
2026-08-01,7237,133,58,62.0,12
2026-08-01,7588,78,60,95,7
2026-08-01,5630,600,34,31.5,24
2026-08-01,5631,227,49,61,21
2026-08-01,5662,66,72,102.0,34
2026-08-01,5696,310,50,24,17
2026-08-01,5704,85,56,59,17
2026-08-01,1969,52,114,109,19
2026-08-01,1970,28,151,170.0,18
2026-08-01,1972,66,47,44.5,24
2026-08-01,1993,22,160,132.5,10
2026-08-01,2002,180,42,64,15
2026-08-01,2042,39,143,148.5,16
2026-08-01,2354,32,102,80.0,18
2026-08-01,2355,38,84,93,11
2026-08-01,2358,15,89,107.0,6
2026-08-01,2480,114,43,57,11
2026-08-01,2515,51,70,68,19
2026-08-01,5226,261,48,48,15
2026-08-01,5230,957,67,78.0,16
2026-08-01,5273,274,46,46,17
2026-08-01,5274,160,112,84.5,16
2026-08-01,5278,180,87,60,21
2026-08-01,5322,227,130,157.0,24
2026-08-01,5467,216,82,25,17
2026-08-01,5569,46,88,137.0,16
2026-08-01,5786,246,50,104,21
2026-08-01,5869,297,66,82,17
2026-08-01,6111,60,62,66.5,12
2026-08-01,6113,48,47,78,17
2026-08-01,6116,13,,57.5,6
2026-08-01,6118,76,61,61,17
2026-08-01,6398,43,59,78,9
2026-08-01,6406,231,46,54.5,10
2026-08-01,6447,39,79,79,13
2026-08-01,6466,113,35,30,15
2026-08-01,6467,95,39,79.0,18
2026-08-01,6543,268,69,75.0,12
2026-08-01,6961,39,62,62,9
2026-08-01,6962,33,89,58,9
2026-08-01,7128,86,100,100,13
2026-08-01,7131,62,117,123.5,16
2026-08-01,7134,138,46,55,17
2026-08-01,7314,92,58,69,15
2026-08-01,2633,43,165,201,13
2026-08-01,6968,65,56,56,11
2026-08-01,2361,26,129,129,15
2026-08-01,1985,51,65,92.0,16
2026-08-01,1987,12,79,78,9
2026-08-01,1999,184,31,80.5,8
2026-08-01,2003,80,40,44,9
2026-08-01,2008,36,103,134.0,14
2026-08-01,2362,68,52,53.5,26
2026-08-01,5374,29,122,132,13
2026-08-01,5376,21,74,85.5,10
2026-08-01,5564,58,72,79,13
2026-08-01,5653,92,62,58.5,14
2026-08-01,5658,52,129,106.0,20
2026-08-01,5752,147,48,97,17
2026-08-01,6126,39,59,122.5,8
2026-08-01,6151,130,48,48,19
2026-08-01,6540,65,86,103.0,10
2026-08-01,7002,17,74,58,5
2026-08-01,6524,211,78,86,17
2026-08-01,1153,33,104,66.0,8
2026-08-01,7025,38,97,98.0,10
2026-08-01,893,77,71,71,9
2026-08-01,124,22,334,236.0,10
2026-08-01,265,11,334,240.5,4
2026-08-01,832,37,95,65.5,10
2026-08-01,860,114,82,21.0,20
2026-08-01,824,21,95,128.0,8
2026-08-01,695,23,96,94.5,10
2026-08-01,828,43,84,68,17
2026-08-01,931,77,68,77,11
2026-08-01,842,24,230,125.0,14
2026-08-01,734,87,146,146,25
2026-08-01,790,13,168,178,7
2026-08-01,630,42,73,92,11
2026-08-01,627,36,91,97,5
2026-08-01,7646,0,,,0
2026-08-01,6986,0,,,0
2026-08-01,909,48,97,94.5,16
2026-08-01,773,23,70,92.5,6
2026-08-01,700,22,118,49,7
2026-08-01,409,20,110,90,3
2026-08-01,2244,0,,,0
2026-08-01,903,6,118,93.5,4
2026-08-01,198,52,130,130,11
2026-08-01,796,36,112,94.5,8
2026-08-01,852,116,92,95.0,16
2026-08-01,708,52,81,81.5,16
2026-08-01,821,173,87,87.0,42
2026-08-01,713,128,64,98.0,36
2026-08-01,758,55,104,97.5,20
2026-08-01,744,214,80,48.5,22
2026-08-01,789,29,56,85.0,10
2026-08-01,752,46,63,69,9
2026-08-01,724,62,88,95,13
2026-08-01,723,32,173,173,17
2026-08-01,768,77,85,70.0,14
2026-08-01,825,75,130,136.5,20
2026-08-01,802,137,57,52.0,24
2026-08-01,799,349,28,41.5,20
2026-08-01,771,65,54,59,11
2026-08-01,6206,0,,,0
2026-08-01,6049,0,,,0
2026-08-01,449,0,,,0
2026-08-01,775,46,143,143,11
2026-08-01,830,86,120,120,11
2026-08-01,838,77,110,102.0,28
2026-08-01,862,54,136,237.5,10
2026-08-01,692,359,44,28.0,28
2026-08-01,629,51,68,68,15
2026-08-01,625,194,76,140,5
2026-08-01,65,36,264,268,21
2026-08-01,214,43,147,172.5,22
2026-08-01,229,31,124,155.0,8
2026-08-01,268,19,205,220.5,8
2026-08-01,371,0,,,0
2026-08-01,410,21,112,107.0,12
2026-08-01,476,28,110,110,5
2026-08-01,479,26,156,109.0,6
2026-08-01,519,50,141,138,7
2026-08-01,626,84,66,110,11
2026-08-01,672,283,23,32.0,28
2026-08-01,677,331,40,26.5,28
2026-08-01,678,157,90,60.5,14
2026-08-01,685,131,46,55,13
2026-08-01,694,33,61,61,9
2026-08-01,697,241,46,43.0,18
2026-08-01,703,48,58,91.0,10
2026-08-01,705,51,61,53,11
2026-08-01,714,128,61,61,19
2026-08-01,735,40,136,136,9
2026-08-01,736,109,26,16.0,8
2026-08-01,741,175,53,55.5,18
2026-08-01,753,66,70,70,5
2026-08-01,769,124,42,47.5,16
2026-08-01,770,56,125,129.5,14
2026-08-01,798,71,94,115.0,10
2026-08-01,831,43,32,42,17
2026-08-01,836,253,72,74.5,20
2026-08-01,846,41,143,172.5,12
2026-08-01,870,48,133,157,15
2026-08-01,7044,0,,,0
2026-08-02,607,16,90,101.0,8
2026-08-02,584,21,141,76.0,8
2026-08-02,6137,101,78,117.0,16
2026-08-02,7140,53,70,70.0,12
2026-08-02,7637,16,,218,1
2026-08-02,810,26,115,107.0,16
2026-08-02,337,14,89,51,9
2026-08-02,7139,79,76,83,9
2026-08-02,343,26,134,80.0,8
2026-08-02,332,15,108,128.0,8
2026-08-02,345,40,68,69.5,12
2026-08-02,6169,49,98,98.0,10
2026-08-02,571,16,142,124.0,10
2026-08-02,7319,51,73,86,15
2026-08-02,346,18,90,91.0,10
2026-08-02,327,17,73,76.5,8
2026-08-02,5892,39,83,71.0,16
2026-08-02,7068,93,80,70.5,8
2026-08-02,5789,113,41,43.0,10
2026-08-02,7647,143,79,72,9
2026-08-02,7321,42,77,88.5,12
2026-08-02,6530,33,110,119.0,10
2026-08-02,717,55,78,77.5,14
2026-08-02,297,83,25,26.0,12
2026-08-02,7322,30,90,128.0,6
2026-08-02,7067,55,57,65,7
2026-08-02,7059,68,100,123.0,16
2026-08-02,7061,25,114,114,9
2026-08-02,7060,33,78,78,13
2026-08-02,7324,255,16,24,13
2026-08-02,7323,26,82,93.0,12
2026-08-02,7065,40,45,67,13
2026-08-02,5466,16,60,67.0,6
2026-08-02,7066,35,34,42.0,10
2026-08-02,635,27,42,46,7
2026-08-02,6234,74,34,45,15
2026-08-02,7062,84,73,96.0,14
2026-08-02,2651,17,129,129,11
2026-08-02,5771,50,80,82,11
2026-08-02,558,46,85,113,17
2026-08-02,6207,227,31,26,27
2026-08-02,350,65,30,41,9
2026-08-02,353,55,44,50,9
2026-08-02,6346,51,50,106.5,8
2026-08-02,5470,88,26,53.0,20
2026-08-02,7063,66,29,34.0,20
2026-08-02,5465,24,112,131.0,12
2026-08-02,574,28,74,72.5,10
2026-08-02,559,31,78,78,5
2026-08-02,565,39,72,120.0,8
2026-08-02,7138,145,72,86,23
2026-08-02,7064,56,32,47.0,12
2026-08-02,5469,70,56,85.0,20
2026-08-02,998,78,31,35,15
2026-08-02,6585,321,27,30.5,8
2026-08-02,7069,50,75,75,7
2026-08-02,6586,59,106,116,11
2026-08-02,7042,4,,93,3
2026-08-02,7043,15,67,70.5,2
2026-08-02,6587,5,161,210.5,2
2026-08-02,7045,1,,214,1
2026-08-02,7052,13,133,144.0,8
2026-08-02,6589,14,151,140.5,6
2026-08-02,6588,108,103,101,13
2026-08-02,7053,16,71,90.5,2
2026-08-02,7054,36,66,58.0,2
2026-08-02,6175,31,98,125.0,4
2026-08-02,6463,228,54,98,5
2026-08-02,5792,67,44,57,11
2026-08-02,6174,97,43,54,7
2026-08-02,6072,40,65,75,13
2026-08-02,956,46,37,47,7
2026-08-02,823,75,37,50,7
2026-08-02,6193,99,54,54.0,6
2026-08-02,6596,398,58,67,27
2026-08-02,6597,124,43,21.5,14
2026-08-02,6076,79,83,83,13
2026-08-02,6288,317,49,81.5,30
2026-08-02,7655,457,60,69,19
2026-08-02,1684,26,119,124.5,14
2026-08-02,6603,142,40,41.0,14
2026-08-02,6617,97,44,54,13
2026-08-02,6248,81,62,62,7
2026-08-02,6448,232,58,58,11
2026-08-02,2289,35,103,105,13
2026-08-02,7654,308,46,65.0,28
2026-08-02,6590,118,,96,9
2026-08-02,6593,147,67,86.5,16
2026-08-02,6592,31,86,91,7
2026-08-02,6591,57,61,88,17
2026-08-02,6077,145,105,116.5,18
2026-08-02,2291,45,120,121.5,12
2026-08-02,1677,23,113,145.5,14
2026-08-02,1113,69,101,114.0,12
2026-08-02,5412,26,124,165,9
2026-08-02,1342,61,110,119,15
2026-08-02,1680,39,113,113,17
2026-08-02,7071,93,74,71.0,12
2026-08-02,6610,236,87,65,13
2026-08-02,6246,208,62,78,17
2026-08-02,5476,45,127,96.5,12
2026-08-02,850,36,113,120.5,16
2026-08-02,6079,35,110,134,15
2026-08-02,7070,202,66,77,13
2026-08-02,1676,57,111,126,15
2026-08-02,6339,346,94,94.5,16
2026-08-02,1683,26,70,81.0,10
2026-08-02,6600,99,78,102,9
2026-08-02,6595,160,67,69,11
2026-08-02,7325,111,88,50,9
2026-08-02,6594,125,96,106,15
2026-08-02,1675,104,63,58,17
2026-08-02,2498,95,72,76,15
2026-08-02,6244,135,62,62,13
2026-08-02,1678,11,134,190.0,10
2026-08-02,6598,203,60,33.5,12
2026-08-02,2278,30,108,126,11
2026-08-02,2036,534,64,73.5,30
2026-08-02,6080,56,116,90.5,12
2026-08-02,2508,62,104,40,11
2026-08-02,6243,107,49,58,13
2026-08-02,6249,212,49,58.5,18
2026-08-02,1235,99,71,78,21
2026-08-02,6247,141,57,64,15
2026-08-02,5441,73,88,83.5,20
2026-08-02,6608,103,54,69.0,12
2026-08-02,6484,119,58,74.0,14
2026-08-02,5501,73,118,118.0,22
2026-08-02,887,56,96,76.0,12
2026-08-02,2022,45,91,155.5,14
2026-08-02,6078,106,86,115,19
2026-08-02,6607,177,35,50,15
2026-08-02,6166,78,95,107.5,8
2026-08-02,6136,187,84,123.5,14
2026-08-02,1686,29,98,118,15
2026-08-02,1236,59,77,77,9
2026-08-02,7328,131,56,63,13
2026-08-02,1681,27,126,126.5,12
2026-08-02,5840,81,137,179.5,14
2026-08-02,6235,37,125,133.5,12
2026-08-02,915,80,86,76.5,16
2026-08-02,1860,53,83,107,9
2026-08-02,2018,57,83,133.5,10
2026-08-02,5442,42,96,96,17
2026-08-02,6599,70,81,81,7
2026-08-02,1862,59,74,98,11
2026-08-02,6601,175,51,66.5,8
2026-08-02,1100,7,188,188,5
2026-08-02,6605,229,56,56.0,20
2026-08-02,6606,168,70,62.0,18
2026-08-02,2021,40,108,108.5,16
2026-08-02,6615,258,73,90.0,20
2026-08-02,6611,107,89,59.5,30
2026-08-02,5407,67,92,111.0,14
2026-08-02,6609,121,69,65.5,18
2026-08-02,5319,21,131,139.0,10
2026-08-02,1679,16,116,93.5,8
2026-08-02,1859,68,71,56,19
2026-08-02,6613,186,76,76,17
2026-08-02,5886,62,84,139.5,6
2026-08-02,5345,41,91,101.5,24
2026-08-02,6220,117,77,108,17
2026-08-02,6413,419,78,105,19
2026-08-02,2503,76,73,114.0,12
2026-08-02,2496,62,75,65,11
2026-08-02,6545,143,78,110,13
2026-08-02,5549,19,129,148.0,10
2026-08-02,2642,63,65,124,11
2026-08-02,1072,28,103,69.5,10
2026-08-02,6614,111,128,62.0,20
2026-08-02,5475,27,118,137.0,14
2026-08-02,1858,23,113,143.0,8
2026-08-02,6612,138,74,76,21
2026-08-02,827,25,140,155,11
2026-08-02,5366,47,162,162,13
2026-08-02,1861,46,95,95,21
2026-08-02,5734,64,73,71,15
2026-08-02,6616,240,49,51.0,14
2026-08-02,6604,90,94,94.0,16
2026-08-02,1682,15,161,141.5,8
2026-08-02,6245,53,121,134,9
2026-08-02,6318,127,56,65.0,8
2026-08-02,7329,80,52,38,21
2026-08-02,7326,42,41,44.5,12
2026-08-02,7330,113,62,54,9
2026-08-02,1010,48,97,98.0,10
2026-08-02,1034,43,53,55.0,12
2026-08-02,7327,113,51,40,9
2026-08-02,386,34,268,231,11
2026-08-02,6251,58,178,142.0,22
2026-08-02,230,35,199,211.0,12
2026-08-02,215,16,192,192,11
2026-08-02,224,24,232,202.0,6
2026-08-02,364,19,311,306,9
2026-08-02,373,32,198,228.5,14
2026-08-02,202,26,463,285,23
2026-08-02,1712,29,310,330.0,14
2026-08-02,396,38,384,384.5,16
2026-08-02,2210,41,266,296,15
2026-08-02,38,44,143,153.5,6
2026-08-02,33,36,328,344,13
2026-08-02,52,28,240,240,11
2026-08-02,2221,51,338,353,37
2026-08-02,27,22,351,169.5,6
2026-08-02,73,61,217,210.5,16
2026-08-02,45,43,323,326.5,16
2026-08-02,40,58,348,352.0,24
2026-08-02,2207,43,196,168,19
2026-08-02,1704,51,159,201,19
2026-08-02,2055,28,407,347.5,12
2026-08-02,1705,48,265,307,27
2026-08-02,98,17,240,250.0,8
2026-08-02,252,29,125,181.5,14
2026-08-02,6563,61,176,259.0,14
2026-08-02,2436,83,206,232.5,22
2026-08-02,254,37,165,206,11
2026-08-02,2056,23,491,354.0,18
2026-08-02,125,48,248,332.0,20
2026-08-02,6618,37,162,108,13
2026-08-02,326,44,117,189.0,16
2026-08-02,5898,105,146,190,19
2026-08-02,111,50,224,218.0,6
2026-08-02,1696,32,257,182,19
2026-08-02,293,52,232,232,11
2026-08-02,2212,35,244,257.0,22
2026-08-02,5480,52,374,163.0,14
2026-08-02,331,39,261,167,13
2026-08-02,146,27,158,158,11
2026-08-02,330,23,254,185.5,8
2026-08-02,1940,23,185,179,11
2026-08-02,6253,43,182,214.5,14
2026-08-02,1708,27,204,204,13
2026-08-02,1636,88,184,190.5,26
2026-08-02,59,26,210,246,7
2026-08-02,6254,81,154,115.0,10
2026-08-02,443,34,193,251,17
2026-08-02,149,22,208,208,13
2026-08-02,321,125,190,165,17
2026-08-02,6620,30,60,55.0,12
2026-08-02,6619,93,52,56.5,22
2026-08-02,6663,38,50,70,11
2026-08-02,6557,187,43,60.5,14
2026-08-02,6634,94,54,62,13
2026-08-02,6558,122,49,47.0,16
2026-08-02,6664,23,91,91,9
2026-08-02,6662,184,71,67,35
2026-08-02,6661,39,66,56.5,10
2026-08-02,6660,92,58,48,15
2026-08-02,284,31,340,263.5,14
2026-08-02,76,13,417,596,5
2026-08-02,6551,105,149,164.5,16
2026-08-02,82,23,477,417,17
2026-08-02,136,24,307,127,7
2026-08-02,6554,28,177,192,13
2026-08-02,141,23,201,257,11
2026-08-02,281,47,277,277,17
2026-08-02,2216,31,209,223.5,12
2026-08-02,75,10,323,211.5,6
2026-08-02,72,23,232,188.5,10
2026-08-02,14,34,158,137.5,12
2026-08-02,2202,47,220,227.5,14
2026-08-02,219,39,232,234,17
2026-08-02,2232,35,212,212,11
2026-08-02,362,39,,174,19
2026-08-02,5400,163,204,251,13
2026-08-02,221,51,243,174,13
2026-08-02,446,20,,464.5,6
2026-08-02,302,18,219,219,7
2026-08-02,6633,126,131,165,11
2026-08-02,5899,128,107,108.0,14
2026-08-02,6631,46,177,91,7
2026-08-02,273,30,320,321,9
2026-08-02,5900,42,181,198.5,16
2026-08-02,32,25,234,234,7
2026-08-02,286,33,327,144,7
2026-08-02,6314,572,130,150.5,10
2026-08-02,285,86,220,224,25
2026-08-02,6178,128,181,183.0,22
2026-08-02,2059,25,312,315.0,18
2026-08-02,36,19,206,206,5
2026-08-02,6626,95,66,66.0,14
2026-08-02,6625,144,51,45,5
2026-08-02,6627,93,46,52.0,6
2026-08-02,6624,57,58,63.5,10
2026-08-02,6623,74,69,62,13
2026-08-02,6622,84,95,94.0,10
2026-08-02,6621,99,82,55.0,10
2026-08-02,94,27,199,199.5,8
2026-08-02,287,26,233,198.0,8
2026-08-02,6628,122,89,87,17
2026-08-02,6654,72,86,91,13
2026-08-02,6572,58,89,94.0,8
2026-08-02,6666,51,118,143,13
2026-08-02,6582,128,115,115.0,12
2026-08-02,7073,249,89,89,21
2026-08-02,6575,93,103,112,5
2026-08-02,6638,28,115,146,5
2026-08-02,370,42,123,123,7
2026-08-02,6559,90,91,103,9
2026-08-02,188,43,249,300.5,22
2026-08-02,359,40,415,550,9
2026-08-02,368,31,352,226,9
2026-08-02,398,73,309,339.0,24
2026-08-02,204,24,400,356.0,10
2026-08-02,270,25,281,294.5,10
2026-08-02,272,32,195,242,13
2026-08-02,351,400,274,250.0,40
2026-08-02,376,43,359,245,13
2026-08-02,1865,11,239,249.0,8
2026-08-02,2235,107,282,251.5,38
2026-08-02,1688,22,241,211.0,16
2026-08-02,197,9,338,340.5,6
2026-08-02,388,14,,256.5,2
2026-08-02,1517,49,94,122,13
2026-08-02,5,18,379,224,11
2026-08-02,3,31,403,248.0,12
2026-08-02,7,11,360,272.0,6
2026-08-02,4,40,418,378.5,16
2026-08-02,2321,36,434,320.5,18
2026-08-02,1689,34,389,311,19
2026-08-02,2058,20,372,349.5,12
2026-08-02,28,23,541,401.0,10
2026-08-02,305,60,428,403.0,20
2026-08-02,121,25,450,455.5,16
2026-08-02,2209,45,113,64.5,10
2026-08-02,6571,24,76,50,7
2026-08-02,2208,59,96,92,25
2026-08-02,6648,34,89,116,11
2026-08-02,6650,17,113,64,7
2026-08-02,283,19,190,225.0,6
2026-08-02,6647,25,104,134,5
2026-08-02,2215,41,133,129,13
2026-08-02,6645,23,112,125.5,6
2026-08-02,6580,56,71,84.0,16
2026-08-02,6629,45,78,91,11
2026-08-02,299,27,224,314.0,16
2026-08-02,1864,120,209,184.0,28
2026-08-02,69,38,304,265.0,10
2026-08-02,296,44,135,161.5,18
2026-08-02,292,67,249,249,25
2026-08-02,212,43,146,146,9
2026-08-02,300,23,151,151,13
2026-08-02,152,25,241,227.0,14
2026-08-02,2173,22,220,200,9
2026-08-02,2518,52,377,377,17
2026-08-02,1,62,229,240.0,22
2026-08-02,5862,246,219,219,21
2026-08-02,15,59,223,175,13
2026-08-02,70,80,242,275,11
2026-08-02,2229,59,338,304.5,10
2026-08-02,241,20,490,435.0,12
2026-08-02,207,102,170,198,17
2026-08-02,61,29,206,238.0,12
2026-08-02,164,14,347,347,5
2026-08-02,366,27,237,333,7
2026-08-02,354,21,302,246.5,8
2026-08-02,1867,43,283,211,19
2026-08-02,140,24,298,298,9
2026-08-02,2060,17,427,368.5,12
2026-08-02,308,41,303,308.0,14
2026-08-02,2211,253,184,194.5,24
2026-08-02,2222,13,,143.5,4
2026-08-02,23,55,223,234,23
2026-08-02,64,35,227,233.0,14
2026-08-02,158,56,251,289,23
2026-08-02,86,36,250,339,11
2026-08-02,90,74,146,155.5,18
2026-08-02,306,16,448,448,7
2026-08-02,304,39,300,419,15
2026-08-02,311,14,275,232.5,8
2026-08-02,340,20,276,221,7
2026-08-02,179,36,226,278,15
2026-08-02,1706,36,158,158,27
2026-08-02,6261,41,233,156.5,14
2026-08-02,378,24,253,253,15
2026-08-02,320,96,194,240,29
2026-08-02,1707,45,193,184,15
2026-08-02,2192,68,171,110,19
2026-08-02,6552,136,124,124,9
2026-08-02,6640,52,94,95.0,10
2026-08-02,1582,91,129,172,19
2026-08-02,5566,40,140,164,15
2026-08-02,6308,82,134,141,21
2026-08-02,6555,56,141,153.0,16
2026-08-02,1693,18,284,284.5,8
2026-08-02,5590,67,140,104,25
2026-08-02,159,77,191,226,19
2026-08-02,325,31,179,178.0,8
2026-08-02,397,81,162,170.0,8
2026-08-02,186,73,123,173,15
2026-08-02,7079,23,83,81,7
2026-08-02,228,27,117,134.0,10
2026-08-02,157,72,96,100,15
2026-08-02,339,39,119,229,9
2026-08-02,6464,627,59,66.5,10
2026-08-02,6639,145,93,93,15
2026-08-02,7080,33,99,107.5,8
2026-08-02,96,42,272,262,15
2026-08-02,54,23,212,202.0,8
2026-08-02,2253,69,274,295.5,16
2026-08-02,43,22,355,168.5,6
2026-08-02,312,25,310,236.5,10
2026-08-02,2255,43,261,177.0,22
2026-08-02,245,47,268,325.5,6
2026-08-02,5220,70,166,244.0,14
2026-08-02,42,29,366,134.0,10
2026-08-02,46,25,352,441,7
2026-08-02,1698,35,161,173,15
2026-08-02,1512,61,202,202.0,16
2026-08-02,155,19,163,163,7
2026-08-02,1702,32,204,222.5,16
2026-08-02,160,16,,151.5,10
2026-08-02,5565,113,134,178,23
2026-08-02,438,30,150,150,9
2026-08-02,380,25,277,277,7
2026-08-02,307,35,256,304.0,14
2026-08-02,275,64,184,185.0,12
2026-08-02,7331,376,83,84.0,10
2026-08-02,5622,91,128,128,15
2026-08-02,447,61,119,107.0,12
2026-08-02,7334,51,122,122,5
2026-08-02,7332,66,169,195.0,10
2026-08-02,6370,79,84,112.5,8
2026-08-02,145,23,254,257,11
2026-08-02,2062,20,305,374.5,14
2026-08-02,18,56,248,248,13
2026-08-02,240,45,,148,7
2026-08-02,2167,33,349,349,13
2026-08-02,6653,50,149,161.5,14
2026-08-02,226,49,212,205.0,12
2026-08-02,216,37,165,189.0,14
2026-08-02,237,89,254,258.0,20
2026-08-02,5382,66,278,320.5,22
2026-08-02,5799,32,223,278.5,14
2026-08-02,6568,14,181,185.5,8
2026-08-02,223,65,277,298.5,16
2026-08-02,217,25,145,111.5,6
2026-08-02,444,29,149,171,11
2026-08-02,180,45,171,172.0,8
2026-08-02,211,41,147,127,7
2026-08-02,342,46,139,177.0,12
2026-08-02,358,71,120,149.0,34
2026-08-02,30,26,177,148,9
2026-08-02,2272,40,209,224.5,22
2026-08-02,6630,87,117,123.0,14
2026-08-02,6636,255,83,45.0,16
2026-08-02,6560,61,56,58,13
2026-08-02,6642,246,69,63,23
2026-08-02,2064,19,166,113.0,14
2026-08-02,2063,60,227,278.0,16
2026-08-02,2181,56,176,242.5,12
2026-08-02,6564,92,76,83.5,12
2026-08-02,7081,14,72,72,7
2026-08-02,6581,40,146,117.5,6
2026-08-02,6562,88,102,126.0,12
2026-08-02,6241,547,186,150.5,18
2026-08-02,6565,78,74,94,23
2026-08-02,6656,135,158,158,13
2026-08-02,24,55,186,212.0,8
2026-08-02,92,23,309,321,13
2026-08-02,58,17,231,159.0,8
2026-08-02,317,31,287,267,9
2026-08-02,6259,71,159,159,13
2026-08-02,303,76,212,224,13
2026-08-02,395,45,226,231,21
2026-08-02,1937,24,212,242.0,10
2026-08-02,384,14,229,229,13
2026-08-02,2536,82,135,136.5,22
2026-08-02,137,25,169,98.5,10
2026-08-02,6553,90,140,140,7
2026-08-02,195,23,255,258.0,6
2026-08-02,2230,36,217,217,19
2026-08-02,5485,50,250,250,19
2026-08-02,6577,15,184,212.0,6
2026-08-02,1695,41,286,195.0,20
2026-08-02,6578,61,143,166,9
2026-08-02,6641,61,112,130,11
2026-08-02,6255,40,401,265.5,12
2026-08-02,387,8,,280.5,8
2026-08-02,448,19,363,407,9
2026-08-02,168,27,167,118.5,14
2026-08-02,439,6,,146,5
2026-08-02,393,30,305,193,13
2026-08-02,247,40,229,286,23
2026-08-02,112,17,240,274.0,10
2026-08-02,235,45,243,263,15
2026-08-02,63,30,376,260.5,8
2026-08-02,2053,12,251,295.0,10
2026-08-02,20,70,242,242,11
2026-08-02,248,63,230,243.0,16
2026-08-02,135,33,240,537.5,8
2026-08-02,6561,53,129,123.5,16
2026-08-02,2560,165,185,195.0,26
2026-08-02,6,54,435,435,25
2026-08-02,11,32,483,483,11
2026-08-02,2214,20,430,284,11
2026-08-02,1692,32,425,425,17
2026-08-02,5836,123,227,182,23
2026-08-02,363,8,,439.5,4
2026-08-02,2500,23,215,229.0,14
2026-08-02,1687,136,242,249,41
2026-08-02,379,10,180,222.0,6
2026-08-02,403,19,320,259.5,8
2026-08-02,233,56,134,134,9
2026-08-02,143,19,217,241,9
2026-08-02,6250,70,267,267,7
2026-08-02,349,19,331,303.0,10
2026-08-02,357,29,347,523,15
2026-08-02,7082,32,254,177.0,12
2026-08-02,1697,41,277,282.0,18
2026-08-02,151,9,241,197,7
2026-08-02,193,27,180,180,7
2026-08-02,1700,30,155,163.5,10
2026-08-02,365,44,116,116,15
2026-08-02,253,51,160,168,13
2026-08-02,338,41,174,178.0,10
2026-08-02,1713,39,200,180.0,22
2026-08-02,6632,54,128,157,7
2026-08-02,177,16,,153,7
2026-08-02,390,51,154,206.5,8
2026-08-02,280,22,344,342.5,10
2026-08-02,394,14,,290.0,10
2026-08-02,1710,62,264,291.0,30
2026-08-02,7075,24,230,153,7
2026-08-02,7072,10,234,206,5
2026-08-02,2206,41,125,127,15
2026-08-02,2205,30,233,178.0,16
2026-08-02,2220,65,159,175.0,18
2026-08-02,2231,16,283,269.0,8
2026-08-02,295,51,239,267.5,10
2026-08-02,315,22,226,235.0,6
2026-08-02,1651,61,207,211,15
2026-08-02,213,43,206,215,19
2026-08-02,277,32,175,127,15
2026-08-02,189,13,249,266.0,8
2026-08-02,316,40,303,303,11
2026-08-02,210,51,108,158,11
2026-08-02,6258,66,116,82,15
2026-08-02,181,789,95,57,23
2026-08-02,372,15,337,339,7
2026-08-02,392,12,139,141.0,6
2026-08-02,377,21,240,247.0,14
2026-08-02,360,18,342,282,11
2026-08-02,161,10,336,277.0,6
2026-08-02,1868,6,315,315,5
2026-08-02,375,10,339,192,5
2026-08-02,2567,78,128,123.5,20
2026-08-02,1690,71,161,209.5,24
2026-08-02,222,35,177,191,7
2026-08-02,2057,37,298,298.0,18
2026-08-02,100,30,315,409.5,12
2026-08-02,7074,108,95,95,15
2026-08-02,6138,87,95,87.5,6
2026-08-02,5854,95,95,122,5
2026-08-02,97,70,403,408.0,20
2026-08-02,139,37,297,288.0,16
2026-08-02,171,58,350,282,23
2026-08-02,2430,86,222,168,19
2026-08-02,47,47,404,282.0,24
2026-08-02,2227,10,339,208.5,8
2026-08-02,185,25,404,336,11
2026-08-02,264,33,300,300.5,10
2026-08-02,5481,32,255,257.5,16
2026-08-02,6236,248,56,42.0,12
2026-08-02,1514,31,183,108.0,10
2026-08-02,400,17,,305.0,6
2026-08-02,367,42,270,157,11
2026-08-02,1664,38,187,201.0,18
2026-08-02,2189,32,195,282.5,20
2026-08-02,7335,165,69,69.0,6
2026-08-02,5901,54,90,100,11
2026-08-02,133,31,178,155.5,6
2026-08-02,44,39,102,53,11
2026-08-02,5383,61,268,290.5,26
2026-08-02,246,29,239,185,13
2026-08-02,6262,130,117,138,11
2026-08-02,209,39,237,240.0,16
2026-08-02,329,24,161,143.0,10
2026-08-02,6173,73,182,193,15
2026-08-02,301,25,144,219,11
2026-08-02,6260,198,93,111,19
2026-08-02,314,31,157,84,13
2026-08-02,6416,90,148,180.0,8
2026-08-02,2237,31,212,214.0,12
2026-08-02,278,32,358,145.5,12
2026-08-02,6556,44,,139,9
2026-08-02,1694,51,142,142,23
2026-08-02,93,28,351,220,9
2026-08-02,6569,25,,138.5,4
2026-08-02,127,23,287,287,9
2026-08-02,78,20,295,136,9
2026-08-02,165,21,317,205.5,10
2026-08-02,274,33,245,265.0,10
2026-08-02,1699,28,295,169,11
2026-08-02,451,28,170,200,9
2026-08-02,282,23,185,157.0,4
2026-08-02,192,30,235,196,9
2026-08-02,279,99,138,234.5,12
2026-08-02,383,38,163,157,15
2026-08-02,1863,41,218,229.0,18
2026-08-02,257,32,169,184,7
2026-08-02,62,14,473,155.5,10
2026-08-02,66,48,426,361,19
2026-08-02,71,25,360,361,11
2026-08-02,79,47,297,300.0,16
2026-08-02,17,78,312,324.0,26
2026-08-02,80,34,329,285.0,16
2026-08-02,51,19,420,330.0,8
2026-08-02,87,64,336,234.0,28
2026-08-02,262,24,369,369,5
2026-08-02,259,50,323,331,11
2026-08-02,1656,113,219,203,39
2026-08-02,2271,36,248,254.0,18
2026-08-02,6422,265,179,206.5,10
2026-08-02,2224,51,208,209.5,26
2026-08-02,2061,18,391,311.0,12
2026-08-02,2185,29,147,183.0,10
2026-08-02,2180,179,117,125.5,36
2026-08-02,7076,77,106,118,7
2026-08-02,6665,81,82,161,7
2026-08-02,6574,41,111,154,7
2026-08-02,6573,146,62,50.0,12
2026-08-02,6652,27,94,125.0,10
2026-08-02,6635,96,112,114,15
2026-08-02,5269,290,209,196,21
2026-08-02,25,39,189,203.0,10
2026-08-02,95,29,294,294,7
2026-08-02,232,40,271,304.5,16
2026-08-02,6304,295,338,307.5,14
2026-08-02,2223,45,342,246.0,20
2026-08-02,218,6,331,310.5,4
2026-08-02,134,41,307,305.0,12
2026-08-02,2054,35,251,263.5,14
2026-08-02,2627,59,246,199.0,16
2026-08-02,261,21,190,369,7
2026-08-02,6657,16,194,194,9
2026-08-02,260,93,205,205.0,28
2026-08-02,1691,84,167,191,19
2026-08-02,242,66,176,223.5,26
2026-08-02,26,32,161,165,9
2026-08-02,6658,26,,107.0,8
2026-08-02,2260,49,126,189.5,14
2026-08-02,6570,44,139,111,11
2026-08-02,445,46,122,98,21
2026-08-02,6637,25,183,216,7
2026-08-02,6252,24,353,182,11
2026-08-02,1941,53,257,277,23
2026-08-02,6566,38,175,202.5,12
2026-08-02,1709,21,244,121.5,10
2026-08-02,334,18,178,162.5,6
2026-08-02,7242,46,95,114.5,10
2026-08-02,7333,69,132,168,11
2026-08-02,313,15,189,172.0,8
2026-08-02,6332,52,102,102,15
2026-08-02,2381,41,275,380,13
2026-08-02,256,61,213,244.5,28
2026-08-02,2217,50,295,188,17
2026-08-02,89,25,300,246,9
2026-08-02,163,21,255,210.5,12
2026-08-02,2023,21,223,232,19
2026-08-02,385,19,174,251,7
2026-08-02,77,26,102,132.0,10
2026-08-02,6256,73,,88,9
2026-08-02,6483,249,102,105.5,10
2026-08-02,2037,50,360,359.5,26
2026-08-02,2234,87,,229.0,12
2026-08-02,88,32,204,153.0,6
2026-08-02,355,14,251,264,9
2026-08-02,374,96,255,292,23
2026-08-02,352,41,240,197.5,12
2026-08-02,2282,61,239,319,17
2026-08-02,162,21,271,316.5,4
2026-08-02,382,27,200,200.0,10
2026-08-02,266,34,249,319,9
2026-08-02,5228,408,139,150,37
2026-08-02,1231,29,142,198,13
2026-08-02,1866,51,224,241.0,28
2026-08-02,48,50,202,225.5,12
2026-08-02,1711,78,143,171,15
2026-08-02,220,37,171,186,15
2026-08-02,335,22,242,176,7
2026-08-02,2257,34,205,245.0,12
2026-08-02,243,25,246,140,11
2026-08-02,225,34,214,228.5,8
2026-08-02,5386,174,199,127,29
2026-08-02,142,42,168,247.5,8
2026-08-02,1630,22,208,91,5
2026-08-02,6576,76,110,130.0,6
2026-08-02,6649,46,103,199,7
2026-08-02,6646,18,98,73,5
2026-08-02,5794,48,130,145,7
2026-08-02,6276,147,107,74,7
2026-08-02,6421,30,184,224.0,10
2026-08-02,2225,12,290,210,7
2026-08-02,6161,193,190,191,21
2026-08-02,250,32,252,252,9
2026-08-02,1367,48,289,221,19
2026-08-02,2270,45,149,133.0,18
2026-08-02,153,59,124,99,15
2026-08-02,184,61,189,174.0,18
2026-08-02,309,19,244,253.0,6
2026-08-02,5285,66,237,215,21
2026-08-02,318,9,234,141.5,6
2026-08-02,150,40,226,178,23
2026-08-02,2532,76,224,227.0,18
2026-08-02,263,409,150,130.0,14
2026-08-02,7078,50,76,63.5,10
2026-08-02,7077,145,81,68.0,14
2026-08-02,2287,27,278,302.0,14
2026-08-02,21,56,187,193.0,20
2026-08-02,251,65,152,206.0,20
2026-08-02,255,41,213,171.0,8
2026-08-02,2218,51,237,238,17
2026-08-02,6659,15,,180,9
2026-08-02,6644,75,73,88.5,16
2026-08-02,6643,173,90,90,11
2026-08-02,227,22,184,179.5,8
2026-08-02,6651,42,132,132,9
2026-08-02,67,40,308,422,15
2026-08-02,173,634,250,250,31
2026-08-02,6257,69,174,185.0,14
2026-08-02,128,26,156,169.0,8
2026-08-02,6371,50,121,96.5,12
2026-08-02,341,17,257,326,11
2026-08-02,440,49,196,221.5,16
2026-08-02,19,68,281,281,21
2026-08-02,1703,31,157,152.0,10
2026-08-02,336,26,172,212,13
2026-08-02,333,35,129,164,13
2026-08-02,154,113,174,207,37
2026-08-02,437,47,260,260,11
2026-08-02,156,34,163,181,5
2026-08-02,238,17,179,199,7
2026-08-02,231,20,268,228.0,6
2026-08-02,1701,33,216,216,13
2026-08-02,174,21,328,328,11
2026-08-02,442,26,278,307.0,12
2026-08-02,441,23,290,294,9
2026-08-02,55,40,259,238.5,18
2026-08-02,7083,102,86,134,13
2026-08-02,120,82,335,231,21
2026-08-02,49,8,271,271.0,4
2026-08-02,126,52,348,348.5,20
2026-08-02,249,21,350,350,7
2026-08-02,244,46,336,227,11
2026-08-02,6655,22,122,180.5,6
2026-08-02,13,28,286,231.5,12
2026-08-02,347,28,266,256,11
2026-08-02,2,71,382,308,17
2026-08-02,12,54,485,267,21
2026-08-02,8,31,442,329,11
2026-08-02,2228,16,,194.0,8
2026-08-02,6156,122,126,134.5,16
2026-08-02,837,23,135,162.0,8
2026-08-02,6538,32,,176.5,8
2026-08-02,6461,255,73,82.0,12
2026-08-02,746,32,124,149.5,10
2026-08-02,5250,32,167,76.0,10
2026-08-02,1160,35,126,138,9
2026-08-02,919,32,166,178.0,14
2026-08-02,784,16,162,215,7
2026-08-02,2523,101,124,124,27
2026-08-02,895,27,164,169.5,10
2026-08-02,1055,63,86,106,13
2026-08-02,5426,21,,134,11
2026-08-02,977,76,111,106,21
2026-08-02,1230,24,121,129,9
2026-08-02,2521,98,124,57,15
2026-08-02,6539,32,110,113,9
2026-08-02,6097,40,130,180.0,10
2026-08-02,5249,72,102,102,15
2026-08-02,680,25,145,207,9
2026-08-02,6226,28,103,121,11
2026-08-02,6516,52,114,129,7
2026-08-02,7652,14,117,126.5,10
2026-08-02,1188,12,,75,7
2026-08-02,6240,86,92,128,13
2026-08-02,6347,13,103,149.5,4
2026-08-02,6372,30,129,148.0,10
2026-08-02,1246,26,189,204.0,14
2026-08-02,6681,17,128,101,9
2026-08-02,6680,35,110,92,7
2026-08-02,6316,48,108,133.5,8
2026-08-02,5762,48,122,150.5,20
2026-08-02,5577,48,137,167,21
2026-08-02,1872,49,143,187.5,24
2026-08-02,988,33,184,220,11
2026-08-02,6667,21,141,151,7
2026-08-02,1871,20,153,135,9
2026-08-02,6679,45,131,111.5,6
2026-08-02,1006,79,66,89.0,16
2026-08-02,1382,48,100,111.5,8
2026-08-02,5236,76,142,83,17
2026-08-02,5424,30,157,168.0,16
2026-08-02,6106,22,151,228.5,8
2026-08-02,699,28,127,182.5,8
2026-08-02,867,32,169,221.0,10
2026-08-02,2389,29,112,113,15
2026-08-02,2522,41,87,104,23
2026-08-02,2117,24,139,143,15
2026-08-02,2118,26,140,152,17
2026-08-02,5623,71,101,143.5,16
2026-08-02,2611,150,116,52,21
2026-08-02,1258,89,92,159.5,12
2026-08-02,1671,36,66,147,11
2026-08-02,5342,37,162,167,13
2026-08-02,6670,24,65,65,5
2026-08-02,7030,37,62,82.0,6
2026-08-02,6110,34,107,127.5,10
2026-08-02,6674,46,89,95.5,8
2026-08-02,6114,31,88,106,9
2026-08-02,874,57,102,102,9
2026-08-02,5639,88,57,53,13
2026-08-02,6112,33,74,90,9
2026-08-02,5640,46,74,68,19
2026-08-02,6672,76,66,56.0,6
2026-08-02,1019,61,159,117,21
2026-08-02,5227,205,110,71.0,14
2026-08-02,2387,33,132,132,11
2026-08-02,847,53,108,105.5,8
2026-08-02,5433,34,144,167,11
2026-08-02,835,39,161,203.5,10
2026-08-02,879,36,125,160,11
2026-08-02,788,51,130,135,19
2026-08-02,811,113,163,147.0,22
2026-08-02,822,49,127,127,13
2026-08-02,877,47,95,98.0,12
2026-08-02,766,36,111,111,9
2026-08-02,808,43,160,146.5,10
2026-08-02,6101,20,125,138.0,8
2026-08-02,6103,35,101,134.5,12
2026-08-02,6317,29,146,182,7
2026-08-02,6348,22,169,194,11
2026-08-02,6480,23,103,103,7
2026-08-02,6678,54,64,78,9
2026-08-02,7336,67,78,80,9
2026-08-02,953,93,59,53,23
2026-08-02,6669,63,62,46,9
2026-08-02,945,15,98,83,11
2026-08-02,6069,33,60,99.5,6
2026-08-02,868,12,,183.5,8
2026-08-02,1715,31,105,111.0,12
2026-08-02,5265,52,105,78.5,20
2026-08-02,1056,85,128,90.0,24
2026-08-02,1167,47,125,146.0,8
2026-08-02,6105,23,139,160.5,8
2026-08-02,1176,26,172,174.0,10
2026-08-02,6682,34,121,131.5,10
2026-08-02,5413,39,120,111,15
2026-08-02,2388,27,148,160,9
2026-08-02,933,35,142,142,11
2026-08-02,2174,30,91,107.0,14
2026-08-02,5221,236,90,48.0,18
2026-08-02,6684,8,99,99,5
2026-08-02,6683,90,80,96.0,14
2026-08-02,5312,114,77,57,15
2026-08-02,6677,52,71,103,7
2026-08-02,6676,46,98,79,9
2026-08-02,927,44,60,91,7
2026-08-02,949,29,109,125.5,8
2026-08-02,6671,62,75,60.5,16
2026-08-02,839,33,84,96.0,10
2026-08-02,6675,13,71,96.5,4
2026-08-02,2573,20,104,144,15
2026-08-02,905,188,100,100,19
2026-08-02,6685,20,141,142,11
2026-08-02,6686,42,79,81,7
2026-08-02,1066,32,113,133.0,14
2026-08-02,7337,42,95,92.0,10
2026-08-02,1046,93,111,112,17
2026-08-02,6503,138,72,72,5
2026-08-02,6688,43,106,106.5,10
2026-08-02,962,46,105,108.0,20
2026-08-02,1084,21,118,118,9
2026-08-02,878,34,111,125.0,12
2026-08-02,1644,27,98,103,9
2026-08-02,6477,232,90,90,7
2026-08-02,1186,21,153,119,7
2026-08-02,917,50,104,109.0,8
2026-08-02,1154,75,154,152,19
2026-08-02,1239,120,116,96,27
2026-08-02,976,40,169,178.0,18
2026-08-02,985,48,174,173.0,18
2026-08-02,5725,73,158,160,19
2026-08-02,1198,35,281,305.5,14
2026-08-02,1639,52,245,262.5,16
2026-08-02,2201,79,104,79.0,20
2026-08-02,2182,34,200,208.0,12
2026-08-02,5486,32,235,158,17
2026-08-02,947,48,65,81,7
2026-08-02,7418,60,85,106.5,14
2026-08-02,1347,53,74,74.5,16
2026-08-02,890,13,131,126,7
2026-08-02,7417,53,54,54,3
2026-08-02,7651,18,57,73,3
2026-08-02,7414,143,82,86.0,10
2026-08-02,1191,23,198,240,11
2026-08-02,6687,24,133,148.0,10
2026-08-02,5938,28,174,174,11
2026-08-02,1948,59,196,220.0,20
2026-08-02,1193,27,341,341,15
2026-08-02,5381,36,249,233,15
2026-08-02,1381,33,281,281,15
2026-08-02,1279,64,170,173.5,20
2026-08-02,1253,23,262,169,11
2026-08-02,1081,25,194,197.0,8
2026-08-02,1040,55,406,162,11
2026-08-02,2195,31,186,161.0,10
2026-08-02,1445,42,178,185,11
2026-08-02,5509,41,134,132,11
2026-08-02,1446,33,253,181,13
2026-08-02,5542,74,209,209,21
2026-08-02,1392,30,191,221,13
2026-08-02,1432,14,148,133.5,6
2026-08-02,2464,50,124,134.5,24
2026-08-02,7084,590,63,52.0,12
2026-08-02,7085,54,85,87,13
2026-08-02,7127,77,83,110.5,16
2026-08-02,1068,20,135,162,7
2026-08-02,6429,47,141,144,11
2026-08-02,2031,23,98,190,13
2026-08-02,5409,49,103,115,15
2026-08-02,7086,114,104,87,27
2026-08-02,1441,35,104,104,9
2026-08-02,1667,30,183,172.0,16
2026-08-02,1262,41,175,175,7
2026-08-02,1286,43,113,113,7
2026-08-02,1412,55,95,95.0,8
2026-08-02,7629,52,62,64.5,10
2026-08-02,7630,98,55,63,13
2026-08-02,7341,174,83,92.0,10
2026-08-02,7342,31,58,59,5
2026-08-02,7645,53,39,35.5,4
2026-08-02,506,56,69,69,7
2026-08-02,733,80,116,66.0,16
2026-08-02,732,58,49,40.5,8
2026-08-02,6017,46,92,117.0,22
2026-08-02,1934,80,114,66.0,16
2026-08-02,885,57,87,67.0,16
2026-08-02,2143,35,151,202.5,16
2026-08-02,2146,26,172,200,17
2026-08-02,634,19,132,151.0,10
2026-08-02,2540,39,173,185.0,6
2026-08-02,7087,154,52,52,19
2026-08-02,6024,185,54,62,23
2026-08-02,6738,48,57,57.5,6
2026-08-02,6442,118,76,82.0,10
2026-08-02,6737,102,59,59,7
2026-08-02,573,37,151,153.0,8
2026-08-02,5719,68,145,151.5,16
2026-08-02,1619,64,94,94,15
2026-08-02,6023,73,76,38,21
2026-08-02,6753,160,68,53.5,22
2026-08-02,2537,26,117,131.0,12
2026-08-02,6689,119,62,56.0,16
2026-08-02,2137,36,146,146,21
2026-08-02,886,134,62,62,23
2026-08-02,2283,36,141,187.0,14
2026-08-02,545,17,84,72.0,8
2026-08-02,6726,73,,53,9
2026-08-02,7089,34,86,71.0,20
2026-08-02,7088,26,118,122,11
2026-08-02,6376,64,86,114,11
2026-08-02,6320,93,54,58.0,6
2026-08-02,6489,285,86,98.5,14
2026-08-02,6701,26,93,113.0,6
2026-08-02,6702,85,112,112,9
2026-08-02,6511,657,42,50.0,10
2026-08-02,2254,20,,134.5,10
2026-08-02,5746,52,192,208.5,18
2026-08-02,754,112,307,168,23
2026-08-02,118,17,284,234,7
2026-08-02,542,50,131,108.5,8
2026-08-02,458,42,259,286,7
2026-08-02,5769,72,168,181.0,16
2026-08-02,5852,37,212,212,7
2026-08-02,2448,53,238,242.0,14
2026-08-02,408,58,209,142,11
2026-08-02,5813,65,51,60,19
2026-08-02,5830,47,61,58.0,6
2026-08-02,5825,4,97,97,3
2026-08-02,5820,127,43,46.0,14
2026-08-02,5824,78,63,63,7
2026-08-02,5821,32,49,49,9
2026-08-02,5811,99,34,36.5,14
2026-08-02,2460,172,39,50,23
2026-08-02,5808,121,42,58,13
2026-08-02,5810,75,40,31.0,6
2026-08-02,5300,19,359,421.0,12
2026-08-02,416,26,220,258,11
2026-08-02,425,87,230,239.0,30
2026-08-02,2391,52,174,162.0,20
2026-08-02,2300,26,277,304,11
2026-08-02,2301,45,184,227.0,16
2026-08-02,2398,37,230,218.5,12
2026-08-02,1634,36,279,319,19
2026-08-02,5258,63,252,294,21
2026-08-02,417,31,233,221,21
2026-08-02,613,77,53,53,15
2026-08-02,2444,92,51,56,23
2026-08-02,5833,37,154,111,13
2026-08-02,5555,26,180,229,15
2026-08-02,6721,93,80,90.0,18
2026-08-02,536,88,105,105,13
2026-08-02,6018,40,94,98,13
2026-08-02,5334,46,91,114,17
2026-08-02,7101,97,76,110,15
2026-08-02,2470,122,135,50.5,22
2026-08-02,2393,45,275,257,15
2026-08-02,2392,27,143,274,13
2026-08-02,7090,93,171,129.5,16
2026-08-02,85,65,155,182,31
2026-08-02,433,548,74,26,31
2026-08-02,2403,43,149,49.0,14
2026-08-02,871,209,184,60.0,34
2026-08-02,420,41,207,207,15
2026-08-02,2306,29,264,94,15
2026-08-02,2402,40,195,230,17
2026-08-02,6510,132,42,35.0,10
2026-08-02,6730,114,45,20.0,14
2026-08-02,6012,128,76,86,23
2026-08-02,34,115,61,61,7
2026-08-02,6691,149,41,41,17
2026-08-02,6708,63,52,54.0,14
2026-08-02,6692,85,40,35,9
2026-08-02,5844,88,69,49.5,8
2026-08-02,6696,48,44,44,7
2026-08-02,2542,67,74,35,21
2026-08-02,474,227,84,32.5,32
2026-08-02,6434,98,94,94,17
2026-08-02,2147,49,105,95,19
2026-08-02,473,67,122,129.0,18
2026-08-02,7092,74,74,70,13
2026-08-02,6754,98,54,66.0,8
2026-08-02,6378,65,96,98,13
2026-08-02,2459,46,78,85.5,18
2026-08-02,6377,26,85,42,9
2026-08-02,6290,120,51,101.0,22
2026-08-02,6176,87,46,57.5,16
2026-08-02,6750,144,52,55,15
2026-08-02,6022,32,46,90,11
2026-08-02,6749,80,59,44.0,14
2026-08-02,6440,643,36,41.0,10
2026-08-02,6403,37,78,78,11
2026-08-02,6697,86,72,87.0,10
2026-08-02,2148,34,77,84.0,12
2026-08-02,6010,123,53,74,19
2026-08-02,191,41,129,129,7
2026-08-02,2149,49,101,139.0,20
2026-08-02,6179,120,52,61,15
2026-08-02,6735,66,47,32.5,8
2026-08-02,5281,37,75,75.0,14
2026-08-02,6736,50,50,42.5,8
2026-08-02,6009,54,74,85.0,18
2026-08-02,2455,19,131,107.5,12
2026-08-02,701,23,64,44.0,8
2026-08-02,911,34,65,65,7
2026-08-02,6481,47,58,58,7
2026-08-02,5756,173,54,26,11
2026-08-02,6291,109,58,58,13
2026-08-02,6698,89,58,65.0,12
2026-08-02,6423,277,49,30,11
2026-08-02,7093,116,48,26.5,24
2026-08-02,7143,231,50,50,21
2026-08-02,7102,97,50,78,21
2026-08-02,6709,152,58,50,9
2026-08-02,505,96,57,66.0,16
2026-08-02,2446,98,52,67.0,16
2026-08-02,507,131,44,32,13
2026-08-02,455,31,107,110,7
2026-08-02,502,71,79,51,11
2026-08-02,2145,23,185,229,15
2026-08-02,450,12,139,167,7
2026-08-02,199,41,107,105.0,10
2026-08-02,35,84,143,143,21
2026-08-02,518,52,120,101.0,8
2026-08-02,512,59,95,97.5,8
2026-08-02,511,42,91,65.0,8
2026-08-02,2303,112,80,59.5,22
2026-08-02,29,71,152,152,19
2026-08-02,7106,39,119,141,13
2026-08-02,2155,19,169,241.5,12
2026-08-02,1874,92,184,187.5,14
2026-08-02,6719,110,78,78,7
2026-08-02,6699,55,71,55.0,6
2026-08-02,6720,101,69,74.0,12
2026-08-02,6488,185,92,92,9
2026-08-02,6755,85,71,85.5,8
2026-08-02,6015,47,207,215.0,18
2026-08-02,6016,93,187,196.5,16
2026-08-02,5877,25,131,140.5,10
2026-08-02,6020,63,135,146,17
2026-08-02,2405,43,104,41.0,14
2026-08-02,2456,65,105,110.0,16
2026-08-02,7338,43,94,101.5,8
2026-08-02,2451,101,101,88.5,20
2026-08-02,7145,64,47,47,17
2026-08-02,7107,85,49,46.5,18
2026-08-02,2150,31,172,121,13
2026-08-02,6729,40,56,64,13
2026-08-02,2410,62,133,72,19
2026-08-02,453,41,56,56.0,8
2026-08-02,6013,65,102,116.0,18
2026-08-02,1717,64,200,257,13
2026-08-02,415,42,172,205,13
2026-08-02,406,179,109,49,13
2026-08-02,2264,49,180,182,19
2026-08-02,405,190,123,123.0,24
2026-08-02,2512,62,170,101,23
2026-08-02,407,27,170,202,15
2026-08-02,413,449,115,91.5,24
2026-08-02,2394,40,133,178.0,14
2026-08-02,412,31,152,124.5,4
2026-08-02,418,102,259,156,29
2026-08-02,2395,51,202,208,15
2026-08-02,1581,47,194,160,19
2026-08-02,499,27,148,148,9
2026-08-02,2404,52,276,299.0,16
2026-08-02,1719,54,170,176,15
2026-08-02,6199,192,46,88,19
2026-08-02,6700,155,62,66.0,10
2026-08-02,6215,58,58,66.0,14
2026-08-02,7142,33,190,188.0,6
2026-08-02,7141,53,116,185.0,14
2026-08-02,6200,50,121,252,11
2026-08-02,7094,45,74,98,17
2026-08-02,5831,17,105,174,9
2026-08-02,5812,30,118,131.5,8
2026-08-02,6715,30,76,69,11
2026-08-02,2450,45,99,123.0,20
2026-08-02,2538,77,197,203.5,18
2026-08-02,2397,48,178,254.0,12
2026-08-02,471,25,167,147.0,10
2026-08-02,399,56,241,251.5,12
2026-08-02,469,67,233,233,25
2026-08-02,6327,153,186,211.0,20
2026-08-02,488,60,186,235.0,14
2026-08-02,1635,48,167,226,19
2026-08-02,391,17,220,220,9
2026-08-02,2396,83,177,161.0,16
2026-08-02,6328,88,198,198,13
2026-08-02,2529,35,147,176.5,12
2026-08-02,6707,96,62,61,17
2026-08-02,6704,76,45,53,17
2026-08-02,6703,71,46,33.5,20
2026-08-02,2445,38,154,154,9
2026-08-02,6725,57,93,70.0,6
2026-08-02,6014,56,91,105.5,14
2026-08-02,6202,175,86,130.0,16
2026-08-02,464,45,140,184,17
2026-08-02,2539,57,186,191.0,28
2026-08-02,1576,54,154,167.5,18
2026-08-02,423,28,222,137,9
2026-08-02,1718,39,206,198.0,16
2026-08-02,6706,40,73,73,5
2026-08-02,6705,198,85,85,17
2026-08-02,6525,26,137,137,7
2026-08-02,6741,45,144,206,9
2026-08-02,6742,28,114,161.5,8
2026-08-02,6710,92,63,67,5
2026-08-02,2406,44,246,283,11
2026-08-02,57,26,211,211,11
2026-08-02,510,42,200,149.5,16
2026-08-02,5315,49,137,140.0,18
2026-08-02,1606,54,241,241,21
2026-08-02,434,58,285,288.5,16
2026-08-02,7100,47,168,146.5,8
2026-08-02,1573,53,142,163.5,16
2026-08-02,602,48,174,284.0,12
2026-08-02,531,61,124,186.0,10
2026-08-02,6734,60,95,95,7
2026-08-02,7091,48,56,56,17
2026-08-02,2302,69,96,98.5,22
2026-08-02,6694,113,69,72,11
2026-08-02,6152,38,182,193,11
2026-08-02,6518,138,38,43.5,14
2026-08-02,7339,33,37,24.5,12
2026-08-02,6546,707,36,42.5,12
2026-08-02,7104,37,93,148,9
2026-08-02,7105,92,42,21.5,18
2026-08-02,5350,49,106,134,15
2026-08-02,436,42,63,29.0,8
2026-08-02,5303,30,78,57.5,14
2026-08-02,7343,207,29,34.5,20
2026-08-02,6011,35,36,36,9
2026-08-02,7096,47,49,66,29
2026-08-02,2447,35,54,56.5,16
2026-08-02,2304,217,31,53.5,30
2026-08-02,7340,62,100,106,11
2026-08-02,2268,58,270,213,21
2026-08-02,6289,150,149,83,15
2026-08-02,402,54,194,139.5,8
2026-08-02,7095,113,110,54,17
2026-08-02,1873,138,134,130,29
2026-08-02,480,36,187,187,7
2026-08-02,465,54,109,170,19
2026-08-02,2400,46,141,141,13
2026-08-02,5554,71,66,110,23
2026-08-02,2399,55,92,120.0,18
2026-08-02,774,43,92,53,15
2026-08-02,6277,246,38,30,17
2026-08-02,2242,30,121,99.5,10
2026-08-02,6374,32,106,77.5,8
2026-08-02,2481,146,113,123.0,26
2026-08-02,2318,88,73,57.5,10
2026-08-02,896,62,113,117.0,18
2026-08-02,2413,60,136,144,19
2026-08-02,6433,96,117,87,11
2026-08-02,6008,42,84,95.5,18
2026-08-02,6723,37,96,113,11
2026-08-02,6722,53,63,62.5,12
2026-08-02,6711,50,74,89,7
2026-08-02,6740,96,94,94,11
2026-08-02,7346,108,61,70.5,12
2026-08-02,6237,74,55,76.5,14
2026-08-02,6402,78,68,69.5,16
2026-08-02,6718,9,89,28.5,4
2026-08-02,7344,208,29,30.5,20
2026-08-02,5832,20,94,97.5,8
2026-08-02,5841,56,146,148.0,14
2026-08-02,494,39,226,226,15
2026-08-02,5896,754,110,110,19
2026-08-02,534,41,270,295,11
2026-08-02,5440,235,231,191.5,18
2026-08-02,1466,38,275,207.5,22
2026-08-02,466,64,229,261,21
2026-08-02,5402,325,169,190.5,22
2026-08-02,1662,39,279,233.5,14
2026-08-02,498,112,333,127,17
2026-08-02,2401,43,147,147,13
2026-08-02,497,56,186,101.5,12
2026-08-02,1875,123,167,194.5,34
2026-08-02,432,75,117,93.5,20
2026-08-02,234,32,184,112.0,10
2026-08-02,2505,131,150,108,21
2026-08-02,6353,255,99,92.5,18
2026-08-02,6712,60,55,68.0,10
2026-08-02,6713,57,50,57.5,8
2026-08-02,478,26,164,233,13
2026-08-02,483,22,283,350,5
2026-08-02,530,45,137,119.0,8
2026-08-02,2632,83,344,217.0,22
2026-08-02,2263,53,134,185.0,14
2026-08-02,2630,85,112,102.0,8
2026-08-02,2307,20,143,157,9
2026-08-02,475,314,92,92.5,32
2026-08-02,172,29,,133.5,12
2026-08-02,537,94,172,162,19
2026-08-02,2316,23,146,153.0,14
2026-08-02,5443,106,65,65.5,22
2026-08-02,493,58,163,218.5,28
2026-08-02,540,92,114,124.5,18
2026-08-02,6373,82,107,107,9
2026-08-02,456,71,143,163,11
2026-08-02,6490,76,95,120,7
2026-08-02,711,80,97,83.5,14
2026-08-02,203,110,47,56.0,6
2026-08-02,468,69,74,78.5,6
2026-08-02,1043,32,113,144.0,10
2026-08-02,167,96,73,83.0,20
2026-08-02,122,69,49,95.5,6
2026-08-02,470,73,47,54.0,16
2026-08-02,452,48,78,83.0,8
2026-08-02,1622,58,201,203.0,10
2026-08-02,6056,47,199,248.5,14
2026-08-02,5578,34,238,177,13
2026-08-02,201,37,129,150,9
2026-08-02,6714,58,65,69.5,14
2026-08-02,794,25,86,97.0,10
2026-08-02,7097,22,81,110,7
2026-08-02,2412,45,150,150.5,14
2026-08-02,7144,39,128,139,13
2026-08-02,553,76,209,240.0,16
2026-08-02,1665,57,293,293.5,14
2026-08-02,2309,31,365,134.0,12
2026-08-02,2315,136,293,127,11
2026-08-02,2314,39,251,235.5,16
2026-08-02,431,42,168,168,7
2026-08-02,2308,26,272,134.0,16
2026-08-02,1876,326,161,137.0,36
2026-08-02,595,69,186,128.5,24
2026-08-02,2241,142,118,125.0,34
2026-08-02,6717,173,80,87.0,14
2026-08-02,6716,64,74,62.5,10
2026-08-02,6362,64,74,86,11
2026-08-02,6360,73,54,61.5,14
2026-08-02,2285,63,119,130.5,18
2026-08-02,2305,58,108,95,15
2026-08-02,2449,33,134,144.5,12
2026-08-02,5219,55,206,154.5,16
2026-08-02,430,32,259,106.5,8
2026-08-02,2531,49,53,122.0,14
2026-08-02,6404,33,122,130,15
2026-08-02,6432,671,46,54.0,10
2026-08-02,6693,154,92,110,29
2026-08-02,5736,104,50,39,15
2026-08-02,6695,68,78,52,9
2026-08-02,6747,58,67,70.0,8
2026-08-02,2458,78,111,130.0,18
2026-08-02,6021,49,105,112.0,16
2026-08-02,6757,95,73,67.0,12
2026-08-02,467,77,145,138.0,20
2026-08-02,2152,58,131,84.5,16
2026-08-02,6476,490,83,104,11
2026-08-02,472,77,107,118.5,6
2026-08-02,269,48,145,185.0,8
2026-08-02,2461,40,122,165.0,16
2026-08-02,83,46,136,129.5,6
2026-08-02,401,187,183,141.0,28
2026-08-02,2158,32,173,158.5,12
2026-08-02,6727,77,68,71.5,20
2026-08-02,6019,71,72,72.5,22
2026-08-02,6405,103,75,80.5,18
2026-08-02,5314,53,364,215,17
2026-08-02,485,47,174,144.0,20
2026-08-02,5316,62,268,177,17
2026-08-02,6282,196,201,70.0,10
2026-08-02,1642,52,298,242.0,8
2026-08-02,2613,119,245,204.0,18
2026-08-02,509,27,229,229,13
2026-08-02,1580,62,285,205.0,18
2026-08-02,484,21,680,231,13
2026-08-02,1578,39,363,195,15
2026-08-02,481,38,,75,15
2026-08-02,5317,33,181,127,13
2026-08-02,2407,50,195,215.0,18
2026-08-02,508,44,179,194.5,10
2026-08-02,267,32,195,202.5,10
2026-08-02,1579,55,244,268,17
2026-08-02,1663,58,268,274.5,16
2026-08-02,486,3,,84,3
2026-08-02,6343,334,75,75,13
2026-08-02,2431,60,267,267,17
2026-08-02,2411,59,261,292.0,14
2026-08-02,5552,248,61,45.0,10
2026-08-02,1572,79,177,173,25
2026-08-02,6458,1041,121,121,9
2026-08-02,404,90,222,113,13
2026-08-02,5472,83,42,65.5,30
2026-08-02,6745,100,46,34.5,10
2026-08-02,2472,79,155,106.0,14
2026-08-02,6197,99,76,64,21
2026-08-02,1518,36,142,109,17
2026-08-02,2457,66,166,183,31
2026-08-02,2462,32,160,166.5,12
2026-08-02,2151,18,214,214,11
2026-08-02,2317,39,107,113.5,10
2026-08-02,1189,88,145,162,25
2026-08-02,2631,83,93,96.0,18
2026-08-02,2154,81,111,114,19
2026-08-02,552,136,69,91.0,16
2026-08-02,6752,95,70,83,13
2026-08-02,462,47,141,144.0,12
2026-08-02,5827,14,,90,3
2026-08-02,5807,54,73,85,13
2026-08-02,5818,28,53,43.0,10
2026-08-02,5822,26,75,81.0,12
2026-08-02,6724,169,68,73.5,26
2026-08-02,5828,18,,73,1
2026-08-02,5826,30,,77,3
2026-08-02,5809,63,101,133.0,10
2026-08-02,5817,19,75,60.0,6
2026-08-02,2310,280,41,35.5,14
2026-08-02,6748,80,41,42.0,6
2026-08-02,463,54,94,99,17
2026-08-02,461,36,76,97.5,10
2026-08-02,183,20,88,66.5,6
2026-08-02,7099,148,74,60.5,10
2026-08-02,7098,135,62,62,3
2026-08-02,2156,28,277,259.0,12
2026-08-02,2159,33,175,209.5,18
2026-08-02,2453,31,132,132,19
2026-08-02,454,39,111,125.5,4
2026-08-02,841,39,146,150.0,8
2026-08-02,756,62,114,116.5,12
2026-08-02,2312,55,91,156.5,10
2026-08-02,6728,63,74,74,13
2026-08-02,729,65,86,86,9
2026-08-02,6743,98,69,34,7
2026-08-02,2142,36,203,138,13
2026-08-02,2409,19,176,176,5
2026-08-02,2139,19,255,290,13
2026-08-02,2157,12,,230,5
2026-08-02,2454,14,124,156,9
2026-08-02,7108,34,96,93.0,10
2026-08-02,7103,28,36,38,7
2026-08-02,6731,73,34,39,7
2026-08-02,6733,43,67,40,13
2026-08-02,6358,23,113,148,11
2026-08-02,6359,135,65,112,13
2026-08-02,7047,11,37,28.5,2
2026-08-02,6732,30,,28,3
2026-08-02,6426,75,89,100,13
2026-08-02,6509,576,44,50,13
2026-08-02,1577,67,157,175.0,16
2026-08-02,460,13,166,140.5,6
2026-08-02,459,47,116,104.5,18
2026-08-02,482,96,118,168,9
2026-08-02,6361,72,162,192,17
2026-08-02,119,32,240,242.5,6
2026-08-02,7345,52,50,50,15
2026-08-02,6739,139,64,64,15
2026-08-02,6482,535,66,71.5,10
2026-08-02,6751,194,115,119.0,16
2026-08-02,6744,79,77,81.0,16
2026-08-02,2543,80,123,148.0,20
2026-08-02,6212,55,58,77,11
2026-08-02,2311,96,75,61.0,12
2026-08-02,6419,308,71,72,11
2026-08-02,6485,116,70,89,21
2026-08-02,6357,1,,261,1
2026-08-02,864,70,151,182,7
2026-08-02,5444,29,249,272.0,12
2026-08-02,1670,33,106,119.0,12
2026-08-02,6379,44,110,142,15
2026-08-02,6045,85,237,82.5,14
2026-08-02,2319,41,227,177,15
2026-08-02,2320,101,166,166,27
2026-08-02,429,46,250,326,17
2026-08-02,2414,28,295,214.0,6
2026-08-02,2415,49,208,292.0,12
2026-08-02,2065,47,220,220,15
2026-08-02,709,26,107,107,7
2026-08-02,41,38,98,98.5,12
2026-08-02,1935,26,206,116,9
2026-08-02,2541,44,95,70,21
2026-08-02,39,39,164,196.5,8
2026-08-02,2153,29,145,145,9
2026-08-02,2313,102,132,41,15
2026-08-02,414,63,142,146.0,20
2026-08-02,6756,44,94,116.0,10
2026-08-02,6068,55,83,102,15
2026-08-02,513,15,86,89.0,6
2026-08-02,1605,33,79,84,17
2026-08-02,6002,28,81,105,11
2026-08-02,7154,65,80,97.5,14
2026-08-02,601,91,50,62.0,10
2026-08-02,6005,27,45,45,5
2026-08-02,6060,86,82,86,13
2026-08-02,2226,23,78,80,11
2026-08-02,1528,44,61,75.0,10
2026-08-02,2326,21,60,92.5,12
2026-08-02,792,23,87,103.0,6
2026-08-02,608,28,62,65,13
2026-08-02,659,54,81,94.5,12
2026-08-02,1720,55,45,51.5,14
2026-08-02,2024,30,106,100,17
2026-08-02,1942,14,94,141.5,12
2026-08-02,344,21,101,105,15
2026-08-02,5576,22,70,73,9
2026-08-02,7348,34,54,33.0,8
2026-08-02,721,15,147,151.0,10
2026-08-02,2290,54,122,140.0,22
2026-08-02,593,20,149,143.0,8
2026-08-02,6443,506,98,98,13
2026-08-02,611,32,155,161,9
2026-08-02,1602,14,157,119.0,10
2026-08-02,1609,78,77,100.5,24
2026-08-02,578,17,132,95.5,6
2026-08-02,1962,18,130,163.0,12
2026-08-02,348,431,86,62,23
2026-08-02,5326,61,51,63.0,18
2026-08-02,6004,61,78,87,15
2026-08-02,569,44,46,48,11
2026-08-02,6232,13,86,136.0,6
2026-08-02,5435,45,59,114.5,16
2026-08-02,567,28,71,88.5,12
2026-08-02,5624,82,62,62,9
2026-08-02,6223,118,52,70,19
2026-08-02,5325,38,67,83,11
2026-08-02,6233,50,64,64,5
2026-08-02,7263,26,46,55.0,14
2026-08-02,1527,25,59,59,15
2026-08-02,600,17,73,83,3
2026-08-02,6767,49,50,54.0,6
2026-08-02,642,36,55,106.0,10
2026-08-02,671,25,82,87.0,6
2026-08-02,7056,16,77,77.5,6
2026-08-02,609,27,58,61.0,8
2026-08-02,594,11,98,122,5
2026-08-02,5587,31,112,130.5,18
2026-08-02,6758,88,73,74.0,10
2026-08-02,2327,36,105,127,17
2026-08-02,6285,56,94,102,19
2026-08-02,6776,127,102,120,17
2026-08-02,6779,112,74,82.5,14
2026-08-02,2572,84,84,108.0,18
2026-08-02,7048,36,58,41.5,4
2026-08-02,6778,18,,110.0,4
2026-08-02,2328,40,83,124.0,12
2026-08-02,6780,30,91,105.0,8
2026-08-02,1961,28,150,161,13
2026-08-02,7146,18,68,81.5,6
2026-08-02,1726,72,59,46.5,4
2026-08-02,6331,183,72,80.5,16
2026-08-02,2421,29,142,61.0,8
2026-08-02,643,28,80,84,11
2026-08-02,7656,118,78,65.5,12
2026-08-02,624,34,89,93,15
2026-08-02,5575,116,58,42,19
2026-08-02,6312,320,57,60,9
2026-08-02,7264,90,57,62.0,14
2026-08-02,1616,25,64,77,11
2026-08-02,6003,51,39,96.0,12
2026-08-02,2281,35,70,63.5,16
2026-08-02,5468,115,24,19.5,14
2026-08-02,5722,39,75,136,11
2026-08-02,5423,17,85,85,11
2026-08-02,6526,59,95,98.5,10
2026-08-02,5588,42,76,43,15
2026-08-02,6759,98,58,71,21
2026-08-02,2184,13,76,76,9
2026-08-02,5263,47,56,56.0,14
2026-08-02,1620,25,47,81.0,12
2026-08-02,2420,33,83,99,9
2026-08-02,7347,16,70,70,7
2026-08-02,1728,42,70,67.0,12
2026-08-02,568,41,84,70,13
2026-08-02,2418,34,96,98,15
2026-08-02,583,96,75,94,17
2026-08-02,581,24,131,109.0,8
2026-08-02,2183,48,113,214,15
2026-08-02,863,401,51,64.5,28
2026-08-02,548,136,46,46,9
2026-08-02,690,38,74,64,9
2026-08-02,7273,145,46,52.0,18
2026-08-02,668,70,53,53,9
2026-08-02,683,64,48,52.0,14
2026-08-02,1725,37,68,76.5,6
2026-08-02,7147,48,66,67,13
2026-08-02,6760,12,92,60,7
2026-08-02,7148,42,67,112.5,14
2026-08-02,6380,58,95,69,11
2026-08-02,6761,76,46,40.0,14
2026-08-02,7265,140,46,48.0,6
2026-08-02,7266,73,48,48,11
2026-08-02,6459,27,67,84.0,6
2026-08-02,6762,172,50,73,7
2026-08-02,6344,289,49,35.5,8
2026-08-02,1604,34,115,115,11
2026-08-02,589,43,44,45.5,10
2026-08-02,615,27,65,91.5,8
2026-08-02,6507,226,35,38,13
2026-08-02,7355,26,31,44.5,8
2026-08-02,7356,96,26,32.0,16
2026-08-02,7267,70,38,50,17
2026-08-02,6435,62,52,55.0,10
2026-08-02,1668,83,41,88,23
2026-08-02,6497,68,103,103,7
2026-08-02,289,86,74,84.5,16
2026-08-02,6325,97,62,62,7
2026-08-02,5867,98,61,56.0,8
2026-08-02,2025,29,86,88.0,16
2026-08-02,6508,168,35,42.5,6
2026-08-02,6364,47,70,65.0,10
2026-08-02,6763,24,69,82,9
2026-08-02,645,23,126,85,11
2026-08-02,6764,84,77,88.5,12
2026-08-02,665,27,73,87,9
2026-08-02,793,59,80,83.5,10
2026-08-02,322,150,66,70.0,14
2026-08-02,7268,35,,95,3
2026-08-02,2416,78,54,54,15
2026-08-02,580,28,56,105.0,12
2026-08-02,6057,154,196,237,17
2026-08-02,5330,119,134,160.0,26
2026-08-02,1729,24,89,96,13
2026-08-02,2417,37,56,57.5,12
2026-08-02,1730,30,65,56.0,12
2026-08-02,1727,20,81,88.5,10
2026-08-02,6153,245,66,91,11
2026-08-02,1721,24,88,98,11
2026-08-02,2280,49,86,55,11
2026-08-02,6001,51,107,61,13
2026-08-02,324,36,104,84.5,8
2026-08-02,7109,95,57,58.0,10
2026-08-02,603,53,52,52,7
2026-08-02,7361,38,54,50.0,14
2026-08-02,7357,67,62,46,5
2026-08-02,7359,65,42,45.5,18
2026-08-02,7360,35,67,71,7
2026-08-02,597,17,68,104,5
2026-08-02,6062,170,139,159.0,30
2026-08-02,7269,169,34,34,27
2026-08-02,6777,91,56,56,11
2026-08-02,7349,106,45,50.5,12
2026-08-02,7350,61,39,45,15
2026-08-02,6132,245,119,139,31
2026-08-02,6418,277,31,33.5,16
2026-08-02,6766,57,46,46,13
2026-08-02,7270,37,55,46,5
2026-08-02,6224,118,119,139,23
2026-08-02,6449,258,35,63,7
2026-08-02,6222,53,90,24,15
2026-08-02,633,28,68,97.0,12
2026-08-02,6427,61,78,103,5
2026-08-02,7271,135,59,60.5,14
2026-08-02,5868,27,53,71.5,8
2026-08-02,5866,50,59,98.0,8
2026-08-02,7353,241,41,49.0,16
2026-08-02,7352,39,93,107.5,10
2026-08-02,7351,47,62,70,13
2026-08-02,7272,82,68,60.5,16
2026-08-02,6774,89,64,70.0,12
2026-08-02,6773,88,74,87.0,16
2026-08-02,5748,41,95,95,9
2026-08-02,7110,100,40,50.0,20
2026-08-02,6363,35,,108.0,6
2026-08-02,7354,58,75,89.0,14
2026-08-02,586,17,71,84,9
2026-08-02,804,64,69,26,13
2026-08-02,5570,60,47,53.0,6
2026-08-02,7149,101,90,90,13
2026-08-02,7150,43,81,86.0,8
2026-08-02,551,19,74,103.0,6
2026-08-02,6365,72,56,33.5,12
2026-08-02,288,83,46,73,13
2026-08-02,682,46,56,22.0,10
2026-08-02,554,105,47,68,9
2026-08-02,6352,293,68,72,13
2026-08-02,298,105,80,80,15
2026-08-02,1722,42,60,83,7
2026-08-02,1724,40,67,93.5,12
2026-08-02,6765,28,53,27.5,4
2026-08-02,2510,19,150,155.0,16
2026-08-02,596,24,81,194,15
2026-08-02,6770,104,58,64.5,8
2026-08-02,6768,65,41,42.5,14
2026-08-02,6769,70,47,47,9
2026-08-02,7153,47,49,50,15
2026-08-02,7152,112,77,89,15
2026-08-02,7151,28,58,103.5,14
2026-08-02,7362,20,95,86.5,12
2026-08-02,7363,38,66,96,9
2026-08-02,612,32,55,87.0,10
2026-08-02,598,29,70,58.5,10
2026-08-02,755,12,82,81.0,6
2026-08-02,6771,166,75,75,7
2026-08-02,6772,34,,158.0,4
2026-08-02,7358,184,50,88.5,10
2026-08-02,5870,141,129,149,31
2026-08-02,599,35,53,53,9
2026-08-02,6775,137,56,56,17
2026-08-02,6781,24,102,98.0,8
2026-08-02,2419,49,116,116,13
2026-08-02,591,35,79,158,7
2026-08-02,547,22,98,98,13
2026-08-02,647,49,82,99.5,12
2026-08-02,1603,23,84,86,13
2026-08-02,6415,35,169,205.0,14
2026-08-02,2329,39,228,206,13
2026-08-02,1723,51,52,79.0,8
2026-08-02,563,39,50,50.0,6
2026-08-02,582,41,92,91.0,8
2026-08-02,577,32,59,42.5,6
2026-08-02,564,124,38,46.0,10
2026-08-02,2422,180,53,54.0,18
2026-08-02,323,68,71,69.0,12
2026-08-02,2038,38,56,45.5,14
2026-08-02,1296,14,236,435.0,10
2026-08-02,1519,50,298,288.0,16
2026-08-02,2276,46,248,315.0,18
2026-08-02,2233,58,220,223,19
2026-08-02,2275,48,246,289,19
2026-08-02,6071,52,329,240,13
2026-08-02,1298,17,234,345,7
2026-08-02,6367,655,201,134,9
2026-08-02,2179,58,463,322,19
2026-08-02,1669,80,368,266,15
2026-08-02,1035,35,282,263.0,16
2026-08-02,1335,36,404,301.0,16
2026-08-02,1422,47,332,251,21
2026-08-02,6263,48,489,440.0,16
2026-08-02,6264,53,430,203.0,10
2026-08-02,6782,120,90,101.0,14
2026-08-02,7031,47,85,85,3
2026-08-02,6784,11,130,172.0,6
2026-08-02,6783,29,83,77.5,6
2026-08-02,7041,8,,49,3
2026-08-02,7051,39,,37,1
2026-08-02,5788,30,126,146.5,8
2026-08-02,5550,65,,141.0,10
2026-08-02,1078,22,72,80.0,6
2026-08-02,5362,38,91,85.5,12
2026-08-02,5406,39,96,131.5,16
2026-08-02,6444,189,57,94.0,8
2026-08-02,5270,40,96,118,17
2026-08-02,5271,68,97,77,15
2026-08-02,5551,30,81,103.5,10
2026-08-02,5491,26,98,111,11
2026-08-02,5558,25,149,171.0,8
2026-08-02,6407,13,138,138,7
2026-08-02,5562,50,122,140,9
2026-08-02,5561,47,125,127,9
2026-08-02,6272,93,118,130.0,14
2026-08-02,6408,69,146,116,13
2026-08-02,6409,16,,167,7
2026-08-02,6410,55,167,178,13
2026-08-02,5557,23,116,106.0,4
2026-08-02,5560,47,113,118.0,4
2026-08-02,6274,108,111,137.0,16
2026-08-02,6411,51,96,115,9
2026-08-02,6412,116,97,99.5,12
2026-08-02,5851,86,91,94.0,14
2026-08-02,6275,55,135,152.5,14
2026-08-02,5559,51,101,131,7
2026-08-02,6322,47,95,113.5,14
2026-08-02,6273,110,102,156,13
2026-08-02,6785,17,,123.0,2
2026-08-02,6786,14,,112.5,6
2026-08-02,6787,31,103,145,7
2026-08-02,6788,23,96,101.0,8
2026-08-02,7022,27,,79,5
2026-08-02,7021,90,87,96.5,8
2026-08-02,6789,37,90,104,9
2026-08-02,1877,43,104,115.0,10
2026-08-02,1016,88,108,110,27
2026-08-02,1022,27,149,71.5,12
2026-08-02,7365,84,133,105.5,8
2026-08-02,996,53,128,100,13
2026-08-02,1590,22,169,170,11
2026-08-02,1882,26,121,211.5,8
2026-08-02,7368,136,63,65.0,12
2026-08-02,1732,45,169,184.0,12
2026-08-02,1419,24,77,118.0,6
2026-08-02,5445,64,89,77.0,20
2026-08-02,2203,22,77,85.5,14
2026-08-02,1319,22,143,155.5,14
2026-08-02,1880,47,129,252,9
2026-08-02,1327,21,122,137.0,6
2026-08-02,1228,25,109,154,13
2026-08-02,1195,42,128,54,11
2026-08-02,1310,38,160,176,9
2026-08-02,5399,44,92,106,11
2026-08-02,1194,39,88,88,9
2026-08-02,1357,24,97,71.0,10
2026-08-02,1311,39,126,142.5,10
2026-08-02,2026,30,115,117.5,14
2026-08-02,5589,45,101,128,17
2026-08-02,1334,40,102,125.0,18
2026-08-02,1009,35,77,64.5,12
2026-08-02,1091,39,91,107.5,8
2026-08-02,1080,57,52,57.0,10
2026-08-02,1064,42,99,109.0,12
2026-08-02,1451,23,173,195.5,10
2026-08-02,1210,20,118,122.0,8
2026-08-02,1350,19,145,162.5,8
2026-08-02,1329,47,109,115,13
2026-08-02,991,28,,134.0,10
2026-08-02,5805,127,109,109,21
2026-08-02,1737,18,159,156.0,10
2026-08-02,1251,28,146,184.0,14
2026-08-02,946,56,137,122,15
2026-08-02,939,19,180,161,5
2026-08-02,1185,23,86,91.5,8
2026-08-02,1166,26,105,148,7
2026-08-02,1341,24,70,48,9
2026-08-02,1349,54,77,81.5,18
2026-08-02,1355,24,167,165.5,10
2026-08-02,1879,15,131,140.0,6
2026-08-02,925,34,83,107.0,8
2026-08-02,1184,25,118,157.5,8
2026-08-02,1731,32,101,139.5,14
2026-08-02,1232,20,134,131,9
2026-08-02,1181,35,122,140,7
2026-08-02,1273,52,126,153,11
2026-08-02,1487,35,109,130,19
2026-08-02,1733,38,103,103,7
2026-08-02,5908,36,139,158.5,8
2026-08-02,1359,42,83,109,17
2026-08-02,6381,23,109,115.5,6
2026-08-02,1344,47,112,120,13
2026-08-02,5447,78,99,110,19
2026-08-02,1884,30,143,143,7
2026-08-02,1400,30,110,91.0,10
2026-08-02,1322,24,129,136,7
2026-08-02,6025,46,132,150.5,14
2026-08-02,6026,40,106,139,11
2026-08-02,901,37,116,142,11
2026-08-02,1645,36,104,170,17
2026-08-02,5907,25,138,173.0,10
2026-08-02,1943,33,87,131.0,14
2026-08-02,5905,73,62,54,11
2026-08-02,2238,15,138,147.0,4
2026-08-02,1277,21,108,116.0,12
2026-08-02,1661,11,,144.0,6
2026-08-02,916,18,151,104,9
2026-08-02,1883,42,135,146,9
2026-08-02,1259,38,234,183,7
2026-08-02,1878,24,166,182.0,8
2026-08-02,6382,27,154,154.5,8
2026-08-02,974,37,121,121.5,8
2026-08-02,983,22,123,123,9
2026-08-02,5909,28,180,169,11
2026-08-02,7364,40,111,94,7
2026-08-02,1448,82,78,100.5,12
2026-08-02,1314,26,127,136,9
2026-08-02,950,36,69,90,7
2026-08-02,941,58,90,109,33
2026-08-02,2435,54,107,105.0,24
2026-08-02,1734,14,106,131,9
2026-08-02,1110,32,115,85,19
2026-08-02,1351,25,131,194,11
2026-08-02,7369,92,86,115,13
2026-08-02,1433,40,92,129,7
2026-08-02,1098,38,133,107.5,12
2026-08-02,2204,31,110,120,13
2026-08-02,1190,19,110,184,9
2026-08-02,7158,62,97,113.5,10
2026-08-02,1111,20,132,141.5,14
2026-08-02,1881,16,159,75.0,6
2026-08-02,1108,19,173,201.0,12
2026-08-02,1268,25,237,293,11
2026-08-02,1739,19,183,188,17
2026-08-02,1217,5,332,141,3
2026-08-02,1443,13,,119.5,6
2026-08-02,1308,26,157,196,9
2026-08-02,1740,24,209,164,15
2026-08-02,1345,22,124,139.5,16
2026-08-02,1326,35,155,153.0,10
2026-08-02,1209,28,253,215.0,10
2026-08-02,1293,13,254,218.5,10
2026-08-02,1738,34,101,137,17
2026-08-02,1290,29,68,134.5,12
2026-08-02,2039,27,153,148.5,12
2026-08-02,7367,172,98,116.0,18
2026-08-02,1425,27,71,84,11
2026-08-02,1250,24,144,112,11
2026-08-02,6504,7,214,278.5,2
2026-08-02,929,28,133,134.0,14
2026-08-02,7155,39,95,99,11
2026-08-02,7157,67,79,69.0,14
2026-08-02,1741,18,133,143,7
2026-08-02,7156,89,118,83,21
2026-08-02,1297,25,159,124,13
2026-08-02,5446,44,108,135.5,18
2026-08-02,1218,53,148,148,29
2026-08-02,6027,72,218,218,11
2026-08-02,979,24,108,87.0,8
2026-08-02,834,82,115,115,9
2026-08-02,1004,24,124,150.0,8
2026-08-02,856,31,103,103.5,16
2026-08-02,978,81,95,111.5,26
2026-08-02,1086,21,88,93.5,14
2026-08-02,984,24,139,115.0,10
2026-08-02,1027,16,114,149,7
2026-08-02,6039,23,178,136.5,4
2026-08-02,1074,17,53,99,9
2026-08-02,5906,40,80,77.5,16
2026-08-02,1130,20,84,70.0,6
2026-08-02,913,37,133,177.0,16
2026-08-02,5798,68,135,92.5,20
2026-08-02,1216,24,,155,9
2026-08-02,7366,87,135,230.5,6
2026-08-02,1275,32,146,265,9
2026-08-02,1234,55,162,118,21
2026-08-02,1197,13,,118,11
2026-08-02,1735,29,153,153,17
2026-08-02,1287,20,165,165,11
2026-08-02,1316,31,142,110.5,22
2026-08-02,1223,10,,98,7
2026-08-02,5401,11,153,142,9
2026-08-02,1272,39,97,141.5,16
2026-08-02,2040,26,112,122.0,12
2026-08-02,1736,15,118,133.5,10
2026-08-02,1131,17,129,129,9
2026-08-02,1526,28,140,265,11
2026-08-02,1254,20,153,152.0,14
2026-08-02,1226,31,157,157,11
2026-08-02,1289,25,143,156.0,6
2026-08-02,1601,21,97,101.5,12
2026-08-02,1339,35,110,110,9
2026-08-02,1405,41,122,145.0,14
2026-08-02,1600,45,104,104,19
2026-08-02,1144,49,82,86.5,10
2026-08-02,1119,21,122,130.5,10
2026-08-02,6209,76,170,204,17
2026-08-02,902,49,166,166,11
2026-08-02,1501,56,134,150.5,14
2026-08-02,6028,40,100,115.0,8
2026-08-02,6790,95,53,77.0,14
2026-08-02,7274,64,60,70,9
2026-08-02,7277,61,47,54.5,10
2026-08-02,6032,30,56,79.0,14
2026-08-02,1320,18,90,95.5,10
2026-08-02,1282,16,49,75.5,4
2026-08-02,5340,17,67,67,7
2026-08-02,6031,63,82,82,11
2026-08-02,2138,14,,98,5
2026-08-02,5267,32,82,102,11
2026-08-02,2027,30,100,107.0,14
2026-08-02,7278,93,77,59.5,10
2026-08-02,1207,33,69,69,7
2026-08-02,6791,52,87,95,11
2026-08-02,7275,46,65,89,9
2026-08-02,6798,108,56,46,15
2026-08-02,2028,26,80,83,9
2026-08-02,1744,32,85,122,19
2026-08-02,5365,28,87,151.5,10
2026-08-02,5582,26,152,152,7
2026-08-02,1746,38,90,105,23
2026-08-02,6799,43,97,110.0,16
2026-08-02,5581,26,108,137.0,12
2026-08-02,6030,29,129,74,13
2026-08-02,1747,23,79,135.0,8
2026-08-02,5580,31,74,85.0,14
2026-08-02,1748,34,95,120,9
2026-08-02,5235,21,79,108,5
2026-08-02,7370,47,70,90,9
2026-08-02,7371,83,53,63.0,14
2026-08-02,2568,87,65,70.0,24
2026-08-02,1484,58,70,70,7
2026-08-02,1343,17,75,58.0,4
2026-08-02,5233,44,85,72,17
2026-08-02,6800,45,84,100.5,6
2026-08-02,1481,33,107,88.5,8
2026-08-02,1069,54,85,85,7
2026-08-02,1029,30,68,77.5,8
2026-08-02,2625,42,79,78.0,12
2026-08-02,1052,45,63,76,7
2026-08-02,2626,37,59,65.0,14
2026-08-02,5354,44,65,65,11
2026-08-02,5738,47,110,130,9
2026-08-02,6794,21,115,138.0,12
2026-08-02,5874,48,86,107.0,20
2026-08-02,5359,46,86,144,15
2026-08-02,1200,45,86,101,9
2026-08-02,1213,15,125,125,5
2026-08-02,1175,30,83,108.0,10
2026-08-02,5548,34,87,118,17
2026-08-02,1331,36,145,162,13
2026-08-02,1424,24,129,113,9
2026-08-02,5764,216,80,86,13
2026-08-02,5913,39,148,141,15
2026-08-02,1945,31,97,117,17
2026-08-02,1240,20,53,38.0,4
2026-08-02,6797,68,54,60.0,12
2026-08-02,5835,33,133,145.0,12
2026-08-02,7276,46,61,95.0,14
2026-08-02,7279,16,54,111,5
2026-08-02,6795,26,90,67.5,10
2026-08-02,1202,32,60,69.5,6
2026-08-02,6796,119,51,39.0,8
2026-08-02,5910,18,,147.5,8
2026-08-02,5915,15,109,143,7
2026-08-02,5911,47,110,110,9
2026-08-02,5912,35,125,178,13
2026-08-02,5914,21,157,158,9
2026-08-02,2581,44,49,64.0,8
2026-08-02,2643,23,53,82.5,8
2026-08-02,2583,56,49,39.0,14
2026-08-02,5286,24,65,98.0,10
2026-08-02,7388,35,98,103.5,12
2026-08-02,6035,154,94,130.0,20
2026-08-02,6036,138,92,104,27
2026-08-02,5916,52,131,131,5
2026-08-02,7280,80,46,47,9
2026-08-02,6792,37,58,90.5,8
2026-08-02,1377,50,99,114,17
2026-08-02,6793,48,52,54,9
2026-08-02,1745,39,76,128,15
2026-08-02,7372,20,,82,5
2026-08-02,7381,24,70,110.5,10
2026-08-02,7380,29,77,55,7
2026-08-02,7378,88,86,38,11
2026-08-02,960,63,95,92.0,10
2026-08-02,1442,69,112,77,13
2026-08-02,964,70,105,93,11
2026-08-02,6117,19,142,182,9
2026-08-02,7377,61,57,86.5,6
2026-08-02,7384,63,86,86,9
2026-08-02,7639,3,,34,1
2026-08-02,7640,2,,127,1
2026-08-02,7641,6,70,71.5,4
2026-08-02,7373,7,88,41.5,4
2026-08-02,7385,68,53,53.0,8
2026-08-02,965,37,102,63.0,8
2026-08-02,966,26,78,78,7
2026-08-02,6491,339,26,37.5,14
2026-08-02,5803,85,73,147,23
2026-08-02,5837,51,111,93.5,20
2026-08-02,1124,15,57,153.5,6
2026-08-02,6266,43,62,62,11
2026-08-02,7282,31,62,62,11
2026-08-02,6265,84,66,87,17
2026-08-02,7284,40,55,58.0,8
2026-08-02,7285,50,50,80.0,12
2026-08-02,6120,28,163,79,7
2026-08-02,6139,90,83,116.5,20
2026-08-02,7289,3,,50,3
2026-08-02,957,43,90,115.0,26
2026-08-02,6033,10,145,145,5
2026-08-02,6267,46,97,134.0,16
2026-08-02,938,38,139,140,13
2026-08-02,1141,29,101,114.0,16
2026-08-02,924,74,,151,11
2026-08-02,7374,11,97,97,7
2026-08-02,7281,53,80,80,9
2026-08-02,1183,24,,181,9
2026-08-02,5848,32,116,240,13
2026-08-02,1137,43,87,130,11
2026-08-02,6034,20,133,141.0,14
2026-08-02,7286,68,74,80.0,24
2026-08-02,969,16,113,118,7
2026-08-02,7375,46,,32.0,4
2026-08-02,6268,24,149,150,11
2026-08-02,7428,38,78,85,13
2026-08-02,7427,36,103,138,9
2026-08-02,1155,28,120,140.0,8
2026-08-02,987,11,169,142.0,6
2026-08-02,6053,142,71,41,15
2026-08-02,5650,23,88,88,11
2026-08-02,1050,43,109,122.5,16
2026-08-02,7376,21,,25,1
2026-08-02,1077,43,137,146,9
2026-08-02,1073,36,134,116.0,10
2026-08-02,6311,265,94,62.5,6
2026-08-02,7287,13,89,56.0,6
2026-08-02,6493,383,57,57,9
2026-08-02,5456,55,119,117.0,24
2026-08-02,7283,26,76,40,7
2026-08-02,7382,36,90,67.0,6
2026-08-02,6119,44,106,107.0,16
2026-08-02,967,42,90,90,11
2026-08-02,7379,47,72,92.0,6
2026-08-02,1143,20,229,213.5,6
2026-08-02,7386,7,,132,3
2026-08-02,7649,23,49,49,3
2026-08-02,7648,12,61,72,3
2026-08-02,1269,13,,146,5
2026-08-02,1242,19,,100.0,6
2026-08-02,5793,55,131,164,17
2026-08-02,7206,141,80,86.0,12
2026-08-02,6531,251,103,103,27
2026-08-02,1353,47,69,50,17
2026-08-02,7212,54,68,68,15
2026-08-02,7291,17,,106,5
2026-08-02,7471,111,70,109.0,16
2026-08-02,7210,22,74,126.5,10
2026-08-02,5459,47,95,129,15
2026-08-02,6278,348,70,70,29
2026-08-02,7290,14,71,78.5,6
2026-08-02,6336,82,54,66,9
2026-08-02,2582,29,85,92,9
2026-08-02,6213,21,107,120.0,10
2026-08-02,6037,57,29,46,7
2026-08-02,1053,42,45,98,7
2026-08-02,7389,324,52,57,27
2026-08-02,6487,75,65,97.0,6
2026-08-02,2635,48,57,79.5,14
2026-08-02,2584,38,81,60,9
2026-08-02,7387,61,70,83.0,8
2026-08-02,5847,35,77,77,9
2026-08-02,7390,40,118,116.0,6
2026-08-02,7395,32,132,128,9
2026-08-02,1001,57,87,87,13
2026-08-02,1379,25,147,102,15
2026-08-02,7396,222,57,38,5
2026-08-02,5493,39,176,176.0,14
2026-08-02,2239,34,117,135,19
2026-08-02,910,37,106,108.0,8
2026-08-02,2530,51,132,137.5,14
2026-08-02,940,18,78,96,9
2026-08-02,6469,47,71,93.0,18
2026-08-02,5492,40,128,128,15
2026-08-02,935,17,123,123,7
2026-08-02,1048,65,178,171,19
2026-08-02,7391,101,50,50,15
2026-08-02,7392,111,46,54,19
2026-08-02,783,82,73,70.0,8
2026-08-02,7393,50,59,60.5,10
2026-08-02,7404,29,86,86,11
2026-08-02,7394,54,80,92,13
2026-08-02,1000,102,86,71,11
2026-08-02,7409,196,49,32.0,8
2026-08-02,7405,76,65,65.5,20
2026-08-02,7407,87,50,52.5,10
2026-08-02,7398,20,96,40,11
2026-08-02,7410,89,,53,5
2026-08-02,2186,41,113,132.0,12
2026-08-02,6383,51,86,121.5,12
2026-08-02,5942,28,45,67,9
2026-08-02,7397,47,74,84,9
2026-08-02,7406,115,58,47.0,10
2026-08-02,7402,54,82,89,13
2026-08-02,7399,80,80,87,11
2026-08-02,7650,120,52,57,15
2026-08-02,7400,64,99,100.5,10
2026-08-02,7401,246,21,44.0,12
2026-08-02,7413,117,66,70.5,16
2026-08-02,7412,199,46,46,15
2026-08-02,7411,53,69,70,9
2026-08-02,7403,77,70,70,15
2026-08-02,1520,31,328,238,15
2026-08-02,2322,28,237,202.0,16
2026-08-02,2295,29,194,194,11
2026-08-02,5338,69,234,190.0,20
2026-08-02,1469,32,308,311,13
2026-08-02,2297,27,302,233,11
2026-08-02,7159,59,249,325.5,6
2026-08-02,5380,41,159,169.0,18
2026-08-02,1468,15,208,208,9
2026-08-02,1474,27,146,146,13
2026-08-02,2296,46,303,169,11
2026-08-02,1488,28,290,306.0,12
2026-08-02,848,16,,306.0,8
2026-08-02,5355,47,109,85.0,12
2026-08-02,861,6,157,89.0,4
2026-08-02,1409,27,160,190.0,12
2026-08-02,851,20,159,159,7
2026-08-02,2261,31,128,195,11
2026-08-02,7161,61,121,71.5,10
2026-08-02,970,52,108,117.0,22
2026-08-02,5337,60,170,128,13
2026-08-02,1513,20,277,284,11
2026-08-02,7160,51,,131.5,8
2026-08-02,6162,92,109,109,19
2026-08-02,7163,80,96,92,9
2026-08-02,7166,47,135,163.0,14
2026-08-02,843,26,112,123.5,10
2026-08-02,7439,37,85,92.5,10
2026-08-02,5256,32,165,67.0,12
2026-08-02,2294,38,157,153.5,12
2026-08-02,1594,49,137,134.5,20
2026-08-02,908,50,101,101,13
2026-08-02,1414,47,83,92,19
2026-08-02,7164,26,127,173.5,10
2026-08-02,5887,247,121,81,11
2026-08-02,5865,150,95,98.5,18
2026-08-02,891,35,96,118.0,14
2026-08-02,7415,114,109,125.5,12
2026-08-02,1522,27,156,196,9
2026-08-02,7162,121,138,112.0,14
2026-08-02,6342,17,142,212.0,6
2026-08-02,930,45,115,100.5,14
2026-08-02,5796,73,153,187.5,22
2026-08-02,6283,237,78,68.0,18
2026-08-02,7419,34,90,116.5,4
2026-08-02,6385,15,,134,7
2026-08-02,7165,41,91,73.5,8
2026-08-02,6501,159,35,29.5,10
2026-08-02,6330,167,77,137.5,10
2026-08-02,5257,145,47,47,25
2026-08-02,7436,55,90,102,15
2026-08-02,5255,349,55,53.0,20
2026-08-02,7440,36,83,85.5,10
2026-08-02,6801,36,147,170,11
2026-08-02,6384,33,90,98.5,12
2026-08-02,7416,68,107,109.5,12
2026-08-02,6086,57,87,92,13
2026-08-02,6074,68,144,165.5,16
2026-08-02,2298,79,93,122.0,16
2026-08-02,6439,587,56,55.5,18
2026-08-02,7226,123,92,92,9
2026-08-02,6310,27,131,134,9
2026-08-02,1067,29,,116.0,6
2026-08-02,897,9,,79,3
2026-08-02,7443,62,86,90.0,6
2026-08-02,2029,16,188,241,11
2026-08-02,1436,16,140,164,7
2026-08-02,5503,33,199,139,13
2026-08-02,5545,39,117,119.5,10
2026-08-02,1886,22,118,174.0,6
2026-08-02,1465,162,109,39.5,20
2026-08-02,5531,65,114,115,15
2026-08-02,1437,40,140,172,13
2026-08-02,6238,192,94,94,15
2026-08-02,5544,93,114,123.5,24
2026-08-02,1365,48,76,87,13
2026-08-02,5529,97,94,67.0,16
2026-08-02,1378,51,75,104,21
2026-08-02,1387,43,85,112.5,12
2026-08-02,5741,143,93,97.0,12
2026-08-02,5514,22,101,105,13
2026-08-02,6306,247,81,94.5,22
2026-08-02,1203,39,106,108.5,6
2026-08-02,6191,70,112,131.0,16
2026-08-02,1276,53,99,100,11
2026-08-02,1173,25,100,153,9
2026-08-02,5505,49,130,117.0,12
2026-08-02,5506,97,135,161,13
2026-08-02,6386,46,170,154.0,8
2026-08-02,5750,54,122,95.0,20
2026-08-02,1271,29,104,118.5,6
2026-08-02,1388,31,174,144.0,10
2026-08-02,5538,16,146,146,9
2026-08-02,5543,51,148,179.5,14
2026-08-02,5532,26,143,143,9
2026-08-02,6230,165,110,50,11
2026-08-02,1515,21,98,106.5,12
2026-08-02,5507,27,171,171,11
2026-08-02,5795,35,280,182,11
2026-08-02,1753,8,,126,7
2026-08-02,1375,54,167,174,23
2026-08-02,5526,27,170,175.0,10
2026-08-02,2471,55,145,212.5,10
2026-08-02,2256,21,135,155.0,8
2026-08-02,1360,33,125,119.0,16
2026-08-02,1885,24,154,153.0,8
2026-08-02,1309,13,,300,9
2026-08-02,1397,59,148,137.0,20
2026-08-02,5534,37,188,169,11
2026-08-02,5537,55,166,174,21
2026-08-02,1823,48,256,175.0,24
2026-08-02,1438,35,103,105,11
2026-08-02,5508,54,135,150,15
2026-08-02,5525,33,157,151.5,12
2026-08-02,1352,78,143,164.0,22
2026-08-02,5511,141,142,116.0,22
2026-08-02,1431,39,125,125.0,14
2026-08-02,1356,33,189,189,13
2026-08-02,5510,27,193,203,11
2026-08-02,1361,26,136,144,7
2026-08-02,1471,72,,45.5,8
2026-08-02,1750,44,173,154.5,12
2026-08-02,1421,26,192,210.5,8
2026-08-02,1346,35,176,78.5,12
2026-08-02,1307,56,133,139.5,26
2026-08-02,1418,27,106,121.5,6
2026-08-02,6337,109,136,92.5,14
2026-08-02,1754,13,241,143,5
2026-08-02,1338,37,221,246.0,16
2026-08-02,5539,51,140,140,19
2026-08-02,5515,125,140,147,23
2026-08-02,5516,25,168,168,9
2026-08-02,1211,14,116,116,7
2026-08-02,5519,30,140,175.5,16
2026-08-02,5518,23,112,95.0,12
2026-08-02,1362,42,141,141,7
2026-08-02,5524,59,155,121.5,16
2026-08-02,1363,69,113,125.0,16
2026-08-02,5504,45,143,76.0,18
2026-08-02,1398,55,104,104,15
2026-08-02,5512,40,107,116.5,12
2026-08-02,6802,98,98,86,5
2026-08-02,1165,28,100,135,9
2026-08-02,5448,48,80,92.5,14
2026-08-02,1825,20,283,195.5,6
2026-08-02,1828,32,217,279,15
2026-08-02,1958,24,191,346.0,14
2026-08-02,5502,55,222,197.0,10
2026-08-02,1827,28,252,265.0,10
2026-08-02,1129,33,161,171.5,14
2026-08-02,5520,22,158,158.0,10
2026-08-02,2561,40,147,175.0,10
2026-08-02,1755,11,,136.0,6
2026-08-02,1752,46,194,165.5,10
2026-08-02,5523,46,291,185,13
2026-08-02,1751,30,167,175,11
2026-08-02,1090,31,271,148.0,12
2026-08-02,2463,48,173,209.5,30
2026-08-02,1812,6,195,195,3
2026-08-02,5522,44,147,140.5,12
2026-08-02,1065,55,172,204,19
2026-08-02,1047,41,210,240.0,14
2026-08-02,7420,34,90,90,9
2026-08-02,7423,66,79,90.0,14
2026-08-02,7421,41,54,60,15
2026-08-02,7422,33,154,233.0,10
2026-08-02,7424,33,178,192,7
2026-08-02,7425,17,177,221.0,10
2026-08-02,6803,34,76,34.5,4
2026-08-02,1041,66,88,87.5,10
2026-08-02,973,32,194,194,11
2026-08-02,5541,55,134,183,15
2026-08-02,2474,72,114,78.5,12
2026-08-02,1593,24,122,140,13
2026-08-02,5530,25,,42,5
2026-08-02,5498,104,89,30,17
2026-08-02,1366,41,86,70.5,8
2026-08-02,5527,129,117,117,21
2026-08-02,5528,39,101,160.5,8
2026-08-02,5535,42,105,113.5,16
2026-08-02,5540,46,163,146,13
2026-08-02,7179,42,110,119.0,10
2026-08-02,1767,27,143,153,9
2026-08-02,1138,45,88,92.0,14
2026-08-02,7173,61,73,161,11
2026-08-02,7188,51,75,72.5,8
2026-08-02,2134,43,126,131.0,18
2026-08-02,1402,89,126,79,15
2026-08-02,7174,42,59,65,9
2026-08-02,7181,95,80,99.0,16
2026-08-02,1763,50,124,143.0,10
2026-08-02,1760,20,254,265.0,8
2026-08-02,5917,113,86,122.5,16
2026-08-02,2579,109,127,84,19
2026-08-02,6333,106,93,93,19
2026-08-02,6221,217,90,90,23
2026-08-02,1946,27,73,86.5,12
2026-08-02,1761,30,124,124,13
2026-08-02,1758,24,98,103,9
2026-08-02,6208,16,88,92,7
2026-08-02,2133,59,173,159,13
2026-08-02,1771,17,,97.0,6
2026-08-02,5649,28,68,86.5,8
2026-08-02,7167,54,98,108,17
2026-08-02,5451,35,108,113.0,14
2026-08-02,7182,94,97,84,9
2026-08-02,1770,31,67,110,17
2026-08-02,1473,50,81,63,13
2026-08-02,7187,63,124,122,17
2026-08-02,1766,34,103,74,7
2026-08-02,5919,30,104,113.5,14
2026-08-02,5923,55,59,69.0,20
2026-08-02,5638,31,49,56,5
2026-08-02,1772,18,89,91,11
2026-08-02,5924,128,111,104.5,14
2026-08-02,1408,32,91,96.0,10
2026-08-02,7180,126,104,104,15
2026-08-02,7168,85,79,89,17
2026-08-02,1336,30,80,80,7
2026-08-02,1411,34,108,109.5,12
2026-08-02,1765,125,95,105,23
2026-08-02,7190,111,85,85,15
2026-08-02,7184,120,97,98.5,14
2026-08-02,6500,69,142,167,15
2026-08-02,7175,115,100,128,19
2026-08-02,1283,47,81,134.0,14
2026-08-02,1313,51,68,66.0,12
2026-08-02,5849,25,107,127,7
2026-08-02,7169,75,112,166.0,12
2026-08-02,2041,41,97,140.5,12
2026-08-02,7171,84,108,147.5,6
2026-08-02,1914,40,65,94.0,14
2026-08-02,5427,25,107,100.5,8
2026-08-02,5450,46,93,99,11
2026-08-02,7170,56,116,143.5,10
2026-08-02,7172,42,76,66.5,10
2026-08-02,1762,36,83,95,11
2026-08-02,1332,45,98,72,15
2026-08-02,5449,39,112,98.5,16
2026-08-02,1890,34,95,123,11
2026-08-02,7191,39,93,94.0,14
2026-08-02,5920,37,73,101,13
2026-08-02,5619,32,133,89,11
2026-08-02,7177,62,96,96,5
2026-08-02,1394,19,95,122,7
2026-08-02,1364,33,147,168,13
2026-08-02,1187,33,139,139,9
2026-08-02,1888,43,185,159.5,14
2026-08-02,7185,161,90,88.0,14
2026-08-02,6451,185,123,142.0,6
2026-08-02,7178,118,88,163.0,14
2026-08-02,6096,190,114,92.0,18
2026-08-02,5918,20,142,81,9
2026-08-02,2135,41,92,109,19
2026-08-02,7176,82,114,115,19
2026-08-02,2136,22,121,121,15
2026-08-02,1389,49,121,130,19
2026-08-02,2132,26,130,132.0,10
2026-08-02,5305,35,93,106.5,10
2026-08-02,1406,99,92,93.0,24
2026-08-02,7183,72,64,57.0,6
2026-08-02,1764,34,95,98,11
2026-08-02,6513,440,63,67.0,18
2026-08-02,5922,58,86,104,23
2026-08-02,5921,31,97,97,15
2026-08-02,6387,44,110,126,13
2026-08-02,1768,54,53,88.0,24
2026-08-02,1887,25,107,160,13
2026-08-02,1889,45,68,68,15
2026-08-02,1773,57,92,132,9
2026-08-02,1472,204,68,81.5,22
2026-08-02,5452,39,89,85.5,12
2026-08-02,7189,89,68,68,11
2026-08-02,7186,42,89,89,9
2026-08-02,6547,58,82,82.5,12
2026-08-02,1916,27,121,149.0,12
2026-08-02,1328,43,105,118,13
2026-08-02,1533,19,112,120.5,10
2026-08-02,1538,141,110,125.0,22
2026-08-02,2618,16,88,130.5,12
2026-08-02,7192,19,83,122.5,6
2026-08-02,1227,14,95,67,7
2026-08-02,7194,80,91,81.0,8
2026-08-02,1918,25,117,130,13
2026-08-02,5242,59,89,97.0,16
2026-08-02,1534,282,89,185.0,22
2026-08-02,6804,47,88,135.5,6
2026-08-02,1426,35,83,66,13
2026-08-02,7193,39,,45,3
2026-08-02,1539,88,89,121.0,22
2026-08-02,1920,56,100,75,19
2026-08-02,2499,45,101,121.5,12
2026-08-02,5343,91,118,118,15
2026-08-02,5925,49,104,152.5,22
2026-08-02,1547,32,139,145,9
2026-08-02,1212,40,81,88.0,12
2026-08-02,5243,98,104,118.5,16
2026-08-02,1931,28,83,101.5,14
2026-08-02,1923,24,151,243,13
2026-08-02,5245,31,121,153,19
2026-08-02,1536,118,90,79.0,28
2026-08-02,1921,43,100,120.5,16
2026-08-02,1917,38,105,105,15
2026-08-02,1535,29,126,177.0,12
2026-08-02,5244,24,136,123,13
2026-08-02,1553,95,104,145,17
2026-08-02,1926,20,98,101,11
2026-08-02,1555,20,116,178,9
2026-08-02,1531,42,103,125.5,16
2026-08-02,1919,30,169,170,13
2026-08-02,1922,46,111,161,19
2026-08-02,1932,18,158,110,9
2026-08-02,1924,24,163,166.5,12
2026-08-02,6806,26,106,143,13
2026-08-02,1927,13,129,129,9
2026-08-02,5727,116,130,134.0,28
2026-08-02,5453,43,108,83,13
2026-08-02,2495,61,110,88.0,14
2026-08-02,7197,113,106,106,11
2026-08-02,1930,21,153,165.0,12
2026-08-02,1929,34,110,69,13
2026-08-02,1928,12,105,124,7
2026-08-02,5873,83,165,165,17
2026-08-02,5648,39,126,110,17
2026-08-02,1420,15,112,105.0,12
2026-08-02,2494,34,98,80.0,22
2026-08-02,5241,19,103,79.0,12
2026-08-02,2504,489,93,78.0,38
2026-08-02,5327,29,91,126,11
2026-08-02,5614,27,107,124,13
2026-08-02,1544,23,,108.5,6
2026-08-02,1358,23,102,116.0,12
2026-08-02,7198,27,,97.5,4
2026-08-02,5454,39,135,159.5,14
2026-08-02,1543,141,83,195,19
2026-08-02,1925,57,125,116.0,26
2026-08-02,5246,4,,109,3
2026-08-02,6805,18,101,179.0,4
2026-08-02,1552,43,110,116,11
2026-08-02,1933,41,174,163,17
2026-08-02,1541,23,111,143,7
2026-08-02,5647,38,102,115,19
2026-08-02,5405,127,99,105.5,20
2026-08-02,7199,29,,163,5
2026-08-02,5927,68,76,73.0,10
2026-08-02,5403,28,107,89,7
2026-08-02,1545,37,93,149,13
2026-08-02,5926,42,214,242.5,16
2026-08-02,1537,33,142,165.0,14
2026-08-02,1542,26,109,133,17
2026-08-02,7195,129,82,93.0,16
2026-08-02,7196,39,114,96,13
2026-08-02,6323,115,79,79,11
2026-08-02,1915,18,44,83.0,8
2026-08-02,1548,20,,83.0,8
2026-08-02,5339,41,113,93.0,12
2026-08-02,1036,160,135,149.0,26
2026-08-02,1085,30,115,106.0,8
2026-08-02,1071,10,114,165.0,6
2026-08-02,5455,37,119,119,15
2026-08-02,1012,10,113,94.5,6
2026-08-02,1099,34,147,147,17
2026-08-02,1087,45,134,95,19
2026-08-02,1088,21,135,135,9
2026-08-02,907,27,116,179,15
2026-08-02,1060,39,88,95.0,10
2026-08-02,6270,112,90,114.0,16
2026-08-02,1106,20,91,91,7
2026-08-02,1460,34,87,128,9
2026-08-02,853,17,97,116,9
2026-08-02,1132,19,98,120.0,8
2026-08-02,997,36,83,98,7
2026-08-02,7288,3,,282,1
2026-08-02,6094,58,117,80,15
2026-08-02,1142,56,91,100.0,12
2026-08-02,5651,45,85,102,15
2026-08-02,5473,14,102,121.0,6
2026-08-02,1140,270,71,71,23
2026-08-02,1161,67,87,89.0,8
2026-08-02,6269,49,133,133,7
2026-08-02,906,30,99,109,13
2026-08-02,6038,14,99,118.0,10
2026-08-02,1133,21,109,126.5,8
2026-08-02,818,13,117,117,7
2026-08-02,829,67,108,58,11
2026-08-02,918,15,142,103,7
2026-08-02,6465,26,102,80,11
2026-08-02,1007,13,102,73.5,8
2026-08-02,5635,29,98,106.0,10
2026-08-02,7426,50,101,123.0,6
2026-08-02,6239,103,86,98,17
2026-08-02,888,55,88,88,13
2026-08-02,1083,20,93,96.0,8
2026-08-02,5457,14,147,173.0,10
2026-08-02,1037,6,131,131,5
2026-08-02,1038,22,92,105.0,10
2026-08-02,7200,111,41,45.5,10
2026-08-02,2126,21,71,119.5,10
2026-08-02,5945,40,81,80.0,12
2026-08-02,5944,27,,96.0,6
2026-08-02,5952,32,48,56,5
2026-08-02,5946,87,65,93.5,22
2026-08-02,2128,43,,29,7
2026-08-02,5943,423,42,47.0,34
2026-08-02,6040,61,39,39.5,14
2026-08-02,5953,80,30,55.0,10
2026-08-02,2131,5,119,134.5,4
2026-08-02,5949,74,25,54,13
2026-08-02,5363,33,83,135,9
2026-08-02,2466,30,85,146.5,14
2026-08-02,1788,49,124,136.5,16
2026-08-02,5718,34,127,104.5,18
2026-08-02,6807,63,81,114.0,16
2026-08-02,6821,19,86,100,7
2026-08-02,1790,28,117,133.5,6
2026-08-02,2653,33,114,114,11
2026-08-02,2621,12,106,116.5,6
2026-08-02,6826,32,99,100,7
2026-08-02,2637,189,95,108.0,20
2026-08-02,2330,15,121,123,7
2026-08-02,2331,7,140,140,3
2026-08-02,5875,55,194,194,9
2026-08-02,5897,130,105,143,19
2026-08-02,6811,28,92,92,3
2026-08-02,5714,52,114,125,15
2026-08-02,5483,32,176,176.0,10
2026-08-02,5482,44,108,120,15
2026-08-02,1015,24,114,113,11
2026-08-02,6810,48,96,120,7
2026-08-02,6823,24,95,128.5,4
2026-08-02,5706,32,110,150,11
2026-08-02,2334,12,110,93.0,6
2026-08-02,1796,74,101,149.0,14
2026-08-02,1168,15,113,123.5,4
2026-08-02,1024,30,62,80,9
2026-08-02,2092,31,76,117.0,10
2026-08-02,2441,40,,89.0,8
2026-08-02,2072,40,106,106.5,20
2026-08-02,2120,18,109,142,9
2026-08-02,1164,69,68,81.5,10
2026-08-02,2333,22,91,91,15
2026-08-02,5800,32,94,98,11
2026-08-02,2091,67,49,86,11
2026-08-02,2506,60,56,65,11
2026-08-02,2337,52,62,86.5,18
2026-08-02,2083,44,117,108.0,8
2026-08-02,1789,26,133,133,7
2026-08-02,1794,19,116,117,7
2026-08-02,2475,55,122,122,19
2026-08-02,1795,34,101,134.5,10
2026-08-02,1023,29,76,171,7
2026-08-02,6368,248,49,48.0,10
2026-08-02,993,32,111,88.5,8
2026-08-02,2122,67,110,116.0,20
2026-08-02,6825,80,80,137,15
2026-08-02,900,53,65,83,7
2026-08-02,2107,37,59,62.5,8
2026-08-02,921,22,102,91.0,10
2026-08-02,2564,144,84,112,19
2026-08-02,5347,31,91,130.5,12
2026-08-02,5633,56,138,197.5,14
2026-08-02,2076,35,94,94,9
2026-08-02,2423,30,117,143,11
2026-08-02,2440,48,97,98.0,18
2026-08-02,5224,78,128,106.5,12
2026-08-02,981,21,78,126.5,6
2026-08-02,5716,51,102,142,13
2026-08-02,6812,37,82,65.0,4
2026-08-02,5484,36,101,120.5,12
2026-08-02,990,12,101,101,3
2026-08-02,6495,522,65,73.5,8
2026-08-02,6210,33,114,117.0,14
2026-08-02,6809,45,91,111,11
2026-08-02,6815,57,83,88,13
2026-08-02,6584,45,77,80,19
2026-08-02,6816,268,50,52.5,12
2026-08-02,6583,35,70,78.5,6
2026-08-02,6196,115,72,87,15
2026-08-02,6818,62,59,59,9
2026-08-02,6814,43,65,73,9
2026-08-02,6813,44,63,88,19
2026-08-02,6817,68,55,55,15
2026-08-02,6225,52,148,103.5,8
2026-08-02,6204,46,114,150.5,12
2026-08-02,5747,19,159,135,11
2026-08-02,6211,138,70,96,11
2026-08-02,2074,39,74,98,19
2026-08-02,1044,26,50,68,7
2026-08-02,6154,215,57,43.5,14
2026-08-02,6822,49,61,112.0,16
2026-08-02,2335,62,125,125,21
2026-08-02,2566,99,95,95.0,18
2026-08-02,5348,30,85,90,15
2026-08-02,2112,61,50,77,9
2026-08-02,6214,22,141,141.5,12
2026-08-02,2087,27,147,147,15
2026-08-02,1264,29,73,89.5,12
2026-08-02,2077,34,97,114.0,10
2026-08-02,1192,23,98,80.5,4
2026-08-02,944,55,93,99,11
2026-08-02,2116,45,117,126,13
2026-08-02,932,16,79,87,9
2026-08-02,1792,53,62,80.5,12
2026-08-02,5890,59,78,132.5,12
2026-08-02,2085,21,61,70.0,10
2026-08-02,6369,54,72,108,13
2026-08-02,2093,32,94,116.5,8
2026-08-02,2332,36,151,103.0,20
2026-08-02,6819,45,66,96.0,22
2026-08-02,2106,105,71,98,23
2026-08-02,5602,27,91,141.0,10
2026-08-02,2336,28,89,123.5,12
2026-08-02,6820,32,68,124,15
2026-08-02,892,30,102,102,19
2026-08-02,2078,88,62,96.0,16
2026-08-02,6808,169,46,50.0,20
2026-08-02,2073,43,74,138.0,16
2026-08-02,2442,49,76,76,17
2026-08-02,5751,37,96,108.0,8
2026-08-02,2101,68,80,96,11
2026-08-02,2089,41,101,110,13
2026-08-02,2113,48,107,117.0,18
2026-08-02,5335,19,85,105,9
2026-08-02,2090,40,71,73,7
2026-08-02,1163,30,71,103.0,10
2026-08-02,2100,63,61,84,9
2026-08-02,5715,40,155,155,15
2026-08-02,2079,172,56,78.5,10
2026-08-02,2439,81,55,58,9
2026-08-02,2103,432,59,84.5,16
2026-08-02,1196,63,128,128,19
2026-08-02,2104,131,69,128,17
2026-08-02,2443,95,33,49,19
2026-08-02,1020,65,60,61,11
2026-08-02,1014,39,59,69.0,6
2026-08-02,6006,26,117,166,17
2026-08-02,1621,11,85,94.0,8
2026-08-02,1206,23,,87.5,10
2026-08-02,1791,61,91,131,9
2026-08-02,1008,46,122,127,11
2026-08-02,2099,41,54,54,7
2026-08-02,5878,161,46,65.0,22
2026-08-02,5880,88,74,79.0,14
2026-08-02,5879,47,107,122,15
2026-08-02,6455,454,62,58.5,10
2026-08-02,5882,28,104,149.0,8
2026-08-02,2088,11,68,96.5,6
2026-08-02,1025,37,49,52.0,6
2026-08-02,5838,80,98,120,15
2026-08-02,1787,28,95,174,7
2026-08-02,936,33,122,122,7
2026-08-02,2030,40,144,185,13
2026-08-02,2105,49,69,88.0,14
2026-08-02,2565,16,96,159.5,6
2026-08-02,5601,35,79,116.0,12
2026-08-02,2084,15,77,112.5,10
2026-08-02,6828,25,122,122,7
2026-08-02,6832,11,,102.5,4
2026-08-02,6831,81,77,80.0,14
2026-08-02,6827,93,95,89.5,16
2026-08-02,6830,58,86,94.5,14
2026-08-02,6834,94,76,71,13
2026-08-02,6833,114,61,78,17
2026-08-02,6829,134,65,70.0,14
2026-08-02,7432,13,121,121,5
2026-08-02,7430,12,85,85,7
2026-08-02,7431,15,120,95.0,6
2026-08-02,7429,29,85,135,9
2026-08-02,5223,31,116,97,13
2026-08-02,5499,40,77,80,17
2026-08-02,7433,64,86,88.0,18
2026-08-02,7442,89,65,83.5,24
2026-08-02,899,65,70,83.0,12
2026-08-02,7437,58,91,100.5,10
2026-08-02,7441,45,123,111.5,10
2026-08-02,7434,40,51,40.0,8
2026-08-02,7444,68,70,70,21
2026-08-02,7438,103,80,80,17
2026-08-02,7435,98,74,104,11
2026-08-02,7445,27,114,114,11
2026-08-02,7642,53,99,89.5,8
2026-08-02,7643,12,72,61.5,4
2026-08-02,7446,28,,73.0,6
2026-08-02,7040,38,102,122.0,6
2026-08-02,6835,16,203,203,7
2026-08-02,5935,35,120,218.0,14
2026-08-02,6305,66,142,161.0,20
2026-08-02,1597,24,179,185.5,8
2026-08-02,1205,35,105,56,9
2026-08-02,6388,62,87,38.5,8
2026-08-02,6389,41,60,77.5,8
2026-08-02,1324,28,131,137.5,8
2026-08-02,1947,32,182,93.5,16
2026-08-02,1598,77,111,155,17
2026-08-02,7120,119,61,84,15
2026-08-02,1599,28,85,86.5,14
2026-08-02,6309,996,54,71.5,20
2026-08-02,1304,62,124,68.0,18
2026-08-02,1058,35,156,165,15
2026-08-02,1057,23,96,96,11
2026-08-02,5804,53,146,146,15
2026-08-02,1529,28,138,138,11
2026-08-02,1018,32,140,105.5,10
2026-08-02,1059,22,142,153.5,6
2026-08-02,7112,63,90,90.5,10
2026-08-02,5770,89,178,178,23
2026-08-02,1076,70,79,61.5,20
2026-08-02,5321,38,47,52.5,16
2026-08-02,6462,596,45,44.5,14
2026-08-02,1778,25,101,94,15
2026-08-02,6391,27,150,165,11
2026-08-02,1776,28,94,129.0,18
2026-08-02,6229,48,126,144,17
2026-08-02,1093,28,86,84.0,8
2026-08-02,1095,45,66,80.0,8
2026-08-02,1114,29,70,87,7
2026-08-02,1096,33,126,126,5
2026-08-02,7111,102,86,119,19
2026-08-02,7119,100,86,54,7
2026-08-02,7118,85,82,94,19
2026-08-02,1104,35,124,124,7
2026-08-02,7201,133,126,106.0,12
2026-08-02,2467,54,176,198,19
2026-08-02,1779,47,143,143,17
2026-08-02,5850,82,116,121,13
2026-08-02,6329,319,204,201.0,24
2026-08-02,1011,25,135,93,9
2026-08-02,1595,47,303,290.5,18
2026-08-02,2600,226,259,170.0,22
2026-08-02,6425,175,183,136.5,10
2026-08-02,7115,188,56,44.0,12
2026-08-02,1033,44,89,89,15
2026-08-02,5934,16,,115.0,4
2026-08-02,7447,83,90,91.5,10
2026-08-02,7203,28,116,116,9
2026-08-02,7116,116,114,118,17
2026-08-02,7204,41,78,87.0,8
2026-08-02,1243,40,167,167,13
2026-08-02,1237,57,138,170.0,12
2026-08-02,6537,539,74,96.0,18
2026-08-02,7114,60,105,105.0,12
2026-08-02,7113,85,97,121,19
2026-08-02,1171,3,,40,1
2026-08-02,2274,26,92,119,15
2026-08-02,904,54,72,99,15
2026-08-02,1219,30,141,136.0,6
2026-08-02,1102,41,86,87.0,10
2026-08-02,889,91,115,115,11
2026-08-02,898,73,87,24,15
2026-08-02,5846,97,82,118.5,16
2026-08-02,1079,17,138,120.0,10
2026-08-02,1115,32,104,98.5,10
2026-08-02,1089,43,86,101.0,12
2026-08-02,1112,21,93,77,7
2026-08-02,1097,46,86,86,7
2026-08-02,1123,46,97,66.0,22
2026-08-02,7202,73,91,43,15
2026-08-02,1774,35,104,173.5,18
2026-08-02,1257,26,112,135,13
2026-08-02,1775,25,116,132.5,14
2026-08-02,6544,642,181,127.0,16
2026-08-02,1637,25,166,191,13
2026-08-02,1383,72,165,73.0,14
2026-08-02,1222,17,179,179,11
2026-08-02,6061,60,129,137,13
2026-08-02,1002,37,121,153.5,12
2026-08-02,1199,93,105,105,13
2026-08-02,1777,32,118,152,21
2026-08-02,992,52,77,83,13
2026-08-02,6280,119,58,51.0,14
2026-08-02,1017,24,109,123,13
2026-08-02,7448,132,79,97.5,12
2026-08-02,999,21,110,110,7
2026-08-02,2262,32,143,143,17
2026-08-02,1030,36,151,163.5,12
2026-08-02,1204,34,116,81,11
2026-08-02,1666,31,161,187,15
2026-08-02,5936,62,107,119,17
2026-08-02,989,42,79,144.5,10
2026-08-02,6390,29,106,114.5,10
2026-08-02,5933,87,76,106.5,20
2026-08-02,1005,38,194,230,15
2026-08-02,6203,259,85,72.0,42
2026-08-02,6195,83,129,102,11
2026-08-02,6129,136,181,98.5,16
2026-08-02,2279,375,260,237.5,28
2026-08-02,2252,126,310,254.0,32
2026-08-02,1530,58,246,260,15
2026-08-02,1782,266,221,209.0,24
2026-08-02,1266,107,290,316.5,12
2026-08-02,6836,70,83,68.0,6
2026-08-02,7449,33,108,86.5,6
2026-08-02,7450,67,132,137.0,16
2026-08-02,1295,27,149,153.0,8
2026-08-02,1337,34,172,222.0,10
2026-08-02,1306,25,105,175.5,8
2026-08-02,1395,48,221,208.5,14
2026-08-02,1783,29,473,469,19
2026-08-02,1265,33,477,315.0,16
2026-08-02,1781,14,300,108,11
2026-08-02,1524,47,413,445.0,18
2026-08-02,5379,111,215,210,21
2026-08-02,1390,36,514,294,17
2026-08-02,1470,16,117,117,7
2026-08-02,1300,24,145,145,11
2026-08-02,1312,39,123,134,21
2026-08-02,5940,73,95,123,21
2026-08-02,1284,13,,166.5,4
2026-08-02,1802,33,122,94,13
2026-08-02,6171,41,184,238,11
2026-08-02,7121,72,95,109.0,20
2026-08-02,961,36,167,109,11
2026-08-02,7117,91,80,114,11
2026-08-02,7539,54,112,100,13
2026-08-02,1278,86,300,240,29
2026-08-02,1780,60,290,258.5,14
2026-08-02,1248,32,267,230.0,20
2026-08-02,1801,51,124,152.5,12
2026-08-02,5461,75,129,129,13
2026-08-02,5460,41,120,177.5,14
2026-08-02,7631,38,67,89.0,4
2026-08-02,7452,88,58,65.0,12
2026-08-02,7451,31,,79.0,6
2026-08-02,7453,93,81,97.5,12
2026-08-02,7635,80,58,58,5
2026-08-02,7454,29,86,71.0,6
2026-08-02,7636,20,,52,3
2026-08-02,7455,90,67,70.5,8
2026-08-02,6837,19,60,62,9
2026-08-02,6839,74,42,45.5,12
2026-08-02,6842,3,81,89,3
2026-08-02,6840,106,38,57,7
2026-08-02,6838,21,64,64.5,6
2026-08-02,6841,42,25,65.5,4
2026-08-02,7456,45,140,140,9
2026-08-02,6843,18,,144.5,4
2026-08-02,7122,251,94,66.0,10
2026-08-02,7123,125,105,132,5
2026-08-02,2245,49,122,133.5,10
2026-08-02,2247,17,130,150,5
2026-08-02,291,24,130,93.0,12
2026-08-02,5416,83,107,113.0,12
2026-08-02,271,10,185,198.5,6
2026-08-02,2194,33,76,76,13
2026-08-02,1479,25,101,181,11
2026-08-02,1500,34,100,112,17
2026-08-02,7458,103,60,70.5,10
2026-08-02,1495,73,72,109.0,10
2026-08-02,5553,20,143,80,11
2026-08-02,1499,75,52,56,11
2026-08-02,5458,41,102,76,21
2026-08-02,7457,75,56,32.5,10
2026-08-02,1493,37,97,99.0,6
2026-08-02,6460,722,42,52.0,16
2026-08-02,6844,37,69,111,9
2026-08-02,1506,80,64,64,17
2026-08-02,6130,79,85,84.5,12
2026-08-02,1504,43,69,57.0,10
2026-08-02,1494,30,132,132,11
2026-08-02,2193,61,56,60.5,14
2026-08-02,1483,35,86,69,9
2026-08-02,7461,64,45,50,15
2026-08-02,7460,112,61,74.5,10
2026-08-02,7459,59,58,58,5
2026-08-02,1507,88,77,77.0,14
2026-08-02,2248,19,190,202,7
2026-08-02,2246,50,119,137.0,8
2026-08-02,2251,30,118,119,9
2026-08-02,1294,13,295,295,7
2026-08-02,1305,12,140,140,5
2026-08-02,1586,19,197,247.5,8
2026-08-02,1585,18,207,234,9
2026-08-02,1584,35,139,139,9
2026-08-02,1281,10,135,169.5,4
2026-08-02,1583,33,212,235,11
2026-08-02,1592,36,147,166.0,8
2026-08-02,2616,37,119,122.0,12
2026-08-02,1333,31,228,256,13
2026-08-02,1368,34,187,262.0,14
2026-08-02,5937,56,149,171.0,18
2026-08-02,5939,51,153,162.5,16
2026-08-02,1321,45,193,140.5,16
2026-08-02,1396,32,161,168.0,8
2026-08-02,1949,62,205,218,23
2026-08-02,1785,63,168,205.5,28
2026-08-02,7205,47,178,152.5,8
2026-08-02,5579,38,158,174.0,12
2026-08-02,1208,42,128,129.5,12
2026-08-02,7470,22,130,131.0,14
2026-08-02,1521,37,161,146.5,16
2026-08-02,1214,40,137,144.0,16
2026-08-02,7243,121,136,128.0,16
2026-08-02,1292,165,156,87,21
2026-08-02,1952,34,157,154.0,18
2026-08-02,1291,39,208,185.5,14
2026-08-02,2607,64,251,251,13
2026-08-02,1525,29,251,221.0,10
2026-08-02,1369,11,,480,9
2026-08-02,5856,1167,232,111.0,34
2026-08-02,2269,40,327,277,11
2026-08-02,1386,290,251,281,29
2026-08-02,1784,52,429,237.0,18
2026-08-02,1169,64,217,221.5,8
2026-08-02,1951,64,264,264,27
2026-08-02,759,44,169,169,13
2026-08-02,1657,48,167,188,17
2026-08-02,1288,41,326,326,15
2026-08-02,1653,41,304,183,15
2026-08-02,1950,12,,178.5,10
2026-08-02,6845,90,147,156,21
2026-08-02,7036,45,61,72.0,6
2026-08-02,6271,60,231,236,17
2026-08-02,1380,35,244,242,11
2026-08-02,1225,80,84,113.0,10
2026-08-02,7124,28,157,185.0,12
2026-08-02,1256,29,238,250.0,10
2026-08-02,1261,19,169,169,5
2026-08-02,5895,19,240,243.0,10
2026-08-02,6499,30,128,186,7
2026-08-02,1672,46,198,183,15
2026-08-02,1157,37,83,82.0,12
2026-08-02,5843,39,98,115.5,6
2026-08-02,5787,8,,144,5
2026-08-02,7298,52,56,57,9
2026-08-02,7297,64,67,75,9
2026-08-02,7125,40,93,147.5,14
2026-08-02,5563,22,127,92.5,8
2026-08-02,2608,30,152,122,9
2026-08-02,5238,16,111,144,5
2026-08-02,1178,76,102,112.5,8
2026-08-02,2624,20,65,100,11
2026-08-02,6534,32,70,56.0,4
2026-08-02,1452,66,100,73,15
2026-08-02,5634,20,91,128,9
2026-08-02,6532,71,123,143.0,16
2026-08-02,6535,23,130,137,11
2026-08-02,1252,35,121,121.0,14
2026-08-02,7209,102,72,103.0,24
2026-08-02,6192,67,97,110,15
2026-08-02,2606,72,63,65.5,8
2026-08-02,6355,55,121,133,17
2026-08-02,1170,38,125,175.5,16
2026-08-02,1179,44,125,108.0,8
2026-08-02,2636,20,101,128,9
2026-08-02,7216,54,86,118.5,12
2026-08-02,1447,19,73,85,9
2026-08-02,1146,34,136,90.0,12
2026-08-02,6341,76,95,112.5,6
2026-08-02,1136,74,45,60.5,12
2026-08-02,7215,174,49,49,13
2026-08-02,7214,80,46,46,15
2026-08-02,6184,64,99,117,7
2026-08-02,1145,15,109,127,7
2026-08-02,7213,49,131,157.5,18
2026-08-02,6055,66,168,170,21
2026-08-02,7218,56,97,105,17
2026-08-02,7293,50,70,106,9
2026-08-02,7292,22,78,78,7
2026-08-02,7301,18,66,78.0,10
2026-08-02,5395,30,96,129.0,10
2026-08-02,5930,46,98,98,19
2026-08-02,5932,65,77,87,17
2026-08-02,1149,26,67,88.0,10
2026-08-02,2555,43,120,119.5,24
2026-08-02,1139,49,98,105.5,8
2026-08-02,2547,21,93,102.0,10
2026-08-02,1128,28,94,107,9
2026-08-02,5471,19,103,117.5,8
2026-08-02,2545,26,80,80,11
2026-08-02,2546,49,92,93.5,12
2026-08-02,2243,28,105,110,15
2026-08-02,5928,4,,112.0,2
2026-08-02,1463,19,136,147.5,8
2026-08-02,6149,94,147,159.0,26
2026-08-02,7207,204,72,64.0,12
2026-08-02,1399,10,,319.0,6
2026-08-02,2554,16,136,161.5,10
2026-08-02,1151,25,134,112.0,8
2026-08-02,5929,89,110,132.0,16
2026-08-02,1117,12,135,221.5,8
2026-08-02,1127,14,124,184.0,8
2026-08-02,1135,46,81,118.0,16
2026-08-02,1120,9,,378.0,4
2026-08-02,1107,25,,161,9
2026-08-02,2556,15,122,131.5,10
2026-08-02,5393,19,94,121.5,10
2026-08-02,5394,13,102,89.5,8
2026-08-02,5931,17,78,164.0,10
2026-08-02,2557,18,127,163.0,10
2026-08-02,2558,25,97,156,11
2026-08-02,1103,12,76,89.5,8
2026-08-02,7295,37,53,88.0,8
2026-08-02,1449,25,72,88.5,12
2026-08-02,6536,67,95,127.0,14
2026-08-02,1156,17,83,75.5,8
2026-08-02,2597,40,68,96,21
2026-08-02,6218,170,80,83.0,10
2026-08-02,1455,19,60,38.5,8
2026-08-02,6514,512,37,54.5,14
2026-08-02,1116,25,103,130.5,10
2026-08-02,2619,25,135,99.0,10
2026-08-02,5494,27,72,82,9
2026-08-02,2559,36,61,101,13
2026-08-02,1491,27,60,52.0,8
2026-08-02,7294,55,86,90,19
2026-08-02,6533,65,86,127,9
2026-08-02,7217,96,60,52.0,14
2026-08-02,2598,115,73,73.0,26
2026-08-02,6182,46,115,164,17
2026-08-02,7208,28,99,133.5,14
2026-08-02,6183,61,92,125.5,12
2026-08-02,7299,64,58,66.5,8
2026-08-02,7211,52,88,102,11
2026-08-02,1121,22,98,120.0,10
2026-08-02,1464,55,56,58.0,10
2026-08-02,7300,45,,31,5
2026-08-02,5396,29,83,129,15
2026-08-02,2585,7,101,118,5
2026-08-02,7501,57,66,66,11
2026-08-02,7502,53,42,22.0,8
2026-08-02,7500,30,46,52.0,6
2026-08-02,7499,149,45,71.5,12
2026-08-02,7492,28,70,70,7
2026-08-02,5261,27,128,100.5,14
2026-08-02,7498,67,61,111,9
2026-08-02,7223,44,64,71.0,20
2026-08-02,7495,26,55,57.5,10
2026-08-02,5998,75,116,130,29
2026-08-02,7472,63,38,45.0,12
2026-08-02,2586,43,105,115,7
2026-08-02,2615,58,82,126.0,8
2026-08-02,6392,73,79,84,11
2026-08-02,7245,22,84,115,3
2026-08-02,2587,43,97,121,7
2026-08-02,5989,52,90,90,11
2026-08-02,5779,20,113,135.5,6
2026-08-02,7244,153,54,62,7
2026-08-02,922,91,94,112.5,12
2026-08-02,7037,43,46,75.0,10
2026-08-02,6846,4,72,150,3
2026-08-02,2614,37,69,90.5,6
2026-08-02,6438,42,93,117,7
2026-08-02,2588,16,70,86,5
2026-08-02,2589,28,78,100.5,8
2026-08-02,7486,72,46,54,13
2026-08-02,7246,94,58,52.0,6
2026-08-02,7487,93,54,41.0,6
2026-08-02,7474,65,58,60.5,10
2026-08-02,7247,26,51,58.5,4
2026-08-02,7488,28,51,51,7
2026-08-02,5784,55,72,76,5
2026-08-02,5993,41,93,168,7
2026-08-02,7479,50,61,72,9
2026-08-02,7253,25,67,72.5,6
2026-08-02,7483,34,49,51,9
2026-08-02,5780,65,112,140.0,10
2026-08-02,7255,52,50,53.0,8
2026-08-02,5777,59,78,115,19
2026-08-02,2590,67,76,118,11
2026-08-02,7475,71,30,36.5,12
2026-08-02,5990,194,59,82.5,6
2026-08-02,5781,73,55,87,19
2026-08-02,5778,76,96,110,11
2026-08-02,5995,208,51,98,29
2026-08-02,5679,185,43,47,57
2026-08-02,7249,107,48,39,11
2026-08-02,7248,77,39,25,11
2026-08-02,5782,59,83,87.0,6
2026-08-02,7256,229,31,39,7
2026-08-02,2591,113,66,83,15
2026-08-02,5628,439,53,60,51
2026-08-02,5785,49,93,116,9
2026-08-02,865,100,55,74.5,10
2026-08-02,7484,49,38,49.0,6
2026-08-02,5997,40,142,171,13
2026-08-02,7476,6,,99.0,4
2026-08-02,7477,38,51,54.0,6
2026-08-02,5776,35,151,189,11
2026-08-02,5992,77,151,193,19
2026-08-02,2592,52,130,139.5,12
2026-08-02,7478,32,56,79,7
2026-08-02,958,20,115,115,9
2026-08-02,948,96,87,80.5,10
2026-08-02,7250,33,63,79.5,8
2026-08-02,833,64,68,111,7
2026-08-02,7251,38,83,75.5,6
2026-08-02,6393,24,98,70,5
2026-08-02,7503,55,58,46,5
2026-08-02,7219,36,64,69.5,8
2026-08-02,7221,11,85,99.5,8
2026-08-02,7220,41,62,70,11
2026-08-02,7496,61,36,46.0,4
2026-08-02,7497,106,50,50,7
2026-08-02,7222,67,56,56,11
2026-08-02,7224,40,69,75.0,14
2026-08-02,7491,34,74,94,7
2026-08-02,7493,44,50,63,7
2026-08-02,6000,47,117,132.0,12
2026-08-02,7494,43,58,62,11
2026-08-02,5783,52,77,75,7
2026-08-02,7254,64,52,56,7
2026-08-02,5672,234,58,42.5,52
2026-08-02,515,35,157,268,7
2026-08-02,1895,43,134,180,17
2026-08-02,6089,89,114,99.0,14
2026-08-02,7514,40,122,125.0,14
2026-08-02,131,40,178,178,13
2026-08-02,1797,35,165,206.5,16
2026-08-02,5724,49,136,140.0,20
2026-08-02,138,23,175,81,13
2026-08-02,1799,52,92,104.5,20
2026-08-02,132,28,115,124,9
2026-08-02,7504,12,138,142,3
2026-08-02,7633,22,110,113.0,8
2026-08-02,6864,30,110,110,5
2026-08-02,7634,10,63,106.5,4
2026-08-02,6486,48,148,169.0,12
2026-08-02,5438,45,127,148,11
2026-08-02,5757,45,120,149.0,8
2026-08-02,7528,54,105,123,15
2026-08-02,7529,49,78,87.0,8
2026-08-02,6873,48,104,104,9
2026-08-02,7505,28,133,140,9
2026-08-02,7512,28,133,185,7
2026-08-02,7513,177,96,120,25
2026-08-02,7510,27,166,183.5,8
2026-08-02,516,40,144,104.5,14
2026-08-02,1894,31,131,130.5,14
2026-08-02,6866,42,135,124,9
2026-08-02,6446,40,114,86.5,10
2026-08-02,6848,13,123,128.5,4
2026-08-02,6847,34,114,114,9
2026-08-02,6850,22,141,112.5,4
2026-08-02,6849,20,125,155,5
2026-08-02,6851,51,102,106.0,10
2026-08-02,6872,64,109,109,15
2026-08-02,6870,56,97,105,9
2026-08-02,6871,35,110,95,11
2026-08-02,6879,39,82,121.0,6
2026-08-02,7506,11,118,221.0,8
2026-08-02,6860,32,164,178.0,10
2026-08-02,7530,27,252,252,5
2026-08-02,187,29,136,136,11
2026-08-02,1798,32,111,127.5,18
2026-08-02,6861,44,104,104,13
2026-08-02,560,37,134,63,9
2026-08-02,123,37,146,138.5,18
2026-08-02,196,20,,100,7
2026-08-02,6865,34,88,108,11
2026-08-02,7508,27,124,150.0,10
2026-08-02,7638,34,116,121,9
2026-08-02,7507,21,166,162.0,6
2026-08-02,6884,27,145,129.0,6
2026-08-02,6883,28,122,117.5,8
2026-08-02,1963,23,154,157.0,14
2026-08-02,7520,32,98,98,3
2026-08-02,7516,42,67,70.0,6
2026-08-02,182,23,192,93,7
2026-08-02,7532,112,100,107.0,10
2026-08-02,7644,22,73,73,5
2026-08-02,7511,31,136,143.0,14
2026-08-02,7518,77,112,133.5,10
2026-08-02,6852,22,101,112.0,8
2026-08-02,6853,7,,111,3
2026-08-02,7517,25,95,121.5,8
2026-08-02,6863,34,91,107,9
2026-08-02,1965,43,151,151,11
2026-08-02,6859,32,103,121,13
2026-08-02,6862,43,85,85,13
2026-08-02,6088,119,80,92.0,22
2026-08-02,6855,39,120,125.5,6
2026-08-02,6856,22,134,202,7
2026-08-02,6854,19,159,159,11
2026-08-02,6858,51,130,141.0,14
2026-08-02,6857,45,127,160,9
2026-08-02,6876,24,109,81,5
2026-08-02,489,42,141,146.0,10
2026-08-02,7509,39,107,134.5,8
2026-08-02,5432,101,77,97,29
2026-08-02,490,23,155,145.5,10
2026-08-02,492,22,136,136,7
2026-08-02,6880,22,135,139.0,8
2026-08-02,6087,63,70,62.0,14
2026-08-02,7522,56,110,110,9
2026-08-02,495,36,164,129,5
2026-08-02,614,37,104,84.5,14
2026-08-02,533,39,132,61.0,10
2026-08-02,7515,17,166,100,5
2026-08-02,7533,33,114,114,7
2026-08-02,7534,56,102,102,7
2026-08-02,7058,76,76,64,13
2026-08-02,6885,49,83,80.5,12
2026-08-02,7519,29,124,67,5
2026-08-02,5439,58,96,132,17
2026-08-02,1891,42,107,134,13
2026-08-02,175,48,146,138,17
2026-08-02,2067,37,163,114,13
2026-08-02,1964,65,156,173.0,30
2026-08-02,5616,90,94,99,23
2026-08-02,2178,77,86,67.5,16
2026-08-02,7523,19,,78,9
2026-08-02,6882,118,77,88,21
2026-08-02,7531,58,114,79.0,16
2026-08-02,6881,109,102,74,9
2026-08-02,1892,44,115,111,13
2026-08-02,170,36,114,123,15
2026-08-02,7526,79,99,99,17
2026-08-02,7525,105,106,128.5,14
2026-08-02,5876,81,92,94.0,18
2026-08-02,5604,123,98,118.5,18
2026-08-02,1938,4,,82,3
2026-08-02,74,18,,113,7
2026-08-02,477,41,91,85,17
2026-08-02,6869,21,73,73,7
2026-08-02,7527,96,67,99,11
2026-08-02,6877,40,132,181,9
2026-08-02,6878,78,136,158.0,22
2026-08-02,6874,56,106,109,15
2026-08-02,6875,20,110,118.0,8
2026-08-02,7019,29,140,146.0,6
2026-08-02,1848,25,125,137.5,14
2026-08-02,7017,48,146,144.5,10
2026-08-02,2070,45,102,75.0,16
2026-08-02,7628,22,104,110.5,10
2026-08-02,7627,33,112,112,9
2026-08-02,6867,35,138,254,11
2026-08-02,166,22,145,108.0,10
2026-08-02,7623,61,105,105,13
2026-08-02,1241,57,133,149,9
2026-08-02,5941,53,89,98.5,20
2026-08-02,6517,504,76,83.0,18
2026-08-02,6324,242,66,63.5,8
2026-08-02,6889,76,145,165.0,20
2026-08-02,1966,21,184,220,13
2026-08-02,1092,30,176,196.0,10
2026-08-02,1032,21,152,98,9
2026-08-02,1803,20,160,133,17
2026-08-02,1384,28,96,119,17
2026-08-02,6172,203,61,95.5,20
2026-08-02,1638,31,122,123,13
2026-08-02,1061,32,114,114,9
2026-08-02,1800,42,124,124.0,18
2026-08-02,7535,92,73,65,17
2026-08-02,6886,121,66,67,17
2026-08-02,6887,37,76,42.0,6
2026-08-02,7537,51,131,125.0,8
2026-08-02,6901,62,63,60.5,12
2026-08-02,7055,47,54,61.0,10
2026-08-02,6158,51,86,99.0,16
2026-08-02,6897,55,69,61.5,8
2026-08-02,5391,33,115,115,15
2026-08-02,1450,35,78,90.5,8
2026-08-02,5735,26,116,148,13
2026-08-02,6899,51,157,159,11
2026-08-02,7538,22,122,82,7
2026-08-02,5464,10,119,119,5
2026-08-02,5497,12,182,184.0,10
2026-08-02,5462,18,175,219,9
2026-08-02,6349,91,122,101.5,16
2026-08-02,5463,37,136,152,13
2026-08-02,1028,70,108,79,13
2026-08-02,934,34,123,133.0,14
2026-08-02,5420,83,74,90.0,24
2026-08-02,920,12,116,82.5,6
2026-08-02,912,55,114,77.5,10
2026-08-02,7540,82,46,55,11
2026-08-02,6900,40,60,63,13
2026-08-02,6888,78,77,101.0,18
2026-08-02,7126,35,126,122.0,8
2026-08-02,6896,73,70,71.0,8
2026-08-02,6890,42,132,137.5,14
2026-08-02,6893,10,142,142,3
2026-08-02,7536,19,114,154,5
2026-08-02,6891,32,121,129.0,10
2026-08-02,6894,21,122,101,11
2026-08-02,6892,16,142,117.0,8
2026-08-02,7038,80,59,49.0,8
2026-08-02,7039,9,130,130,3
2026-08-02,928,48,134,200,9
2026-08-02,7225,54,135,126.5,8
2026-08-02,6302,460,62,62.0,20
2026-08-02,6315,186,46,48.0,8
2026-08-02,1042,116,77,93.5,18
2026-08-02,6090,52,103,119.5,20
2026-08-02,5392,54,46,48.0,16
2026-08-02,6895,6,,114,5
2026-08-02,2265,135,102,112.0,10
2026-08-02,6898,47,83,99,13
2026-08-02,7542,141,264,202,17
2026-08-02,7548,67,322,238.5,18
2026-08-02,7546,104,229,213,23
2026-08-02,7543,55,264,308.5,20
2026-08-02,7551,61,266,184.0,10
2026-08-02,7547,31,272,201.0,14
2026-08-02,7553,90,294,294,19
2026-08-02,7550,86,302,229,17
2026-08-02,7552,51,305,235.0,12
2026-08-02,7545,80,315,356,17
2026-08-02,7555,70,302,329,15
2026-08-02,7554,48,288,317,15
2026-08-02,7549,47,285,319.0,18
2026-08-02,6073,75,110,110,21
2026-08-02,5797,8,101,101,5
2026-08-02,6217,50,70,78,9
2026-08-02,6420,296,56,55,7
2026-08-02,6181,35,95,114,13
2026-08-02,6335,45,90,90,7
2026-08-02,6334,44,110,111,11
2026-08-02,541,42,105,103.5,6
2026-08-02,2338,51,57,57,11
2026-08-02,7653,406,38,38,13
2026-08-02,2339,43,113,118,17
2026-08-02,2342,29,134,142,15
2026-08-02,2343,19,110,112,9
2026-08-02,2544,43,113,96,17
2026-08-02,2345,16,130,131,5
2026-08-02,575,41,108,132,15
2026-08-02,880,64,101,119,19
2026-08-02,5488,28,74,120,11
2026-08-02,6354,46,,155,3
2026-08-02,2629,38,125,92.5,14
2026-08-02,6163,133,80,62.0,26
2026-08-02,5489,34,79,93.0,10
2026-08-02,6313,105,49,64,9
2026-08-02,588,19,91,93,7
2026-08-02,556,21,112,142,9
2026-08-02,606,42,92,110,9
2026-08-02,5603,80,56,79.0,14
2026-08-02,5883,54,61,62,13
2026-08-02,706,14,112,114.0,12
2026-08-02,2098,17,81,95,7
2026-08-02,6201,9,,276,5
2026-08-02,5774,53,74,89,15
2026-08-02,813,42,92,92,7
2026-08-02,5884,61,59,76.0,14
2026-08-02,2108,57,47,61,15
2026-08-02,5775,119,57,34,23
2026-08-02,525,47,66,74,15
2026-08-02,587,13,112,98.5,8
2026-08-02,2476,16,139,113.5,6
2026-08-02,585,15,161,144.5,8
2026-08-02,5573,16,200,200,7
2026-08-02,2114,6,194,194,3
2026-08-02,576,5,147,130.0,2
2026-08-02,555,11,132,178.0,8
2026-08-02,718,17,70,97.0,6
2026-08-02,720,17,62,112,7
2026-08-02,5234,33,94,95,9
2026-08-02,6091,110,59,133,11
2026-08-02,557,10,128,275.0,6
2026-08-02,2115,54,141,179.5,22
2026-08-02,2082,205,98,137,29
2026-08-02,5352,36,147,148,13
2026-08-02,6520,472,63,50,17
2026-08-02,786,20,,187.0,6
2026-08-02,6902,54,65,65.0,16
2026-08-02,779,30,62,111,11
2026-08-02,6417,91,78,99,9
2026-08-02,2628,34,185,173.0,14
2026-08-02,6085,9,127,161.0,6
2026-08-02,5881,66,74,88,17
2026-08-02,6528,170,70,79.0,6
2026-08-02,2094,240,50,64.5,16
2026-08-02,2341,56,74,92,17
2026-08-02,5885,70,153,172,13
2026-08-02,2111,47,84,97.5,16
2026-08-02,6903,48,53,62.0,12
2026-08-02,5353,32,121,129,15
2026-08-02,517,43,79,95,17
2026-08-02,5351,37,107,67.0,12
2026-08-02,2110,53,92,105,21
2026-08-02,2340,34,76,107,13
2026-08-02,2347,35,104,126.0,14
2026-08-02,6198,86,66,82.0,20
2026-08-02,5378,78,78,107,23
2026-08-02,546,17,62,84.0,8
2026-08-02,2109,41,88,148,21
2026-08-02,2097,102,55,84.5,14
2026-08-02,6453,238,54,40,9
2026-08-02,543,32,84,116,11
2026-08-02,6904,50,62,64.0,14
2026-08-02,6295,34,106,134.5,16
2026-08-02,2086,21,95,132.5,16
2026-08-02,550,43,74,70,11
2026-08-02,523,20,115,158.0,10
2026-08-02,6424,417,63,65.5,12
2026-08-02,6905,59,98,103.5,10
2026-08-02,6529,72,74,116.5,4
2026-08-02,2346,41,114,146.0,12
2026-08-02,5248,29,74,94.0,14
2026-08-02,2348,24,125,125,9
2026-08-02,2095,43,64,98,11
2026-08-02,2349,18,80,132,7
2026-08-02,7302,29,75,99.5,6
2026-08-02,6906,43,68,93.0,14
2026-08-02,7304,26,82,91.5,4
2026-08-02,7303,20,128,157,3
2026-08-02,6908,166,88,42,11
2026-08-02,7306,12,133,89,7
2026-08-02,7305,4,,178.5,2
2026-08-02,6907,43,88,101.0,8
2026-08-02,7307,65,81,82,9
2026-08-02,6436,47,122,155.5,10
2026-08-02,923,11,,174.0,6
2026-08-02,5222,19,107,182,11
2026-08-02,617,34,77,80,7
2026-08-02,632,44,76,96.0,12
2026-08-02,6297,31,135,170,15
2026-08-02,660,64,99,104,19
2026-08-02,5891,36,95,96.0,14
2026-08-02,955,28,124,205,7
2026-08-02,5955,53,100,105.0,10
2026-08-02,5620,37,119,119,13
2026-08-02,5954,32,138,163.0,14
2026-08-02,6296,42,185,149,19
2026-08-02,5297,133,125,130.5,16
2026-08-02,5437,12,98,107,7
2026-08-02,5404,17,96,97,5
2026-08-02,641,12,77,77,5
2026-08-02,570,34,55,74,11
2026-08-02,2605,17,84,96,9
2026-08-02,2603,44,58,50.0,14
2026-08-02,2602,54,75,41.0,16
2026-08-02,674,89,62,50.5,18
2026-08-02,681,15,72,60,7
2026-08-02,2604,29,69,69,9
2026-08-02,7227,103,66,70,13
2026-08-02,5948,78,58,63,7
2026-08-02,5950,44,47,61.0,8
2026-08-02,5397,389,46,69,17
2026-08-02,561,25,83,85,11
2026-08-02,6478,245,43,32.5,8
2026-08-02,2127,15,75,90,9
2026-08-02,2129,33,97,97,13
2026-08-02,5364,14,85,62,9
2026-08-02,579,13,67,69.5,8
2026-08-02,592,5,,77.5,4
2026-08-02,6492,111,52,93,7
2026-08-02,605,35,59,76.0,14
2026-08-02,5636,31,68,68,9
2026-08-02,7228,40,102,121,19
2026-08-02,6287,38,185,185,13
2026-08-02,5479,29,162,198.0,12
2026-08-02,7234,76,109,151,11
2026-08-02,6909,57,99,99,11
2026-08-02,2549,16,88,114.5,8
2026-08-02,7229,74,122,141,21
2026-08-02,7233,72,98,109.0,12
2026-08-02,7230,93,64,74.5,24
2026-08-02,869,30,120,81,13
2026-08-02,7235,43,71,85.0,14
2026-08-02,6910,32,64,78.0,10
2026-08-02,427,35,61,118.0,10
2026-08-02,7257,59,96,117.5,16
2026-08-02,421,32,97,125.0,10
2026-08-02,7231,30,130,108.0,14
2026-08-02,435,19,146,226,7
2026-08-02,428,77,87,96.0,18
2026-08-02,424,27,111,111,7
2026-08-02,689,46,55,44,9
2026-08-02,7232,32,83,111,7
2026-08-02,5951,10,63,73.0,8
2026-08-02,5947,26,52,61.5,6
2026-08-02,572,32,117,117,15
2026-08-02,5331,93,89,98,17
2026-08-02,6454,98,66,96.5,14
2026-08-02,881,28,144,170,9
2026-08-02,6441,149,74,133.5,8
2026-08-02,772,38,150,150,19
2026-08-02,5978,75,108,168,17
2026-08-02,745,64,74,84.0,14
2026-08-02,7236,183,55,55,11
2026-08-02,5981,123,142,104.5,14
2026-08-02,5641,67,109,118,19
2026-08-02,763,122,47,55.5,16
2026-08-02,5673,63,80,53,29
2026-08-02,5678,206,66,56.5,34
2026-08-02,1978,31,155,198.5,16
2026-08-02,7556,134,57,63.5,12
2026-08-02,7258,50,98,102.5,10
2026-08-02,7581,86,91,109.0,12
2026-08-02,7582,38,64,72.0,14
2026-08-02,7617,171,66,74.5,14
2026-08-02,7611,115,78,112,11
2026-08-02,7612,108,48,56.0,14
2026-08-02,7583,251,44,53.0,12
2026-08-02,7613,32,58,63.0,8
2026-08-02,7260,59,46,60.5,8
2026-08-02,5688,450,68,67,21
2026-08-02,5975,51,120,107,9
2026-08-02,937,67,66,70.5,12
2026-08-02,712,50,76,83.0,8
2026-08-02,5683,106,91,108,17
2026-08-02,5671,204,66,20.5,22
2026-08-02,5984,42,70,70,17
2026-08-02,5705,336,64,80,37
2026-08-02,5668,168,62,51,21
2026-08-02,764,38,95,106,15
2026-08-02,6911,69,54,57.5,14
2026-08-02,5986,80,105,198.5,14
2026-08-02,2551,128,72,86,19
2026-08-02,6340,311,69,69,13
2026-08-02,2569,99,145,115.0,30
2026-08-02,5987,66,123,226.5,16
2026-08-02,876,207,40,59.0,18
2026-08-02,765,41,96,96.0,10
2026-08-02,872,69,69,88,19
2026-08-02,797,90,75,92.0,14
2026-08-02,7563,37,76,97,9
2026-08-02,7558,27,43,45.0,6
2026-08-02,7560,173,27,25.5,18
2026-08-02,7566,20,47,45.0,6
2026-08-02,7557,26,51,56,7
2026-08-02,7559,41,54,113,9
2026-08-02,7632,29,57,57,7
2026-08-02,7562,89,66,108,11
2026-08-02,7561,35,90,63.5,10
2026-08-02,7564,83,54,57,15
2026-08-02,6298,27,115,151.0,12
2026-08-02,6912,149,46,46,13
2026-08-02,6063,243,105,130.0,16
2026-08-02,6549,65,100,100,15
2026-08-02,6185,35,114,146.0,12
2026-08-02,5629,76,71,80.5,30
2026-08-02,6927,57,112,175.5,12
2026-08-02,5251,110,71,114,17
2026-08-02,5695,71,94,40.0,16
2026-08-02,5744,68,104,141,13
2026-08-02,6299,22,118,186.5,10
2026-08-02,6946,10,107,111.0,4
2026-08-02,6947,83,77,59.0,14
2026-08-02,2601,52,163,98.5,12
2026-08-02,5689,57,163,193,19
2026-08-02,5700,25,153,160,13
2026-08-02,5698,372,59,31.0,22
2026-08-02,2647,23,113,157,13
2026-08-02,6948,14,123,151,7
2026-08-02,760,35,94,114.0,10
2026-08-02,1979,27,123,220.5,18
2026-08-02,5656,14,107,128.5,8
2026-08-02,698,6,82,82,3
2026-08-02,866,12,107,99.0,4
2026-08-02,5977,23,105,85.0,8
2026-08-02,616,180,59,99.0,18
2026-08-02,761,238,108,110.0,16
2026-08-02,688,17,114,124,5
2026-08-02,1551,27,163,175,9
2026-08-02,5660,68,149,184.5,28
2026-08-02,5699,63,190,238.0,32
2026-08-02,5697,185,76,76,19
2026-08-02,5231,75,95,84.5,12
2026-08-02,5973,289,86,53,23
2026-08-02,809,7,,224.0,4
2026-08-02,2350,8,353,353,7
2026-08-02,5279,15,242,204.5,8
2026-08-02,1997,20,221,256.5,12
2026-08-02,1623,16,180,143.5,8
2026-08-02,648,13,86,82,9
2026-08-02,638,21,108,120,9
2026-08-02,640,7,235,273,5
2026-08-02,5773,20,145,155.0,8
2026-08-02,1955,12,268,268,11
2026-08-02,6437,43,140,199.5,8
2026-08-02,6515,44,108,103.0,4
2026-08-02,6945,67,45,53.5,20
2026-08-02,6548,558,42,55,15
2026-08-02,6916,44,35,35,7
2026-08-02,7567,47,36,59.0,12
2026-08-02,6915,33,30,40.5,12
2026-08-02,6227,46,106,118.5,14
2026-08-02,7317,67,58,61,17
2026-08-02,7598,24,66,105.0,12
2026-08-02,7580,39,,114.0,10
2026-08-02,5280,289,92,58,25
2026-08-02,6963,71,106,159.5,16
2026-08-02,1977,34,157,169,19
2026-08-02,6397,20,63,101.0,6
2026-08-02,5599,18,105,114.0,10
2026-08-02,5637,39,131,131,15
2026-08-02,5737,50,73,88.0,6
2026-08-02,1967,31,65,90.5,12
2026-08-02,6917,16,,67.5,8
2026-08-02,5664,17,180,180,11
2026-08-02,2006,123,56,68.5,16
2026-08-02,1995,214,56,74,19
2026-08-02,5665,92,83,86,29
2026-08-02,719,37,91,91,7
2026-08-02,6456,117,93,114,9
2026-08-02,666,75,56,62.5,16
2026-08-02,5645,132,82,40.0,16
2026-08-02,2190,11,186,153.5,8
2026-08-02,6984,35,115,115,9
2026-08-02,6506,142,81,81,13
2026-08-02,5430,84,138,147.0,14
2026-08-02,2045,17,224,224,9
2026-08-02,7006,75,68,70.0,12
2026-08-02,6950,348,39,53.5,34
2026-08-02,1982,29,145,129,13
2026-08-02,6123,28,135,148,11
2026-08-02,6918,27,114,129,7
2026-08-02,6919,115,56,70,11
2026-08-02,7011,47,68,80,11
2026-08-02,6972,74,92,120,9
2026-08-02,6971,115,97,97,13
2026-08-02,6973,19,72,89,7
2026-08-02,6109,21,126,85.0,10
2026-08-02,6921,39,72,98,11
2026-08-02,6920,238,56,58.0,10
2026-08-02,6303,514,71,44.0,18
2026-08-02,6160,34,107,94.5,12
2026-08-02,1953,17,83,83,11
2026-08-02,5568,44,66,86,19
2026-08-02,1996,14,147,147,11
2026-08-02,6188,231,57,30,17
2026-08-02,5377,37,89,130.5,16
2026-08-02,7000,58,63,75.5,12
2026-08-02,7570,55,71,77.5,6
2026-08-02,7571,73,67,68,13
2026-08-02,7568,37,58,58,5
2026-08-02,7572,46,103,111,9
2026-08-02,7259,38,112,133.5,10
2026-08-02,7574,32,111,111,9
2026-08-02,7573,19,,94,7
2026-08-02,7569,77,87,102,11
2026-08-02,7600,40,184,188.5,8
2026-08-02,7616,25,100,86.0,8
2026-08-02,6923,2,,42,1
2026-08-02,6922,1,,134,1
2026-08-02,6930,13,,143.0,4
2026-08-02,6929,12,149,258.0,6
2026-08-02,6932,2,,174.5,2
2026-08-02,6924,43,94,135,15
2026-08-02,5272,32,186,234.0,14
2026-08-02,6170,84,111,134.5,20
2026-08-02,6914,52,107,96.0,6
2026-08-02,639,27,131,156,5
2026-08-02,636,28,102,106,7
2026-08-02,6925,14,73,104.5,4
2026-08-02,7029,118,50,50,3
2026-08-02,5655,46,135,135,11
2026-08-02,6941,50,64,67.5,4
2026-08-02,7033,111,30,37.5,6
2026-08-02,7032,170,32,34,11
2026-08-02,5676,157,72,84.0,32
2026-08-02,6121,49,88,143,11
2026-08-02,6190,60,86,86,13
2026-08-02,7575,60,54,62.0,8
2026-08-02,7565,19,70,73,5
2026-08-02,7057,57,56,59.0,14
2026-08-02,6926,68,53,46,19
2026-08-02,6541,105,74,78.5,16
2026-08-02,7620,46,164,167,13
2026-08-02,6496,55,88,129.5,10
2026-08-02,6051,33,120,143,9
2026-08-02,5370,24,152,163,13
2026-08-02,6928,47,71,71,13
2026-08-02,6997,60,81,82.5,12
2026-08-02,1984,37,106,118,13
2026-08-02,5682,100,64,79.0,30
2026-08-02,751,67,52,141.0,10
2026-08-02,767,80,50,56,11
2026-08-02,777,63,151,141,17
2026-08-02,5979,55,110,127,7
2026-08-02,820,68,91,62.5,14
2026-08-02,1563,51,123,165.0,12
2026-08-02,5659,72,122,197,35
2026-08-02,5644,501,96,134,23
2026-08-02,6958,76,79,70,11
2026-08-02,6395,16,150,185,11
2026-08-02,806,66,116,147,11
2026-08-02,6284,122,90,88.0,14
2026-08-02,6959,85,70,38.0,10
2026-08-02,2646,47,48,60,19
2026-08-02,5667,27,107,86.5,6
2026-08-02,2019,41,122,133.0,18
2026-08-02,1986,44,163,172,9
2026-08-02,1971,144,38,37.0,12
2026-08-02,5758,48,147,130.0,10
2026-08-02,2644,112,116,58.5,14
2026-08-02,5988,41,93,116.0,18
2026-08-02,2043,23,165,165,9
2026-08-02,6301,106,78,78,11
2026-08-02,6936,111,62,50.0,12
2026-08-02,6128,54,62,106,11
2026-08-02,2351,46,65,72,23
2026-08-02,6933,46,57,58,17
2026-08-02,6935,63,67,78.0,10
2026-08-02,6934,36,75,116.0,14
2026-08-02,6399,70,106,116.0,12
2026-08-02,5889,31,136,200.5,14
2026-08-02,2623,257,105,79.0,18
2026-08-02,2000,197,46,86,11
2026-08-02,628,41,56,56,7
2026-08-02,5618,71,97,102.5,14
2026-08-02,1983,70,73,71.0,20
2026-08-02,5304,85,71,90,23
2026-08-02,1975,39,77,84,13
2026-08-02,696,4,102,106.5,4
2026-08-02,687,33,135,144,13
2026-08-02,5702,159,65,65,47
2026-08-02,7311,63,99,107,5
2026-08-02,7309,27,87,119,5
2026-08-02,7579,42,60,54.0,8
2026-08-02,7310,71,106,106,7
2026-08-02,6939,84,103,103,15
2026-08-02,7312,33,99,150.5,6
2026-08-02,7576,29,147,74,11
2026-08-02,7577,104,,97.0,10
2026-08-02,7313,38,70,108.5,6
2026-08-02,7578,19,66,91,5
2026-08-02,6505,224,68,72.5,6
2026-08-02,6952,98,51,62,17
2026-08-02,6048,70,90,114,13
2026-08-02,5983,14,120,147,7
2026-08-02,6951,30,,138,5
2026-08-02,7012,111,65,70,17
2026-08-02,6135,44,128,141.5,16
2026-08-02,6983,66,51,58.5,8
2026-08-02,6944,24,46,46,7
2026-08-02,5661,62,62,72.5,24
2026-08-02,5593,29,92,194.0,18
2026-08-02,6942,31,92,151.5,10
2026-08-02,2641,71,147,206,17
2026-08-02,7034,26,,85.0,4
2026-08-02,5971,36,132,165,17
2026-08-02,6943,39,55,59,9
2026-08-02,5967,34,109,109,19
2026-08-02,2596,13,131,160,5
2026-08-02,2640,63,119,152,13
2026-08-02,5592,49,130,221.0,18
2026-08-02,5982,91,134,120.5,20
2026-08-02,817,76,189,161.0,22
2026-08-02,5296,306,110,72,15
2026-08-02,5980,83,164,74.5,12
2026-08-02,2352,43,150,150,21
2026-08-02,5341,40,182,182.0,16
2026-08-02,2044,26,168,154.5,16
2026-08-02,2259,35,136,148.5,16
2026-08-02,2599,125,94,80.0,22
2026-08-02,816,59,102,106,11
2026-08-02,5621,42,147,169,9
2026-08-02,5277,144,88,90,19
2026-08-02,7610,6,66,29,3
2026-08-02,791,31,69,75.0,10
2026-08-02,2013,44,116,133.0,14
2026-08-02,710,47,139,184.5,18
2026-08-02,1564,22,227,258.5,10
2026-08-02,5974,42,142,142,9
2026-08-02,803,13,,62,5
2026-08-02,812,54,80,80,9
2026-08-02,5965,33,119,206,15
2026-08-02,2517,27,106,126.0,12
2026-08-02,6468,114,51,70,15
2026-08-02,5336,25,110,122.5,10
2026-08-02,6949,17,,78,5
2026-08-02,7599,42,70,105,15
2026-08-02,2520,34,138,165.5,10
2026-08-02,2563,27,83,118,11
2026-08-02,5964,49,102,126.0,12
2026-08-02,5346,117,84,103.5,20
2026-08-02,7619,103,54,79.0,10
2026-08-02,7604,25,,111.0,8
2026-08-02,5670,38,92,120.5,8
2026-08-02,7585,55,96,104.5,10
2026-08-02,7584,59,83,93.0,10
2026-08-02,7261,43,77,87,9
2026-08-02,7603,44,97,118,7
2026-08-02,7601,122,50,50,9
2026-08-02,7602,124,64,64,13
2026-08-02,7262,58,106,119,9
2026-08-02,6470,111,78,92.5,8
2026-08-02,6471,56,118,93.5,10
2026-08-02,7589,41,98,128,7
2026-08-02,7587,14,66,57.0,4
2026-08-02,6475,84,59,55,9
2026-08-02,6473,87,79,75.5,6
2026-08-02,6472,47,86,95.0,6
2026-08-02,7586,30,58,58,5
2026-08-02,6474,43,54,98,7
2026-08-02,7590,42,121,166.0,6
2026-08-02,5976,42,73,50.5,14
2026-08-02,5646,79,70,78.0,18
2026-08-02,757,78,64,64.0,14
2026-08-02,749,154,50,74,17
2026-08-02,6058,204,53,56.0,12
2026-08-02,727,165,41,54.5,14
2026-08-02,6286,130,53,134,25
2026-08-02,2047,18,133,123,13
2026-08-02,5302,65,85,98,19
2026-08-02,5790,266,58,67.0,28
2026-08-02,750,53,53,53,9
2026-08-02,5703,241,64,68,31
2026-08-02,411,43,92,127.0,6
2026-08-02,675,28,101,165.5,8
2026-08-02,704,32,84,55.0,14
2026-08-02,5957,54,135,168,19
2026-08-02,5600,32,154,184,13
2026-08-02,2533,24,153,189.0,6
2026-08-02,2535,104,129,205.5,18
2026-08-02,5959,65,82,96.0,30
2026-08-02,6981,1,,237,1
2026-08-02,2570,79,78,79,11
2026-08-02,6527,554,30,32,17
2026-08-02,2277,42,95,160.5,12
2026-08-02,1956,62,79,73,19
2026-08-02,2353,16,151,56.0,10
2026-08-02,778,31,88,152,9
2026-08-02,5969,39,125,128.5,10
2026-08-02,5264,77,70,93.5,18
2026-08-02,661,59,50,25,13
2026-08-02,6964,54,71,71,7
2026-08-02,5972,56,107,199,17
2026-08-02,7618,78,74,82.0,20
2026-08-02,658,230,67,61.5,12
2026-08-02,2525,113,168,179,17
2026-08-02,5691,191,109,83.0,18
2026-08-02,5985,69,103,116.5,10
2026-08-02,5642,17,151,85,11
2026-08-02,2650,22,100,100,9
2026-08-02,6502,78,66,71,23
2026-08-02,5218,211,132,132,19
2026-08-02,6954,19,,127,7
2026-08-02,6167,45,122,142,11
2026-08-02,6967,67,116,124.0,12
2026-08-02,6075,149,102,68.0,16
2026-08-02,2550,45,178,276.0,16
2026-08-02,7135,78,80,110.0,12
2026-08-02,6394,29,98,98,9
2026-08-02,2511,20,165,53,11
2026-08-02,6991,86,63,63,17
2026-08-02,6970,91,81,100.5,16
2026-08-02,884,38,60,60,9
2026-08-02,6326,75,70,102.0,12
2026-08-02,805,37,53,53,7
2026-08-02,844,58,46,46,5
2026-08-02,6231,224,48,64.0,18
2026-08-02,1561,65,66,79,11
2026-08-02,5693,292,92,92,21
2026-08-02,657,113,27,32.0,12
2026-08-02,855,49,52,73,11
2026-08-02,637,134,72,29,15
2026-08-02,5237,50,122,163,19
2026-08-02,2513,82,98,122.0,14
2026-08-02,5428,35,92,96.0,16
2026-08-02,6956,74,85,64.5,14
2026-08-02,1981,39,76,100,9
2026-08-02,6995,52,98,105.5,16
2026-08-02,2527,44,80,53.0,16
2026-08-02,6070,209,114,114,21
2026-08-02,5429,49,166,153,11
2026-08-02,2509,33,97,108,17
2026-08-02,6957,6,,78,3
2026-08-02,882,15,95,140.0,4
2026-08-02,6960,101,64,69.5,14
2026-08-02,5669,46,129,143,21
2026-08-02,422,57,96,110.0,10
2026-08-02,2001,21,103,121.0,10
2026-08-02,6550,39,89,67.5,6
2026-08-02,419,68,64,76.5,4
2026-08-02,667,103,58,58,13
2026-08-02,670,166,49,59,17
2026-08-02,951,198,67,77,19
2026-08-02,807,27,79,81,9
2026-08-02,7594,15,87,67.5,4
2026-08-02,7593,3,69,69,1
2026-08-02,7592,38,122,133,11
2026-08-02,7615,47,62,81.5,8
2026-08-02,7591,31,61,64,15
2026-08-02,7596,43,136,152.5,8
2026-08-02,6999,26,100,100.0,8
2026-08-02,2009,38,67,94.0,12
2026-08-02,622,57,89,155,9
2026-08-02,1954,21,70,131,15
2026-08-02,621,43,74,79.0,10
2026-08-02,618,46,69,67.0,12
2026-08-02,1980,25,162,190.0,16
2026-08-02,6300,55,56,64.5,20
2026-08-02,7129,105,135,121.0,12
2026-08-02,2502,34,217,233.5,16
2026-08-02,2068,26,200,189.0,14
2026-08-02,7132,64,145,124.0,14
2026-08-02,2046,30,167,272.5,16
2026-08-02,7130,72,122,129.0,12
2026-08-02,2014,45,238,238,21
2026-08-02,5654,41,188,160,17
2026-08-02,6082,577,69,61.0,20
2026-08-02,7133,56,83,55.0,12
2026-08-02,6965,82,53,53.5,12
2026-08-02,6177,41,128,169,15
2026-08-02,1968,34,55,71.5,14
2026-08-02,2634,71,120,130.5,12
2026-08-02,6366,24,176,217.0,18
2026-08-02,5229,80,95,95.5,14
2026-08-02,5284,59,156,123.5,18
2026-08-02,1991,20,178,220,9
2026-08-02,5598,70,113,153,23
2026-08-02,2363,36,103,103.0,20
2026-08-02,7010,58,73,86.0,8
2026-08-02,2534,62,134,134,11
2026-08-02,2005,478,54,54,21
2026-08-02,1998,81,75,75,17
2026-08-02,6966,95,70,45.0,8
2026-08-02,1003,80,55,69.0,26
2026-08-02,725,59,64,81.0,6
2026-08-02,2004,43,80,111,11
2026-08-02,715,30,87,102.0,8
2026-08-02,6104,49,119,119,13
2026-08-02,5723,112,87,100,25
2026-08-02,1957,47,110,114,15
2026-08-02,2359,72,74,86,27
2026-08-02,845,27,59,53.0,4
2026-08-02,858,65,51,50.0,12
2026-08-02,5275,220,86,40,15
2026-08-02,840,28,134,151,9
2026-08-02,782,22,,89.5,4
2026-08-02,2356,85,141,78.0,32
2026-08-02,883,41,103,124.5,20
2026-08-02,737,66,45,45,11
2026-08-02,739,108,32,35,7
2026-08-02,7315,44,91,98.5,12
2026-08-02,7316,28,97,132,15
2026-08-02,5594,48,173,208,19
2026-08-02,6969,36,90,98.0,6
2026-08-02,1988,39,106,106,17
2026-08-02,5323,37,97,129,11
2026-08-02,7595,62,55,63,7
2026-08-02,748,20,89,89,7
2026-08-02,5692,76,70,80,21
2026-08-02,2639,195,84,35,13
2026-08-02,426,30,131,127,11
2026-08-02,1976,28,129,151.0,18
2026-08-02,6990,20,76,76,7
2026-08-02,5685,37,75,121,19
2026-08-02,702,25,63,76.5,8
2026-08-02,5239,35,105,135,19
2026-08-02,6319,41,71,86,23
2026-08-02,7597,64,52,90,7
2026-08-02,2562,36,101,142,11
2026-08-02,1994,141,78,84.0,28
2026-08-02,6974,68,117,168,9
2026-08-02,2437,28,80,99.5,12
2026-08-02,2553,223,135,135,17
2026-08-02,1989,31,146,150,15
2026-08-02,1177,135,41,34.0,6
2026-08-02,6125,19,113,134.0,10
2026-08-02,6976,66,54,58,9
2026-08-02,6978,75,66,66,7
2026-08-02,6977,164,55,55,17
2026-08-02,6975,27,66,60,7
2026-08-02,6979,32,118,107.0,6
2026-08-02,6980,161,46,58,11
2026-08-02,2360,44,51,60,17
2026-08-02,5958,725,57,64.5,42
2026-08-02,7318,27,67,37.5,10
2026-08-02,5888,81,67,97.5,20
2026-08-02,5962,18,141,172.0,16
2026-08-02,6988,44,108,108,5
2026-08-02,5596,19,180,138.5,10
2026-08-02,2365,38,73,135.0,24
2026-08-02,5324,34,98,78.0,10
2026-08-02,2017,29,134,220,13
2026-08-02,653,22,59,106.5,6
2026-08-02,6122,6,,202,3
2026-08-02,815,16,180,107.5,10
2026-08-02,649,34,173,182,21
2026-08-02,644,8,167,167,5
2026-08-02,5687,56,86,111,15
2026-08-02,6494,117,65,75.5,8
2026-08-02,5966,84,62,77,15
2026-08-02,7609,49,62,66.0,14
2026-08-02,7606,100,69,97,11
2026-08-02,7607,180,32,44.0,10
2026-08-02,6982,20,,73.0,10
2026-08-02,652,59,95,113.0,20
2026-08-02,5663,47,132,119.5,20
2026-08-02,1566,15,92,142,7
2026-08-02,854,41,146,147,13
2026-08-02,6955,51,43,54,13
2026-08-02,6985,6,,166,3
2026-08-02,7013,28,,76,5
2026-08-02,7608,277,38,44.0,18
2026-08-02,7605,83,74,121.0,12
2026-08-02,6987,82,80,80,13
2026-08-02,5963,152,97,102,11
2026-08-02,679,47,87,45.5,10
2026-08-02,1990,27,109,109,9
2026-08-02,669,74,52,59,9
2026-08-02,673,140,48,52,23
2026-08-02,2011,37,141,141,11
2026-08-02,6059,31,123,123,13
2026-08-02,6989,229,50,50.5,18
2026-08-02,7014,67,49,50,13
2026-08-02,5754,19,79,125.5,6
2026-08-02,5617,47,91,91.0,12
2026-08-02,785,50,116,123.5,8
2026-08-02,5694,165,46,34.0,22
2026-08-02,6050,148,42,59,9
2026-08-02,7005,28,105,97.5,14
2026-08-02,655,34,90,104,9
2026-08-02,6913,67,121,150.0,20
2026-08-02,651,85,180,187,11
2026-08-02,801,61,178,197.5,30
2026-08-02,6102,56,175,220,13
2026-08-02,6479,25,124,136.5,6
2026-08-02,5684,158,67,81.5,16
2026-08-02,5643,51,94,86.0,14
2026-08-02,5732,48,82,80.5,16
2026-08-02,722,15,125,133.0,4
2026-08-02,6953,280,58,41.0,10
2026-08-02,654,53,64,64,9
2026-08-02,6307,196,66,66,9
2026-08-02,5652,75,67,83.5,20
2026-08-02,6998,30,,69,9
2026-08-02,5375,39,85,42.5,18
2026-08-02,780,64,105,65.5,22
2026-08-02,781,138,94,103,17
2026-08-02,5240,54,109,122.0,20
2026-08-02,6107,57,107,118.0,14
2026-08-02,1973,33,,116.0,14
2026-08-02,7614,31,82,133.5,10
2026-08-02,5597,41,169,196,17
2026-08-02,7050,32,85,91.5,8
2026-08-02,7007,26,75,49.5,8
2026-08-02,943,30,120,129,9
2026-08-02,2016,20,80,99.0,10
2026-08-02,873,47,102,138.0,10
2026-08-02,6098,58,86,90.0,12
2026-08-02,875,24,91,138.0,6
2026-08-02,6994,61,70,71.5,14
2026-08-02,5960,23,157,150.5,14
2026-08-02,6993,80,62,104.0,12
2026-08-02,5970,30,151,200,17
2026-08-02,6992,113,70,98.0,18
2026-08-02,2652,124,154,154,13
2026-08-02,5709,32,113,140.0,16
2026-08-02,5674,520,54,59,61
2026-08-02,5632,553,45,52.0,22
2026-08-02,5675,87,76,107.5,30
2026-08-02,5666,158,67,90.0,42
2026-08-02,5276,433,42,58,17
2026-08-02,2648,35,141,188,15
2026-08-02,2654,123,87,56.5,24
2026-08-02,2649,20,113,119.0,10
2026-08-02,814,41,73,74.5,10
2026-08-02,5657,66,70,91,21
2026-08-02,620,37,125,163,11
2026-08-02,5768,58,81,89.0,20
2026-08-02,619,29,,46.5,4
2026-08-02,7001,21,,134,5
2026-08-02,2007,69,86,115,21
2026-08-02,6996,53,70,70,7
2026-08-02,7004,28,97,93.5,8
2026-08-02,7003,31,141,166.5,6
2026-08-02,6124,21,117,117,7
2026-08-02,6180,113,54,97.5,18
2026-08-02,6168,54,42,50.0,12
2026-08-02,2325,53,123,144,13
2026-08-02,2516,72,176,143.5,12
2026-08-02,2012,173,62,67.5,18
2026-08-02,2010,19,117,45,9
2026-08-02,5591,73,62,62,25
2026-08-02,743,145,47,46.5,20
2026-08-02,7009,13,95,105,5
2026-08-02,5968,28,120,125,19
2026-08-02,1049,53,88,92.5,16
2026-08-02,5956,36,114,163.0,18
2026-08-02,5961,33,122,136,19
2026-08-02,7136,34,70,132,13
2026-08-02,2638,79,133,158,13
2026-08-02,2364,25,,169,13
2026-08-02,2357,74,95,125.5,16
2026-08-02,7008,70,58,59.5,14
2026-08-02,5680,128,54,65,37
2026-08-02,5681,111,34,29.5,24
2026-08-02,5677,163,49,59.0,52
2026-08-02,5690,131,71,82.0,20
2026-08-02,5627,82,121,163.5,24
2026-08-02,5586,17,104,89.0,6
2026-08-02,6093,29,79,87.5,6
2026-08-02,894,24,103,152.0,10
2026-08-02,6187,67,72,69,15
2026-08-02,963,37,50,47.5,12
2026-08-02,6431,76,87,150,15
2026-08-02,2577,27,97,146,9
2026-08-02,5417,13,121,123.0,6
2026-08-02,986,79,98,90.0,14
2026-08-02,1255,20,107,121.0,6
2026-08-02,1330,26,89,90.5,10
2026-08-02,942,24,91,105.5,14
2026-08-02,952,15,118,154.5,8
2026-08-02,6350,29,74,74,11
2026-08-02,5834,32,88,104.0,10
2026-08-02,5306,23,123,137.0,16
2026-08-02,5585,38,136,104.0,10
2026-08-02,1126,22,212,272.0,6
2026-08-02,980,46,172,175.5,18
2026-08-02,5478,383,169,138.0,22
2026-08-02,1026,13,237,423,7
2026-08-02,1370,22,195,248.0,14
2026-08-02,971,36,189,189.0,14
2026-08-02,5556,158,163,168.5,18
2026-08-02,1523,51,209,256,13
2026-08-02,2048,35,239,213.5,18
2026-08-02,1094,40,244,321,7
2026-08-02,1063,12,167,128.5,6
2026-08-02,1897,86,212,262.5,20
2026-08-02,1805,25,239,232.0,10
2026-08-02,1824,25,188,168.5,12
2026-08-02,1013,17,225,225,13
2026-08-02,5547,68,176,176.5,12
2026-08-02,5546,43,194,194,19
2026-08-02,1826,40,174,157,13
2026-08-02,1896,37,200,200,15
2026-08-02,2425,16,208,323,9
2026-08-02,1075,45,131,138,23
2026-08-02,2424,34,118,177.5,16
2026-08-02,1374,39,90,95.0,14
2026-08-02,5513,49,143,95,11
2026-08-02,972,20,142,80.0,8
2026-08-02,2468,51,165,171.5,20
2026-08-02,1903,11,107,166.0,8
2026-08-02,1467,39,137,125.0,12
2026-08-02,1152,38,155,156.5,18
2026-08-02,1899,44,175,175,7
2026-08-02,5533,33,175,177,15
2026-08-02,2612,93,153,111.5,22
2026-08-02,1815,19,206,191,5
2026-08-02,1819,33,95,126.0,8
2026-08-02,1811,31,109,133,11
2026-08-02,2366,59,106,98.0,14
2026-08-02,1045,83,89,73,13
2026-08-02,6512,127,90,110,13
2026-08-02,5291,35,147,146,13
2026-08-02,1807,39,99,119,9
2026-08-02,5361,32,125,159.0,18
2026-08-02,5288,31,102,157.0,10
2026-08-02,1902,24,77,79.0,6
2026-08-02,5290,27,161,138.5,12
2026-08-02,1822,35,98,106.0,8
2026-08-02,1021,29,93,118,7
2026-08-02,1821,17,115,150.5,12
2026-08-02,995,38,97,99,9
2026-08-02,5857,26,114,144.5,10
2026-08-02,2427,18,107,134.5,8
2026-08-02,1820,33,154,155,9
2026-08-02,1806,23,143,173,7
2026-08-02,5295,14,134,185,7
2026-08-02,1371,27,114,114,13
2026-08-02,5517,36,151,189.0,14
2026-08-02,5266,53,146,75,13
2026-08-02,2033,35,149,159,17
2026-08-02,1813,13,176,230.5,8
2026-08-02,2429,36,151,164.0,14
2026-08-02,1372,21,125,129.5,6
2026-08-02,7015,30,129,129,9
2026-08-02,5310,39,154,158.0,14
2026-08-02,1260,50,83,88.0,6
2026-08-02,6450,251,65,76.5,8
2026-08-02,5311,42,132,132,11
2026-08-02,6133,70,106,143.0,14
2026-08-02,6457,138,56,56,11
2026-08-02,5333,29,145,147.0,14
2026-08-02,1373,57,195,278.0,18
2026-08-02,2477,95,70,115.5,22
2026-08-02,2478,74,101,113,19
2026-08-02,5521,31,158,158,11
2026-08-02,1814,24,91,135.5,8
2026-08-02,7016,21,116,116,7
2026-08-02,1039,36,111,119.5,12
2026-08-02,2426,47,138,151.5,16
2026-08-02,1898,11,,178,3
2026-08-02,5294,14,144,171.5,10
2026-08-02,1901,19,125,134.0,6
2026-08-02,5584,28,128,128,13
2026-08-02,6521,31,110,147.0,16
2026-08-02,5583,29,88,101.0,16
2026-08-02,975,15,,105.5,6
2026-08-02,1162,43,158,140.5,8
2026-08-02,5289,37,128,171.5,14
2026-08-02,1900,41,147,153.5,10
2026-08-02,1172,30,137,124.0,10
2026-08-02,1654,56,137,157.5,12
2026-08-02,2367,43,128,135,19
2026-08-02,1303,11,123,145.5,6
2026-08-02,1323,65,128,132,13
2026-08-02,1054,55,80,81,7
2026-08-02,2368,22,123,175,11
2026-08-02,5536,68,158,131,13
2026-08-02,1125,37,127,149,11
2026-08-02,2034,39,131,136.0,20
2026-08-02,2428,28,152,179,11
2026-08-02,1647,29,193,219,11
2026-08-02,1101,44,140,147,17
2026-08-02,7621,47,65,84.0,4
2026-08-02,7241,11,116,145,7
2026-08-02,7238,60,83,52.5,10
2026-08-02,7239,44,82,89.0,8
2026-08-02,7240,62,70,58.5,12
2026-08-02,6338,130,130,79,13
2026-08-02,5292,23,152,178,13
2026-08-02,1808,22,108,132.0,12
2026-08-02,1391,16,101,131,7
2026-08-02,6400,13,129,125.5,12
2026-08-02,7137,71,,158.0,10
2026-08-02,1134,17,87,113.5,6
2026-08-02,1809,54,74,152.0,12
2026-08-02,6523,31,,148.5,14
2026-08-02,6522,41,117,177.0,8
2026-08-02,5287,36,66,93,13
2026-08-02,5864,51,69,98,21
2026-08-02,1816,28,106,131.0,8
2026-08-02,1062,36,83,83,11
2026-08-02,5293,39,137,137,15
2026-08-02,1070,41,80,65,7
2026-08-02,1817,27,113,69,11
2026-08-02,1147,64,89,161.0,10
2026-08-02,1810,5,,155.0,4
2026-08-02,1818,47,88,189.0,8
2026-08-02,6519,233,76,76,5
2026-08-02,1912,21,220,220,11
2026-08-02,5902,19,173,233.0,8
2026-08-02,528,51,98,145,11
2026-08-02,527,17,,111.5,2
2026-08-02,1830,40,134,146,11
2026-08-02,529,46,110,178.5,14
2026-08-02,2049,32,188,165.5,20
2026-08-02,2574,80,145,95.0,26
2026-08-02,1844,36,53,79,17
2026-08-02,539,34,110,134,9
2026-08-02,716,35,85,95,7
2026-08-02,1907,55,121,82.0,18
2026-08-02,532,29,103,113,7
2026-08-02,1850,36,135,141,17
2026-08-02,2163,21,127,143.0,10
2026-08-02,169,38,81,119.0,14
2026-08-02,2164,32,131,169,11
2026-08-02,535,25,75,93.0,8
2026-08-02,7027,23,110,142,9
2026-08-02,7024,37,99,109.0,14
2026-08-02,5431,57,80,71.0,14
2026-08-02,5615,55,110,130,19
2026-08-02,7028,24,84,76.5,6
2026-08-02,1904,37,186,161,11
2026-08-02,6081,695,121,71,19
2026-08-02,1855,88,154,175,29
2026-08-02,2622,32,152,237,13
2026-08-02,68,69,166,175.0,20
2026-08-02,81,72,127,142.5,12
2026-08-02,1906,35,153,153,11
2026-08-02,1843,58,171,218,25
2026-08-02,496,68,142,196,17
2026-08-02,1841,46,133,142,17
2026-08-02,524,48,174,181.5,20
2026-08-02,1829,64,176,231.0,16
2026-08-02,982,88,173,136.5,20
2026-08-02,2071,20,167,208.5,6
2026-08-02,1834,48,193,194,15
2026-08-02,1833,35,163,201,15
2026-08-02,200,53,162,205.0,20
2026-08-02,1959,24,182,182,15
2026-08-02,1857,25,110,176.5,14
2026-08-02,1109,68,136,173.0,30
2026-08-02,604,21,177,177,9
2026-08-02,1846,31,185,185,11
2026-08-02,1849,24,165,165,11
2026-08-02,1845,49,117,121.0,16
2026-08-02,5260,46,129,181,27
2026-08-02,1847,51,231,198,21
2026-08-02,676,25,225,246.5,10
2026-08-02,5903,262,137,144.0,30
2026-08-02,1840,42,152,188,15
2026-08-02,5904,24,221,215.5,12
2026-08-02,2050,37,220,218.0,24
2026-08-02,50,37,167,257,7
2026-08-02,37,34,171,179,13
2026-08-02,1835,40,131,204.0,16
2026-08-02,1836,71,98,125.5,20
2026-08-02,1905,32,204,176.0,12
2026-08-02,6134,113,94,120.0,18
2026-08-02,520,255,100,159,37
2026-08-02,491,40,71,81.5,12
2026-08-02,623,49,95,139.0,14
2026-08-02,7622,52,105,144.0,14
2026-08-02,7018,44,74,73.0,8
2026-08-02,7026,30,94,94,13
2026-08-02,7624,32,86,98,5
2026-08-02,7625,27,120,131.5,10
2026-08-02,6428,39,134,201.0,12
2026-08-02,6542,42,123,118.5,16
2026-08-02,2507,32,104,142,11
2026-08-02,514,45,114,115.5,18
2026-08-02,5373,74,119,121.5,22
2026-08-02,1832,55,182,150.5,18
2026-08-02,501,74,122,124.0,14
2026-08-02,730,25,214,259.5,12
2026-08-02,5496,46,163,177.0,14
2026-08-02,1852,50,181,174.0,18
2026-08-02,500,30,107,158.5,6
2026-08-02,1910,39,89,134.0,14
2026-08-02,190,36,128,155,15
2026-08-02,5721,37,121,76,15
2026-08-02,178,38,71,92,23
2026-08-02,1856,24,112,140.5,10
2026-08-02,1831,20,139,110.5,8
2026-08-02,5356,33,151,183,21
2026-08-02,693,36,118,118.0,8
2026-08-02,2069,33,149,127.5,14
2026-08-02,662,13,107,103.5,8
2026-08-02,6414,23,114,141,11
2026-08-02,826,25,108,103,7
2026-08-02,691,16,146,182.0,8
2026-08-02,762,37,195,202.0,20
2026-08-02,1909,39,331,240.5,12
2026-08-02,2035,50,182,174.0,26
2026-08-02,7626,31,119,122.5,10
2026-08-02,538,46,126,132.0,14
2026-08-02,144,34,126,96,11
2026-08-02,2051,29,200,217,15
2026-08-02,2165,5,,233,3
2026-08-02,747,35,130,126.0,12
2026-08-02,1851,17,114,114,9
2026-08-02,1911,43,123,166,13
2026-08-02,2020,121,194,100.5,18
2026-08-02,646,33,124,178.0,12
2026-08-02,1913,74,137,137,41
2026-08-02,5358,224,139,156,45
2026-08-02,857,10,258,350,7
2026-08-02,1854,42,146,146,11
2026-08-02,7023,55,82,70,9
2026-08-02,2162,27,131,145,11
2026-08-02,205,35,203,203,13
2026-08-02,1908,45,174,174,9
2026-08-02,1837,21,,181.0,10
2026-08-02,1839,30,127,150.5,16
2026-08-02,5357,89,102,74,27
2026-08-02,1838,10,132,156.5,8
2026-08-02,5232,149,82,84.0,16
2026-08-02,2610,132,131,70,19
2026-08-02,2052,29,241,194,15
2026-08-02,1674,64,185,248.0,28
2026-08-02,7020,33,88,97.0,8
2026-08-02,526,20,169,219,13
2026-08-02,5753,90,89,110,21
2026-08-02,7524,16,104,104,7
2026-08-02,206,43,129,121,13
2026-08-02,1562,17,110,115.5,10
2026-08-02,1423,76,56,64.5,12
2026-08-02,1249,18,49,49,5
2026-08-02,1532,23,109,115.5,8
2026-08-02,1302,37,87,100,7
2026-08-02,1318,17,127,127.5,4
2026-08-02,1558,34,100,103,17
2026-08-02,1376,29,124,137,11
2026-08-02,1565,24,102,114,11
2026-08-02,6401,51,78,81,17
2026-08-02,1429,45,,134,11
2026-08-02,1285,32,121,124,7
2026-08-02,1549,23,129,130.5,6
2026-08-02,1274,23,116,136.5,6
2026-08-02,1550,16,113,140,7
2026-08-02,1546,40,102,130,13
2026-08-02,5759,56,188,194.5,22
2026-08-02,7320,67,98,99,17
2026-08-02,6292,113,50,86,17
2026-08-02,5839,40,126,95,11
2026-08-02,5791,57,98,135,21
2026-08-02,6242,168,77,111.5,14
2026-08-02,6602,33,70,70.5,10
2026-08-02,6345,465,57,66.5,20
2026-08-02,1685,43,69,93,13
2026-08-02,1939,37,85,88.5,12
2026-08-02,2236,24,407,285.0,16
2026-08-02,6567,41,88,102,13
2026-08-02,6579,36,52,52,13
2026-08-02,2386,33,152,179.0,10
2026-08-02,6099,25,118,228,7
2026-08-02,1031,75,63,68,13
2026-08-02,1201,69,63,70,15
2026-08-02,5301,154,74,32.5,16
2026-08-02,6108,25,82,112.0,10
2026-08-02,6228,93,61,37.0,16
2026-08-02,6281,92,61,39,19
2026-08-02,6498,577,74,74,11
2026-08-02,6668,33,68,92.5,8
2026-08-02,6673,88,63,68.5,10
2026-08-02,1180,47,128,130,21
2026-08-02,5500,121,117,117,11
2026-08-02,6046,67,,103,5
2026-08-02,6150,252,64,62,21
2026-08-02,6690,121,51,93,11
2026-08-02,5398,93,59,53.5,18
2026-08-02,1574,63,191,223,19
2026-08-02,1575,37,216,240,13
2026-08-02,2524,47,244,244,21
2026-08-02,5605,290,154,142.0,14
2026-08-02,5814,91,58,67,15
2026-08-02,5815,91,52,70,11
2026-08-02,5816,66,66,61.0,10
2026-08-02,5819,51,32,62,5
2026-08-02,5823,41,62,60,11
2026-08-02,5829,30,162,162,13
2026-08-02,5859,45,72,139,15
2026-08-02,5860,16,115,135.5,8
2026-08-02,6375,51,51,57,11
2026-08-02,2140,23,101,169.5,10
2026-08-02,2141,48,122,123,19
2026-08-02,2144,39,106,149.0,20
2026-08-02,2284,22,147,178.0,16
2026-08-02,2408,32,130,140,9
2026-08-02,2526,18,145,178.5,16
2026-08-02,6007,55,143,149,13
2026-08-02,6351,17,170,122,7
2026-08-02,7049,29,32,31,5
2026-08-02,6430,105,71,88.5,16
2026-08-02,5262,32,97,127.5,18
2026-08-02,1229,34,179,154,19
2026-08-02,1244,31,159,118.0,12
2026-08-02,1502,15,194,130.5,8
2026-08-02,1174,12,,74.5,6
2026-08-02,1238,37,59,62.5,8
2026-08-02,1267,32,69,82,11
2026-08-02,1742,35,132,186.0,14
2026-08-02,1749,13,86,133.0,8
2026-08-02,1944,16,104,104,9
2026-08-02,1082,107,68,55,11
2026-08-02,6115,41,128,139,15
2026-08-02,7383,41,82,103.5,6
2026-08-02,7408,95,48,48,7
2026-08-02,2080,78,60,106.5,14
2026-08-02,5733,40,101,131,19
2026-08-02,5765,42,142,178,11
2026-08-02,7035,31,,42,3
2026-08-02,1215,5,,63,3
2026-08-02,1786,9,136,136,5
2026-08-02,1793,34,97,101,11
2026-08-02,5574,35,117,72.5,16
2026-08-02,6824,25,90,90,5
2026-08-02,1475,52,76,76.5,10
2026-08-02,1477,63,87,91.5,16
2026-08-02,1478,56,79,79,9
2026-08-02,1486,52,96,54,13
2026-08-02,1492,30,98,153,9
2026-08-02,1503,90,75,112.0,14
2026-08-02,1505,72,68,85.5,14
2026-08-02,1508,38,69,89.0,8
2026-08-02,5474,51,119,133,15
2026-08-02,5742,29,80,79.0,10
2026-08-02,5801,42,92,142,13
2026-08-02,5894,1428,66,22,31
2026-08-02,6095,60,108,108,13
2026-08-02,6186,213,68,77,17
2026-08-02,6445,482,54,58,15
2026-08-02,6452,216,66,66,11
2026-08-02,7462,41,56,56,11
2026-08-02,7463,91,49,54.5,14
2026-08-02,7464,56,50,36,11
2026-08-02,7465,125,62,74.0,8
2026-08-02,7466,133,82,61.5,4
2026-08-02,7467,90,64,82.5,12
2026-08-02,7468,123,64,85,11
2026-08-02,6205,376,57,28.0,22
2026-08-02,5436,69,93,96.0,10
2026-08-02,2593,46,78,88.0,14
2026-08-02,2594,66,66,66,11
2026-08-02,2595,61,71,113.5,12
2026-08-02,5991,52,132,109.0,4
2026-08-02,5994,30,105,140,9
2026-08-02,5996,22,120,120,9
2026-08-02,5999,60,96,150,7
2026-08-02,7252,47,30,30,7
2026-08-02,7473,122,34,34,13
2026-08-02,7480,13,79,79,5
2026-08-02,7481,33,82,111,13
2026-08-02,7482,155,39,39,13
2026-08-02,7485,78,31,47.0,8
2026-08-02,7489,147,33,34,11
2026-08-02,7490,38,85,79.5,10
2026-08-02,1893,30,88,98.5,14
2026-08-02,2066,40,75,75,15
2026-08-02,5625,86,92,109.5,20
2026-08-02,6868,48,85,112.0,10
2026-08-02,7521,34,103,103,7
2026-08-02,7541,99,146,136,21
2026-08-02,7544,285,164,286,33
2026-08-02,2096,53,87,120,13
2026-08-02,5626,65,76,105.0,20
2026-08-02,5686,206,74,89.5,20
2026-08-02,6937,23,120,132.5,8
2026-08-02,6938,73,82,82.5,16
2026-08-02,6940,14,55,86.5,2
2026-08-02,7308,18,114,142.5,6
2026-08-02,2528,21,75,136.0,12
2026-08-02,1556,21,131,92.0,10
2026-08-02,2032,30,193,265,17
2026-08-02,2552,243,133,155,15
2026-08-02,2645,13,,224,7
2026-08-02,6100,33,152,154,11
2026-08-02,6396,43,138,156,9
2026-08-02,7237,133,58,62.0,12
2026-08-02,7588,64,60,95,7
2026-08-02,5630,596,34,31.5,24
2026-08-02,5631,216,49,55.0,20
2026-08-02,5662,66,58,100.5,34
2026-08-02,5696,306,50,24,17
2026-08-02,5704,79,56,75.0,16
2026-08-02,1969,50,114,109,19
2026-08-02,1970,23,151,178.0,16
2026-08-02,1972,65,47,47,25
2026-08-02,1993,22,118,124.0,12
2026-08-02,2002,180,42,64,15
2026-08-02,2042,49,143,145.0,18
2026-08-02,2354,29,102,80,17
2026-08-02,2355,38,84,94,11
2026-08-02,2358,16,89,89,7
2026-08-02,2480,104,43,57,11
2026-08-02,2515,62,66,65.5,20
2026-08-02,5226,266,48,48,15
2026-08-02,5230,971,67,67,17
2026-08-02,5273,283,46,46,17
2026-08-02,5274,159,112,84.5,16
2026-08-02,5278,187,87,60,21
2026-08-02,5322,228,130,148.0,24
2026-08-02,5467,220,82,53.5,16
2026-08-02,5569,39,88,155.5,16
2026-08-02,5786,250,50,104,21
2026-08-02,5869,296,66,82,17
2026-08-02,6111,61,62,64,11
2026-08-02,6113,52,47,78,17
2026-08-02,6116,14,93,84.5,6
2026-08-02,6118,75,61,61,19
2026-08-02,6398,39,59,78,9
2026-08-02,6406,233,46,54.5,10
2026-08-02,6447,35,79,79,11
2026-08-02,6466,96,35,30,15
2026-08-02,6467,100,39,72,19
2026-08-02,6543,275,69,75.0,12
2026-08-02,6961,42,62,62,9
2026-08-02,6962,27,89,58,9
2026-08-02,7128,85,100,100,13
2026-08-02,7131,54,117,130,15
2026-08-02,7134,140,46,55,17
2026-08-02,7314,91,58,69,15
2026-08-02,2633,38,165,223.0,12
2026-08-02,6968,67,56,56,9
2026-08-02,2361,25,129,150,15
2026-08-02,1985,48,65,92.0,16
2026-08-02,1987,16,105,89.5,12
2026-08-02,1999,180,31,85,9
2026-08-02,2003,76,40,44,9
2026-08-02,2008,45,103,113.5,18
2026-08-02,2362,68,52,52,25
2026-08-02,5374,32,122,128.0,14
2026-08-02,5376,28,74,74,13
2026-08-02,5564,59,72,79,11
2026-08-02,5653,89,62,58.5,14
2026-08-02,5658,59,129,106,21
2026-08-02,5752,139,48,97,17
2026-08-02,6126,44,59,123,9
2026-08-02,6151,132,48,40,19
2026-08-02,6540,61,86,103.0,10
2026-08-02,7002,13,74,56.0,6
2026-08-02,6524,205,78,86,17
2026-08-02,1153,40,104,66.0,8
2026-08-02,7025,39,97,98.0,10
2026-08-02,893,74,71,87.5,8
2026-08-02,124,16,334,278.5,10
2026-08-02,265,18,293,313.5,6
2026-08-02,832,37,95,65.5,10
2026-08-02,860,112,82,21.0,20
2026-08-02,824,30,95,137,9
2026-08-02,695,23,96,93,11
2026-08-02,931,80,68,77,11
2026-08-02,828,44,84,73.5,18
2026-08-02,842,29,189,126.0,16
2026-08-02,734,95,146,146,25
2026-08-02,790,17,129,178,9
2026-08-02,630,38,73,82.5,12
2026-08-02,627,36,91,97,5
2026-08-02,7469,0,,,0
2026-08-02,6931,0,,,0
2026-08-02,7646,0,,,0
2026-08-02,6986,0,,,0
2026-08-02,909,49,97,97,17
2026-08-02,773,20,70,100,5
2026-08-02,700,20,118,49,7
2026-08-02,409,27,110,100.0,6
2026-08-02,2244,0,,,0
2026-08-02,903,9,118,118,3
2026-08-02,198,51,130,130,11
2026-08-02,796,32,109,110.5,8
2026-08-02,852,116,92,95.0,16
2026-08-02,708,53,82,84.0,16
2026-08-02,821,174,70,87,45
2026-08-02,713,131,64,98,37
2026-08-02,758,54,93,88.5,18
2026-08-02,744,227,80,80.5,22
2026-08-02,789,27,91,89,9
2026-08-02,752,49,69,69.0,8
2026-08-02,724,53,88,91.5,14
2026-08-02,723,30,173,199.0,16
2026-08-02,768,77,85,70.0,14
2026-08-02,825,76,130,136.5,20
2026-08-02,802,132,57,52.0,24
2026-08-02,799,360,28,42,21
2026-08-02,771,71,54,61.0,12
2026-08-02,6206,0,,,0
2026-08-02,6049,0,,,0
2026-08-02,449,0,,,0
2026-08-02,775,43,143,143,11
2026-08-02,830,79,120,100.0,10
2026-08-02,838,87,110,102,29
2026-08-02,862,54,136,207,11
2026-08-02,692,359,44,32,29
2026-08-02,629,53,68,56.0,16
2026-08-02,625,188,76,140,5
2026-08-02,65,37,264,300.0,20
2026-08-02,214,40,147,167.0,22
2026-08-02,229,29,124,155.0,8
2026-08-02,268,22,205,220.5,8
2026-08-02,371,0,,,0
2026-08-02,410,19,112,112,11
2026-08-02,476,30,110,134.5,6
2026-08-02,479,30,156,109.0,6
2026-08-02,519,55,141,138,7
2026-08-02,626,92,66,110,13
2026-08-02,672,286,23,28,27
2026-08-02,677,345,40,25,29
2026-08-02,678,155,90,60.5,14
2026-08-02,685,134,46,55,13
2026-08-02,694,39,61,65.5,10
2026-08-02,697,254,46,46,21
2026-08-02,703,49,58,91.0,10
2026-08-02,705,45,90,47,9
2026-08-02,714,127,57,59.0,18
2026-08-02,735,42,101,131,11
2026-08-02,736,106,26,16.0,8
2026-08-02,741,172,53,55.5,18
2026-08-02,753,68,70,70,5
2026-08-02,769,125,42,53,17
2026-08-02,770,57,125,129.5,14
2026-08-02,798,66,94,107,9
2026-08-02,831,43,32,39.0,18
2026-08-02,836,258,72,74.5,20
2026-08-02,846,46,143,172.5,12
2026-08-02,870,52,133,180.0,16
2026-08-02,7044,0,,,0
2026-08-03,607,23,90,112,9
2026-08-03,584,30,141,86.5,10
2026-08-03,6137,105,78,117.0,16
2026-08-03,7140,57,70,70,11
2026-08-03,7637,16,,218,1
2026-08-03,810,34,115,104.5,18
2026-08-03,337,14,89,48.0,10
2026-08-03,7139,72,76,92.5,8
2026-08-03,343,30,134,90,9
2026-08-03,332,14,108,148,7
2026-08-03,345,37,68,69.5,12
2026-08-03,6169,46,98,98.0,10
2026-08-03,571,18,142,100.0,12
2026-08-03,7319,49,73,86,15
2026-08-03,346,20,90,90,11
2026-08-03,327,25,73,76.5,10
2026-08-03,5892,40,83,83,17
2026-08-03,7068,96,80,70.5,8
2026-08-03,5789,121,41,43.0,10
2026-08-03,7647,143,79,72,9
2026-08-03,7321,39,77,88.5,12
2026-08-03,6530,35,110,110,11
2026-08-03,717,48,78,77.5,14
2026-08-03,297,81,25,26.0,12
2026-08-03,7322,31,90,128.0,6
2026-08-03,7067,50,57,61.0,6
2026-08-03,7059,72,100,123.0,16
2026-08-03,7061,24,114,105.5,10
2026-08-03,7060,33,78,78,13
2026-08-03,7324,255,16,24.5,14
2026-08-03,7323,28,82,99.5,12
2026-08-03,7065,38,45,67,13
2026-08-03,5466,16,60,74,7
2026-08-03,7066,38,34,42.0,10
2026-08-03,635,27,42,46,7
2026-08-03,6234,72,34,53,13
2026-08-03,7062,86,73,99,15
2026-08-03,2651,14,129,130,9
2026-08-03,5771,53,80,82,11
2026-08-03,558,51,85,113,17
2026-08-03,6207,228,31,26.5,28
2026-08-03,350,72,30,41,9
2026-08-03,353,54,44,50,9
2026-08-03,6346,53,50,106.5,8
2026-08-03,5470,91,26,53.0,20
2026-08-03,7063,69,29,34.0,20
2026-08-03,5465,23,112,131.0,12
2026-08-03,574,28,74,73,9
2026-08-03,559,32,78,78,5
2026-08-03,565,38,72,119,7
2026-08-03,7138,141,72,88.0,22
2026-08-03,7064,57,32,47.0,12
2026-08-03,5469,74,56,85.0,20
2026-08-03,998,77,31,35,15
2026-08-03,6585,320,34,34,7
2026-08-03,7069,50,75,75,7
2026-08-03,6586,60,106,118,11
2026-08-03,7042,2,,93,1
2026-08-03,7043,13,67,70.5,2
2026-08-03,6587,5,161,210.5,2
2026-08-03,7045,1,,214,1
2026-08-03,7052,13,133,144.0,8
2026-08-03,6589,18,151,140.5,6
2026-08-03,6588,108,103,101,13
2026-08-03,7053,15,71,71,1
2026-08-03,7054,37,66,58.0,2
2026-08-03,6175,32,98,125.0,4
2026-08-03,6463,230,54,98,5
2026-08-03,5792,66,44,57,11
2026-08-03,6174,94,43,48.5,6
2026-08-03,6072,40,64,65,15
2026-08-03,956,44,37,47,7
2026-08-03,823,79,37,50,7
2026-08-03,6193,100,54,54.0,6
2026-08-03,6596,401,58,68.0,28
2026-08-03,6597,135,43,21.5,14
2026-08-03,6076,84,83,83,13
2026-08-03,6288,314,49,69.0,32
2026-08-03,7655,462,60,69,19
2026-08-03,1684,35,119,124.5,14
2026-08-03,6603,146,40,42,15
2026-08-03,6617,88,44,55.0,12
2026-08-03,6248,86,62,64.0,8
2026-08-03,6448,238,58,65.0,10
2026-08-03,2289,36,103,107.0,14
2026-08-03,7654,309,46,65.0,28
2026-08-03,6590,117,,96,9
2026-08-03,6593,149,67,86.5,16
2026-08-03,6592,31,86,91,7
2026-08-03,6591,59,61,75.0,18
2026-08-03,6077,150,105,116.5,18
2026-08-03,2291,51,120,123,13
2026-08-03,1677,22,113,151,13
2026-08-03,1113,67,101,114.0,12
2026-08-03,5412,31,124,157,11
2026-08-03,1342,64,110,119,15
2026-08-03,1680,41,113,103.0,16
2026-08-03,7071,91,74,71.0,12
2026-08-03,6610,237,87,65,13
2026-08-03,6246,174,62,81,17
2026-08-03,5476,49,127,112.0,14
2026-08-03,850,40,88,120.5,18
2026-08-03,6079,37,110,134,15
2026-08-03,7070,201,66,77,13
2026-08-03,1676,55,99,123,15
2026-08-03,6339,347,94,94.5,16
2026-08-03,1683,27,70,69.0,14
2026-08-03,6600,102,78,102,9
2026-08-03,6595,156,67,68.0,10
2026-08-03,7325,114,88,50,9
2026-08-03,6594,122,96,106,15
2026-08-03,1675,99,63,59,17
2026-08-03,2498,93,72,77.0,16
2026-08-03,6244,132,62,64.5,14
2026-08-03,1678,12,134,169,11
2026-08-03,6598,203,60,33.5,12
2026-08-03,2278,34,108,126,11
2026-08-03,2036,536,64,73,29
2026-08-03,6080,57,116,116,13
2026-08-03,2508,61,104,40,11
2026-08-03,6243,98,49,62.5,12
2026-08-03,6249,216,49,58.5,18
2026-08-03,1235,100,71,78,21
2026-08-03,6247,140,57,64,15
2026-08-03,5441,84,88,82,19
2026-08-03,6608,95,54,62,11
2026-08-03,6484,118,58,70,15
2026-08-03,5501,73,120,118,23
2026-08-03,887,68,96,76.0,14
2026-08-03,2022,44,91,155.5,14
2026-08-03,6078,110,86,111.0,20
2026-08-03,6607,171,35,54.5,14
2026-08-03,6166,78,95,107.5,8
2026-08-03,6136,185,84,123.5,14
2026-08-03,1686,36,98,118,15
2026-08-03,1236,67,77,77,9
2026-08-03,7328,122,56,56,11
2026-08-03,1681,23,154,113.5,14
2026-08-03,5840,80,137,169,15
2026-08-03,6235,39,125,133.5,12
2026-08-03,915,73,86,76.5,12
2026-08-03,1860,44,83,107,9
2026-08-03,2018,57,83,133.5,10
2026-08-03,5442,51,96,96,17
2026-08-03,6599,73,81,81,7
2026-08-03,1862,63,74,98,11
2026-08-03,6601,181,51,66.5,8
2026-08-03,1100,16,188,178.0,8
2026-08-03,6605,227,56,56.0,20
2026-08-03,6606,165,70,62.0,18
2026-08-03,2021,39,108,108,17
2026-08-03,6615,258,73,98.0,20
2026-08-03,6611,119,89,54,31
2026-08-03,5407,55,92,111.0,14
2026-08-03,6609,127,69,65.5,18
2026-08-03,5319,22,131,147,11
2026-08-03,1679,9,116,116,7
2026-08-03,1859,66,71,56,19
2026-08-03,6613,191,76,76.0,16
2026-08-03,5886,60,84,141,5
2026-08-03,5345,46,91,109,25
2026-08-03,6220,118,77,108,17
2026-08-03,6413,418,78,105,19
2026-08-03,2503,79,73,114.0,12
2026-08-03,2496,58,75,70.0,10
2026-08-03,6545,133,78,110,13
2026-08-03,5549,19,129,129,11
2026-08-03,2642,60,65,94.5,10
2026-08-03,1072,24,103,71,9
2026-08-03,6614,104,128,62,19
2026-08-03,5475,28,118,125,13
2026-08-03,1858,25,113,178,9
2026-08-03,6612,138,74,76.0,20
2026-08-03,827,27,140,155,11
2026-08-03,5366,45,162,149.5,12
2026-08-03,1861,40,95,125,19
2026-08-03,5734,70,73,68,15
2026-08-03,6616,238,49,51.0,14
2026-08-03,6604,90,94,94.0,16
2026-08-03,1682,15,161,141.5,8
2026-08-03,6245,53,121,134,9
2026-08-03,6318,124,56,65.0,8
2026-08-03,7329,81,52,38,21
2026-08-03,7326,43,41,44.5,12
2026-08-03,7330,106,62,54,9
2026-08-03,1010,51,97,98.0,10
2026-08-03,1034,36,53,57,9
2026-08-03,7327,113,51,40,9
2026-08-03,386,29,268,224.5,10
2026-08-03,6251,61,178,150,23
2026-08-03,230,33,199,211.0,12
2026-08-03,215,22,192,182,13
2026-08-03,224,20,232,232,7
2026-08-03,364,18,311,306,11
2026-08-03,373,31,198,228.5,14
2026-08-03,202,22,463,284.5,22
2026-08-03,1712,33,310,321,15
2026-08-03,396,38,384,384,15
2026-08-03,2210,48,266,296,15
2026-08-03,38,43,143,153.5,6
2026-08-03,33,38,328,344,13
2026-08-03,52,27,240,240.0,10
2026-08-03,2221,51,338,353,37
2026-08-03,27,22,351,169.5,6
2026-08-03,73,58,217,210.5,16
2026-08-03,45,42,323,326.5,16
2026-08-03,40,61,348,349,25
2026-08-03,2207,46,196,186,17
2026-08-03,1704,39,200,201,17
2026-08-03,2055,24,407,347.5,12
2026-08-03,1705,46,265,307,27
2026-08-03,98,12,240,212.5,6
2026-08-03,252,28,125,181.5,14
2026-08-03,6563,65,176,246,15
2026-08-03,2436,85,206,233.0,24
2026-08-03,254,30,165,206.5,10
2026-08-03,2056,23,491,354.0,18
2026-08-03,125,45,248,260.0,20
2026-08-03,6618,38,162,112,13
2026-08-03,326,50,117,188,17
2026-08-03,5898,107,146,188.5,20
2026-08-03,111,42,224,212,7
2026-08-03,1696,36,257,194,19
2026-08-03,293,45,232,232,11
2026-08-03,2212,33,244,270,19
2026-08-03,5480,57,374,132,15
2026-08-03,331,40,261,167,13
2026-08-03,146,23,158,162.0,10
2026-08-03,330,18,,117,7
2026-08-03,1940,23,185,182.0,12
2026-08-03,6253,44,182,214.5,14
2026-08-03,1708,17,204,225.5,10
2026-08-03,1636,83,184,190.5,26
2026-08-03,59,33,210,246,7
2026-08-03,6254,81,154,115.0,10
2026-08-03,443,35,193,251,17
2026-08-03,149,22,208,215,13
2026-08-03,321,125,190,162,15
2026-08-03,6620,32,60,60,13
2026-08-03,6619,96,52,56.5,22
2026-08-03,6663,38,50,70,11
2026-08-03,6557,187,43,60.5,14
2026-08-03,6634,93,54,62,13
2026-08-03,6558,120,49,47.0,16
2026-08-03,6664,23,91,104.5,8
2026-08-03,6662,189,71,67,35
2026-08-03,6661,36,,47,9
2026-08-03,6660,91,58,48,15
2026-08-03,284,31,340,263.5,14
2026-08-03,76,13,417,596,5
2026-08-03,6551,102,149,164.5,16
2026-08-03,82,22,477,344,17
2026-08-03,136,27,307,127,7
2026-08-03,6554,29,177,188.0,14
2026-08-03,141,23,201,257,11
2026-08-03,281,56,249,263.0,18
2026-08-03,2216,30,209,229,11
2026-08-03,75,8,323,211.5,6
2026-08-03,72,23,232,188.5,10
2026-08-03,14,33,161,117,11
2026-08-03,2202,44,220,235,13
2026-08-03,219,38,232,233.0,16
2026-08-03,2232,34,212,212,11
2026-08-03,362,37,,169.5,18
2026-08-03,5400,149,204,251,13
2026-08-03,221,47,243,174,13
2026-08-03,446,20,,417,5
2026-08-03,302,18,219,211.5,6
2026-08-03,6633,119,131,165,11
2026-08-03,5899,129,107,108.0,14
2026-08-03,6631,46,177,91,7
2026-08-03,273,26,320,321,9
2026-08-03,5900,44,181,216,15
2026-08-03,32,27,234,212.0,8
2026-08-03,286,23,327,144,7
2026-08-03,6314,569,130,150.5,10
2026-08-03,285,80,220,224,25
2026-08-03,6178,126,181,181,21
2026-08-03,2059,24,312,273.0,16
2026-08-03,36,20,206,284.5,6
2026-08-03,6626,94,66,64.0,14
2026-08-03,6625,148,51,45,5
2026-08-03,6627,89,46,52.0,6
2026-08-03,6624,56,58,58,9
2026-08-03,6623,76,69,63.0,12
2026-08-03,6622,84,95,94.0,10
2026-08-03,6621,102,82,55.0,10
2026-08-03,94,27,199,199.5,8
2026-08-03,287,17,241,240,7
2026-08-03,6628,123,89,87,17
2026-08-03,6654,76,86,97.5,14
2026-08-03,6572,56,89,94.0,8
2026-08-03,6666,50,118,143,13
2026-08-03,6582,134,115,115,13
2026-08-03,7073,247,89,89.0,22
2026-08-03,6575,96,103,112,5
2026-08-03,6638,26,115,140.0,6
2026-08-03,370,43,123,123,7
2026-08-03,6559,79,91,103,9
2026-08-03,188,45,249,302.0,22
2026-08-03,359,42,415,557.5,10
2026-08-03,368,30,352,214.0,8
2026-08-03,398,71,309,339,25
2026-08-03,204,21,400,400,9
2026-08-03,270,24,281,294.5,10
2026-08-03,272,32,195,242,13
2026-08-03,351,398,274,274,39
2026-08-03,376,38,359,242.5,12
2026-08-03,1865,16,239,249.0,6
2026-08-03,2235,108,282,233.0,38
2026-08-03,1688,22,241,222,15
2026-08-03,197,8,338,340.5,6
2026-08-03,388,12,,256.5,2
2026-08-03,1517,48,94,122,13
2026-08-03,5,18,379,224,11
2026-08-03,3,33,403,248.0,12
2026-08-03,7,11,360,272.0,6
2026-08-03,4,43,418,378.5,16
2026-08-03,2321,35,434,312,19
2026-08-03,1689,29,389,315.5,18
2026-08-03,2058,20,372,362,11
2026-08-03,28,22,541,401.0,10
2026-08-03,305,56,428,403.0,20
2026-08-03,121,25,450,455.5,16
2026-08-03,2209,51,113,67,11
2026-08-03,6571,24,76,54.0,6
2026-08-03,2208,60,110,88,25
2026-08-03,6648,31,89,116,11
2026-08-03,6650,19,113,79.0,8
2026-08-03,283,17,190,260,5
2026-08-03,6647,24,,162.0,4
2026-08-03,2215,46,133,121.5,14
2026-08-03,6645,22,112,125.5,6
2026-08-03,6580,56,71,84.0,16
2026-08-03,6629,42,78,91,11
2026-08-03,299,28,224,307,17
2026-08-03,1864,114,209,184.0,28
2026-08-03,69,33,304,265.0,10
2026-08-03,296,41,135,156.5,16
2026-08-03,292,66,216,239.5,26
2026-08-03,212,45,146,146,9
2026-08-03,300,14,151,152.0,10
2026-08-03,152,25,241,227.0,14
2026-08-03,2173,19,220,184.5,10
2026-08-03,2518,54,377,377,17
2026-08-03,1,62,229,240.0,22
2026-08-03,5862,241,221,198.5,20
2026-08-03,15,53,223,175,13
2026-08-03,70,74,242,271,11
2026-08-03,2229,58,338,360.5,10
2026-08-03,241,21,490,435.0,12
2026-08-03,207,101,170,198,17
2026-08-03,61,31,206,238.0,12
2026-08-03,164,8,347,347,3
2026-08-03,366,23,237,333,7
2026-08-03,354,19,302,246.5,8
2026-08-03,1867,44,283,220.5,22
2026-08-03,140,24,298,298,9
2026-08-03,2060,18,430,310,13
2026-08-03,308,44,303,308.0,14
2026-08-03,2211,237,184,202,23
2026-08-03,2222,14,,143.5,4
2026-08-03,23,57,223,234,23
2026-08-03,64,35,227,233.0,14
2026-08-03,158,52,251,320,23
2026-08-03,86,36,250,339,11
2026-08-03,90,93,146,156,19
2026-08-03,306,17,448,448,7
2026-08-03,304,33,300,419,15
2026-08-03,311,14,275,232.5,8
2026-08-03,340,20,276,221,7
2026-08-03,179,30,226,292.0,14
2026-08-03,1706,37,158,157.0,24
2026-08-03,6261,47,235,160,13
2026-08-03,378,25,253,253,15
2026-08-03,320,93,194,231.0,30
2026-08-03,1707,44,193,184,13
2026-08-03,2192,68,171,110,19
2026-08-03,6552,141,124,124,9
2026-08-03,6640,54,94,94,11
2026-08-03,1582,89,129,173.5,18
2026-08-03,5566,46,140,171.0,14
2026-08-03,6308,84,120,134,21
2026-08-03,6555,52,141,153.0,16
2026-08-03,1693,18,284,284.5,8
2026-08-03,5590,53,140,104,23
2026-08-03,159,83,191,191,21
2026-08-03,325,30,179,178.0,8
2026-08-03,397,80,162,170.0,8
2026-08-03,186,77,123,166.5,16
2026-08-03,7079,21,83,81,7
2026-08-03,228,22,117,143,9
2026-08-03,157,74,96,100,15
2026-08-03,339,44,119,178.0,10
2026-08-03,6464,676,59,66.5,10
2026-08-03,6639,146,93,99.5,14
2026-08-03,7080,33,99,115,9
2026-08-03,96,43,272,262,15
2026-08-03,54,25,212,192,9
2026-08-03,2253,67,274,274,17
2026-08-03,43,22,355,168.5,6
2026-08-03,312,28,310,236.5,10
2026-08-03,2255,42,261,177.0,22
2026-08-03,245,46,268,325.5,6
2026-08-03,5220,64,166,237,13
2026-08-03,42,31,366,150.5,12
2026-08-03,46,23,352,441,7
2026-08-03,1698,30,161,175.0,14
2026-08-03,1512,57,202,202.0,16
2026-08-03,155,18,163,163,7
2026-08-03,1702,32,204,245.5,16
2026-08-03,160,17,,151.5,10
2026-08-03,5565,106,134,180.0,22
2026-08-03,438,29,150,141.5,8
2026-08-03,380,29,277,291.0,8
2026-08-03,307,31,256,283,13
2026-08-03,275,61,184,185.0,12
2026-08-03,7331,373,83,84.0,10
2026-08-03,5622,90,128,128,15
2026-08-03,447,56,119,112,11
2026-08-03,7334,49,122,122,5
2026-08-03,7332,66,169,195.0,10
2026-08-03,6370,77,84,112.5,8
2026-08-03,145,31,254,257.0,12
2026-08-03,2062,20,305,374.5,14
2026-08-03,18,56,248,248,13
2026-08-03,240,48,,194,9
2026-08-03,2167,33,349,349,13
2026-08-03,6653,34,149,174,11
2026-08-03,226,52,212,206,13
2026-08-03,216,38,165,189.0,12
2026-08-03,237,81,254,254,19
2026-08-03,5382,69,278,318,23
2026-08-03,5799,33,223,278.5,14
2026-08-03,6568,13,190,190,7
2026-08-03,223,58,277,298.5,16
2026-08-03,217,24,145,111.5,6
2026-08-03,444,39,149,184.5,12
2026-08-03,180,46,171,172.0,8
2026-08-03,211,41,147,127,9
2026-08-03,342,47,139,177.0,12
2026-08-03,358,69,143,149.0,32
2026-08-03,30,27,177,148,9
2026-08-03,2272,36,209,235.0,20
2026-08-03,6630,86,117,123.0,14
2026-08-03,6636,255,83,45,17
2026-08-03,6560,59,56,64.0,12
2026-08-03,6642,248,69,54.5,24
2026-08-03,2064,21,166,124,15
2026-08-03,2063,63,227,279,17
2026-08-03,2181,61,176,242.5,12
2026-08-03,6564,89,76,83.5,12
2026-08-03,7081,12,72,77.0,6
2026-08-03,6581,39,146,146,5
2026-08-03,6562,87,102,102,15
2026-08-03,6241,535,186,160,19
2026-08-03,6565,77,106,101,23
2026-08-03,6656,133,158,158,13
2026-08-03,24,55,186,212.0,8
2026-08-03,92,25,309,315.0,14
2026-08-03,58,19,231,157,7
2026-08-03,317,29,287,267,9
2026-08-03,6259,70,159,159,13
2026-08-03,303,79,212,224,13
2026-08-03,395,39,226,245.0,18
2026-08-03,1937,23,212,272,9
2026-08-03,384,14,229,248.0,12
2026-08-03,2536,80,135,136.5,22
2026-08-03,137,23,169,98.5,10
2026-08-03,6553,74,140,140,7
2026-08-03,195,33,255,258.0,6
2026-08-03,2230,32,217,217,19
2026-08-03,5485,49,250,271.5,20
2026-08-03,6577,17,184,212.0,6
2026-08-03,1695,35,286,205.0,18
2026-08-03,6578,60,143,166,9
2026-08-03,6641,57,112,130,11
2026-08-03,6255,40,401,218,11
2026-08-03,387,7,,265,7
2026-08-03,448,18,363,407,9
2026-08-03,168,29,167,119,13
2026-08-03,439,10,532,397,7
2026-08-03,393,26,305,187.5,12
2026-08-03,247,45,208,277.5,24
2026-08-03,112,17,240,274.0,10
2026-08-03,235,43,243,258.0,14
2026-08-03,63,30,376,260.5,8
2026-08-03,2053,11,251,295.0,10
2026-08-03,20,69,242,234.5,10
2026-08-03,248,63,230,237,15
2026-08-03,135,37,240,537.5,8
2026-08-03,6561,56,129,118,15
2026-08-03,2560,167,185,185,25
2026-08-03,6,55,391,431.5,24
2026-08-03,11,31,483,483,11
2026-08-03,2214,19,430,284,11
2026-08-03,1692,33,425,425,17
2026-08-03,5836,117,227,227,21
2026-08-03,363,10,,439.5,4
2026-08-03,2500,25,205,243,15
2026-08-03,1687,135,242,247.5,40
2026-08-03,379,6,180,264,5
2026-08-03,403,20,320,259.5,8
2026-08-03,233,47,134,134,9
2026-08-03,143,18,217,315.0,8
2026-08-03,6250,74,267,220.5,8
2026-08-03,349,22,331,275,11
2026-08-03,357,30,347,523,15
2026-08-03,7082,26,,177.0,10
2026-08-03,1697,44,277,277,17
2026-08-03,151,8,241,197,7
2026-08-03,193,25,180,180,7
2026-08-03,1700,28,155,163.5,10
2026-08-03,365,47,116,116.0,16
2026-08-03,253,47,160,171.0,12
2026-08-03,338,47,174,178.0,10
2026-08-03,1713,36,200,183,23
2026-08-03,6632,55,128,157,7
2026-08-03,177,17,264,208.5,8
2026-08-03,390,52,154,193,9
2026-08-03,280,22,344,342.5,10
2026-08-03,394,17,,290.0,10
2026-08-03,1710,61,264,291.0,28
2026-08-03,7075,26,230,191.5,6
2026-08-03,7072,12,234,161.5,6
2026-08-03,2206,42,125,233,15
2026-08-03,2205,28,233,195,15
2026-08-03,2220,64,159,175.0,18
2026-08-03,2231,16,283,269.0,8
2026-08-03,295,52,239,267,11
2026-08-03,315,25,226,235.0,6
2026-08-03,1651,63,207,214.0,16
2026-08-03,213,38,206,212,17
2026-08-03,277,33,175,127,15
2026-08-03,189,14,249,266.0,8
2026-08-03,316,35,303,303,11
2026-08-03,210,50,108,150.0,10
2026-08-03,6258,66,116,82,15
2026-08-03,181,782,95,76.0,22
2026-08-03,372,12,337,343.0,6
2026-08-03,392,18,130,139,7
2026-08-03,377,18,254,254,11
2026-08-03,360,17,342,282,11
2026-08-03,161,8,336,319,5
2026-08-03,1868,6,315,315,5
2026-08-03,375,7,,191.0,4
2026-08-03,2567,76,128,123.5,20
2026-08-03,1690,62,161,197.0,24
2026-08-03,222,30,177,191,7
2026-08-03,2057,29,298,298.0,16
2026-08-03,100,36,315,400,13
2026-08-03,7074,106,95,95,15
2026-08-03,6138,91,95,87.5,6
2026-08-03,5854,87,95,122,5
2026-08-03,97,69,403,408,21
2026-08-03,139,33,298,288.0,14
2026-08-03,171,60,350,282,23
2026-08-03,2430,82,222,168,19
2026-08-03,47,43,446,267,23
2026-08-03,2227,11,390,208.5,8
2026-08-03,185,25,370,336,11
2026-08-03,264,32,300,300.5,10
2026-08-03,5481,37,255,257.5,16
2026-08-03,6236,264,56,56,13
2026-08-03,1514,29,,103.5,10
2026-08-03,400,18,,194.5,8
2026-08-03,367,28,270,213.5,10
2026-08-03,1664,40,187,204,19
2026-08-03,2189,32,195,287,19
2026-08-03,7335,166,56,69,7
2026-08-03,5901,55,90,95.0,12
2026-08-03,133,30,164,164,7
2026-08-03,44,27,102,53,11
2026-08-03,5383,65,268,295,27
2026-08-03,246,33,239,195.5,14
2026-08-03,6262,135,117,138,11
2026-08-03,209,38,237,248.5,16
2026-08-03,329,21,,119.0,8
2026-08-03,6173,72,182,201.5,14
2026-08-03,301,26,144,219,11
2026-08-03,6260,206,93,111,19
2026-08-03,314,31,157,127,13
2026-08-03,6416,90,148,180.0,8
2026-08-03,2237,33,212,216,11
2026-08-03,278,32,358,146,11
2026-08-03,6556,51,,139,9
2026-08-03,1694,57,142,142,23
2026-08-03,93,29,351,221.5,10
2026-08-03,6569,25,,138.5,4
2026-08-03,127,14,287,287,7
2026-08-03,78,17,295,136,9
2026-08-03,165,20,317,205.5,10
2026-08-03,274,31,245,265.0,10
2026-08-03,1699,25,295,169,11
2026-08-03,451,26,170,200,9
2026-08-03,282,18,180,154.5,4
2026-08-03,192,32,235,196,9
2026-08-03,279,94,138,234.5,12
2026-08-03,383,33,163,165.5,14
2026-08-03,1863,39,218,229.0,18
2026-08-03,257,41,169,114,9
2026-08-03,62,15,473,155.5,12
2026-08-03,66,45,426,361,19
2026-08-03,71,22,360,360.5,10
2026-08-03,79,47,297,300.0,16
2026-08-03,17,79,312,323,25
2026-08-03,80,37,329,285.0,16
2026-08-03,51,16,420,420,7
2026-08-03,87,68,336,238,29
2026-08-03,262,24,369,369,5
2026-08-03,259,53,323,331,11
2026-08-03,1656,109,219,219,37
2026-08-03,2271,35,248,253,17
2026-08-03,6422,256,179,206.5,10
2026-08-03,2224,48,208,240,23
2026-08-03,2061,13,391,305,11
2026-08-03,2185,27,147,183.0,10
2026-08-03,2180,174,117,125.5,36
2026-08-03,7076,79,106,118,7
2026-08-03,6665,79,82,161,7
2026-08-03,6574,48,111,132.5,8
2026-08-03,6573,122,62,38,11
2026-08-03,6652,29,94,139,9
2026-08-03,6635,93,112,113.0,14
2026-08-03,5269,290,233,192.5,20
2026-08-03,25,36,189,203.0,10
2026-08-03,95,32,294,294,7
2026-08-03,232,36,271,304.5,14
2026-08-03,6304,291,338,338,11
2026-08-03,2223,31,342,246.0,20
2026-08-03,218,9,349,318.5,4
2026-08-03,134,48,307,305.0,12
2026-08-03,2054,32,251,263.5,14
2026-08-03,2627,58,246,246,17
2026-08-03,261,22,190,369,7
2026-08-03,6657,22,194,194,9
2026-08-03,260,91,205,205.0,26
2026-08-03,1691,90,167,170.0,20
2026-08-03,242,65,176,223.5,26
2026-08-03,26,35,161,165,9
2026-08-03,6658,27,,108,9
2026-08-03,2260,55,126,241.5,16
2026-08-03,6570,46,139,111,11
2026-08-03,445,44,122,122,19
2026-08-03,6637,31,183,221.0,8
2026-08-03,6252,24,353,182,11
2026-08-03,1941,50,257,275.0,22
2026-08-03,6566,38,175,202.5,12
2026-08-03,1709,22,211,99.5,10
2026-08-03,334,18,178,162.5,6
2026-08-03,7242,48,95,114.5,10
2026-08-03,7333,64,132,176.0,10
2026-08-03,313,16,189,172.0,8
2026-08-03,6332,52,102,102,15
2026-08-03,2381,40,275,380,13
2026-08-03,256,62,213,244.5,28
2026-08-03,2217,54,295,191,19
2026-08-03,89,28,300,246,9
2026-08-03,163,19,255,217,11
2026-08-03,2023,19,223,233,17
2026-08-03,385,20,174,251,7
2026-08-03,77,29,102,132.0,10
2026-08-03,6256,69,,87.5,8
2026-08-03,6483,248,102,102,9
2026-08-03,88,33,217,159.5,6
2026-08-03,355,12,251,302.5,8
2026-08-03,374,98,255,294.0,22
2026-08-03,352,45,240,197.5,12
2026-08-03,2282,62,239,319.0,16
2026-08-03,162,20,271,316.5,4
2026-08-03,382,28,200,200.0,10
2026-08-03,266,39,249,319,9
2026-08-03,5228,407,139,154.5,36
2026-08-03,1231,27,142,175.0,12
2026-08-03,1866,52,224,241.0,28
2026-08-03,48,51,240,264.5,10
2026-08-03,1711,79,143,171,15
2026-08-03,220,36,171,181,15
2026-08-03,335,21,242,176,7
2026-08-03,2257,36,205,245.0,12
2026-08-03,243,26,246,140,11
2026-08-03,225,31,243,243,7
2026-08-03,5386,173,199,139.5,28
2026-08-03,142,37,168,247.5,8
2026-08-03,1630,22,208,89,5
2026-08-03,6576,75,110,130.0,6
2026-08-03,6649,44,103,205.0,6
2026-08-03,6646,12,98,98,3
2026-08-03,5794,49,130,145,7
2026-08-03,6276,143,107,74,7
2026-08-03,6421,33,184,224.0,10
2026-08-03,2225,15,290,192.5,8
2026-08-03,6161,196,190,191,21
2026-08-03,250,33,252,247.0,10
2026-08-03,1367,45,304,221,17
2026-08-03,2270,48,149,135,19
2026-08-03,153,54,124,111.5,14
2026-08-03,184,58,189,175,19
2026-08-03,309,17,244,253.0,6
2026-08-03,5285,69,237,226.0,22
2026-08-03,318,11,205,192.5,6
2026-08-03,150,48,226,187.5,24
2026-08-03,2532,75,224,227.0,18
2026-08-03,263,398,150,150,13
2026-08-03,7078,51,76,63.5,10
2026-08-03,7077,143,81,81,13
2026-08-03,2287,35,278,302.0,14
2026-08-03,21,57,187,187,19
2026-08-03,251,59,152,227,19
2026-08-03,255,40,213,213,7
2026-08-03,2218,44,237,244.0,16
2026-08-03,6659,16,,163.0,10
2026-08-03,6644,73,73,86,15
2026-08-03,6643,168,90,90,9
2026-08-03,227,20,184,179.5,8
2026-08-03,6651,41,132,132,9
2026-08-03,67,42,308,370.0,16
2026-08-03,173,616,250,234.0,30
2026-08-03,6257,68,174,185.0,14
2026-08-03,128,27,145,156,9
2026-08-03,6371,50,121,96.5,12
2026-08-03,341,17,257,326,11
2026-08-03,440,49,185,207.5,16
2026-08-03,19,64,281,295.5,22
2026-08-03,1703,27,157,152.0,10
2026-08-03,336,29,172,212,13
2026-08-03,333,34,129,164,13
2026-08-03,2037,42,360,365.0,24
2026-08-03,2234,78,,249,11
2026-08-03,154,112,174,209.5,36
2026-08-03,437,44,260,266.5,10
2026-08-03,156,34,163,181,5
2026-08-03,238,14,179,213.0,6
2026-08-03,231,16,268,228.0,6
2026-08-03,1701,36,216,218.5,12
2026-08-03,174,20,328,291.5,12
2026-08-03,442,24,278,290.5,14
2026-08-03,441,19,290,292.0,8
2026-08-03,55,44,259,238.5,18
2026-08-03,7083,101,86,134,13
2026-08-03,120,87,335,230.0,22
2026-08-03,49,11,271,271,3
2026-08-03,126,52,278,348.0,20
2026-08-03,249,21,350,350,7
2026-08-03,244,40,336,227,11
2026-08-03,6655,23,122,180.5,6
2026-08-03,13,31,286,231.5,12
2026-08-03,347,27,266,241.5,12
2026-08-03,2,71,382,308,17
2026-08-03,12,47,485,270.0,20
2026-08-03,8,24,442,329,11
2026-08-03,2228,19,,194.0,8
2026-08-03,6156,117,126,134.5,16
2026-08-03,837,26,135,189,7
2026-08-03,6538,34,,176.5,8
2026-08-03,6461,251,73,82.0,12
2026-08-03,746,28,124,149.5,10
2026-08-03,5250,35,167,70,13
2026-08-03,1160,40,126,126,9
2026-08-03,919,32,166,178.0,14
2026-08-03,784,17,162,188.5,8
2026-08-03,2523,104,124,124,27
2026-08-03,895,26,164,169.5,10
2026-08-03,1055,63,86,106,13
2026-08-03,5426,17,,139,9
2026-08-03,977,79,111,105.0,20
2026-08-03,1230,18,121,134.0,8
2026-08-03,2521,98,124,124.5,18
2026-08-03,6539,36,110,111.5,10
2026-08-03,6097,39,130,180.0,10
2026-08-03,5249,65,102,102.0,14
2026-08-03,680,21,145,207,9
2026-08-03,6226,28,103,121,11
2026-08-03,6516,55,114,129,7
2026-08-03,7652,9,,105.5,8
2026-08-03,1188,14,,75,7
2026-08-03,6240,83,92,128,13
2026-08-03,6347,11,103,149.5,4
2026-08-03,6372,27,129,167,9
2026-08-03,1246,25,189,204.0,14
2026-08-03,6681,12,128,101,7
2026-08-03,6680,35,110,92,5
2026-08-03,6316,45,108,133.5,8
2026-08-03,5762,47,122,160,19
2026-08-03,5577,50,137,157.0,20
2026-08-03,1872,53,143,162,25
2026-08-03,988,37,184,220,11
2026-08-03,6667,19,141,147.5,6
2026-08-03,1871,19,153,144.0,8
2026-08-03,6679,46,131,128,7
2026-08-03,1006,84,66,87.5,18
2026-08-03,1382,46,100,111.5,8
2026-08-03,5236,84,142,91.5,18
2026-08-03,5424,32,157,168.0,16
2026-08-03,6106,21,151,233,7
2026-08-03,699,31,127,182.5,8
2026-08-03,867,34,132,205.5,12
2026-08-03,2389,32,112,113,15
2026-08-03,2522,42,87,104,23
2026-08-03,2117,27,139,143,15
2026-08-03,2118,25,140,152,17
2026-08-03,5623,81,101,146.5,16
2026-08-03,2611,149,116,52.5,22
2026-08-03,1258,91,92,159.5,12
2026-08-03,1671,36,66,147,11
2026-08-03,5342,36,162,167,13
2026-08-03,6670,23,65,65,5
2026-08-03,7030,37,62,82.0,6
2026-08-03,6110,36,107,124,11
2026-08-03,6674,47,89,95.5,8
2026-08-03,6114,30,88,106,9
2026-08-03,874,56,102,102,9
2026-08-03,5639,90,57,55.0,14
2026-08-03,6112,36,74,93.0,8
2026-08-03,5640,44,74,74,17
2026-08-03,6672,75,66,56.0,6
2026-08-03,1019,67,159,132.0,22
2026-08-03,5227,201,110,71.0,14
2026-08-03,2387,33,132,142.0,12
2026-08-03,847,56,108,105.5,8
2026-08-03,5433,31,144,171.0,10
2026-08-03,835,41,161,203.5,10
2026-08-03,879,42,125,153.0,12
2026-08-03,788,44,130,136,17
2026-08-03,811,112,163,146,23
2026-08-03,822,45,127,127,13
2026-08-03,877,38,122,101,11
2026-08-03,766,33,111,90.5,8
2026-08-03,808,43,160,146.5,10
2026-08-03,6101,16,125,138.0,6
2026-08-03,6103,36,101,134.5,12
2026-08-03,6317,29,146,182,7
2026-08-03,6348,22,169,195.0,10
2026-08-03,6480,26,94,87.5,10
2026-08-03,6678,54,64,79,9
2026-08-03,7336,68,78,80,9
2026-08-03,953,94,59,44.0,22
2026-08-03,6669,68,62,54.0,10
2026-08-03,945,12,98,95.5,8
2026-08-03,6069,34,60,99.5,6
2026-08-03,868,12,,183.5,8
2026-08-03,1715,30,105,111.0,12
2026-08-03,5265,45,105,78,19
2026-08-03,1056,87,128,90.0,24
2026-08-03,1167,42,125,146.0,8
2026-08-03,6105,22,,182,7
2026-08-03,1176,22,151,170.5,10
2026-08-03,6682,31,121,121,9
2026-08-03,5413,36,120,115.5,14
2026-08-03,2388,30,148,154.0,8
2026-08-03,933,36,142,144.0,12
2026-08-03,2174,30,91,107.0,14
2026-08-03,5221,231,90,48.0,18
2026-08-03,6684,12,99,99,5
2026-08-03,6683,93,80,96.0,16
2026-08-03,5312,113,77,57,15
2026-08-03,6677,50,71,87.0,6
2026-08-03,6676,48,98,79,9
2026-08-03,927,45,60,79.0,8
2026-08-03,949,28,109,125.5,8
2026-08-03,6671,62,75,60.5,16
2026-08-03,839,35,84,96.0,10
2026-08-03,6675,12,71,96.5,4
2026-08-03,2573,21,104,144,15
2026-08-03,905,174,100,106.5,16
2026-08-03,6685,21,141,185,9
2026-08-03,6686,43,79,81,7
2026-08-03,1066,31,93,134,13
2026-08-03,7337,43,95,89,9
2026-08-03,1046,87,111,112,19
2026-08-03,6503,137,72,72,5
2026-08-03,6688,39,106,106.5,10
2026-08-03,962,44,105,108.0,20
2026-08-03,1084,25,118,118,7
2026-08-03,878,33,111,129,11
2026-08-03,1644,26,98,103,9
2026-08-03,6477,233,90,90,7
2026-08-03,1186,23,153,119,7
2026-08-03,917,42,104,109.0,8
2026-08-03,1154,63,154,152,19
2026-08-03,1239,125,102,84,33
2026-08-03,976,36,169,169,17
2026-08-03,985,49,174,172,19
2026-08-03,5725,78,158,160,19
2026-08-03,1198,38,281,305.5,14
2026-08-03,1639,48,245,262.5,16
2026-08-03,2201,74,104,79.0,20
2026-08-03,2182,35,200,208.0,12
2026-08-03,5486,30,235,158,17
2026-08-03,947,45,65,81,7
2026-08-03,7418,58,85,99,15
2026-08-03,1347,55,74,74.5,16
2026-08-03,890,28,131,127.5,8
2026-08-03,7417,54,54,54,3
2026-08-03,7651,17,57,71.0,2
2026-08-03,7414,143,82,86.0,10
2026-08-03,1191,23,198,235,13
2026-08-03,6687,24,133,148.0,10
2026-08-03,5938,34,174,174,13
2026-08-03,1948,55,196,220.0,20
2026-08-03,1193,27,341,341,15
2026-08-03,5381,35,249,241.0,14
2026-08-03,1381,33,281,281,15
2026-08-03,1279,69,170,173.5,20
2026-08-03,1253,32,262,166.5,12
2026-08-03,1081,29,194,195,11
2026-08-03,1040,56,406,162,11
2026-08-03,2195,37,186,161.0,10
2026-08-03,1445,38,178,185,11
2026-08-03,5509,35,134,132,11
2026-08-03,1446,28,253,180.5,12
2026-08-03,5542,71,209,223.5,20
2026-08-03,1392,32,191,185.0,14
2026-08-03,1432,14,148,133.5,6
2026-08-03,2464,48,124,133,25
2026-08-03,7084,586,63,52.0,12
2026-08-03,7085,58,85,87,13
2026-08-03,7127,72,83,110.5,16
2026-08-03,1068,22,135,162,7
2026-08-03,6429,47,141,146.0,10
2026-08-03,2031,23,98,190,13
2026-08-03,5409,45,103,113.0,14
2026-08-03,7086,112,104,87,27
2026-08-03,1441,32,104,104,9
2026-08-03,1667,28,183,177,15
2026-08-03,1262,33,175,175,7
2026-08-03,1286,40,113,113,7
2026-08-03,1412,44,95,95.0,8
2026-08-03,7629,53,62,62,9
2026-08-03,7630,102,55,63,13
2026-08-03,7341,170,83,98,9
2026-08-03,7342,25,58,59,5
2026-08-03,7645,53,39,35.5,4
2026-08-03,506,51,69,69,7
2026-08-03,733,79,116,66.0,16
2026-08-03,732,58,49,40.5,8
2026-08-03,6017,46,92,114,21
2026-08-03,1934,77,114,66.0,16
2026-08-03,885,68,87,67.0,16
2026-08-03,2143,32,151,202.5,16
2026-08-03,2146,27,172,200,17
2026-08-03,634,15,132,151.0,10
2026-08-03,2540,39,173,187,7
2026-08-03,7087,156,52,52,19
2026-08-03,6024,188,54,62,21
2026-08-03,6738,45,57,57.5,6
2026-08-03,6442,116,76,82.0,10
2026-08-03,6737,106,59,59,7
2026-08-03,573,39,151,151,9
2026-08-03,5719,67,145,158,15
2026-08-03,1619,68,99,99,15
2026-08-03,6023,82,78,38,21
2026-08-03,6753,161,68,53.5,22
2026-08-03,2537,27,117,131.0,12
2026-08-03,6689,118,62,56.0,16
2026-08-03,2137,40,146,146,21
2026-08-03,886,136,62,60.0,24
2026-08-03,2283,39,141,187.0,14
2026-08-03,545,12,84,84,7
2026-08-03,6726,74,,53,9
2026-08-03,7089,36,86,72,21
2026-08-03,7088,22,122,123.5,10
2026-08-03,6376,63,86,110,11
2026-08-03,6320,89,54,58.0,6
2026-08-03,6489,276,86,123.5,16
2026-08-03,6701,26,93,113.0,6
2026-08-03,6702,87,112,112.0,10
2026-08-03,6511,657,42,50.0,10
2026-08-03,2254,18,,134.5,10
2026-08-03,5746,56,192,208.5,16
2026-08-03,754,113,307,171.0,24
2026-08-03,118,21,284,234,7
2026-08-03,542,40,131,108.5,8
2026-08-03,458,34,259,272.5,6
2026-08-03,5769,71,168,168,17
2026-08-03,5852,37,212,212,7
2026-08-03,2448,55,238,246,13
2026-08-03,408,57,209,142,11
2026-08-03,5813,64,51,60,19
2026-08-03,5830,47,61,58.0,6
2026-08-03,5825,4,97,97,3
2026-08-03,5820,126,43,46.0,14
2026-08-03,5824,70,63,63,7
2026-08-03,5821,34,49,43.5,10
2026-08-03,5811,94,34,36.5,14
2026-08-03,2460,169,39,58.0,22
2026-08-03,5808,121,42,58,13
2026-08-03,5810,74,40,31.0,6
2026-08-03,5300,25,359,421.0,14
2026-08-03,416,19,220,251.5,10
2026-08-03,425,78,230,239.0,30
2026-08-03,2391,52,190,190,21
2026-08-03,2300,26,277,304,11
2026-08-03,2301,42,184,227.0,16
2026-08-03,2398,33,242,242,11
2026-08-03,1634,37,279,319,19
2026-08-03,5258,66,252,294,21
2026-08-03,417,34,233,221,21
2026-08-03,613,73,53,55.5,14
2026-08-03,2444,88,51,56,23
2026-08-03,5833,42,154,111,13
2026-08-03,5555,27,180,210.0,14
2026-08-03,6721,92,80,90.0,18
2026-08-03,536,85,105,105,13
2026-08-03,6018,42,94,98,13
2026-08-03,5334,39,91,118.0,16
2026-08-03,7101,95,76,110,15
2026-08-03,2470,125,124,52.0,24
2026-08-03,2393,46,275,266.0,14
2026-08-03,2392,26,143,227,13
2026-08-03,7090,84,171,129.5,16
2026-08-03,85,66,155,182,29
2026-08-03,433,543,74,26.0,30
2026-08-03,2403,36,149,49.0,14
2026-08-03,871,202,184,63,35
2026-08-03,420,39,207,218.5,14
2026-08-03,2306,28,264,94,17
2026-08-03,2402,37,195,212.5,16
2026-08-03,6510,137,42,35.0,10
2026-08-03,6730,111,45,20.0,14
2026-08-03,6012,132,76,90.0,26
2026-08-03,34,112,61,61,7
2026-08-03,6691,148,41,41,17
2026-08-03,6708,69,52,56,15
2026-08-03,6692,86,40,35,9
2026-08-03,5844,88,69,49.5,8
2026-08-03,6696,52,44,44,7
2026-08-03,2542,70,74,35,21
2026-08-03,6378,64,96,98,13
2026-08-03,2459,41,78,85.5,18
2026-08-03,6377,31,85,63.0,10
2026-08-03,6290,124,51,101,21
2026-08-03,6176,86,46,57.5,16
2026-08-03,6750,146,52,55,15
2026-08-03,6022,30,46,89.0,10
2026-08-03,6749,83,59,44.0,14
2026-08-03,6440,651,36,41.0,10
2026-08-03,6403,35,78,78,11
2026-08-03,6697,88,72,76,11
2026-08-03,2148,27,77,84.0,12
2026-08-03,6010,128,53,75.5,18
2026-08-03,191,33,129,168,5
2026-08-03,2149,49,101,138,21
2026-08-03,6179,120,52,61,15
2026-08-03,6735,68,47,34,9
2026-08-03,5281,34,75,65.5,12
2026-08-03,6736,45,50,42.5,8
2026-08-03,6009,54,74,89,17
2026-08-03,2455,23,131,107.5,12
2026-08-03,701,29,64,44.0,8
2026-08-03,911,34,65,67.5,6
2026-08-03,6481,47,58,58,7
2026-08-03,5756,173,54,26,11
2026-08-03,6291,113,58,58,13
2026-08-03,6698,82,58,61.0,10
2026-08-03,6423,275,49,30,11
2026-08-03,7093,97,48,26.5,24
2026-08-03,7143,229,50,50,21
2026-08-03,7102,99,50,78,21
2026-08-03,6709,153,58,54.0,10
2026-08-03,505,86,57,66.0,16
2026-08-03,2446,95,52,73,17
2026-08-03,507,128,44,32,13
2026-08-03,455,30,107,110,7
2026-08-03,502,71,79,51,11
2026-08-03,2145,29,185,229,15
2026-08-03,450,13,139,187.5,8
2026-08-03,199,40,107,105.0,10
2026-08-03,35,82,143,143.0,22
2026-08-03,518,52,120,88,7
2026-08-03,512,66,95,97.5,8
2026-08-03,511,42,91,65.0,8
2026-08-03,2303,106,80,86.0,20
2026-08-03,29,66,152,152,19
2026-08-03,7106,40,119,140.0,12
2026-08-03,2155,22,169,241.5,12
2026-08-03,1874,93,184,187.5,14
2026-08-03,6719,113,78,58.5,8
2026-08-03,6699,56,71,49.5,6
2026-08-03,6720,101,69,74.0,12
2026-08-03,6488,178,92,92,9
2026-08-03,6755,85,71,85.5,8
2026-08-03,6015,44,207,215.0,18
2026-08-03,6016,89,187,196.5,16
2026-08-03,5877,43,131,136,9
2026-08-03,6020,64,135,146.5,18
2026-08-03,2405,47,104,24,15
2026-08-03,2456,65,105,110.0,16
2026-08-03,7338,43,94,101.5,8
2026-08-03,2451,94,101,76,21
2026-08-03,7145,61,47,47,17
2026-08-03,7107,82,49,46.5,16
2026-08-03,2150,30,168,144.5,14
2026-08-03,6729,39,56,64.0,12
2026-08-03,2410,62,133,72,19
2026-08-03,453,32,56,56,7
2026-08-03,6013,65,101,119,19
2026-08-03,1717,59,200,257,13
2026-08-03,415,41,172,212.5,12
2026-08-03,406,177,109,49,13
2026-08-03,2264,48,180,182,19
2026-08-03,405,190,123,123,25
2026-08-03,2512,61,170,122.0,24
2026-08-03,407,22,170,150.5,12
2026-08-03,413,450,115,91.5,24
2026-08-03,2394,38,133,178.0,14
2026-08-03,412,31,152,124.5,4
2026-08-03,418,99,259,159.5,28
2026-08-03,2395,50,202,208,15
2026-08-03,1581,40,194,195.0,20
2026-08-03,499,28,148,148,9
2026-08-03,2404,49,276,312,15
2026-08-03,1719,55,170,173.5,16
2026-08-03,6199,200,46,88,19
2026-08-03,6700,159,62,70,11
2026-08-03,6215,56,58,74,15
2026-08-03,7142,30,190,188.0,6
2026-08-03,7141,49,116,151,15
2026-08-03,6200,47,121,228.5,12
2026-08-03,7094,43,74,98,17
2026-08-03,5831,16,105,174,9
2026-08-03,5812,31,118,118,9
2026-08-03,6715,27,76,69,11
2026-08-03,2450,43,99,130,19
2026-08-03,2538,79,197,203.5,18
2026-08-03,2397,45,178,245,11
2026-08-03,471,23,184,127,9
2026-08-03,399,47,241,251.5,12
2026-08-03,469,65,233,244,23
2026-08-03,6327,152,186,211.0,20
2026-08-03,488,56,186,235.0,14
2026-08-03,1635,61,167,183.0,22
2026-08-03,391,16,220,220,9
2026-08-03,2396,81,177,161.0,16
2026-08-03,6328,97,198,226.5,12
2026-08-03,2529,45,147,165.5,14
2026-08-03,6707,93,62,52.5,18
2026-08-03,6704,83,45,53,19
2026-08-03,6703,67,46,29,19
2026-08-03,2445,42,154,150.0,10
2026-08-03,6725,60,93,70.0,6
2026-08-03,6014,57,91,107,15
2026-08-03,6202,180,86,139,15
2026-08-03,464,45,140,184,17
2026-08-03,2539,59,186,196,29
2026-08-03,1576,49,154,164,19
2026-08-03,423,23,222,137,9
2026-08-03,1718,34,206,198.0,16
2026-08-03,6706,41,73,77.5,4
2026-08-03,6705,198,85,85,17
2026-08-03,6525,26,137,137,7
2026-08-03,6741,42,144,206,9
2026-08-03,6742,29,114,159,9
2026-08-03,6710,93,63,67,5
2026-08-03,2406,39,246,264.5,12
2026-08-03,57,22,211,211,11
2026-08-03,510,43,200,149.5,16
2026-08-03,5315,43,137,140.0,18
2026-08-03,1606,62,241,203.5,24
2026-08-03,434,51,285,288.5,16
2026-08-03,7100,52,168,151,7
2026-08-03,1573,53,142,163.5,14
2026-08-03,602,47,174,210,11
2026-08-03,531,49,124,186.0,10
2026-08-03,6734,57,95,95,7
2026-08-03,7091,37,56,46.0,14
2026-08-03,2302,69,96,99,23
2026-08-03,6694,112,69,72,11
2026-08-03,6152,44,182,187.5,12
2026-08-03,6518,138,38,43.5,14
2026-08-03,7339,36,37,24.5,12
2026-08-03,6546,714,36,42,15
2026-08-03,7104,41,93,148,9
2026-08-03,7105,92,42,21,17
2026-08-03,5350,49,106,139.0,14
2026-08-03,436,31,63,29.0,8
2026-08-03,5303,29,78,57.5,14
2026-08-03,7343,209,29,34,19
2026-08-03,6011,34,36,34.0,10
2026-08-03,7096,47,49,69.0,28
2026-08-03,2447,44,54,56.5,16
2026-08-03,2304,215,31,53.5,30
2026-08-03,7340,66,100,106,11
2026-08-03,2268,56,270,212.0,20
2026-08-03,6289,149,149,83,15
2026-08-03,402,41,194,139.5,8
2026-08-03,7095,110,110,54.5,18
2026-08-03,1873,93,134,132.0,28
2026-08-03,480,40,187,162.5,6
2026-08-03,465,55,109,183,17
2026-08-03,2400,36,141,142.0,12
2026-08-03,5554,66,66,122.5,22
2026-08-03,2399,45,107,126.0,16
2026-08-03,774,47,92,55,13
2026-08-03,6277,249,38,30,17
2026-08-03,2242,31,121,99.5,10
2026-08-03,6374,23,106,49,7
2026-08-03,2481,144,113,122,25
2026-08-03,2318,88,73,57.5,10
2026-08-03,896,59,113,117.0,18
2026-08-03,2413,55,136,139,19
2026-08-03,6433,95,117,87,11
2026-08-03,6008,42,84,95.5,18
2026-08-03,6723,36,96,113,11
2026-08-03,6722,52,63,62.5,12
2026-08-03,6711,54,74,89,7
2026-08-03,6740,93,94,125.0,10
2026-08-03,7346,102,61,70,13
2026-08-03,6237,78,55,76.5,14
2026-08-03,6402,72,68,71,15
2026-08-03,6718,8,89,28.5,4
2026-08-03,7344,205,29,30.5,20
2026-08-03,5832,19,94,94,9
2026-08-03,2147,47,105,100.0,18
2026-08-03,7092,71,74,70,13
2026-08-03,473,70,122,122,17
2026-08-03,5841,62,146,148.0,14
2026-08-03,494,34,226,226,15
2026-08-03,5896,760,110,110,19
2026-08-03,534,38,270,297.5,10
2026-08-03,5440,240,231,191.5,18
2026-08-03,1466,33,275,211,21
2026-08-03,466,62,229,245.0,20
2026-08-03,5402,324,169,190.5,22
2026-08-03,1662,40,279,185.5,14
2026-08-03,498,104,333,113,15
2026-08-03,2401,48,147,245.0,12
2026-08-03,497,58,186,101.5,12
2026-08-03,1875,136,167,161.0,36
2026-08-03,432,71,117,74,19
2026-08-03,234,37,184,117,11
2026-08-03,2505,130,150,108,21
2026-08-03,6353,250,99,92.5,18
2026-08-03,6712,66,55,66,11
2026-08-03,6713,57,50,57.5,8
2026-08-03,478,25,164,233,11
2026-08-03,483,21,283,350,5
2026-08-03,530,42,137,137,7
2026-08-03,2632,69,344,217.0,22
2026-08-03,2263,56,134,164.5,14
2026-08-03,2630,76,112,102.0,8
2026-08-03,2307,21,143,157,9
2026-08-03,475,315,92,92,33
2026-08-03,172,28,,133.5,12
2026-08-03,537,91,172,162,19
2026-08-03,2316,30,146,153.0,16
2026-08-03,5443,104,65,65.5,24
2026-08-03,493,62,163,217,27
2026-08-03,540,93,114,124.5,18
2026-08-03,6373,76,107,107,9
2026-08-03,456,68,143,163,9
2026-08-03,6490,80,95,120,7
2026-08-03,711,75,97,83.5,14
2026-08-03,203,105,47,47,5
2026-08-03,468,61,74,78.5,6
2026-08-03,1043,35,113,142,9
2026-08-03,167,91,73,77,19
2026-08-03,122,65,49,125,5
2026-08-03,470,78,47,54.0,16
2026-08-03,452,47,78,78,9
2026-08-03,1622,62,201,205,9
2026-08-03,6056,46,199,248.5,14
2026-08-03,5578,29,238,177,13
2026-08-03,201,35,129,150,9
2026-08-03,6714,55,65,69.5,14
2026-08-03,794,25,86,87,11
2026-08-03,7097,21,81,114.0,6
2026-08-03,2412,35,150,151,13
2026-08-03,7144,39,128,139,13
2026-08-03,553,78,209,235.5,16
2026-08-03,1665,59,282,287.5,14
2026-08-03,2309,25,,134.0,12
2026-08-03,2315,145,293,128.0,12
2026-08-03,2314,38,251,235.5,16
2026-08-03,431,32,168,168,7
2026-08-03,2308,27,272,160,17
2026-08-03,1876,327,161,188.0,36
2026-08-03,595,58,186,128.5,24
2026-08-03,2241,135,118,124.5,32
2026-08-03,6717,170,80,87.0,14
2026-08-03,6716,61,74,62.5,10
2026-08-03,6362,65,74,86,11
2026-08-03,6360,75,54,57,15
2026-08-03,2285,63,119,125,19
2026-08-03,2305,55,108,95,15
2026-08-03,2449,37,134,134,13
2026-08-03,5219,54,206,154.5,16
2026-08-03,430,30,259,106.5,8
2026-08-03,2531,47,53,110,13
2026-08-03,6404,33,122,130,15
2026-08-03,6432,668,46,54.0,10
2026-08-03,6693,143,92,115,27
2026-08-03,5736,105,50,39,15
2026-08-03,6695,67,78,51.0,8
2026-08-03,6747,56,67,70.0,8
2026-08-03,2458,85,111,122,19
2026-08-03,6021,47,105,112.0,16
2026-08-03,6757,86,73,67.0,12
2026-08-03,467,76,145,136,19
2026-08-03,2152,58,131,84.5,16
2026-08-03,6476,488,83,104,11
2026-08-03,472,58,107,118.5,6
2026-08-03,269,32,145,185.0,6
2026-08-03,2461,41,122,165.0,16
2026-08-03,83,45,136,129.5,6
2026-08-03,401,190,183,183,29
2026-08-03,2158,24,173,158.5,12
2026-08-03,6727,87,68,68,21
2026-08-03,6019,68,72,72.5,22
2026-08-03,6405,95,75,80.5,18
2026-08-03,5314,52,364,218.0,18
2026-08-03,485,45,174,150,21
2026-08-03,5316,56,268,174,17
2026-08-03,6282,241,201,83.0,12
2026-08-03,1642,52,298,186,7
2026-08-03,2613,123,245,207,19
2026-08-03,509,23,229,190.5,12
2026-08-03,1580,61,285,205.0,18
2026-08-03,484,18,680,262.5,12
2026-08-03,1578,36,363,190.5,14
2026-08-03,481,35,,75,15
2026-08-03,5317,30,181,127,13
2026-08-03,2407,50,195,212,19
2026-08-03,508,41,179,194.5,10
2026-08-03,267,32,195,202.5,10
2026-08-03,1579,63,244,244,19
2026-08-03,1663,53,268,271.0,16
2026-08-03,486,6,,90.5,4
2026-08-03,6343,356,75,75,13
2026-08-03,2431,58,267,267,17
2026-08-03,2411,60,261,292.0,14
2026-08-03,5552,245,61,61,11
2026-08-03,1572,78,177,170,25
2026-08-03,6458,1042,121,121,9
2026-08-03,404,91,222,113,13
2026-08-03,5472,86,42,65.5,30
2026-08-03,6745,100,46,34.5,10
2026-08-03,2472,86,155,57,15
2026-08-03,6197,101,76,64.0,20
2026-08-03,1518,40,142,109,17
2026-08-03,2457,68,166,183.5,30
2026-08-03,2462,36,154,157.0,14
2026-08-03,2151,17,214,220,9
2026-08-03,2317,49,107,107,11
2026-08-03,1189,90,145,162,25
2026-08-03,2631,83,93,93,17
2026-08-03,2154,80,111,116.5,20
2026-08-03,552,136,69,91.0,16
2026-08-03,6752,89,70,77,11
2026-08-03,462,44,141,147,11
2026-08-03,5827,15,140,92.0,4
2026-08-03,5807,53,73,85,13
2026-08-03,5818,27,53,43,9
2026-08-03,5822,23,75,81.0,12
2026-08-03,6724,173,68,79,25
2026-08-03,5828,18,,73,1
2026-08-03,5826,31,61,69.0,4
2026-08-03,5809,59,101,133.0,10
2026-08-03,5817,18,75,45,5
2026-08-03,2310,281,41,35.5,14
2026-08-03,6748,76,41,42.0,6
2026-08-03,463,57,94,101.0,16
2026-08-03,461,43,76,97.5,10
2026-08-03,183,10,88,45,5
2026-08-03,7099,143,74,60.5,10
2026-08-03,7098,134,62,62,3
2026-08-03,2156,32,277,241,13
2026-08-03,2159,28,175,202,17
2026-08-03,2453,40,132,132.0,18
2026-08-03,454,35,111,125.5,4
2026-08-03,841,34,146,151,7
2026-08-03,756,49,114,124.5,10
2026-08-03,2312,49,91,156.5,10
2026-08-03,6728,60,74,74,13
2026-08-03,729,65,86,86,9
2026-08-03,6743,97,69,34,7
2026-08-03,2142,29,,117,9
2026-08-03,2409,19,176,176,5
2026-08-03,2139,19,255,290,13
2026-08-03,2157,21,,150.5,10
2026-08-03,2454,16,124,150,11
2026-08-03,7108,37,96,90,11
2026-08-03,7103,28,36,38,7
2026-08-03,6731,73,34,39,7
2026-08-03,6733,43,67,40,13
2026-08-03,6358,23,113,148,11
2026-08-03,6359,137,65,100.0,14
2026-08-03,7047,7,37,28.5,2
2026-08-03,6732,27,,28,3
2026-08-03,6426,75,89,101.0,12
2026-08-03,6509,573,44,50,13
2026-08-03,1577,64,157,175.0,16
2026-08-03,460,10,166,140.5,6
2026-08-03,459,51,109,109,19
2026-08-03,482,102,118,147.5,10
2026-08-03,6361,75,162,194,17
2026-08-03,119,31,240,242.5,6
2026-08-03,6434,93,94,50,15
2026-08-03,474,208,84,32.5,30
2026-08-03,7345,50,50,50,15
2026-08-03,6739,132,73,73,13
2026-08-03,6482,537,66,71.5,10
2026-08-03,6751,201,115,115,15
2026-08-03,6744,76,77,84,15
2026-08-03,2543,84,123,148.0,20
2026-08-03,6212,55,58,77,11
2026-08-03,2311,96,75,61.0,12
2026-08-03,6419,307,71,72,11
2026-08-03,6485,112,70,81.0,20
2026-08-03,6357,7,,202,3
2026-08-03,6754,99,54,66.0,8
2026-08-03,864,70,151,203.0,8
2026-08-03,5444,26,249,272.0,12
2026-08-03,1670,29,106,119.0,12
2026-08-03,6379,42,110,142,15
2026-08-03,6045,83,237,82,15
2026-08-03,2319,41,227,155.5,14
2026-08-03,2320,101,166,165,27
2026-08-03,429,53,250,317.0,18
2026-08-03,2414,31,295,295,5
2026-08-03,2415,38,208,369,11
2026-08-03,2065,46,220,220,15
2026-08-03,709,22,107,114.5,10
2026-08-03,41,40,98,96.0,10
2026-08-03,1935,35,206,161.0,8
2026-08-03,2541,39,95,95,19
2026-08-03,39,36,164,172,9
2026-08-03,2153,31,145,118,9
2026-08-03,2313,102,132,41,15
2026-08-03,414,55,142,146,19
2026-08-03,6756,39,94,94,11
2026-08-03,6068,53,83,86,13
2026-08-03,513,16,86,89.0,6
2026-08-03,1605,32,79,84,17
2026-08-03,6002,28,81,105,11
2026-08-03,7154,66,80,97.5,14
2026-08-03,601,90,50,50,9
2026-08-03,6005,25,45,45,5
2026-08-03,6060,83,82,84.0,12
2026-08-03,2226,30,78,85.5,12
2026-08-03,1528,40,61,75.0,10
2026-08-03,2326,19,60,111,11
2026-08-03,792,23,87,103.0,8
2026-08-03,608,27,62,65,13
2026-08-03,659,51,81,100,11
2026-08-03,1720,55,45,51.5,14
2026-08-03,2024,32,106,100,17
2026-08-03,1942,17,94,131,13
2026-08-03,344,20,101,104,15
2026-08-03,5576,22,70,73,9
2026-08-03,7348,33,54,33.0,8
2026-08-03,721,14,147,155,9
2026-08-03,2290,48,122,140.0,22
2026-08-03,593,30,149,143.0,8
2026-08-03,6443,499,98,98,15
2026-08-03,611,27,155,158.0,10
2026-08-03,1602,14,157,119.0,10
2026-08-03,1609,75,77,100.5,24
2026-08-03,578,13,122,100,7
2026-08-03,1962,19,130,149,13
2026-08-03,348,427,86,60.0,24
2026-08-03,5326,53,51,55,19
2026-08-03,6004,61,78,87,15
2026-08-03,569,43,46,47.0,10
2026-08-03,6232,15,86,136.0,6
2026-08-03,5435,55,59,112,19
2026-08-03,567,31,71,82,13
2026-08-03,5624,75,62,62,9
2026-08-03,6223,119,52,70,19
2026-08-03,5325,33,67,78.0,10
2026-08-03,6233,48,64,64,5
2026-08-03,7263,24,46,55.0,14
2026-08-03,1527,29,59,59,15
2026-08-03,600,23,72,72.5,8
2026-08-03,6767,45,50,50,7
2026-08-03,642,31,55,111,9
2026-08-03,671,20,82,92,5
2026-08-03,7056,16,77,77.5,6
2026-08-03,609,22,58,61.0,8
2026-08-03,594,12,98,122,5
2026-08-03,5587,29,112,130.5,18
2026-08-03,6758,86,73,74.0,10
2026-08-03,2327,34,105,129,17
2026-08-03,6285,55,98,117,17
2026-08-03,6776,128,102,120,17
2026-08-03,6779,110,74,82.5,14
2026-08-03,2572,73,84,108.0,18
2026-08-03,7048,37,58,41.5,4
2026-08-03,6778,16,,129,3
2026-08-03,2328,36,83,124.0,12
2026-08-03,6780,32,91,101.0,8
2026-08-03,1961,27,150,161,13
2026-08-03,7146,22,68,81.5,6
2026-08-03,1726,78,59,59,5
2026-08-03,6331,179,72,74,15
2026-08-03,2421,28,142,61.0,8
2026-08-03,643,22,80,82.5,10
2026-08-03,7656,120,78,76,13
2026-08-03,624,34,89,91.0,16
2026-08-03,5575,113,58,42,19
2026-08-03,6312,323,57,60,9
2026-08-03,7264,93,57,62.0,14
2026-08-03,1616,25,64,77,11
2026-08-03,6003,48,39,97.5,10
2026-08-03,2281,40,70,63.5,18
2026-08-03,5468,117,24,19.5,14
2026-08-03,5722,29,75,139.0,10
2026-08-03,5423,18,85,85,11
2026-08-03,6526,59,,102,9
2026-08-03,5588,47,76,41.0,16
2026-08-03,6759,86,58,60.5,18
2026-08-03,2184,16,76,72.5,10
2026-08-03,5263,44,56,56.0,14
2026-08-03,1620,23,47,67.0,12
2026-08-03,2420,29,83,99,9
2026-08-03,7347,17,70,70,7
2026-08-03,1728,41,70,67.0,12
2026-08-03,568,39,84,70,13
2026-08-03,2418,34,96,98,15
2026-08-03,583,98,75,94,17
2026-08-03,581,25,124,112,9
2026-08-03,2183,43,113,181.5,14
2026-08-03,863,408,51,63,29
2026-08-03,548,129,60,62.0,8
2026-08-03,690,34,74,64,9
2026-08-03,7273,150,46,52.0,18
2026-08-03,668,71,53,53,9
2026-08-03,683,71,48,56.0,14
2026-08-03,1725,39,68,76.5,6
2026-08-03,7147,43,66,67,13
2026-08-03,6760,16,92,55.5,6
2026-08-03,7148,41,67,130.5,12
2026-08-03,6380,59,95,67.5,10
2026-08-03,6761,75,46,40.0,14
2026-08-03,7265,139,46,48.0,6
2026-08-03,7266,68,48,48,11
2026-08-03,6459,22,67,84.0,6
2026-08-03,6762,174,50,76.5,6
2026-08-03,6344,288,49,35.5,8
2026-08-03,1604,38,115,113.0,12
2026-08-03,589,41,44,45.5,10
2026-08-03,615,26,65,91.5,8
2026-08-03,6507,226,35,38,13
2026-08-03,7355,26,31,44.5,8
2026-08-03,7356,95,26,31,15
2026-08-03,7267,67,38,44.0,16
2026-08-03,6435,62,52,55.0,10
2026-08-03,1668,82,41,87.0,24
2026-08-03,6497,59,103,103,7
2026-08-03,289,77,74,84.5,16
2026-08-03,6325,100,62,62,7
2026-08-03,5867,105,61,51,9
2026-08-03,2025,29,90,90,15
2026-08-03,6508,167,35,42.5,6
2026-08-03,6364,47,70,71.0,10
2026-08-03,6763,28,69,91.0,10
2026-08-03,645,20,126,85,11
2026-08-03,6764,82,77,85,11
2026-08-03,665,33,73,87,9
2026-08-03,793,59,80,83.5,10
2026-08-03,322,145,66,70.0,14
2026-08-03,7268,35,,95,3
2026-08-03,2416,78,54,54,15
2026-08-03,580,31,56,105.0,12
2026-08-03,6057,158,197,238.0,18
2026-08-03,5330,116,134,160.0,24
2026-08-03,1729,18,89,96,11
2026-08-03,2417,33,56,56,11
2026-08-03,1730,24,65,65,11
2026-08-03,1727,21,81,88.5,10
2026-08-03,6153,246,66,91,11
2026-08-03,1721,22,88,98,11
2026-08-03,2280,51,86,55,11
2026-08-03,6001,49,107,63,11
2026-08-03,324,30,104,84.5,8
2026-08-03,7109,88,57,58.0,10
2026-08-03,603,48,52,52,7
2026-08-03,7361,41,54,54,15
2026-08-03,7357,71,62,46,5
2026-08-03,7359,57,42,45.5,18
2026-08-03,7360,38,67,67,9
2026-08-03,597,13,68,104,5
2026-08-03,6062,167,139,159.0,30
2026-08-03,7269,166,34,34,27
2026-08-03,6777,92,56,60.0,12
2026-08-03,7349,108,45,51,11
2026-08-03,7350,59,39,48.0,12
2026-08-03,6132,243,119,139,31
2026-08-03,6418,280,31,33.5,16
2026-08-03,6766,60,46,41.5,12
2026-08-03,7270,43,55,46.0,6
2026-08-03,6224,115,119,139.0,22
2026-08-03,6449,282,35,62.0,8
2026-08-03,6222,58,90,73.5,18
2026-08-03,633,30,68,80,13
2026-08-03,6427,61,78,103,5
2026-08-03,7271,137,59,60.5,14
2026-08-03,5868,25,53,71.5,8
2026-08-03,5866,48,59,98,9
2026-08-03,7353,245,41,49.0,16
2026-08-03,7352,39,93,107.5,10
2026-08-03,7351,48,62,70,13
2026-08-03,7272,81,68,53,15
2026-08-03,6774,92,64,70.0,12
2026-08-03,6773,94,74,84,17
2026-08-03,5748,41,95,83.0,10
2026-08-03,7110,94,40,50.0,20
2026-08-03,6363,35,,108.0,6
2026-08-03,7354,56,75,89.0,14
2026-08-03,586,15,71,77.5,8
2026-08-03,804,63,69,24.5,14
2026-08-03,5570,58,47,76.5,8
2026-08-03,7149,106,90,90,13
2026-08-03,7150,44,81,81,9
2026-08-03,551,14,74,103.0,6
2026-08-03,6365,71,56,21,11
2026-08-03,288,79,46,73,13
2026-08-03,682,46,56,22.0,10
2026-08-03,554,100,47,68,9
2026-08-03,6352,295,68,72,13
2026-08-03,298,113,80,82,17
2026-08-03,1722,40,60,120,9
2026-08-03,1724,32,67,93.5,12
2026-08-03,6765,28,53,27.5,4
2026-08-03,2510,19,150,155.0,16
2026-08-03,596,20,85,200.5,12
2026-08-03,6770,97,58,64.5,8
2026-08-03,6768,65,41,42.5,14
2026-08-03,6769,66,47,47,9
2026-08-03,7153,48,49,50,15
2026-08-03,7152,107,77,89,15
2026-08-03,7151,25,58,98,13
2026-08-03,7362,18,95,95,11
2026-08-03,7363,38,66,96,9
2026-08-03,612,30,55,64,9
2026-08-03,598,30,70,53,9
2026-08-03,755,14,82,77.5,6
2026-08-03,6771,168,75,65.5,6
2026-08-03,6772,31,,158.0,4
2026-08-03,7358,180,50,88.5,10
2026-08-03,5870,142,129,149.0,32
2026-08-03,599,38,53,82,9
2026-08-03,6775,138,56,63.0,18
2026-08-03,6781,22,102,94,9
2026-08-03,2419,48,116,116,13
2026-08-03,591,36,79,140.0,8
2026-08-03,547,23,95,95,13
2026-08-03,647,43,82,98,11
2026-08-03,1603,21,84,84,11
2026-08-03,6415,39,169,219.0,12
2026-08-03,2329,40,228,198.5,16
2026-08-03,1723,57,52,55.0,10
2026-08-03,563,34,50,50.0,6
2026-08-03,582,38,92,91.0,8
2026-08-03,577,29,59,42.5,6
2026-08-03,564,124,38,46.0,10
2026-08-03,2422,181,53,53,19
2026-08-03,323,67,71,67,13
2026-08-03,2038,42,56,45.5,14
2026-08-03,1296,17,236,340.0,10
2026-08-03,1519,44,298,288.0,16
2026-08-03,2276,44,248,315.0,18
2026-08-03,2233,56,220,220,19
2026-08-03,2275,51,246,289,19
2026-08-03,6071,50,329,284.5,14
2026-08-03,1298,23,234,343,9
2026-08-03,6367,653,201,134,9
2026-08-03,2179,62,463,322,21
2026-08-03,1669,78,368,266,17
2026-08-03,1035,37,282,263.0,16
2026-08-03,1335,32,404,254.0,16
2026-08-03,1422,50,332,332,23
2026-08-03,6263,46,489,440.0,16
2026-08-03,6264,53,430,203.0,10
2026-08-03,6782,119,90,109,11
2026-08-03,7031,49,85,66.5,4
2026-08-03,6784,11,130,172.0,6
2026-08-03,6783,27,83,83,7
2026-08-03,7041,7,,63.0,2
2026-08-03,7051,42,,37,1
2026-08-03,5788,30,126,146.5,8
2026-08-03,5550,72,,133,11
2026-08-03,1078,24,64,79.0,6
2026-08-03,5362,34,91,91,11
2026-08-03,5406,41,96,117.0,16
2026-08-03,6444,189,57,85,9
2026-08-03,5270,34,114,118,15
2026-08-03,5271,69,97,75.0,18
2026-08-03,5551,32,81,103.5,10
2026-08-03,5491,25,81,98,11
2026-08-03,5558,24,149,180,7
2026-08-03,6407,13,138,138,7
2026-08-03,5562,51,122,140,9
2026-08-03,5561,39,125,127,9
2026-08-03,6272,97,118,130.0,14
2026-08-03,6408,68,146,131.0,12
2026-08-03,6409,16,,167,7
2026-08-03,6410,57,167,179.5,12
2026-08-03,5557,24,116,106.0,4
2026-08-03,5560,48,113,123,5
2026-08-03,6274,109,111,137.0,16
2026-08-03,6411,55,96,115,9
2026-08-03,6412,115,97,99.5,12
2026-08-03,5851,92,91,92.5,16
2026-08-03,6275,56,135,141,13
2026-08-03,5559,46,101,131,7
2026-08-03,6322,48,91,109,15
2026-08-03,6273,111,102,145.0,14
2026-08-03,6785,15,,123.0,2
2026-08-03,6786,15,,106,7
2026-08-03,6787,31,103,145,7
2026-08-03,6788,21,96,106,7
2026-08-03,7022,26,,79,5
2026-08-03,7021,87,87,87,7
2026-08-03,6789,38,90,104,9
2026-08-03,1877,37,104,115.0,10
2026-08-03,1016,86,108,110,27
2026-08-03,1022,29,149,71.5,12
2026-08-03,7365,88,133,105.5,8
2026-08-03,996,51,128,100,13
2026-08-03,1590,22,169,169,11
2026-08-03,1882,30,121,211.5,8
2026-08-03,7368,137,63,65.0,12
2026-08-03,1732,40,169,184.0,12
2026-08-03,1419,21,77,118.0,6
2026-08-03,5445,65,89,77.0,20
2026-08-03,2203,27,77,85,17
2026-08-03,1319,21,143,155.5,14
2026-08-03,1880,46,129,252,9
2026-08-03,1327,23,122,137.0,6
2026-08-03,1228,29,107,137,15
2026-08-03,1195,38,128,91.0,12
2026-08-03,1310,38,,204.5,8
2026-08-03,5399,43,92,106,11
2026-08-03,1194,37,88,88,9
2026-08-03,1357,27,97,74,9
2026-08-03,1311,41,126,140,11
2026-08-03,2026,26,115,117.5,14
2026-08-03,5589,49,101,128,17
2026-08-03,1334,36,102,128,17
2026-08-03,1009,33,77,67,11
2026-08-03,1091,40,91,107.5,8
2026-08-03,1080,56,52,57.0,10
2026-08-03,1064,35,99,109.0,12
2026-08-03,1451,19,183,214.0,8
2026-08-03,1210,16,118,122.0,8
2026-08-03,1350,19,145,162.5,8
2026-08-03,1329,43,109,115,13
2026-08-03,991,22,,182,9
2026-08-03,5805,132,109,109,19
2026-08-03,1737,24,159,149.0,10
2026-08-03,1251,38,146,143.5,20
2026-08-03,946,51,137,122,15
2026-08-03,939,18,180,161,5
2026-08-03,1185,31,86,91.5,8
2026-08-03,1166,21,105,148,7
2026-08-03,1341,22,70,53,9
2026-08-03,1349,54,77,84.5,18
2026-08-03,1355,23,167,167,9
2026-08-03,1879,21,131,140.0,6
2026-08-03,925,21,83,104.5,8
2026-08-03,1184,20,118,197,7
2026-08-03,1731,31,101,139.5,14
2026-08-03,1232,19,134,127.5,8
2026-08-03,1181,33,122,140,7
2026-08-03,1273,49,126,153,11
2026-08-03,1487,35,127,128.5,18
2026-08-03,1733,36,103,120.0,6
2026-08-03,5908,40,139,158.5,8
2026-08-03,1359,41,83,109,17
2026-08-03,6381,22,109,115.5,6
2026-08-03,1344,49,112,120,13
2026-08-03,5447,79,99,110,19
2026-08-03,1884,27,143,152.5,6
2026-08-03,1400,28,110,110.0,10
2026-08-03,1322,23,129,136,7
2026-08-03,6025,45,132,152.5,12
2026-08-03,6026,35,106,139,11
2026-08-03,901,38,116,172.5,10
2026-08-03,1645,34,104,170,17
2026-08-03,5907,25,138,170,9
2026-08-03,1943,30,87,131.0,14
2026-08-03,5905,79,62,54,11
2026-08-03,2238,15,138,147.0,4
2026-08-03,1277,23,108,116.0,12
2026-08-03,1661,12,,104,7
2026-08-03,916,24,151,104,11
2026-08-03,1883,38,135,146,9
2026-08-03,1259,33,234,183,7
2026-08-03,1878,23,166,182.0,8
2026-08-03,6382,17,154,159.0,6
2026-08-03,974,24,121,121.5,8
2026-08-03,983,19,123,102,9
2026-08-03,5909,27,180,169,11
2026-08-03,7364,39,111,94,7
2026-08-03,1448,66,78,100.5,12
2026-08-03,1314,27,127,136,9
2026-08-03,950,31,69,90,7
2026-08-03,941,57,90,109,33
2026-08-03,2435,52,107,107,23
2026-08-03,1734,14,106,131,9
2026-08-03,1110,32,115,85,19
2026-08-03,1351,28,131,194,11
2026-08-03,7369,90,86,115,13
2026-08-03,1433,44,92,129,7
2026-08-03,1098,32,133,82,13
2026-08-03,2204,35,110,120.0,14
2026-08-03,1190,21,110,176,11
2026-08-03,7158,54,97,113.5,10
2026-08-03,1111,22,132,151,15
2026-08-03,1881,18,159,73,5
2026-08-03,1108,18,173,201.0,12
2026-08-03,1268,31,237,265,13
2026-08-03,1739,18,183,209.0,16
2026-08-03,1217,2,332,209.5,2
2026-08-03,1443,16,,122,7
2026-08-03,1308,21,157,176.5,10
2026-08-03,1740,23,209,164,15
2026-08-03,1345,40,154,143.0,14
2026-08-03,1326,33,155,153.0,10
2026-08-03,1209,29,205,205,11
2026-08-03,1293,13,254,259.5,8
2026-08-03,1738,38,89,137,17
2026-08-03,1290,26,83,152,9
2026-08-03,2039,25,153,148.5,12
2026-08-03,7367,170,98,114,17
2026-08-03,1425,32,71,122.0,12
2026-08-03,1250,21,144,109.0,10
2026-08-03,6504,7,214,278.5,2
2026-08-03,929,28,135,131.0,12
2026-08-03,7155,35,95,99,11
2026-08-03,7157,69,79,79,13
2026-08-03,1741,19,133,161.0,6
2026-08-03,7156,92,118,83,21
2026-08-03,1297,28,159,124,13
2026-08-03,5446,38,108,124.5,18
2026-08-03,1218,55,148,141.0,30
2026-08-03,6027,79,173,173,13
2026-08-03,979,25,108,82,9
2026-08-03,834,68,115,115,9
2026-08-03,1004,19,124,124,5
2026-08-03,856,27,103,103.0,14
2026-08-03,978,100,95,99.5,26
2026-08-03,1086,18,88,88,11
2026-08-03,984,20,139,115.0,10
2026-08-03,1027,16,114,149,7
2026-08-03,6039,31,178,136.5,4
2026-08-03,1074,17,53,99,9
2026-08-03,5906,36,80,78,17
2026-08-03,1130,15,84,70.0,6
2026-08-03,913,43,133,177.0,16
2026-08-03,5798,68,135,92.5,20
2026-08-03,1216,28,,156.5,10
2026-08-03,7366,92,135,230.5,6
2026-08-03,1275,24,146,205.5,8
2026-08-03,1234,48,158,123,21
2026-08-03,1197,13,,118,11
2026-08-03,1735,29,153,160,15
2026-08-03,1287,22,165,137,13
2026-08-03,1316,29,142,115,21
2026-08-03,1223,7,,82.0,6
2026-08-03,5401,12,153,139,9
2026-08-03,1272,37,91,124.5,18
2026-08-03,2040,27,112,112,13
2026-08-03,1736,12,118,118,11
2026-08-03,1131,17,129,129,9
2026-08-03,1526,22,140,265,11
2026-08-03,1254,20,153,153,13
2026-08-03,1226,32,157,159.0,10
2026-08-03,1289,27,143,156.0,6
2026-08-03,1601,19,97,106,11
2026-08-03,1339,34,110,110,9
2026-08-03,1405,37,122,152,13
2026-08-03,1600,42,104,92.5,18
2026-08-03,1144,44,82,86.5,10
2026-08-03,1119,14,122,139,7
2026-08-03,6209,77,170,191.0,18
2026-08-03,902,57,166,166,11
2026-08-03,1501,51,134,167,13
2026-08-03,6028,41,100,106,9
2026-08-03,6790,92,53,77.0,14
2026-08-03,7274,62,60,70,9
2026-08-03,7277,64,47,54.5,10
2026-08-03,6032,32,70,79.0,14
2026-08-03,1320,16,95,96.0,10
2026-08-03,1282,17,49,75.5,4
2026-08-03,5340,16,67,67,7
2026-08-03,6031,65,82,82,11
2026-08-03,2138,30,80,86,11
2026-08-03,5267,32,82,102,11
2026-08-03,2027,32,100,114,15
2026-08-03,7278,93,77,59.5,10
2026-08-03,1207,33,69,69,7
2026-08-03,6791,52,87,91.5,10
2026-08-03,7275,48,65,78,11
2026-08-03,6798,100,56,45.5,16
2026-08-03,2028,30,80,70.0,10
2026-08-03,1744,28,85,134,17
2026-08-03,5365,26,87,172,9
2026-08-03,5582,19,152,152,7
2026-08-03,1746,33,90,105,21
2026-08-03,6799,41,97,110.0,16
2026-08-03,5581,28,108,137.0,12
2026-08-03,6030,30,129,74,13
2026-08-03,1747,17,,160.5,8
2026-08-03,5580,33,74,89.0,12
2026-08-03,1748,36,95,118.0,10
2026-08-03,5235,22,79,108,5
2026-08-03,7370,51,70,89.5,10
2026-08-03,7371,79,53,63.0,14
2026-08-03,2568,81,65,71.5,22
2026-08-03,1484,57,70,70,7
2026-08-03,1343,13,75,44,5
2026-08-03,5233,39,85,70.5,18
2026-08-03,6800,42,84,100.5,6
2026-08-03,1481,34,107,88.5,8
2026-08-03,1069,49,85,85,7
2026-08-03,1029,26,79,79.5,8
2026-08-03,2625,45,79,77,13
2026-08-03,1052,44,63,76,7
2026-08-03,2626,30,59,65.0,14
2026-08-03,5354,46,65,65,11
2026-08-03,5738,49,110,120.0,8
2026-08-03,6794,20,115,138.0,12
2026-08-03,5874,49,86,107.0,20
2026-08-03,5359,48,62,127.5,16
2026-08-03,1200,39,86,86,9
2026-08-03,1213,17,125,125,5
2026-08-03,1175,37,83,106,9
2026-08-03,5548,37,87,120.0,16
2026-08-03,1331,39,145,153.5,14
2026-08-03,1424,22,129,103.5,10
2026-08-03,5764,212,80,87.0,12
2026-08-03,5913,35,148,141,15
2026-08-03,1945,22,97,131.5,16
2026-08-03,1240,20,53,38.0,4
2026-08-03,6797,67,54,66,13
2026-08-03,5835,31,133,145.0,12
2026-08-03,7276,46,61,95.0,14
2026-08-03,7279,18,54,106.5,6
2026-08-03,6795,31,90,102.0,10
2026-08-03,1202,33,60,69.5,6
2026-08-03,6796,117,51,39.0,8
2026-08-03,5910,16,,147.5,8
2026-08-03,5915,12,109,143,7
2026-08-03,5911,46,139,124.0,10
2026-08-03,5912,35,125,173.5,14
2026-08-03,5914,23,157,169.5,10
2026-08-03,2581,40,49,64,9
2026-08-03,2643,23,53,78.5,8
2026-08-03,2583,58,49,49,15
2026-08-03,5286,25,97,99,9
2026-08-03,7388,33,98,103.5,12
2026-08-03,6035,150,94,130.0,20
2026-08-03,6036,133,92,104,27
2026-08-03,5916,52,131,131,5
2026-08-03,7280,79,46,47,9
2026-08-03,6792,38,58,90.5,8
2026-08-03,1377,57,99,114,17
2026-08-03,6793,53,52,52,13
2026-08-03,1745,34,76,128,15
2026-08-03,7372,19,,82,5
2026-08-03,7381,22,70,110.5,10
2026-08-03,7380,23,77,55,7
2026-08-03,7378,84,86,50,11
2026-08-03,960,66,95,92.0,10
2026-08-03,1442,70,112,86.5,14
2026-08-03,964,68,105,93,11
2026-08-03,6117,19,142,182,9
2026-08-03,7377,60,57,86.5,6
2026-08-03,7384,61,86,86,9
2026-08-03,7639,3,,34,1
2026-08-03,7640,3,,127,1
2026-08-03,7641,5,70,71.5,4
2026-08-03,7373,7,88,41.5,4
2026-08-03,7385,68,53,53,7
2026-08-03,965,36,102,86.5,8
2026-08-03,966,27,78,78,7
2026-08-03,6491,333,26,30,13
2026-08-03,5803,88,73,162,23
2026-08-03,5837,52,111,76,21
2026-08-03,1124,13,57,153.5,6
2026-08-03,6266,44,62,56.0,12
2026-08-03,7282,31,69,57.5,10
2026-08-03,6265,87,66,82.5,18
2026-08-03,7284,38,55,29,7
2026-08-03,7285,49,50,77,11
2026-08-03,6120,30,163,86.5,8
2026-08-03,6139,94,83,116.5,20
2026-08-03,7289,2,,154.5,2
2026-08-03,957,45,90,116,25
2026-08-03,6033,15,145,165.0,6
2026-08-03,6267,44,97,125,15
2026-08-03,938,34,179,140,13
2026-08-03,1141,29,127,88,17
2026-08-03,924,72,,151,11
2026-08-03,7374,10,97,101.0,6
2026-08-03,7281,46,80,52,7
2026-08-03,1183,26,160,185.0,10
2026-08-03,5848,34,116,240,13
2026-08-03,1137,41,87,130,11
2026-08-03,6034,22,133,133,15
2026-08-03,7286,67,74,80.0,24
2026-08-03,969,19,113,120.0,6
2026-08-03,7375,37,,32.0,4
2026-08-03,6268,27,149,149.5,12
2026-08-03,7428,41,78,85,13
2026-08-03,7427,32,138,141.5,10
2026-08-03,1155,29,120,140.0,10
2026-08-03,987,12,141,141,7
2026-08-03,6053,141,71,39.5,14
2026-08-03,5650,30,88,70.5,14
2026-08-03,1050,46,80,109,17
2026-08-03,7376,19,,25,1
2026-08-03,1077,43,146,154.5,8
2026-08-03,1073,41,134,116.0,10
2026-08-03,6311,264,94,62.5,6
2026-08-03,7287,14,89,56.0,6
2026-08-03,6493,375,57,57,9
2026-08-03,5456,56,119,119,23
2026-08-03,7283,23,76,58.0,6
2026-08-03,7382,39,90,67.0,6
2026-08-03,6119,42,106,107.0,16
2026-08-03,967,42,90,90,11
2026-08-03,7379,52,72,92.0,6
2026-08-03,1143,19,229,213.5,6
2026-08-03,7386,4,,38,1
2026-08-03,7649,17,49,51.5,2
2026-08-03,7648,12,61,72,3
2026-08-03,1269,13,,135.0,6
2026-08-03,1242,19,,100.0,6
2026-08-03,5793,57,131,169.0,16
2026-08-03,7206,120,80,86.0,12
2026-08-03,6531,256,93,100.5,28
2026-08-03,1353,45,69,52.5,16
2026-08-03,7212,49,68,68,13
2026-08-03,7291,19,83,103.0,6
2026-08-03,7471,107,70,109.0,16
2026-08-03,7210,20,74,125,11
2026-08-03,5459,54,95,116,15
2026-08-03,6278,344,70,60.0,28
2026-08-03,7290,16,71,78.5,6
2026-08-03,6336,77,54,60.5,8
2026-08-03,2582,27,85,103,7
2026-08-03,6213,21,107,120.0,10
2026-08-03,6037,58,29,44.5,8
2026-08-03,1053,47,45,72.5,8
2026-08-03,7389,320,52,52,25
2026-08-03,6487,76,65,97.0,6
2026-08-03,2635,45,57,79.5,14
2026-08-03,2584,39,81,60,9
2026-08-03,7387,55,70,83.0,8
2026-08-03,5847,25,77,82.0,8
2026-08-03,6469,44,71,94,17
2026-08-03,5492,46,128,128,15
2026-08-03,935,14,123,124.5,8
2026-08-03,1048,66,178,171,19
2026-08-03,910,28,106,110,7
2026-08-03,2239,32,117,135,19
2026-08-03,5493,39,176,176.0,14
2026-08-03,1379,25,147,102,15
2026-08-03,940,17,78,96,9
2026-08-03,1001,60,87,95.5,14
2026-08-03,7391,103,50,50,15
2026-08-03,7392,111,46,54,19
2026-08-03,7396,227,57,38,5
2026-08-03,7390,39,118,116.0,6
2026-08-03,7395,32,132,130.0,8
2026-08-03,783,79,73,73,9
2026-08-03,7393,47,70,62,9
2026-08-03,7404,31,86,86,11
2026-08-03,7394,55,80,92,13
2026-08-03,1000,113,86,83,11
2026-08-03,7409,204,49,32.0,8
2026-08-03,7405,74,65,65.5,20
2026-08-03,7407,87,50,52.5,10
2026-08-03,7398,18,96,40,11
2026-08-03,7410,95,,53,5
2026-08-03,2530,46,132,132.0,16
2026-08-03,2186,29,113,138,9
2026-08-03,6383,41,86,128,11
2026-08-03,5942,28,45,68,11
2026-08-03,7397,45,74,84,9
2026-08-03,7406,118,58,47.0,10
2026-08-03,7402,54,82,89,13
2026-08-03,7399,82,80,83.5,12
2026-08-03,7650,128,52,57,15
2026-08-03,7400,58,99,99.5,8
2026-08-03,7401,246,21,44.0,12
2026-08-03,7413,119,66,74,15
2026-08-03,7412,198,46,46,15
2026-08-03,7411,54,69,70,9
2026-08-03,7403,75,70,67.0,14
2026-08-03,1520,30,328,265.0,14
2026-08-03,2322,25,237,192,15
2026-08-03,2295,36,194,157.0,14
2026-08-03,5338,70,234,208,19
2026-08-03,1469,31,308,311,13
2026-08-03,2297,20,302,267.5,10
2026-08-03,7159,28,249,373,5
2026-08-03,5380,38,159,169.0,18
2026-08-03,1468,14,208,208,9
2026-08-03,1474,25,146,146,13
2026-08-03,2296,45,303,169,11
2026-08-03,1488,28,290,306.0,12
2026-08-03,848,18,,306,7
2026-08-03,5355,46,109,84,13
2026-08-03,861,5,157,89.0,4
2026-08-03,1409,26,160,190.0,12
2026-08-03,851,27,159,158.0,6
2026-08-03,2261,25,128,195,11
2026-08-03,7161,64,121,71.5,10
2026-08-03,970,60,108,115,23
2026-08-03,5337,57,170,148,13
2026-08-03,1513,24,277,284,11
2026-08-03,7160,54,,131.5,8
2026-08-03,6162,90,109,100.0,18
2026-08-03,7163,77,96,92,9
2026-08-03,7166,44,135,163.0,14
2026-08-03,843,27,112,123.5,10
2026-08-03,7439,38,85,92.5,10
2026-08-03,5256,30,165,67.0,12
2026-08-03,2294,47,157,150,13
2026-08-03,1594,52,137,127.0,22
2026-08-03,908,51,101,101,13
2026-08-03,1414,45,83,92,19
2026-08-03,7164,30,125,172.5,10
2026-08-03,5887,258,121,121,13
2026-08-03,5865,146,95,95,17
2026-08-03,891,33,96,116,13
2026-08-03,7415,114,109,125.5,12
2026-08-03,1522,25,156,196,9
2026-08-03,7162,124,138,86,13
2026-08-03,6342,17,142,212.0,6
2026-08-03,930,47,115,100.5,14
2026-08-03,5796,76,153,187.5,22
2026-08-03,6283,237,78,68.0,18
2026-08-03,7419,34,90,116.5,4
2026-08-03,6385,14,,146.0,6
2026-08-03,7165,42,91,73,7
2026-08-03,6501,179,35,29.5,10
2026-08-03,6330,169,77,136,9
2026-08-03,5257,141,58,45.0,24
2026-08-03,7436,51,90,96.0,14
2026-08-03,5255,347,55,53.0,20
2026-08-03,7440,36,83,83,9
2026-08-03,6801,34,147,170,11
2026-08-03,6384,35,90,98.5,12
2026-08-03,7416,66,107,109.5,12
2026-08-03,6086,53,87,92,13
2026-08-03,6074,67,144,165.5,16
2026-08-03,2298,62,93,122.0,16
2026-08-03,6439,579,56,55.5,18
2026-08-03,7226,122,92,92,9
2026-08-03,6310,23,117,131,9
2026-08-03,1067,29,,116.0,6
2026-08-03,897,6,,102.0,2
2026-08-03,7443,66,86,90.0,6
2026-08-03,2029,18,188,238.5,14
2026-08-03,1436,18,132,227,9
2026-08-03,5503,34,199,139,13
2026-08-03,5545,41,117,122,11
2026-08-03,1886,20,118,174.0,6
2026-08-03,1465,158,109,38.0,20
2026-08-03,5531,69,114,115,15
2026-08-03,1437,39,131,156.0,12
2026-08-03,6238,200,94,94,15
2026-08-03,5544,79,114,117.5,24
2026-08-03,1365,48,76,87,13
2026-08-03,5529,97,94,64.0,14
2026-08-03,1378,47,75,104,21
2026-08-03,1387,43,85,112.5,12
2026-08-03,5741,134,93,97.0,10
2026-08-03,5514,24,101,122.5,12
2026-08-03,6306,245,81,93.0,20
2026-08-03,1203,47,106,106,7
2026-08-03,6191,70,92,121.5,16
2026-08-03,1276,43,99,99.5,10
2026-08-03,1173,32,100,151.5,10
2026-08-03,5505,50,130,117.0,12
2026-08-03,5506,96,135,164.0,14
2026-08-03,6386,49,170,154.0,8
2026-08-03,5750,40,122,95.0,18
2026-08-03,1271,24,104,118.5,6
2026-08-03,1388,31,174,144.0,10
2026-08-03,5538,15,146,146,9
2026-08-03,5543,47,148,186,13
2026-08-03,5532,38,143,127,11
2026-08-03,6230,161,110,50,11
2026-08-03,1515,25,95,105.0,12
2026-08-03,5507,30,171,171,11
2026-08-03,5795,35,280,231.0,10
2026-08-03,1753,10,,126,7
2026-08-03,1375,47,167,170.5,22
2026-08-03,5526,27,170,175.0,10
2026-08-03,2471,50,145,203,9
2026-08-03,2256,25,135,155.0,8
2026-08-03,1360,30,125,125,15
2026-08-03,1885,23,,111.0,8
2026-08-03,1309,14,218,300,9
2026-08-03,1397,59,148,137.0,20
2026-08-03,5534,39,188,169,11
2026-08-03,5537,55,166,175.5,20
2026-08-03,1823,44,256,180,21
2026-08-03,1438,30,103,103,9
2026-08-03,5508,59,135,150,15
2026-08-03,5525,33,157,153,11
2026-08-03,1352,84,143,165.0,22
2026-08-03,5511,139,142,118,21
2026-08-03,1431,35,125,99.5,12
2026-08-03,1356,35,189,189,13
2026-08-03,5510,23,193,198.0,12
2026-08-03,1361,23,122,140.0,8
2026-08-03,1471,68,,38,7
2026-08-03,1750,41,173,125.5,12
2026-08-03,1421,33,192,187,11
2026-08-03,1346,32,176,78.5,12
2026-08-03,1307,54,133,142,25
2026-08-03,1418,23,106,121.5,6
2026-08-03,6337,113,136,92.5,14
2026-08-03,1754,8,241,143,5
2026-08-03,1338,34,221,234.0,16
2026-08-03,5539,52,140,145.0,18
2026-08-03,5515,117,140,147,23
2026-08-03,5516,24,168,168,9
2026-08-03,1211,17,116,105.5,8
2026-08-03,5519,31,141,184,15
2026-08-03,5518,22,112,95.0,12
2026-08-03,1362,34,141,163.0,6
2026-08-03,5524,57,155,155,15
2026-08-03,1363,62,113,113,13
2026-08-03,5504,46,143,76.0,18
2026-08-03,1398,58,104,104,15
2026-08-03,5512,52,107,126,13
2026-08-03,6802,99,98,92.0,6
2026-08-03,1165,26,100,133.0,10
2026-08-03,5448,41,80,92.5,14
2026-08-03,1825,19,283,283,5
2026-08-03,1828,35,217,294.0,16
2026-08-03,1958,22,191,346.0,14
2026-08-03,5502,53,222,197.0,10
2026-08-03,1827,28,252,287,11
2026-08-03,1129,26,161,197.0,12
2026-08-03,5520,23,158,158,9
2026-08-03,2561,41,147,172.0,10
2026-08-03,1755,14,,72,7
2026-08-03,1752,46,194,165.5,10
2026-08-03,5523,42,291,170.5,14
2026-08-03,1751,27,206,183.0,10
2026-08-03,1090,31,271,148.0,12
2026-08-03,2463,52,173,199.5,32
2026-08-03,1812,9,195,148.5,4
2026-08-03,5522,36,147,147,11
2026-08-03,1065,48,172,192.5,18
2026-08-03,1047,43,210,240.0,14
2026-08-03,7420,34,90,89.0,10
2026-08-03,7423,64,79,90.0,14
2026-08-03,7421,42,54,63.0,14
2026-08-03,7422,33,154,233.0,10
2026-08-03,7424,33,178,192,7
2026-08-03,7425,16,177,230,9
2026-08-03,6803,30,76,34.5,4
2026-08-03,1041,64,88,87,11
2026-08-03,973,31,194,176.5,12
2026-08-03,5541,36,134,177.5,16
2026-08-03,2474,74,114,78.5,12
2026-08-03,1593,30,122,131.0,14
2026-08-03,5530,20,,42,5
2026-08-03,5498,98,89,40,19
2026-08-03,1366,37,86,70.5,8
2026-08-03,5527,122,117,107,19
2026-08-03,5528,42,101,160.5,8
2026-08-03,5535,42,105,113.5,16
2026-08-03,5540,48,163,146,13
2026-08-03,7179,39,110,119.0,10
2026-08-03,1767,22,143,153,9
2026-08-03,1138,43,88,92.0,14
2026-08-03,7173,58,73,169.0,10
2026-08-03,7188,42,75,72.5,8
2026-08-03,2134,41,126,126,19
2026-08-03,1402,97,126,79,15
2026-08-03,7174,39,59,59,9
2026-08-03,7181,95,80,99.0,14
2026-08-03,1763,47,124,143.0,10
2026-08-03,1771,18,,88.5,6
2026-08-03,5649,27,68,86.5,8
2026-08-03,7167,54,98,108,17
2026-08-03,5451,29,108,113.0,14
2026-08-03,7182,98,97,84,9
2026-08-03,1770,25,67,96,17
2026-08-03,1473,50,81,63,13
2026-08-03,7187,61,124,122,17
2026-08-03,1766,34,103,88.5,8
2026-08-03,5919,33,104,113.5,14
2026-08-03,5923,59,59,70,19
2026-08-03,5638,25,49,63.0,6
2026-08-03,1772,17,89,91,11
2026-08-03,5924,129,111,104.5,14
2026-08-03,1761,32,124,124,13
2026-08-03,1946,29,73,82,13
2026-08-03,2579,103,127,76.0,18
2026-08-03,1758,23,98,110,9
2026-08-03,2133,52,173,159,13
2026-08-03,1408,32,91,96,11
2026-08-03,7180,124,104,104,15
2026-08-03,6208,14,88,92,7
2026-08-03,7168,84,79,89,17
2026-08-03,1336,28,80,80,7
2026-08-03,1411,30,108,109.5,12
2026-08-03,1765,120,95,105,23
2026-08-03,7190,122,85,91.0,16
2026-08-03,7184,113,97,98.5,14
2026-08-03,6500,71,142,167,15
2026-08-03,7175,125,100,128,19
2026-08-03,1283,50,81,134.0,14
2026-08-03,1313,51,68,66.0,12
2026-08-03,5849,24,107,122.0,6
2026-08-03,7169,75,112,166.0,12
2026-08-03,2041,44,97,177.5,14
2026-08-03,7171,84,108,147.5,6
2026-08-03,1914,40,65,94.0,14
2026-08-03,5427,23,107,100.5,8
2026-08-03,5450,51,93,99,11
2026-08-03,7170,50,116,143.5,10
2026-08-03,7172,43,74,74,11
2026-08-03,1762,32,83,98.0,10
2026-08-03,1332,43,98,48,15
2026-08-03,5449,39,112,98.5,16
2026-08-03,1890,36,95,123,11
2026-08-03,7191,40,93,94.0,14
2026-08-03,5920,37,73,101.0,14
2026-08-03,5619,41,133,111.0,12
2026-08-03,7177,62,96,99.5,6
2026-08-03,1394,19,95,122,7
2026-08-03,1364,35,147,168,13
2026-08-03,1187,32,139,143.0,8
2026-08-03,1888,41,185,159.5,14
2026-08-03,7185,157,90,88.0,14
2026-08-03,6451,186,123,142.0,6
2026-08-03,7178,114,88,163.0,14
2026-08-03,6096,189,114,114,17
2026-08-03,5918,19,142,81,9
2026-08-03,2135,40,92,113,21
2026-08-03,7176,79,114,115,19
2026-08-03,2136,23,121,121,15
2026-08-03,1389,49,121,127.0,18
2026-08-03,2132,23,130,130,9
2026-08-03,5305,35,93,106.5,10
2026-08-03,1406,106,93,93,23
2026-08-03,7183,69,64,57.0,6
2026-08-03,1764,33,95,98,11
2026-08-03,6513,437,63,67.0,18
2026-08-03,5922,57,86,113.5,22
2026-08-03,5921,33,97,100.0,14
2026-08-03,6387,50,110,126,13
2026-08-03,1768,55,53,89,23
2026-08-03,1887,28,107,159.0,14
2026-08-03,1889,49,68,68,15
2026-08-03,1773,54,92,117.5,10
2026-08-03,1472,207,68,90,21
2026-08-03,6333,102,93,89,19
2026-08-03,5452,36,89,85.5,12
2026-08-03,7189,89,68,68,11
2026-08-03,5917,105,86,124,15
2026-08-03,1760,20,254,265.0,8
2026-08-03,6221,217,90,94.5,24
2026-08-03,7186,42,89,89,9
2026-08-03,6547,58,82,82.5,12
2026-08-03,1916,27,121,149.0,12
2026-08-03,1328,44,105,118,13
2026-08-03,1533,20,112,129,11
2026-08-03,1538,138,110,123,23
2026-08-03,2618,17,88,130.5,12
2026-08-03,7192,19,83,122.5,6
2026-08-03,1227,13,,64.5,6
2026-08-03,7194,77,91,81.0,8
2026-08-03,1918,23,117,137.5,12
2026-08-03,5242,53,105,108.5,16
2026-08-03,1534,274,125,186.5,20
2026-08-03,6804,47,88,135.5,6
2026-08-03,1426,44,83,66,13
2026-08-03,7193,39,,45,3
2026-08-03,1539,92,89,140.5,22
2026-08-03,1920,56,99,87.0,20
2026-08-03,2499,47,101,126.0,12
2026-08-03,5343,96,118,100.0,16
2026-08-03,5925,44,104,140.5,20
2026-08-03,1547,31,139,139,9
2026-08-03,1212,35,81,88.0,12
2026-08-03,5243,95,104,133,17
2026-08-03,1931,33,139,91.5,14
2026-08-03,1923,27,151,243,13
2026-08-03,5245,31,121,153,19
2026-08-03,1536,114,90,76,27
2026-08-03,1921,44,100,118.5,18
2026-08-03,1917,32,105,105,15
2026-08-03,1535,29,126,177.0,12
2026-08-03,5244,23,136,124,13
2026-08-03,1553,95,104,117,19
2026-08-03,1926,18,98,101,11
2026-08-03,1555,19,132,183.5,8
2026-08-03,1531,39,103,125.5,16
2026-08-03,1919,25,169,170,11
2026-08-03,1922,38,111,161,19
2026-08-03,1932,24,158,134.0,10
2026-08-03,1924,22,163,166.5,12
2026-08-03,6806,29,106,143.0,14
2026-08-03,1927,10,,64,7
2026-08-03,5727,113,130,144.0,26
2026-08-03,5453,38,108,95.5,12
2026-08-03,2495,50,110,88.0,14
2026-08-03,7197,109,106,106,11
2026-08-03,1930,21,153,165.0,12
2026-08-03,1929,33,,68.0,12
2026-08-03,1928,12,105,124,7
2026-08-03,5873,82,124,127.0,16
2026-08-03,5648,46,126,109.5,18
2026-08-03,1420,13,112,156.0,10
2026-08-03,2494,37,98,84,23
2026-08-03,5241,15,103,99,11
2026-08-03,2504,474,70,79,35
2026-08-03,5327,23,91,126,11
2026-08-03,5614,25,107,124,13
2026-08-03,1544,24,,109,7
2026-08-03,1358,19,,109.0,10
2026-08-03,7198,27,133,103,5
2026-08-03,5454,37,135,157,15
2026-08-03,1543,145,83,195,19
2026-08-03,1925,58,125,116.0,26
2026-08-03,5246,2,,62,1
2026-08-03,6805,18,101,179.0,4
2026-08-03,1552,44,110,116,11
2026-08-03,1933,46,174,168.5,16
2026-08-03,1541,23,111,143,7
2026-08-03,5647,28,102,118,17
2026-08-03,5405,127,99,106,19
2026-08-03,7199,33,,124.5,4
2026-08-03,5927,67,76,70,9
2026-08-03,5403,29,107,89,7
2026-08-03,1545,41,93,152,15
2026-08-03,5926,44,214,242.5,16
2026-08-03,1537,25,142,165.0,14
2026-08-03,1542,32,109,145.5,20
2026-08-03,7195,122,82,98,15
2026-08-03,7196,39,114,96,13
2026-08-03,6323,114,79,71.5,10
2026-08-03,1915,23,44,79,9
2026-08-03,1548,17,102,95.5,8
2026-08-03,5339,46,113,113,13
2026-08-03,1036,168,135,135.5,26
2026-08-03,1085,29,115,106.0,8
2026-08-03,1071,12,114,165.0,6
2026-08-03,5455,35,119,127.5,14
2026-08-03,1012,10,113,94.5,6
2026-08-03,1099,32,147,165,15
2026-08-03,1087,45,134,94.5,20
2026-08-03,1088,15,135,106.0,8
2026-08-03,907,27,116,173.0,14
2026-08-03,1060,32,88,92,11
2026-08-03,6270,112,90,114.0,16
2026-08-03,1106,26,91,91,7
2026-08-03,1460,36,87,128,9
2026-08-03,853,21,97,116,9
2026-08-03,1132,19,98,111.5,8
2026-08-03,997,34,83,98,7
2026-08-03,7288,4,,172.5,2
2026-08-03,6094,59,117,80,15
2026-08-03,1142,57,91,100.0,12
2026-08-03,5651,40,85,103.5,14
2026-08-03,5473,28,102,102,9
2026-08-03,1140,273,71,52.0,22
2026-08-03,1161,46,87,89.0,8
2026-08-03,6269,49,133,133,7
2026-08-03,906,28,99,107.5,14
2026-08-03,6038,16,99,124.5,10
2026-08-03,1133,18,109,126.5,8
2026-08-03,818,12,117,92.5,6
2026-08-03,829,67,108,58,11
2026-08-03,918,19,142,86.0,8
2026-08-03,6465,28,102,80,11
2026-08-03,1007,12,,70,7
2026-08-03,5635,25,98,105,9
2026-08-03,7426,56,101,123.0,6
2026-08-03,6239,91,86,121.5,14
2026-08-03,888,56,88,46,11
2026-08-03,1083,14,93,93,7
2026-08-03,5457,14,147,173.0,10
2026-08-03,1037,15,104,98.5,8
2026-08-03,1038,22,103,107.0,10
2026-08-03,7200,104,41,45.5,10
2026-08-03,2126,26,71,119.5,12
2026-08-03,5945,38,81,79,11
2026-08-03,5944,25,80,95,7
2026-08-03,5952,25,48,56,5
2026-08-03,5946,92,65,93.5,24
2026-08-03,2128,44,43,36.0,8
2026-08-03,5943,408,42,47.0,34
2026-08-03,6040,58,39,39,13
2026-08-03,5953,80,30,55.0,10
2026-08-03,2131,6,119,134.5,4
2026-08-03,5949,71,25,56.0,12
2026-08-03,5363,36,83,135.5,10
2026-08-03,2466,31,85,146.5,14
2026-08-03,1788,49,124,136.5,16
2026-08-03,5718,37,127,82,17
2026-08-03,6807,56,81,123.5,14
2026-08-03,6821,18,86,100,7
2026-08-03,1790,27,117,133.5,6
2026-08-03,2653,42,114,115.0,12
2026-08-03,2621,10,106,107,5
2026-08-03,6826,28,99,126.5,6
2026-08-03,2637,195,102,114,21
2026-08-03,2330,15,121,118.0,8
2026-08-03,2331,6,140,152.0,4
2026-08-03,5875,59,194,168.0,10
2026-08-03,5897,135,105,140.5,20
2026-08-03,6811,32,92,83.0,4
2026-08-03,5714,45,114,125,17
2026-08-03,5483,48,176,176,13
2026-08-03,5482,45,108,120.0,14
2026-08-03,1015,20,,106.0,10
2026-08-03,6810,49,96,120,7
2026-08-03,6823,23,95,128.5,4
2026-08-03,5706,34,110,165,9
2026-08-03,2334,11,110,109,5
2026-08-03,1796,74,101,149.0,14
2026-08-03,1168,13,,88,3
2026-08-03,1024,31,62,62,7
2026-08-03,2092,27,76,82.0,8
2026-08-03,2441,43,,89.0,8
2026-08-03,2072,37,106,107,19
2026-08-03,2120,17,109,142,9
2026-08-03,1164,63,68,74,11
2026-08-03,2333,19,91,102,13
2026-08-03,5800,32,94,96.0,10
2026-08-03,2091,67,49,86,11
2026-08-03,2506,61,56,65.5,12
2026-08-03,2337,49,62,81.5,18
2026-08-03,2083,39,117,108.0,8
2026-08-03,1789,23,133,133,7
2026-08-03,1794,18,116,117,7
2026-08-03,2475,55,122,122.0,18
2026-08-03,1795,35,101,135,11
2026-08-03,1023,27,76,171,7
2026-08-03,6368,258,49,48.0,10
2026-08-03,993,27,111,111,7
2026-08-03,2122,72,110,107.5,20
2026-08-03,6825,77,80,137,15
2026-08-03,900,37,65,83,7
2026-08-03,2107,42,59,66,9
2026-08-03,921,21,102,91.0,10
2026-08-03,2564,143,84,112,19
2026-08-03,5347,30,91,128,13
2026-08-03,5633,52,138,188,13
2026-08-03,2076,38,94,97,9
2026-08-03,2423,27,117,143,11
2026-08-03,2440,45,97,107,17
2026-08-03,5224,101,128,134,15
2026-08-03,981,25,78,126.5,6
2026-08-03,5716,53,102,131.0,14
2026-08-03,6812,37,82,82,3
2026-08-03,5484,35,101,125,11
2026-08-03,990,12,101,101,5
2026-08-03,6495,520,65,73.5,8
2026-08-03,6210,33,114,117.0,14
2026-08-03,6809,44,91,111,11
2026-08-03,6815,63,83,88,13
2026-08-03,6584,43,77,80,19
2026-08-03,6816,268,50,52.5,12
2026-08-03,6583,37,70,78.5,6
2026-08-03,6196,115,72,84.0,14
2026-08-03,6818,61,59,59,9
2026-08-03,6814,40,65,69.0,8
2026-08-03,6813,36,63,124.0,16
2026-08-03,6817,74,55,55,15
2026-08-03,6225,45,148,103.5,8
2026-08-03,6204,46,114,151,13
2026-08-03,5747,17,159,135,11
2026-08-03,6211,140,70,108.0,10
2026-08-03,2074,42,74,98.5,18
2026-08-03,1044,25,50,68,7
2026-08-03,6154,223,57,43.5,14
2026-08-03,6822,56,61,112.0,16
2026-08-03,2335,58,125,112,21
2026-08-03,2566,95,95,95.0,18
2026-08-03,5348,29,85,100.5,14
2026-08-03,2112,61,50,77,9
2026-08-03,6214,24,141,141,13
2026-08-03,2087,34,147,156,17
2026-08-03,1264,28,102,93,11
2026-08-03,2077,32,97,124,9
2026-08-03,1192,15,98,80.5,4
2026-08-03,944,47,93,99,11
2026-08-03,2116,41,117,126,13
2026-08-03,932,12,86,87,7
2026-08-03,1792,53,62,80.5,12
2026-08-03,5890,58,78,132.5,12
2026-08-03,2085,17,61,76,9
2026-08-03,6369,51,86,108,13
2026-08-03,2093,29,94,116.5,8
2026-08-03,2332,32,151,151,17
2026-08-03,6819,41,66,130,19
2026-08-03,2106,101,71,95.5,24
2026-08-03,5602,34,91,141.0,10
2026-08-03,2336,27,89,123.5,12
2026-08-03,6820,32,68,124,15
2026-08-03,892,34,102,102,19
2026-08-03,2078,91,62,114,17
2026-08-03,6808,169,46,50.0,20
2026-08-03,2073,43,74,138.0,16
2026-08-03,2442,44,76,68,19
2026-08-03,5751,36,96,106,9
2026-08-03,2101,49,80,93.5,10
2026-08-03,2089,35,101,116.0,12
2026-08-03,2113,48,107,124,17
2026-08-03,5335,24,85,95.0,10
2026-08-03,2090,36,71,73,7
2026-08-03,1163,26,71,99,11
2026-08-03,2100,61,61,84,9
2026-08-03,5715,45,155,153,15
2026-08-03,2079,170,56,79,11
2026-08-03,2439,77,55,58,9
2026-08-03,2103,423,59,84.5,16
2026-08-03,1196,57,128,128,19
2026-08-03,2104,139,69,128,17
2026-08-03,2443,95,33,50.5,18
2026-08-03,1020,64,60,63.5,10
2026-08-03,1014,36,,79,5
2026-08-03,6006,30,117,163.5,18
2026-08-03,1621,12,85,94.0,8
2026-08-03,1206,25,,83,13
2026-08-03,1791,57,91,131,9
2026-08-03,1008,47,122,127,11
2026-08-03,2099,40,54,54,7
2026-08-03,5878,162,46,63,23
2026-08-03,5880,91,74,75,15
2026-08-03,5879,51,107,122,15
2026-08-03,6455,461,62,62,9
2026-08-03,5882,29,104,110,9
2026-08-03,2088,11,68,96.5,6
2026-08-03,1025,38,49,55,7
2026-08-03,5838,78,98,120,15
2026-08-03,1787,35,95,166.0,8
2026-08-03,936,44,109,81,11
2026-08-03,2030,37,144,185,13
2026-08-03,2105,48,69,97.5,14
2026-08-03,2565,16,96,159.5,6
2026-08-03,5601,35,79,116.0,12
2026-08-03,2084,15,77,108,11
2026-08-03,6828,25,122,122,7
2026-08-03,6832,11,,102.5,4
2026-08-03,6831,80,77,80.0,14
2026-08-03,6827,86,95,99.0,14
2026-08-03,6830,54,86,94.5,14
2026-08-03,6834,96,76,66.0,14
2026-08-03,6833,101,61,78,17
2026-08-03,6829,134,65,70.0,14
2026-08-03,7432,13,121,128.0,6
2026-08-03,7430,14,85,85,7
2026-08-03,7431,14,120,95.0,6
2026-08-03,7429,25,85,135,9
2026-08-03,5223,31,116,93,13
2026-08-03,5499,40,77,80,17
2026-08-03,7433,65,86,88.0,18
2026-08-03,7442,85,65,83.5,24
2026-08-03,899,62,70,83.0,12
2026-08-03,7437,64,91,100.5,10
2026-08-03,7441,45,123,111.5,10
2026-08-03,7434,35,51,38,7
2026-08-03,7444,61,70,70,21
2026-08-03,7438,104,80,80,17
2026-08-03,7435,97,74,104,11
2026-08-03,7445,29,114,114,11
2026-08-03,7642,52,99,89.5,8
2026-08-03,7643,10,72,77.0,2
2026-08-03,7446,28,,73.0,6
2026-08-03,7040,38,102,122.0,6
2026-08-03,6835,14,203,203,7
2026-08-03,5935,39,125,218.0,16
2026-08-03,6305,66,142,161,19
2026-08-03,1597,25,179,185.5,8
2026-08-03,1205,38,105,56,9
2026-08-03,6388,62,87,38.5,8
2026-08-03,6389,43,60,60,7
2026-08-03,1324,24,131,131,7
2026-08-03,1947,31,182,92,15
2026-08-03,1598,77,111,118,15
2026-08-03,7120,123,61,88.0,14
2026-08-03,1599,24,85,85,13
2026-08-03,6309,998,54,71.5,20
2026-08-03,1304,63,124,68.0,18
2026-08-03,1058,30,156,156,13
2026-08-03,1057,23,96,96,11
2026-08-03,5804,60,146,158.5,16
2026-08-03,1529,32,138,138,11
2026-08-03,1018,35,140,105.5,10
2026-08-03,1059,21,142,153.5,6
2026-08-03,7112,66,90,90.5,10
2026-08-03,5770,93,178,192.0,24
2026-08-03,1076,68,79,91.5,18
2026-08-03,5321,38,47,52.5,16
2026-08-03,6462,594,45,44.5,14
2026-08-03,1778,25,101,94,15
2026-08-03,6391,30,150,165,11
2026-08-03,1776,27,94,135,17
2026-08-03,6229,53,126,145.5,16
2026-08-03,1093,26,86,84.0,8
2026-08-03,1095,45,66,80.0,8
2026-08-03,1114,29,70,87,7
2026-08-03,1096,36,126,126,5
2026-08-03,7111,102,86,119,19
2026-08-03,7119,99,86,54,7
2026-08-03,7118,88,82,88.0,20
2026-08-03,1104,34,124,124,7
2026-08-03,7201,135,126,106.0,10
2026-08-03,2467,50,176,190.0,20
2026-08-03,1779,53,143,143,17
2026-08-03,5850,76,116,121,11
2026-08-03,6329,319,204,201.0,24
2026-08-03,1011,30,135,110.5,10
2026-08-03,1595,45,303,290.5,18
2026-08-03,2600,236,259,167,23
2026-08-03,6425,168,183,136.5,10
2026-08-03,7115,192,56,38,11
2026-08-03,1033,47,89,89,15
2026-08-03,5934,15,,115.0,4
2026-08-03,7447,84,90,91.5,10
2026-08-03,7203,18,116,152,7
2026-08-03,7116,119,114,118,19
2026-08-03,7204,41,78,87.0,8
2026-08-03,1243,46,167,156.0,14
2026-08-03,1237,61,138,170.0,12
2026-08-03,6537,534,74,96.0,18
2026-08-03,7114,60,105,122.0,12
2026-08-03,7113,92,97,118.5,20
2026-08-03,1171,6,,40,1
2026-08-03,2274,25,92,114.0,14
2026-08-03,904,60,72,92.5,16
2026-08-03,1219,29,141,136.0,6
2026-08-03,1102,30,86,88,9
2026-08-03,889,82,115,124.0,10
2026-08-03,898,71,87,18.0,14
2026-08-03,5846,108,82,118.5,16
2026-08-03,1079,17,138,120.0,10
2026-08-03,1115,29,104,98.5,10
2026-08-03,1089,43,86,101.0,12
2026-08-03,1112,29,93,77,7
2026-08-03,1097,42,86,86,7
2026-08-03,1123,49,97,66.0,22
2026-08-03,7202,70,91,43,15
2026-08-03,1774,35,104,156,17
2026-08-03,1257,30,112,135,15
2026-08-03,1775,29,116,132.5,14
2026-08-03,6544,640,181,127.0,16
2026-08-03,1637,27,166,191,15
2026-08-03,1383,74,165,73.0,14
2026-08-03,1222,17,179,179,11
2026-08-03,6061,60,129,137,13
2026-08-03,1002,33,113,125.5,12
2026-08-03,1199,88,105,105,13
2026-08-03,1777,33,118,157,21
2026-08-03,992,47,77,82.0,12
2026-08-03,6280,122,58,51.0,14
2026-08-03,1017,24,109,123,13
2026-08-03,7448,134,79,97.5,12
2026-08-03,999,22,110,89.0,6
2026-08-03,2262,25,154,150,15
2026-08-03,1030,37,151,163.5,12
2026-08-03,1204,36,116,81,11
2026-08-03,1666,33,161,187,17
2026-08-03,5936,66,107,124,17
2026-08-03,989,38,79,144.5,10
2026-08-03,6390,31,106,114.5,10
2026-08-03,5933,90,76,79.0,20
2026-08-03,1005,29,194,230,13
2026-08-03,6203,249,85,72.0,42
2026-08-03,6195,84,129,102,11
2026-08-03,6129,129,181,141.0,14
2026-08-03,2279,360,260,237.5,28
2026-08-03,2252,172,310,254.0,32
2026-08-03,1530,57,246,260,15
2026-08-03,1782,264,221,209.0,26
2026-08-03,1266,104,343,352.5,12
2026-08-03,6836,72,83,68.0,6
2026-08-03,7449,35,108,86.5,6
2026-08-03,7450,67,132,137.0,16
2026-08-03,1295,34,149,172.5,10
2026-08-03,1337,36,172,222.0,10
2026-08-03,1306,24,105,175.5,8
2026-08-03,1395,47,221,208.5,14
2026-08-03,1783,31,473,442.5,20
2026-08-03,1265,29,477,315.0,16
2026-08-03,1781,10,300,128.0,10
2026-08-03,1524,39,413,445.0,18
2026-08-03,5379,110,189,199,21
2026-08-03,1390,29,468,302.5,16
2026-08-03,1470,13,117,113.5,6
2026-08-03,1300,20,145,145.0,10
2026-08-03,1312,38,123,133,21
2026-08-03,5940,60,95,123,21
2026-08-03,1284,13,,166.5,4
2026-08-03,1802,33,122,94,13
2026-08-03,6171,40,184,238,11
2026-08-03,7121,70,95,113.0,20
2026-08-03,961,30,171,109,11
2026-08-03,7117,93,80,114,11
2026-08-03,7539,54,112,100,13
2026-08-03,1278,83,300,240,29
2026-08-03,1780,57,290,227,13
2026-08-03,1248,29,267,230.0,20
2026-08-03,1801,42,,182.5,10
2026-08-03,5461,64,129,129,13
2026-08-03,5460,47,120,173,15
2026-08-03,7631,41,67,89.0,4
2026-08-03,7452,85,58,65.0,12
2026-08-03,7451,28,,79.0,6
2026-08-03,7453,92,81,97.5,12
2026-08-03,7635,80,58,58,5
2026-08-03,7454,30,86,64,7
2026-08-03,7636,21,,52,1
2026-08-03,7455,88,67,70.5,8
2026-08-03,6837,19,60,62,9
2026-08-03,6839,74,42,45.5,12
2026-08-03,6842,3,81,89,3
2026-08-03,6840,105,38,57,7
2026-08-03,6838,20,64,64.5,6
2026-08-03,6841,42,25,65.5,4
2026-08-03,7456,51,140,136.5,10
2026-08-03,6843,17,,146,3
2026-08-03,7122,245,94,66,9
2026-08-03,7123,125,105,132,5
2026-08-03,2245,47,122,133.5,10
2026-08-03,2247,17,130,150,5
2026-08-03,291,22,130,93.0,12
2026-08-03,5416,88,107,113.0,12
2026-08-03,271,17,185,185,7
2026-08-03,2194,31,76,76,13
2026-08-03,1479,26,101,147.0,12
2026-08-03,1500,33,100,120.0,16
2026-08-03,7458,104,60,70.5,10
2026-08-03,1495,66,72,72,11
2026-08-03,5553,17,143,81.5,10
2026-08-03,1499,70,52,54.0,10
2026-08-03,5458,36,104,90.0,20
2026-08-03,7457,75,56,33,9
2026-08-03,1493,41,97,99.0,6
2026-08-03,6460,720,42,52.0,16
2026-08-03,6844,36,69,104.5,10
2026-08-03,1506,80,63,63.5,16
2026-08-03,6130,79,85,85,13
2026-08-03,1504,40,76,60.5,10
2026-08-03,1494,37,132,84,13
2026-08-03,2193,60,56,66.5,14
2026-08-03,1483,40,86,67.5,10
2026-08-03,7461,66,45,50,15
2026-08-03,7460,118,61,74.5,10
2026-08-03,7459,62,58,60.5,6
2026-08-03,1507,83,77,77.0,14
2026-08-03,2248,15,190,196.0,6
2026-08-03,2246,36,155,155.0,6
2026-08-03,2251,31,118,119,9
2026-08-03,1294,12,295,295,7
2026-08-03,1305,11,140,140,5
2026-08-03,1586,20,197,239,9
2026-08-03,1585,17,207,234,9
2026-08-03,1584,27,139,139,7
2026-08-03,1281,10,135,169.5,4
2026-08-03,1583,30,212,235,11
2026-08-03,1592,34,147,160,9
2026-08-03,2616,35,119,122.0,12
2026-08-03,1333,32,228,228,13
2026-08-03,1368,34,187,262.0,14
2026-08-03,5937,57,149,171.0,18
2026-08-03,5939,51,153,172,15
2026-08-03,1321,49,193,142,17
2026-08-03,1396,36,161,175,9
2026-08-03,1949,63,205,219.5,22
2026-08-03,1785,59,168,181.5,28
2026-08-03,7205,50,178,178,9
2026-08-03,5579,47,158,162.5,14
2026-08-03,1208,40,128,129.5,12
2026-08-03,7470,18,130,131.0,14
2026-08-03,1521,36,161,132,15
2026-08-03,1214,42,137,144.0,16
2026-08-03,7243,117,136,120,15
2026-08-03,1292,163,156,87,21
2026-08-03,1952,34,157,151,17
2026-08-03,1291,38,208,185.5,14
2026-08-03,2607,55,251,251,13
2026-08-03,1525,34,251,202,11
2026-08-03,1369,12,295,389.0,10
2026-08-03,5856,1171,232,108,35
2026-08-03,2269,49,327,277,11
2026-08-03,1386,282,251,282.5,30
2026-08-03,1784,49,429,223,17
2026-08-03,1169,61,217,221.5,8
2026-08-03,1951,60,264,252.0,26
2026-08-03,759,44,169,189.0,14
2026-08-03,1657,43,167,192.0,16
2026-08-03,1288,40,326,294.0,14
2026-08-03,1653,37,304,183,15
2026-08-03,1950,15,,179,11
2026-08-03,6845,90,147,161.0,20
2026-08-03,7036,48,61,72.0,6
2026-08-03,6271,63,231,236,17
2026-08-03,1380,39,244,243.0,10
2026-08-03,1225,74,84,113.0,10
2026-08-03,7124,27,157,168,11
2026-08-03,1256,28,238,262,9
2026-08-03,1261,21,169,169,5
2026-08-03,5895,23,240,241,11
2026-08-03,6499,34,128,180,9
2026-08-03,1672,47,198,183,15
2026-08-03,1157,38,83,83,11
2026-08-03,5843,40,98,100,7
2026-08-03,5787,11,117,130.5,6
2026-08-03,7298,51,56,57,9
2026-08-03,7297,61,67,71.0,8
2026-08-03,7125,34,,155,13
2026-08-03,5563,25,127,92.5,8
2026-08-03,2608,26,152,122,9
2026-08-03,5238,16,111,127.5,6
2026-08-03,1178,81,102,112.5,8
2026-08-03,2624,22,65,118.5,12
2026-08-03,6534,34,70,56.0,4
2026-08-03,1452,65,81,81,17
2026-08-03,5634,19,91,128,9
2026-08-03,6532,69,123,143.0,16
2026-08-03,6535,24,112,136.5,12
2026-08-03,1252,39,121,121.0,14
2026-08-03,7209,102,72,102,23
2026-08-03,6192,63,97,110,15
2026-08-03,2606,70,63,65.5,8
2026-08-03,6355,56,121,137.0,14
2026-08-03,1170,42,125,175.5,16
2026-08-03,1179,37,125,108.0,8
2026-08-03,2636,20,101,128,9
2026-08-03,7216,48,86,123,11
2026-08-03,1447,15,73,85.5,8
2026-08-03,1146,30,98,98,13
2026-08-03,6341,76,95,112.5,6
2026-08-03,1136,68,45,60.5,12
2026-08-03,7215,174,49,49,13
2026-08-03,7214,84,46,36.0,14
2026-08-03,6184,65,99,117.5,6
2026-08-03,1145,14,109,118.0,6
2026-08-03,7213,44,131,157.5,18
2026-08-03,6055,60,170,192.0,18
2026-08-03,7218,60,97,105,17
2026-08-03,7293,49,70,91.5,8
2026-08-03,7292,23,78,78,7
2026-08-03,7301,20,66,78.0,10
2026-08-03,5395,21,96,135.5,10
2026-08-03,5930,46,98,98,19
2026-08-03,5932,69,87,87,15
2026-08-03,1149,27,67,80,11
2026-08-03,2555,44,120,119.5,24
2026-08-03,1139,54,98,105.5,8
2026-08-03,2547,23,93,102.0,10
2026-08-03,1128,26,94,107,9
2026-08-03,5471,20,103,117.5,8
2026-08-03,2545,27,80,80,11
2026-08-03,2546,44,92,93.5,12
2026-08-03,2243,28,105,146.0,14
2026-08-03,5928,6,,90,3
2026-08-03,1463,16,136,146,9
2026-08-03,6149,97,147,141,29
2026-08-03,7207,210,72,64.0,12
2026-08-03,1399,9,,439,5
2026-08-03,2554,15,136,183,9
2026-08-03,1151,39,118,118,9
2026-08-03,5929,99,127,154,15
2026-08-03,1117,9,135,239,7
2026-08-03,1127,12,124,184.0,8
2026-08-03,1135,41,81,118.0,16
2026-08-03,1120,13,,246.0,6
2026-08-03,1107,22,,170.0,8
2026-08-03,2556,19,122,131.5,12
2026-08-03,5393,15,94,120.5,10
2026-08-03,5394,13,102,89.5,8
2026-08-03,5931,18,68,161,11
2026-08-03,2557,17,127,163.0,10
2026-08-03,2558,30,97,126.5,12
2026-08-03,1103,16,76,157,9
2026-08-03,7295,40,53,88.0,8
2026-08-03,1449,26,72,88.5,12
2026-08-03,6536,67,95,127.0,14
2026-08-03,1156,17,83,75.5,8
2026-08-03,2597,38,68,96.5,20
2026-08-03,6218,166,80,83.0,10
2026-08-03,1455,25,60,47,9
2026-08-03,6514,512,37,54.5,14
2026-08-03,1116,29,103,130.5,10
2026-08-03,2619,23,135,92,9
2026-08-03,5494,25,72,82,9
2026-08-03,2559,32,61,101,13
2026-08-03,1491,29,60,52.0,8
2026-08-03,7294,54,86,90.5,20
2026-08-03,6533,62,86,127,9
2026-08-03,7217,96,60,52.0,14
2026-08-03,2598,113,73,73.0,26
2026-08-03,6182,51,115,164,17
2026-08-03,7208,31,99,119.5,12
2026-08-03,6183,63,92,125.5,12
2026-08-03,7299,60,58,66.5,8
2026-08-03,7211,52,88,102,11
2026-08-03,1121,21,98,142,9
2026-08-03,1464,55,56,58.0,10
2026-08-03,7300,43,,31,3
2026-08-03,5396,28,83,129,15
2026-08-03,2585,8,101,139.0,6
2026-08-03,7501,56,66,68.0,10
2026-08-03,7502,49,42,19,7
2026-08-03,7500,30,46,52.0,6
2026-08-03,7499,152,45,60.0,14
2026-08-03,7492,30,70,70,7
2026-08-03,5261,29,128,100.5,12
2026-08-03,7498,67,61,111,9
2026-08-03,7223,41,64,71,19
2026-08-03,7495,23,55,57.5,8
2026-08-03,5998,82,119,130,29
2026-08-03,7472,58,38,44,11
2026-08-03,2586,39,105,135.5,8
2026-08-03,2615,59,82,121,9
2026-08-03,6392,73,79,84,11
2026-08-03,7245,22,84,115,3
2026-08-03,2587,41,97,121,7
2026-08-03,5989,53,90,90,11
2026-08-03,5779,21,113,135.5,6
2026-08-03,7244,150,54,62,7
2026-08-03,922,94,94,115,11
2026-08-03,7037,39,46,75.0,10
2026-08-03,6846,5,71,110.5,4
2026-08-03,2614,36,69,90.5,6
2026-08-03,6438,40,93,117,7
2026-08-03,2588,12,70,86,5
2026-08-03,2589,25,78,112.5,8
2026-08-03,7486,66,46,54,13
2026-08-03,7246,96,58,52.0,6
2026-08-03,7487,87,54,41.0,6
2026-08-03,7474,62,58,60.5,10
2026-08-03,7247,26,51,58.5,4
2026-08-03,7488,30,38,71,7
2026-08-03,5784,59,72,76,5
2026-08-03,5993,41,93,170.0,6
2026-08-03,7479,52,61,77.0,10
2026-08-03,7253,29,67,80,9
2026-08-03,7483,32,49,51,9
2026-08-03,5780,67,112,140.0,10
2026-08-03,7255,50,50,53.0,8
2026-08-03,5777,58,78,115,19
2026-08-03,2590,67,76,113.0,12
2026-08-03,7475,70,30,36.5,12
2026-08-03,5990,195,59,82.5,6
2026-08-03,5781,73,55,87,19
2026-08-03,5778,75,96,110,11
2026-08-03,5995,207,51,98,29
2026-08-03,5679,186,43,46.5,56
2026-08-03,7249,107,48,39,11
2026-08-03,7248,78,39,25,11
2026-08-03,5782,56,83,87.0,6
2026-08-03,7256,233,31,39,7
2026-08-03,2591,119,66,83,15
2026-08-03,5628,436,53,60,51
2026-08-03,5785,48,93,116,9
2026-08-03,865,96,55,74.5,10
2026-08-03,7484,44,38,49.0,6
2026-08-03,5997,42,142,171,13
2026-08-03,7476,7,,99.0,4
2026-08-03,7477,41,51,54.0,8
2026-08-03,5776,25,151,189,11
2026-08-03,5992,78,151,193,19
2026-08-03,2592,62,130,130,13
2026-08-03,7478,34,56,74.0,8
2026-08-03,958,14,115,115,9
2026-08-03,948,96,87,80.5,10
2026-08-03,7250,32,63,79.5,8
2026-08-03,833,66,68,111,7
2026-08-03,7251,37,83,75.5,6
2026-08-03,6393,25,98,63.5,6
2026-08-03,7503,53,58,46,5
2026-08-03,7219,38,64,75,7
2026-08-03,7221,11,85,99.5,8
2026-08-03,7220,42,62,70,11
2026-08-03,7496,68,36,49,5
2026-08-03,7497,117,50,50,7
2026-08-03,7222,64,56,67.5,10
2026-08-03,7224,42,69,69,15
2026-08-03,7491,37,74,94,7
2026-08-03,7493,43,50,68.5,6
2026-08-03,6000,47,147,147,11
2026-08-03,7494,48,58,62,11
2026-08-03,5783,55,77,75,7
2026-08-03,7254,65,52,56,7
2026-08-03,5672,236,58,43,53
2026-08-03,515,36,155,157,9
2026-08-03,1895,43,134,180,17
2026-08-03,6089,91,114,99.0,14
2026-08-03,7514,40,122,125.0,14
2026-08-03,131,38,178,178,13
2026-08-03,1797,26,165,189,15
2026-08-03,5724,49,136,140.0,20
2026-08-03,138,24,158,81.0,14
2026-08-03,1799,51,92,106.0,22
2026-08-03,132,25,115,124,9
2026-08-03,7504,12,138,142,3
2026-08-03,7633,22,110,113.0,8
2026-08-03,6864,29,110,110,5
2026-08-03,7634,12,63,106.5,4
2026-08-03,6486,54,148,169.0,14
2026-08-03,5438,49,127,139.0,12
2026-08-03,5757,45,120,149.0,8
2026-08-03,7528,53,123,129.0,14
2026-08-03,7529,49,78,87.0,8
2026-08-03,6873,42,104,104,9
2026-08-03,7505,21,133,140,9
2026-08-03,7512,28,133,185,7
2026-08-03,7513,176,96,120,25
2026-08-03,7510,27,166,183.5,8
2026-08-03,516,34,144,104.5,14
2026-08-03,1894,33,131,131,13
2026-08-03,6866,38,135,124,9
2026-08-03,6446,29,114,83.0,10
2026-08-03,6848,12,123,128.5,4
2026-08-03,6847,34,114,102.0,8
2026-08-03,6850,22,141,112.5,4
2026-08-03,6849,20,125,155,5
2026-08-03,6851,53,102,106.0,10
2026-08-03,6872,68,109,109,15
2026-08-03,6870,61,97,134.5,8
2026-08-03,6871,35,110,95,11
2026-08-03,6879,39,82,121.0,6
2026-08-03,7506,11,118,221.0,8
2026-08-03,6860,32,164,178.0,10
2026-08-03,7530,27,252,252,5
2026-08-03,187,31,136,136,11
2026-08-03,1798,34,111,121,17
2026-08-03,6861,45,104,114.5,12
2026-08-03,560,34,134,63,9
2026-08-03,123,34,146,142,17
2026-08-03,196,19,,100,7
2026-08-03,6865,33,88,108,11
2026-08-03,7508,27,124,150.0,10
2026-08-03,7638,34,116,121,9
2026-08-03,7507,20,166,162.0,6
2026-08-03,6884,30,145,129.0,6
2026-08-03,6883,29,122,117.5,8
2026-08-03,1963,24,154,154,15
2026-08-03,7520,24,98,98,3
2026-08-03,7516,38,67,70.0,6
2026-08-03,182,21,192,93,7
2026-08-03,7532,112,100,107.0,10
2026-08-03,7644,23,73,73,5
2026-08-03,7511,29,136,143.0,14
2026-08-03,7518,76,112,133.5,10
2026-08-03,6852,24,101,123,7
2026-08-03,6853,7,170,140.5,4
2026-08-03,7517,24,95,140,7
2026-08-03,6863,32,91,107,9
2026-08-03,1965,43,151,146.5,12
2026-08-03,6859,33,103,121,13
2026-08-03,6862,46,85,89.0,14
2026-08-03,6088,118,80,92.0,22
2026-08-03,6855,45,120,120,7
2026-08-03,6856,31,134,202,7
2026-08-03,6854,17,159,168.5,10
2026-08-03,6858,56,130,139.0,16
2026-08-03,6857,45,127,160,9
2026-08-03,6876,16,109,91.5,2
2026-08-03,489,46,141,148,11
2026-08-03,7509,40,107,134.5,8
2026-08-03,5432,97,77,96.0,28
2026-08-03,490,23,173,136,9
2026-08-03,492,20,136,190.0,6
2026-08-03,6880,21,135,139.0,8
2026-08-03,6087,65,70,54,15
2026-08-03,7522,55,110,110,9
2026-08-03,495,35,164,129,5
2026-08-03,614,29,104,119.0,12
2026-08-03,533,38,132,63,11
2026-08-03,7515,14,166,100,5
2026-08-03,7533,33,114,114,7
2026-08-03,7534,56,102,102,7
2026-08-03,7058,80,76,71.0,16
2026-08-03,6885,49,83,80.5,12
2026-08-03,7519,30,124,67,5
2026-08-03,5439,54,96,132.0,16
2026-08-03,1891,46,107,134,13
2026-08-03,175,44,146,142.0,16
2026-08-03,2067,36,163,97.0,14
2026-08-03,1964,59,156,177,29
2026-08-03,5616,90,94,99,23
2026-08-03,2178,64,86,67.5,16
2026-08-03,7523,20,,84,9
2026-08-03,6882,118,77,88,21
2026-08-03,7531,58,114,79.0,16
2026-08-03,6881,108,102,74,9
2026-08-03,1892,46,115,111,13
2026-08-03,170,36,114,118.5,16
2026-08-03,7526,75,99,99,17
2026-08-03,7525,108,106,128.5,14
2026-08-03,5876,89,92,94.0,18
2026-08-03,5604,121,98,113,17
2026-08-03,1938,4,,82,3
2026-08-03,74,15,114,113.5,8
2026-08-03,477,40,101,82.0,16
2026-08-03,6869,22,73,73,7
2026-08-03,7527,96,67,99,11
2026-08-03,6877,39,132,181,9
2026-08-03,6878,78,136,158.0,22
2026-08-03,6874,56,106,109,15
2026-08-03,6875,21,110,118.0,8
2026-08-03,7019,32,140,146.0,6
2026-08-03,1848,25,125,137.5,14
2026-08-03,7017,43,149,146.0,8
2026-08-03,2070,38,102,75.0,16
2026-08-03,7628,22,104,117,9
2026-08-03,7627,33,112,117.0,10
2026-08-03,6867,36,138,254,11
2026-08-03,166,25,145,108.0,10
2026-08-03,7623,59,105,105,13
2026-08-03,1241,49,133,141.0,10
2026-08-03,5941,53,89,98.5,20
2026-08-03,6517,497,76,81,17
2026-08-03,6324,239,66,63.5,8
2026-08-03,6889,72,145,152,19
2026-08-03,1966,21,184,198,13
2026-08-03,1092,30,176,196.0,10
2026-08-03,1032,14,152,128,7
2026-08-03,1803,20,160,133,17
2026-08-03,1384,27,96,115.5,16
2026-08-03,6172,207,61,95.5,20
2026-08-03,1638,27,122,124,13
2026-08-03,1061,33,114,102.5,8
2026-08-03,1800,46,124,124.0,18
2026-08-03,7535,87,73,65,17
2026-08-03,6886,119,66,67,17
2026-08-03,6887,37,76,42.0,6
2026-08-03,7537,48,,125.0,6
2026-08-03,6901,68,63,60.5,12
2026-08-03,7055,47,54,61.0,10
2026-08-03,6158,50,86,92,15
2026-08-03,6897,53,69,61.5,8
2026-08-03,5391,33,115,115.0,16
2026-08-03,1450,34,78,90.5,8
2026-08-03,5735,25,116,148,13
2026-08-03,6899,50,157,159,11
2026-08-03,7538,20,,81.5,6
2026-08-03,5464,11,119,119,7
2026-08-03,5497,12,182,182,9
2026-08-03,5462,22,175,219,9
2026-08-03,6349,88,122,118,15
2026-08-03,5463,37,135,152,13
2026-08-03,1028,68,108,108,13
2026-08-03,934,29,143,143,13
2026-08-03,5420,86,74,90.0,24
2026-08-03,920,16,116,74,7
2026-08-03,912,49,114,77.5,10
2026-08-03,7540,80,46,55,11
2026-08-03,6900,40,60,64,11
2026-08-03,6888,84,70,80,19
2026-08-03,7126,36,126,122.0,8
2026-08-03,6896,73,70,70,9
2026-08-03,6890,43,132,137.5,14
2026-08-03,6893,10,142,142,3
2026-08-03,7536,18,114,154,5
2026-08-03,6891,27,121,129.0,10
2026-08-03,6894,20,122,101,11
2026-08-03,6892,16,142,117.0,8
2026-08-03,7038,78,59,49.0,8
2026-08-03,7039,7,130,130,3
2026-08-03,928,46,134,200,9
2026-08-03,7225,53,135,118,7
2026-08-03,6302,458,62,62.0,20
2026-08-03,6315,195,46,48.0,8
2026-08-03,1042,127,77,93.5,18
2026-08-03,6090,47,103,122,17
2026-08-03,5392,54,46,47,15
2026-08-03,6895,8,,119,5
2026-08-03,2265,118,102,102,11
2026-08-03,6898,48,83,99,13
2026-08-03,7542,146,264,202,17
2026-08-03,7548,71,322,238.5,18
2026-08-03,7546,103,229,221.0,22
2026-08-03,7543,55,264,308.5,20
2026-08-03,7551,60,266,177,11
2026-08-03,7547,33,272,201.0,14
2026-08-03,7553,90,294,294,19
2026-08-03,7550,88,302,229,17
2026-08-03,7552,50,305,235.0,12
2026-08-03,7545,77,315,356,17
2026-08-03,7555,67,302,329,15
2026-08-03,7554,53,288,317,15
2026-08-03,7549,50,285,319.0,18
2026-08-03,6073,75,110,110,21
2026-08-03,5797,8,101,101,5
2026-08-03,6217,47,70,93.5,8
2026-08-03,6420,286,56,55,7
2026-08-03,6181,33,95,114,13
2026-08-03,6335,46,90,90,7
2026-08-03,6334,45,110,110.5,12
2026-08-03,541,38,105,103.5,6
2026-08-03,2338,45,57,57,11
2026-08-03,7653,401,38,34.5,14
2026-08-03,2339,44,113,117.0,16
2026-08-03,2342,30,134,142,15
2026-08-03,2343,18,110,112,9
2026-08-03,2544,42,113,104.5,18
2026-08-03,2345,19,130,130.5,6
2026-08-03,575,40,108,137.5,14
2026-08-03,880,67,101,119,19
2026-08-03,5488,30,74,120,11
2026-08-03,6354,20,,126.5,4
2026-08-03,2629,28,125,92.5,14
2026-08-03,6163,128,80,62,27
2026-08-03,5489,35,79,93.0,10
2026-08-03,6313,100,49,64,9
2026-08-03,588,20,91,93,7
2026-08-03,556,21,112,135.5,8
2026-08-03,606,41,92,106,9
2026-08-03,5603,81,56,79.0,14
2026-08-03,5883,51,61,62,13
2026-08-03,706,14,112,116,11
2026-08-03,2098,16,81,92.0,8
2026-08-03,6201,13,,201.0,6
2026-08-03,5774,54,74,74,15
2026-08-03,813,36,92,92,7
2026-08-03,5884,61,59,74,13
2026-08-03,2108,55,47,59.0,14
2026-08-03,5775,113,57,34,23
2026-08-03,525,46,66,74,15
2026-08-03,587,18,112,80.0,10
2026-08-03,2476,26,139,124,9
2026-08-03,585,18,127,127.5,10
2026-08-03,5573,30,200,140,13
2026-08-03,2114,5,194,194,3
2026-08-03,576,14,147,113,7
2026-08-03,555,10,132,150,9
2026-08-03,718,17,70,70,7
2026-08-03,720,17,62,92.0,8
2026-08-03,5234,31,94,95.5,8
2026-08-03,6091,115,59,117.0,10
2026-08-03,557,8,128,275.0,6
2026-08-03,2115,64,141,163,23
2026-08-03,2082,210,98,124,31
2026-08-03,5352,36,147,151.5,12
2026-08-03,6520,464,63,50,17
2026-08-03,786,23,,168,7
2026-08-03,6902,55,65,65.0,16
2026-08-03,779,33,62,111,11
2026-08-03,6417,91,78,99,9
2026-08-03,2628,36,185,173.0,16
2026-08-03,6085,7,,195,5
2026-08-03,5881,64,74,92,15
2026-08-03,6528,169,70,78,7
2026-08-03,2094,237,50,63,17
2026-08-03,2341,56,74,93.5,18
2026-08-03,5885,72,153,172,13
2026-08-03,2111,54,73,97.5,20
2026-08-03,6903,44,53,62.0,12
2026-08-03,5353,22,121,157.0,12
2026-08-03,517,45,79,95,17
2026-08-03,5351,37,107,67.0,12
2026-08-03,2110,48,92,105,21
2026-08-03,2340,35,76,107,15
2026-08-03,2347,32,104,122,13
2026-08-03,6198,86,66,87,19
2026-08-03,5378,70,78,107,23
2026-08-03,546,18,62,84.0,8
2026-08-03,2109,42,88,148,21
2026-08-03,2097,104,55,84.5,14
2026-08-03,6453,243,54,37.0,8
2026-08-03,543,29,84,106.0,12
2026-08-03,6904,47,62,64.0,14
2026-08-03,6295,32,98,134.5,16
2026-08-03,2086,21,95,132.5,16
2026-08-03,550,41,74,70,11
2026-08-03,523,17,115,176,9
2026-08-03,6424,420,63,65.5,12
2026-08-03,6905,63,98,103.5,10
2026-08-03,6529,68,74,116.5,4
2026-08-03,2346,38,114,146.0,12
2026-08-03,5248,27,74,94.0,14
2026-08-03,2348,24,125,125,9
2026-08-03,2095,50,64,100.5,12
2026-08-03,2349,19,80,132,7
2026-08-03,7302,32,75,99.5,6
2026-08-03,6906,45,68,93.0,14
2026-08-03,7304,28,82,91.5,4
2026-08-03,7303,20,128,157,3
2026-08-03,6908,166,88,42,11
2026-08-03,7306,12,133,89,7
2026-08-03,7305,5,,178.5,2
2026-08-03,6907,52,88,101.0,8
2026-08-03,7307,73,81,87,9
2026-08-03,6436,48,122,155.5,10
2026-08-03,923,11,,174.0,6
2026-08-03,5222,18,107,151.0,10
2026-08-03,617,37,77,80,7
2026-08-03,632,38,76,95,11
2026-08-03,6297,29,135,186.5,14
2026-08-03,660,71,99,104,19
2026-08-03,5891,46,95,96.0,14
2026-08-03,955,33,124,205,7
2026-08-03,5955,64,100,105.0,10
2026-08-03,5620,29,119,119,11
2026-08-03,5954,31,138,163.0,14
2026-08-03,6296,43,185,149,19
2026-08-03,5297,137,125,125,15
2026-08-03,5437,12,98,107,7
2026-08-03,5404,15,96,96.5,4
2026-08-03,641,11,77,77,5
2026-08-03,570,34,55,74.5,10
2026-08-03,2605,18,84,96,9
2026-08-03,2603,49,58,58,13
2026-08-03,2602,52,75,41.0,16
2026-08-03,674,89,62,39,17
2026-08-03,681,21,53,56.5,8
2026-08-03,2604,29,69,82,11
2026-08-03,7227,100,66,68.0,14
2026-08-03,5948,80,58,63,7
2026-08-03,5950,54,47,61.0,8
2026-08-03,5397,381,46,69,17
2026-08-03,561,22,83,84.0,10
2026-08-03,6478,251,43,43,9
2026-08-03,2127,13,75,90,7
2026-08-03,2129,34,,80,11
2026-08-03,5364,16,85,62,9
2026-08-03,579,13,67,69.5,8
2026-08-03,592,5,,105,3
2026-08-03,6492,109,52,93,7
2026-08-03,605,33,59,80.5,12
2026-08-03,5636,33,68,75.5,10
2026-08-03,7228,45,102,113.0,22
2026-08-03,6287,42,185,185,13
2026-08-03,5479,29,162,198.0,12
2026-08-03,7234,75,109,130.0,10
2026-08-03,6909,59,99,96.5,10
2026-08-03,2549,19,88,116,7
2026-08-03,7229,68,129,141.5,18
2026-08-03,7233,72,98,109.0,12
2026-08-03,7230,105,64,79.0,24
2026-08-03,869,29,120,81,13
2026-08-03,7235,42,71,82,15
2026-08-03,6910,32,64,74,11
2026-08-03,427,36,61,118.0,10
2026-08-03,7257,57,96,117.5,16
2026-08-03,421,32,97,144,11
2026-08-03,7231,28,130,130,13
2026-08-03,435,19,146,225.0,6
2026-08-03,428,76,87,87,17
2026-08-03,424,27,111,111,7
2026-08-03,689,38,55,45.5,10
2026-08-03,7232,41,83,110.5,8
2026-08-03,5951,17,63,73.0,8
2026-08-03,5947,25,52,61.5,6
2026-08-03,572,33,117,117,15
2026-08-03,5331,93,89,104.5,18
2026-08-03,6454,96,66,100,15
2026-08-03,881,30,144,164.5,10
2026-08-03,6441,154,74,133.5,8
2026-08-03,772,35,114,150.0,20
2026-08-03,5978,74,108,168,17
2026-08-03,745,59,74,84,13
2026-08-03,7236,183,55,57.5,10
2026-08-03,5981,125,142,82.5,16
2026-08-03,5641,66,109,130.0,18
2026-08-03,763,118,47,55,15
2026-08-03,5673,63,80,53,29
2026-08-03,5678,203,66,66,33
2026-08-03,1978,32,155,209,15
2026-08-03,7556,136,57,64,13
2026-08-03,7258,50,98,102.5,10
2026-08-03,7581,84,91,108,11
2026-08-03,7582,38,64,72.0,14
2026-08-03,7617,175,66,75,13
2026-08-03,7611,116,78,112,11
2026-08-03,7612,105,48,54,13
2026-08-03,7583,249,44,53.0,12
2026-08-03,7613,31,58,68,7
2026-08-03,7260,55,46,60.5,8
2026-08-03,5688,455,68,67.5,22
2026-08-03,5975,49,120,93.0,8
2026-08-03,937,65,66,70.5,12
2026-08-03,712,49,76,83,7
2026-08-03,5683,108,91,109.0,18
2026-08-03,5671,196,66,19,19
2026-08-03,5984,40,70,70,17
2026-08-03,5705,326,64,84,39
2026-08-03,5668,166,62,56.0,22
2026-08-03,764,39,95,107.0,14
2026-08-03,6911,65,54,57.5,14
2026-08-03,5986,84,105,177,15
2026-08-03,2551,122,72,111.5,16
2026-08-03,6340,310,69,69,13
2026-08-03,2569,103,145,115.0,30
2026-08-03,5987,64,123,226.5,16
2026-08-03,876,207,40,51.5,18
2026-08-03,765,43,96,96,9
2026-08-03,872,83,68,92.5,22
2026-08-03,797,88,75,92.0,14
2026-08-03,7563,36,76,97,9
2026-08-03,7558,29,43,45.0,6
2026-08-03,7560,169,27,27,17
2026-08-03,7566,19,,43,5
2026-08-03,7557,25,51,56,7
2026-08-03,7559,41,54,113,9
2026-08-03,7632,31,57,57,7
2026-08-03,7562,88,66,108.5,10
2026-08-03,7561,40,90,62,9
2026-08-03,7564,84,54,57,15
2026-08-03,6298,25,115,161,11
2026-08-03,6912,148,46,41.5,12
2026-08-03,6063,240,105,130.0,16
2026-08-03,6549,65,100,128,15
2026-08-03,6185,36,114,162.5,10
2026-08-03,5629,75,71,74,29
2026-08-03,6927,61,112,175.5,12
2026-08-03,5251,109,71,114,17
2026-08-03,5695,78,94,40,15
2026-08-03,5744,65,104,141,13
2026-08-03,6299,30,118,186.5,10
2026-08-03,6946,11,107,111.0,4
2026-08-03,6947,78,77,59.0,14
2026-08-03,2601,51,163,102.0,12
2026-08-03,5689,56,125,193,19
2026-08-03,5700,27,153,160,13
2026-08-03,5698,370,59,31,21
2026-08-03,2647,23,113,157,13
2026-08-03,6948,22,123,131.0,8
2026-08-03,760,35,94,114.0,10
2026-08-03,1979,27,123,217,17
2026-08-03,5656,15,107,122,9
2026-08-03,698,4,82,87.0,2
2026-08-03,866,10,,80.0,4
2026-08-03,5977,25,105,85.0,8
2026-08-03,616,173,59,99.0,16
2026-08-03,761,245,108,110.0,18
2026-08-03,688,16,114,124,5
2026-08-03,1551,25,163,175,9
2026-08-03,5660,55,149,185,27
2026-08-03,5699,75,190,242,31
2026-08-03,5697,187,76,53.5,20
2026-08-03,5231,75,95,95,13
2026-08-03,5973,298,86,69.5,26
2026-08-03,809,6,,294,3
2026-08-03,2350,12,332,342.5,10
2026-08-03,5279,17,220,273.5,8
2026-08-03,1997,19,221,278.5,14
2026-08-03,1623,15,180,143.5,8
2026-08-03,648,7,86,84.0,6
2026-08-03,638,19,108,109,9
2026-08-03,640,7,235,273,5
2026-08-03,5773,25,145,145,11
2026-08-03,1955,11,268,292.0,10
2026-08-03,6437,42,140,222,7
2026-08-03,6515,44,108,103.0,4
2026-08-03,6945,62,45,53.5,20
2026-08-03,6548,509,42,54,15
2026-08-03,6916,45,35,28.5,6
2026-08-03,7567,46,36,59.0,12
2026-08-03,6915,35,30,39.5,12
2026-08-03,6227,38,106,96.0,14
2026-08-03,7317,68,58,61,17
2026-08-03,7598,28,66,105.0,12
2026-08-03,7580,36,,110,9
2026-08-03,5280,295,92,75.0,26
2026-08-03,6963,60,106,159.5,16
2026-08-03,1977,36,157,170.5,20
2026-08-03,6397,17,63,101.0,6
2026-08-03,5599,21,105,114.0,10
2026-08-03,5637,34,131,136,15
2026-08-03,5737,55,73,77,9
2026-08-03,1967,36,65,80,13
2026-08-03,6917,15,,43,7
2026-08-03,5664,16,180,179.5,10
2026-08-03,2006,120,56,68.5,16
2026-08-03,1995,210,56,74,19
2026-08-03,5665,95,83,86,29
2026-08-03,719,35,91,91,7
2026-08-03,6456,117,93,114,9
2026-08-03,666,75,56,62.5,16
2026-08-03,5645,131,82,40.0,16
2026-08-03,2190,11,186,153.5,8
2026-08-03,6984,28,115,134.0,8
2026-08-03,6506,142,81,81,13
2026-08-03,5430,84,138,147.0,14
2026-08-03,2045,17,224,224,9
2026-08-03,7006,74,68,70.0,12
2026-08-03,6950,351,39,53,33
2026-08-03,1982,25,145,123.5,12
2026-08-03,6123,35,135,128.5,14
2026-08-03,6918,26,114,123.0,6
2026-08-03,6919,117,56,70,11
2026-08-03,7011,49,68,78.5,10
2026-08-03,6972,78,92,120,9
2026-08-03,6971,110,97,97,13
2026-08-03,6973,13,72,89,7
2026-08-03,6109,25,126,99,11
2026-08-03,6921,38,72,102.5,10
2026-08-03,6920,238,56,58.0,10
2026-08-03,6303,514,71,44.0,18
2026-08-03,6160,33,107,94.5,12
2026-08-03,1953,20,83,83,11
2026-08-03,5568,47,66,86,19
2026-08-03,1996,12,147,153.5,10
2026-08-03,6188,225,57,30.0,16
2026-08-03,5377,37,89,131,17
2026-08-03,7000,59,63,75.5,12
2026-08-03,7570,55,71,77.5,6
2026-08-03,7571,72,67,68,13
2026-08-03,7568,40,58,58,5
2026-08-03,7572,49,103,111,9
2026-08-03,7259,36,112,140,11
2026-08-03,7574,30,111,111,9
2026-08-03,7573,20,,94,7
2026-08-03,7569,72,87,99.0,12
2026-08-03,7600,41,184,188.5,8
2026-08-03,7616,24,100,86.0,8
2026-08-03,6923,1,,42,1
2026-08-03,6930,11,,143.0,4
2026-08-03,6929,9,149,253,5
2026-08-03,6932,2,,174.5,2
2026-08-03,6924,39,94,135,15
2026-08-03,5272,32,186,234.0,14
2026-08-03,6170,80,111,135,21
2026-08-03,6914,47,107,77.0,6
2026-08-03,639,31,131,176,5
2026-08-03,636,18,102,109.5,6
2026-08-03,6925,17,73,104.5,4
2026-08-03,7029,110,50,50,3
2026-08-03,5655,49,135,142.5,12
2026-08-03,6941,48,64,67.5,4
2026-08-03,7033,109,30,37.5,6
2026-08-03,7032,169,32,38.5,12
2026-08-03,5676,161,72,77.5,32
2026-08-03,6121,47,88,143,11
2026-08-03,6190,59,86,86,13
2026-08-03,7575,60,54,62.0,8
2026-08-03,7565,18,70,73,5
2026-08-03,7057,63,56,59.0,14
2026-08-03,6926,68,53,46,19
2026-08-03,6541,102,74,78.5,16
2026-08-03,7620,44,164,167,13
2026-08-03,6496,56,88,125,11
2026-08-03,6051,37,120,131.5,10
2026-08-03,5370,26,152,160.0,14
2026-08-03,6928,43,71,71,13
2026-08-03,6997,62,81,82.5,12
2026-08-03,1984,35,106,119.0,12
2026-08-03,5682,101,64,79.0,28
2026-08-03,751,67,52,141.0,10
2026-08-03,767,80,50,56,11
2026-08-03,777,67,151,146.0,18
2026-08-03,5979,50,110,127,7
2026-08-03,820,66,91,71,13
2026-08-03,1563,48,123,152,11
2026-08-03,5659,60,122,198.0,32
2026-08-03,5644,491,96,132.5,24
2026-08-03,6958,76,79,71.5,12
2026-08-03,6395,16,150,185,11
2026-08-03,806,67,116,147,11
2026-08-03,6284,124,90,88.0,14
2026-08-03,6959,81,70,38.0,10
2026-08-03,2646,49,48,103,19
2026-08-03,5667,29,99,103.0,8
2026-08-03,2019,41,122,133.0,18
2026-08-03,1986,47,163,172,9
2026-08-03,1971,153,38,37.0,12
2026-08-03,5758,49,147,130.0,10
2026-08-03,2644,105,116,58.5,14
2026-08-03,5988,40,93,116.0,18
2026-08-03,2043,26,165,165,9
2026-08-03,6301,106,78,92.5,10
2026-08-03,6936,114,62,38,11
2026-08-03,6128,55,62,96.5,10
2026-08-03,2351,46,65,70.0,24
2026-08-03,6933,45,57,58,17
2026-08-03,6935,69,67,78.0,10
2026-08-03,6934,40,71,116.0,14
2026-08-03,6399,75,107,114,15
2026-08-03,5889,31,136,200.5,14
2026-08-03,2623,252,105,79.0,18
2026-08-03,2000,199,46,86,11
2026-08-03,628,41,56,65.0,8
2026-08-03,5618,71,97,108,15
2026-08-03,1983,71,73,69,19
2026-08-03,5304,75,71,87.0,24
2026-08-03,1975,34,77,84,13
2026-08-03,696,5,102,111,5
2026-08-03,687,32,135,144.0,14
2026-08-03,5702,166,59,56,51
2026-08-03,7311,62,99,107,5
2026-08-03,7309,24,87,119,5
2026-08-03,7579,38,60,48,7
2026-08-03,7310,72,106,106,7
2026-08-03,6939,85,103,107.0,14
2026-08-03,7312,33,99,150.5,6
2026-08-03,7576,29,147,74,11
2026-08-03,7577,104,,97.0,10
2026-08-03,7313,37,70,108.5,6
2026-08-03,7578,16,66,88.0,6
2026-08-03,6505,215,68,72.5,6
2026-08-03,6952,101,51,62,17
2026-08-03,6048,71,90,114,13
2026-08-03,5983,15,120,145.5,8
2026-08-03,6951,27,,138,5
2026-08-03,7012,115,65,70,17
2026-08-03,6135,40,128,142,15
2026-08-03,6983,62,51,58.5,8
2026-08-03,6944,18,67,55.0,6
2026-08-03,5661,58,62,69.5,20
2026-08-03,5593,31,92,194.0,18
2026-08-03,6942,36,92,151.5,10
2026-08-03,2641,69,147,176.5,16
2026-08-03,7034,26,,85.0,4
2026-08-03,5971,32,132,132,17
2026-08-03,6943,38,55,59,9
2026-08-03,5967,32,109,109,17
2026-08-03,2596,11,155,164.5,6
2026-08-03,2640,57,119,135.5,14
2026-08-03,5592,52,130,221.0,18
2026-08-03,5982,100,134,125,19
2026-08-03,817,80,189,161.0,22
2026-08-03,5296,307,110,69.5,16
2026-08-03,5980,78,164,72,11
2026-08-03,2352,46,150,150,25
2026-08-03,5341,41,182,182,15
2026-08-03,2044,20,168,141,13
2026-08-03,2259,37,136,120.5,16
2026-08-03,2599,117,94,80.0,22
2026-08-03,816,54,102,106,11
2026-08-03,5621,41,147,161.5,10
2026-08-03,5277,140,88,90,19
2026-08-03,7610,7,66,29,3
2026-08-03,791,30,72,75.5,10
2026-08-03,2013,39,116,133.0,14
2026-08-03,710,44,139,185,17
2026-08-03,1564,27,227,262,11
2026-08-03,5974,41,142,142,9
2026-08-03,803,16,,94.0,6
2026-08-03,812,51,80,75.0,10
2026-08-03,5965,37,119,206,15
2026-08-03,2517,20,106,126.0,12
2026-08-03,6468,140,51,71,17
2026-08-03,5336,26,110,122.5,10
2026-08-03,6949,18,,78,5
2026-08-03,7599,36,70,101,13
2026-08-03,2520,34,138,163,11
2026-08-03,2563,39,83,118,11
2026-08-03,5964,53,102,117,13
2026-08-03,5346,118,84,103.5,20
2026-08-03,7619,97,54,79.0,10
2026-08-03,7604,21,,111.0,8
2026-08-03,5670,43,92,120.5,8
2026-08-03,7585,54,96,98,11
2026-08-03,7584,55,83,93.0,10
2026-08-03,7261,40,77,87,9
2026-08-03,7603,47,97,118,7
2026-08-03,7601,121,50,52.5,8
2026-08-03,7602,124,64,64,13
2026-08-03,7262,58,106,119,9
2026-08-03,6470,116,78,92.5,8
2026-08-03,6471,64,118,118,11
2026-08-03,7589,37,98,128,7
2026-08-03,7587,13,66,57.0,4
2026-08-03,6475,108,60,57.5,8
2026-08-03,6473,99,79,72,7
2026-08-03,6472,50,86,95.0,6
2026-08-03,7586,27,58,58,5
2026-08-03,6474,39,54,76.0,8
2026-08-03,7590,48,121,166.0,6
2026-08-03,5976,53,73,48.0,14
2026-08-03,5646,72,70,78.0,18
2026-08-03,757,78,64,66,15
2026-08-03,749,153,50,74,17
2026-08-03,6058,203,53,56.0,12
2026-08-03,727,166,41,54.5,14
2026-08-03,6286,135,53,134,25
2026-08-03,2047,19,133,128.0,14
2026-08-03,5302,61,85,94.5,18
2026-08-03,5790,258,58,72.5,26
2026-08-03,750,49,53,53,9
2026-08-03,5703,240,64,67.0,32
2026-08-03,411,43,92,127.0,6
2026-08-03,675,32,101,162,9
2026-08-03,704,31,84,55.0,14
2026-08-03,5957,53,135,168.5,18
2026-08-03,5600,33,154,201.0,14
2026-08-03,2533,24,116,177,7
2026-08-03,2535,102,129,185,19
2026-08-03,5959,74,82,83,33
2026-08-03,6981,1,,237,1
2026-08-03,2570,86,78,98.5,10
2026-08-03,6527,554,30,32,17
2026-08-03,2277,43,95,149,13
2026-08-03,1956,62,79,76.0,20
2026-08-03,2353,18,151,53,11
2026-08-03,778,30,88,163.0,8
2026-08-03,5969,37,125,128.5,10
2026-08-03,5264,74,117,130.5,18
2026-08-03,661,56,50,25,13
2026-08-03,6964,52,71,71,7
2026-08-03,5972,46,107,211.0,16
2026-08-03,7618,81,74,82.0,20
2026-08-03,658,233,67,61.5,12
2026-08-03,2525,108,168,179,17
2026-08-03,5691,185,109,57,17
2026-08-03,5985,72,103,110,11
2026-08-03,5642,16,151,93.5,10
2026-08-03,2650,20,100,100,9
2026-08-03,6502,76,66,71,23
2026-08-03,5218,211,132,132,19
2026-08-03,6954,19,,127,7
2026-08-03,6167,45,122,142,11
2026-08-03,6967,66,116,124.0,12
2026-08-03,6075,147,102,68.0,18
2026-08-03,2550,45,178,276.0,16
2026-08-03,7135,76,80,110.0,12
2026-08-03,6394,25,98,107.5,8
2026-08-03,2511,20,165,53,11
2026-08-03,6991,86,63,63,17
2026-08-03,6970,90,81,100.5,16
2026-08-03,884,37,60,60,9
2026-08-03,6326,72,61,102,13
2026-08-03,805,47,47,78,9
2026-08-03,844,52,46,46,5
2026-08-03,6231,220,48,64.0,18
2026-08-03,1561,69,66,79,11
2026-08-03,5693,295,92,92,21
2026-08-03,657,116,27,32.0,12
2026-08-03,855,48,52,52,13
2026-08-03,637,133,72,29,15
2026-08-03,5237,48,122,163,19
2026-08-03,2513,76,98,122.0,14
2026-08-03,5428,30,92,96.0,16
2026-08-03,6956,68,85,85,13
2026-08-03,1981,37,76,100,9
2026-08-03,6995,53,98,105.5,16
2026-08-03,2527,47,91,53,17
2026-08-03,6070,215,114,126.5,22
2026-08-03,5429,47,166,159.5,10
2026-08-03,2509,30,97,108,17
2026-08-03,6957,10,95,86.0,4
2026-08-03,882,16,95,109.5,6
2026-08-03,6960,99,64,64,13
2026-08-03,5669,41,129,143,21
2026-08-03,422,48,100,111.0,10
2026-08-03,2001,22,103,121.0,10
2026-08-03,6550,38,,46,5
2026-08-03,419,67,64,76.5,4
2026-08-03,667,99,58,58,13
2026-08-03,670,166,49,59,17
2026-08-03,951,200,67,72.0,18
2026-08-03,807,29,79,80.0,10
2026-08-03,7594,14,87,67.5,4
2026-08-03,7593,3,69,69,1
2026-08-03,7592,38,122,133,11
2026-08-03,7615,48,62,81.5,8
2026-08-03,7591,30,61,64,15
2026-08-03,7596,43,136,152.5,8
2026-08-03,6999,24,100,100,7
2026-08-03,2009,38,67,94.0,12
2026-08-03,622,58,89,155,9
2026-08-03,1954,24,70,131,15
2026-08-03,621,43,74,79.0,10
2026-08-03,618,49,69,67.0,12
2026-08-03,1980,25,162,190.0,16
2026-08-03,6300,55,56,64.5,20
2026-08-03,7129,103,127,127,11
2026-08-03,2502,27,217,232,17
2026-08-03,2068,25,200,200,13
2026-08-03,7132,63,145,145,15
2026-08-03,2046,26,167,272,15
2026-08-03,7130,75,122,122,13
2026-08-03,2014,43,238,238,21
2026-08-03,5654,31,188,160,17
2026-08-03,6082,575,69,61.0,20
2026-08-03,7133,53,83,53,13
2026-08-03,6965,79,53,53.5,12
2026-08-03,6177,39,128,163.5,14
2026-08-03,1968,32,55,65,13
2026-08-03,2634,77,120,148.0,14
2026-08-03,6366,21,176,237,17
2026-08-03,5229,81,95,95.5,14
2026-08-03,5284,57,156,123.5,18
2026-08-03,1991,16,178,220,9
2026-08-03,5598,67,113,153,23
2026-08-03,2363,38,103,103.0,20
2026-08-03,7010,59,73,79.0,6
2026-08-03,2534,63,134,132.5,12
2026-08-03,2005,477,54,53.5,20
2026-08-03,1998,74,75,75,17
2026-08-03,6966,100,70,45.0,8
2026-08-03,1003,82,55,69.0,26
2026-08-03,725,57,64,81.0,6
2026-08-03,2004,44,80,111,11
2026-08-03,715,28,87,102.0,8
2026-08-03,6104,47,119,124.0,12
2026-08-03,5723,106,87,100,25
2026-08-03,1957,39,110,116.0,14
2026-08-03,2359,74,74,86,27
2026-08-03,845,30,59,53.0,4
2026-08-03,858,68,51,49,13
2026-08-03,5275,217,86,63.0,14
2026-08-03,840,29,134,151,9
2026-08-03,782,18,,142,3
2026-08-03,2356,90,121,78.0,32
2026-08-03,883,40,103,124.5,20
2026-08-03,737,66,45,45,11
2026-08-03,739,104,32,35,7
2026-08-03,7315,44,91,98.5,12
2026-08-03,7316,26,97,132,15
2026-08-03,5594,50,173,208,19
2026-08-03,6969,35,90,98.0,6
2026-08-03,1988,38,106,106,17
2026-08-03,5323,38,97,129.0,10
2026-08-03,7595,59,55,59.0,6
2026-08-03,748,18,89,89,7
2026-08-03,5692,86,70,74.5,22
2026-08-03,2639,202,84,59.5,12
2026-08-03,426,35,131,127,11
2026-08-03,1976,30,129,130,17
2026-08-03,6990,23,76,76,7
2026-08-03,5685,41,75,120.5,20
2026-08-03,702,28,63,76.5,8
2026-08-03,5239,38,105,135,19
2026-08-03,6319,41,71,86,23
2026-08-03,7597,62,52,92.0,6
2026-08-03,2562,30,101,142,11
2026-08-03,1994,137,78,84.0,28
2026-08-03,6974,63,117,168,9
2026-08-03,2437,28,80,99.5,12
2026-08-03,2553,225,135,135,17
2026-08-03,1989,29,146,150,15
2026-08-03,1177,138,41,34.0,6
2026-08-03,6125,22,113,134.0,10
2026-08-03,6976,63,54,58,9
2026-08-03,6978,75,66,66,7
2026-08-03,6977,159,55,55,17
2026-08-03,6975,25,66,60,7
2026-08-03,6979,30,118,107.0,6
2026-08-03,6980,157,46,56.0,10
2026-08-03,2360,39,51,60,15
2026-08-03,5958,725,57,64.5,42
2026-08-03,7318,25,67,37.5,10
2026-08-03,5888,76,67,117,19
2026-08-03,5962,18,141,172.0,16
2026-08-03,6988,46,108,108,7
2026-08-03,5596,17,180,138.5,10
2026-08-03,2365,37,73,135.0,24
2026-08-03,5324,39,98,98,11
2026-08-03,2017,30,134,233.0,14
2026-08-03,653,30,59,59.5,6
2026-08-03,6122,7,,151.0,4
2026-08-03,815,15,180,107.5,10
2026-08-03,649,40,173,173,25
2026-08-03,644,8,167,167,5
2026-08-03,5687,50,86,103.0,14
2026-08-03,6494,113,65,75.5,8
2026-08-03,5966,91,62,77,15
2026-08-03,7609,48,62,66.0,14
2026-08-03,7606,104,69,97,11
2026-08-03,7607,179,32,44.0,10
2026-08-03,6982,24,,65,11
2026-08-03,652,67,95,103.5,20
2026-08-03,5663,46,132,123,19
2026-08-03,1566,17,92,142,7
2026-08-03,854,35,147,149.0,12
2026-08-03,6955,56,43,50.5,14
2026-08-03,6985,3,,189.5,2
2026-08-03,7013,26,,89.5,4
2026-08-03,7608,277,38,44.0,18
2026-08-03,7605,81,74,121.0,12
2026-08-03,6987,84,80,80,13
2026-08-03,5963,159,97,99.5,12
2026-08-03,679,40,87,46,11
2026-08-03,1990,28,109,123,9
2026-08-03,669,68,52,59,9
2026-08-03,673,138,48,56,23
2026-08-03,2011,36,141,141,11
2026-08-03,6059,35,123,126.5,12
2026-08-03,6989,227,50,50,17
2026-08-03,7014,68,49,50,13
2026-08-03,5754,19,79,125.5,6
2026-08-03,5617,48,91,91.0,12
2026-08-03,785,48,116,123.5,8
2026-08-03,5694,162,46,46,23
2026-08-03,6050,145,42,59,9
2026-08-03,7005,25,105,90,15
2026-08-03,655,32,90,104,9
2026-08-03,6913,65,121,150.0,20
2026-08-03,651,81,180,180,11
2026-08-03,801,64,178,195.5,32
2026-08-03,6102,58,175,234,11
2026-08-03,6479,21,124,136.5,6
2026-08-03,5684,162,67,81.5,16
2026-08-03,5643,51,94,86.0,14
2026-08-03,5732,55,82,79,17
2026-08-03,722,7,125,141,5
2026-08-03,6953,280,58,41.0,10
2026-08-03,654,66,64,64,9
2026-08-03,6307,191,66,66,9
2026-08-03,5652,76,67,87,19
2026-08-03,6998,26,,69,9
2026-08-03,5375,42,85,43,19
2026-08-03,780,56,105,65,21
2026-08-03,781,129,94,122,17
2026-08-03,5240,65,109,110,21
2026-08-03,6107,61,107,118.0,14
2026-08-03,1973,30,,116.0,14
2026-08-03,7614,29,82,133.5,10
2026-08-03,5597,43,169,196,17
2026-08-03,7050,32,85,91.5,8
2026-08-03,7007,23,75,24,7
2026-08-03,943,25,120,129,9
2026-08-03,2016,17,80,92,11
2026-08-03,873,45,102,138.0,10
2026-08-03,6098,45,86,90,11
2026-08-03,875,23,91,138.0,6
2026-08-03,6994,59,70,71.5,14
2026-08-03,5960,24,157,150.5,14
2026-08-03,6993,79,62,104.0,12
2026-08-03,5970,28,,200,17
2026-08-03,6992,113,70,82,17
2026-08-03,2652,117,154,154,13
2026-08-03,5709,37,113,132.0,18
2026-08-03,5674,520,54,61,63
2026-08-03,5632,550,45,52.0,22
2026-08-03,5675,91,76,98,31
2026-08-03,5666,161,67,90.0,44
2026-08-03,5276,435,42,58,17
2026-08-03,2648,37,141,188,15
2026-08-03,2654,123,87,66,25
2026-08-03,2649,18,113,125.0,10
2026-08-03,814,39,62,73,11
2026-08-03,5657,72,70,91,21
2026-08-03,620,39,125,193.5,10
2026-08-03,5768,55,81,87.5,18
2026-08-03,619,36,60,57.5,6
2026-08-03,7001,25,86,86,7
2026-08-03,2007,68,86,106.5,22
2026-08-03,6996,59,62,62,7
2026-08-03,7004,28,97,104.0,8
2026-08-03,7003,26,138,153.0,8
2026-08-03,6124,21,117,117,7
2026-08-03,6180,116,54,97.5,18
2026-08-03,6168,57,42,50,13
2026-08-03,2325,50,123,144.0,14
2026-08-03,2516,66,176,143.5,12
2026-08-03,2012,172,73,73,17
2026-08-03,2010,21,117,55.5,8
2026-08-03,5591,64,62,65.0,26
2026-08-03,743,156,47,46.5,20
2026-08-03,7009,7,95,105,5
2026-08-03,5968,28,120,125,19
2026-08-03,1049,54,88,92.5,16
2026-08-03,5956,35,114,154.5,18
2026-08-03,5961,40,122,137.0,20
2026-08-03,7136,33,70,133,13
2026-08-03,2638,92,133,158,13
2026-08-03,2364,26,,168.5,14
2026-08-03,2357,72,95,140.5,16
2026-08-03,7008,69,58,61,13
2026-08-03,5680,121,54,64,35
2026-08-03,5681,105,34,29.5,24
2026-08-03,5677,158,49,58,51
2026-08-03,5690,133,71,71,19
2026-08-03,5627,76,121,160,23
2026-08-03,5586,17,104,74,5
2026-08-03,6093,28,79,87.5,6
2026-08-03,894,28,103,143,11
2026-08-03,6187,69,72,69,15
2026-08-03,963,37,50,47.5,12
2026-08-03,6431,80,87,150,15
2026-08-03,2577,26,94,133.0,10
2026-08-03,5417,14,121,123.0,6
2026-08-03,986,73,98,90.0,12
2026-08-03,1255,19,,135,5
2026-08-03,1330,26,89,89,11
2026-08-03,942,33,91,107,17
2026-08-03,952,11,132,220,5
2026-08-03,6350,27,74,74,11
2026-08-03,5834,35,88,104.0,10
2026-08-03,5306,25,123,137.0,14
2026-08-03,5585,42,136,102,11
2026-08-03,1126,23,212,272.0,8
2026-08-03,980,43,172,173,17
2026-08-03,5478,383,169,130,23
2026-08-03,1026,11,,425.0,6
2026-08-03,1370,18,195,248.0,12
2026-08-03,971,32,189,189.0,14
2026-08-03,5556,150,163,184.0,16
2026-08-03,1523,50,209,209,13
2026-08-03,2048,35,239,213.5,18
2026-08-03,1094,43,244,321.0,8
2026-08-03,1063,14,167,128.5,6
2026-08-03,1897,89,212,262.5,20
2026-08-03,1805,25,224,232.0,12
2026-08-03,1824,26,188,168.5,12
2026-08-03,1013,18,225,227.5,14
2026-08-03,5547,65,176,176.5,12
2026-08-03,5546,44,194,194,21
2026-08-03,1826,43,191,138.5,12
2026-08-03,1896,35,200,200,15
2026-08-03,2425,16,208,323,9
2026-08-03,1075,43,131,138,23
2026-08-03,2424,32,118,177.5,16
2026-08-03,1374,39,90,95.0,14
2026-08-03,5513,45,143,118,9
2026-08-03,972,16,142,80.0,8
2026-08-03,2468,47,165,170,19
2026-08-03,1903,12,107,148,7
2026-08-03,1467,41,137,137,11
2026-08-03,1152,42,155,153.0,20
2026-08-03,1899,42,175,175,7
2026-08-03,5533,28,175,184,13
2026-08-03,2612,93,153,153,21
2026-08-03,1815,17,206,191,5
2026-08-03,1819,30,95,137,7
2026-08-03,1811,28,109,138.5,10
2026-08-03,2366,54,106,103,13
2026-08-03,1045,65,89,73,13
2026-08-03,6512,123,90,108,13
2026-08-03,5291,28,147,147,11
2026-08-03,1807,37,99,119,9
2026-08-03,5361,34,125,159.0,18
2026-08-03,5288,30,102,157.0,10
2026-08-03,1902,20,77,79.0,6
2026-08-03,5290,26,161,140,13
2026-08-03,1822,39,98,99,9
2026-08-03,1021,23,93,118,7
2026-08-03,1821,26,115,149.0,12
2026-08-03,995,36,97,98.0,8
2026-08-03,5857,24,114,143,11
2026-08-03,2427,18,107,119,9
2026-08-03,1820,23,154,159.5,8
2026-08-03,1806,22,143,191.5,6
2026-08-03,5295,15,134,159.5,8
2026-08-03,1371,31,114,119.0,14
2026-08-03,5517,43,151,189.0,14
2026-08-03,5266,55,146,75,13
2026-08-03,2033,40,149,159,17
2026-08-03,1813,15,176,197.5,8
2026-08-03,2429,39,151,177,13
2026-08-03,1372,21,125,129.5,6
2026-08-03,7015,30,129,129,9
2026-08-03,5310,40,154,158,15
2026-08-03,1260,55,83,88.0,6
2026-08-03,6450,251,65,76.5,8
2026-08-03,5311,50,132,132,11
2026-08-03,6133,74,106,142,15
2026-08-03,6457,136,56,65.5,10
2026-08-03,5333,29,145,147.0,14
2026-08-03,1373,53,195,278.0,18
2026-08-03,2477,89,70,139,21
2026-08-03,2478,75,110,129.0,16
2026-08-03,5521,32,158,158,11
2026-08-03,1814,21,91,135.5,8
2026-08-03,7016,20,116,116,7
2026-08-03,1039,37,111,119.5,12
2026-08-03,2426,47,138,151.5,16
2026-08-03,1898,10,,129.5,4
2026-08-03,5294,13,144,185,9
2026-08-03,1901,19,125,125,7
2026-08-03,5584,30,128,188.0,14
2026-08-03,6521,31,110,133,17
2026-08-03,5583,29,88,99,15
2026-08-03,975,10,,116.0,8
2026-08-03,1162,52,152,148.5,10
2026-08-03,5289,34,128,157.5,14
2026-08-03,1900,38,147,153.5,10
2026-08-03,1172,34,135,135,11
2026-08-03,1654,48,137,147.0,12
2026-08-03,2367,43,128,140.5,18
2026-08-03,1303,11,123,145.5,6
2026-08-03,1323,42,128,131.0,12
2026-08-03,1054,47,80,81,7
2026-08-03,2368,25,123,149.0,12
2026-08-03,5536,61,158,131,15
2026-08-03,1125,35,127,149,11
2026-08-03,2034,43,131,135.5,20
2026-08-03,2428,27,152,179,11
2026-08-03,1647,28,193,219,11
2026-08-03,1101,43,140,147,17
2026-08-03,7621,44,65,84.0,4
2026-08-03,7241,12,116,145,7
2026-08-03,7238,60,83,54,9
2026-08-03,7239,49,82,85.5,10
2026-08-03,7240,58,70,58.5,12
2026-08-03,6338,136,130,79,13
2026-08-03,5292,28,152,178,13
2026-08-03,1808,26,108,125,13
2026-08-03,1391,28,101,134,11
2026-08-03,6400,13,129,125.5,12
2026-08-03,7137,70,,158.0,10
2026-08-03,1134,12,87,87,5
2026-08-03,1809,53,74,147,13
2026-08-03,6523,34,,139,15
2026-08-03,6522,41,117,177.0,8
2026-08-03,5287,31,66,87,11
2026-08-03,5864,46,69,99,19
2026-08-03,1816,25,106,131.0,8
2026-08-03,1062,32,83,84.0,10
2026-08-03,5293,37,113,133.5,16
2026-08-03,1070,39,80,65,7
2026-08-03,1817,27,113,69,11
2026-08-03,1147,67,89,165,9
2026-08-03,1810,8,,133.5,6
2026-08-03,1818,47,88,189.0,8
2026-08-03,6519,234,76,76,5
2026-08-03,1912,17,220,235.0,10
2026-08-03,5902,22,173,233.0,8
2026-08-03,528,54,98,145,11
2026-08-03,527,17,,111.5,2
2026-08-03,1830,37,134,146,11
2026-08-03,529,48,110,178.5,14
2026-08-03,2049,31,188,171.5,20
2026-08-03,2574,77,145,95.0,26
2026-08-03,1844,28,53,84,15
2026-08-03,539,29,134,167.0,8
2026-08-03,716,37,85,95,7
2026-08-03,1907,52,121,82.0,16
2026-08-03,532,23,103,108.0,8
2026-08-03,1850,37,135,141,15
2026-08-03,2163,18,127,143.0,10
2026-08-03,169,33,81,119.0,14
2026-08-03,2164,31,131,169,11
2026-08-03,535,22,75,84,7
2026-08-03,7027,24,110,142,9
2026-08-03,7024,36,99,109.0,14
2026-08-03,5431,60,80,80,17
2026-08-03,5615,55,110,130,19
2026-08-03,7028,24,84,81,5
2026-08-03,1904,44,186,129.0,12
2026-08-03,6081,397,115,71,19
2026-08-03,1855,89,154,175,29
2026-08-03,2622,31,152,237,13
2026-08-03,68,69,166,175.0,20
2026-08-03,81,68,127,142.5,12
2026-08-03,1906,36,153,153,11
2026-08-03,1843,59,171,218,25
2026-08-03,496,62,142,188.0,16
2026-08-03,1841,47,133,138.5,18
2026-08-03,524,46,174,179.5,20
2026-08-03,1829,57,176,233,15
2026-08-03,982,88,173,136.5,20
2026-08-03,2071,20,167,208.5,6
2026-08-03,1834,50,193,196.0,16
2026-08-03,1833,35,163,201,15
2026-08-03,200,55,162,206,21
2026-08-03,1959,25,182,182.0,16
2026-08-03,1857,28,110,176.5,14
2026-08-03,1109,70,136,173.0,30
2026-08-03,604,20,177,177,9
2026-08-03,1846,31,185,185,11
2026-08-03,1849,23,165,165,11
2026-08-03,1845,45,117,117,15
2026-08-03,5260,50,129,181,27
2026-08-03,1847,47,231,198,19
2026-08-03,676,22,225,253,9
2026-08-03,5903,261,137,143,29
2026-08-03,1840,46,152,188,15
2026-08-03,5904,22,221,221,11
2026-08-03,2050,36,220,228.0,24
2026-08-03,50,38,167,257,7
2026-08-03,37,32,171,179,13
2026-08-03,1835,42,131,194.5,14
2026-08-03,1836,66,98,125,21
2026-08-03,1905,34,,148,11
2026-08-03,6134,116,94,120.0,18
2026-08-03,520,257,119,162.0,38
2026-08-03,491,38,71,90,13
2026-08-03,623,49,95,139.0,14
2026-08-03,7622,52,105,144.0,14
2026-08-03,7018,44,74,73.0,8
2026-08-03,7026,30,94,94,13
2026-08-03,7624,34,86,98,5
2026-08-03,7625,24,120,143,9
2026-08-03,6428,38,134,201.0,12
2026-08-03,6542,45,123,118.5,16
2026-08-03,2507,27,104,142,11
2026-08-03,514,47,114,115.5,18
2026-08-03,5373,72,119,143.5,22
2026-08-03,1832,54,182,150.5,18
2026-08-03,501,81,122,126,15
2026-08-03,730,23,214,259.5,12
2026-08-03,5496,43,163,177.0,14
2026-08-03,1852,53,181,174.0,18
2026-08-03,500,30,107,158.5,6
2026-08-03,1910,38,89,146,13
2026-08-03,190,41,128,155,15
2026-08-03,5721,38,121,77.5,16
2026-08-03,178,34,71,92,21
2026-08-03,1856,18,112,140.5,10
2026-08-03,1831,26,139,110.5,8
2026-08-03,5356,35,151,183,21
2026-08-03,693,34,118,118.0,8
2026-08-03,2069,28,149,151,13
2026-08-03,662,15,107,100,9
2026-08-03,6414,17,114,126,9
2026-08-03,826,20,108,103,7
2026-08-03,691,15,146,182.0,8
2026-08-03,762,37,195,202.0,20
2026-08-03,1909,37,331,240.5,12
2026-08-03,2035,50,182,174,27
2026-08-03,7626,34,119,119,11
2026-08-03,538,49,126,126,15
2026-08-03,144,38,126,90.0,10
2026-08-03,2051,30,200,224.5,16
2026-08-03,2020,136,194,104,17
2026-08-03,747,34,130,126.0,12
2026-08-03,1851,16,150,150,9
2026-08-03,1911,45,123,166,13
2026-08-03,646,31,124,178.0,12
2026-08-03,1913,74,137,132,41
2026-08-03,5358,221,139,148.5,46
2026-08-03,857,14,258,304.0,8
2026-08-03,1854,43,161,161,11
2026-08-03,7023,49,82,70,9
2026-08-03,2162,30,131,138.0,10
2026-08-03,205,33,203,206.0,12
2026-08-03,1908,45,174,175,9
2026-08-03,1837,18,,114,9
2026-08-03,1839,31,127,146,17
2026-08-03,5357,81,102,80,27
2026-08-03,1838,10,132,156.5,8
2026-08-03,5232,159,82,90.0,16
2026-08-03,2610,140,131,82.5,18
2026-08-03,2052,29,241,202.0,14
2026-08-03,1674,70,149,241,27
2026-08-03,7020,33,88,102,9
2026-08-03,526,21,169,211.5,14
2026-08-03,5753,86,89,110,21
2026-08-03,7524,17,104,104,7
2026-08-03,206,45,129,125.0,12
2026-08-03,1562,15,110,121,7
2026-08-03,1423,81,56,62,13
2026-08-03,1249,7,,127.5,2
2026-08-03,1532,24,109,115.5,8
2026-08-03,1302,34,87,100,7
2026-08-03,1318,10,127,154,5
2026-08-03,1558,33,100,103,17
2026-08-03,1376,34,124,142.0,10
2026-08-03,1565,22,102,114,11
2026-08-03,6401,52,78,81,17
2026-08-03,1429,41,97,115.5,12
2026-08-03,1285,31,121,144.0,6
2026-08-03,1549,25,129,132,7
2026-08-03,1274,23,116,116,7
2026-08-03,1550,19,113,141.0,8
2026-08-03,1546,39,102,130,13
2026-08-03,5759,65,188,188,25
2026-08-03,7320,71,98,105.0,20
2026-08-03,6292,111,50,86,17
2026-08-03,5839,43,126,101,13
2026-08-03,5791,61,98,135.0,22
2026-08-03,6242,171,77,111.5,14
2026-08-03,6602,32,70,70.5,10
2026-08-03,6345,466,57,66.5,20
2026-08-03,1685,46,69,96.5,12
2026-08-03,1939,41,85,88.5,12
2026-08-03,2236,30,407,285.0,18
2026-08-03,6567,39,,105.5,12
2026-08-03,6579,32,52,52,11
2026-08-03,2386,35,152,179.0,10
2026-08-03,6099,25,118,237.5,8
2026-08-03,1031,73,63,65.5,14
2026-08-03,1201,67,63,71,15
2026-08-03,5301,155,74,31,15
2026-08-03,6108,25,82,112.0,10
2026-08-03,6228,89,57,37.0,16
2026-08-03,6281,91,61,39,19
2026-08-03,6498,573,74,74,11
2026-08-03,6668,35,68,92.5,8
2026-08-03,6673,89,63,68.5,10
2026-08-03,1180,47,128,130,21
2026-08-03,5500,118,117,117,11
2026-08-03,6046,64,,102,5
2026-08-03,6150,265,64,61.5,22
2026-08-03,6690,120,51,93,11
2026-08-03,5398,91,59,53.5,18
2026-08-03,1574,51,191,225.0,18
2026-08-03,1575,36,216,263.5,12
2026-08-03,2524,51,244,244,21
2026-08-03,5605,294,154,154,15
2026-08-03,5814,89,58,67,15
2026-08-03,5815,86,52,70,11
2026-08-03,5816,64,66,61.0,10
2026-08-03,5819,50,32,62,5
2026-08-03,5823,40,62,60,11
2026-08-03,5829,32,162,171.0,14
2026-08-03,5859,45,72,139,15
2026-08-03,5860,13,115,135.5,8
2026-08-03,6375,53,51,57,11
2026-08-03,2140,22,101,183,9
2026-08-03,2141,46,122,123,19
2026-08-03,2144,45,106,149.0,20
2026-08-03,2284,22,147,178.0,16
2026-08-03,2408,21,130,140,9
2026-08-03,2526,16,196,208.5,14
2026-08-03,6007,57,143,153.0,14
2026-08-03,6351,19,170,122,7
2026-08-03,7049,26,32,31,5
2026-08-03,6430,99,74,93,15
2026-08-03,5262,32,97,124,17
2026-08-03,1229,40,179,154.5,20
2026-08-03,1244,26,159,118.0,12
2026-08-03,1502,19,194,130.5,10
2026-08-03,1174,11,,101,5
2026-08-03,1238,36,59,62.5,8
2026-08-03,1267,26,69,85,11
2026-08-03,1742,38,132,186.0,14
2026-08-03,1749,13,86,133.0,8
2026-08-03,1944,24,93,93,11
2026-08-03,1082,109,68,55,11
2026-08-03,6115,41,128,139,15
2026-08-03,7383,42,82,103.5,6
2026-08-03,7408,91,48,48,7
2026-08-03,2080,75,60,106,15
2026-08-03,5733,43,101,124.5,18
2026-08-03,5765,43,142,193.5,12
2026-08-03,7035,30,,38.0,2
2026-08-03,1215,7,112,87.5,4
2026-08-03,1786,8,136,136,5
2026-08-03,1793,33,97,101,11
2026-08-03,5574,31,117,64,13
2026-08-03,6824,22,90,90,5
2026-08-03,1475,58,76,79.5,12
2026-08-03,1477,59,87,87,13
2026-08-03,1478,53,79,79,9
2026-08-03,1486,42,96,96,11
2026-08-03,1492,26,98,165.5,8
2026-08-03,1503,76,75,128,13
2026-08-03,1505,67,77,97.0,12
2026-08-03,1508,37,69,86,9
2026-08-03,5474,57,131,132,13
2026-08-03,5742,25,80,78.5,12
2026-08-03,5801,44,92,138.0,14
2026-08-03,5894,1437,66,22.0,32
2026-08-03,6095,63,108,108,13
2026-08-03,6186,213,68,77,15
2026-08-03,6445,478,54,56.0,14
2026-08-03,6452,219,66,67.5,12
2026-08-03,7462,39,56,57.0,10
2026-08-03,7463,91,49,51,13
2026-08-03,7464,54,50,36,11
2026-08-03,7465,121,62,74.0,8
2026-08-03,7466,132,82,61.5,4
2026-08-03,7467,91,64,82.5,12
2026-08-03,7468,119,64,77.5,10
2026-08-03,6205,377,57,28,23
2026-08-03,5436,72,93,99,11
2026-08-03,2593,45,78,88,13
2026-08-03,2594,64,66,66,11
2026-08-03,2595,65,71,110,13
2026-08-03,5991,54,132,109.0,4
2026-08-03,5994,29,105,140,9
2026-08-03,5996,22,120,120,9
2026-08-03,5999,59,96,123.0,8
2026-08-03,7252,49,30,30,7
2026-08-03,7473,116,34,34,13
2026-08-03,7480,12,79,79,5
2026-08-03,7481,38,75,95,15
2026-08-03,7482,156,39,39,13
2026-08-03,7485,81,31,47.0,8
2026-08-03,7489,142,33,34.5,10
2026-08-03,7490,39,85,79.5,10
2026-08-03,1893,33,88,98.5,14
2026-08-03,2066,44,75,71.0,16
2026-08-03,5625,83,92,110,21
2026-08-03,6868,45,85,112.0,10
2026-08-03,7521,33,103,103,7
2026-08-03,7541,99,146,136,21
2026-08-03,7544,295,164,269.0,34
2026-08-03,2096,52,87,113.0,12
2026-08-03,5626,72,76,109,19
2026-08-03,5686,200,74,85.5,18
2026-08-03,6937,25,120,132.5,8
2026-08-03,6938,75,82,83,15
2026-08-03,6940,17,55,55,3
2026-08-03,7308,18,114,142.5,6
2026-08-03,2528,21,75,136.0,12
2026-08-03,1556,22,131,92.0,10
2026-08-03,2032,33,193,265,17
2026-08-03,2552,233,133,155,15
2026-08-03,2645,13,206,221.5,8
2026-08-03,6100,32,152,154,11
2026-08-03,6396,45,138,156,9
2026-08-03,7237,130,58,62.0,12
2026-08-03,7588,65,60,95,7
2026-08-03,5630,596,34,31.5,24
2026-08-03,5631,220,49,61,21
2026-08-03,5662,69,58,92.5,34
2026-08-03,5696,326,50,24,17
2026-08-03,5704,85,56,75.0,16
2026-08-03,1969,53,114,111.5,20
2026-08-03,1970,29,151,178,17
2026-08-03,1972,67,47,47,25
2026-08-03,1993,24,118,124.0,12
2026-08-03,2002,181,42,65.0,16
2026-08-03,2042,49,143,150,19
2026-08-03,2354,31,102,106.0,20
2026-08-03,2355,39,84,94,11
2026-08-03,2358,13,89,89,7
2026-08-03,2480,106,43,57,11
2026-08-03,2515,63,66,66,21
2026-08-03,5226,268,48,48,15
2026-08-03,5230,965,67,78.0,16
2026-08-03,5273,276,46,46,17
2026-08-03,5274,159,112,84.5,16
2026-08-03,5278,188,87,73.5,20
2026-08-03,5322,229,130,151,25
2026-08-03,5467,227,82,90.0,16
2026-08-03,5569,42,88,123,15
2026-08-03,5786,258,50,104,21
2026-08-03,5869,295,66,82,17
2026-08-03,6111,61,62,63.0,10
2026-08-03,6113,51,47,81.0,16
2026-08-03,6116,18,93,78,7
2026-08-03,6118,78,61,61,19
2026-08-03,6398,43,59,78,9
2026-08-03,6406,229,46,56,9
2026-08-03,6447,30,79,69.5,10
2026-08-03,6466,100,35,30,15
2026-08-03,6467,98,39,72,19
2026-08-03,6543,250,69,75.0,12
2026-08-03,6961,39,62,62,9
2026-08-03,6962,32,89,59.5,10
2026-08-03,7128,85,100,100,13
2026-08-03,7131,53,117,130,15
2026-08-03,7134,137,46,63.0,18
2026-08-03,7314,88,58,69,15
2026-08-03,2633,42,165,217,15
2026-08-03,6968,63,56,48.0,10
2026-08-03,2361,18,129,129,11
2026-08-03,1985,49,65,92.0,16
2026-08-03,1987,16,111,78,11
2026-08-03,1999,179,31,85,9
2026-08-03,2003,73,40,44,9
2026-08-03,2008,45,103,113.5,18
2026-08-03,2362,73,52,53.5,26
2026-08-03,5374,33,122,124,15
2026-08-03,5376,24,74,74,11
2026-08-03,5564,58,72,87.0,12
2026-08-03,5653,82,62,58.5,14
2026-08-03,5658,61,129,129,21
2026-08-03,5752,136,48,97,17
2026-08-03,6126,43,59,123,9
2026-08-03,6151,134,48,40,19
2026-08-03,6540,66,86,103.0,10
2026-08-03,7002,11,74,54,5
2026-08-03,6524,206,78,86,17
2026-08-03,1153,32,104,68,9
2026-08-03,7025,41,97,99,9
2026-08-03,893,70,71,87.5,8
2026-08-03,124,17,327,327,11
2026-08-03,265,16,293,313.5,6
2026-08-03,832,36,95,65.5,10
2026-08-03,860,107,82,22,19
2026-08-03,824,23,95,137,9
2026-08-03,695,21,113,93,11
2026-08-03,931,80,68,77,11
2026-08-03,828,38,84,79,17
2026-08-03,842,29,189,127,15
2026-08-03,734,93,146,146,25
2026-08-03,790,16,129,182.5,10
2026-08-03,630,44,73,82.5,12
2026-08-03,627,37,91,97,5
2026-08-03,6922,0,,,0
2026-08-03,2165,0,,,0
2026-08-03,7469,0,,,0
2026-08-03,6931,0,,,0
2026-08-03,7646,0,,,0
2026-08-03,6986,0,,,0
2026-08-03,909,48,97,97,17
2026-08-03,773,17,70,100,5
2026-08-03,700,19,118,49,7
2026-08-03,409,23,110,110,7
2026-08-03,2244,0,,,0
2026-08-03,903,10,113,113,5
2026-08-03,198,49,130,130,11
2026-08-03,796,32,109,112.0,8
2026-08-03,852,115,92,92,15
2026-08-03,708,52,82,84.0,16
2026-08-03,821,172,70,87,45
2026-08-03,713,125,64,98.0,36
2026-08-03,758,55,93,86,19
2026-08-03,744,228,80,80,23
2026-08-03,789,28,91,89,11
2026-08-03,752,52,63,69.0,10
2026-08-03,724,54,88,88,13
2026-08-03,723,29,173,180,15
2026-08-03,768,72,98,55,13
2026-08-03,825,69,130,136.5,20
2026-08-03,802,142,57,57,25
2026-08-03,799,356,28,42,21
2026-08-03,771,63,54,61.0,12
2026-08-03,6206,0,,,0
2026-08-03,6049,0,,,0
2026-08-03,449,0,,,0
2026-08-03,775,40,143,143,11
2026-08-03,830,82,120,80,9
2026-08-03,838,85,110,96.5,30
2026-08-03,862,55,136,168,11
2026-08-03,692,357,44,32,29
2026-08-03,629,52,68,56.0,16
2026-08-03,625,188,76,140,5
2026-08-03,65,45,264,300.0,22
2026-08-03,214,36,153,170,21
2026-08-03,229,24,124,155.0,8
2026-08-03,268,25,205,220.5,8
2026-08-03,371,0,,,0
2026-08-03,410,15,112,112.0,10
2026-08-03,476,30,110,159,7
2026-08-03,479,30,156,109.0,6
2026-08-03,519,49,141,110.0,6
2026-08-03,626,84,66,107.0,12
2026-08-03,672,284,23,28,27
2026-08-03,677,336,40,25.0,28
2026-08-03,678,154,90,60.5,14
2026-08-03,685,132,46,55,13
2026-08-03,694,34,61,65.5,10
2026-08-03,697,251,46,46,21
2026-08-03,703,47,58,91.0,10
2026-08-03,705,48,61,53.5,10
2026-08-03,714,122,57,57,17
2026-08-03,735,43,136,133.5,10
2026-08-03,736,112,26,16.0,8
2026-08-03,741,165,53,55,17
2026-08-03,753,70,70,157,7
2026-08-03,769,131,42,53,17
2026-08-03,770,54,125,134,15
2026-08-03,798,68,94,113.0,10
2026-08-03,831,44,32,39.0,18
2026-08-03,836,263,72,74.5,20
2026-08-03,846,43,143,172.5,12
2026-08-03,870,41,133,183.0,16
2026-08-03,7044,0,,,0
