date,store_id,site_number,size,sku,field,old,new
2026-07-11,6137,77797,10x10,V_1489581,price,78,73
2026-07-11,337,20226,10x25,V_1390710,price,163,148
2026-07-11,558,24618,10x15,V_650626,price,158,157
2026-07-11,558,24618,10x25,V_1391156,price,212,193
2026-07-11,327,24619,10x10,V_1538278,promo,$1 first month rent,First month 50% off
2026-07-11,327,24619,10x10,V_1532206,promo,$1 first month rent,First month 50% off
2026-07-11,327,24619,10x25,V_1538263,price,211,181
2026-07-11,5892,27599,5x10,V_1536531,price,45,42
2026-07-11,5892,27599,10x20,V_1459046,price,159,149
2026-07-11,6530,23981,5x10,V_1593996,promo,,First month 50% off
2026-07-11,6530,23981,10x10,V_1594006,price,123,122
2026-07-11,717,28183,10x10,V_1558977,promo,,$1 first month rent
2026-07-11,5469,26966,10x10,V_1387032,price,80,79
2026-07-11,998,28184,5x10,V_150085,price,19,17
2026-07-11,998,28184,10x10,V_1550120,price,46,42
2026-07-11,998,28184,10x15,V_1550129,price,58,52
2026-07-11,6292,27683,10x10,V_1526094,price,66,62
2026-07-11,6292,27683,10x20,V_1526110,price,78,74
2026-07-11,956,28182,10x20,V_144365,price,48,45
2026-07-11,2651,26599,Locker,V_1574470,promo,$1 first month rent,First month 50% off
2026-07-11,2651,26599,5x5,V_660924,promo,$1 first month rent,First month 50% off
2026-07-11,2651,26599,10x10,V_1403608,promo,$1 first month rent,First month 50% off
2026-07-11,2651,26599,10x10,V_1558492,promo,$1 first month rent,First month 50% off
2026-07-11,2651,26599,10x20,V_1421888,promo,2nd Month Free,First month 50% off
2026-07-11,2651,26599,5x10,V_1558487,promo,$1 first month rent,First month 50% off
2026-07-11,2651,26599,10x15,V_1558493,promo,$1 first month rent,First month 50% off
2026-07-11,2651,26599,10x25,V_660933,promo,2nd Month Free,First month 50% off
2026-07-11,6207,77899,5x10,V_1506921,price,16,15
2026-07-11,6234,77943,10x10,V_1520419,price,35,33
2026-07-11,5466,26964,10x10,V_1376076,promo,,First month 50% off
2026-07-11,574,24622,10x15,V_606850,price,119,101
2026-07-11,559,21609,10x10,V_1404634,price,90,83
2026-07-11,565,24621,5x10,V_1538266,promo,First month 50% off,
2026-07-11,565,24621,10x20,V_1445803,price,132,114
2026-07-11,5792,27426,10x30,V_1586858,promo,,2nd Month Free
2026-07-11,6174,77906,10x10,V_1497557,price,44,41
2026-07-11,6072,27496,10x10,V_1477496,promo,First month 50% off,$1 first month rent
2026-07-11,6193,77908,10x15,V_1500667,price,79,74
2026-07-11,6193,77908,10x20,V_1500664,promo,,First month 50% off
2026-07-11,6076,77697,10x15,V_1479218,price,119,112
2026-07-11,6288,77917,10x15,V_1525723,price,116,109
2026-07-11,1684,08011,10x10,V_339996,promo,First month 50% off,
2026-07-11,6248,77976,10x15,V_1524743,price,74,69
2026-07-11,6484,78073,5x15,V_1573202,price,54,50
2026-07-11,6484,78073,10x10,V_1573181,price,68,64
2026-07-11,6484,78073,10x15,V_1573179,price,92,86
2026-07-11,1235,21110,10x20,V_1530966,promo,2nd Month Free,First month 50% off
2026-07-11,6243,77971,5x5,V_1524558,price,26,25
2026-07-11,6243,77971,10x10,V_1527845,promo,,First month 50% off
2026-07-11,6243,77971,10x10,V_1524562,price,58,55
2026-07-11,6243,77971,10x10,V_1524545,price,74,69
2026-07-11,887,21112,10x30,V_1530968,price,220,207
2026-07-11,5734,27392,5x5,V_1405740,price,18,17
2026-07-11,5476,26973,5x10,V_1377485,promo,$1 first month rent,First month 50% off
2026-07-11,5476,26973,10x15,V_1377479,promo,$1 first month rent,First month 50% off
2026-07-11,850,07037,10x20,V_144651,price,138,134
2026-07-11,850,07037,10x30,V_1529393,price,197,179
2026-07-11,6079,27444,5x10,V_1479354,promo,First month 50% off,
2026-07-11,6079,27444,10x15,V_1479357,promo,$1 first month rent,First month 50% off
2026-07-11,6079,27444,10x15,V_1488090,price,142,134
2026-07-11,6079,27444,10x25,V_1479342,promo,,2nd Month Free
2026-07-11,6339,78035,10x20,V_1542028,price,177,166
2026-07-11,1683,08010,10x10,V_333703,promo,$1 first month rent,First month 50% off
2026-07-11,2036,08481,10x10,V_1485593,price,65,61
2026-07-11,2036,08481,10x15,V_334428,promo,First month 50% off,$1 first month rent
2026-07-11,2036,08481,10x20,V_1485597,price,164,154
2026-07-11,2642,29252,5x10,V_1412621,promo,$1 first month rent,First month 50% off
2026-07-11,2278,25769,10x10,V_1431977,promo,First month 50% off,$1 first month rent
2026-07-11,2278,25769,10x10,V_625049,promo,First month 50% off,$1 first month rent
2026-07-11,2278,25769,10x10,V_1592524,promo,First month 50% off,$1 first month rent
2026-07-11,2278,25769,10x15,V_600642,price,128,125
2026-07-11,2278,25769,10x20,V_1531996,promo,First month 50% off,2nd Month Free
2026-07-11,2278,25769,10x15,V_1531993,promo,First month 50% off,$1 first month rent
2026-07-11,2508,29214,5x10,V_632757,price,51,46
2026-07-11,5839,77759,5x5,V_1425896,price,22,20
2026-07-11,5839,77759,5x15,V_1425897,promo,First month 50% off,$1 first month rent
2026-07-11,5839,77759,10x15,V_1493934,price,164,154
2026-07-11,1862,08205,5x10,V_1543382,promo,$1 first month rent,First month 50% off
2026-07-11,6247,77975,5x5,V_1524683,price,27,26
2026-07-11,6247,77975,10x20,V_1524713,price,123,116
2026-07-11,6247,77975,10x30,V_1524671,price,158,148
2026-07-11,5441,27101,10x20,V_1436529,price,101,95
2026-07-11,1859,08202,10x20,V_1530961,price,165,162
2026-07-11,1859,08202,10x20,V_1530961,promo,$1 first month rent,2nd Month Free
2026-07-11,893,23306,5x10,V_179037,price,37,36
2026-07-11,893,23306,10x20,V_1530728,promo,First month 50% off,
2026-07-11,5501,27141,5x10,V_1384928,price,80,79
2026-07-11,5501,27141,10x10,V_1381194,price,123,116
2026-07-11,5501,27141,10x20,V_1381179,price,218,196
2026-07-11,5501,27141,10x25,V_1381181,price,242,215
2026-07-11,2022,08462,5x5,V_334788,promo,,First month 50% off
2026-07-11,2022,08462,10x10,V_334773,promo,First month 50% off,$1 first month rent
2026-07-11,2022,08462,10x15,V_334768,promo,$1 first month rent,First month 50% off
2026-07-11,6078,27443,5x15,V_1479335,price,78,74
2026-07-11,5407,77547,10x15,V_1496684,promo,First month 50% off,$1 first month rent
2026-07-11,6166,77877,10x15,V_1495693,promo,First month 50% off,
2026-07-11,6136,77695,5x5,V_1493613,price,19,18
2026-07-11,1686,08013,10x25,V_1529545,price,188,157
2026-07-11,1681,08008,5x15,V_335873,promo,First month 50% off,
2026-07-11,1681,08008,10x25,V_335911,price,172,151
2026-07-11,5840,77746,5x5,V_1426094,price,38,35
2026-07-11,5840,77746,5x10,V_1426092,price,74,69
2026-07-11,5840,77746,5x10,V_1426092,promo,First month 50% off,$1 first month rent
2026-07-11,5840,77746,5x10,V_1426098,promo,,First month 50% off
2026-07-11,1860,08203,10x20,V_1529525,promo,2nd Month Free,First month 50% off
2026-07-11,1860,08203,10x20,V_248849,promo,2nd Month Free,First month 50% off
2026-07-11,1100,21107,5x5,V_1545446,promo,$1 first month rent,First month 50% off
2026-07-11,1858,08201,5x10,V_1309708,price,65,62
2026-07-11,6345,77947,5x5,V_1541641,price,12,11
2026-07-11,6345,77947,5x5,V_1541615,price,15,14
2026-07-11,6345,77947,5x10,V_1541652,price,20,19
2026-07-11,6345,77947,5x10,V_1541620,price,29,27
2026-07-11,6345,77947,5x10,V_1541606,price,32,30
2026-07-11,6345,77947,10x10,V_1541670,price,66,62
2026-07-11,6345,77947,10x20,V_1541617,price,142,133
2026-07-11,1679,08006,10x10,V_308743,price,114,112
2026-07-11,6220,77886,5x5,V_1514739,price,22,18
2026-07-11,6220,77886,5x5,V_1514750,price,26,21
2026-07-11,6220,77886,5x5,V_1514720,price,31,25
2026-07-11,6220,77886,5x10,V_1514754,price,60,48
2026-07-11,6220,77886,10x10,V_1514716,price,91,73
2026-07-11,6220,77886,10x10,V_1514716,promo,,First month 50% off
2026-07-11,6220,77886,10x10,V_1514746,price,98,78
2026-07-11,6220,77886,10x10,V_1514756,price,99,79
2026-07-11,6220,77886,10x15,V_1514760,price,100,80
2026-07-11,6220,77886,10x15,V_1514760,promo,$1 first month rent,First month 50% off
2026-07-11,6220,77886,10x15,V_1514743,price,110,88
2026-07-11,6220,77886,10x15,V_1514758,price,123,98
2026-07-11,6220,77886,10x20,V_1514715,price,159,127
2026-07-11,6220,77886,10x20,V_1514718,price,220,176
2026-07-11,6413,78036,10x10,V_1554963,price,102,95
2026-07-11,6545,78053,5x10,V_1596562,price,38,35
2026-07-11,6545,78053,10x15,V_1596565,price,87,82
2026-07-11,5549,27192,5x10,V_1384790,promo,First month 50% off,
2026-07-11,1072,24410,5x10,V_569461,price,74,65
2026-07-11,1072,24410,5x15,V_153565,promo,First month 50% off,$1 first month rent
2026-07-11,1072,24410,10x10,V_569457,promo,First month 50% off,$1 first month rent
2026-07-11,1072,24410,5x10,V_1567018,promo,First month 50% off,$1 first month rent
2026-07-11,1072,24410,5x15,V_576086,price,125,113
2026-07-11,1072,24410,5x15,V_576086,promo,First month 50% off,$1 first month rent
2026-07-11,1072,24410,10x10,V_1438594,promo,First month 50% off,$1 first month rent
2026-07-11,1072,24410,10x10,V_153548,promo,First month 50% off,$1 first month rent
2026-07-11,1072,24410,10x15,V_576087,promo,First month 50% off,$1 first month rent
2026-07-11,1072,24410,10x20,V_1433008,promo,,2nd Month Free
2026-07-11,6245,77973,10x10,V_1524618,price,106,100
2026-07-11,6245,77973,10x10,V_1524618,promo,First month 50% off,$1 first month rent
2026-07-11,6318,78017,5x10,V_1533870,price,43,41
2026-07-11,6318,78017,5x15,V_1533871,price,51,48
2026-07-11,1685,08012,10x10,V_337713,promo,First month 50% off,
2026-07-11,1939,08366,10x20,V_339593,promo,First month 50% off,
2026-07-11,386,40302,5x15,V_387537,price,169,152
2026-07-11,386,40302,10x20,V_1558664,promo,First month 50% off,
2026-07-11,6251,77979,5x15,V_1577766,price,139,131
2026-07-11,6251,77979,10x25,V_1533015,price,421,395
2026-07-11,230,27003,5x5,V_29148,promo,First month 50% off,$1 first month rent
2026-07-11,215,23603,5x5,V_1496346,promo,First month 50% off,$1 first month rent
2026-07-11,215,23603,5x5,V_1400949,promo,,First month 50% off
2026-07-11,215,23603,5x5,V_1583292,promo,First month 50% off,
2026-07-11,215,23603,5x10,V_1583296,promo,,First month 50% off
2026-07-11,215,23603,10x20,V_1583305,promo,,First month 50% off
2026-07-11,224,00409,10x10,V_1532029,price,227,202
2026-07-11,373,20901,5x10,V_29302,price,89,86
2026-07-11,373,20901,5x5,V_1348897,promo,,$1 first month rent
2026-07-11,396,20280,10x15,V_366607,promo,,First month 50% off
2026-07-11,396,20280,10x10,V_1354465,promo,,First month 50% off
2026-07-11,396,20280,10x15,V_1356117,promo,First month 50% off,$1 first month rent
2026-07-11,2210,23001,5x10,V_572762,price,158,135
2026-07-11,2210,23001,5x15,V_572767,price,206,182
2026-07-11,2210,23001,10x15,V_572761,promo,$1 first month rent,First month 50% off
2026-07-11,2210,23001,10x20,V_572755,promo,2nd Month Free,First month 50% off
2026-07-11,38,25408,5x10,V_33652,promo,,First month 50% off
2026-07-11,38,25408,10x10,V_33642,promo,First month 50% off,
2026-07-11,33,00510,5x10,V_27269,price,141,119
2026-07-11,52,26331,5x15,V_584442,promo,,$1 first month rent
2026-07-11,27,00203,10x10,V_26986,promo,$1 first month rent,First month 50% off
2026-07-11,27,00203,10x20,V_1443972,promo,First month 50% off,
2026-07-11,73,20220,10x20,V_1568850,price,502,437
2026-07-11,40,21106,5x5,V_1534339,promo,First month 50% off,$1 first month rent
2026-07-11,40,21106,10x20,V_588272,price,587,498
2026-07-11,1704,08031,5x10,V_307094,promo,First month 50% off,$1 first month rent
2026-07-11,1704,08031,10x10,V_333743,promo,First month 50% off,$1 first month rent
2026-07-11,1704,08031,10x10,V_310257,promo,First month 50% off,
2026-07-11,1704,08031,5x15,V_310844,promo,First month 50% off,$1 first month rent
2026-07-11,1704,08031,5x15,V_1353405,promo,First month 50% off,$1 first month rent
2026-07-11,1704,08031,5x15,V_1534483,promo,First month 50% off,$1 first month rent
2026-07-11,1704,08031,5x15,V_1353404,promo,First month 50% off,$1 first month rent
2026-07-11,1704,08031,10x10,V_1508378,promo,First month 50% off,$1 first month rent
2026-07-11,1704,08031,10x15,V_1356595,promo,First month 50% off,$1 first month rent
2026-07-11,1704,08031,10x15,V_1508375,promo,First month 50% off,$1 first month rent
2026-07-11,1705,08032,5x15,V_1381038,promo,First month 50% off,
2026-07-11,1705,08032,5x15,V_1381042,promo,First month 50% off,
2026-07-11,1705,08032,10x10,V_1449865,promo,First month 50% off,
2026-07-11,1705,08032,10x10,V_1388177,promo,First month 50% off,
2026-07-11,98,07009,5x10,V_8002,promo,First month 50% off,
2026-07-11,98,07009,5x10,V_1350419,promo,First month 50% off,
2026-07-11,98,07009,10x20,V_1357278,promo,First month 50% off,
2026-07-11,252,24331,5x10,V_27708,price,96,87
2026-07-11,252,24331,5x10,V_27702,price,102,93
2026-07-11,252,24331,5x10,V_27702,promo,$1 first month rent,First month 50% off
2026-07-11,252,24331,10x10,V_1405068,promo,$1 first month rent,First month 50% off
2026-07-11,2436,25797,5x10,V_624115,price,101,81
2026-07-11,2436,25797,10x10,V_623898,price,180,152
2026-07-11,2056,08507,10x20,V_1434016,promo,First month 50% off,
2026-07-11,242,20118,10x15,V_27857,price,282,272
2026-07-11,326,25522,10x15,V_371682,price,220,203
2026-07-11,326,25522,10x15,V_371682,promo,$1 first month rent,First month 50% off
2026-07-11,326,25522,10x20,V_1455651,price,227,209
2026-07-11,326,25522,10x20,V_1498106,promo,,First month 50% off
2026-07-11,5898,22011,5x10,V_1476005,promo,First month 50% off,$1 first month rent
2026-07-11,5898,22011,10x10,V_1476009,price,177,166
2026-07-11,5898,22011,10x20,V_1474063,price,282,264
2026-07-11,111,20176,5x10,V_8121,price,94,88
2026-07-11,111,20176,5x10,V_8121,promo,First month 50% off,
2026-07-11,111,20176,10x15,V_8114,price,264,233
2026-07-11,1696,08023,10x15,V_335844,price,169,181
2026-07-11,1696,08023,10x15,V_335844,promo,,First month 50% off
2026-07-11,1696,08023,10x15,V_1356590,price,244,256
2026-07-11,1696,08023,10x15,V_1356590,promo,,First month 50% off
2026-07-11,293,20182,5x5,V_27991,promo,First month 50% off,
2026-07-11,293,20182,10x10,V_27985,promo,First month 50% off,
2026-07-11,293,20182,10x15,V_27986,price,264,239
2026-07-11,293,20182,10x15,V_27986,promo,,First month 50% off
2026-07-11,2212,23002,Parking,V_1555013,promo,$1 first month rent,First month 50% off
2026-07-11,2212,23002,5x10,V_573823,promo,$1 first month rent,First month 50% off
2026-07-11,2212,23002,10x10,V_573835,promo,$1 first month rent,First month 50% off
2026-07-11,2212,23002,5x10,V_592594,promo,$1 first month rent,First month 50% off
2026-07-11,2212,23002,10x20,V_573855,promo,2nd Month Free,First month 50% off
2026-07-11,2212,23002,10x20,V_1478365,promo,2nd Month Free,First month 50% off
2026-07-11,5480,26977,5x10,V_1378461,price,122,110
2026-07-11,5480,26977,5x15,V_1493705,promo,First month 50% off,$1 first month rent
2026-07-11,5480,26977,10x10,V_1378438,promo,First month 50% off,$1 first month rent
2026-07-11,146,21619,10x15,V_21663,promo,$1 first month rent,
2026-07-11,146,21619,10x20,V_1330869,promo,,First month 50% off
2026-07-11,6253,77981,5x10,V_1525131,price,102,95
2026-07-11,6253,77981,5x10,V_1525095,promo,,First month 50% off
2026-07-11,6253,77981,10x10,V_1525121,promo,$1 first month rent,First month 50% off
2026-07-11,1636,25709,5x5,V_1335845,price,60,51
2026-07-11,1636,25709,5x5,V_1335845,promo,,$1 first month rent
2026-07-11,1636,25709,5x5,V_1543964,promo,,$1 first month rent
2026-07-11,1636,25709,5x5,V_1335839,promo,,$1 first month rent
2026-07-11,1636,25709,5x5,V_1543980,promo,,First month 50% off
2026-07-11,1636,25709,5x15,V_241900,promo,,First month 50% off
2026-07-11,1636,25709,10x10,V_1543969,promo,,First month 50% off
2026-07-11,1636,25709,10x10,V_241889,promo,,$1 first month rent
2026-07-11,1636,25709,5x10,V_1335838,promo,,$1 first month rent
2026-07-11,1636,25709,5x10,V_1543979,promo,,First month 50% off
2026-07-11,1636,25709,10x15,V_241901,promo,,First month 50% off
2026-07-11,1636,25709,5x15,V_1543965,promo,,First month 50% off
2026-07-11,1636,25709,10x10,V_1543963,promo,,$1 first month rent
2026-07-11,1636,25709,10x15,V_1543972,promo,,$1 first month rent
2026-07-11,1636,25709,10x15,V_241892,promo,,$1 first month rent
2026-07-11,1636,25709,10x15,V_1543960,promo,,First month 50% off
2026-07-11,1636,25709,10x20,V_1543966,promo,,First month 50% off
2026-07-11,1636,25709,10x20,V_1543977,promo,,First month 50% off
2026-07-11,1636,25709,10x25,V_241905,promo,,2nd Month Free
2026-07-11,59,23214,10x15,V_15728,promo,,First month 50% off
2026-07-11,59,23214,10x10,V_15727,promo,2nd Month Free,First month 50% off
2026-07-11,6254,77982,10x10,V_1525174,price,166,155
2026-07-11,443,22319,5x10,V_29452,promo,$1 first month rent,First month 50% off
2026-07-11,443,22319,10x10,V_1354504,price,192,167
2026-07-11,149,20404,5x10,V_1590267,promo,,First month 50% off
2026-07-11,149,20404,10x10,V_1590269,price,158,135
2026-07-11,149,20404,10x10,V_1590269,promo,,$1 first month rent
2026-07-11,149,20404,10x20,V_1423770,price,266,247
2026-07-11,82,07027,5x5,V_1574318,promo,First month 50% off,
2026-07-11,82,07027,5x5,V_1348732,promo,First month 50% off,
2026-07-11,82,07027,5x10,V_49014,promo,First month 50% off,
2026-07-11,82,07027,5x10,V_1574322,promo,First month 50% off,
2026-07-11,82,07027,5x10,V_1574308,promo,First month 50% off,
2026-07-11,82,07027,10x20,V_48989,promo,First month 50% off,
2026-07-11,82,07027,10x20,V_48992,promo,First month 50% off,
2026-07-11,82,07027,10x20,V_48990,promo,First month 50% off,
2026-07-11,82,07027,10x20,V_1357269,promo,First month 50% off,
2026-07-11,136,27802,5x10,V_588248,promo,$1 first month rent,First month 50% off
2026-07-11,141,20259,5x10,V_13466,price,103,92
2026-07-11,141,20259,5x10,V_13466,promo,$1 first month rent,First month 50% off
2026-07-11,281,20145,10x10,V_1354359,promo,$1 first month rent,First month 50% off
2026-07-11,281,20145,10x20,V_44669,price,313,271
2026-07-11,281,20145,10x20,V_1577714,price,335,290
2026-07-11,72,20473,5x10,V_49590,price,182,143
2026-07-11,72,20473,10x10,V_49575,price,223,197
2026-07-11,14,24526,5x10,V_655132,promo,$1 first month rent,
2026-07-11,14,24526,10x20,V_1539963,promo,,2nd Month Free
2026-07-11,2202,23041,10x10,V_571386,price,218,174
2026-07-11,2202,23041,10x10,V_1384802,promo,$1 first month rent,
2026-07-11,219,23418,10x10,V_1354327,price,201,173
2026-07-11,219,23418,10x10,V_49160,price,236,203
2026-07-11,2232,23049,5x15,V_1557937,promo,,First month 50% off
2026-07-11,2232,23049,10x15,V_1557934,promo,2nd Month Free,First month 50% off
2026-07-11,2232,23049,10x10,V_1355512,promo,2nd Month Free,First month 50% off
2026-07-11,2232,23049,10x15,V_1557938,promo,2nd Month Free,First month 50% off
2026-07-11,221,24409,5x10,V_391243,price,132,113
2026-07-11,446,00306,10x20,V_1539937,promo,,First month 50% off
2026-07-11,302,27801,5x15,V_1352767,promo,2nd Month Free,First month 50% off
2026-07-11,302,27801,10x10,V_1452962,promo,,First month 50% off
2026-07-11,302,27801,10x10,V_1354392,promo,2nd Month Free,
2026-07-11,302,27801,10x20,V_28122,promo,2nd Month Free,First month 50% off
2026-07-11,5899,22012,5x10,V_1474122,price,81,76
2026-07-11,5899,22012,10x15,V_1474133,price,224,210
2026-07-11,5899,22012,10x20,V_1474115,price,366,344
2026-07-11,273,20184,10x15,V_42054,promo,First month 50% off,
2026-07-11,32,20415,5x10,V_1580202,promo,,First month 50% off
2026-07-11,32,20415,10x15,V_22836,promo,First month 50% off,
2026-07-11,286,26341,5x5,V_1560448,price,92,73
2026-07-11,286,26341,10x20,V_1407640,promo,First month 50% off,
2026-07-11,6314,29300,10x20,V_1543309,promo,$1 first month rent,2nd Month Free
2026-07-11,152,07121,10x10,V_14962,price,184,165
2026-07-11,152,07121,10x15,V_14966,promo,$1 first month rent,First month 50% off
2026-07-11,152,07121,10x15,V_14967,promo,,First month 50% off
2026-07-11,295,20603,5x10,V_26388,price,144,134
2026-07-11,295,20603,10x20,V_26382,price,342,305
2026-07-11,295,20603,10x15,V_26380,promo,$1 first month rent,First month 50% off
2026-07-11,285,00404,5x5,V_59999,price,84,74
2026-07-11,285,00404,5x10,V_645622,price,133,118
2026-07-11,285,00404,10x10,V_1460763,price,153,135
2026-07-11,285,00404,10x15,V_59983,price,187,156
2026-07-11,6178,29286,5x5,V_1497906,price,82,77
2026-07-11,6178,29286,5x10,V_1497928,promo,First month 50% off,$1 first month rent
2026-07-11,6178,29286,10x10,V_1497898,price,247,232
2026-07-11,94,20615,10x15,V_43988,price,243,218
2026-07-11,30,00302,5x5,V_1568317,price,66,63
2026-07-11,30,00302,5x10,V_25159,price,87,83
2026-07-11,30,00302,10x10,V_1509962,promo,First month 50% off,
2026-07-11,188,29120,10x20,V_1567858,price,416,362
2026-07-11,359,20111,5x5,V_600758,promo,$1 first month rent,First month 50% off
2026-07-11,359,20111,5x10,V_379023,promo,First month 50% off,
2026-07-11,359,20111,10x20,V_1425380,promo,First month 50% off,2nd Month Free
2026-07-11,368,00414,10x15,V_39418,promo,$1 first month rent,First month 50% off
2026-07-11,398,07035,5x10,V_1333479,price,173,155
2026-07-11,398,07035,5x10,V_1333479,promo,,First month 50% off
2026-07-11,398,07035,5x10,V_1549996,promo,,$1 first month rent
2026-07-11,398,07035,5x10,V_1547197,promo,,$1 first month rent
2026-07-11,398,07035,5x10,V_1547196,promo,,$1 first month rent
2026-07-11,398,07035,10x10,V_1333482,promo,,First month 50% off
2026-07-11,398,07035,10x10,V_40022,promo,,First month 50% off
2026-07-11,398,07035,10x10,V_1333483,promo,,First month 50% off
2026-07-11,398,07035,10x15,V_40024,promo,,$1 first month rent
2026-07-11,204,21806,5x5,V_1447009,promo,First month 50% off,
2026-07-11,204,21806,Parking,V_1550029,promo,First month 50% off,
2026-07-11,204,21806,10x15,V_25658,promo,$1 first month rent,First month 50% off
2026-07-11,272,70392,10x15,V_642608,price,284,259
2026-07-11,351,20610,5x5,V_1403657,price,154,145
2026-07-11,351,20610,5x5,V_653223,price,154,145
2026-07-11,351,20610,5x10,V_651777,price,214,200
2026-07-11,351,20610,10x10,V_1309142,price,301,282
2026-07-11,351,20610,10x10,V_1558368,price,403,378
2026-07-11,376,25733,5x5,V_1595449,price,140,105
2026-07-11,1865,08208,10x15,V_312323,price,334,305
2026-07-11,2235,23086,10x10,V_1342602,price,320,254
2026-07-11,1688,08015,5x10,V_308812,promo,First month 50% off,
2026-07-11,1688,08015,5x15,V_308853,promo,First month 50% off,
2026-07-11,1688,08015,5x15,V_1353367,promo,First month 50% off,
2026-07-11,1688,08015,10x20,V_1592489,promo,First month 50% off,
2026-07-11,1688,08015,10x15,V_1592487,promo,First month 50% off,
2026-07-11,388,20736,10x20,V_24582,promo,,First month 50% off
2026-07-11,1517,29189,10x10,V_1557596,price,142,136
2026-07-11,1517,29189,10x15,V_1557597,price,169,161
2026-07-11,3,20499,5x10,V_167,price,195,178
2026-07-11,7,21914,Parking,V_1539194,promo,,First month 50% off
2026-07-11,7,21914,5x5,V_1348657,promo,,First month 50% off
2026-07-11,7,21914,5x10,V_1350303,promo,,First month 50% off
2026-07-11,4,22002,5x15,V_251,promo,$1 first month rent,First month 50% off
2026-07-11,4,22002,10x10,V_244,price,421,337
2026-07-11,4,22002,10x10,V_1587367,promo,First month 50% off,$1 first month rent
2026-07-11,2058,08509,5x5,V_576921,price,195,208
2026-07-11,2058,08509,5x5,V_1349742,price,241,242
2026-07-11,2058,08509,10x15,V_576881,price,442,397
2026-07-11,2058,08509,10x15,V_1356792,price,479,405
2026-07-11,2058,08509,10x15,V_576925,price,437,459
2026-07-11,2058,08509,10x15,V_1356786,price,559,477
2026-07-11,28,07024,5x10,V_18786,price,202,180
2026-07-11,305,29143,5x5,V_18611,promo,,First month 50% off
2026-07-11,283,00408,5x10,V_43854,price,109,108
2026-07-11,283,00408,10x15,V_233060,promo,First month 50% off,
2026-07-11,283,00408,10x20,V_43847,promo,2nd Month Free,First month 50% off
2026-07-11,2215,23016,5x5,V_573989,price,50,45
2026-07-11,2215,23016,10x10,V_1419473,promo,First month 50% off,
2026-07-11,19,07046,5x5,V_2620,promo,,First month 50% off
2026-07-11,19,07046,5x5,V_1348683,promo,First month 50% off,$1 first month rent
2026-07-11,19,07046,5x15,V_1510182,promo,First month 50% off,$1 first month rent
2026-07-11,19,07046,10x10,V_2605,promo,$1 first month rent,First month 50% off
2026-07-11,19,07046,5x15,V_1317171,promo,First month 50% off,$1 first month rent
2026-07-11,19,07046,10x15,V_2608,promo,First month 50% off,$1 first month rent
2026-07-11,19,07046,10x15,V_242176,promo,First month 50% off,$1 first month rent
2026-07-11,2532,25947,5x10,V_1456702,promo,First month 50% off,$1 first month rent
2026-07-11,2532,25947,5x10,V_642270,price,128,118
2026-07-11,2532,25947,10x10,V_1456704,price,190,174
2026-07-11,2532,25947,10x15,V_1461492,price,191,182
2026-07-11,2230,23044,Parking,V_1519838,promo,First month 50% off,
2026-07-11,2230,23044,5x10,V_1456893,promo,First month 50% off,
2026-07-11,2230,23044,5x5,V_599153,promo,First month 50% off,
2026-07-11,2230,23044,10x20,V_592266,promo,First month 50% off,
2026-07-11,2230,23044,10x30,V_592268,promo,First month 50% off,
2026-07-11,299,29175,5x5,V_17883,price,59,58
2026-07-11,299,29175,5x15,V_17871,promo,First month 50% off,
2026-07-11,299,29175,10x15,V_17861,promo,First month 50% off,2nd Month Free
2026-07-11,1864,08207,5x10,V_312876,price,110,95
2026-07-11,1864,08207,5x10,V_312876,promo,First month 50% off,
2026-07-11,1864,08207,5x10,V_590330,price,140,122
2026-07-11,1864,08207,10x25,V_592092,price,315,256
2026-07-11,296,21612,10x10,V_21513,price,199,179
2026-07-11,292,20130,10x10,V_58038,price,155,128
2026-07-11,292,20130,5x15,V_58065,price,171,136
2026-07-11,292,20130,5x15,V_58065,promo,,First month 50% off
2026-07-11,300,23210,5x5,V_1544134,price,53,49
2026-07-11,300,23210,5x15,V_26568,promo,$1 first month rent,First month 50% off
2026-07-11,300,23210,5x15,V_26558,promo,$1 first month rent,First month 50% off
2026-07-11,300,23210,10x15,V_1356077,promo,$1 first month rent,First month 50% off
2026-07-11,300,23210,10x10,V_1354385,promo,$1 first month rent,First month 50% off
2026-07-11,300,23210,10x15,V_26520,promo,$1 first month rent,First month 50% off
2026-07-11,263,27261,5x10,V_1490639,price,101,95
2026-07-11,263,27261,5x10,V_1480383,promo,,$1 first month rent
2026-07-11,263,27261,10x10,V_1490637,price,153,143
2026-07-11,263,27261,10x15,V_1490641,price,255,239
2026-07-11,2173,08520,5x5,V_1512525,price,127,111
2026-07-11,2173,08520,5x10,V_1512531,price,130,119
2026-07-11,2518,29217,10x10,V_634582,price,302,227
2026-07-11,1,26817,5x10,V_588167,price,128,111
2026-07-11,1,26817,5x10,V_588167,promo,First month 50% off,$1 first month rent
2026-07-11,1,26817,5x10,V_1350272,promo,,First month 50% off
2026-07-11,5862,00309,5x5,V_1437791,price,115,108
2026-07-11,5862,00309,5x10,V_1437812,price,118,111
2026-07-11,5862,00309,5x10,V_1437790,price,144,135
2026-07-11,5862,00309,10x10,V_1437817,promo,$1 first month rent,First month 50% off
2026-07-11,15,27014,10x10,V_1996,price,234,197
2026-07-11,15,27014,10x10,V_1998,price,237,199
2026-07-11,2229,23048,10x10,V_1579878,price,246,211
2026-07-11,241,26813,5x10,V_1350532,promo,First month 50% off,
2026-07-11,241,26813,5x5,V_1348841,promo,First month 50% off,
2026-07-11,241,26813,10x20,V_50842,promo,First month 50% off,
2026-07-11,207,29139,10x15,V_57890,price,257,249
2026-07-11,207,29139,10x20,V_57894,price,540,480
2026-07-11,207,29139,10x20,V_57894,promo,First month 50% off,2nd Month Free
2026-07-11,61,27341,10x10,V_53488,price,192,161
2026-07-11,61,27341,10x10,V_1354150,price,228,191
2026-07-11,366,22306,5x5,V_55161,promo,First month 50% off,
2026-07-11,366,22306,10x30,V_55157,promo,2nd Month Free,First month 50% off
2026-07-11,354,20129,5x10,V_565052,promo,$1 first month rent,First month 50% off
2026-07-11,354,20129,10x10,V_47006,promo,First month 50% off,$1 first month rent
2026-07-11,140,20154,5x10,V_1350452,price,193,199
2026-07-11,140,20154,10x10,V_1354255,price,303,313
2026-07-11,140,20154,10x15,V_1356013,price,395,398
2026-07-11,140,20154,10x30,V_582363,price,718,764
2026-07-11,2060,08511,5x15,V_1353672,promo,First month 50% off,2nd Month Free
2026-07-11,2060,08511,10x10,V_310096,promo,First month 50% off,2nd Month Free
2026-07-11,2060,08511,10x10,V_1355411,promo,First month 50% off,2nd Month Free
2026-07-11,2060,08511,10x15,V_342984,promo,First month 50% off,2nd Month Free
2026-07-11,2060,08511,10x20,V_384720,promo,First month 50% off,2nd Month Free
2026-07-11,2060,08511,10x20,V_1357842,promo,First month 50% off,2nd Month Free
2026-07-11,308,34102,5x15,V_50993,promo,First month 50% off,
2026-07-11,308,34102,10x15,V_50983,promo,,$1 first month rent
2026-07-11,2211,23014,5x10,V_1476410,price,197,185
2026-07-11,64,20124,5x5,V_1588286,promo,,First month 50% off
2026-07-11,158,20435,5x10,V_37109,price,109,99
2026-07-11,158,20435,5x10,V_1350471,promo,First month 50% off,$1 first month rent
2026-07-11,158,20435,10x10,V_37047,price,232,225
2026-07-11,86,27311,5x5,V_36341,promo,$1 first month rent,First month 50% off
2026-07-11,86,27311,10x15,V_36332,promo,,$1 first month rent
2026-07-11,90,20126,10x20,V_366481,price,488,429
2026-07-11,304,21404,10x10,V_48561,price,221,205
2026-07-11,304,21404,10x10,V_48520,price,240,221
2026-07-11,304,21404,10x15,V_48527,promo,$1 first month rent,First month 50% off
2026-07-11,304,21404,10x10,V_48521,price,284,262
2026-07-11,311,77507,5x10,V_1511550,promo,$1 first month rent,First month 50% off
2026-07-11,179,20902,5x10,V_47756,price,104,96
2026-07-11,6261,78001,5x10,V_1524885,price,104,98
2026-07-11,6261,78001,10x10,V_1524887,promo,$1 first month rent,First month 50% off
2026-07-11,378,07019,10x20,V_49735,price,365,274
2026-07-11,1707,08034,10x10,V_1431947,price,234,176
2026-07-11,2192,25732,10x10,V_384396,price,175,146
2026-07-11,1582,07212,5x5,V_238192,price,68,59
2026-07-11,6308,78007,5x5,V_1529320,promo,$1 first month rent,First month 50% off
2026-07-11,6308,78007,5x10,V_1529333,promo,$1 first month rent,First month 50% off
2026-07-11,6308,78007,10x30,V_1529296,promo,2nd Month Free,First month 50% off
2026-07-11,5383,26936,5x10,V_1451704,promo,First month 50% off,
2026-07-11,5383,26936,5x10,V_1558542,promo,First month 50% off,
2026-07-11,5383,26936,Parking,V_1518948,promo,First month 50% off,
2026-07-11,5383,26936,Parking,V_1518947,promo,First month 50% off,
2026-07-11,5383,26936,10x20,V_1376675,promo,First month 50% off,
2026-07-11,5383,26936,10x20,V_1451698,promo,First month 50% off,
2026-07-11,5383,26936,10x20,V_1376674,promo,First month 50% off,
2026-07-11,1664,29205,5x15,V_243957,price,124,96
2026-07-11,2189,25731,10x15,V_1356853,price,246,214
2026-07-11,325,00511,5x5,V_52752,promo,,First month 50% off
2026-07-11,325,00511,10x20,V_52745,price,182,173
2026-07-11,397,23107,10x10,V_1510745,promo,$1 first month rent,First month 50% off
2026-07-11,397,23107,10x15,V_1510748,price,126,120
2026-07-11,186,20155,5x10,V_38433,promo,First month 50% off,$1 first month rent
2026-07-11,186,20155,10x15,V_38419,price,96,95
2026-07-11,228,21513,10x30,V_1422885,price,234,206
2026-07-11,157,21506,5x15,V_650619,promo,$1 first month rent,
2026-07-11,157,21506,Parking,V_1521179,promo,$1 first month rent,First month 50% off
2026-07-11,157,21506,10x15,V_38145,promo,First month 50% off,$1 first month rent
2026-07-11,339,70389,10x30,V_1386103,promo,First month 50% off,2nd Month Free
2026-07-11,6464,29315,5x5,V_1568995,price,23,22
2026-07-11,6464,29315,10x20,V_1571516,price,118,111
2026-07-11,96,21608,5x10,V_25186,price,115,91
2026-07-11,96,21608,10x10,V_25167,promo,,First month 50% off
2026-07-11,54,26381,10x20,V_22387,price,394,347
2026-07-11,54,26381,10x15,V_630288,promo,2nd Month Free,
2026-07-11,2253,29208,5x5,V_588293,promo,First month 50% off,
2026-07-11,2253,29208,10x20,V_588297,price,325,275
2026-07-11,2253,29208,10x15,V_588283,promo,,$1 first month rent
2026-07-11,312,26603,5x5,V_25233,price,110,89
2026-07-11,312,26603,5x10,V_25227,price,154,127
2026-07-11,312,26603,10x10,V_25213,promo,2nd Month Free,First month 50% off
2026-07-11,312,26603,10x10,V_1354407,promo,,First month 50% off
2026-07-11,312,26603,5x15,V_25238,promo,2nd Month Free,First month 50% off
2026-07-11,312,26603,5x15,V_25230,promo,2nd Month Free,First month 50% off
2026-07-11,245,00305,5x10,V_20509,price,161,137
2026-07-11,245,00305,10x15,V_20504,price,318,239
2026-07-11,245,00305,10x10,V_20503,promo,First month 50% off,
2026-07-11,5220,29254,5x5,V_1310799,promo,First month 50% off,
2026-07-11,5220,29254,5x5,V_1310509,promo,$1 first month rent,
2026-07-11,5220,29254,5x10,V_1310800,promo,,First month 50% off
2026-07-11,5220,29254,10x15,V_1310521,promo,,$1 first month rent
2026-07-11,42,20911,10x10,V_22296,promo,,First month 50% off
2026-07-11,46,26371,5x10,V_22852,promo,First month 50% off,
2026-07-11,46,26371,10x20,V_1532999,price,477,404
2026-07-11,1698,08025,10x30,V_581746,promo,First month 50% off,
2026-07-11,155,20483,10x10,V_17348,promo,$1 first month rent,First month 50% off
2026-07-11,1702,08029,5x5,V_1349542,price,65,59
2026-07-11,1702,08029,10x10,V_385363,promo,First month 50% off,$1 first month rent
2026-07-11,1702,08029,10x10,V_643253,promo,First month 50% off,$1 first month rent
2026-07-11,1702,08029,10x15,V_307841,promo,First month 50% off,$1 first month rent
2026-07-11,160,27009,5x10,V_1350476,promo,,First month 50% off
2026-07-11,5565,26976,5x5,V_1386182,price,64,60
2026-07-11,5565,26976,5x5,V_1386182,promo,,First month 50% off
2026-07-11,5565,26976,5x10,V_1588909,price,94,88
2026-07-11,5565,26976,5x15,V_1386196,promo,$1 first month rent,
2026-07-11,5565,26976,10x10,V_1386174,price,133,125
2026-07-11,438,20276,10x15,V_26223,price,184,158
2026-07-11,275,20494,5x5,V_1348856,price,57,51
2026-07-11,275,20494,5x15,V_1352743,promo,$1 first month rent,First month 50% off
2026-07-11,275,20494,10x10,V_391417,promo,,First month 50% off
2026-07-11,145,70393,5x5,V_51419,promo,$1 first month rent,
2026-07-11,145,70393,5x10,V_1350456,promo,First month 50% off,
2026-07-11,145,70393,Parking,V_1593503,promo,First month 50% off,
2026-07-11,145,70393,10x10,V_51405,promo,First month 50% off,
2026-07-11,145,70393,10x30,V_1590761,promo,First month 50% off,
2026-07-11,240,20292,5x10,V_35857,price,128,110
2026-07-11,2167,08784,10x10,V_338101,promo,First month 50% off,$1 first month rent
2026-07-11,226,27814,5x10,V_22874,price,134,101
2026-07-11,226,27814,10x10,V_22865,price,235,207
2026-07-11,226,27814,10x10,V_22865,promo,First month 50% off,$1 first month rent
2026-07-11,226,27814,10x20,V_22869,promo,First month 50% off,2nd Month Free
2026-07-11,216,21908,10x10,V_1354318,price,235,182
2026-07-11,216,21908,10x10,V_1354318,promo,First month 50% off,$1 first month rent
2026-07-11,216,21908,10x15,V_1356040,promo,First month 50% off,$1 first month rent
2026-07-11,216,21908,10x25,V_24868,promo,2nd Month Free,First month 50% off
2026-07-11,5382,26935,10x10,V_1413672,price,223,197
2026-07-11,223,23424,10x15,V_1452146,price,290,245
2026-07-11,48,20480,5x10,V_8232,price,145,125
2026-07-11,48,20480,5x15,V_1308817,promo,,First month 50% off
2026-07-11,48,20480,10x10,V_8224,promo,,First month 50% off
2026-07-11,48,20480,10x15,V_8226,promo,,First month 50% off
2026-07-11,48,20480,10x10,V_8223,promo,,$1 first month rent
2026-07-11,48,20480,10x15,V_8227,promo,,$1 first month rent
2026-07-11,48,20480,10x10,V_571040,promo,,$1 first month rent
2026-07-11,48,20480,10x30,V_1388801,promo,,First month 50% off
2026-07-11,48,20480,10x30,V_1388799,promo,,2nd Month Free
2026-07-11,217,20150,5x5,V_1459103,promo,,$1 first month rent
2026-07-11,180,22303,5x10,V_31829,promo,First month 50% off,$1 first month rent
2026-07-11,211,21617,5x5,V_37582,price,36,32
2026-07-11,358,29152,5x10,V_1495535,promo,$1 first month rent,First month 50% off
2026-07-11,358,29152,10x10,V_658576,promo,First month 50% off,$1 first month rent
2026-07-11,358,29152,10x20,V_1422879,promo,First month 50% off,2nd Month Free
2026-07-11,2272,25757,10x10,V_599288,promo,$1 first month rent,
2026-07-11,2272,25757,10x15,V_601580,promo,First month 50% off,
2026-07-11,2272,25757,10x15,V_1580059,promo,First month 50% off,
2026-07-11,2272,25757,10x15,V_1580057,promo,First month 50% off,
2026-07-11,2272,25757,10x15,V_1542798,promo,First month 50% off,
2026-07-11,2272,25757,10x15,V_1542800,promo,First month 50% off,
2026-07-11,2272,25757,10x15,V_1562956,promo,First month 50% off,
2026-07-11,195,00308,5x10,V_33379,price,95,77
2026-07-11,195,00308,10x20,V_1429096,price,257,230
2026-07-11,6241,29287,5x5,V_1541454,promo,,First month 50% off
2026-07-11,6241,29287,5x5,V_1521883,price,77,72
2026-07-11,6241,29287,5x10,V_1541450,promo,First month 50% off,$1 first month rent
2026-07-11,6241,29287,5x10,V_1541456,price,134,126
2026-07-11,6241,29287,10x10,V_1541451,price,168,158
2026-07-11,6241,29287,10x20,V_1541445,promo,2nd Month Free,
2026-07-11,24,20613,5x5,V_1595803,promo,First month 50% off,
2026-07-11,24,20613,10x10,V_1428130,price,195,170
2026-07-11,24,20613,10x15,V_22284,promo,$1 first month rent,First month 50% off
2026-07-11,92,23601,5x5,V_22142,promo,First month 50% off,
2026-07-11,92,23601,10x15,V_1355973,price,342,293
2026-07-11,58,20187,10x10,V_1354149,price,270,207
2026-07-11,256,00202,Parking,V_1545298,promo,First month 50% off,
2026-07-11,256,00202,5x5,V_1493546,promo,First month 50% off,
2026-07-11,256,00202,5x10,V_344624,promo,First month 50% off,
2026-07-11,256,00202,5x10,V_1581623,promo,First month 50% off,
2026-07-11,256,00202,5x10,V_1460729,promo,First month 50% off,
2026-07-11,256,00202,5x10,V_1581613,promo,First month 50% off,
2026-07-11,256,00202,10x10,V_62904,price,259,194
2026-07-11,256,00202,10x10,V_62904,promo,First month 50% off,
2026-07-11,256,00202,10x15,V_1493547,promo,First month 50% off,
2026-07-11,256,00202,5x15,V_1493528,promo,First month 50% off,
2026-07-11,256,00202,10x15,V_62907,promo,First month 50% off,
2026-07-11,256,00202,10x15,V_1493531,promo,First month 50% off,
2026-07-11,256,00202,10x20,V_62910,promo,2nd Month Free,
2026-07-11,256,00202,10x20,V_1581614,promo,First month 50% off,
2026-07-11,256,00202,10x30,V_344615,promo,First month 50% off,
2026-07-11,256,00202,10x30,V_1493532,promo,First month 50% off,
2026-07-11,317,00401,5x5,V_1401001,promo,First month 50% off,
2026-07-11,317,00401,10x10,V_1431920,price,170,149
2026-07-11,317,00401,10x10,V_1431920,promo,First month 50% off,
2026-07-11,317,00401,10x15,V_28541,promo,First month 50% off,
2026-07-11,6259,77991,5x5,V_1524752,price,40,38
2026-07-11,6259,77991,5x10,V_1524755,promo,First month 50% off,
2026-07-11,6259,77991,10x10,V_1524746,promo,$1 first month rent,First month 50% off
2026-07-11,303,22307,5x10,V_1591878,price,54,50
2026-07-11,395,20456,10x10,V_1542626,promo,,First month 50% off
2026-07-11,137,00307,10x15,V_629537,promo,First month 50% off,
2026-07-11,6255,77984,5x10,V_1525234,promo,$1 first month rent,First month 50% off
2026-07-11,448,20421,10x10,V_655360,price,306,242
2026-07-11,448,20421,10x10,V_655360,promo,$1 first month rent,First month 50% off
2026-07-11,168,26427,5x5,V_16720,promo,,First month 50% off
2026-07-11,168,26427,5x5,V_1567608,promo,,$1 first month rent
2026-07-11,168,26427,5x10,V_1350484,promo,,First month 50% off
2026-07-11,168,26427,5x15,V_1567609,promo,,First month 50% off
2026-07-11,168,26427,10x10,V_1567607,promo,,$1 first month rent
2026-07-11,168,26427,10x10,V_16706,promo,,First month 50% off
2026-07-11,168,26427,10x15,V_16711,promo,,First month 50% off
2026-07-11,168,26427,10x25,V_1529499,promo,,First month 50% off
2026-07-11,393,20289,10x10,V_53633,promo,$1 first month rent,First month 50% off
2026-07-11,184,27001,5x15,V_17665,promo,First month 50% off,
2026-07-11,184,27001,10x10,V_17640,promo,,First month 50% off
2026-07-11,184,27001,10x15,V_578342,promo,First month 50% off,
2026-07-11,247,20153,10x20,V_1388796,price,469,435
2026-07-11,235,00101,10x10,V_1455599,promo,,First month 50% off
2026-07-11,235,00101,10x10,V_1455682,promo,,First month 50% off
2026-07-11,235,00101,10x15,V_1455681,promo,,First month 50% off
2026-07-11,235,00101,10x15,V_41639,price,491,457
2026-07-11,235,00101,10x15,V_41639,promo,,First month 50% off
2026-07-11,63,24517,5x15,V_41780,promo,$1 first month rent,
2026-07-11,20,07102,10x10,V_2755,promo,$1 first month rent,First month 50% off
2026-07-11,248,21204,10x10,V_42918,price,176,165
2026-07-11,135,21411,10x20,V_1556237,price,461,403
2026-07-11,2560,29230,5x10,V_647089,promo,,First month 50% off
2026-07-11,2560,29230,10x15,V_647102,promo,,$1 first month rent
2026-07-11,2560,29230,10x15,V_647096,promo,,$1 first month rent
2026-07-11,2560,29230,10x10,V_647092,promo,,$1 first month rent
2026-07-11,2560,29230,10x20,V_647101,price,260,220
2026-07-11,2560,29230,10x20,V_647101,promo,,First month 50% off
2026-07-11,2560,29230,10x20,V_647097,price,278,236
2026-07-11,2560,29230,10x20,V_647097,promo,,2nd Month Free
2026-07-11,2560,29230,10x10,V_1452799,promo,,$1 first month rent
2026-07-11,2560,29230,10x30,V_647099,price,347,337
2026-07-11,2560,29230,10x30,V_647099,promo,,2nd Month Free
2026-07-11,6,22326,5x15,V_886,price,195,185
2026-07-11,6,22326,5x10,V_382756,price,214,188
2026-07-11,11,20158,5x10,V_597899,promo,$1 first month rent,First month 50% off
2026-07-11,2214,23028,Locker,V_576935,promo,,First month 50% off
2026-07-11,2214,23028,5x10,V_1494696,promo,,First month 50% off
2026-07-11,2214,23028,Locker,V_576979,promo,,First month 50% off
2026-07-11,1692,08019,5x10,V_250476,promo,$1 first month rent,
2026-07-11,1692,08019,5x10,V_250510,promo,,First month 50% off
2026-07-11,1692,08019,5x15,V_250452,promo,First month 50% off,$1 first month rent
2026-07-11,1692,08019,10x10,V_250477,promo,$1 first month rent,First month 50% off
2026-07-11,363,70387,10x20,V_1535038,promo,First month 50% off,2nd Month Free
2026-07-11,1687,08014,10x20,V_1566669,price,357,329
2026-07-11,233,70386,5x10,V_30637,price,106,102
2026-07-11,6250,77978,10x15,V_1524848,price,417,391
2026-07-11,1697,08024,5x5,V_1496398,price,132,103
2026-07-11,1697,08024,5x5,V_1496398,promo,First month 50% off,
2026-07-11,1697,08024,5x5,V_566939,promo,$1 first month rent,
2026-07-11,1697,08024,10x15,V_1496405,promo,$1 first month rent,
2026-07-11,193,00417,5x5,V_1562921,promo,,First month 50% off
2026-07-11,193,00417,10x10,V_1438802,promo,,First month 50% off
2026-07-11,1700,08027,5x5,V_1590022,promo,First month 50% off,
2026-07-11,1700,08027,10x25,V_1591005,promo,2nd Month Free,First month 50% off
2026-07-11,365,26425,5x5,V_46873,promo,First month 50% off,$1 first month rent
2026-07-11,365,26425,5x10,V_46864,promo,First month 50% off,$1 first month rent
2026-07-11,1713,08040,5x10,V_1457749,promo,First month 50% off,$1 first month rent
2026-07-11,1713,08040,5x10,V_1351452,price,90,102
2026-07-11,177,21913,5x10,V_46722,price,81,80
2026-07-11,177,21913,5x10,V_46722,promo,$1 first month rent,First month 50% off
2026-07-11,177,21913,5x5,V_46725,promo,,$1 first month rent
2026-07-11,177,21913,10x10,V_46706,promo,First month 50% off,$1 first month rent
2026-07-11,400,24104,Parking,V_1519350,promo,$1 first month rent,First month 50% off
2026-07-11,400,24104,Parking,V_1554110,promo,$1 first month rent,First month 50% off
2026-07-11,400,24104,10x30,V_578925,promo,2nd Month Free,First month 50% off
2026-07-11,280,20409,10x30,V_1429090,price,507,426
2026-07-11,2205,23043,5x15,V_572246,promo,$1 first month rent,First month 50% off
2026-07-11,2220,23034,5x10,V_1454438,price,108,99
2026-07-11,2220,23034,10x10,V_1454444,price,142,128
2026-07-11,2220,23034,10x20,V_1498288,promo,,First month 50% off
2026-07-11,315,24226,5x15,V_26722,promo,,First month 50% off
2026-07-11,213,27809,5x15,V_32977,price,133,114
2026-07-11,213,27809,10x10,V_1354310,price,223,167
2026-07-11,277,20290,5x15,V_35182,price,140,116
2026-07-11,277,20290,10x10,V_1449238,price,235,219
2026-07-11,26,26301,Parking,V_1518448,promo,$1 first month rent,First month 50% off
2026-07-11,26,26301,10x10,V_26849,promo,,First month 50% off
2026-07-11,26,26301,10x20,V_1419886,price,305,266
2026-07-11,26,26301,10x30,V_1577610,promo,,First month 50% off
2026-07-11,189,27017,5x10,V_17071,promo,,First month 50% off
2026-07-11,189,27017,10x10,V_17054,promo,First month 50% off,
2026-07-11,316,24445,5x5,V_31239,promo,$1 first month rent,First month 50% off
2026-07-11,6258,77990,10x10,V_1524695,price,106,99
2026-07-11,6258,77990,10x10,V_1534218,price,134,126
2026-07-11,181,20482,5x5,V_1538075,price,39,37
2026-07-11,181,20482,5x10,V_1533921,price,46,44
2026-07-11,181,20482,5x10,V_1500000,price,55,52
2026-07-11,181,20482,10x15,V_1533920,price,139,131
2026-07-11,181,20482,10x15,V_1538072,price,144,135
2026-07-11,181,20482,10x20,V_1538071,price,174,163
2026-07-11,181,20482,10x20,V_1533917,price,193,181
2026-07-11,377,07006,10x10,V_39846,promo,,First month 50% off
2026-07-11,2567,22329,10x10,V_650125,price,159,134
2026-07-11,1690,08017,10x15,V_589461,price,204,185
2026-07-11,222,20178,10x20,V_1389305,price,229,203
2026-07-11,100,27282,10x10,V_8064,promo,$1 first month rent,First month 50% off
2026-07-11,1866,08209,5x10,V_250216,promo,First month 50% off,
2026-07-11,1866,08209,5x15,V_1506155,promo,First month 50% off,
2026-07-11,1866,08209,5x15,V_250209,promo,$1 first month rent,
2026-07-11,1866,08209,10x10,V_1506186,promo,First month 50% off,
2026-07-11,1866,08209,10x10,V_1355278,promo,First month 50% off,
2026-07-11,1866,08209,10x10,V_250223,promo,First month 50% off,
2026-07-11,1866,08209,10x10,V_1506171,promo,First month 50% off,
2026-07-11,1866,08209,10x10,V_1506158,promo,First month 50% off,
2026-07-11,1866,08209,10x15,V_1506164,promo,First month 50% off,
2026-07-11,1866,08209,10x15,V_250281,promo,First month 50% off,
2026-07-11,1866,08209,10x10,V_250320,promo,First month 50% off,
2026-07-11,1866,08209,10x10,V_1583716,promo,First month 50% off,
2026-07-11,1866,08209,10x10,V_1583713,promo,$1 first month rent,
2026-07-11,1866,08209,10x20,V_1388802,promo,First month 50% off,
2026-07-11,1866,08209,10x15,V_1583718,promo,First month 50% off,
2026-07-11,1866,08209,Parking,V_1518943,promo,First month 50% off,
2026-07-11,97,23401,5x5,V_1348743,promo,$1 first month rent,First month 50% off
2026-07-11,139,26815,5x5,V_1405351,promo,,First month 50% off
2026-07-11,139,26815,5x15,V_22410,promo,,First month 50% off
2026-07-11,2430,25776,5x5,V_623097,promo,First month 50% off,
2026-07-11,2430,25776,Parking,V_1541573,promo,First month 50% off,
2026-07-11,2430,25776,5x10,V_623111,promo,First month 50% off,
2026-07-11,2430,25776,5x10,V_623109,promo,,First month 50% off
2026-07-11,2430,25776,Parking,V_1511987,promo,First month 50% off,
2026-07-11,2430,25776,5x10,V_1352229,promo,First month 50% off,
2026-07-11,2430,25776,5x10,V_623103,promo,First month 50% off,
2026-07-11,2430,25776,10x30,V_623099,promo,First month 50% off,
2026-07-11,47,29141,5x5,V_60773,price,168,156
2026-07-11,47,29141,5x5,V_60773,promo,,First month 50% off
2026-07-11,47,29141,5x5,V_364899,promo,First month 50% off,$1 first month rent
2026-07-11,47,29141,5x5,V_1348693,price,172,179
2026-07-11,47,29141,5x10,V_364930,price,234,209
2026-07-11,47,29141,5x10,V_364919,price,248,234
2026-07-11,47,29141,10x10,V_364954,price,326,286
2026-07-11,47,29141,5x15,V_60791,promo,,First month 50% off
2026-07-11,2227,23023,5x15,V_575502,price,232,203
2026-07-11,185,22311,10x10,V_17206,price,307,248
2026-07-11,264,23607,5x5,V_1348852,promo,First month 50% off,$1 first month rent
2026-07-11,264,23607,10x10,V_1354350,price,264,224
2026-07-11,264,23607,10x10,V_1354350,promo,,First month 50% off
2026-07-11,264,23607,10x10,V_1354349,promo,,First month 50% off
2026-07-11,264,23607,10x10,V_624030,promo,,$1 first month rent
2026-07-11,264,23607,10x15,V_22147,promo,,$1 first month rent
2026-07-11,5481,26978,10x15,V_1436316,price,371,336
2026-07-11,5481,26978,5x15,V_1395463,promo,$1 first month rent,First month 50% off
2026-07-11,5481,26978,5x15,V_1581447,promo,$1 first month rent,First month 50% off
2026-07-11,6236,77796,5x5,V_1539123,price,18,17
2026-07-11,6236,77796,5x10,V_1538210,price,23,22
2026-07-11,6236,77796,10x10,V_1539116,price,48,45
2026-07-11,1514,29185,5x5,V_1510567,promo,First month 50% off,
2026-07-11,367,00416,5x5,V_1458814,promo,$1 first month rent,First month 50% off
2026-07-11,367,00416,5x10,V_1458812,promo,,First month 50% off
2026-07-11,367,00416,10x10,V_1520228,promo,First month 50% off,$1 first month rent
2026-07-11,367,00416,10x20,V_44396,promo,2nd Month Free,
2026-07-11,1231,29191,10x10,V_1354782,price,209,157
2026-07-11,1231,29191,10x20,V_228707,price,362,314
2026-07-11,209,21614,5x10,V_1456928,price,80,79
2026-07-11,209,21614,5x10,V_37412,price,87,86
2026-07-11,301,27813,10x10,V_1558849,promo,First month 50% off,$1 first month rent
2026-07-11,301,27813,10x20,V_24273,promo,2nd Month Free,First month 50% off
2026-07-11,2237,23089,5x15,V_595082,promo,$1 first month rent,First month 50% off
2026-07-11,2237,23089,5x15,V_577068,promo,$1 first month rent,First month 50% off
2026-07-11,220,20167,10x15,V_43676,promo,First month 50% off,$1 first month rent
2026-07-11,1694,08021,5x10,V_310832,promo,,First month 50% off
2026-07-11,1694,08021,10x10,V_314346,promo,,First month 50% off
2026-07-11,1694,08021,10x15,V_330289,promo,First month 50% off,
2026-07-11,93,27273,5x5,V_1375600,promo,$1 first month rent,
2026-07-11,93,27273,10x10,V_22374,promo,First month 50% off,$1 first month rent
2026-07-11,127,20487,10x25,V_1388712,price,433,365
2026-07-11,78,26321,10x20,V_1388717,price,376,324
2026-07-11,165,24613,5x10,V_645291,promo,,First month 50% off
2026-07-11,274,27265,5x10,V_645310,promo,First month 50% off,
2026-07-11,274,27265,10x10,V_1458370,promo,$1 first month rent,
2026-07-11,274,27265,10x30,V_1533813,promo,2nd Month Free,First month 50% off
2026-07-11,1699,08026,10x25,V_1533810,promo,First month 50% off,
2026-07-11,282,00303,10x20,V_1532747,price,281,219
2026-07-11,192,27322,5x15,V_17510,promo,,First month 50% off
2026-07-11,279,75085,5x10,V_391274,price,79,74
2026-07-11,62,23218,5x5,V_1464036,price,132,100
2026-07-11,79,34110,5x10,V_50556,promo,$1 first month rent,First month 50% off
2026-07-11,79,34110,10x10,V_1354170,price,297,251
2026-07-11,17,27822,10x10,V_1354103,price,261,224
2026-07-11,17,27822,10x10,V_1354108,price,274,236
2026-07-11,51,00301,5x10,V_27127,promo,$1 first month rent,First month 50% off
2026-07-11,87,20733,Locker,V_1425211,promo,,First month 50% off
2026-07-11,87,20733,5x5,V_1434603,price,138,120
2026-07-11,87,20733,5x5,V_619874,price,164,128
2026-07-11,87,20733,5x5,V_46051,price,136,129
2026-07-11,87,20733,5x5,V_608480,price,141,129
2026-07-11,87,20733,5x5,V_606082,price,175,142
2026-07-11,87,20733,5x5,V_606082,promo,$1 first month rent,First month 50% off
2026-07-11,87,20733,5x5,V_606086,price,156,142
2026-07-11,87,20733,5x10,V_1494741,promo,First month 50% off,$1 first month rent
2026-07-11,87,20733,10x10,V_606081,promo,$1 first month rent,First month 50% off
2026-07-11,1656,25714,5x10,V_1351356,price,191,190
2026-07-11,259,75078,10x15,V_52003,price,465,362
2026-07-11,2271,25759,5x5,V_597938,promo,$1 first month rent,First month 50% off
2026-07-11,2271,25759,5x5,V_1349914,promo,$1 first month rent,First month 50% off
2026-07-11,2271,25759,5x10,V_597987,promo,First month 50% off,
2026-07-11,2271,25759,5x10,V_1577156,promo,$1 first month rent,First month 50% off
2026-07-11,2271,25759,5x10,V_1352041,promo,$1 first month rent,First month 50% off
2026-07-11,2271,25759,5x10,V_1401768,promo,$1 first month rent,First month 50% off
2026-07-11,2271,25759,10x20,V_1572035,price,284,266
2026-07-11,2271,25759,10x20,V_1572035,promo,2nd Month Free,First month 50% off
2026-07-11,2271,25759,10x20,V_597957,promo,2nd Month Free,First month 50% off
2026-07-11,2271,25759,10x20,V_1572051,promo,2nd Month Free,First month 50% off
2026-07-11,2271,25759,10x20,V_1559752,promo,2nd Month Free,First month 50% off
2026-07-11,6422,26311,5x5,V_1555872,price,76,71
2026-07-11,6422,26311,10x10,V_1555875,price,236,221
2026-07-11,6422,26311,10x20,V_1567172,price,441,413
2026-07-11,2224,23027,5x10,V_1597122,price,184,176
2026-07-11,2224,23027,5x10,V_1597122,promo,,First month 50% off
2026-07-11,2224,23027,5x10,V_574773,price,210,185
2026-07-11,2224,23027,5x10,V_574906,price,195,207
2026-07-11,5269,29257,5x5,V_1324588,promo,First month 50% off,
2026-07-11,5269,29257,5x10,V_1324590,promo,First month 50% off,$1 first month rent
2026-07-11,5269,29257,10x10,V_1327102,price,196,170
2026-07-11,5269,29257,10x10,V_1324587,price,231,200
2026-07-11,5269,29257,10x15,V_1324594,price,255,217
2026-07-11,5269,29257,10x20,V_1324591,price,356,267
2026-07-11,25,22315,5x10,V_19119,promo,,First month 50% off
2026-07-11,232,21910,5x5,V_600276,promo,First month 50% off,$1 first month rent
2026-07-11,232,21910,10x10,V_618337,price,238,209
2026-07-11,6304,23029,10x10,V_1527484,promo,$1 first month rent,First month 50% off
2026-07-11,6304,23029,10x10,V_1530161,promo,,First month 50% off
2026-07-11,6304,23029,10x20,V_1530163,promo,2nd Month Free,
2026-07-11,2223,23030,5x5,V_585864,promo,,First month 50% off
2026-07-11,2223,23030,5x5,V_574714,promo,,First month 50% off
2026-07-11,2223,23030,5x5,V_574687,promo,,First month 50% off
2026-07-11,2223,23030,5x10,V_1450768,promo,,First month 50% off
2026-07-11,2223,23030,5x10,V_574723,promo,,First month 50% off
2026-07-11,2223,23030,5x10,V_1450761,promo,,First month 50% off
2026-07-11,2223,23030,5x10,V_585884,promo,,First month 50% off
2026-07-11,2223,23030,5x10,V_1450752,promo,,First month 50% off
2026-07-11,134,23610,5x5,V_19169,promo,First month 50% off,$1 first month rent
2026-07-11,134,23610,5x10,V_19167,price,235,211
2026-07-11,134,23610,5x10,V_19167,promo,First month 50% off,$1 first month rent
2026-07-11,261,00402,10x10,V_1405084,price,210,187
2026-07-11,1691,08018,5x10,V_366511,price,120,113
2026-07-11,1691,08018,5x10,V_366511,promo,$1 first month rent,First month 50% off
2026-07-11,1691,08018,10x15,V_565123,promo,$1 first month rent,First month 50% off
2026-07-11,1691,08018,10x20,V_250408,price,338,314
2026-07-11,2260,25760,10x15,V_595315,promo,$1 first month rent,First month 50% off
2026-07-11,2260,25760,10x15,V_1478871,promo,$1 first month rent,First month 50% off
2026-07-11,1941,08368,5x10,V_391910,price,126,110
2026-07-11,1709,08036,10x20,V_1422477,price,232,203
2026-07-11,334,21501,5x15,V_1573696,price,100,113
2026-07-11,2381,25787,10x15,V_1580220,promo,$1 first month rent,First month 50% off
2026-07-11,89,22324,5x15,V_36766,promo,First month 50% off,$1 first month rent
2026-07-11,163,23423,5x10,V_15430,promo,First month 50% off,
2026-07-11,2023,08463,10x10,V_251366,price,186,160
2026-07-11,385,20616,10x15,V_47459,promo,First month 50% off,2nd Month Free
2026-07-11,77,20604,10x10,V_1420739,promo,First month 50% off,$1 first month rent
2026-07-11,6483,78021,5x10,V_1572830,price,96,90
2026-07-11,88,20227,5x10,V_571713,promo,First month 50% off,
2026-07-11,374,20436,5x10,V_587100,price,96,85
2026-07-11,374,20436,5x10,V_1458222,promo,,First month 50% off
2026-07-11,374,20436,10x10,V_1556818,price,167,140
2026-07-11,374,20436,10x10,V_1556818,promo,,First month 50% off
2026-07-11,374,20436,10x10,V_1458220,price,194,162
2026-07-11,374,20436,10x10,V_587099,price,203,170
2026-07-11,374,20436,10x10,V_1581734,price,207,173
2026-07-11,374,20436,10x30,V_578797,promo,First month 50% off,
2026-07-11,352,00411,5x10,V_1458082,price,136,104
2026-07-11,266,20614,5x5,V_1578889,promo,First month 50% off,
2026-07-11,266,20614,5x10,V_1578890,price,125,110
2026-07-11,266,20614,10x20,V_586972,promo,2nd Month Free,
2026-07-11,266,20614,10x25,V_51552,promo,2nd Month Free,
2026-07-11,5228,29262,5x10,V_1312433,price,87,82
2026-07-11,5228,29262,10x10,V_1311955,price,174,164
2026-07-11,5622,29279,5x10,V_1392784,price,87,82
2026-07-11,6370,23756,10x15,V_1547584,price,111,104
2026-07-11,1711,08038,10x10,V_570986,price,118,101
2026-07-11,1711,08038,10x10,V_649222,price,175,149
2026-07-11,1711,08038,10x20,V_1422483,price,224,168
2026-07-11,335,00103,5x5,V_588463,promo,First month 50% off,
2026-07-11,335,00103,5x10,V_1569028,promo,First month 50% off,
2026-07-11,5386,29277,5x5,V_1533520,price,94,89
2026-07-11,5386,29277,10x10,V_1388460,price,198,185
2026-07-11,5386,29277,10x20,V_1378615,promo,First month 50% off,
2026-07-11,142,20627,5x10,V_13539,price,106,89
2026-07-11,142,20627,10x10,V_13526,promo,$1 first month rent,First month 50% off
2026-07-11,142,20627,10x20,V_1567295,price,369,282
2026-07-11,1630,24529,5x5,V_241591,price,83,77
2026-07-11,1630,24529,5x15,V_241598,promo,$1 first month rent,First month 50% off
2026-07-11,2180,25726,5x5,V_1393907,promo,First month 50% off,
2026-07-11,2180,25726,5x5,V_1393901,price,59,56
2026-07-11,2180,25726,5x15,V_364128,price,121,113
2026-07-11,2180,25726,10x10,V_364116,price,165,155
2026-07-11,2180,25726,10x10,V_364096,promo,First month 50% off,
2026-07-11,2180,25726,10x15,V_1556428,promo,$1 first month rent,
2026-07-11,2180,25726,10x20,V_1393903,promo,First month 50% off,
2026-07-11,2185,25728,10x25,V_1410338,price,269,255
2026-07-11,5794,77643,5x10,V_1589618,promo,First month 50% off,$1 first month rent
2026-07-11,5794,77643,10x15,V_1590732,price,157,147
2026-07-11,6421,78049,Parking,V_1567147,promo,First month 50% off,
2026-07-11,6421,78049,10x15,V_1597195,price,226,242
2026-07-11,6421,78049,10x15,V_1597195,promo,,First month 50% off
2026-07-11,2225,23047,5x15,V_1583902,promo,First month 50% off,
2026-07-11,2225,23047,5x15,V_1559771,promo,First month 50% off,
2026-07-11,2225,23047,10x15,V_1576727,promo,First month 50% off,
2026-07-11,6161,77876,5x5,V_1559008,price,69,65
2026-07-11,6161,77876,10x10,V_1559011,price,191,179
2026-07-11,250,70388,10x10,V_54390,price,202,152
2026-07-11,250,70388,10x10,V_54390,promo,First month 50% off,
2026-07-11,1367,29178,10x20,V_1557979,price,304,248
2026-07-11,309,07043,10x10,V_23291,price,216,208
2026-07-11,309,07043,10x30,V_23294,promo,,First month 50% off
2026-07-11,5285,77513,10x10,V_1329658,promo,$1 first month rent,First month 50% off
2026-07-11,150,23419,5x5,V_13965,promo,First month 50% off,
2026-07-11,150,23419,10x10,V_13933,promo,$1 first month rent,
2026-07-11,2287,25779,5x15,V_601388,price,150,126
2026-07-11,2287,25779,5x15,V_601388,promo,,$1 first month rent
2026-07-11,2287,25779,5x5,V_1349923,price,145,148
2026-07-11,2287,25779,5x5,V_1349923,promo,$1 first month rent,First month 50% off
2026-07-11,2287,25779,5x10,V_1352059,price,181,159
2026-07-11,2287,25779,5x10,V_1352059,promo,$1 first month rent,First month 50% off
2026-07-11,2287,25779,10x10,V_1355576,price,205,265
2026-07-11,2287,25779,10x10,V_1355576,promo,,$1 first month rent
2026-07-11,2287,25779,10x10,V_601387,price,231,270
2026-07-11,2287,25779,10x10,V_601435,price,270,326
2026-07-11,21,23411,5x10,V_2918,promo,$1 first month rent,First month 50% off
2026-07-11,251,26812,5x10,V_53199,promo,$1 first month rent,First month 50% off
2026-07-11,251,26812,5x15,V_53203,promo,First month 50% off,$1 first month rent
2026-07-11,251,26812,10x10,V_53179,promo,First month 50% off,
2026-07-11,255,24110,5x10,V_1578927,price,152,131
2026-07-11,2063,08516,10x10,V_332711,promo,$1 first month rent,
2026-07-11,2181,25727,10x20,V_364589,price,186,149
2026-07-11,173,00102,5x5,V_228344,promo,,First month 50% off
2026-07-11,173,00102,5x15,V_228350,promo,,First month 50% off
2026-07-11,173,00102,10x10,V_228352,price,288,270
2026-07-11,173,00102,10x15,V_1591738,promo,First month 50% off,
2026-07-11,128,21017,10x10,V_1486959,price,156,149
2026-07-11,128,21017,10x10,V_1486959,promo,$1 first month rent,2nd Month Free
2026-07-11,6371,23761,5x10,V_1547610,promo,First month 50% off,$1 first month rent
2026-07-11,6371,23761,10x15,V_1547609,promo,,First month 50% off
2026-07-11,341,20612,5x5,V_1590466,promo,$1 first month rent,First month 50% off
2026-07-11,341,20612,10x15,V_1590465,promo,$1 first month rent,
2026-07-11,341,20612,10x15,V_24133,promo,First month 50% off,
2026-07-11,440,26818,10x10,V_23988,promo,,First month 50% off
2026-07-11,440,26818,10x10,V_23989,promo,,First month 50% off
2026-07-11,440,26818,10x15,V_23991,promo,,First month 50% off
2026-07-11,440,26818,10x20,V_1530330,promo,,First month 50% off
2026-07-11,440,26818,10x30,V_1340675,promo,,2nd Month Free
2026-07-11,1703,08030,5x5,V_251273,price,33,32
2026-07-11,1703,08030,10x20,V_1422436,promo,First month 50% off,2nd Month Free
2026-07-11,5901,22014,5x15,V_1565737,promo,,First month 50% off
2026-07-11,347,29127,5x15,V_40782,promo,First month 50% off,
2026-07-11,347,29127,10x10,V_40768,promo,$1 first month rent,2nd Month Free
2026-07-11,347,29127,10x20,V_40775,promo,First month 50% off,2nd Month Free
2026-07-11,133,22341,5x5,V_48224,promo,$1 first month rent,
2026-07-11,133,22341,5x10,V_653290,promo,$1 first month rent,First month 50% off
2026-07-11,133,22341,10x20,V_1422566,price,182,163
2026-07-11,44,27004,5x5,V_14261,price,32,28
2026-07-11,44,27004,5x10,V_14256,price,41,33
2026-07-11,6332,77889,5x5,V_1544943,promo,,$1 first month rent
2026-07-11,336,22004,5x5,V_23715,promo,,$1 first month rent
2026-07-11,336,22004,10x10,V_23698,promo,$1 first month rent,First month 50% off
2026-07-11,5854,77660,5x10,V_1431532,promo,,$1 first month rent
2026-07-11,5854,77660,10x20,V_1504414,price,124,116
2026-07-11,6138,77699,Parking,V_1521153,promo,First month 50% off,$1 first month rent
2026-07-11,6138,77699,10x10,V_1500106,price,86,80
2026-07-11,154,20144,10x10,V_631265,price,124,104
2026-07-11,154,20144,10x10,V_631265,promo,,First month 50% off
2026-07-11,154,20144,10x10,V_1354269,promo,,$1 first month rent
2026-07-11,154,20144,10x10,V_1430991,promo,,First month 50% off
2026-07-11,154,20144,10x10,V_1430986,promo,,$1 first month rent
2026-07-11,154,20144,10x10,V_633048,price,162,135
2026-07-11,154,20144,10x10,V_633048,promo,,$1 first month rent
2026-07-11,154,20144,10x25,V_1539854,promo,,First month 50% off
2026-07-11,154,20144,10x30,V_1539741,promo,,2nd Month Free
2026-07-11,437,21503,10x15,V_632216,promo,First month 50% off,
2026-07-11,437,21503,Parking,V_1521235,promo,First month 50% off,
2026-07-11,437,21503,10x30,V_578909,promo,First month 50% off,
2026-07-11,231,00515,10x10,V_40343,price,239,209
2026-07-11,231,00515,10x10,V_40343,promo,$1 first month rent,2nd Month Free
2026-07-11,1701,08028,5x5,V_597060,promo,First month 50% off,
2026-07-11,1701,08028,5x10,V_585689,promo,First month 50% off,$1 first month rent
2026-07-11,1701,08028,10x10,V_391263,promo,$1 first month rent,First month 50% off
2026-07-11,1701,08028,10x15,V_391261,promo,First month 50% off,$1 first month rent
2026-07-11,1701,08028,10x20,V_391264,promo,First month 50% off,
2026-07-11,1701,08028,10x20,V_1541396,promo,First month 50% off,
2026-07-11,442,07042,5x5,V_31981,price,111,83
2026-07-11,442,07042,10x15,V_1562046,price,323,267
2026-07-11,441,21406,5x5,V_40215,promo,,First month 50% off
2026-07-11,441,21406,10x10,V_40200,promo,$1 first month rent,First month 50% off
2026-07-11,120,26811,5x10,V_1494520,price,243,214
2026-07-11,126,21718,5x10,V_18178,price,195,164
2026-07-11,126,21718,10x10,V_18136,price,336,276
2026-07-11,244,20295,5x5,V_1567510,price,113,118
2026-07-11,244,20295,5x5,V_51864,price,162,138
2026-07-11,244,20295,5x10,V_244401,price,194,174
2026-07-11,244,20295,5x10,V_51854,price,246,185
2026-07-11,244,20295,5x10,V_1567413,price,234,205
2026-07-11,13,26422,10x10,V_1354092,promo,,$1 first month rent
2026-07-11,13,26422,10x15,V_1559188,promo,$1 first month rent,
2026-07-11,2,26406,10x10,V_1354056,promo,2nd Month Free,
2026-07-11,8,27807,5x15,V_1173,promo,First month 50% off,
2026-07-11,8,27807,5x5,V_1400881,promo,First month 50% off,
2026-07-11,8,27807,10x10,V_1169,promo,,First month 50% off
2026-07-11,6156,77693,5x5,V_1499283,promo,$1 first month rent,First month 50% off
2026-07-11,6156,77693,5x10,V_1499284,price,62,59
2026-07-11,6156,77693,10x20,V_1590184,price,133,125
2026-07-11,837,21702,10x15,V_132065,promo,First month 50% off,
2026-07-11,837,21702,10x25,V_1532523,promo,2nd Month Free,First month 50% off
2026-07-11,6538,23977,10x20,V_1595194,price,177,166
2026-07-11,6461,77865,10x10,V_1568123,price,69,65
2026-07-11,6461,77865,10x10,V_1568159,price,81,76
2026-07-11,6461,77865,10x20,V_1568133,price,93,87
2026-07-11,5250,00114,5x10,V_1319009,promo,First month 50% off,$1 first month rent
2026-07-11,5250,00114,10x10,V_1319013,promo,First month 50% off,
2026-07-11,1160,20146,5x10,V_136080,promo,$1 first month rent,First month 50% off
2026-07-11,1160,20146,10x10,V_1431727,price,123,118
2026-07-11,1160,20146,10x15,V_136073,price,186,173
2026-07-11,919,28208,5x10,V_1596363,promo,First month 50% off,$1 first month rent
2026-07-11,919,28208,10x10,V_1597175,price,190,188
2026-07-11,919,28208,10x10,V_1597177,price,197,194
2026-07-11,919,28208,10x10,V_1597177,promo,,$1 first month rent
2026-07-11,919,28208,10x15,V_1597178,price,180,195
2026-07-11,919,28208,10x15,V_1597178,promo,,2nd Month Free
2026-07-11,2523,25888,5x10,V_1343049,price,28,27
2026-07-11,2523,25888,5x10,V_1343039,price,34,32
2026-07-11,2523,25888,10x20,V_1343047,price,171,141
2026-07-11,2523,25888,10x20,V_1565177,promo,2nd Month Free,First month 50% off
2026-07-11,2523,25888,10x25,V_1565176,price,251,239
2026-07-11,895,24121,10x10,V_1431951,promo,First month 50% off,
2026-07-11,1055,21405,5x10,V_146068,promo,,First month 50% off
2026-07-11,1055,21405,10x15,V_146051,promo,First month 50% off,$1 first month rent
2026-07-11,977,21504,5x5,V_1558838,promo,$1 first month rent,First month 50% off
2026-07-11,977,21504,5x5,V_1339305,promo,First month 50% off,$1 first month rent
2026-07-11,977,21504,5x10,V_1339306,promo,$1 first month rent,First month 50% off
2026-07-11,977,21504,5x10,V_155006,promo,First month 50% off,
2026-07-11,977,21504,5x10,V_1544471,promo,First month 50% off,
2026-07-11,977,21504,10x10,V_1558843,promo,$1 first month rent,
2026-07-11,977,21504,10x10,V_1522044,promo,First month 50% off,
2026-07-11,977,21504,10x25,V_1532006,promo,First month 50% off,
2026-07-11,2521,29216,5x5,V_638863,promo,First month 50% off,
2026-07-11,2521,29216,5x10,V_638872,price,68,58
2026-07-11,2521,29216,5x10,V_1583654,price,71,60
2026-07-11,2521,29216,10x10,V_638862,price,143,137
2026-07-11,6539,23978,5x5,V_1595220,promo,,First month 50% off
2026-07-11,6539,23978,10x15,V_1595211,price,126,118
2026-07-11,6539,23978,10x20,V_1595210,price,152,143
2026-07-11,5249,29267,5x5,V_1318266,promo,$1 first month rent,First month 50% off
2026-07-11,5249,29267,5x10,V_1318264,price,67,65
2026-07-11,5249,29267,10x15,V_1318270,price,150,135
2026-07-11,5249,29267,10x15,V_1583639,promo,$1 first month rent,First month 50% off
2026-07-11,6226,27671,5x10,V_1545039,promo,,$1 first month rent
2026-07-11,6226,27671,10x15,V_1517948,price,134,125
2026-07-11,6516,78127,10x15,V_1588802,promo,First month 50% off,
2026-07-11,6240,77873,10x10,V_1521847,price,77,72
2026-07-11,6347,23900,10x10,V_1541773,price,109,102
2026-07-11,6372,23765,10x15,V_1547627,price,130,122
2026-07-11,6372,23765,10x20,V_1547622,promo,,First month 50% off
2026-07-11,1246,28199,5x5,V_1589497,promo,,$1 first month rent
2026-07-11,1246,28199,5x5,V_131787,price,71,59
2026-07-11,6480,78068,10x10,V_1571770,price,98,74
2026-07-11,6348,23901,10x10,V_1541786,promo,$1 first month rent,First month 50% off
2026-07-11,6317,29309,10x15,V_1533699,promo,,$1 first month rent
2026-07-11,6317,29309,10x15,V_1533695,price,174,163
2026-07-11,6317,29309,10x20,V_1533689,promo,First month 50% off,
2026-07-11,5762,27425,5x5,V_1498427,promo,First month 50% off,
2026-07-11,5762,27425,5x10,V_1498425,promo,First month 50% off,
2026-07-11,5762,27425,10x15,V_1410956,price,157,125
2026-07-11,5762,27425,10x15,V_1410956,promo,$1 first month rent,First month 50% off
2026-07-11,5762,27425,10x20,V_1410962,promo,First month 50% off,
2026-07-11,5762,27425,10x20,V_1498426,promo,First month 50% off,
2026-07-11,5762,27425,10x20,V_1581676,promo,First month 50% off,
2026-07-11,5762,27425,10x25,V_1410974,promo,First month 50% off,
2026-07-11,5762,27425,10x25,V_1410969,promo,First month 50% off,
2026-07-11,5762,27425,10x25,V_1498422,promo,First month 50% off,
2026-07-11,5762,27425,10x30,V_1410955,promo,First month 50% off,
2026-07-11,5577,27212,5x10,V_1405020,promo,First month 50% off,
2026-07-11,988,07013,10x20,V_1531863,price,194,192
2026-07-11,1871,08214,10x10,V_1431634,promo,$1 first month rent,First month 50% off
2026-07-11,1006,24128,5x15,V_1590283,promo,$1 first month rent,First month 50% off
2026-07-11,1382,28204,5x5,V_572702,promo,$1 first month rent,
2026-07-11,5236,29266,5x5,V_1317045,promo,$1 first month rent,First month 50% off
2026-07-11,5236,29266,5x10,V_1317047,price,61,59
2026-07-11,5236,29266,5x10,V_1317037,promo,First month 50% off,
2026-07-11,5236,29266,5x10,V_1334500,promo,$1 first month rent,First month 50% off
2026-07-11,5236,29266,10x20,V_1317044,promo,First month 50% off,
2026-07-11,5236,29266,10x20,V_1563497,promo,2nd Month Free,First month 50% off
2026-07-11,5236,29266,10x15,V_1334524,promo,$1 first month rent,First month 50% off
2026-07-11,5236,29266,10x20,V_1334532,promo,2nd Month Free,First month 50% off
2026-07-11,5236,29266,10x30,V_1563496,promo,2nd Month Free,First month 50% off
2026-07-11,5424,26957,5x5,V_1498438,promo,$1 first month rent,First month 50% off
2026-07-11,5424,26957,5x5,V_1416649,promo,$1 first month rent,First month 50% off
2026-07-11,5424,26957,5x10,V_1416643,promo,$1 first month rent,First month 50% off
2026-07-11,5424,26957,5x10,V_1498442,promo,$1 first month rent,First month 50% off
2026-07-11,5424,26957,Parking,V_1558651,promo,$1 first month rent,First month 50% off
2026-07-11,5424,26957,10x20,V_1567384,promo,2nd Month Free,First month 50% off
2026-07-11,5424,26957,10x25,V_1416656,promo,2nd Month Free,First month 50% off
2026-07-11,867,23105,10x10,V_1363279,promo,$1 first month rent,First month 50% off
2026-07-11,867,23105,10x20,V_1542796,promo,2nd Month Free,First month 50% off
2026-07-11,2389,25954,5x15,V_1568100,promo,$1 first month rent,First month 50% off
2026-07-11,2117,08664,5x10,V_371793,promo,$1 first month rent,First month 50% off
2026-07-11,2117,08664,5x5,V_312544,promo,$1 first month rent,First month 50% off
2026-07-11,2117,08664,5x5,V_1349768,promo,$1 first month rent,First month 50% off
2026-07-11,2117,08664,5x10,V_313104,promo,$1 first month rent,First month 50% off
2026-07-11,2117,08664,5x10,V_1461115,promo,$1 first month rent,First month 50% off
2026-07-11,2117,08664,10x25,V_338492,promo,2nd Month Free,First month 50% off
2026-07-11,2117,08664,10x20,V_1357863,promo,2nd Month Free,First month 50% off
2026-07-11,2117,08664,10x25,V_313087,promo,2nd Month Free,First month 50% off
2026-07-11,2117,08664,10x20,V_371791,promo,2nd Month Free,First month 50% off
2026-07-11,2118,08665,10x10,V_1527401,promo,$1 first month rent,2nd Month Free
2026-07-11,2118,08665,10x10,V_1591609,promo,$1 first month rent,2nd Month Free
2026-07-11,2118,08665,10x15,V_1414120,promo,$1 first month rent,2nd Month Free
2026-07-11,2118,08665,10x15,V_1496921,promo,$1 first month rent,2nd Month Free
2026-07-11,2611,29239,5x5,V_1434641,price,15,13
2026-07-11,2611,29239,5x5,V_1434633,price,20,17
2026-07-11,2611,29239,5x5,V_1434635,price,19,17
2026-07-11,2611,29239,5x5,V_1514974,price,20,17
2026-07-11,2611,29239,5x10,V_1434989,price,36,32
2026-07-11,6114,77835,5x15,V_1483456,promo,$1 first month rent,First month 50% off
2026-07-11,6114,77835,10x30,V_1483455,promo,2nd Month Free,First month 50% off
2026-07-11,874,24530,Locker,V_592322,promo,First month 50% off,$1 first month rent
2026-07-11,874,24530,10x20,V_1528585,price,166,159
2026-07-11,874,24530,10x25,V_1528586,promo,First month 50% off,2nd Month Free
2026-07-11,874,24530,10x30,V_1418884,promo,,2nd Month Free
2026-07-11,6112,77834,10x20,V_1483384,promo,First month 50% off,
2026-07-11,5640,27382,10x10,V_1394619,price,67,63
2026-07-11,773,24127,5x15,V_121939,price,70,58
2026-07-11,1019,21510,5x5,V_605558,price,42,35
2026-07-11,1019,21510,5x5,V_131486,promo,$1 first month rent,First month 50% off
2026-07-11,1019,21510,10x10,V_131465,promo,,First month 50% off
2026-07-11,5227,00113,5x5,V_1311918,promo,First month 50% off,$1 first month rent
2026-07-11,5227,00113,5x10,V_1311914,price,82,77
2026-07-11,5227,00113,10x15,V_1311909,price,145,136
2026-07-11,2387,25952,5x5,V_620234,price,76,59
2026-07-11,2387,25952,10x10,V_620235,price,169,150
2026-07-11,847,23714,10x10,V_1414027,promo,$1 first month rent,First month 50% off
2026-07-11,5433,27402,5x5,V_1387008,promo,$1 first month rent,First month 50% off
2026-07-11,5433,27402,10x10,V_1387006,promo,First month 50% off,
2026-07-11,788,20164,5x10,V_1592999,promo,First month 50% off,$1 first month rent
2026-07-11,811,21720,10x20,V_1541026,promo,2nd Month Free,
2026-07-11,822,26404,10x15,V_145632,promo,First month 50% off,$1 first month rent
2026-07-11,822,26404,10x30,V_579392,price,295,269
2026-07-11,877,21816,10x10,V_145905,promo,$1 first month rent,First month 50% off
2026-07-11,877,21816,10x15,V_145907,price,156,148
2026-07-11,766,21008,5x10,V_140451,promo,,First month 50% off
2026-07-11,808,23213,10x15,V_150359,price,176,173
2026-07-11,6101,77828,10x25,V_1483165,promo,First month 50% off,2nd Month Free
2026-07-11,6103,77829,10x25,V_1483215,promo,First month 50% off,2nd Month Free
2026-07-11,1715,08042,10x10,V_1553242,promo,,First month 50% off
2026-07-11,1715,08042,10x15,V_379449,promo,First month 50% off,$1 first month rent
2026-07-11,1715,08042,10x20,V_1409757,promo,First month 50% off,
2026-07-11,5265,26678,10x20,V_1413411,promo,,2nd Month Free
2026-07-11,1056,29136,5x10,V_129965,promo,First month 50% off,
2026-07-11,1056,29136,10x30,V_129964,price,354,322
2026-07-11,700,27264,10x15,V_147988,promo,$1 first month rent,First month 50% off
2026-07-11,5413,26946,5x5,V_1404081,price,45,44
2026-07-11,5413,26946,5x5,V_1404088,promo,First month 50% off,
2026-07-11,2388,25953,5x10,V_620265,price,61,59
2026-07-11,2388,25953,10x25,V_1547061,price,267,232
2026-07-11,933,21912,5x5,V_1554460,price,33,32
2026-07-11,1180,29103,5x5,V_1309022,promo,,First month 50% off
2026-07-11,1180,29103,5x10,V_1308939,promo,,First month 50% off
2026-07-11,1180,29103,5x10,V_1308896,promo,,First month 50% off
2026-07-11,1180,29103,10x20,V_1554644,promo,,First month 50% off
2026-07-11,1180,29103,10x20,V_1554636,promo,,First month 50% off
2026-07-11,1180,29103,10x20,V_129823,promo,,First month 50% off
2026-07-11,1180,29103,10x25,V_1358200,promo,,First month 50% off
2026-07-11,1180,29103,10x25,V_1308942,promo,,First month 50% off
2026-07-11,5221,29256,5x5,V_1310783,price,22,20
2026-07-11,5221,29256,5x10,V_1310782,price,40,38
2026-07-11,5221,29256,10x10,V_1310784,price,85,80
2026-07-11,5221,29256,10x10,V_1355811,price,106,99
2026-07-11,5221,29256,10x15,V_1310791,price,137,128
2026-07-11,905,21906,10x10,V_1335850,price,160,137
2026-07-11,905,21906,10x10,V_1335850,promo,First month 50% off,$1 first month rent
2026-07-11,905,21906,10x10,V_1335861,promo,First month 50% off,$1 first month rent
2026-07-11,1046,23312,5x5,V_185548,promo,,First month 50% off
2026-07-11,1046,23312,10x10,V_1434083,price,111,99
2026-07-11,1046,23312,10x20,V_1360449,promo,2nd Month Free,First month 50% off
2026-07-11,962,24427,5x5,V_1590565,price,72,69
2026-07-11,962,24427,5x15,V_245469,price,89,80
2026-07-11,962,24427,5x10,V_1590564,promo,First month 50% off,$1 first month rent
2026-07-11,962,24427,10x10,V_1434084,price,108,125
2026-07-11,1084,26419,5x5,V_183422,promo,$1 first month rent,First month 50% off
2026-07-11,1084,26419,5x5,V_1588782,promo,$1 first month rent,First month 50% off
2026-07-11,1084,26419,5x10,V_183421,promo,$1 first month rent,First month 50% off
2026-07-11,1084,26419,10x10,V_1354736,promo,,First month 50% off
2026-07-11,1084,26419,10x20,V_1588936,price,197,182
2026-07-11,1084,26419,10x20,V_1528426,promo,2nd Month Free,First month 50% off
2026-07-11,878,21519,5x5,V_1499242,promo,,First month 50% off
2026-07-11,1644,25710,10x10,V_1434085,price,111,109
2026-07-11,1644,25710,10x10,V_1434085,promo,$1 first month rent,First month 50% off
2026-07-11,1644,25710,10x30,V_581052,promo,2nd Month Free,First month 50% off
2026-07-11,6477,77940,5x5,V_1570201,price,48,46
2026-07-11,6477,77940,10x15,V_1570191,price,137,124
2026-07-11,6477,77940,10x20,V_1570206,price,154,160
2026-07-11,6477,77940,10x20,V_1590192,price,166,161
2026-07-11,1186,21101,10x15,V_185674,price,164,160
2026-07-11,1154,20230,10x25,V_1528300,price,251,233
2026-07-11,1239,27013,5x5,V_1488611,promo,$1 first month rent,First month 50% off
2026-07-11,1239,27013,10x15,V_1488614,price,192,180
2026-07-11,976,20472,5x15,V_1318909,promo,First month 50% off,
2026-07-11,976,20472,5x15,V_1352981,promo,First month 50% off,
2026-07-11,976,20472,5x15,V_1352982,promo,First month 50% off,
2026-07-11,976,20472,10x10,V_187785,price,135,134
2026-07-11,976,20472,10x15,V_1596812,promo,First month 50% off,
2026-07-11,976,20472,10x20,V_187791,price,241,230
2026-07-11,985,27024,5x5,V_1349145,promo,First month 50% off,
2026-07-11,985,27024,5x10,V_1350917,promo,First month 50% off,
2026-07-11,985,27024,10x10,V_182011,promo,$1 first month rent,First month 50% off
2026-07-11,5725,78099,10x10,V_1403690,price,166,155
2026-07-11,1198,07106,5x15,V_170439,promo,First month 50% off,
2026-07-11,1198,07106,5x15,V_170440,promo,$1 first month rent,First month 50% off
2026-07-11,1198,07106,5x15,V_1594265,promo,$1 first month rent,First month 50% off
2026-07-11,1198,07106,10x15,V_1356334,promo,$1 first month rent,First month 50% off
2026-07-11,1198,07106,10x15,V_170420,price,236,233
2026-07-11,1198,07106,10x20,V_170424,price,272,249
2026-07-11,2182,08189,Parking,V_1520670,promo,,First month 50% off
2026-07-11,2182,08189,10x25,V_1528297,promo,,First month 50% off
2026-07-11,2182,08189,10x30,V_1528296,promo,,First month 50% off
2026-07-11,5486,77580,5x15,V_1379472,promo,,First month 50% off
2026-07-11,5486,77580,5x15,V_1498616,promo,,First month 50% off
2026-07-11,5486,77580,5x15,V_1379471,promo,,First month 50% off
2026-07-11,5486,77580,10x15,V_1379475,promo,,First month 50% off
2026-07-11,5486,77580,10x10,V_1498599,promo,,First month 50% off
2026-07-11,947,26823,5x10,V_181481,price,42,40
2026-07-11,1347,20486,10x10,V_1360445,promo,$1 first month rent,First month 50% off
2026-07-11,1347,20486,10x20,V_1360444,promo,,First month 50% off
2026-07-11,890,21714,5x15,V_179730,promo,$1 first month rent,First month 50% off
2026-07-11,890,21714,Parking,V_1520637,promo,$1 first month rent,First month 50% off
2026-07-11,1948,08375,10x10,V_1590878,price,169,127
2026-07-11,5381,26932,Locker,V_1367127,promo,,First month 50% off
2026-07-11,5381,26932,5x10,V_1361602,price,96,113
2026-07-11,5381,26932,5x10,V_1361583,price,129,128
2026-07-11,5381,26932,5x10,V_1446886,price,154,132
2026-07-11,5381,26932,10x15,V_1361586,price,274,244
2026-07-11,5381,26932,10x15,V_1446890,price,244,255
2026-07-11,5381,26932,10x15,V_1445744,price,325,294
2026-07-11,1279,27821,5x5,V_207673,promo,First month 50% off,
2026-07-11,1279,27821,5x5,V_1349265,price,73,75
2026-07-11,1279,27821,5x5,V_1349265,promo,,First month 50% off
2026-07-11,1279,27821,5x5,V_207671,price,74,80
2026-07-11,1279,27821,5x10,V_207660,price,110,106
2026-07-11,1279,27821,5x15,V_207667,price,137,134
2026-07-11,1279,27821,5x15,V_1315199,price,125,137
2026-07-11,1279,27821,5x15,V_1353117,price,127,138
2026-07-11,1279,27821,5x15,V_1353114,price,127,138
2026-07-11,1279,27821,5x15,V_1597218,price,181,166
2026-07-11,1279,27821,5x15,V_1597218,promo,,$1 first month rent
2026-07-11,1279,27821,10x10,V_1354846,price,197,203
2026-07-11,1279,27821,10x10,V_207645,price,225,215
2026-07-11,1279,27821,10x10,V_207641,price,220,215
2026-07-11,1279,27821,10x10,V_1354847,price,234,221
2026-07-11,1253,21811,5x15,V_216251,promo,First month 50% off,$1 first month rent
2026-07-11,1253,21811,5x15,V_1353071,price,146,142
2026-07-11,1253,21811,10x10,V_1354812,price,154,151
2026-07-11,1253,21811,10x10,V_1354812,promo,$1 first month rent,First month 50% off
2026-07-11,1253,21811,10x10,V_216237,price,170,160
2026-07-11,1253,21811,10x15,V_216238,price,199,220
2026-07-11,1081,26830,Locker,V_1565016,promo,$1 first month rent,First month 50% off
2026-07-11,1081,26830,5x5,V_169994,price,155,116
2026-07-11,1040,20196,5x10,V_596813,price,179,151
2026-07-11,1040,20196,5x10,V_596816,price,198,167
2026-07-11,1040,20196,10x15,V_596817,promo,,First month 50% off
2026-07-11,1446,27824,5x5,V_576823,promo,$1 first month rent,First month 50% off
2026-07-11,5542,27185,5x15,V_1382619,price,235,194
2026-07-11,1392,22316,5x15,V_1353207,promo,First month 50% off,$1 first month rent
2026-07-11,1392,22316,10x10,V_1354939,promo,,First month 50% off
2026-07-11,1262,24113,5x5,V_1581914,promo,,First month 50% off
2026-07-11,1262,24113,10x10,V_1543138,promo,$1 first month rent,First month 50% off
2026-07-11,1286,24114,5x10,V_1581926,promo,,First month 50% off
2026-07-11,1286,24114,10x15,V_1500433,price,177,150
2026-07-11,1286,24114,10x30,V_240409,promo,First month 50% off,2nd Month Free
2026-07-11,1441,20496,10x20,V_1531121,price,193,158
2026-07-11,1667,25716,5x5,V_245395,promo,First month 50% off,
2026-07-11,506,20729,5x5,V_1589841,price,17,14
2026-07-11,733,25455,5x5,V_1590691,price,20,19
2026-07-11,6017,22130,10x15,V_1475863,promo,,First month 50% off
2026-07-11,1934,08326,10x10,V_1388234,price,87,86
2026-07-11,1934,08326,10x10,V_254941,price,91,90
2026-07-11,885,07030,10x10,V_104346,price,87,77
2026-07-11,2143,08723,5x10,V_343584,promo,,$1 first month rent
2026-07-11,634,07031,5x15,V_589140,promo,$1 first month rent,First month 50% off
2026-07-11,2540,25895,10x20,V_1433371,price,165,161
2026-07-11,886,28091,5x5,V_101447,price,15,14
2026-07-11,886,28091,5x10,V_101445,price,27,26
2026-07-11,886,28091,10x15,V_1386123,price,103,97
2026-07-11,545,07029,5x10,V_56772,promo,$1 first month rent,First month 50% off
2026-07-11,545,07029,10x10,V_56762,promo,First month 50% off,
2026-07-11,2313,25814,10x10,V_609858,promo,$1 first month rent,First month 50% off
2026-07-11,2254,25750,5x10,V_633490,price,127,116
2026-07-11,5746,77757,5x5,V_1408303,price,66,62
2026-07-11,5746,77757,5x5,V_1408309,price,82,77
2026-07-11,5746,77757,5x10,V_1408323,promo,First month 50% off,
2026-07-11,5746,77757,10x10,V_1408335,promo,First month 50% off,
2026-07-11,754,20619,5x5,V_1456790,promo,First month 50% off,$1 first month rent
2026-07-11,754,20619,5x5,V_1453496,promo,,First month 50% off
2026-07-11,754,20619,5x5,V_631098,promo,,First month 50% off
2026-07-11,754,20619,5x5,V_1580752,promo,,First month 50% off
2026-07-11,754,20619,5x10,V_631099,promo,,First month 50% off
2026-07-11,754,20619,10x30,V_1403432,promo,,First month 50% off
2026-07-11,118,07005,5x15,V_1352639,promo,$1 first month rent,
2026-07-11,118,07005,10x10,V_58892,price,266,240
2026-07-11,542,20704,10x10,V_361339,promo,First month 50% off,$1 first month rent
2026-07-11,458,00412,5x10,V_1565789,promo,$1 first month rent,First month 50% off
2026-07-11,458,00412,10x15,V_384745,promo,$1 first month rent,First month 50% off
2026-07-11,5769,00124,5x5,V_1412529,promo,First month 50% off,
2026-07-11,5769,00124,10x10,V_1574625,promo,$1 first month rent,First month 50% off
2026-07-11,5852,27596,10x15,V_1430824,price,237,225
2026-07-11,408,20611,10x15,V_1577060,promo,,First month 50% off
2026-07-11,5825,27469,5x10,V_1425099,price,20,19
2026-07-11,5825,27469,10x10,V_1425100,price,55,50
2026-07-11,5811,27454,10x10,V_1424852,price,24,23
2026-07-11,2460,25857,10x20,V_1591833,price,100,94
2026-07-11,416,26829,10x15,V_101283,price,227,207
2026-07-11,416,26829,10x15,V_101284,promo,$1 first month rent,First month 50% off
2026-07-11,416,26829,10x15,V_1449587,promo,$1 first month rent,First month 50% off
2026-07-11,416,26829,10x20,V_101287,price,255,238
2026-07-11,425,25439,5x10,V_1321075,price,90,73
2026-07-11,425,25439,10x10,V_92120,price,204,169
2026-07-11,2391,25956,10x10,V_1420673,price,206,194
2026-07-11,2300,25801,10x25,V_1406949,price,269,252
2026-07-11,2301,25802,5x10,V_1592748,promo,First month 50% off,
2026-07-11,2301,25802,5x10,V_618234,promo,First month 50% off,
2026-07-11,2301,25802,5x10,V_609361,promo,First month 50% off,
2026-07-11,2301,25802,Locker,V_609355,promo,First month 50% off,
2026-07-11,2301,25802,10x10,V_1449617,price,186,182
2026-07-11,2301,25802,10x30,V_1592697,promo,First month 50% off,
2026-07-11,2398,25963,5x10,V_620649,promo,$1 first month rent,First month 50% off
2026-07-11,2398,25963,5x10,V_1352206,promo,$1 first month rent,First month 50% off
2026-07-11,2398,25963,10x10,V_1567661,promo,$1 first month rent,First month 50% off
2026-07-11,2398,25963,10x20,V_1592952,promo,2nd Month Free,
2026-07-11,2398,25963,10x15,V_1357026,promo,$1 first month rent,First month 50% off
2026-07-11,2398,25963,10x15,V_620608,promo,$1 first month rent,First month 50% off
2026-07-11,613,25428,10x10,V_67775,price,71,65
2026-07-11,5833,00131,5x5,V_1420483,promo,First month 50% off,$1 first month rent
2026-07-11,5833,00131,5x10,V_1506982,promo,First month 50% off,$1 first month rent
2026-07-11,5833,00131,10x20,V_1505318,promo,First month 50% off,2nd Month Free
2026-07-11,5833,00131,10x15,V_1420539,promo,,First month 50% off
2026-07-11,5833,00131,10x20,V_1506981,promo,First month 50% off,2nd Month Free
2026-07-11,5833,00131,10x30,V_1420536,promo,First month 50% off,2nd Month Free
2026-07-11,536,25435,10x20,V_1530590,promo,First month 50% off,
2026-07-11,6018,22131,10x20,V_1471505,price,221,207
2026-07-11,5334,26659,5x5,V_1512735,promo,$1 first month rent,First month 50% off
2026-07-11,5334,26659,5x5,V_1459544,promo,$1 first month rent,First month 50% off
2026-07-11,5334,26659,10x15,V_1392682,promo,$1 first month rent,
2026-07-11,5334,26659,5x15,V_1407301,promo,$1 first month rent,First month 50% off
2026-07-11,5334,26659,10x15,V_1459545,promo,$1 first month rent,First month 50% off
2026-07-11,5334,26659,10x10,V_1463863,promo,$1 first month rent,First month 50% off
2026-07-11,5334,26659,10x15,V_1407294,promo,$1 first month rent,First month 50% off
2026-07-11,5334,26659,10x25,V_1459537,promo,2nd Month Free,First month 50% off
2026-07-11,5334,26659,10x30,V_1407297,promo,2nd Month Free,First month 50% off
2026-07-11,5334,26659,10x30,V_1459540,promo,2nd Month Free,First month 50% off
2026-07-11,2470,25849,5x5,V_1401572,price,11,10
2026-07-11,2470,25849,5x15,V_1595680,promo,$1 first month rent,
2026-07-11,2470,25849,10x15,V_627036,promo,First month 50% off,$1 first month rent
2026-07-11,2393,25958,10x20,V_1357994,promo,First month 50% off,
2026-07-11,2392,25957,10x10,V_1410116,promo,,$1 first month rent
2026-07-11,2392,25957,10x10,V_620456,promo,$1 first month rent,First month 50% off
2026-07-11,433,25429,5x5,V_94368,price,12,11
2026-07-11,433,25429,10x10,V_1388250,price,91,86
2026-07-11,433,25429,10x10,V_94350,price,102,96
2026-07-11,433,25429,10x15,V_1444650,price,140,131
2026-07-11,433,25429,10x15,V_94353,price,151,142
2026-07-11,2403,25968,5x10,V_620817,price,44,41
2026-07-11,2403,25968,10x10,V_1410125,promo,,First month 50% off
2026-07-11,871,20198,10x10,V_386719,promo,$1 first month rent,
2026-07-11,871,20198,10x10,V_386710,promo,,First month 50% off
2026-07-11,420,20461,5x5,V_1451514,price,52,51
2026-07-11,420,20461,5x10,V_1451515,promo,$1 first month rent,
2026-07-11,2306,25807,5x15,V_1594325,promo,First month 50% off,2nd Month Free
2026-07-11,2306,25807,5x15,V_633406,promo,First month 50% off,2nd Month Free
2026-07-11,2306,25807,5x15,V_609639,promo,First month 50% off,2nd Month Free
2026-07-11,2306,25807,10x10,V_633404,promo,First month 50% off,2nd Month Free
2026-07-11,2306,25807,10x10,V_609518,promo,First month 50% off,2nd Month Free
2026-07-11,2306,25807,10x10,V_633411,promo,First month 50% off,2nd Month Free
2026-07-11,2306,25807,10x15,V_609684,promo,First month 50% off,2nd Month Free
2026-07-11,2306,25807,10x20,V_1410558,promo,First month 50% off,2nd Month Free
2026-07-11,2306,25807,10x30,V_1410559,promo,First month 50% off,2nd Month Free
2026-07-11,423,25432,10x10,V_1406948,promo,First month 50% off,$1 first month rent
2026-07-11,423,25432,10x20,V_1577581,promo,First month 50% off,
2026-07-11,6012,22125,10x15,V_1473021,promo,,$1 first month rent
2026-07-11,5844,27137,5x10,V_1429862,price,24,23
2026-07-11,2542,25948,5x15,V_643756,price,49,50
2026-07-11,6150,78074,5x5,V_1490823,price,24,23
2026-07-11,6150,78074,5x15,V_1490822,price,61,57
2026-07-11,6150,78074,5x15,V_1490804,price,72,68
2026-07-11,6150,78074,10x20,V_1490831,price,98,92
2026-07-11,6152,00130,5x10,V_1491029,price,51,49
2026-07-11,6152,00130,10x15,V_1596513,promo,$1 first month rent,First month 50% off
2026-07-11,6509,78106,10x30,V_1586704,price,119,112
2026-07-11,474,25503,5x5,V_1406463,price,17,16
2026-07-11,474,25503,5x10,V_87184,price,39,37
2026-07-11,474,25503,5x10,V_1462290,price,54,51
2026-07-11,473,25430,5x5,V_65798,promo,First month 50% off,$1 first month rent
2026-07-11,6023,22136,5x5,V_1473353,price,19,18
2026-07-11,6511,78109,10x20,V_1586947,price,63,59
2026-07-11,864,20121,5x10,V_108259,promo,$1 first month rent,First month 50% off
2026-07-11,864,20121,10x15,V_108254,price,125,122
2026-07-11,5444,27104,10x15,V_1436240,price,138,135
2026-07-11,5444,27104,10x10,V_1435850,promo,First month 50% off,$1 first month rent
2026-07-11,6024,22137,5x10,V_1484905,price,29,27
2026-07-11,6024,22137,5x10,V_1473368,price,32,30
2026-07-11,6024,22137,5x15,V_1473405,price,42,40
2026-07-11,6024,22137,Parking,V_1522092,promo,$1 first month rent,First month 50% off
2026-07-11,6378,23787,10x20,V_1547778,price,142,133
2026-07-11,2459,25856,5x10,V_1591437,price,30,29
2026-07-11,2459,25856,5x10,V_1591425,promo,,First month 50% off
2026-07-11,2459,25856,10x10,V_1407047,price,76,71
2026-07-11,2459,25856,10x10,V_1591423,price,90,84
2026-07-11,2459,25856,10x20,V_1532302,promo,First month 50% off,2nd Month Free
2026-07-11,6377,23786,10x10,V_1547737,price,79,77
2026-07-11,6290,27678,Parking,V_1525882,promo,First month 50% off,$1 first month rent
2026-07-11,6176,77871,5x10,V_1497578,price,18,17
2026-07-11,6176,77871,10x10,V_1497573,price,44,41
2026-07-11,6176,77871,10x10,V_1497570,price,50,47
2026-07-11,6176,77871,10x20,V_1497591,price,122,115
2026-07-11,6440,29314,10x10,V_1562337,price,38,35
2026-07-11,6440,29314,10x15,V_1562340,price,50,47
2026-07-11,6403,23915,5x10,V_1549712,price,39,37
2026-07-11,6476,29319,5x10,V_1570104,price,34,32
2026-07-11,6476,29319,10x10,V_1570095,price,92,86
2026-07-11,6476,29319,10x20,V_1570102,price,137,128
2026-07-11,5443,27103,10x10,V_1435843,price,59,54
2026-07-11,5443,27103,10x15,V_1447656,price,87,73
2026-07-11,5443,27103,10x20,V_1436537,price,93,81
2026-07-11,6179,77672,10x10,V_1498017,price,52,49
2026-07-11,6179,77672,10x10,V_1498020,price,53,50
2026-07-11,5281,26684,10x10,V_1532910,promo,,$1 first month rent
2026-07-11,6009,22122,10x10,V_1472920,promo,First month 50% off,$1 first month rent
2026-07-11,2455,25852,Parking,V_1520210,promo,$1 first month rent,First month 50% off
2026-07-11,2455,25852,10x30,V_1538778,promo,2nd Month Free,First month 50% off
2026-07-11,701,28069,5x5,V_1540193,promo,First month 50% off,$1 first month rent
2026-07-11,701,28069,10x10,V_1390790,promo,$1 first month rent,First month 50% off
2026-07-11,911,28068,10x15,V_153407,price,61,55
2026-07-11,6481,78063,5x15,V_1574527,price,54,51
2026-07-11,6481,78063,10x10,V_1574528,price,66,62
2026-07-11,6481,78063,10x15,V_1574630,price,105,98
2026-07-11,6481,78063,10x15,V_1574630,promo,First month 50% off,$1 first month rent
2026-07-11,5756,27424,5x10,V_1594890,price,32,30
2026-07-11,5756,27424,5x10,V_1594884,price,33,31
2026-07-11,5756,27424,5x10,V_1594886,price,33,31
2026-07-11,5756,27424,5x10,V_1571306,promo,First month 50% off,$1 first month rent
2026-07-11,6343,77939,5x15,V_1541166,price,74,69
2026-07-11,6291,27679,5x10,V_1525901,price,26,25
2026-07-11,6291,27679,5x15,V_1525907,price,49,46
2026-07-11,6291,27679,10x15,V_1525889,promo,,$1 first month rent
2026-07-11,6423,77904,10x10,V_1556084,price,53,50
2026-07-11,6423,77904,10x15,V_1556085,price,68,64
2026-07-11,2446,25843,10x15,V_1495120,promo,$1 first month rent,
2026-07-11,2304,25805,5x10,V_620120,price,14,13
2026-07-11,2304,25805,10x10,V_1406326,price,54,53
2026-07-11,5554,27142,5x10,V_1385182,price,25,23
2026-07-11,5398,00126,5x10,V_1532220,price,42,40
2026-07-11,5398,00126,10x10,V_1362106,price,56,53
2026-07-11,455,23118,5x15,V_1590493,promo,First month 50% off,
2026-07-11,35,07111,5x15,V_589553,price,88,80
2026-07-11,518,52102,5x5,V_1596821,promo,$1 first month rent,First month 50% off
2026-07-11,518,52102,10x10,V_1407646,price,107,105
2026-07-11,518,52102,10x30,V_579808,price,161,137
2026-07-11,512,52103,10x15,V_63638,price,100,88
2026-07-11,511,20445,5x10,V_87031,price,47,49
2026-07-11,511,20445,10x10,V_596163,price,108,105
2026-07-11,2303,25804,10x10,V_1585227,price,96,89
2026-07-11,29,29147,5x5,V_59371,price,28,26
2026-07-11,1874,08217,10x20,V_1406987,price,160,146
2026-07-11,6488,78102,10x20,V_1574689,promo,2nd Month Free,First month 50% off
2026-07-11,6015,22128,5x5,V_1471486,promo,First month 50% off,
2026-07-11,6015,22128,10x10,V_1471484,promo,First month 50% off,
2026-07-11,6016,22129,5x10,V_1473147,price,107,101
2026-07-11,6016,22129,5x10,V_1473128,promo,First month 50% off,$1 first month rent
2026-07-11,6016,22129,10x20,V_1473143,price,274,257
2026-07-11,5877,77690,5x10,V_1443259,price,49,46
2026-07-11,2405,25970,5x5,V_644659,promo,$1 first month rent,First month 50% off
2026-07-11,2405,25970,5x5,V_620882,price,25,23
2026-07-11,2405,25970,10x10,V_1408165,price,93,91
2026-07-11,2451,25848,10x10,V_626056,price,82,80
2026-07-11,2150,08744,Locker,V_331833,promo,First month 50% off,
2026-07-11,2150,08744,5x5,V_331168,promo,First month 50% off,
2026-07-11,2150,08744,5x5,V_331837,promo,First month 50% off,
2026-07-11,2150,08744,5x10,V_1589444,promo,First month 50% off,
2026-07-11,2150,08744,5x10,V_331164,promo,$1 first month rent,First month 50% off
2026-07-11,2150,08744,5x10,V_331165,promo,First month 50% off,
2026-07-11,2150,08744,Parking,V_1535420,promo,First month 50% off,
2026-07-11,2150,08744,10x30,V_1589443,promo,First month 50% off,
2026-07-11,2150,08744,10x30,V_579652,promo,First month 50% off,
2026-07-11,2150,08744,10x25,V_1408174,promo,First month 50% off,
2026-07-11,1717,08044,10x20,V_314426,promo,,First month 50% off
2026-07-11,406,25437,10x20,V_91392,promo,First month 50% off,2nd Month Free
2026-07-11,2264,25762,5x5,V_595533,promo,$1 first month rent,First month 50% off
2026-07-11,2264,25762,5x5,V_1349900,promo,$1 first month rent,First month 50% off
2026-07-11,2264,25762,5x5,V_632955,promo,$1 first month rent,First month 50% off
2026-07-11,2264,25762,5x10,V_595515,promo,$1 first month rent,First month 50% off
2026-07-11,2264,25762,10x10,V_595528,price,123,104
2026-07-11,2264,25762,10x25,V_1358304,promo,2nd Month Free,First month 50% off
2026-07-11,2264,25762,10x30,V_1358569,promo,2nd Month Free,First month 50% off
2026-07-11,405,23221,5x10,V_625752,promo,,First month 50% off
2026-07-11,405,23221,10x20,V_1357364,price,275,256
2026-07-11,405,23221,10x20,V_1357363,price,317,286
2026-07-11,2512,29213,10x10,V_633557,promo,First month 50% off,$1 first month rent
2026-07-11,413,23201,5x5,V_1589776,price,33,31
2026-07-11,413,23201,5x10,V_1589766,price,46,44
2026-07-11,413,23201,10x10,V_89497,promo,$1 first month rent,First month 50% off
2026-07-11,2394,25959,5x5,V_620499,price,30,29
2026-07-11,418,25431,5x5,V_81151,price,41,27
2026-07-11,418,25431,5x5,V_81145,price,24,29
2026-07-11,418,25431,5x5,V_1597220,price,31,29
2026-07-11,418,25431,5x5,V_1597220,promo,,$1 first month rent
2026-07-11,418,25431,5x5,V_1447231,price,41,32
2026-07-11,418,25431,5x5,V_81152,price,42,33
2026-07-11,418,25431,5x10,V_81154,price,45,44
2026-07-11,418,25431,5x10,V_1597222,price,52,49
2026-07-11,418,25431,5x10,V_1597222,promo,,$1 first month rent
2026-07-11,418,25431,5x10,V_81147,price,63,66
2026-07-11,418,25431,5x10,V_1591607,price,64,66
2026-07-11,418,25431,10x10,V_1597221,price,188,167
2026-07-11,418,25431,10x10,V_1597221,promo,,$1 first month rent
2026-07-11,418,25431,10x10,V_1432177,promo,First month 50% off,
2026-07-11,418,25431,10x10,V_81127,price,183,201
2026-07-11,1581,25578,5x5,V_236894,promo,,$1 first month rent
2026-07-11,2404,25969,5x10,V_620857,promo,,$1 first month rent
2026-07-11,6215,77929,5x5,V_1542220,price,18,17
2026-07-11,6200,77928,10x10,V_1503939,price,93,87
2026-07-11,6489,78103,5x5,V_1574733,price,31,29
2026-07-11,6489,78103,5x10,V_1574724,price,64,60
2026-07-11,6489,78103,10x15,V_1574732,price,138,130
2026-07-11,6489,78103,10x20,V_1574726,price,168,158
2026-07-11,6320,29310,5x5,V_1533960,price,27,26
2026-07-11,6376,23785,10x10,V_1549469,price,86,81
2026-07-11,6376,23785,10x20,V_1549471,price,134,125
2026-07-11,2450,25847,5x15,V_1445964,price,56,47
2026-07-11,2450,25847,5x15,V_626018,price,64,53
2026-07-11,2285,25782,5x5,V_601309,price,36,35
2026-07-11,2285,25782,10x10,V_1406816,price,63,60
2026-07-11,2285,25782,10x20,V_1530495,price,117,115
2026-07-11,2285,25782,10x30,V_1530496,price,255,227
2026-07-11,6360,23916,10x15,V_1545659,price,89,83
2026-07-11,6351,78044,5x10,V_1542749,promo,First month 50% off,$1 first month rent
2026-07-11,2305,25806,10x10,V_632726,price,97,88
2026-07-11,2305,25806,10x10,V_632726,promo,First month 50% off,$1 first month rent
2026-07-11,471,21903,10x20,V_1394093,price,230,199
2026-07-11,469,28092,10x10,V_1582141,promo,First month 50% off,$1 first month rent
2026-07-11,6327,23895,5x15,V_1536384,price,150,140
2026-07-11,6327,23895,10x20,V_1536339,promo,2nd Month Free,First month 50% off
2026-07-11,488,23432,Parking,V_1518945,promo,$1 first month rent,
2026-07-11,1635,25705,5x10,V_241812,price,126,122
2026-07-11,1635,25705,10x10,V_241808,price,185,172
2026-07-11,391,24803,5x5,V_76713,promo,First month 50% off,$1 first month rent
2026-07-11,6328,23896,5x10,V_1536423,price,76,71
2026-07-11,6328,23896,5x15,V_1536417,price,150,140
2026-07-11,6328,23896,10x15,V_1536412,price,266,250
2026-07-11,191,20411,10x10,V_1587648,price,85,79
2026-07-11,2149,08741,10x10,V_331795,promo,$1 first month rent,First month 50% off
2026-07-11,2149,08741,5x10,V_331829,promo,,First month 50% off
2026-07-11,6010,22123,10x15,V_1471378,price,134,125
2026-07-11,2148,08738,10x20,V_1587346,price,164,130
2026-07-11,2445,25842,5x10,V_625859,promo,,First month 50% off
2026-07-11,2445,25842,10x10,V_625847,price,97,95
2026-07-11,6014,22127,10x20,V_1508460,price,151,147
2026-07-11,6202,77897,10x10,V_1567497,price,118,111
2026-07-11,6202,77897,10x10,V_1504094,price,120,113
2026-07-11,464,25438,10x10,V_80133,promo,$1 first month rent,First month 50% off
2026-07-11,2539,25893,10x20,V_1530445,price,141,135
2026-07-11,1576,25570,5x5,V_364549,promo,First month 50% off,
2026-07-11,1576,25570,5x5,V_1349427,promo,$1 first month rent,First month 50% off
2026-07-11,1576,25570,10x20,V_236748,promo,2nd Month Free,First month 50% off
2026-07-11,1576,25570,10x25,V_236751,promo,2nd Month Free,First month 50% off
2026-07-11,1576,25570,10x30,V_580410,promo,2nd Month Free,First month 50% off
2026-07-11,1718,08045,5x5,V_253894,promo,,First month 50% off
2026-07-11,2406,25971,10x10,V_1355670,promo,$1 first month rent,First month 50% off
2026-07-11,2406,25971,10x15,V_620919,price,184,170
2026-07-11,2406,25971,10x15,V_1357037,promo,$1 first month rent,First month 50% off
2026-07-11,2406,25971,10x20,V_620920,price,244,226
2026-07-11,57,23433,5x5,V_59524,promo,First month 50% off,
2026-07-11,57,23433,10x10,V_59505,promo,First month 50% off,
2026-07-11,510,24306,10x10,V_239014,promo,$1 first month rent,First month 50% off
2026-07-11,510,24306,10x10,V_364077,promo,$1 first month rent,First month 50% off
2026-07-11,5315,26902,5x5,V_1350255,promo,,$1 first month rent
2026-07-11,1573,07209,5x5,V_1349422,promo,First month 50% off,
2026-07-11,602,20189,5x5,V_69741,promo,First month 50% off,
2026-07-11,602,20189,5x5,V_69742,promo,First month 50% off,
2026-07-11,602,20189,10x10,V_69724,promo,First month 50% off,
2026-07-11,602,20189,10x20,V_1408084,price,279,278
2026-07-11,602,20189,10x20,V_1588482,promo,First month 50% off,
2026-07-11,531,52101,5x5,V_1447433,promo,$1 first month rent,First month 50% off
2026-07-11,531,52101,10x10,V_63775,promo,$1 first month rent,First month 50% off
2026-07-11,531,52101,10x10,V_572642,promo,$1 first month rent,First month 50% off
2026-07-11,6518,23953,10x15,V_1589011,price,70,65
2026-07-11,6546,78101,5x5,V_1597067,price,13,19
2026-07-11,6546,78101,5x5,V_1597067,promo,,$1 first month rent
2026-07-11,6546,78101,5x5,V_1597145,price,17,22
2026-07-11,6546,78101,5x5,V_1597145,promo,,$1 first month rent
2026-07-11,6546,78101,5x10,V_1597073,price,22,32
2026-07-11,6546,78101,5x10,V_1597073,promo,,$1 first month rent
2026-07-11,6546,78101,5x10,V_1597052,price,28,42
2026-07-11,6546,78101,5x10,V_1597052,promo,,$1 first month rent
2026-07-11,6546,78101,10x10,V_1597055,price,44,66
2026-07-11,6546,78101,10x10,V_1597055,promo,,$1 first month rent
2026-07-11,6546,78101,10x10,V_1597072,price,35,68
2026-07-11,6546,78101,10x10,V_1597072,promo,,$1 first month rent
2026-07-11,6546,78101,10x15,V_1597069,price,62,99
2026-07-11,6546,78101,10x15,V_1597069,promo,,$1 first month rent
2026-07-11,6546,78101,10x15,V_1597054,price,76,115
2026-07-11,6546,78101,10x15,V_1597054,promo,,$1 first month rent
2026-07-11,6546,78101,10x20,V_1597074,price,86,121
2026-07-11,6546,78101,10x20,V_1597074,promo,,$1 first month rent
2026-07-11,6546,78101,10x25,V_1597068,price,186,132
2026-07-11,6546,78101,10x25,V_1597068,promo,,2nd Month Free
2026-07-11,6546,78101,10x25,V_1597057,price,244,133
2026-07-11,6546,78101,10x25,V_1597057,promo,,2nd Month Free
2026-07-11,6546,78101,10x20,V_1597058,price,102,146
2026-07-11,6546,78101,10x20,V_1597058,promo,,$1 first month rent
2026-07-11,436,25445,5x10,V_99817,price,25,23
2026-07-11,6011,22124,5x5,V_1471397,price,14,13
2026-07-11,2472,29209,5x10,V_628512,promo,First month 50% off,$1 first month rent
2026-07-11,1518,21005,5x5,V_228886,promo,$1 first month rent,First month 50% off
2026-07-11,1518,21005,5x10,V_228881,promo,$1 first month rent,First month 50% off
2026-07-11,6197,77920,5x10,V_1503828,price,35,33
2026-07-11,6197,77920,5x15,V_1503841,promo,$1 first month rent,
2026-07-11,6197,77920,5x15,V_1503840,price,50,47
2026-07-11,6197,77920,5x15,V_1560844,price,63,59
2026-07-11,2399,25964,5x5,V_620670,promo,First month 50% off,
2026-07-11,774,20216,10x10,V_1408169,promo,$1 first month rent,First month 50% off
2026-07-11,6277,78006,5x15,V_1522438,price,26,24
2026-07-11,6277,78006,10x10,V_1522427,price,35,33
2026-07-11,6277,78006,10x15,V_1522431,price,67,63
2026-07-11,6277,78006,10x15,V_1522408,price,77,72
2026-07-11,2242,25744,5x15,V_578629,promo,First month 50% off,$1 first month rent
2026-07-11,2242,25744,10x10,V_578634,price,103,100
2026-07-11,6374,23777,10x10,V_1547655,price,140,131
2026-07-11,2318,25819,5x10,V_625694,price,26,25
2026-07-11,2318,25819,10x15,V_1525688,price,125,117
2026-07-11,2413,25978,10x15,V_621123,price,133,113
2026-07-11,6433,23933,5x5,V_1561062,price,25,23
2026-07-11,6433,23933,5x5,V_1561059,price,29,27
2026-07-11,6433,23933,5x10,V_1561070,price,43,41
2026-07-11,6433,23933,10x10,V_1561056,promo,First month 50% off,$1 first month rent
2026-07-11,6008,22121,5x10,V_1472860,promo,First month 50% off,
2026-07-11,6008,22121,5x10,V_1540144,price,39,34
2026-07-11,6008,22121,10x10,V_1540147,promo,,$1 first month rent
2026-07-11,6525,78096,5x5,V_1589324,promo,First month 50% off,$1 first month rent
2026-07-11,6525,78096,10x10,V_1589323,promo,$1 first month rent,First month 50% off
2026-07-11,6525,78096,10x10,V_1589328,price,164,154
2026-07-11,6237,27675,10x10,V_1521119,price,104,98
2026-07-11,6289,00415,5x5,V_1525839,price,34,32
2026-07-11,6289,00415,10x20,V_1525838,price,270,254
2026-07-11,1873,08216,5x5,V_307937,price,28,25
2026-07-11,1873,08216,5x5,V_1556391,promo,,First month 50% off
2026-07-11,1873,08216,5x10,V_349524,promo,,$1 first month rent
2026-07-11,1873,08216,10x10,V_383513,price,136,122
2026-07-11,480,20712,5x5,V_1449480,promo,,First month 50% off
2026-07-11,480,20712,10x15,V_590217,promo,First month 50% off,$1 first month rent
2026-07-11,480,20712,10x30,V_1406521,price,271,206
2026-07-11,465,07117,5x10,V_86597,promo,$1 first month rent,First month 50% off
2026-07-11,2400,25965,5x5,V_1350021,promo,First month 50% off,$1 first month rent
2026-07-11,2400,25965,10x15,V_620693,promo,,First month 50% off
2026-07-11,401,23104,5x5,V_1367663,price,30,29
2026-07-11,401,23104,10x10,V_1367666,price,99,96
2026-07-11,401,23104,10x10,V_1367656,promo,First month 50% off,
2026-07-11,573,20609,5x5,V_108394,promo,First month 50% off,$1 first month rent
2026-07-11,573,20609,5x10,V_1457178,promo,First month 50% off,$1 first month rent
2026-07-11,573,20609,10x20,V_108389,price,209,188
2026-07-11,573,20609,10x15,V_233658,price,200,199
2026-07-11,573,20609,10x15,V_233658,promo,First month 50% off,$1 first month rent
2026-07-11,2151,08747,5x10,V_1351853,promo,$1 first month rent,First month 50% off
2026-07-11,2151,08747,10x10,V_313720,promo,$1 first month rent,First month 50% off
2026-07-11,2151,08747,5x15,V_1353701,promo,$1 first month rent,First month 50% off
2026-07-11,494,00407,10x10,V_64155,promo,$1 first month rent,First month 50% off
2026-07-11,5896,77676,5x5,V_1586683,price,26,25
2026-07-11,5440,00128,5x5,V_1372717,promo,,First month 50% off
2026-07-11,5440,00128,5x10,V_1372721,promo,First month 50% off,$1 first month rent
2026-07-11,5440,00128,10x10,V_1372729,price,205,172
2026-07-11,5440,00128,10x15,V_1372724,promo,First month 50% off,$1 first month rent
2026-07-11,5440,00128,10x15,V_1458830,promo,First month 50% off,$1 first month rent
2026-07-11,1466,29176,5x5,V_176024,promo,$1 first month rent,First month 50% off
2026-07-11,1466,29176,5x5,V_176025,promo,$1 first month rent,First month 50% off
2026-07-11,1466,29176,5x5,V_1349377,promo,$1 first month rent,First month 50% off
2026-07-11,1466,29176,5x10,V_176015,promo,$1 first month rent,First month 50% off
2026-07-11,1466,29176,10x10,V_176005,promo,$1 first month rent,
2026-07-11,1466,29176,10x15,V_176007,promo,$1 first month rent,First month 50% off
2026-07-11,466,29148,5x15,V_389702,promo,First month 50% off,
2026-07-11,466,29148,10x15,V_389693,promo,,First month 50% off
2026-07-11,5402,00123,5x10,V_1363494,promo,First month 50% off,
2026-07-11,5402,00123,10x10,V_1363496,price,184,170
2026-07-11,1662,25707,5x15,V_1353337,promo,$1 first month rent,First month 50% off
2026-07-11,1662,25707,10x10,V_243867,promo,$1 first month rent,First month 50% off
2026-07-11,1662,25707,10x10,V_389433,promo,$1 first month rent,First month 50% off
2026-07-11,1662,25707,10x15,V_243850,promo,$1 first month rent,First month 50% off
2026-07-11,1875,08218,10x10,V_364525,price,142,135
2026-07-11,432,23309,5x5,V_94212,price,23,21
2026-07-11,234,25434,5x5,V_565494,promo,$1 first month rent,First month 50% off
2026-07-11,234,25434,10x15,V_565492,promo,$1 first month rent,First month 50% off
2026-07-11,2505,25877,5x10,V_1386790,price,51,48
2026-07-11,2505,25877,5x10,V_1386790,promo,First month 50% off,
2026-07-11,2505,25877,5x10,V_632404,price,57,53
2026-07-11,2505,25877,10x10,V_632401,price,138,129
2026-07-11,2505,25877,10x15,V_632412,price,176,165
2026-07-11,2505,25877,10x20,V_1444458,promo,2nd Month Free,First month 50% off
2026-07-11,2505,25877,10x20,V_632379,price,318,299
2026-07-11,2505,25877,10x20,V_632379,promo,2nd Month Free,First month 50% off
2026-07-11,6353,77946,5x5,V_1543674,price,45,42
2026-07-11,6353,77946,5x10,V_1543676,price,67,63
2026-07-11,6353,77946,10x20,V_1543672,price,255,239
2026-07-11,478,00501,5x5,V_1447324,price,59,57
2026-07-11,478,00501,10x10,V_70509,promo,$1 first month rent,First month 50% off
2026-07-11,478,00501,10x30,V_1411208,promo,2nd Month Free,First month 50% off
2026-07-11,483,00406,10x15,V_566910,promo,$1 first month rent,First month 50% off
2026-07-11,483,00406,10x20,V_1571689,promo,2nd Month Free,First month 50% off
2026-07-11,2632,00116,5x5,V_1450684,price,111,83
2026-07-11,2263,25761,5x5,V_645083,promo,$1 first month rent,First month 50% off
2026-07-11,2263,25761,5x10,V_1586414,promo,$1 first month rent,First month 50% off
2026-07-11,2263,25761,5x10,V_655496,promo,$1 first month rent,First month 50% off
2026-07-11,2263,25761,10x20,V_595490,promo,2nd Month Free,First month 50% off
2026-07-11,2263,25761,10x20,V_1594697,promo,2nd Month Free,First month 50% off
2026-07-11,2263,25761,10x20,V_1447404,promo,2nd Month Free,First month 50% off
2026-07-11,2630,26595,10x10,V_1407013,price,102,97
2026-07-11,2307,25808,10x15,V_609494,price,156,150
2026-07-11,475,25436,10x10,V_1388646,price,106,100
2026-07-11,475,25436,10x10,V_1453472,price,114,107
2026-07-11,475,25436,10x10,V_1453464,price,130,122
2026-07-11,475,25436,10x15,V_1388631,price,160,150
2026-07-11,2316,25817,5x5,V_609800,promo,$1 first month rent,First month 50% off
2026-07-11,2316,25817,5x5,V_609934,promo,$1 first month rent,First month 50% off
2026-07-11,2316,25817,5x10,V_1447664,promo,$1 first month rent,First month 50% off
2026-07-11,2316,25817,5x10,V_1447661,promo,$1 first month rent,First month 50% off
2026-07-11,2316,25817,10x10,V_609782,promo,First month 50% off,
2026-07-11,2316,25817,10x10,V_609768,promo,First month 50% off,
2026-07-11,6373,23772,5x5,V_1597089,price,46,44
2026-07-11,6373,23772,5x5,V_1597089,promo,,$1 first month rent
2026-07-11,6373,23772,5x10,V_1597090,price,76,70
2026-07-11,6373,23772,5x10,V_1597090,promo,,$1 first month rent
2026-07-11,456,20137,10x20,V_1406005,price,87,85
2026-07-11,456,20137,10x20,V_1406005,promo,$1 first month rent,2nd Month Free
2026-07-11,6490,78104,5x10,V_1574767,price,50,47
2026-07-11,468,21013,5x10,V_89219,promo,$1 first month rent,First month 50% off
2026-07-11,468,21013,10x10,V_1407419,promo,First month 50% off,$1 first month rent
2026-07-11,468,21013,10x30,V_1568729,price,133,125
2026-07-11,167,28085,5x15,V_84543,price,34,33
2026-07-11,167,28085,10x20,V_84529,price,90,89
2026-07-11,1622,25703,5x10,V_241481,promo,First month 50% off,$1 first month rent
2026-07-11,6056,77658,10x15,V_1469632,price,238,220
2026-07-11,5578,27207,5x10,V_1387586,promo,First month 50% off,
2026-07-11,5578,27207,5x15,V_1387587,promo,$1 first month rent,First month 50% off
2026-07-11,5578,27207,10x15,V_1387593,price,135,131
2026-07-11,5578,27207,10x20,V_1387585,promo,First month 50% off,2nd Month Free
2026-07-11,2412,25977,Locker,V_1576912,promo,$1 first month rent,First month 50% off
2026-07-11,2412,25977,5x5,V_621087,promo,$1 first month rent,First month 50% off
2026-07-11,2412,25977,5x10,V_1596144,promo,$1 first month rent,First month 50% off
2026-07-11,2412,25977,Parking,V_1522394,promo,$1 first month rent,First month 50% off
2026-07-11,2412,25977,10x15,V_621099,promo,$1 first month rent,First month 50% off
2026-07-11,2412,25977,10x20,V_621090,promo,2nd Month Free,First month 50% off
2026-07-11,2412,25977,10x30,V_1408202,promo,2nd Month Free,First month 50% off
2026-07-11,553,25433,5x5,V_1489211,promo,First month 50% off,$1 first month rent
2026-07-11,553,25433,5x10,V_1489229,promo,$1 first month rent,First month 50% off
2026-07-11,1665,25717,5x15,V_245328,promo,First month 50% off,
2026-07-11,2315,25816,5x15,V_609713,promo,First month 50% off,$1 first month rent
2026-07-11,2314,25815,10x10,V_609870,promo,,First month 50% off
2026-07-11,2314,25815,10x10,V_1409844,promo,2nd Month Free,$1 first month rent
2026-07-11,431,20458,5x10,V_1350668,promo,First month 50% off,$1 first month rent
2026-07-11,431,20458,Parking,V_1521728,promo,First month 50% off,$1 first month rent
2026-07-11,431,20458,10x15,V_1356130,promo,,$1 first month rent
2026-07-11,1876,08219,5x5,V_253703,price,25,23
2026-07-11,1876,08219,5x5,V_604158,price,29,27
2026-07-11,1876,08219,5x10,V_364731,promo,,First month 50% off
2026-07-11,1876,08219,10x10,V_1431716,price,135,114
2026-07-11,1876,08219,10x10,V_1337437,promo,,$1 first month rent
2026-07-11,1876,08219,Parking,V_1522387,promo,,$1 first month rent
2026-07-11,1876,08219,10x20,V_1596718,price,323,313
2026-07-11,2241,25743,5x5,V_610162,promo,$1 first month rent,
2026-07-11,2241,25743,5x10,V_630746,price,59,50
2026-07-11,2241,25743,5x10,V_578563,price,64,54
2026-07-11,2241,25743,Parking,V_1522390,promo,$1 first month rent,First month 50% off
2026-07-11,2241,25743,10x15,V_578561,promo,First month 50% off,$1 first month rent
2026-07-11,2141,08717,5x10,V_382624,promo,$1 first month rent,First month 50% off
2026-07-11,2141,08717,10x10,V_382625,price,128,127
2026-07-11,5219,00112,Locker,V_1329578,promo,,$1 first month rent
2026-07-11,5219,00112,Locker,V_1329576,promo,,$1 first month rent
2026-07-11,5219,00112,5x5,V_1350168,promo,,First month 50% off
2026-07-11,5219,00112,5x5,V_1350169,promo,,First month 50% off
2026-07-11,5219,00112,5x10,V_1310333,promo,,First month 50% off
2026-07-11,5219,00112,5x5,V_1350166,promo,,First month 50% off
2026-07-11,5219,00112,5x10,V_1310319,promo,,First month 50% off
2026-07-11,5219,00112,10x10,V_1310328,promo,,First month 50% off
2026-07-11,5219,00112,10x10,V_1310316,price,251,193
2026-07-11,5219,00112,10x10,V_1310316,promo,,$1 first month rent
2026-07-11,5219,00112,10x10,V_1355810,promo,,$1 first month rent
2026-07-11,5219,00112,10x10,V_1355809,promo,,$1 first month rent
2026-07-11,5219,00112,10x20,V_1310322,promo,,2nd Month Free
2026-07-11,5219,00112,10x15,V_1310325,promo,,$1 first month rent
2026-07-11,5219,00112,10x20,V_1358102,promo,,2nd Month Free
2026-07-11,5219,00112,10x15,V_1310311,promo,,$1 first month rent
2026-07-11,5219,00112,10x15,V_1357160,promo,,$1 first month rent
2026-07-11,430,23223,5x5,V_365805,price,30,31
2026-07-11,2531,25890,10x20,V_1530848,promo,,2nd Month Free
2026-07-11,6404,23918,5x10,V_1549762,price,40,38
2026-07-11,6404,23918,10x20,V_1549753,promo,First month 50% off,2nd Month Free
2026-07-11,5736,77638,5x5,V_1492798,price,20,19
2026-07-11,5736,77638,10x10,V_1406345,price,54,51
2026-07-11,5736,77638,10x10,V_1492800,promo,First month 50% off,$1 first month rent
2026-07-11,2457,25854,Locker,V_626297,promo,$1 first month rent,First month 50% off
2026-07-11,2457,25854,5x5,V_1350062,promo,$1 first month rent,First month 50% off
2026-07-11,2457,25854,Locker,V_1565478,promo,$1 first month rent,First month 50% off
2026-07-11,2457,25854,Parking,V_1560122,promo,$1 first month rent,First month 50% off
2026-07-11,2457,25854,Parking,V_1560121,promo,$1 first month rent,First month 50% off
2026-07-11,2457,25854,10x20,V_1563517,promo,2nd Month Free,First month 50% off
2026-07-11,2457,25854,10x20,V_1358032,promo,2nd Month Free,First month 50% off
2026-07-11,2457,25854,10x20,V_1565487,promo,2nd Month Free,First month 50% off
2026-07-11,6021,22134,5x15,V_1473301,promo,$1 first month rent,First month 50% off
2026-07-11,467,25523,5x10,V_87349,price,38,35
2026-07-11,472,23119,5x5,V_67929,price,32,31
2026-07-11,472,23119,10x15,V_67924,price,99,98
2026-07-11,269,20152,10x15,V_106764,price,111,98
2026-07-11,2461,25858,5x5,V_626458,promo,First month 50% off,$1 first month rent
2026-07-11,2461,25858,10x20,V_1531870,price,246,185
2026-07-11,1670,25723,10x10,V_246710,price,122,121
2026-07-11,460,07119,10x15,V_86737,price,133,116
2026-07-11,460,07119,10x20,V_86738,price,158,130
2026-07-11,2158,08767,10x20,V_565339,promo,First month 50% off,2nd Month Free
2026-07-11,2410,25975,10x10,V_621034,price,79,76
2026-07-11,453,20188,5x5,V_1491948,promo,$1 first month rent,First month 50% off
2026-07-11,453,20188,10x15,V_1491941,price,87,79
2026-07-11,6013,22126,5x10,V_1471426,price,33,29
2026-07-11,6013,22126,10x15,V_1471419,price,105,92
2026-07-11,6013,22126,10x20,V_1471425,promo,2nd Month Free,
2026-07-11,6019,22132,5x10,V_1473223,price,27,26
2026-07-11,6405,23919,5x5,V_1552536,price,34,32
2026-07-11,6405,23919,5x15,V_1549782,price,72,68
2026-07-11,6405,23919,10x15,V_1549783,promo,$1 first month rent,First month 50% off
2026-07-11,5314,26901,5x15,V_1333810,promo,First month 50% off,$1 first month rent
2026-07-11,485,27815,5x5,V_59685,price,92,84
2026-07-11,5316,26903,5x10,V_1547176,promo,First month 50% off,$1 first month rent
2026-07-11,5316,26903,5x15,V_1547179,promo,First month 50% off,
2026-07-11,5316,26903,5x15,V_1547173,promo,First month 50% off,
2026-07-11,5316,26903,10x15,V_1407333,promo,First month 50% off,
2026-07-11,6282,77793,5x5,V_1522676,price,52,49
2026-07-11,6282,77793,10x10,V_1522673,price,154,144
2026-07-11,1642,25708,5x10,V_600118,price,156,153
2026-07-11,481,28342,5x5,V_268959,promo,First month 50% off,
2026-07-11,481,28342,5x10,V_576895,promo,$1 first month rent,First month 50% off
2026-07-11,1572,25573,10x15,V_1453100,promo,,$1 first month rent
2026-07-11,2407,25972,5x5,V_620952,promo,,$1 first month rent
2026-07-11,2407,25972,5x15,V_620951,promo,$1 first month rent,First month 50% off
2026-07-11,2407,25972,5x15,V_1580974,promo,$1 first month rent,First month 50% off
2026-07-11,2407,25972,5x15,V_1453162,promo,$1 first month rent,First month 50% off
2026-07-11,2407,25972,5x15,V_1453157,promo,$1 first month rent,First month 50% off
2026-07-11,2407,25972,10x10,V_620950,price,169,158
2026-07-11,2407,25972,10x10,V_620950,promo,$1 first month rent,First month 50% off
2026-07-11,2407,25972,10x10,V_620942,promo,$1 first month rent,First month 50% off
2026-07-11,2407,25972,10x10,V_1580968,promo,$1 first month rent,First month 50% off
2026-07-11,2407,25972,10x15,V_1580975,promo,$1 first month rent,First month 50% off
2026-07-11,2407,25972,10x15,V_620948,promo,$1 first month rent,First month 50% off
2026-07-11,508,20194,10x20,V_1535255,price,310,290
2026-07-11,267,00514,10x20,V_1407104,promo,First month 50% off,2nd Month Free
2026-07-11,1579,25574,5x5,V_236826,promo,First month 50% off,$1 first month rent
2026-07-11,1579,25574,5x10,V_586364,promo,$1 first month rent,First month 50% off
2026-07-11,1579,25574,10x15,V_236811,promo,First month 50% off,$1 first month rent
2026-07-11,1663,25722,5x10,V_243928,promo,First month 50% off,$1 first month rent
2026-07-11,1663,25722,10x15,V_243927,price,230,224
2026-07-11,2431,25796,10x15,V_623174,price,225,193
2026-07-11,2431,25796,10x20,V_623165,price,429,372
2026-07-11,2411,25976,Parking,V_1589616,promo,First month 50% off,$1 first month rent
2026-07-11,2411,25976,10x20,V_1494116,promo,First month 50% off,2nd Month Free
2026-07-11,5552,00121,5x5,V_1385042,promo,First month 50% off,
2026-07-11,6458,00133,5x10,V_1567700,price,67,63
2026-07-11,6458,00133,10x15,V_1567714,price,155,146
2026-07-11,2462,25859,5x10,V_626484,promo,$1 first month rent,First month 50% off
2026-07-11,1189,20135,5x10,V_243557,price,48,46
2026-07-11,1189,20135,10x10,V_113866,promo,First month 50% off,$1 first month rent
2026-07-11,2631,26596,10x10,V_1408056,price,116,98
2026-07-11,2154,08756,5x10,V_341212,price,31,29
2026-07-11,2154,08756,10x20,V_341231,price,106,105
2026-07-11,552,20104,5x15,V_567557,price,42,41
2026-07-11,552,20104,10x25,V_1407054,price,164,158
2026-07-11,552,20104,10x25,V_1407054,promo,First month 50% off,2nd Month Free
2026-07-11,462,20180,5x10,V_595807,price,40,35
2026-07-11,462,20180,10x20,V_1407040,price,215,213
2026-07-11,5827,27471,10x25,V_1425110,price,49,48
2026-07-11,463,29149,10x10,V_577863,price,96,93
2026-07-11,463,29149,10x10,V_68060,price,96,105
2026-07-11,2156,08762,5x10,V_332156,promo,,$1 first month rent
2026-07-11,2156,08762,10x10,V_332149,promo,First month 50% off,
2026-07-11,2453,25850,10x10,V_626191,promo,$1 first month rent,First month 50% off
2026-07-11,841,20136,5x10,V_1560889,promo,$1 first month rent,First month 50% off
2026-07-11,841,20136,10x15,V_586711,promo,$1 first month rent,First month 50% off
2026-07-11,2312,25813,5x5,V_1577806,promo,,First month 50% off
2026-07-11,409,20179,5x10,V_96353,promo,,First month 50% off
2026-07-11,409,20179,10x30,V_96352,price,209,165
2026-07-11,2409,25974,10x20,V_1530200,promo,,First month 50% off
2026-07-11,2139,08711,10x30,V_1530113,price,214,201
2026-07-11,6358,23912,10x20,V_1545633,promo,2nd Month Free,First month 50% off
2026-07-11,6359,23913,10x20,V_1545651,price,115,108
2026-07-11,6359,23913,10x20,V_1562840,price,116,109
2026-07-11,459,20173,5x5,V_101596,price,23,21
2026-07-11,459,20173,10x10,V_86891,price,116,104
2026-07-11,6361,23917,5x5,V_1545746,price,56,58
2026-07-11,6361,23917,10x10,V_1576295,price,191,195
2026-07-11,6361,23917,10x15,V_1545717,price,252,207
2026-07-11,6361,23917,10x10,V_1545736,price,210,222
2026-07-11,6361,23917,10x10,V_1545711,price,234,246
2026-07-11,6485,78059,5x10,V_1573217,price,66,62
2026-07-11,6485,78059,5x15,V_1573215,price,66,62
2026-07-11,6485,78059,10x10,V_1573241,price,73,68
2026-07-11,6485,78059,5x15,V_1573237,price,82,77
2026-07-11,6357,23911,10x15,V_1545606,price,141,132
2026-07-11,6357,23911,10x20,V_1545591,price,153,143
2026-07-11,2319,25820,5x10,V_610053,promo,$1 first month rent,First month 50% off
2026-07-11,2319,25820,10x10,V_644656,promo,$1 first month rent,First month 50% off
2026-07-11,2320,25821,5x10,V_659344,price,80,74
2026-07-11,2320,25821,10x15,V_659337,price,223,195
2026-07-11,429,07038,5x5,V_94691,price,43,36
2026-07-11,429,07038,10x10,V_94671,promo,First month 50% off,$1 first month rent
2026-07-11,2414,25979,5x5,V_1350031,promo,,First month 50% off
2026-07-11,2414,25979,5x10,V_1352216,promo,First month 50% off,$1 first month rent
2026-07-11,2065,08526,5x5,V_310093,price,70,64
2026-07-11,709,28331,5x10,V_1560869,promo,First month 50% off,
2026-07-11,2541,25896,10x15,V_643728,promo,First month 50% off,$1 first month rent
2026-07-11,39,20477,10x25,V_1406283,price,202,179
2026-07-11,2153,08753,5x10,V_324962,promo,$1 first month rent,First month 50% off
2026-07-11,2153,08753,10x10,V_1406462,price,66,65
2026-07-11,6068,77773,5x5,V_1476926,price,19,18
2026-07-11,6068,77773,10x10,V_1493778,promo,First month 50% off,$1 first month rent
2026-07-11,1605,25591,5x5,V_1349449,promo,First month 50% off,$1 first month rent
2026-07-11,1605,25591,10x10,V_240672,promo,First month 50% off,$1 first month rent
2026-07-11,1605,25591,5x10,V_1490511,promo,First month 50% off,$1 first month rent
2026-07-11,1605,25591,10x20,V_243585,promo,First month 50% off,2nd Month Free
2026-07-11,1605,25591,10x20,V_1529967,promo,,First month 50% off
2026-07-11,1605,25591,Parking,V_1518629,promo,First month 50% off,$1 first month rent
2026-07-11,1605,25591,10x30,V_1567983,promo,First month 50% off,2nd Month Free
2026-07-11,1605,25591,10x30,V_1404206,promo,First month 50% off,2nd Month Free
2026-07-11,6002,22115,10x10,V_1471331,price,76,72
2026-07-11,6002,22115,10x10,V_1471331,promo,First month 50% off,$1 first month rent
2026-07-11,601,20492,10x20,V_1520022,promo,,2nd Month Free
2026-07-11,6060,77696,10x10,V_1493681,price,123,92
2026-07-11,6060,77696,10x10,V_1493681,promo,$1 first month rent,First month 50% off
2026-07-11,6060,77696,10x10,V_1493684,price,117,96
2026-07-11,2226,25738,5x10,V_575234,promo,First month 50% off,
2026-07-11,804,29134,10x15,V_1578768,promo,,First month 50% off
2026-07-11,608,28154,10x10,V_644731,promo,First month 50% off,$1 first month rent
2026-07-11,608,28154,10x10,V_1580696,promo,$1 first month rent,First month 50% off
2026-07-11,1942,08369,5x15,V_315134,promo,First month 50% off,
2026-07-11,1942,08369,10x15,V_314060,promo,First month 50% off,
2026-07-11,344,28225,10x10,V_68347,promo,First month 50% off,$1 first month rent
2026-07-11,344,28225,10x15,V_236323,promo,First month 50% off,$1 first month rent
2026-07-11,5576,27211,10x10,V_1387330,promo,First month 50% off,$1 first month rent
2026-07-11,5576,27211,10x10,V_1387344,promo,$1 first month rent,First month 50% off
2026-07-11,1668,25719,10x10,V_1595399,price,47,46
2026-07-11,1668,25719,10x10,V_1595143,price,55,53
2026-07-11,1668,25719,10x25,V_1529936,promo,First month 50% off,2nd Month Free
2026-07-11,1668,25719,10x30,V_1390249,promo,First month 50% off,2nd Month Free
2026-07-11,721,27808,10x20,V_1582449,promo,First month 50% off,
2026-07-11,721,27808,10x15,V_1582453,promo,First month 50% off,
2026-07-11,721,27808,10x15,V_1356198,promo,First month 50% off,
2026-07-11,721,27808,10x15,V_1580311,promo,First month 50% off,
2026-07-11,721,27808,10x20,V_1580312,promo,First month 50% off,
2026-07-11,2290,25784,5x5,V_605576,promo,$1 first month rent,
2026-07-11,2290,25784,5x10,V_605109,promo,,First month 50% off
2026-07-11,2290,25784,Parking,V_1542019,promo,$1 first month rent,First month 50% off
2026-07-11,2290,25784,10x10,V_605105,promo,$1 first month rent,First month 50% off
2026-07-11,2290,25784,5x10,V_1352066,promo,$1 first month rent,First month 50% off
2026-07-11,2290,25784,5x10,V_1352065,promo,$1 first month rent,First month 50% off
2026-07-11,2290,25784,10x20,V_1357940,promo,2nd Month Free,First month 50% off
2026-07-11,6443,29313,5x5,V_1563119,price,51,48
2026-07-11,1609,25596,5x5,V_1401307,promo,First month 50% off,$1 first month rent
2026-07-11,1609,25596,5x10,V_1408871,promo,First month 50% off,$1 first month rent
2026-07-11,1609,25596,5x10,V_1351327,promo,First month 50% off,$1 first month rent
2026-07-11,1609,25596,5x5,V_1401308,promo,First month 50% off,$1 first month rent
2026-07-11,1609,25596,Parking,V_1577165,promo,First month 50% off,$1 first month rent
2026-07-11,1609,25596,Parking,V_1518675,promo,First month 50% off,$1 first month rent
2026-07-11,1609,25596,Parking,V_1560752,promo,First month 50% off,$1 first month rent
2026-07-11,1609,25596,Parking,V_1560751,promo,First month 50% off,$1 first month rent
2026-07-11,1609,25596,10x20,V_604326,promo,First month 50% off,2nd Month Free
2026-07-11,1609,25596,10x20,V_604319,promo,First month 50% off,2nd Month Free
2026-07-11,1609,25596,10x25,V_1408872,promo,First month 50% off,2nd Month Free
2026-07-11,1609,25596,10x30,V_1541119,promo,First month 50% off,2nd Month Free
2026-07-11,578,20454,5x5,V_1579127,promo,First month 50% off,
2026-07-11,1962,08393,10x10,V_255396,promo,$1 first month rent,First month 50% off
2026-07-11,1962,08393,10x30,V_1529956,price,240,222
2026-07-11,348,28135,5x5,V_1570647,promo,First month 50% off,
2026-07-11,348,28135,10x15,V_1330861,promo,First month 50% off,$1 first month rent
2026-07-11,6004,22117,10x10,V_1471358,price,95,84
2026-07-11,6004,22117,10x10,V_1527649,price,104,87
2026-07-11,6004,22117,10x20,V_1471352,price,112,92
2026-07-11,6232,77952,5x5,V_1521580,promo,$1 first month rent,First month 50% off
2026-07-11,567,28132,5x15,V_78799,promo,First month 50% off,2nd Month Free
2026-07-11,567,28132,10x10,V_1432514,promo,First month 50% off,2nd Month Free
2026-07-11,567,28132,10x15,V_634357,promo,First month 50% off,2nd Month Free
2026-07-11,567,28132,10x10,V_1587683,promo,First month 50% off,2nd Month Free
2026-07-11,567,28132,10x20,V_1530748,promo,First month 50% off,2nd Month Free
2026-07-11,5624,27356,10x10,V_1529700,price,81,67
2026-07-11,6223,77936,5x15,V_1516905,price,38,35
2026-07-11,6223,77936,10x10,V_1516892,price,66,62
2026-07-11,5325,26905,5x10,V_1528633,price,46,38
2026-07-11,5325,26905,10x20,V_1528624,price,113,95
2026-07-11,1527,07201,5x15,V_1580302,promo,$1 first month rent,First month 50% off
2026-07-11,1527,07201,10x15,V_1534128,promo,$1 first month rent,First month 50% off
2026-07-11,1527,07201,10x20,V_1529977,promo,2nd Month Free,First month 50% off
2026-07-11,1527,07201,10x15,V_1579133,promo,$1 first month rent,First month 50% off
2026-07-11,642,28137,10x10,V_1386783,price,88,77
2026-07-11,594,20602,5x10,V_1574461,promo,First month 50% off,$1 first month rent
2026-07-11,594,20602,10x10,V_67047,promo,,$1 first month rent
2026-07-11,594,20602,10x20,V_1402490,price,138,128
2026-07-11,5330,77514,5x5,V_1336003,promo,$1 first month rent,
2026-07-11,5330,77514,5x10,V_1336001,promo,,First month 50% off
2026-07-11,5330,77514,10x10,V_1335999,promo,,$1 first month rent
2026-07-11,5330,77514,10x15,V_1336000,promo,,First month 50% off
2026-07-11,5330,77514,10x20,V_1496733,price,273,205
2026-07-11,5330,77514,10x20,V_1402496,price,274,206
2026-07-11,1961,08392,10x10,V_1557789,promo,First month 50% off,
2026-07-11,6331,77798,10x15,V_1537677,promo,,$1 first month rent
2026-07-11,2421,25986,5x10,V_621405,price,64,60
2026-07-11,2421,25986,5x10,V_621405,promo,First month 50% off,
2026-07-11,643,21604,5x5,V_1557976,promo,,First month 50% off
2026-07-11,643,21604,5x10,V_72830,promo,,First month 50% off
2026-07-11,624,29102,5x5,V_73695,price,48,45
2026-07-11,624,29102,5x5,V_73695,promo,,$1 first month rent
2026-07-11,624,29102,5x10,V_1594305,promo,,First month 50% off
2026-07-11,624,29102,5x10,V_1497300,promo,,First month 50% off
2026-07-11,624,29102,5x15,V_1497294,promo,,First month 50% off
2026-07-11,624,29102,10x20,V_1497291,promo,,First month 50% off
2026-07-11,624,29102,10x20,V_73682,promo,,First month 50% off
2026-07-11,5575,27210,5x15,V_1387302,price,39,38
2026-07-11,5575,27210,10x10,V_1544190,promo,$1 first month rent,
2026-07-11,6312,77956,5x5,V_1532446,price,12,11
2026-07-11,6312,77956,10x10,V_1532443,price,56,53
2026-07-11,6312,77956,10x15,V_1532449,price,81,76
2026-07-11,1616,25595,5x5,V_1595465,promo,$1 first month rent,First month 50% off
2026-07-11,1616,25595,5x10,V_241052,promo,$1 first month rent,First month 50% off
2026-07-11,1616,25595,10x30,V_1583893,promo,2nd Month Free,First month 50% off
2026-07-11,1616,25595,10x20,V_566554,promo,2nd Month Free,First month 50% off
2026-07-11,1616,25595,10x30,V_1594314,promo,2nd Month Free,First month 50% off
2026-07-11,6003,22116,5x10,V_1582658,price,28,23
2026-07-11,2281,25778,5x10,V_1522892,promo,First month 50% off,$1 first month rent
2026-07-11,2281,25778,10x20,V_1529937,promo,First month 50% off,2nd Month Free
2026-07-11,2281,25778,10x25,V_601025,promo,First month 50% off,2nd Month Free
2026-07-11,2281,25778,10x30,V_601027,promo,First month 50% off,2nd Month Free
2026-07-11,2281,25778,10x30,V_1578860,promo,First month 50% off,2nd Month Free
2026-07-11,5722,27439,10x10,V_1403444,price,73,68
2026-07-11,6526,78132,10x20,V_1589903,promo,$1 first month rent,2nd Month Free
2026-07-11,5263,26676,5x10,V_1492431,promo,$1 first month rent,First month 50% off
2026-07-11,5263,26676,10x30,V_1562307,promo,2nd Month Free,First month 50% off
2026-07-11,2420,25985,10x20,V_1529233,promo,First month 50% off,
2026-07-11,580,28149,5x10,V_79093,promo,$1 first month rent,First month 50% off
2026-07-11,2183,25729,10x10,V_365187,price,144,137
2026-07-11,2183,25729,10x10,V_365187,promo,$1 first month rent,First month 50% off
2026-07-11,863,25643,5x10,V_242815,promo,First month 50% off,
2026-07-11,863,25643,5x15,V_242805,price,48,44
2026-07-11,863,25643,10x15,V_1445990,price,91,90
2026-07-11,863,25643,10x20,V_1529889,promo,2nd Month Free,First month 50% off
2026-07-11,863,25643,10x15,V_242814,price,102,101
2026-07-11,690,28156,10x10,V_1577886,promo,$1 first month rent,First month 50% off
2026-07-11,668,28144,5x10,V_76423,price,40,39
2026-07-11,668,28144,10x10,V_1405923,price,43,42
2026-07-11,668,28144,10x15,V_76416,promo,,$1 first month rent
2026-07-11,683,23208,5x10,V_78503,price,28,26
2026-07-11,683,23208,10x10,V_1510374,price,36,34
2026-07-11,6380,23790,10x10,V_1547841,price,92,86
2026-07-11,6380,23790,10x20,V_1547839,price,162,152
2026-07-11,6459,78086,5x5,V_1567729,price,26,25
2026-07-11,6459,78086,10x10,V_1567724,price,80,75
2026-07-11,6344,77670,5x5,V_1541541,price,12,11
2026-07-11,6344,77670,10x15,V_1541547,price,73,68
2026-07-11,6344,77670,10x20,V_1541538,price,96,90
2026-07-11,589,20490,10x10,V_1572595,promo,First month 50% off,$1 first month rent
2026-07-11,615,21712,5x5,V_84261,promo,First month 50% off,$1 first month rent
2026-07-11,615,21712,5x10,V_633695,promo,$1 first month rent,First month 50% off
2026-07-11,582,27313,5x10,V_67643,price,23,21
2026-07-11,582,27313,5x15,V_67644,promo,$1 first month rent,First month 50% off
2026-07-11,6507,23949,10x10,V_1586061,price,35,33
2026-07-11,6507,23949,10x20,V_1586068,promo,$1 first month rent,2nd Month Free
2026-07-11,6507,23949,10x25,V_1586064,price,90,84
2026-07-11,6497,78097,10x10,V_1577505,promo,$1 first month rent,First month 50% off
2026-07-11,6497,78097,10x20,V_1577500,promo,2nd Month Free,First month 50% off
2026-07-11,289,28158,10x10,V_1390247,promo,,$1 first month rent
2026-07-11,6325,78009,10x20,V_1535725,price,106,100
2026-07-11,5867,77682,5x15,V_1438076,price,34,32
2026-07-11,5867,77682,10x15,V_1438077,price,98,92
2026-07-11,2025,08465,5x5,V_255666,price,14,13
2026-07-11,2025,08465,10x15,V_309976,promo,$1 first month rent,First month 50% off
2026-07-11,2025,08465,10x10,V_309995,promo,First month 50% off,$1 first month rent
2026-07-11,2025,08465,10x15,V_309966,promo,First month 50% off,$1 first month rent
2026-07-11,2025,08465,10x15,V_1582644,promo,First month 50% off,$1 first month rent
2026-07-11,2025,08465,10x20,V_309988,promo,,First month 50% off
2026-07-11,6508,23950,10x20,V_1586082,price,62,59
2026-07-11,6364,23922,10x10,V_1584685,price,72,68
2026-07-11,6364,23922,10x20,V_1545794,price,142,134
2026-07-11,665,28136,5x10,V_565432,price,52,50
2026-07-11,665,28136,10x15,V_565426,promo,First month 50% off,$1 first month rent
2026-07-11,793,26667,5x5,V_1582637,promo,,First month 50% off
2026-07-11,793,26667,10x10,V_1582636,promo,First month 50% off,$1 first month rent
2026-07-11,322,28152,10x10,V_75840,price,70,65
2026-07-11,564,00509,10x20,V_1529764,price,66,65
2026-07-11,645,28143,5x10,V_1366680,promo,,$1 first month rent
2026-07-11,645,28143,10x10,V_577402,price,86,83
2026-07-11,6057,77728,5x5,V_1464702,promo,,First month 50% off
2026-07-11,6057,77728,10x10,V_1464698,price,193,145
2026-07-11,6057,77728,10x10,V_1490434,price,224,168
2026-07-11,6057,77728,10x15,V_1464711,price,239,179
2026-07-11,6057,77728,10x10,V_1582785,promo,,$1 first month rent
2026-07-11,6057,77728,10x20,V_1464727,price,305,229
2026-07-11,6057,77728,10x30,V_1464730,promo,2nd Month Free,First month 50% off
2026-07-11,1729,08056,10x10,V_308242,promo,First month 50% off,2nd Month Free
2026-07-11,1729,08056,5x15,V_324404,promo,First month 50% off,
2026-07-11,1729,08056,10x10,V_1593161,promo,First month 50% off,
2026-07-11,1729,08056,10x15,V_255551,promo,$1 first month rent,2nd Month Free
2026-07-11,1729,08056,10x30,V_324402,promo,First month 50% off,
2026-07-11,6001,22114,5x10,V_1471128,promo,,$1 first month rent
2026-07-11,324,20601,5x5,V_1573526,promo,First month 50% off,
2026-07-11,6418,78014,10x10,V_1554370,price,27,26
2026-07-11,6418,78014,10x10,V_1554338,price,31,29
2026-07-11,6132,77729,10x10,V_1487015,promo,First month 50% off,$1 first month rent
2026-07-11,6132,77729,10x20,V_1486970,promo,,First month 50% off
2026-07-11,597,24636,5x10,V_1577374,promo,$1 first month rent,First month 50% off
2026-07-11,633,28134,10x20,V_1529892,promo,First month 50% off,2nd Month Free
2026-07-11,603,27810,10x10,V_1437342,price,67,65
2026-07-11,6449,23942,10x15,V_1565534,price,44,41
2026-07-11,6222,77959,10x10,V_1584000,promo,,First month 50% off
2026-07-11,6427,23929,10x10,V_1556639,price,78,73
2026-07-11,6427,23929,10x15,V_1562877,price,121,113
2026-07-11,5868,77683,5x15,V_1438094,promo,First month 50% off,$1 first month rent
2026-07-11,5748,77735,10x15,V_1408740,promo,$1 first month rent,
2026-07-11,5748,77735,10x20,V_1433626,promo,,First month 50% off
2026-07-11,6363,23921,10x20,V_1545777,promo,2nd Month Free,First month 50% off
2026-07-11,6365,23923,10x20,V_1545812,promo,,First month 50% off
2026-07-11,554,20489,5x10,V_1576737,price,15,14
2026-07-11,6352,77675,5x15,V_1543602,price,35,26
2026-07-11,6352,77675,10x10,V_1543575,price,57,43
2026-07-11,1724,08051,10x10,V_1388997,price,68,62
2026-07-11,598,26810,5x5,V_1570563,price,12,10
2026-07-11,598,26810,10x10,V_1404119,promo,First month 50% off,$1 first month rent
2026-07-11,647,23715,5x15,V_1588544,price,49,47
2026-07-11,647,23715,5x15,V_1588545,price,52,50
2026-07-11,2327,25902,5x10,V_1580149,promo,First month 50% off,$1 first month rent
2026-07-11,2327,25902,10x10,V_613312,price,94,93
2026-07-11,2572,26540,10x15,V_650191,price,157,118
2026-07-11,2572,26540,10x15,V_1357130,price,157,118
2026-07-11,2572,26540,10x20,V_650190,price,128,127
2026-07-11,2328,25903,10x10,V_613349,promo,First month 50% off,$1 first month rent
2026-07-11,2419,25984,10x15,V_1357048,price,104,93
2026-07-11,880,28040,10x20,V_1393862,price,153,145
2026-07-11,575,28043,5x10,V_100382,promo,,$1 first month rent
2026-07-11,2342,25917,10x25,V_1393886,price,169,167
2026-07-11,2343,25919,5x15,V_613907,promo,$1 first month rent,First month 50% off
2026-07-11,2343,25919,10x10,V_1431502,promo,$1 first month rent,First month 50% off
2026-07-11,2343,25919,5x15,V_616800,promo,$1 first month rent,First month 50% off
2026-07-11,2343,25919,10x10,V_613909,promo,$1 first month rent,First month 50% off
2026-07-11,2343,25919,10x10,V_1537660,promo,$1 first month rent,First month 50% off
2026-07-11,2343,25919,10x15,V_613903,promo,$1 first month rent,First month 50% off
2026-07-11,547,20476,5x10,V_1580961,promo,First month 50% off,
2026-07-11,547,20476,Parking,V_1518506,promo,First month 50% off,
2026-07-11,1603,25594,5x15,V_240364,promo,$1 first month rent,First month 50% off
2026-07-11,577,20491,10x25,V_1390241,price,156,146
2026-07-11,2422,25987,10x20,V_1529915,price,109,100
2026-07-11,2038,08483,10x15,V_324616,promo,,First month 50% off
2026-07-11,6071,27497,5x10,V_1477473,price,177,154
2026-07-11,6071,27497,10x15,V_1477475,price,534,401
2026-07-11,1298,21710,10x10,V_125537,promo,,First month 50% off
2026-07-11,1298,21710,10x10,V_1449542,promo,$1 first month rent,First month 50% off
2026-07-11,2179,25725,10x10,V_1556601,price,461,458
2026-07-11,1669,29202,Locker,V_1310861,promo,First month 50% off,
2026-07-11,1669,29202,5x5,V_633995,promo,First month 50% off,
2026-07-11,1669,29202,5x10,V_246134,promo,First month 50% off,
2026-07-11,1669,29202,5x10,V_1459492,promo,First month 50% off,
2026-07-11,1669,29202,5x10,V_1459498,promo,First month 50% off,
2026-07-11,1669,29202,5x10,V_1459486,promo,First month 50% off,
2026-07-11,1669,29202,Parking,V_1586847,promo,First month 50% off,
2026-07-11,1669,29202,10x15,V_246115,promo,$1 first month rent,First month 50% off
2026-07-11,1669,29202,10x20,V_246131,promo,First month 50% off,
2026-07-11,1669,29202,10x20,V_246111,promo,First month 50% off,
2026-07-11,1422,20484,Locker,V_1311271,promo,,First month 50% off
2026-07-11,1422,20484,5x5,V_133904,promo,,$1 first month rent
2026-07-11,1422,20484,5x15,V_1459482,promo,,First month 50% off
2026-07-11,1422,20484,10x10,V_1459472,promo,,First month 50% off
2026-07-11,1422,20484,10x15,V_1459483,promo,,First month 50% off
2026-07-11,1422,20484,10x15,V_133900,promo,,$1 first month rent
2026-07-11,6263,77983,10x10,V_1525437,price,560,525
2026-07-11,6263,77983,10x10,V_1525437,promo,First month 50% off,
2026-07-11,6264,78000,10x10,V_1525053,price,519,487
2026-07-11,5788,27584,Parking,V_1553666,promo,First month 50% off,$1 first month rent
2026-07-11,5788,27584,10x20,V_1416132,price,188,141
2026-07-11,5550,26986,10x15,V_1436328,promo,First month 50% off,$1 first month rent
2026-07-11,5550,26986,10x10,V_1435958,promo,,First month 50% off
2026-07-11,5550,26986,10x20,V_1464179,promo,First month 50% off,2nd Month Free
2026-07-11,1078,24313,10x20,V_1413933,price,139,111
2026-07-11,5362,26928,10x20,V_1483574,price,127,102
2026-07-11,5270,26679,5x10,V_1456210,promo,First month 50% off,$1 first month rent
2026-07-11,5270,26679,5x10,V_1587797,promo,,First month 50% off
2026-07-11,5270,26679,10x10,V_1578397,promo,First month 50% off,$1 first month rent
2026-07-11,5270,26679,10x15,V_1587792,price,144,123
2026-07-11,5491,26987,10x20,V_1416925,price,119,96
2026-07-11,5558,26993,10x15,V_1385398,price,128,101
2026-07-11,5558,26993,10x10,V_1385401,promo,,First month 50% off
2026-07-11,5558,26993,10x15,V_1385410,promo,First month 50% off,$1 first month rent
2026-07-11,5558,26993,10x10,V_1458351,promo,,$1 first month rent
2026-07-11,6407,23903,Parking,V_1573552,promo,,First month 50% off
2026-07-11,6407,23903,10x15,V_1552802,promo,First month 50% off,$1 first month rent
2026-07-11,6407,23903,10x10,V_1552816,promo,First month 50% off,$1 first month rent
2026-07-11,5562,26997,10x20,V_1412432,price,158,122
2026-07-11,5562,26997,10x25,V_1541291,promo,2nd Month Free,
2026-07-11,5561,26996,10x30,V_1406845,price,216,170
2026-07-11,5561,26996,10x30,V_1406845,promo,2nd Month Free,First month 50% off
2026-07-11,6272,77985,10x20,V_1525548,price,154,145
2026-07-11,6272,77985,10x15,V_1525546,promo,First month 50% off,$1 first month rent
2026-07-11,6272,77985,10x10,V_1525543,promo,,First month 50% off
2026-07-11,6408,23904,Parking,V_1587695,promo,,First month 50% off
2026-07-11,6410,23906,5x10,V_1552976,price,95,89
2026-07-11,5557,26992,5x10,V_1385392,price,64,50
2026-07-11,6411,23907,5x10,V_1552914,price,47,44
2026-07-11,6411,23907,Parking,V_1573557,promo,$1 first month rent,First month 50% off
2026-07-11,6411,23907,10x15,V_1552917,price,91,86
2026-07-11,6412,23908,10x15,V_1552931,price,88,83
2026-07-11,6412,23908,10x20,V_1552933,price,102,95
2026-07-11,5851,27589,5x10,V_1429958,promo,$1 first month rent,First month 50% off
2026-07-11,5851,27589,10x10,V_1429965,price,95,89
2026-07-11,5851,27589,10x10,V_1429965,promo,,First month 50% off
2026-07-11,5851,27589,10x15,V_1429967,promo,$1 first month rent,First month 50% off
2026-07-11,6275,77988,5x5,V_1590621,price,43,41
2026-07-11,6275,77988,5x10,V_1525653,price,77,72
2026-07-11,6322,23894,10x10,V_1534894,price,125,117
2026-07-11,6273,77986,5x10,V_1525587,price,70,65
2026-07-11,6273,77986,10x15,V_1525562,price,138,129
2026-07-11,6273,77986,10x30,V_1525572,price,224,210
2026-07-11,1877,08220,5x10,V_336945,promo,First month 50% off,$1 first month rent
2026-07-11,1877,08220,10x10,V_336424,price,112,108
2026-07-11,1016,23219,5x5,V_241154,price,53,47
2026-07-11,1016,23219,10x10,V_1544687,promo,,$1 first month rent
2026-07-11,1016,23219,10x10,V_1543609,promo,$1 first month rent,First month 50% off
2026-07-11,1022,20263,10x20,V_1586782,promo,2nd Month Free,
2026-07-11,996,26408,5x10,V_1569121,promo,,First month 50% off
2026-07-11,996,26408,10x10,V_151975,price,142,137
2026-07-11,996,26408,10x15,V_151978,promo,$1 first month rent,First month 50% off
2026-07-11,1590,27502,5x15,V_238839,price,95,93
2026-07-11,1882,08225,5x5,V_1569118,promo,First month 50% off,$1 first month rent
2026-07-11,1882,08225,5x10,V_567574,promo,,First month 50% off
2026-07-11,1882,08225,5x10,V_329242,promo,First month 50% off,$1 first month rent
2026-07-11,1882,08225,10x20,V_1543514,promo,First month 50% off,2nd Month Free
2026-07-11,1882,08225,10x25,V_1432028,promo,First month 50% off,2nd Month Free
2026-07-11,1419,20720,10x10,V_1493385,price,113,103
2026-07-11,1419,20720,10x20,V_1587409,promo,2nd Month Free,First month 50% off
2026-07-11,1419,20720,10x30,V_579358,promo,2nd Month Free,First month 50% off
2026-07-11,902,23420,10x10,V_1544049,promo,,First month 50% off
2026-07-11,902,23420,10x15,V_1544058,promo,$1 first month rent,
2026-07-11,902,23420,10x20,V_1544060,price,193,184
2026-07-11,5805,77744,10x10,V_1419852,price,118,111
2026-07-11,5805,77744,10x10,V_1429173,price,118,111
2026-07-11,5805,77744,10x20,V_1419866,price,209,196
2026-07-11,5445,27105,5x10,V_1435041,promo,First month 50% off,
2026-07-11,5445,27105,10x10,V_1435851,price,131,110
2026-07-11,5445,27105,10x15,V_1436243,price,128,125
2026-07-11,1880,08223,10x10,V_322541,price,174,172
2026-07-11,1880,08223,10x20,V_1518570,promo,,First month 50% off
2026-07-11,1310,20621,10x10,V_1433520,promo,First month 50% off,
2026-07-11,1194,28166,5x15,V_176829,promo,First month 50% off,$1 first month rent
2026-07-11,1357,22003,5x10,V_1543102,promo,First month 50% off,
2026-07-11,2026,08466,5x10,V_337362,promo,$1 first month rent,First month 50% off
2026-07-11,2026,08466,10x10,V_336252,promo,First month 50% off,
2026-07-11,5589,27107,5x5,V_1543093,price,43,42
2026-07-11,5589,27107,10x15,V_1389143,promo,First month 50% off,
2026-07-11,1334,28176,5x10,V_167315,price,53,50
2026-07-11,1009,21708,5x15,V_214545,promo,First month 50% off,$1 first month rent
2026-07-11,1091,28175,5x10,V_1490672,price,48,47
2026-07-11,1091,28175,5x10,V_1490672,promo,First month 50% off,
2026-07-11,1091,28175,10x10,V_1529453,promo,First month 50% off,$1 first month rent
2026-07-11,1091,28175,10x20,V_1490670,promo,2nd Month Free,First month 50% off
2026-07-11,1080,26806,5x10,V_1543047,price,26,25
2026-07-11,1064,28163,5x5,V_151846,promo,,First month 50% off
2026-07-11,1064,28163,Parking,V_1538399,promo,First month 50% off,$1 first month rent
2026-07-11,1210,27818,5x5,V_181753,promo,$1 first month rent,First month 50% off
2026-07-11,1210,27818,10x10,V_1558822,price,176,133
2026-07-11,1210,27818,10x15,V_578069,price,171,152
2026-07-11,1350,22314,5x5,V_155145,promo,$1 first month rent,First month 50% off
2026-07-11,1350,22314,5x10,V_155143,promo,First month 50% off,
2026-07-11,1350,22314,5x10,V_569481,promo,$1 first month rent,First month 50% off
2026-07-11,1350,22314,10x30,V_582596,promo,2nd Month Free,First month 50% off
2026-07-11,991,23308,10x10,V_1542409,price,155,151
2026-07-11,1737,08064,5x10,V_338317,price,92,90
2026-07-11,1737,08064,10x10,V_1558505,price,165,136
2026-07-11,1737,08064,10x10,V_1355185,promo,First month 50% off,$1 first month rent
2026-07-11,1737,08064,10x15,V_1558506,promo,First month 50% off,$1 first month rent
2026-07-11,1251,22334,10x15,V_566672,price,180,173
2026-07-11,1166,20732,5x10,V_156176,price,78,72
2026-07-11,1166,20732,10x15,V_156173,promo,First month 50% off,
2026-07-11,1166,20732,10x20,V_1555233,promo,First month 50% off,2nd Month Free
2026-07-11,1341,21814,5x5,V_1549421,promo,First month 50% off,
2026-07-11,1341,21814,5x5,V_165039,price,25,24
2026-07-11,1349,22308,5x15,V_1353169,price,76,70
2026-07-11,1879,08222,10x10,V_336158,promo,$1 first month rent,First month 50% off
2026-07-11,1879,08222,10x15,V_336156,promo,$1 first month rent,First month 50% off
2026-07-11,925,20262,10x15,V_142590,price,163,161
2026-07-11,1731,08058,10x10,V_308245,promo,$1 first month rent,
2026-07-11,1232,28362,5x15,V_1326810,price,125,106
2026-07-11,1232,28362,10x15,V_1326812,price,136,126
2026-07-11,1273,28361,5x5,V_180435,promo,$1 first month rent,First month 50% off
2026-07-11,1487,27823,10x15,V_569773,promo,,First month 50% off
2026-07-11,1733,08060,10x15,V_337206,promo,First month 50% off,$1 first month rent
2026-07-11,1359,26804,10x10,V_224744,promo,$1 first month rent,First month 50% off
2026-07-11,1359,26804,10x10,V_1586384,promo,$1 first month rent,First month 50% off
2026-07-11,1359,26804,5x15,V_1586386,promo,$1 first month rent,First month 50% off
2026-07-11,1359,26804,10x10,V_164764,promo,$1 first month rent,First month 50% off
2026-07-11,6381,23792,5x5,V_1553156,promo,First month 50% off,$1 first month rent
2026-07-11,6381,23792,10x10,V_1547851,price,114,107
2026-07-11,1344,20291,5x5,V_152557,price,25,23
2026-07-11,1344,20291,10x10,V_1354891,price,138,131
2026-07-11,1344,20291,10x15,V_152548,price,166,158
2026-07-11,5447,27108,5x15,V_1592762,price,69,67
2026-07-11,5447,27108,10x20,V_1376024,price,281,272
2026-07-11,1884,08227,5x5,V_1578186,promo,,First month 50% off
2026-07-11,1884,08227,10x10,V_337340,promo,First month 50% off,
2026-07-11,1884,08227,10x15,V_589238,promo,First month 50% off,$1 first month rent
2026-07-11,1400,27820,10x10,V_1582770,promo,,First month 50% off
2026-07-11,6025,77801,10x25,V_1473445,price,153,143
2026-07-11,6025,77801,10x20,V_1473437,price,154,145
2026-07-11,6025,77801,10x15,V_1473440,promo,First month 50% off,$1 first month rent
2026-07-11,901,24802,10x15,V_146347,price,164,158
2026-07-11,901,24802,10x20,V_1588261,promo,First month 50% off,
2026-07-11,901,24802,10x20,V_1588258,promo,First month 50% off,
2026-07-11,901,24802,10x20,V_146348,promo,First month 50% off,
2026-07-11,901,24802,10x25,V_146350,promo,First month 50% off,
2026-07-11,901,24802,10x25,V_1588257,promo,First month 50% off,
2026-07-11,5907,22020,5x5,V_1472175,promo,First month 50% off,
2026-07-11,5905,22018,5x10,V_1472119,price,42,38
2026-07-11,5905,22018,10x25,V_1472130,price,199,170
2026-07-11,916,23403,5x5,V_1401170,promo,$1 first month rent,First month 50% off
2026-07-11,916,23403,10x15,V_177732,promo,First month 50% off,$1 first month rent
2026-07-11,1883,08226,5x10,V_339779,promo,$1 first month rent,First month 50% off
2026-07-11,1259,23722,10x10,V_1488938,promo,,First month 50% off
2026-07-11,1878,08221,5x15,V_337364,promo,2nd Month Free,
2026-07-11,1878,08221,10x15,V_1489677,promo,2nd Month Free,
2026-07-11,6382,23796,5x15,V_1547873,price,134,126
2026-07-11,6382,23796,5x15,V_1547873,promo,First month 50% off,$1 first month rent
2026-07-11,6382,23796,10x10,V_1569311,promo,First month 50% off,$1 first month rent
2026-07-11,6382,23796,10x15,V_1547869,promo,First month 50% off,$1 first month rent
2026-07-11,974,22309,10x25,V_1488093,promo,First month 50% off,2nd Month Free
2026-07-11,5909,22022,5x5,V_1470933,price,92,69
2026-07-11,5909,22022,10x10,V_1470932,promo,First month 50% off,$1 first month rent
2026-07-11,1448,21804,5x5,V_1570817,price,35,34
2026-07-11,1448,21804,10x30,V_579359,price,176,146
2026-07-11,1314,23414,10x20,V_1587859,price,190,168
2026-07-11,1314,23414,10x15,V_160389,promo,First month 50% off,$1 first month rent
2026-07-11,1502,27817,5x10,V_214967,promo,$1 first month rent,First month 50% off
2026-07-11,941,28411,10x15,V_177573,promo,First month 50% off,
2026-07-11,941,28411,10x20,V_1538404,promo,2nd Month Free,
2026-07-11,1351,28159,5x5,V_214406,price,45,38
2026-07-11,1351,28159,5x10,V_214405,price,46,44
2026-07-11,2040,08485,10x10,V_1590899,promo,First month 50% off,
2026-07-11,2040,08485,10x30,V_1576266,price,291,288
2026-07-11,1881,08224,10x15,V_322756,promo,First month 50% off,
2026-07-11,1268,07116,5x10,V_1351057,promo,$1 first month rent,
2026-07-11,1268,07116,10x15,V_1356357,promo,First month 50% off,
2026-07-11,1268,07116,10x10,V_180296,promo,First month 50% off,
2026-07-11,1268,07116,10x10,V_1354830,promo,First month 50% off,
2026-07-11,1740,08067,5x10,V_332270,price,136,124
2026-07-11,1740,08067,5x10,V_1351497,price,162,141
2026-07-11,1740,08067,5x10,V_349475,price,167,152
2026-07-11,1740,08067,10x15,V_1325430,price,283,279
2026-07-11,1345,23602,5x5,V_639623,price,91,83
2026-07-11,1326,22336,5x10,V_1589717,price,115,89
2026-07-11,1209,22331,5x5,V_1596602,promo,$1 first month rent,First month 50% off
2026-07-11,1209,22331,5x15,V_1596614,promo,,$1 first month rent
2026-07-11,1738,08065,5x10,V_1571566,promo,,First month 50% off
2026-07-11,1738,08065,10x15,V_1587488,promo,First month 50% off,$1 first month rent
2026-07-11,1738,08065,10x15,V_328935,promo,First month 50% off,$1 first month rent
2026-07-11,1290,22332,10x15,V_181611,promo,,First month 50% off
2026-07-11,2039,08484,5x10,V_337462,promo,First month 50% off,
2026-07-11,2039,08484,10x10,V_337460,promo,$1 first month rent,First month 50% off
2026-07-11,2039,08484,10x10,V_1569083,promo,$1 first month rent,First month 50% off
2026-07-11,2039,08484,10x20,V_1583228,promo,2nd Month Free,First month 50% off
2026-07-11,1425,28165,5x10,V_156309,promo,$1 first month rent,First month 50% off
2026-07-11,1405,25494,10x25,V_1573581,price,282,258
2026-07-11,1339,26407,5x10,V_1569134,promo,First month 50% off,
2026-07-11,1741,08068,10x10,V_323240,price,137,131
2026-07-11,1741,08068,10x10,V_323240,promo,$1 first month rent,First month 50% off
2026-07-11,1741,08068,10x15,V_323231,price,195,180
2026-07-11,5446,27106,10x10,V_1435855,promo,,$1 first month rent
2026-07-11,5446,27106,10x15,V_1436246,promo,,First month 50% off
2026-07-11,834,28010,10x25,V_1522923,promo,,First month 50% off
2026-07-11,1004,28005,10x20,V_1592431,price,152,147
2026-07-11,856,29130,5x10,V_375236,promo,$1 first month rent,
2026-07-11,856,29130,5x15,V_378526,promo,$1 first month rent,First month 50% off
2026-07-11,856,29130,5x15,V_1352947,promo,$1 first month rent,First month 50% off
2026-07-11,856,29130,5x15,V_1352952,promo,$1 first month rent,First month 50% off
2026-07-11,978,28012,5x5,V_1372084,promo,,$1 first month rent
2026-07-11,984,28002,5x10,V_243520,promo,,$1 first month rent
2026-07-11,984,28002,5x10,V_1591111,promo,,First month 50% off
2026-07-11,984,28002,5x5,V_1591114,promo,,First month 50% off
2026-07-11,984,28002,5x5,V_1591125,promo,,$1 first month rent
2026-07-11,984,28002,5x10,V_1589463,promo,,$1 first month rent
2026-07-11,984,28002,5x10,V_1589450,promo,,First month 50% off
2026-07-11,984,28002,5x15,V_243525,promo,,$1 first month rent
2026-07-11,984,28002,5x10,V_1589455,promo,,First month 50% off
2026-07-11,984,28002,10x10,V_243510,promo,,$1 first month rent
2026-07-11,984,28002,10x15,V_1591116,promo,,$1 first month rent
2026-07-11,984,28002,10x10,V_1591120,promo,,$1 first month rent
2026-07-11,984,28002,10x20,V_1591122,promo,,First month 50% off
2026-07-11,984,28002,10x25,V_1591124,promo,,First month 50% off
2026-07-11,984,28002,10x20,V_1566810,promo,,First month 50% off
2026-07-11,1027,28011,10x10,V_371835,promo,$1 first month rent,First month 50% off
2026-07-11,5906,22019,5x10,V_1553791,price,68,51
2026-07-11,5906,22019,5x15,V_1473980,promo,First month 50% off,
2026-07-11,5906,22019,10x10,V_1553925,promo,First month 50% off,
2026-07-11,5906,22019,5x10,V_1473964,promo,,First month 50% off
2026-07-11,1130,28164,5x10,V_179867,price,58,57
2026-07-11,1130,28164,10x10,V_1419805,promo,,First month 50% off
2026-07-11,913,21613,10x10,V_1433962,price,137,125
2026-07-11,5798,27138,5x5,V_1504558,price,48,45
2026-07-11,1275,24524,10x10,V_1433693,price,214,176
2026-07-11,1197,28160,5x10,V_153258,promo,,$1 first month rent
2026-07-11,1229,23404,10x10,V_1589561,price,229,182
2026-07-11,1272,29137,5x5,V_166609,promo,,First month 50% off
2026-07-11,1272,29137,5x15,V_166613,price,84,83
2026-07-11,1272,29137,10x20,V_232315,price,220,175
2026-07-11,1131,07008,5x10,V_152972,promo,First month 50% off,
2026-07-11,1600,25588,10x20,V_1357626,promo,2nd Month Free,First month 50% off
2026-07-11,1144,20495,10x20,V_1577593,price,113,111
2026-07-11,1119,07033,10x20,V_191968,promo,First month 50% off,
2026-07-11,6209,78147,5x10,V_1508597,price,144,135
2026-07-11,6209,78147,5x15,V_1546777,promo,$1 first month rent,First month 50% off
2026-07-11,6209,78147,5x15,V_1508590,promo,$1 first month rent,First month 50% off
2026-07-11,6209,78147,10x10,V_1508612,promo,$1 first month rent,First month 50% off
2026-07-11,6209,78147,10x15,V_1508603,price,250,235
2026-07-11,6209,78147,10x15,V_1508603,promo,First month 50% off,$1 first month rent
2026-07-11,6209,78147,10x10,V_1546787,price,255,239
2026-07-11,1501,26601,5x10,V_1587264,promo,First month 50% off,
2026-07-11,1501,26601,10x20,V_1331814,price,329,290
2026-07-11,6028,77804,10x20,V_1473553,promo,2nd Month Free,First month 50% off
2026-07-11,5267,26677,5x5,V_1366744,promo,First month 50% off,
2026-07-11,5267,26677,10x15,V_1479210,promo,$1 first month rent,First month 50% off
2026-07-11,5267,26677,10x15,V_1366747,promo,$1 first month rent,First month 50% off
2026-07-11,2027,08467,5x10,V_337979,promo,,First month 50% off
2026-07-11,2027,08467,10x10,V_337987,promo,$1 first month rent,First month 50% off
2026-07-11,2138,08708,10x10,V_339094,promo,$1 first month rent,First month 50% off
2026-07-11,2138,08708,10x30,V_1477925,price,161,137
2026-07-11,1202,21407,10x30,V_580983,price,218,200
2026-07-11,6031,77807,5x15,V_1473463,price,47,44
2026-07-11,5365,26921,5x15,V_1485825,promo,2nd Month Free,
2026-07-11,5365,26921,10x10,V_1485811,promo,$1 first month rent,
2026-07-11,5582,27215,10x20,V_1404954,price,147,122
2026-07-11,1746,08073,10x10,V_336881,promo,$1 first month rent,First month 50% off
2026-07-11,1746,08073,10x10,V_1485847,promo,,First month 50% off
2026-07-11,5581,27214,10x10,V_1387749,promo,,$1 first month rent
2026-07-11,6030,77806,5x15,V_1471205,promo,2nd Month Free,First month 50% off
2026-07-11,6030,77806,10x10,V_1471186,promo,2nd Month Free,First month 50% off
2026-07-11,6030,77806,10x15,V_1471198,promo,,$1 first month rent
2026-07-11,6030,77806,10x15,V_1595919,promo,2nd Month Free,First month 50% off
2026-07-11,1747,08074,5x5,V_337399,promo,$1 first month rent,First month 50% off
2026-07-11,1747,08074,10x20,V_1488207,price,125,119
2026-07-11,1747,08074,10x30,V_582504,promo,2nd Month Free,First month 50% off
2026-07-11,1747,08074,10x30,V_1588566,promo,2nd Month Free,First month 50% off
2026-07-11,1748,08075,10x10,V_331424,price,109,104
2026-07-11,1748,08075,10x10,V_331424,promo,,First month 50% off
2026-07-11,1748,08075,10x20,V_1488219,price,128,121
2026-07-11,1748,08075,10x20,V_1488219,promo,2nd Month Free,First month 50% off
2026-07-11,1484,28192,10x25,V_1532863,price,164,142
2026-07-11,1343,28193,10x15,V_209907,promo,,$1 first month rent
2026-07-11,5233,26651,5x10,V_1420979,promo,$1 first month rent,
2026-07-11,1069,21803,5x10,V_208068,price,46,41
2026-07-11,1069,21803,10x15,V_208063,price,99,91
2026-07-11,1069,21803,10x20,V_1532843,promo,2nd Month Free,First month 50% off
2026-07-11,2583,26554,5x5,V_1458539,promo,,First month 50% off
2026-07-11,2583,26554,10x20,V_1532884,price,108,90
2026-07-11,6037,77813,10x10,V_1513417,price,35,33
2026-07-11,1029,21606,10x30,V_579659,promo,First month 50% off,2nd Month Free
2026-07-11,2625,26591,5x10,V_656327,promo,$1 first month rent,
2026-07-11,2625,26591,10x20,V_1532827,price,126,95
2026-07-11,2625,26591,10x15,V_657779,promo,$1 first month rent,
2026-07-11,1052,21511,10x15,V_173867,price,94,79
2026-07-11,1052,21511,10x10,V_1420688,promo,First month 50% off,$1 first month rent
2026-07-11,2626,26592,10x15,V_656350,price,89,74
2026-07-11,5354,26920,5x10,V_1499225,promo,First month 50% off,$1 first month rent
2026-07-11,5354,26920,10x10,V_1499223,promo,First month 50% off,$1 first month rent
2026-07-11,5738,27418,5x10,V_1406752,promo,,First month 50% off
2026-07-11,5738,27418,10x20,V_1413574,promo,First month 50% off,
2026-07-11,5874,77685,5x10,V_1489318,price,62,56
2026-07-11,5874,77685,10x10,V_1489315,price,84,80
2026-07-11,5359,26922,10x10,V_1486533,promo,$1 first month rent,First month 50% off
2026-07-11,1200,24118,10x15,V_639571,promo,,First month 50% off
2026-07-11,1213,24119,5x5,V_1572466,promo,First month 50% off,
2026-07-11,1213,24119,10x10,V_1513930,promo,,$1 first month rent
2026-07-11,1175,24446,10x10,V_1516812,promo,$1 first month rent,First month 50% off
2026-07-11,1175,24446,Parking,V_1518340,promo,,$1 first month rent
2026-07-11,1331,24117,5x10,V_153123,price,72,66
2026-07-11,1424,07109,10x10,V_1489665,promo,$1 first month rent,First month 50% off
2026-07-11,5764,77774,5x10,V_1582395,price,51,49
2026-07-11,5764,77774,10x15,V_1582401,price,88,83
2026-07-11,5913,22026,10x15,V_1471022,promo,First month 50% off,$1 first month rent
2026-07-11,5913,22026,10x10,V_1471039,promo,,First month 50% off
2026-07-11,5913,22026,10x20,V_1471028,price,206,202
2026-07-11,5913,22026,10x20,V_1571053,price,272,229
2026-07-11,1945,08372,5x10,V_1351645,promo,$1 first month rent,First month 50% off
2026-07-11,1945,08372,5x10,V_337683,promo,$1 first month rent,First month 50% off
2026-07-11,1945,08372,5x10,V_337767,promo,$1 first month rent,First month 50% off
2026-07-11,1945,08372,5x10,V_337766,promo,$1 first month rent,First month 50% off
2026-07-11,1945,08372,10x15,V_337755,promo,$1 first month rent,First month 50% off
2026-07-11,1945,08372,10x10,V_337749,promo,$1 first month rent,First month 50% off
2026-07-11,1945,08372,5x10,V_1351642,promo,$1 first month rent,First month 50% off
2026-07-11,1945,08372,10x15,V_337685,promo,$1 first month rent,First month 50% off
2026-07-11,1945,08372,5x15,V_1538685,promo,$1 first month rent,First month 50% off
2026-07-11,1945,08372,10x15,V_1584842,promo,$1 first month rent,First month 50% off
2026-07-11,1945,08372,10x10,V_337763,promo,$1 first month rent,First month 50% off
2026-07-11,1945,08372,10x10,V_1355312,promo,$1 first month rent,First month 50% off
2026-07-11,1945,08372,10x15,V_1538684,promo,$1 first month rent,First month 50% off
2026-07-11,1945,08372,10x20,V_1357774,promo,2nd Month Free,First month 50% off
2026-07-11,1945,08372,10x20,V_1588644,promo,2nd Month Free,First month 50% off
2026-07-11,1945,08372,10x25,V_1584846,promo,2nd Month Free,First month 50% off
2026-07-11,1945,08372,10x25,V_1358257,promo,2nd Month Free,First month 50% off
2026-07-11,1238,24425,10x15,V_175274,promo,$1 first month rent,First month 50% off
2026-07-11,1282,21602,10x10,V_1410258,price,58,56
2026-07-11,1053,26402,10x10,V_1417758,price,48,44
2026-07-11,5915,22028,10x30,V_1471090,promo,First month 50% off,
2026-07-11,5915,22028,10x30,V_1508336,promo,First month 50% off,
2026-07-11,5915,22028,10x20,V_1508338,promo,First month 50% off,
2026-07-11,5911,22024,10x10,V_1470976,price,113,89
2026-07-11,5912,22025,10x15,V_1471018,price,162,122
2026-07-11,6035,77811,5x10,V_1471231,price,48,45
2026-07-11,6035,77811,10x15,V_1471224,price,122,115
2026-07-11,6036,77812,5x10,V_1473561,price,46,43
2026-07-11,6036,77812,10x10,V_1576067,price,99,93
2026-07-11,6036,77812,10x30,V_1473585,price,222,209
2026-07-11,1377,07039,10x10,V_349572,promo,,First month 50% off
2026-07-11,1377,07039,10x20,V_1488199,price,142,119
2026-07-11,6491,77961,5x10,V_1585557,price,25,23
2026-07-11,6491,77961,10x15,V_1574972,price,48,45
2026-07-11,6491,77961,10x20,V_1574974,price,72,68
2026-07-11,6491,77961,10x20,V_1582519,price,96,90
2026-07-11,5803,27587,5x5,V_1446933,promo,$1 first month rent,First month 50% off
2026-07-11,5803,27587,5x10,V_1446940,promo,$1 first month rent,First month 50% off
2026-07-11,5803,27587,10x20,V_1446939,price,157,140
2026-07-11,5803,27587,10x20,V_1446939,promo,2nd Month Free,First month 50% off
2026-07-11,5803,27587,10x20,V_1436793,promo,2nd Month Free,First month 50% off
2026-07-11,5803,27587,10x20,V_1489146,promo,First month 50% off,2nd Month Free
2026-07-11,5803,27587,10x30,V_1489143,promo,2nd Month Free,First month 50% off
2026-07-11,5837,77662,5x15,V_1424400,price,49,46
2026-07-11,5837,77662,10x20,V_1489120,price,188,176
2026-07-11,1124,24220,10x20,V_1533576,promo,,First month 50% off
2026-07-11,6266,77998,5x15,V_1525177,price,54,50
2026-07-11,6266,77998,10x15,V_1525178,price,124,116
2026-07-11,6265,77994,5x10,V_1525126,price,18,17
2026-07-11,6265,77994,5x10,V_1582321,price,20,19
2026-07-11,6120,77839,10x25,V_1483610,promo,,2nd Month Free
2026-07-11,1050,23202,10x10,V_383445,price,81,78
2026-07-11,1050,23202,10x15,V_383133,promo,First month 50% off,
2026-07-11,6139,77714,5x5,V_1489773,price,46,43
2026-07-11,6139,77714,10x10,V_1495214,promo,$1 first month rent,First month 50% off
2026-07-11,957,28022,10x10,V_1435812,price,78,73
2026-07-11,957,28022,10x10,V_1435812,promo,$1 first month rent,First month 50% off
2026-07-11,6033,77809,5x10,V_1473646,promo,First month 50% off,$1 first month rent
2026-07-11,6033,77809,10x20,V_1473637,price,162,152
2026-07-11,6267,77999,10x10,V_1525205,price,106,99
2026-07-11,938,28215,10x15,V_389328,promo,$1 first month rent,First month 50% off
2026-07-11,938,28215,10x25,V_1533637,promo,First month 50% off,2nd Month Free
2026-07-11,1141,28381,10x20,V_1533649,promo,2nd Month Free,
2026-07-11,924,24616,10x25,V_1533623,promo,,First month 50% off
2026-07-11,5456,27121,5x5,V_1491445,promo,$1 first month rent,First month 50% off
2026-07-11,5456,27121,5x10,V_1435114,promo,$1 first month rent,
2026-07-11,5456,27121,5x10,V_1491450,promo,First month 50% off,
2026-07-11,5456,27121,5x10,V_1491428,promo,First month 50% off,
2026-07-11,5456,27121,5x10,V_1435116,promo,First month 50% off,
2026-07-11,5456,27121,5x15,V_1435581,promo,First month 50% off,
2026-07-11,5456,27121,10x15,V_1436283,promo,First month 50% off,
2026-07-11,5456,27121,5x15,V_1435580,promo,$1 first month rent,
2026-07-11,5456,27121,5x15,V_1435584,promo,First month 50% off,
2026-07-11,5456,27121,5x15,V_1491438,promo,First month 50% off,
2026-07-11,5456,27121,5x15,V_1491432,promo,First month 50% off,
2026-07-11,5456,27121,10x15,V_1436284,promo,First month 50% off,
2026-07-11,5456,27121,10x25,V_1491443,promo,First month 50% off,
2026-07-11,1155,24215,10x10,V_1591800,promo,First month 50% off,
2026-07-11,1155,24215,5x15,V_1591798,promo,First month 50% off,$1 first month rent
2026-07-11,1183,28211,10x30,V_583061,promo,First month 50% off,
2026-07-11,6034,77810,5x5,V_1476016,promo,,First month 50% off
2026-07-11,6034,77810,Parking,V_1575620,promo,,First month 50% off
2026-07-11,6034,77810,10x20,V_1473693,promo,,First month 50% off
2026-07-11,6034,77810,10x20,V_1473682,promo,,First month 50% off
2026-07-11,6034,77810,10x25,V_1473692,promo,,First month 50% off
2026-07-11,969,23212,Parking,V_1543461,promo,$1 first month rent,First month 50% off
2026-07-11,6053,28383,5x10,V_1464336,price,23,22
2026-07-11,6311,77640,5x5,V_1586624,price,22,21
2026-07-11,6311,77640,10x20,V_1531987,price,196,184
2026-07-11,6493,77942,5x10,V_1576041,price,30,29
2026-07-11,1143,24222,5x10,V_1418284,price,76,59
2026-07-11,1143,24222,5x10,V_1418284,promo,,$1 first month rent
2026-07-11,1143,24222,Parking,V_1573572,promo,,$1 first month rent
2026-07-11,1143,24222,10x10,V_387435,promo,,$1 first month rent
2026-07-11,1143,24222,5x15,V_1418283,promo,,$1 first month rent
2026-07-11,1143,24222,10x10,V_588710,promo,,First month 50% off
2026-07-11,1143,24222,10x15,V_588711,promo,,First month 50% off
2026-07-11,1143,24222,10x20,V_1584809,promo,,2nd Month Free
2026-07-11,1143,24222,10x10,V_595280,promo,,$1 first month rent
2026-07-11,1143,24222,10x30,V_588716,promo,,2nd Month Free
2026-07-11,966,24436,10x25,V_1533550,price,128,104
2026-07-11,964,24430,5x10,V_584837,promo,First month 50% off,$1 first month rent
2026-07-11,964,24430,10x10,V_138970,price,123,99
2026-07-11,1442,24429,5x15,V_1415743,promo,,$1 first month rent
2026-07-11,960,24428,5x10,V_138703,price,52,42
2026-07-11,960,24428,5x15,V_138705,price,58,45
2026-07-11,960,24428,5x10,V_584835,promo,$1 first month rent,
2026-07-11,960,24428,10x15,V_138695,promo,,First month 50% off
2026-07-11,1082,24434,10x20,V_1561838,price,144,109
2026-07-11,6115,77836,5x15,V_1486646,promo,$1 first month rent,First month 50% off
2026-07-11,6115,77836,10x15,V_1483491,promo,$1 first month rent,First month 50% off
2026-07-11,6115,77836,10x15,V_1486636,promo,$1 first month rent,First month 50% off
2026-07-11,6115,77836,10x30,V_1483502,promo,2nd Month Free,First month 50% off
2026-07-11,1269,24404,10x10,V_1431299,price,92,91
2026-07-11,1242,24305,5x15,V_212862,promo,$1 first month rent,First month 50% off
2026-07-11,1353,28223,10x15,V_213422,promo,$1 first month rent,
2026-07-11,5459,27125,10x10,V_1435917,price,111,108
2026-07-11,6278,77704,5x5,V_1526843,price,22,20
2026-07-11,6278,77704,5x5,V_1522505,price,24,23
2026-07-11,6278,77704,5x10,V_1526849,price,35,33
2026-07-11,1463,24403,Parking,V_1514124,promo,First month 50% off,
2026-07-11,1463,24403,10x20,V_1541699,promo,First month 50% off,
2026-07-11,1463,24403,10x30,V_579520,promo,First month 50% off,
2026-07-11,6149,77651,5x5,V_1490705,promo,$1 first month rent,
2026-07-11,6149,77651,10x15,V_1490701,price,188,176
2026-07-11,6149,77651,10x20,V_1490690,promo,First month 50% off,
2026-07-11,6149,77651,10x20,V_1490711,price,194,182
2026-07-11,6534,78136,5x10,V_1594568,price,44,41
2026-07-11,6534,78136,10x20,V_1594566,price,116,109
2026-07-11,6336,78020,10x10,V_1538709,price,71,53
2026-07-11,6213,77922,10x20,V_1520640,price,122,114
2026-07-11,6469,78084,5x15,V_1569589,price,62,59
2026-07-11,6469,78084,10x15,V_1569595,price,111,104
2026-07-11,6469,78084,10x20,V_1569592,promo,2nd Month Free,First month 50% off
2026-07-11,5492,26983,10x10,V_1435944,promo,First month 50% off,
2026-07-11,5492,26983,10x15,V_1449309,promo,$1 first month rent,First month 50% off
2026-07-11,1048,20175,10x10,V_1444078,promo,$1 first month rent,First month 50% off
2026-07-11,2239,25740,5x15,V_577481,promo,$1 first month rent,First month 50% off
2026-07-11,2239,25740,10x20,V_1408039,promo,2nd Month Free,First month 50% off
2026-07-11,5493,26984,5x5,V_1434758,promo,First month 50% off,$1 first month rent
2026-07-11,940,07120,10x10,V_135076,price,92,89
2026-07-11,1001,21704,10x10,V_138833,promo,,First month 50% off
2026-07-11,1001,21704,10x15,V_138836,promo,$1 first month rent,First month 50% off
2026-07-11,783,24321,5x10,V_647153,price,43,41
2026-07-11,783,24321,10x10,V_587310,promo,First month 50% off,$1 first month rent
2026-07-11,1000,25468,10x30,V_1547329,price,135,116
2026-07-11,6383,23799,10x10,V_1547895,promo,$1 first month rent,First month 50% off
2026-07-11,2530,29222,5x5,V_642389,promo,$1 first month rent,First month 50% off
2026-07-11,2530,29222,10x10,V_642391,promo,$1 first month rent,First month 50% off
2026-07-11,2295,25834,5x10,V_607311,promo,First month 50% off,
2026-07-11,2295,25834,5x5,V_634236,promo,,First month 50% off
2026-07-11,2295,25834,5x10,V_1352084,promo,,First month 50% off
2026-07-11,2295,25834,5x15,V_607314,price,133,125
2026-07-11,2295,25834,5x5,V_1540096,promo,,First month 50% off
2026-07-11,2295,25834,5x15,V_634154,promo,,First month 50% off
2026-07-11,2295,25834,5x15,V_1353843,promo,,First month 50% off
2026-07-11,2295,25834,10x10,V_1540098,promo,,First month 50% off
2026-07-11,2295,25834,10x15,V_607317,promo,,First month 50% off
2026-07-11,2295,25834,10x30,V_607300,promo,,First month 50% off
2026-07-11,5338,26912,5x5,V_1409627,promo,,First month 50% off
2026-07-11,5338,26912,5x5,V_1495179,promo,,$1 first month rent
2026-07-11,5338,26912,10x10,V_1409628,price,225,169
2026-07-11,5338,26912,10x10,V_1409628,promo,,First month 50% off
2026-07-11,5338,26912,5x10,V_1405243,promo,,$1 first month rent
2026-07-11,5338,26912,5x10,V_1495181,promo,,First month 50% off
2026-07-11,5338,26912,5x15,V_1540303,promo,,First month 50% off
2026-07-11,5338,26912,10x10,V_1495182,promo,,$1 first month rent
2026-07-11,5338,26912,10x15,V_1566708,promo,,First month 50% off
2026-07-11,5338,26912,10x20,V_1540304,promo,,First month 50% off
2026-07-11,5338,26912,10x20,V_1566707,promo,,First month 50% off
2026-07-11,5338,26912,10x30,V_1566703,promo,,First month 50% off
2026-07-11,2297,25833,10x10,V_1579612,price,305,254
2026-07-11,5380,26933,5x10,V_1379583,promo,,$1 first month rent
2026-07-11,5380,26933,10x10,V_1388418,promo,First month 50% off,$1 first month rent
2026-07-11,5380,26933,10x15,V_1387817,promo,$1 first month rent,First month 50% off
2026-07-11,5380,26933,10x15,V_1387806,price,228,221
2026-07-11,1468,29183,5x10,V_206314,promo,First month 50% off,$1 first month rent
2026-07-11,1474,23427,5x10,V_572600,price,132,121
2026-07-11,1474,23427,10x15,V_1356468,promo,First month 50% off,
2026-07-11,848,27016,5x5,V_1538483,promo,,2nd Month Free
2026-07-11,848,27016,5x10,V_201242,promo,First month 50% off,2nd Month Free
2026-07-11,848,27016,5x5,V_201246,promo,,$1 Special
2026-07-11,848,27016,5x5,V_1349096,promo,First month 50% off,50% off 1st Month
2026-07-11,848,27016,5x15,V_201247,promo,$1 first month rent,50% off 1st Month
2026-07-11,848,27016,5x15,V_1352945,promo,First month 50% off,50% off 1st Month
2026-07-11,848,27016,5x10,V_1350843,promo,,2nd Month Free
2026-07-11,848,27016,5x10,V_1350844,promo,,2nd Month Free
2026-07-11,848,27016,10x10,V_1538486,promo,First month 50% off,50% off 1st Month
2026-07-11,848,27016,10x10,V_201232,promo,,2nd Month Free
2026-07-11,2296,25835,5x15,V_1517833,price,180,155
2026-07-11,1488,29173,10x15,V_211798,promo,$1 first month rent,First month 50% off
2026-07-11,5355,77523,10x15,V_1379542,price,156,146
2026-07-11,851,27011,10x20,V_1528591,promo,First month 50% off,
2026-07-11,2261,25763,5x10,V_1570820,price,102,89
2026-07-11,970,26604,5x5,V_572646,promo,$1 first month rent,First month 50% off
2026-07-11,970,26604,5x5,V_1568803,promo,$1 first month rent,First month 50% off
2026-07-11,970,26604,5x10,V_201096,promo,$1 first month rent,First month 50% off
2026-07-11,970,26604,5x10,V_1350911,promo,$1 first month rent,First month 50% off
2026-07-11,970,26604,5x10,V_572609,promo,$1 first month rent,First month 50% off
2026-07-11,970,26604,5x10,V_575326,promo,$1 first month rent,First month 50% off
2026-07-11,970,26604,10x10,V_572617,price,170,166
2026-07-11,6384,23802,10x10,V_1547916,price,97,91
2026-07-11,6162,77880,5x10,V_1493580,price,77,72
2026-07-11,2294,25836,10x10,V_607536,price,146,130
2026-07-11,1594,24447,5x15,V_239976,price,132,110
2026-07-11,1594,24447,5x15,V_1353286,price,150,115
2026-07-11,1594,24447,5x15,V_239977,price,148,124
2026-07-11,1594,24447,10x10,V_239980,price,141,133
2026-07-11,908,29163,5x5,V_208254,promo,,First month 50% off
2026-07-11,908,29163,10x15,V_1356272,price,105,103
2026-07-11,5887,27598,5x5,V_1444400,price,33,31
2026-07-11,5887,27598,5x5,V_1493756,promo,$1 first month rent,
2026-07-11,5887,27598,10x15,V_1444402,price,183,172
2026-07-11,891,21509,5x5,V_202764,promo,,2nd Month Free
2026-07-11,891,21509,5x5,V_1349115,promo,,2nd Month Free
2026-07-11,891,21509,5x10,V_627952,price,56,50
2026-07-11,891,21509,5x10,V_627952,promo,$1 first month rent,$1 Special
2026-07-11,891,21509,5x5,V_1349114,promo,,2nd Month Free
2026-07-11,891,21509,5x10,V_202762,price,67,60
2026-07-11,891,21509,5x10,V_202762,promo,,2nd Month Free
2026-07-11,891,21509,5x10,V_1350880,promo,,2nd Month Free
2026-07-11,891,21509,10x10,V_202749,promo,First month 50% off,50% off 1st Month
2026-07-11,891,21509,10x10,V_1354668,promo,,2nd Month Free
2026-07-11,891,21509,10x15,V_1356267,promo,First month 50% off,50% off 1st Month
2026-07-11,891,21509,10x20,V_1594110,promo,,2nd Month Free
2026-07-11,891,21509,10x20,V_202756,promo,,2nd Month Free
2026-07-11,891,21509,10x20,V_1357450,promo,,2nd Month Free
2026-07-11,891,21509,10x30,V_583101,promo,,2nd Month Free
2026-07-11,930,26831,5x15,V_1562825,promo,$1 first month rent,
2026-07-11,930,26831,10x10,V_1562826,promo,First month 50% off,$1 first month rent
2026-07-11,5796,78098,10x20,V_1596170,price,254,239
2026-07-11,5796,78098,10x30,V_1596168,promo,First month 50% off,2nd Month Free
2026-07-11,6283,77879,5x5,V_1527007,price,30,29
2026-07-11,6283,77879,5x5,V_1527024,price,28,29
2026-07-11,6283,77879,5x5,V_1539418,price,33,34
2026-07-11,6283,77879,5x5,V_1540509,price,35,34
2026-07-11,6283,77879,5x10,V_1539594,price,55,52
2026-07-11,6283,77879,10x10,V_1527010,price,74,69
2026-07-11,6385,23809,10x10,V_1547954,promo,$1 first month rent,First month 50% off
2026-07-11,6330,78023,10x15,V_1537323,price,126,118
2026-07-11,5257,77504,5x10,V_1410175,price,26,25
2026-07-11,5255,77502,5x10,V_1572697,price,34,32
2026-07-11,5255,77502,5x10,V_1531282,price,39,37
2026-07-11,5255,77502,10x10,V_1555960,price,54,51
2026-07-11,5255,77502,10x10,V_1531279,promo,$1 first month rent,First month 50% off
2026-07-11,6086,77656,5x5,V_1480543,promo,First month 50% off,
2026-07-11,6086,77656,10x10,V_1480522,price,95,89
2026-07-11,6074,77692,5x10,V_1478397,price,66,62
2026-07-11,897,24208,10x15,V_200388,promo,$1 first month rent,First month 50% off
2026-07-11,6310,78015,5x10,V_1585057,promo,,$1 first month rent
2026-07-11,6310,78015,10x15,V_1585049,promo,First month 50% off,$1 first month rent
2026-07-11,6310,78015,5x15,V_1585041,promo,,$1 first month rent
2026-07-11,6310,78015,10x15,V_1585055,promo,First month 50% off,$1 first month rent
2026-07-11,2298,25837,10x10,V_1355595,promo,First month 50% off,$1 first month rent
2026-07-11,2298,25837,10x15,V_1356957,promo,First month 50% off,$1 first month rent
2026-07-11,2029,08469,10x15,V_341110,price,161,160
2026-07-11,5503,27145,5x10,V_1381289,price,107,96
2026-07-11,1465,29182,5x10,V_1511604,price,35,33
2026-07-11,1465,29182,10x15,V_1511607,price,191,179
2026-07-11,1465,29182,10x20,V_1498715,price,230,216
2026-07-11,1437,07016,5x10,V_182308,price,56,46
2026-07-11,1437,07016,10x10,V_570884,promo,First month 50% off,$1 first month rent
2026-07-11,1437,07016,10x15,V_182296,promo,First month 50% off,$1 first month rent
2026-07-11,6238,77957,10x20,V_1521425,price,292,274
2026-07-11,5544,27187,5x5,V_1382678,promo,First month 50% off,$1 first month rent
2026-07-11,5544,27187,10x10,V_1382672,promo,First month 50% off,
2026-07-11,5544,27187,10x15,V_1382676,price,162,157
2026-07-11,1365,26835,5x10,V_193400,promo,First month 50% off,
2026-07-11,5529,27172,5x5,V_1382162,price,25,23
2026-07-11,1378,20288,5x15,V_188842,promo,,First month 50% off
2026-07-11,1378,20288,5x15,V_1353180,promo,2nd Month Free,
2026-07-11,1378,20288,10x10,V_1354913,promo,2nd Month Free,
2026-07-11,5741,27109,5x5,V_1407569,price,40,33
2026-07-11,5741,27109,5x10,V_1414042,price,41,36
2026-07-11,5741,27109,5x10,V_1498684,price,52,40
2026-07-11,5741,27109,10x10,V_1407575,price,78,73
2026-07-11,5741,27109,10x20,V_1407587,price,161,151
2026-07-11,5741,27109,10x20,V_1498686,price,222,167
2026-07-11,5741,27109,10x30,V_1407560,price,375,335
2026-07-11,6306,77665,10x10,V_1594375,price,75,71
2026-07-11,6306,77665,10x10,V_1527963,price,85,80
2026-07-11,6306,77665,10x20,V_1527972,price,142,133
2026-07-11,6191,77664,5x10,V_1500213,promo,,$1 first month rent
2026-07-11,6191,77664,5x10,V_1500219,promo,,First month 50% off
2026-07-11,6191,77664,5x10,V_1500202,promo,,First month 50% off
2026-07-11,6191,77664,10x25,V_1566084,promo,,First month 50% off
2026-07-11,1276,24234,5x5,V_196391,price,54,53
2026-07-11,1173,26803,10x10,V_188971,promo,First month 50% off,$1 first month rent
2026-07-11,5505,27147,10x15,V_1381358,promo,First month 50% off,2nd Month Free
2026-07-11,5506,27148,10x10,V_1381369,promo,$1 first month rent,First month 50% off
2026-07-11,5506,27148,10x20,V_1531143,price,228,221
2026-07-11,6386,23815,10x20,V_1547975,price,264,248
2026-07-11,5750,27110,5x5,V_1410327,price,42,35
2026-07-11,5750,27110,5x5,V_1410327,promo,First month 50% off,$1 first month rent
2026-07-11,5750,27110,5x5,V_1498855,price,43,37
2026-07-11,5750,27110,5x5,V_1498855,promo,First month 50% off,$1 first month rent
2026-07-11,5750,27110,5x5,V_1409052,price,49,38
2026-07-11,5750,27110,5x5,V_1409056,price,50,40
2026-07-11,5750,27110,5x10,V_1498860,price,65,62
2026-07-11,5750,27110,5x10,V_1498860,promo,First month 50% off,$1 first month rent
2026-07-11,5750,27110,5x10,V_1498857,price,77,62
2026-07-11,5750,27110,5x10,V_1498857,promo,First month 50% off,$1 first month rent
2026-07-11,5750,27110,5x10,V_1409057,price,76,67
2026-07-11,5750,27110,5x10,V_1409057,promo,First month 50% off,$1 first month rent
2026-07-11,5750,27110,10x10,V_1498851,price,134,107
2026-07-11,5750,27110,10x10,V_1409051,price,142,116
2026-07-11,5750,27110,10x15,V_1409050,price,183,155
2026-07-11,5750,27110,10x20,V_1409064,price,171,158
2026-07-11,5750,27110,10x20,V_1409064,promo,First month 50% off,2nd Month Free
2026-07-11,5750,27110,10x20,V_1409054,price,203,178
2026-07-11,1271,20915,10x20,V_1531180,price,167,150
2026-07-11,1388,29170,5x10,V_185129,price,79,75
2026-07-11,5543,27186,10x15,V_1382633,price,217,197
2026-07-11,5532,27175,5x10,V_1382261,price,108,88
2026-07-11,5532,27175,5x15,V_1382259,price,128,125
2026-07-11,5532,27175,10x10,V_1382248,promo,$1 first month rent,First month 50% off
2026-07-11,6230,29297,5x5,V_1519610,price,27,26
2026-07-11,1515,29186,5x5,V_228488,promo,$1 first month rent,First month 50% off
2026-07-11,1515,29186,10x15,V_1498909,price,147,141
2026-07-11,1375,29146,5x15,V_184417,promo,First month 50% off,
2026-07-11,1375,29146,10x20,V_1499092,price,288,266
2026-07-11,1375,29146,10x20,V_1499092,promo,2nd Month Free,
2026-07-11,1375,29146,10x15,V_1499093,promo,First month 50% off,
2026-07-11,1375,29146,10x20,V_1532607,promo,2nd Month Free,
2026-07-11,1375,29146,10x20,V_1532598,promo,2nd Month Free,
2026-07-11,2256,25754,5x10,V_589270,promo,First month 50% off,
2026-07-11,1309,27816,5x5,V_567209,promo,First month 50% off,
2026-07-11,1309,27816,5x10,V_1570041,promo,First month 50% off,
2026-07-11,1309,27816,10x10,V_1573934,promo,First month 50% off,$1 first month rent
2026-07-11,1309,27816,Parking,V_1518084,promo,First month 50% off,
2026-07-11,5534,27177,5x10,V_1382344,promo,First month 50% off,
2026-07-11,5534,27177,10x10,V_1382334,promo,$1 first month rent,First month 50% off
2026-07-11,1823,08150,10x20,V_589330,promo,,2nd Month Free
2026-07-11,5508,27150,5x5,V_1381443,price,36,35
2026-07-11,5508,27150,10x15,V_1381450,promo,$1 first month rent,First month 50% off
2026-07-11,5525,27168,5x15,V_1382044,promo,First month 50% off,
2026-07-11,5525,27168,10x10,V_1382031,promo,$1 first month rent,First month 50% off
2026-07-11,1352,24611,5x10,V_575419,promo,First month 50% off,
2026-07-11,5511,27153,5x10,V_1381534,price,94,89
2026-07-11,5511,27153,5x15,V_1381524,price,126,119
2026-07-11,5511,27153,10x10,V_1381533,price,153,143
2026-07-11,5511,27153,10x15,V_1381538,price,239,224
2026-07-11,5511,27153,10x20,V_1381532,price,287,269
2026-07-11,1361,24235,5x10,V_1596528,promo,$1 first month rent,First month 50% off
2026-07-11,1361,24235,Parking,V_1596530,promo,$1 first month rent,First month 50% off
2026-07-11,1361,24235,10x20,V_1596529,promo,2nd Month Free,First month 50% off
2026-07-11,1471,24615,5x5,V_1592970,price,14,12
2026-07-11,1750,08077,5x5,V_1537646,price,85,82
2026-07-11,1750,08077,5x15,V_1537648,promo,$1 first month rent,First month 50% off
2026-07-11,1750,08077,5x15,V_1537651,promo,$1 first month rent,First month 50% off
2026-07-11,1750,08077,5x15,V_315359,promo,$1 first month rent,First month 50% off
2026-07-11,1421,20260,5x10,V_176243,promo,First month 50% off,
2026-07-11,1346,27012,5x15,V_185415,price,104,97
2026-07-11,1346,27012,5x15,V_1353167,price,129,104
2026-07-11,1346,27012,5x10,V_1351133,promo,$1 first month rent,First month 50% off
2026-07-11,1346,27012,10x15,V_1565381,promo,$1 first month rent,First month 50% off
2026-07-11,1307,07118,10x10,V_351086,promo,$1 first month rent,First month 50% off
2026-07-11,1307,07118,10x10,V_166444,promo,,First month 50% off
2026-07-11,6337,78031,5x5,V_1538902,price,30,28
2026-07-11,6337,78031,5x15,V_1538885,price,89,83
2026-07-11,6337,78031,10x20,V_1565997,promo,2nd Month Free,First month 50% off
2026-07-11,1754,08081,10x20,V_1531303,price,234,211
2026-07-11,5515,27157,5x15,V_1381677,price,126,119
2026-07-11,5515,27157,10x10,V_1498954,price,167,157
2026-07-11,5515,27157,10x10,V_1434054,price,187,176
2026-07-11,5515,27157,10x20,V_1381680,promo,,First month 50% off
2026-07-11,5515,27157,10x20,V_1498956,promo,2nd Month Free,First month 50% off
2026-07-11,1211,20455,10x15,V_187649,price,185,165
2026-07-11,5519,27161,10x20,V_1381794,promo,First month 50% off,2nd Month Free
2026-07-11,1362,27825,10x10,V_1510703,promo,$1 first month rent,First month 50% off
2026-07-11,5524,27167,5x10,V_1382012,promo,First month 50% off,$1 first month rent
2026-07-11,5524,27167,10x10,V_1382015,promo,First month 50% off,$1 first month rent
2026-07-11,5524,27167,10x15,V_1576427,promo,First month 50% off,$1 first month rent
2026-07-11,5524,27167,10x10,V_1576380,promo,First month 50% off,$1 first month rent
2026-07-11,5524,27167,10x20,V_1382013,promo,First month 50% off,2nd Month Free
2026-07-11,1363,25446,5x5,V_194804,promo,First month 50% off,$1 first month rent
2026-07-11,1363,25446,5x5,V_1597139,price,39,31
2026-07-11,1363,25446,5x5,V_1597139,promo,,First month 50% off
2026-07-11,1363,25446,5x10,V_1597133,price,37,44
2026-07-11,1363,25446,5x10,V_1597133,promo,,$1 first month rent
2026-07-11,1363,25446,5x15,V_1597136,price,67,78
2026-07-11,1363,25446,5x15,V_1597136,promo,,$1 first month rent
2026-07-11,1363,25446,10x10,V_1510701,price,108,103
2026-07-11,1363,25446,10x20,V_1597134,price,209,185
2026-07-11,1363,25446,10x20,V_1597134,promo,,2nd Month Free
2026-07-11,1398,29155,10x10,V_207992,price,115,98
2026-07-11,5512,27154,10x10,V_1381569,promo,$1 first month rent,First month 50% off
2026-07-11,1165,07022,5x5,V_187515,promo,First month 50% off,
2026-07-11,1165,07022,5x10,V_187511,promo,First month 50% off,
2026-07-11,1165,07022,10x20,V_1357495,promo,First month 50% off,
2026-07-11,1828,08156,10x10,V_310946,promo,First month 50% off,
2026-07-11,1828,08156,10x20,V_1535323,promo,,First month 50% off
2026-07-11,1958,08385,10x10,V_308029,promo,First month 50% off,$1 first month rent
2026-07-11,5502,27144,10x10,V_1381264,price,249,233
2026-07-11,1827,08155,5x5,V_343341,promo,First month 50% off,
2026-07-11,1755,08082,5x15,V_1593547,promo,$1 first month rent,First month 50% off
2026-07-11,1752,08079,5x10,V_317019,promo,$1 first month rent,First month 50% off
2026-07-11,5523,27166,5x10,V_1381981,price,141,115
2026-07-11,1751,08078,5x10,V_386114,promo,$1 first month rent,
2026-07-11,1751,08078,Parking,V_1521999,promo,First month 50% off,$1 first month rent
2026-07-11,2463,25860,10x20,V_626550,price,353,351
2026-07-11,2463,25860,10x20,V_626550,promo,,First month 50% off
2026-07-11,1812,08139,5x15,V_1596617,promo,$1 first month rent,First month 50% off
2026-07-11,1812,08139,10x15,V_307886,promo,$1 first month rent,
2026-07-11,5522,27165,5x5,V_1499167,price,69,63
2026-07-11,1065,24806,10x10,V_1492488,price,156,152
2026-07-11,2474,29210,5x5,V_629592,price,12,10
2026-07-11,5498,27111,5x10,V_1390409,price,22,20
2026-07-11,5527,27170,5x5,V_1497986,price,18,17
2026-07-11,5527,27170,5x5,V_1497978,price,18,17
2026-07-11,5535,27178,10x10,V_1498894,price,122,98
2026-07-11,5540,27183,10x20,V_1531366,price,236,207
2026-07-11,2134,08698,10x10,V_337601,price,141,112
2026-07-11,2134,08698,10x10,V_337601,promo,First month 50% off,$1 first month rent
2026-07-11,2134,08698,10x15,V_337613,promo,First month 50% off,$1 first month rent
2026-07-11,1402,20157,5x5,V_178463,promo,$1 first month rent,
2026-07-11,1402,20157,5x5,V_1413568,price,30,29
2026-07-11,1402,20157,10x10,V_1520941,promo,$1 first month rent,First month 50% off
2026-07-11,1402,20157,10x15,V_1413570,price,136,128
2026-07-11,1402,20157,10x20,V_1520940,price,152,143
2026-07-11,2133,08697,5x10,V_341409,promo,,First month 50% off
2026-07-11,2133,08697,10x15,V_341414,promo,First month 50% off,
2026-07-11,2133,08697,10x30,V_1560132,promo,,First month 50% off
2026-07-11,1364,29124,5x10,V_1553467,promo,$1 first month rent,First month 50% off
2026-07-11,1364,29124,Parking,V_1518396,promo,$1 first month rent,First month 50% off
2026-07-11,1364,29124,5x10,V_1478516,promo,$1 first month rent,First month 50% off
2026-07-11,1888,08231,10x15,V_568107,promo,First month 50% off,$1 first month rent
2026-07-11,1187,27331,10x15,V_182582,price,168,158
2026-07-11,2579,26555,5x5,V_650540,promo,,$1 first month rent
2026-07-11,2579,26555,10x10,V_650555,price,113,104
2026-07-11,6221,77951,5x5,V_1516682,price,31,29
2026-07-11,6221,77951,5x10,V_1516684,price,46,44
2026-07-11,6221,77951,10x10,V_1572972,price,102,96
2026-07-11,6221,77951,10x25,V_1516688,price,159,149
2026-07-11,1758,08085,5x10,V_315768,promo,First month 50% off,
2026-07-11,1758,08085,10x15,V_324483,price,146,115
2026-07-11,6208,77930,10x10,V_1511701,promo,First month 50% off,
2026-07-11,6208,77930,5x15,V_1511737,promo,First month 50% off,
2026-07-11,6208,77930,10x10,V_1511897,promo,$1 first month rent,
2026-07-11,1771,08098,10x10,V_1528955,price,97,86
2026-07-11,5649,77731,5x10,V_1394976,price,67,57
2026-07-11,5649,77731,10x10,V_1394975,promo,,First month 50% off
2026-07-11,5649,77731,10x15,V_1394974,price,136,128
2026-07-11,5649,77731,10x20,V_1394973,price,164,140
2026-07-11,5451,27116,5x5,V_1569259,promo,First month 50% off,
2026-07-11,5451,27116,10x15,V_1436266,promo,First month 50% off,
2026-07-11,5451,27116,10x15,V_1436264,promo,First month 50% off,
2026-07-11,1473,24614,10x10,V_1518610,promo,$1 first month rent,
2026-07-11,1473,24614,10x15,V_1518606,price,128,110
2026-07-11,1766,08093,5x10,V_1316541,promo,$1 first month rent,
2026-07-11,5919,22032,10x10,V_1471666,promo,,First month 50% off
2026-07-11,1472,07107,5x5,V_204873,price,12,11
2026-07-11,1472,07107,5x10,V_204868,price,21,19
2026-07-11,1472,07107,10x20,V_204863,promo,First month 50% off,
2026-07-11,1406,23606,5x5,V_1330716,promo,First month 50% off,$1 first month rent
2026-07-11,1406,23606,10x10,V_1541182,promo,$1 first month rent,First month 50% off
2026-07-11,5923,22036,5x10,V_1471814,price,48,44
2026-07-11,5923,22036,5x10,V_1471792,promo,First month 50% off,
2026-07-11,5923,22036,10x20,V_1471789,price,130,113
2026-07-11,1772,08099,10x20,V_309614,promo,,2nd Month Free
2026-07-11,5924,22037,5x10,V_1471846,price,35,26
2026-07-11,5924,22037,10x20,V_1471850,price,147,125
2026-07-11,5924,22037,10x20,V_1471850,promo,,2nd Month Free
2026-07-11,1408,26421,5x5,V_1451271,promo,First month 50% off,
2026-07-11,1408,26421,5x10,V_1554310,price,76,74
2026-07-11,1408,26421,10x30,V_583112,price,184,170
2026-07-11,1914,08261,10x15,V_320940,price,113,89
2026-07-11,1914,08261,10x20,V_1597115,price,133,150
2026-07-11,1914,08261,10x20,V_1597115,promo,,2nd Month Free
2026-07-11,5427,26945,10x10,V_1417788,promo,First month 50% off,$1 first month rent
2026-07-11,1762,08089,10x10,V_340970,price,79,72
2026-07-11,1762,08089,10x15,V_340968,price,111,104
2026-07-11,2135,08701,10x10,V_331318,promo,First month 50% off,
2026-07-11,2135,08701,10x20,V_1455726,price,216,163
2026-07-11,2135,08701,10x20,V_1455717,price,167,183
2026-07-11,1332,27812,10x20,V_1544169,price,162,152
2026-07-11,5452,27117,10x15,V_1436268,price,81,80
2026-07-11,5452,27117,10x20,V_1436565,price,102,89
2026-07-11,5449,27113,5x10,V_1435070,promo,$1 first month rent,
2026-07-11,5920,22033,Locker,V_1597187,price,24,25
2026-07-11,5920,22033,Locker,V_1597187,promo,,First month 50% off
2026-07-11,5619,27114,5x10,V_1392209,price,77,71
2026-07-11,5619,27114,10x15,V_1392222,promo,$1 first month rent,
2026-07-11,5619,27114,10x10,V_1392208,price,199,164
2026-07-11,5619,27114,10x20,V_1392213,price,258,216
2026-07-11,5619,27114,10x20,V_1453301,price,253,224
2026-07-11,1394,23416,10x20,V_182446,promo,2nd Month Free,
2026-07-11,2136,08702,10x10,V_1455504,promo,First month 50% off,
2026-07-11,1389,07034,10x10,V_180768,price,189,152
2026-07-11,1389,07034,10x20,V_180774,promo,First month 50% off,2nd Month Free
2026-07-11,1389,07034,10x20,V_1553482,price,194,174
2026-07-11,2132,08694,5x5,V_331300,price,50,48
2026-07-11,2132,08694,5x15,V_331301,price,103,83
2026-07-11,6451,78040,5x10,V_1565553,price,77,72
2026-07-11,6451,78040,10x15,V_1565551,price,188,176
2026-07-11,1336,26821,10x20,V_1543255,price,137,123
2026-07-11,1765,08092,5x10,V_338374,price,48,45
2026-07-11,1765,08092,10x10,V_1456300,price,158,149
2026-07-11,1765,08092,10x20,V_1417973,promo,2nd Month Free,First month 50% off
2026-07-11,1765,08092,10x30,V_580763,promo,,First month 50% off
2026-07-11,1411,23114,10x10,V_1417860,promo,$1 first month rent,First month 50% off
2026-07-11,6096,29288,5x10,V_1485509,price,47,44
2026-07-11,6096,29288,10x10,V_1485503,price,101,95
2026-07-11,6096,29288,10x10,V_1483070,price,131,123
2026-07-11,6096,29288,10x15,V_1483072,price,186,174
2026-07-11,6096,29288,10x20,V_1483071,promo,2nd Month Free,
2026-07-11,6513,78116,5x10,V_1587878,price,54,63
2026-07-11,6513,78116,10x20,V_1593089,price,100,114
2026-07-11,6513,78116,10x20,V_1587883,price,102,117
2026-07-11,6513,78116,10x30,V_1593088,price,135,127
2026-07-11,6513,78116,10x30,V_1587884,price,139,141
2026-07-11,5921,22034,10x15,V_1572346,promo,$1 first month rent,First month 50% off
2026-07-11,6387,23819,10x10,V_1548012,promo,$1 first month rent,First month 50% off
2026-07-11,6387,23819,10x20,V_1548010,price,114,107
2026-07-11,6387,23819,10x30,V_1548011,price,125,117
2026-07-11,1887,08230,5x15,V_1452838,promo,First month 50% off,
2026-07-11,1887,08230,10x10,V_1333146,promo,First month 50% off,
2026-07-11,1283,26814,5x10,V_204422,price,52,44
2026-07-11,1283,26814,10x20,V_1582374,price,181,156
2026-07-11,5305,26681,10x10,V_1532232,promo,$1 first month rent,First month 50% off
2026-07-11,5305,26681,10x15,V_1577818,promo,First month 50% off,$1 first month rent
2026-07-11,5305,26681,10x15,V_1577817,promo,First month 50% off,$1 first month rent
2026-07-11,1916,08302,10x10,V_370150,price,99,86
2026-07-11,1533,25544,5x5,V_240457,price,36,33
2026-07-11,1533,25544,5x5,V_240457,promo,$1 first month rent,First month 50% off
2026-07-11,1533,25544,5x10,V_239237,promo,$1 first month rent,First month 50% off
2026-07-11,1533,25544,5x10,V_567649,promo,$1 first month rent,First month 50% off
2026-07-11,1533,25544,10x20,V_234955,promo,2nd Month Free,First month 50% off
2026-07-11,1533,25544,10x30,V_1390782,promo,2nd Month Free,First month 50% off
2026-07-11,1538,25552,5x10,V_577936,promo,First month 50% off,
2026-07-11,1538,25552,10x10,V_1340234,price,114,107
2026-07-11,1538,25552,10x15,V_577938,promo,First month 50% off,$1 first month rent
2026-07-11,1227,34104,5x5,V_586957,promo,,$1 first month rent
2026-07-11,1227,34104,10x10,V_371502,price,100,93
2026-07-11,1227,34104,10x15,V_371503,promo,$1 first month rent,First month 50% off
2026-07-11,1536,25548,5x5,V_1410292,promo,,$1 first month rent
2026-07-11,1536,25548,10x15,V_1410295,promo,,$1 first month rent
2026-07-11,1534,25545,5x5,V_1405011,price,28,26
2026-07-11,1534,25545,10x10,V_1415813,promo,First month 50% off,$1 first month rent
2026-07-11,1534,25545,10x15,V_1405007,price,160,150
2026-07-11,1534,25545,10x15,V_1405010,promo,$1 first month rent,First month 50% off
2026-07-11,1534,25545,10x20,V_1416749,price,182,170
2026-07-11,1534,25545,10x20,V_1405005,price,193,181
2026-07-11,1534,25545,10x20,V_1584314,price,166,182
2026-07-11,1426,23410,10x10,V_660132,price,143,127
2026-07-11,1539,25555,10x15,V_1340272,promo,$1 first month rent,First month 50% off
2026-07-11,1539,25555,10x15,V_1340267,promo,,First month 50% off
2026-07-11,1539,25555,10x30,V_580577,promo,,First month 50% off
2026-07-11,2499,25871,10x15,V_1347809,promo,$1 first month rent,First month 50% off
2026-07-11,5343,29274,5x5,V_1360774,price,28,26
2026-07-11,5343,29274,5x10,V_1340542,promo,$1 first month rent,First month 50% off
2026-07-11,5343,29274,10x20,V_1340537,price,214,201
2026-07-11,1547,25547,5x5,V_1584362,promo,First month 50% off,$1 first month rent
2026-07-11,1547,25547,5x10,V_235222,promo,First month 50% off,$1 first month rent
2026-07-11,1547,25547,Parking,V_1556384,promo,First month 50% off,$1 first month rent
2026-07-11,1547,25547,10x25,V_1528857,promo,First month 50% off,2nd Month Free
2026-07-11,1547,25547,10x30,V_580515,promo,First month 50% off,2nd Month Free
2026-07-11,1212,34107,5x5,V_649250,promo,First month 50% off,
2026-07-11,1212,34107,5x5,V_1349208,promo,,First month 50% off
2026-07-11,1212,34107,5x10,V_649252,promo,First month 50% off,$1 first month rent
2026-07-11,1212,34107,5x15,V_649249,price,72,62
2026-07-11,1212,34107,10x20,V_649289,promo,,First month 50% off
2026-07-11,5243,26662,10x10,V_1334825,promo,2nd Month Free,$1 first month rent
2026-07-11,1931,08317,Locker,V_1335533,promo,,First month 50% off
2026-07-11,1931,08317,5x5,V_309900,promo,,First month 50% off
2026-07-11,1931,08317,5x5,V_601717,promo,,First month 50% off
2026-07-11,1931,08317,10x30,V_580732,promo,,First month 50% off
2026-07-11,5245,26665,5x10,V_1334866,promo,,First month 50% off
2026-07-11,5245,26665,10x20,V_1527618,price,134,118
2026-07-11,1921,08307,10x25,V_1334788,price,234,204
2026-07-11,1531,25554,10x15,V_567022,promo,First month 50% off,$1 first month rent
2026-07-11,1553,25549,10x10,V_1337896,price,121,104
2026-07-11,1553,25549,10x10,V_1337885,promo,First month 50% off,
2026-07-11,1919,08305,5x5,V_600136,promo,,$1 first month rent
2026-07-11,1919,08305,5x15,V_1583843,promo,,First month 50% off
2026-07-11,1919,08305,10x15,V_356793,promo,,First month 50% off
2026-07-11,1922,08308,5x10,V_1571039,promo,,$1 first month rent
2026-07-11,1922,08308,10x15,V_1571210,promo,,First month 50% off
2026-07-11,1922,08308,10x10,V_328632,promo,,First month 50% off
2026-07-11,1932,08318,5x10,V_307980,promo,First month 50% off,$1 first month rent
2026-07-11,1924,08310,10x15,V_589441,promo,$1 first month rent,First month 50% off
2026-07-11,1924,08310,10x10,V_589437,promo,First month 50% off,
2026-07-11,5727,27415,10x30,V_1404155,price,206,193
2026-07-11,5453,27118,5x15,V_1435563,promo,$1 first month rent,First month 50% off
2026-07-11,5453,27118,10x15,V_1436275,price,113,106
2026-07-11,2495,25873,5x5,V_1571202,price,51,47
2026-07-11,2495,25873,5x5,V_1571203,promo,,First month 50% off
2026-07-11,2495,25873,10x15,V_630557,price,185,163
2026-07-11,2495,25873,10x15,V_630557,promo,First month 50% off,$1 first month rent
2026-07-11,2495,25873,Parking,V_1516468,promo,,First month 50% off
2026-07-11,1537,25550,5x5,V_391811,promo,$1 first month rent,First month 50% off
2026-07-11,1537,25550,10x10,V_1546800,promo,$1 first month rent,First month 50% off
2026-07-11,1537,25550,10x10,V_1584516,promo,$1 first month rent,First month 50% off
2026-07-11,1537,25550,10x10,V_235014,promo,$1 first month rent,First month 50% off
2026-07-11,1930,08316,5x10,V_1342733,promo,First month 50% off,
2026-07-11,1930,08316,10x15,V_1586225,promo,First month 50% off,
2026-07-11,1930,08316,10x20,V_1342736,promo,First month 50% off,
2026-07-11,1930,08316,10x20,V_570937,promo,First month 50% off,
2026-07-11,1930,08316,10x20,V_389383,promo,First month 50% off,
2026-07-11,1930,08316,10x25,V_1342743,promo,First month 50% off,
2026-07-11,1929,08315,5x5,V_306583,price,24,19
2026-07-11,1929,08315,10x30,V_1340513,promo,,2nd Month Free
2026-07-11,1928,08314,10x10,V_389371,promo,,$1 first month rent
2026-07-11,5873,77688,5x5,V_1439230,promo,,First month 50% off
2026-07-11,5873,77688,5x5,V_1449425,price,53,45
2026-07-11,5873,77688,5x5,V_1449425,promo,First month 50% off,$1 first month rent
2026-07-11,5873,77688,5x5,V_1439232,price,55,49
2026-07-11,5873,77688,5x5,V_1576415,price,58,50
2026-07-11,5873,77688,5x10,V_1439229,price,58,54
2026-07-11,5873,77688,10x10,V_1439228,promo,,First month 50% off
2026-07-11,1420,22005,5x15,V_1353215,promo,$1 first month rent,First month 50% off
2026-07-11,1420,22005,5x15,V_1340469,promo,$1 first month rent,First month 50% off
2026-07-11,1420,22005,10x10,V_1340477,promo,$1 first month rent,First month 50% off
2026-07-11,1420,22005,10x10,V_1354954,promo,$1 first month rent,First month 50% off
2026-07-11,1420,22005,10x10,V_1340467,promo,$1 first month rent,First month 50% off
2026-07-11,1420,22005,10x30,V_589248,promo,2nd Month Free,First month 50% off
2026-07-11,1420,22005,10x20,V_1340464,promo,2nd Month Free,First month 50% off
2026-07-11,1420,22005,10x25,V_1400845,promo,2nd Month Free,First month 50% off
2026-07-11,2494,25872,5x10,V_1352289,promo,,First month 50% off
2026-07-11,2504,25874,5x5,V_1517719,price,37,35
2026-07-11,2504,25874,5x5,V_1317213,promo,,$1 first month rent
2026-07-11,2504,25874,5x10,V_1517721,price,59,56
2026-07-11,2504,25874,10x10,V_1347767,price,82,77
2026-07-11,2504,25874,10x10,V_1517716,price,88,83
2026-07-11,2504,25874,10x15,V_1347771,price,118,110
2026-07-11,2504,25874,10x20,V_1462977,price,173,162
2026-07-11,5327,26689,10x30,V_1533430,price,155,143
2026-07-11,5614,27204,5x10,V_1391698,promo,$1 first month rent,First month 50% off
2026-07-11,5614,27204,10x20,V_1391682,price,142,116
2026-07-11,1358,23408,5x10,V_194943,promo,First month 50% off,
2026-07-11,1358,23408,10x20,V_1530350,promo,,First month 50% off
2026-07-11,1543,25560,5x5,V_1338200,price,13,10
2026-07-11,1543,25560,5x5,V_1338202,price,13,10
2026-07-11,1543,25560,10x10,V_1433506,promo,,First month 50% off
2026-07-11,1543,25560,10x10,V_1529712,promo,,First month 50% off
2026-07-11,1925,08311,10x15,V_391839,promo,,First month 50% off
2026-07-11,1552,25559,5x10,V_1584620,promo,First month 50% off,
2026-07-11,1552,25559,5x10,V_364212,promo,,$1 first month rent
2026-07-11,1541,25557,5x10,V_577605,promo,$1 first month rent,First month 50% off
2026-07-11,1541,25557,5x15,V_577607,promo,First month 50% off,$1 first month rent
2026-07-11,1541,25557,10x10,V_577604,price,130,107
2026-07-11,1541,25557,10x15,V_639787,promo,First month 50% off,$1 first month rent
2026-07-11,5405,78047,5x5,V_1366415,price,77,72
2026-07-11,5405,78047,10x10,V_1366392,price,114,107
2026-07-11,5926,22039,10x10,V_1472254,promo,First month 50% off,
2026-07-11,5403,77575,5x5,V_1363898,promo,,First month 50% off
2026-07-11,5403,77575,5x10,V_1363897,price,88,83
2026-07-11,1545,25562,5x10,V_235197,promo,,First month 50% off
2026-07-11,1545,25562,5x15,V_235199,promo,,$1 first month rent
2026-07-11,1545,25562,5x15,V_1584765,promo,,$1 first month rent
2026-07-11,1545,25562,10x10,V_1433509,promo,,$1 first month rent
2026-07-11,1545,25562,10x10,V_235181,promo,,$1 first month rent
2026-07-11,1545,25562,10x15,V_1584749,promo,,$1 first month rent
2026-07-11,1545,25562,10x10,V_1584758,promo,,$1 first month rent
2026-07-11,1545,25562,10x30,V_579719,price,205,192
2026-07-11,1545,25562,10x30,V_579719,promo,,2nd Month Free
2026-07-11,1545,25562,10x20,V_1530360,promo,,First month 50% off
2026-07-11,1545,25562,10x30,V_1585148,promo,,2nd Month Free
2026-07-11,1545,25562,10x20,V_1584763,promo,,2nd Month Free
2026-07-11,1545,25562,10x30,V_655308,promo,,2nd Month Free
2026-07-11,6323,78026,5x5,V_1535487,price,21,20
2026-07-11,6323,78026,10x20,V_1535481,price,139,131
2026-07-11,1548,25553,10x20,V_235742,promo,2nd Month Free,First month 50% off
2026-07-11,1036,07103,5x5,V_1372688,price,22,20
2026-07-11,1036,07103,10x15,V_119303,price,167,157
2026-07-11,5455,27120,5x15,V_1435578,price,51,50
2026-07-11,5455,27120,10x15,V_1436279,promo,,First month 50% off
2026-07-11,1087,28001,10x15,V_376859,promo,$1 first month rent,First month 50% off
2026-07-11,1088,24601,10x10,V_1593199,price,125,118
2026-07-11,1060,23407,10x15,V_130556,price,158,133
2026-07-11,6270,77997,10x25,V_1525399,price,197,185
2026-07-11,1106,24214,10x25,V_1533590,promo,First month 50% off,
2026-07-11,1460,24216,5x10,V_589433,price,49,47
2026-07-11,1460,24216,10x10,V_576305,promo,$1 first month rent,First month 50% off
2026-07-11,853,28017,10x10,V_1431900,promo,First month 50% off,
2026-07-11,853,28017,10x20,V_1533599,price,166,137
2026-07-11,853,28017,10x30,V_589132,price,211,193
2026-07-11,1132,24217,Parking,V_1517532,promo,First month 50% off,
2026-07-11,5473,27378,10x10,V_1377602,promo,$1 first month rent,First month 50% off
2026-07-11,5473,27378,5x15,V_1419551,promo,$1 first month rent,First month 50% off
2026-07-11,6094,27446,5x10,V_1491468,price,57,55
2026-07-11,6094,27446,10x20,V_1482935,price,154,152
2026-07-11,1142,28018,5x5,V_1582053,promo,First month 50% off,$1 first month rent
2026-07-11,1142,28018,5x10,V_1582051,price,46,41
2026-07-11,1142,28018,5x10,V_576227,price,49,44
2026-07-11,1142,28018,10x10,V_385670,price,81,79
2026-07-11,5651,27374,5x10,V_1395545,price,43,38
2026-07-11,1140,20716,5x5,V_1368414,price,12,11
2026-07-11,1140,20716,5x5,V_1368416,price,12,11
2026-07-11,1140,20716,5x10,V_363962,promo,$1 first month rent,First month 50% off
2026-07-11,1140,20716,10x15,V_363961,price,145,113
2026-07-11,1140,20716,10x20,V_1533589,price,194,160
2026-07-11,1161,24218,10x10,V_1596314,promo,$1 first month rent,First month 50% off
2026-07-11,1161,24218,10x25,V_1533591,price,120,101
2026-07-11,906,28019,5x5,V_386101,promo,First month 50% off,
2026-07-11,906,28019,5x10,V_385702,promo,$1 first month rent,First month 50% off
2026-07-11,906,28019,5x10,V_1491457,price,49,47
2026-07-11,906,28019,5x10,V_1491457,promo,First month 50% off,
2026-07-11,906,28019,10x10,V_386097,price,153,144
2026-07-11,906,28019,10x20,V_1485749,price,185,190
2026-07-11,906,28019,10x20,V_1485749,promo,First month 50% off,
2026-07-11,906,28019,10x25,V_1533606,promo,First month 50% off,
2026-07-11,906,28019,10x30,V_579978,promo,First month 50% off,
2026-07-11,906,28019,10x30,V_581891,promo,First month 50% off,
2026-07-11,6038,77814,5x5,V_1555297,promo,$1 first month rent,First month 50% off
2026-07-11,6038,77814,5x15,V_1555302,promo,$1 first month rent,First month 50% off
2026-07-11,829,27002,5x10,V_1566502,promo,First month 50% off,
2026-07-11,918,27819,5x5,V_376527,promo,$1 first month rent,First month 50% off
2026-07-11,918,27819,Parking,V_1573568,promo,$1 first month rent,First month 50% off
2026-07-11,1007,29161,5x10,V_382673,price,41,37
2026-07-11,1007,29161,5x10,V_382678,promo,First month 50% off,$1 first month rent
2026-07-11,5635,27367,5x10,V_1394225,price,49,44
2026-07-11,5635,27367,10x10,V_1394228,promo,$1 first month rent,2nd Month Free
2026-07-11,5635,27367,10x10,V_1394226,promo,2nd Month Free,
2026-07-11,5635,27367,10x15,V_1394222,promo,,2nd Month Free
2026-07-11,6239,77668,10x10,V_1528175,promo,,First month 50% off
2026-07-11,6239,77668,10x15,V_1521522,promo,,First month 50% off
2026-07-11,888,28016,10x10,V_363976,price,109,83
2026-07-11,888,28016,10x10,V_1597049,price,114,92
2026-07-11,888,28016,10x10,V_1597049,promo,,First month 50% off
2026-07-11,1083,24440,5x10,V_203323,price,45,36
2026-07-11,1083,24440,10x10,V_654302,price,83,65
2026-07-11,1037,24602,10x15,V_1595788,promo,$1 first month rent,First month 50% off
2026-07-11,2126,08681,5x10,V_338990,promo,First month 50% off,$1 first month rent
2026-07-11,2126,08681,Parking,V_1514246,promo,First month 50% off,$1 first month rent
2026-07-11,2126,08681,5x10,V_1457388,promo,First month 50% off,$1 first month rent
2026-07-11,2126,08681,5x15,V_338982,promo,First month 50% off,$1 first month rent
2026-07-11,2126,08681,10x25,V_1539139,promo,First month 50% off,2nd Month Free
2026-07-11,2126,08681,5x10,V_338977,promo,First month 50% off,$1 first month rent
2026-07-11,2126,08681,5x10,V_339056,promo,First month 50% off,$1 first month rent
2026-07-11,2126,08681,10x15,V_338981,promo,First month 50% off,$1 first month rent
2026-07-11,2126,08681,10x20,V_338983,promo,First month 50% off,2nd Month Free
2026-07-11,2126,08681,Parking,V_1514247,promo,First month 50% off,$1 first month rent
2026-07-11,2126,08681,10x30,V_583618,promo,First month 50% off,2nd Month Free
2026-07-11,2126,08681,10x30,V_581509,promo,First month 50% off,2nd Month Free
2026-07-11,2126,08681,10x10,V_338980,promo,First month 50% off,$1 first month rent
2026-07-11,5945,22058,5x10,V_1568855,promo,,First month 50% off
2026-07-11,5945,22058,10x10,V_1568856,price,64,56
2026-07-11,5944,22057,10x10,V_1472480,promo,,First month 50% off
2026-07-11,5944,22057,10x30,V_1472469,price,110,104
2026-07-11,5952,22065,10x10,V_1472898,promo,,First month 50% off
2026-07-11,5946,22059,5x10,V_1472561,price,39,35
2026-07-11,5946,22059,5x10,V_1472570,price,46,41
2026-07-11,5946,22059,10x10,V_1472571,price,63,54
2026-07-11,5946,22059,10x30,V_1490761,price,130,115
2026-07-11,5946,22059,10x15,V_1472574,promo,,First month 50% off
2026-07-11,5943,22056,5x10,V_1472429,price,17,16
2026-07-11,5943,22056,10x10,V_1472419,price,42,39
2026-07-11,5943,22056,10x15,V_1472409,price,49,46
2026-07-11,6040,77816,10x10,V_1473776,price,38,36
2026-07-11,5949,22062,10x15,V_1472784,price,37,34
2026-07-11,5363,26923,5x10,V_1409367,promo,$1 first month rent,First month 50% off
2026-07-11,5363,26923,10x25,V_1409356,price,171,128
2026-07-11,2466,25863,5x10,V_626689,promo,First month 50% off,
2026-07-11,1788,08115,Parking,V_1517123,promo,$1 first month rent,First month 50% off
2026-07-11,1788,08115,10x25,V_1513842,promo,2nd Month Free,First month 50% off
2026-07-11,2653,29258,10x10,V_1433049,promo,First month 50% off,
2026-07-11,2653,29258,10x10,V_661094,promo,$1 first month rent,First month 50% off
2026-07-11,2653,29258,10x20,V_1423827,price,133,116
2026-07-11,2653,29258,10x10,V_1577537,promo,First month 50% off,
2026-07-11,2637,26589,10x20,V_1332101,price,192,158
2026-07-11,5706,77737,10x15,V_1400781,price,142,133
2026-07-11,6368,77893,5x5,V_1546459,price,20,19
2026-07-11,6368,77893,10x15,V_1546452,price,108,101
2026-07-11,2331,25906,10x20,V_1424117,price,139,126
2026-07-11,2331,25906,10x10,V_613464,promo,First month 50% off,
2026-07-11,5875,23940,5x5,V_1439410,price,68,64
2026-07-11,5875,23940,10x20,V_1439430,price,229,215
2026-07-11,5875,23940,10x20,V_1439409,price,232,218
2026-07-11,5714,27396,10x10,V_1402737,price,159,119
2026-07-11,5714,27396,10x10,V_1402722,price,162,122
2026-07-11,5483,26975,10x10,V_1378669,promo,$1 first month rent,First month 50% off
2026-07-11,6210,77887,10x10,V_1516973,price,121,91
2026-07-11,1793,08120,10x20,V_1530030,promo,First month 50% off,2nd Month Free
2026-07-11,5715,27397,10x10,V_1514901,promo,$1 first month rent,First month 50% off
2026-07-11,5715,27397,10x20,V_1402755,promo,First month 50% off,
2026-07-11,5715,27397,10x15,V_1514960,promo,$1 first month rent,First month 50% off
2026-07-11,2334,25909,10x25,V_1423099,price,150,134
2026-07-11,1796,08123,5x10,V_322790,price,55,47
2026-07-11,1796,08123,10x20,V_1423023,price,151,139
2026-07-11,1024,24201,5x10,V_576913,price,51,48
2026-07-11,2092,08601,10x30,V_581805,price,218,186
2026-07-11,2072,08537,10x10,V_1493663,promo,,First month 50% off
2026-07-11,5800,27586,10x15,V_1418161,price,95,89
2026-07-11,5800,27586,10x10,V_1418165,promo,$1 first month rent,First month 50% off
2026-07-11,5800,27586,10x20,V_1418159,price,107,101
2026-07-11,2337,25912,10x20,V_1529991,promo,First month 50% off,2nd Month Free
2026-07-11,2083,08571,10x15,V_366475,promo,First month 50% off,$1 first month rent
2026-07-11,1789,08116,5x10,V_654012,price,97,92
2026-07-11,1794,08121,5x10,V_320835,price,78,67
2026-07-11,1794,08121,10x10,V_1433069,promo,First month 50% off,
2026-07-11,2475,25866,5x10,V_629970,price,82,77
2026-07-11,2475,25866,10x20,V_1500348,price,235,188
2026-07-11,2475,25866,10x30,V_1536615,promo,2nd Month Free,
2026-07-11,1795,08122,5x10,V_1414086,promo,First month 50% off,$1 first month rent
2026-07-11,1023,28064,10x10,V_1434520,promo,First month 50% off,
2026-07-11,1023,28064,10x20,V_1530016,price,202,158
2026-07-11,993,24204,5x5,V_588363,price,47,44
2026-07-11,993,24204,5x5,V_588363,promo,First month 50% off,$1 first month rent
2026-07-11,993,24204,10x15,V_588215,promo,First month 50% off,$1 first month rent
2026-07-11,2122,08672,5x10,V_641125,price,83,68
2026-07-11,2122,08672,10x15,V_1309718,promo,$1 first month rent,First month 50% off
2026-07-11,2122,08672,10x20,V_657909,promo,2nd Month Free,
2026-07-11,1791,08118,10x10,V_1433066,price,120,112
2026-07-11,2107,08638,10x15,V_365647,price,86,80
2026-07-11,921,28061,10x30,V_581108,price,143,138
2026-07-11,2564,26543,10x15,V_1333711,promo,$1 first month rent,First month 50% off
2026-07-11,2564,26543,10x20,V_1333709,promo,,First month 50% off
2026-07-11,5347,26913,5x10,V_1342702,promo,$1 first month rent,
2026-07-11,5633,00119,5x5,V_1393802,price,57,53
2026-07-11,2423,25988,5x5,V_621459,promo,,First month 50% off
2026-07-11,2423,25988,10x10,V_1590836,promo,First month 50% off,
2026-07-11,2423,25988,10x15,V_1590839,promo,First month 50% off,$1 first month rent
2026-07-11,2440,25823,5x5,V_1455554,promo,,First month 50% off
2026-07-11,5716,27398,5x10,V_1514868,promo,,First month 50% off
2026-07-11,5716,27398,10x20,V_1402779,price,162,152
2026-07-11,990,28063,10x10,V_1434519,price,106,84
2026-07-11,990,28063,10x25,V_1529984,promo,2nd Month Free,First month 50% off
2026-07-11,990,28063,10x30,V_583134,promo,2nd Month Free,First month 50% off
2026-07-11,6495,78069,5x10,V_1590578,price,40,38
2026-07-11,6495,78069,10x15,V_1590581,price,73,68
2026-07-11,6495,78069,10x20,V_1576290,price,105,98
2026-07-11,6196,77792,5x5,V_1521937,price,24,23
2026-07-11,6196,77792,5x15,V_1521947,price,67,63
2026-07-11,6196,77792,10x15,V_1521932,price,77,72
2026-07-11,6204,27669,10x10,V_1506308,promo,$1 first month rent,First month 50% off
2026-07-11,6204,27669,10x15,V_1506296,promo,First month 50% off,
2026-07-11,2074,08541,10x10,V_319424,price,77,75
2026-07-11,6154,77868,5x5,V_1491607,promo,First month 50% off,
2026-07-11,6154,77868,10x10,V_1491632,price,60,56
2026-07-11,2335,25910,5x5,V_613602,promo,$1 first month rent,First month 50% off
2026-07-11,2335,25910,5x10,V_613592,promo,$1 first month rent,First month 50% off
2026-07-11,2335,25910,10x20,V_613593,promo,2nd Month Free,First month 50% off
2026-07-11,2335,25910,10x25,V_613584,promo,2nd Month Free,First month 50% off
2026-07-11,2335,25910,10x30,V_1334473,promo,2nd Month Free,First month 50% off
2026-07-11,2335,25910,10x25,V_1450619,promo,2nd Month Free,First month 50% off
2026-07-11,5348,26916,5x5,V_1522219,promo,First month 50% off,$1 first month rent
2026-07-11,5348,26916,5x10,V_1493878,promo,First month 50% off,$1 first month rent
2026-07-11,5348,26916,5x10,V_1342185,promo,First month 50% off,$1 first month rent
2026-07-11,5348,26916,Parking,V_1529717,promo,First month 50% off,$1 first month rent
2026-07-11,5348,26916,10x10,V_1342192,promo,,First month 50% off
2026-07-11,5348,26916,10x10,V_1493876,promo,,$1 first month rent
2026-07-11,5348,26916,10x15,V_1538515,promo,First month 50% off,$1 first month rent
2026-07-11,5348,26916,10x20,V_1538517,promo,First month 50% off,2nd Month Free
2026-07-11,1206,07045,5x5,V_183153,promo,First month 50% off,
2026-07-11,1206,07045,5x10,V_183150,promo,First month 50% off,
2026-07-11,1206,07045,10x15,V_1526042,promo,First month 50% off,
2026-07-11,2087,08583,10x15,V_322508,promo,,First month 50% off
2026-07-11,2077,08553,10x10,V_566834,promo,$1 first month rent,First month 50% off
2026-07-11,2077,08553,10x15,V_595876,price,110,90
2026-07-11,2077,08553,10x15,V_595876,promo,$1 first month rent,First month 50% off
2026-07-11,944,24202,5x5,V_1577850,promo,$1 first month rent,First month 50% off
2026-07-11,944,24202,10x20,V_1530002,promo,2nd Month Free,First month 50% off
2026-07-11,2116,08662,5x10,V_365159,price,101,83
2026-07-11,2116,08662,10x10,V_1575110,price,112,100
2026-07-11,932,23544,10x30,V_582899,price,166,156
2026-07-11,1792,08119,10x10,V_1433067,price,66,56
2026-07-11,1792,08119,10x20,V_1571867,price,97,73
2026-07-11,5890,27490,10x10,V_1446215,price,86,81
2026-07-11,2085,08577,10x10,V_322470,price,75,62
2026-07-11,6369,23910,10x15,V_1546540,price,101,95
2026-07-11,2093,08602,5x10,V_595764,price,72,54
2026-07-11,2332,25907,5x5,V_613496,promo,First month 50% off,
2026-07-11,2332,25907,5x5,V_1349979,promo,First month 50% off,
2026-07-11,2332,25907,5x5,V_1349977,promo,First month 50% off,
2026-07-11,2332,25907,5x5,V_1349976,promo,First month 50% off,
2026-07-11,2332,25907,5x10,V_1352129,promo,First month 50% off,
2026-07-11,2332,25907,5x10,V_1352128,promo,$1 first month rent,First month 50% off
2026-07-11,2332,25907,Parking,V_1518016,promo,First month 50% off,
2026-07-11,2106,08637,10x10,V_568189,price,80,75
2026-07-11,2106,08637,10x15,V_568187,price,110,103
2026-07-11,892,07101,10x15,V_1549439,price,134,131
2026-07-11,2078,08556,5x5,V_322006,promo,First month 50% off,$1 first month rent
2026-07-11,2078,08556,10x20,V_1426607,price,91,89
2026-07-11,2073,08538,10x20,V_335104,price,164,161
2026-07-11,2080,08562,Parking,V_1520119,promo,,$1 first month rent
2026-07-11,2080,08562,10x15,V_567928,price,94,83
2026-07-11,5751,27422,10x10,V_1409079,price,100,94
2026-07-11,2101,08624,5x10,V_624021,price,68,51
2026-07-11,2101,08624,10x15,V_624023,price,127,104
2026-07-11,2113,08653,10x10,V_1573985,promo,First month 50% off,$1 first month rent
2026-07-11,2090,08598,10x15,V_336747,promo,First month 50% off,
2026-07-11,1786,08113,5x10,V_316614,promo,First month 50% off,$1 first month rent
2026-07-11,2079,08559,10x20,V_319697,price,136,128
2026-07-11,1196,07108,10x15,V_1574150,promo,First month 50% off,$1 first month rent
2026-07-11,1014,23543,10x20,V_1530053,price,83,78
2026-07-11,6006,22119,10x15,V_1472725,promo,First month 50% off,
2026-07-11,6006,22119,10x20,V_1493889,price,144,122
2026-07-11,1621,25702,5x15,V_241378,promo,$1 first month rent,
2026-07-11,1008,24227,5x5,V_1332860,price,37,35
2026-07-11,1008,24227,5x10,V_585277,price,73,68
2026-07-11,936,23542,5x5,V_606706,promo,First month 50% off,$1 first month rent
2026-07-11,5878,27479,10x10,V_1443746,price,43,41
2026-07-11,5878,27479,10x10,V_1459857,price,48,45
2026-07-11,5878,27479,10x15,V_1443745,promo,,First month 50% off
2026-07-11,5878,27479,10x20,V_1443750,price,103,97
2026-07-11,5880,27481,5x10,V_1500100,promo,,First month 50% off
2026-07-11,5879,27480,10x20,V_1443786,promo,First month 50% off,2nd Month Free
2026-07-11,5882,27483,10x10,V_1443857,price,93,87
2026-07-11,5882,27483,5x15,V_1500253,promo,$1 first month rent,
2026-07-11,2088,08586,5x10,V_324710,promo,$1 first month rent,First month 50% off
2026-07-11,1025,27225,10x10,V_1433452,price,67,57
2026-07-11,5838,77642,5x5,V_1431325,promo,First month 50% off,$1 first month rent
2026-07-11,5838,77642,10x20,V_1431317,price,142,134
2026-07-11,2030,08470,5x10,V_323248,promo,First month 50% off,$1 first month rent
2026-07-11,2030,08470,10x10,V_323250,price,128,108
2026-07-11,2030,08470,10x10,V_323243,promo,,$1 first month rent
2026-07-11,5601,27218,10x15,V_1438668,promo,$1 first month rent,First month 50% off
2026-07-11,5499,26991,5x5,V_1584581,promo,First month 50% off,$1 first month rent
2026-07-11,5499,26991,5x10,V_1435195,price,52,60
2026-07-11,5499,26991,5x10,V_1461612,price,52,64
2026-07-11,5499,26991,5x10,V_1584773,price,66,75
2026-07-11,5499,26991,5x10,V_1584782,price,64,75
2026-07-11,5499,26991,10x10,V_1435955,promo,First month 50% off,$1 first month rent
2026-07-11,5499,26991,10x10,V_1584585,promo,First month 50% off,$1 first month rent
2026-07-11,5499,26991,10x15,V_1584770,promo,$1 first month rent,First month 50% off
2026-07-11,5499,26991,10x30,V_1410367,promo,2nd Month Free,First month 50% off
2026-07-11,5935,22048,5x5,V_1472267,promo,First month 50% off,$1 first month rent
2026-07-11,5935,22048,10x15,V_1472273,promo,,First month 50% off
2026-07-11,5935,22048,10x20,V_1472271,promo,First month 50% off,2nd Month Free
2026-07-11,5935,22048,10x20,V_1472250,promo,First month 50% off,2nd Month Free
2026-07-11,5935,22048,10x20,V_1476689,promo,First month 50% off,2nd Month Free
2026-07-11,5935,22048,10x30,V_1472269,promo,First month 50% off,2nd Month Free
2026-07-11,6305,29307,10x10,V_1560800,price,150,140
2026-07-11,1205,27312,10x10,V_1432464,promo,First month 50% off,
2026-07-11,6388,23822,5x15,V_1548028,promo,$1 first month rent,First month 50% off
2026-07-11,6389,23823,10x10,V_1548043,price,61,57
2026-07-11,1324,29171,10x20,V_1529153,promo,First month 50% off,
2026-07-11,1947,08374,5x5,V_1486685,promo,$1 first month rent,
2026-07-11,1599,25587,5x10,V_1351308,price,41,39
2026-07-11,1599,25587,5x15,V_1353299,price,68,55
2026-07-11,1599,25587,10x10,V_1355044,price,111,107
2026-07-11,1599,25587,10x15,V_1356516,price,137,118
2026-07-11,1599,25587,10x20,V_1357625,price,241,180
2026-07-11,6309,77867,5x5,V_1549524,price,15,14
2026-07-11,6309,77867,5x5,V_1530546,price,19,18
2026-07-11,6309,77867,10x10,V_1549533,price,78,74
2026-07-11,6309,77867,10x15,V_1549529,price,84,79
2026-07-11,6309,77867,10x25,V_1530551,price,157,147
2026-07-11,1057,21015,10x10,V_1444789,price,123,122
2026-07-11,5804,29282,10x10,V_1419838,promo,$1 first month rent,
2026-07-11,1529,29195,10x15,V_234761,price,130,113
2026-07-11,2244,25741,10x10,V_1455830,promo,$1 first month rent,First month 50% off
2026-07-11,2244,25741,10x10,V_1407078,promo,$1 first month rent,First month 50% off
2026-07-11,2244,25741,10x10,V_1394476,promo,$1 first month rent,First month 50% off
2026-07-11,2244,25741,10x15,V_1455824,promo,$1 first month rent,First month 50% off
2026-07-11,2244,25741,10x15,V_1477386,promo,$1 first month rent,First month 50% off
2026-07-11,2244,25741,10x15,V_1394474,promo,$1 first month rent,First month 50% off
2026-07-11,2244,25741,10x15,V_1477374,promo,$1 first month rent,First month 50% off
2026-07-11,1018,27023,5x10,V_170133,price,63,59
2026-07-11,1018,27023,10x15,V_170125,promo,First month 50% off,$1 first month rent
2026-07-11,1018,27023,10x15,V_170124,promo,First month 50% off,$1 first month rent
2026-07-11,1018,27023,10x15,V_1444791,promo,First month 50% off,$1 first month rent
2026-07-11,1059,27302,5x5,V_1446464,promo,$1 first month rent,First month 50% off
2026-07-11,1059,27302,10x10,V_1354726,price,197,150
2026-07-11,5770,26999,5x10,V_1444534,promo,$1 first month rent,First month 50% off
2026-07-11,5770,26999,10x15,V_1505173,promo,,$1 first month rent
2026-07-11,5770,26999,10x20,V_1413060,price,221,207
2026-07-11,1076,21703,10x10,V_371582,price,69,67
2026-07-11,5321,77544,5x10,V_1352524,promo,$1 first month rent,First month 50% off
2026-07-11,5321,77544,10x10,V_1370117,price,59,56
2026-07-11,6462,77884,5x10,V_1581175,price,26,25
2026-07-11,6462,77884,10x10,V_1581169,price,46,44
2026-07-11,1778,08105,5x15,V_1562323,promo,$1 first month rent,First month 50% off
2026-07-11,1778,08105,5x15,V_1368724,promo,$1 first month rent,First month 50% off
2026-07-11,1778,08105,10x15,V_1356658,promo,$1 first month rent,First month 50% off
2026-07-11,1778,08105,10x10,V_578467,promo,$1 first month rent,First month 50% off
2026-07-11,1778,08105,10x15,V_578468,promo,$1 first month rent,First month 50% off
2026-07-11,6229,77967,5x10,V_1519413,promo,,First month 50% off
2026-07-11,1093,26414,5x5,V_1561998,price,25,24
2026-07-11,1093,26414,10x20,V_1572254,promo,,First month 50% off
2026-07-11,1095,24106,5x10,V_1563106,promo,$1 first month rent,First month 50% off
2026-07-11,1114,21516,5x5,V_1565284,promo,$1 first month rent,First month 50% off
2026-07-11,1114,21516,10x15,V_201937,promo,First month 50% off,$1 first month rent
2026-07-11,1096,20403,10x15,V_199554,promo,$1 first month rent,First month 50% off
2026-07-11,6171,77900,5x5,V_1496832,promo,First month 50% off,
2026-07-11,6171,77900,5x10,V_1496820,promo,First month 50% off,
2026-07-11,6171,77900,10x15,V_1570058,promo,First month 50% off,
2026-07-11,6171,77900,10x30,V_1570071,promo,First month 50% off,
2026-07-11,1243,20261,5x10,V_167738,price,69,63
2026-07-11,1243,20261,5x10,V_167738,promo,$1 first month rent,First month 50% off
2026-07-11,1243,20261,5x10,V_1442574,promo,$1 first month rent,First month 50% off
2026-07-11,1243,20261,5x15,V_1597207,price,108,109
2026-07-11,1243,20261,5x15,V_1597207,promo,,$1 first month rent
2026-07-11,1243,20261,10x15,V_1442571,promo,$1 first month rent,
2026-07-11,1237,20159,10x10,V_1432645,price,157,140
2026-07-11,1237,20159,10x15,V_157114,promo,First month 50% off,
2026-07-11,6537,78100,5x5,V_1594920,price,22,20
2026-07-11,6537,78100,10x10,V_1594931,price,96,90
2026-07-11,6537,78100,10x15,V_1594947,price,105,98
2026-07-11,6537,78100,10x15,V_1594951,price,110,103
2026-07-11,6537,78100,10x15,V_1594943,price,122,115
2026-07-11,6537,78100,10x25,V_1594960,price,179,168
2026-07-11,6537,78100,10x30,V_1594962,price,248,233
2026-07-11,1383,20212,5x15,V_168151,price,76,77
2026-07-11,1383,20212,10x10,V_168141,promo,,$1 first month rent
2026-07-11,1383,20212,10x10,V_1432390,promo,,First month 50% off
2026-07-11,1171,20718,5x5,V_1565120,promo,,First month 50% off
2026-07-11,2274,25768,10x20,V_600226,promo,First month 50% off,
2026-07-11,2274,25768,10x20,V_1495532,promo,First month 50% off,
2026-07-11,2274,25768,Parking,V_1518307,promo,First month 50% off,
2026-07-11,1219,25637,10x10,V_1588171,promo,$1 first month rent,First month 50% off
2026-07-11,1102,24301,5x5,V_1562299,promo,$1 first month rent,First month 50% off
2026-07-11,1102,24301,10x10,V_1562298,promo,First month 50% off,$1 first month rent
2026-07-11,889,24116,5x10,V_189707,promo,,First month 50% off
2026-07-11,889,24116,5x10,V_1562011,price,20,19
2026-07-11,889,24116,10x10,V_189698,price,115,109
2026-07-11,889,24116,10x10,V_1562016,promo,$1 first month rent,First month 50% off
2026-07-11,5846,27139,10x10,V_1427435,price,101,95
2026-07-11,1112,26416,10x25,V_1587525,price,204,199
2026-07-11,1097,20412,5x10,V_1562077,promo,$1 first month rent,First month 50% off
2026-07-11,1097,20412,10x10,V_576319,price,116,110
2026-07-11,1123,20413,5x10,V_233800,price,55,53
2026-07-11,1123,20413,10x10,V_233805,price,95,80
2026-07-11,1123,20413,10x10,V_233805,promo,$1 first month rent,
2026-07-11,1123,20413,Parking,V_1518119,promo,$1 first month rent,
2026-07-11,1123,20413,10x15,V_233809,promo,First month 50% off,
2026-07-11,1002,24417,5x10,V_195389,promo,First month 50% off,
2026-07-11,961,29145,10x10,V_186214,promo,$1 first month rent,
2026-07-11,1777,08104,5x10,V_338127,promo,$1 first month rent,First month 50% off
2026-07-11,1777,08104,10x10,V_338229,promo,$1 first month rent,First month 50% off
2026-07-11,1777,08104,10x10,V_1355213,promo,$1 first month rent,First month 50% off
2026-07-11,1777,08104,10x10,V_338138,promo,$1 first month rent,First month 50% off
2026-07-11,1777,08104,5x15,V_338228,promo,$1 first month rent,First month 50% off
2026-07-11,1777,08104,10x15,V_338133,promo,$1 first month rent,First month 50% off
2026-07-11,1777,08104,10x15,V_1356652,promo,$1 first month rent,First month 50% off
2026-07-11,992,23608,10x10,V_164077,promo,,First month 50% off
2026-07-11,992,23608,10x10,V_164075,promo,$1 first month rent,First month 50% off
2026-07-11,992,23608,10x20,V_1528484,price,206,174
2026-07-11,6280,77885,5x10,V_1525794,price,38,35
2026-07-11,6280,77885,10x15,V_1525799,price,181,170
2026-07-11,1017,07105,5x5,V_162674,promo,First month 50% off,$1 first month rent
2026-07-11,999,34113,10x15,V_166889,price,139,126
2026-07-11,5850,29283,10x20,V_1442219,promo,First month 50% off,2nd Month Free
2026-07-11,1775,08102,10x15,V_326772,promo,$1 first month rent,
2026-07-11,1775,08102,10x15,V_1379270,promo,$1 first month rent,First month 50% off
2026-07-11,1779,08106,5x5,V_340492,promo,First month 50% off,
2026-07-11,1779,08106,5x15,V_340236,promo,,First month 50% off
2026-07-11,6061,77763,5x10,V_1477731,price,99,93
2026-07-11,6061,77763,10x15,V_1477733,price,188,176
2026-07-11,5936,22049,10x10,V_1472306,price,128,107
2026-07-11,5936,22049,10x10,V_1498550,price,128,107
2026-07-11,5936,22049,10x15,V_1472305,price,136,122
2026-07-11,6390,23824,10x10,V_1570567,promo,,First month 50% off
2026-07-11,5933,22046,10x10,V_1472152,promo,,First month 50% off
2026-07-11,1005,07048,5x5,V_1349148,promo,First month 50% off,
2026-07-11,1005,07048,5x10,V_203173,promo,First month 50% off,$1 first month rent
2026-07-11,1005,07048,Parking,V_1512207,promo,First month 50% off,
2026-07-11,1005,07048,10x15,V_203162,promo,$1 first month rent,First month 50% off
2026-07-11,1005,07048,10x20,V_1357466,promo,First month 50% off,
2026-07-11,6203,77912,5x5,V_1504188,price,46,43
2026-07-11,6203,77912,5x10,V_1504236,price,50,47
2026-07-11,6203,77912,10x10,V_1504150,price,90,85
2026-07-11,6203,77912,10x15,V_1504219,price,177,166
2026-07-11,1011,07003,10x10,V_203869,price,114,112
2026-07-11,6129,29294,5x10,V_1485710,price,90,85
2026-07-11,6129,29294,10x10,V_1485693,price,166,155
2026-07-11,6329,78018,5x15,V_1536738,price,194,182
2026-07-11,2279,25775,Locker,V_610253,price,38,36
2026-07-11,2279,25775,5x10,V_1446911,promo,First month 50% off,$1 first month rent
2026-07-11,2279,25775,5x10,V_611337,price,164,158
2026-07-11,2279,25775,5x15,V_606643,promo,$1 first month rent,First month 50% off
2026-07-11,2252,25747,5x5,V_587788,price,52,44
2026-07-11,2252,25747,5x5,V_600017,price,58,50
2026-07-11,2252,25747,5x5,V_1309689,promo,$1 first month rent,First month 50% off
2026-07-11,2252,25747,10x10,V_1355534,price,208,190
2026-07-11,1782,08109,5x10,V_1438789,price,117,110
2026-07-11,1782,08109,5x10,V_1590450,price,122,114
2026-07-11,1782,08109,5x15,V_1514681,price,195,183
2026-07-11,1782,08109,10x10,V_1514677,price,221,207
2026-07-11,1337,25444,5x15,V_168697,promo,First month 50% off,$1 first month rent
2026-07-11,1337,25444,10x20,V_1593518,price,218,197
2026-07-11,2600,29226,5x5,V_1350130,price,99,98
2026-07-11,2600,29226,5x10,V_1590660,price,139,134
2026-07-11,2600,29226,5x10,V_1352360,price,145,140
2026-07-11,2600,29226,5x15,V_1353991,promo,$1 first month rent,First month 50% off
2026-07-11,2600,29226,10x10,V_1355788,price,312,298
2026-07-11,1637,25598,5x10,V_241977,promo,$1 first month rent,
2026-07-11,1595,25590,5x5,V_1349440,promo,$1 first month rent,First month 50% off
2026-07-11,1595,25590,10x10,V_389394,price,219,203
2026-07-11,1595,25590,10x10,V_1355039,price,236,218
2026-07-11,1595,25590,10x20,V_239535,promo,First month 50% off,
2026-07-11,1783,08110,5x10,V_1490483,price,252,265
2026-07-11,1783,08110,10x20,V_384370,price,552,581
2026-07-11,1783,08110,10x20,V_1508860,price,589,614
2026-07-11,5379,26931,5x15,V_1554568,price,207,216
2026-07-11,1390,23613,5x10,V_391712,price,236,180
2026-07-11,1390,23613,5x15,V_1353204,promo,,First month 50% off
2026-07-11,1390,23613,5x15,V_371861,promo,,First month 50% off
2026-07-11,1390,23613,5x15,V_391717,promo,,First month 50% off
2026-07-11,1390,23613,5x15,V_1353201,promo,,First month 50% off
2026-07-11,1390,23613,10x10,V_1593396,promo,,First month 50% off
2026-07-11,1470,20734,5x10,V_198750,promo,First month 50% off,
2026-07-11,1470,20734,10x10,V_1563382,price,189,170
2026-07-11,1300,27022,10x10,V_199823,promo,2nd Month Free,
2026-07-11,1300,27022,10x10,V_1354859,promo,2nd Month Free,
2026-07-11,5940,22053,10x10,V_1472627,price,121,117
2026-07-11,1306,20628,10x30,V_580934,price,341,313
2026-07-11,1801,08128,5x5,V_1563564,promo,$1 first month rent,First month 50% off
2026-07-11,1801,08128,10x10,V_1563565,promo,First month 50% off,
2026-07-11,1801,08128,10x10,V_340069,promo,$1 first month rent,First month 50% off
2026-07-11,1801,08128,10x20,V_1531083,price,236,215
2026-07-11,5461,27131,10x10,V_1435924,price,137,128
2026-07-11,5461,27131,10x30,V_1437037,promo,First month 50% off,
2026-07-11,1278,34108,5x15,V_1597023,price,210,187
2026-07-11,1278,34108,5x15,V_1597023,promo,,First month 50% off
2026-07-11,1780,08107,5x10,V_343606,promo,,First month 50% off
2026-07-11,1248,34112,5x5,V_1593033,promo,$1 first month rent,First month 50% off
2026-07-11,1248,34112,5x15,V_1596964,promo,First month 50% off,2nd Month Free
2026-07-11,1248,34112,5x15,V_206084,promo,First month 50% off,2nd Month Free
2026-07-11,1248,34112,10x10,V_206064,promo,First month 50% off,
2026-07-11,1248,34112,10x10,V_1591196,promo,First month 50% off,2nd Month Free
2026-07-11,1248,34112,10x10,V_206065,promo,$1 first month rent,2nd Month Free
2026-07-11,1248,34112,10x10,V_1590274,promo,First month 50% off,2nd Month Free
2026-07-11,1248,34112,10x15,V_1596839,promo,First month 50% off,2nd Month Free
2026-07-11,1248,34112,10x20,V_206070,promo,First month 50% off,2nd Month Free
2026-07-11,1248,34112,10x20,V_1596837,promo,First month 50% off,2nd Month Free
2026-07-11,2245,23067,5x10,V_586054,promo,First month 50% off,$1 first month rent
2026-07-11,2245,23067,10x15,V_586059,price,134,104
2026-07-11,2245,23067,10x10,V_1434039,price,130,104
2026-07-11,2245,23067,10x25,V_1528347,price,182,147
2026-07-11,2194,25734,5x5,V_386629,promo,,$1 first month rent
2026-07-11,2194,25734,10x10,V_606886,promo,$1 first month rent,First month 50% off
2026-07-11,1479,20222,10x30,V_579451,promo,,2nd Month Free
2026-07-11,1495,20221,5x5,V_215257,price,17,15
2026-07-11,1499,21004,5x5,V_217955,price,23,17
2026-07-11,1499,21004,5x10,V_1574032,promo,First month 50% off,$1 first month rent
2026-07-11,1499,21004,10x10,V_1529601,promo,$1 first month rent,First month 50% off
2026-07-11,1493,22313,10x20,V_218085,price,147,125
2026-07-11,1492,21195,5x5,V_215676,promo,$1 first month rent,First month 50% off
2026-07-11,1492,21195,5x10,V_215674,promo,First month 50% off,
2026-07-11,1492,21195,10x25,V_1529605,price,162,153
2026-07-11,1492,21195,10x15,V_215666,promo,First month 50% off,$1 first month rent
2026-07-11,6460,78005,10x15,V_1568019,price,50,47
2026-07-11,6460,78005,10x15,V_1568003,price,60,56
2026-07-11,1506,23428,10x15,V_218525,price,90,85
2026-07-11,6130,77702,5x10,V_1486861,promo,First month 50% off,
2026-07-11,6130,77702,10x10,V_1486857,price,78,73
2026-07-11,6130,77702,10x15,V_1486842,price,137,128
2026-07-11,2193,25735,5x5,V_386573,price,17,16
2026-07-11,2193,25735,5x5,V_386567,price,18,17
2026-07-11,2193,25735,10x10,V_391993,promo,,First month 50% off
2026-07-11,1483,20224,5x10,V_1573961,promo,First month 50% off,
2026-07-11,1483,20224,10x10,V_1573959,promo,First month 50% off,
2026-07-11,1508,21103,10x10,V_219097,price,44,37
2026-07-11,1508,21103,10x30,V_579604,price,163,152
2026-07-11,1507,20481,10x15,V_218960,price,78,74
2026-07-11,1507,20481,10x20,V_1593604,promo,First month 50% off,2nd Month Free
2026-07-11,1507,20481,10x25,V_1422614,price,178,176
2026-07-11,6205,29301,5x10,V_1506346,price,22,20
2026-07-11,6205,29301,5x10,V_1506326,price,25,23
2026-07-11,6205,29301,10x20,V_1506336,price,132,124
2026-07-11,6205,29301,10x20,V_1506338,promo,,First month 50% off
2026-07-11,2248,23068,10x20,V_1528349,price,174,140
2026-07-11,2248,23068,10x15,V_586188,promo,First month 50% off,
2026-07-11,5416,77587,5x10,V_1459975,price,106,99
2026-07-11,5416,77587,10x10,V_1459974,price,154,144
2026-07-11,2246,23074,10x10,V_1434034,price,134,114
2026-07-11,2246,23074,5x10,V_586091,promo,First month 50% off,$1 first month rent
2026-07-11,2246,23074,10x15,V_586095,promo,First month 50% off,$1 first month rent
2026-07-11,2246,23074,10x20,V_1528363,promo,2nd Month Free,$1 first month rent
2026-07-11,271,24535,5x10,V_210540,price,84,74
2026-07-11,271,24535,5x15,V_1488430,promo,First month 50% off,2nd Month Free
2026-07-11,271,24535,10x10,V_210529,promo,$1 first month rent,2nd Month Free
2026-07-11,291,20282,5x15,V_209310,price,97,86
2026-07-11,291,20282,10x15,V_209298,promo,First month 50% off,
2026-07-11,2251,23071,5x10,V_586260,price,88,78
2026-07-11,2251,23071,5x10,V_586260,promo,$1 first month rent,First month 50% off
2026-07-11,2247,23073,10x10,V_586136,promo,First month 50% off,
2026-07-11,2247,23073,10x20,V_1528357,price,194,152
2026-07-11,1584,25582,10x10,V_1428116,promo,First month 50% off,
2026-07-11,1584,25582,10x15,V_248570,promo,$1 first month rent,First month 50% off
2026-07-11,1584,25582,10x15,V_1595421,price,150,137
2026-07-11,1281,24513,10x20,V_1528268,price,176,158
2026-07-11,1583,25583,5x10,V_1595357,promo,$1 first month rent,First month 50% off
2026-07-11,1583,25583,10x10,V_1595358,promo,$1 first month rent,First month 50% off
2026-07-11,1583,25583,10x20,V_1528284,price,142,126
2026-07-11,1583,25583,10x20,V_1595355,price,165,146
2026-07-11,1592,25584,10x10,V_1429078,promo,$1 first month rent,First month 50% off
2026-07-11,2616,26583,10x25,V_1528292,price,198,166
2026-07-11,5939,22052,5x5,V_1597087,price,85,58
2026-07-11,5939,22052,5x5,V_1597087,promo,,$1 first month rent
2026-07-11,5939,22052,5x5,V_1472491,price,68,59
2026-07-11,5939,22052,5x5,V_1472491,promo,$1 first month rent,
2026-07-11,5939,22052,5x5,V_1493466,price,71,62
2026-07-11,5939,22052,10x15,V_1472492,promo,$1 first month rent,First month 50% off
2026-07-11,1321,29142,5x5,V_1401249,promo,First month 50% off,
2026-07-11,1321,29142,5x10,V_1351118,promo,First month 50% off,
2026-07-11,1321,29142,10x10,V_1354884,promo,$1 first month rent,
2026-07-11,1321,29142,10x10,V_175714,promo,First month 50% off,
2026-07-11,1321,29142,Parking,V_1512404,promo,First month 50% off,
2026-07-11,1396,21409,5x10,V_174421,price,69,68
2026-07-11,1396,21409,5x10,V_174421,promo,$1 first month rent,First month 50% off
2026-07-11,1952,08379,10x10,V_1355325,promo,First month 50% off,
2026-07-11,1291,23611,5x10,V_233891,promo,,$1 first month rent
2026-07-11,2607,29238,10x20,V_653773,price,301,279
2026-07-11,1525,29196,5x10,V_234084,promo,,First month 50% off
2026-07-11,1525,29196,5x10,V_1351256,promo,,First month 50% off
2026-07-11,1525,29196,Parking,V_1512407,promo,,First month 50% off
2026-07-11,1525,29196,10x20,V_234079,price,285,281
2026-07-11,5856,77655,5x5,V_1555331,price,67,63
2026-07-11,5856,77655,10x15,V_1486772,price,258,242
2026-07-11,2269,25767,5x10,V_655354,price,184,174
2026-07-11,2269,25767,5x10,V_630333,price,196,190
2026-07-11,2269,25767,5x10,V_1352039,price,199,198
2026-07-11,2269,25767,5x10,V_1352036,price,266,198
2026-07-11,1386,23426,5x5,V_390002,promo,$1 first month rent,First month 50% off
2026-07-11,1386,23426,10x10,V_390013,price,245,242
2026-07-11,1386,23426,10x15,V_639501,promo,$1 first month rent,First month 50% off
2026-07-11,1784,08111,5x10,V_260073,price,166,150
2026-07-11,1214,23614,10x10,V_1571362,promo,,First month 50% off
2026-07-11,1214,23614,10x15,V_173317,promo,,First month 50% off
2026-07-11,1292,26411,5x10,V_1559690,price,78,73
2026-07-11,1521,29193,10x10,V_232954,price,169,167
2026-07-11,1521,29193,10x10,V_232954,promo,$1 first month rent,2nd Month Free
2026-07-11,1521,29193,5x15,V_1353261,promo,,$1 first month rent
2026-07-11,1521,29193,10x20,V_1528836,price,213,199
2026-07-11,1208,22327,10x15,V_1571103,promo,$1 first month rent,First month 50% off
2026-07-11,5579,77557,10x20,V_1422112,price,197,185
2026-07-11,5579,77557,10x10,V_1387644,promo,First month 50% off,
2026-07-11,5579,77557,10x20,V_1387645,promo,2nd Month Free,First month 50% off
2026-07-11,1951,08378,5x5,V_332466,promo,$1 first month rent,First month 50% off
2026-07-11,1951,08378,10x10,V_1355321,promo,$1 first month rent,
2026-07-11,1951,08378,10x15,V_1356721,promo,,$1 first month rent
2026-07-11,1657,25712,10x10,V_243237,price,178,175
2026-07-11,1657,25712,10x10,V_1355081,price,192,188
2026-07-11,1288,29165,5x10,V_1351077,promo,First month 50% off,
2026-07-11,1288,29165,5x15,V_172561,promo,First month 50% off,
2026-07-11,1288,29165,5x15,V_1353120,promo,First month 50% off,
2026-07-11,1950,08377,Locker,V_1370605,price,137,155
2026-07-11,1950,08377,Locker,V_341237,price,172,174
2026-07-11,1950,08377,5x10,V_1310476,price,330,302
2026-07-11,6271,77992,5x5,V_1525518,price,81,76
2026-07-11,6271,77992,5x10,V_1525510,price,112,105
2026-07-11,1380,26630,10x10,V_1354920,price,199,194
2026-07-11,1256,20738,5x10,V_217651,price,88,81
2026-07-11,1256,20738,10x10,V_1596775,promo,,$1 first month rent
2026-07-11,1256,20738,10x30,V_1528255,promo,2nd Month Free,
2026-07-11,1261,20405,5x10,V_1596473,price,95,89
2026-07-11,1261,20405,10x10,V_1422104,promo,$1 first month rent,First month 50% off
2026-07-11,6499,23947,5x10,V_1597198,price,112,116
2026-07-11,6499,23947,5x10,V_1597198,promo,,$1 first month rent
2026-07-11,6499,23947,10x15,V_1597200,promo,,First month 50% off
2026-07-11,1672,29206,5x5,V_247383,promo,First month 50% off,$1 first month rent
2026-07-11,1672,29206,5x10,V_247363,promo,First month 50% off,
2026-07-11,1672,29206,10x10,V_247365,promo,First month 50% off,
2026-07-11,1672,29206,10x10,V_1355094,price,303,306
2026-07-11,1672,29206,10x15,V_1356563,promo,First month 50% off,$1 first month rent
2026-07-11,1672,29206,10x10,V_247354,price,332,329
2026-07-11,1672,29206,10x20,V_247366,price,319,344
2026-07-11,5787,27570,10x20,V_1415977,price,144,108
2026-07-11,2608,26576,5x5,V_1458430,price,12,10
2026-07-11,2608,26576,5x10,V_653884,promo,First month 50% off,
2026-07-11,1178,26420,5x10,V_1456707,price,69,60
2026-07-11,1178,26420,5x15,V_204017,promo,$1 first month rent,First month 50% off
2026-07-11,1178,26420,10x10,V_1421000,promo,First month 50% off,
2026-07-11,2624,26588,5x10,V_656209,promo,First month 50% off,$1 first month rent
2026-07-11,2624,26588,Parking,V_1514128,promo,First month 50% off,$1 first month rent
2026-07-11,6532,78134,10x15,V_1594505,price,127,119
2026-07-11,6192,77903,10x20,V_1532617,price,139,131
2026-07-11,2606,26577,5x10,V_653725,promo,First month 50% off,$1 first month rent
2026-07-11,2606,26577,10x20,V_1593919,price,114,111
2026-07-11,6355,23909,10x15,V_1544330,promo,$1 first month rent,
2026-07-11,1170,22001,10x15,V_1458413,promo,First month 50% off,$1 first month rent
2026-07-11,1170,22001,Parking,V_1518263,promo,$1 first month rent,First month 50% off
2026-07-11,1170,22001,10x20,V_1447791,promo,2nd Month Free,First month 50% off
2026-07-11,1170,22001,10x30,V_1447790,promo,2nd Month Free,First month 50% off
2026-07-11,1179,21902,5x15,V_216110,promo,$1 first month rent,First month 50% off
2026-07-11,2636,26590,Parking,V_1518550,promo,$1 first month rent,First month 50% off
2026-07-11,2636,26590,10x20,V_1554153,price,133,119
2026-07-11,2636,26590,10x30,V_1411191,promo,2nd Month Free,First month 50% off
2026-07-11,1447,34103,5x5,V_1463063,promo,$1 first month rent,First month 50% off
2026-07-11,6341,23898,10x30,V_1540648,price,213,200
2026-07-11,6184,77915,10x30,V_1499461,price,135,127
2026-07-11,1145,24343,5x5,V_207105,promo,,First month 50% off
2026-07-11,1145,24343,5x10,V_568166,promo,,First month 50% off
2026-07-11,6055,77684,10x20,V_1480466,price,327,245
2026-07-11,5395,26943,5x15,V_1461194,promo,First month 50% off,$1 first month rent
2026-07-11,5395,26943,10x20,V_1416446,price,131,124
2026-07-11,1149,24338,10x15,V_631351,price,114,110
2026-07-11,2555,26533,5x10,V_646587,promo,First month 50% off,$1 first month rent
2026-07-11,2555,26533,5x15,V_646592,promo,$1 first month rent,
2026-07-11,2555,26533,10x15,V_646573,price,143,132
2026-07-11,2555,26533,10x20,V_1423709,price,164,139
2026-07-11,2555,26533,10x30,V_1423712,promo,2nd Month Free,
2026-07-11,1139,21515,5x10,V_189404,price,62,57
2026-07-11,1139,21515,5x10,V_189404,promo,$1 first month rent,First month 50% off
2026-07-11,1139,21515,10x15,V_189399,promo,$1 first month rent,First month 50% off
2026-07-11,1139,21515,10x30,V_581764,price,181,157
2026-07-11,2547,25997,10x20,V_1418939,price,125,114
2026-07-11,5471,26960,5x10,V_1384910,promo,First month 50% off,$1 first month rent
2026-07-11,5471,26960,10x15,V_1384911,price,98,83
2026-07-11,5471,26960,10x30,V_1415050,promo,First month 50% off,2nd Month Free
2026-07-11,2545,25995,5x10,V_1309395,promo,,$1 first month rent
2026-07-11,2545,25995,10x15,V_1309392,promo,2nd Month Free,First month 50% off
2026-07-11,2545,25995,10x20,V_1577457,promo,2nd Month Free,First month 50% off
2026-07-11,2545,25995,10x25,V_1419662,promo,2nd Month Free,First month 50% off
2026-07-11,2545,25995,10x25,V_1419659,promo,2nd Month Free,First month 50% off
2026-07-11,2546,25996,5x10,V_656285,promo,$1 first month rent,First month 50% off
2026-07-11,2546,25996,10x15,V_656284,promo,,First month 50% off
2026-07-11,1399,24336,10x10,V_1571602,promo,,First month 50% off
2026-07-11,1399,24336,10x15,V_194229,promo,$1 first month rent,First month 50% off
2026-07-11,2554,26532,10x25,V_1415609,promo,First month 50% off,
2026-07-11,5929,22042,10x10,V_1471883,price,106,100
2026-07-11,5929,22042,10x30,V_1471882,price,182,170
2026-07-11,1127,24416,10x10,V_1311148,promo,$1 first month rent,First month 50% off
2026-07-11,1127,24416,10x25,V_1527261,promo,First month 50% off,
2026-07-11,1127,24416,10x20,V_1527258,promo,First month 50% off,
2026-07-11,1127,24416,10x25,V_1527260,promo,First month 50% off,
2026-07-11,1127,24416,10x30,V_582145,promo,2nd Month Free,
2026-07-11,1135,28219,10x10,V_576244,promo,$1 first month rent,
2026-07-11,1135,28219,10x15,V_659325,promo,$1 first month rent,First month 50% off
2026-07-11,1107,24340,5x5,V_191419,promo,,First month 50% off
2026-07-11,1107,24340,5x15,V_191418,promo,,$1 first month rent
2026-07-11,1107,24340,10x10,V_1311386,promo,,First month 50% off
2026-07-11,1107,24340,10x15,V_191407,promo,,First month 50% off
2026-07-11,1107,24340,10x25,V_1406507,promo,,First month 50% off
2026-07-11,5394,26942,5x5,V_1414986,promo,,$1 first month rent
2026-07-11,2558,26536,10x15,V_1458143,promo,$1 first month rent,First month 50% off
2026-07-11,1103,24335,5x10,V_659060,promo,First month 50% off,
2026-07-11,1103,24335,10x15,V_659050,price,105,98
2026-07-11,1103,24335,10x20,V_1540464,promo,First month 50% off,
2026-07-11,1103,24335,10x30,V_1415021,price,163,134
2026-07-11,1103,24335,10x25,V_1486726,promo,First month 50% off,
2026-07-11,6536,78138,5x10,V_1594643,price,54,51
2026-07-11,6536,78138,10x10,V_1594649,price,95,89
2026-07-11,1156,21205,5x5,V_1575289,promo,First month 50% off,$1 first month rent
2026-07-11,1156,21205,10x15,V_213563,promo,$1 first month rent,First month 50% off
2026-07-11,1156,21205,10x30,V_579465,price,131,128
2026-07-11,2597,26558,10x20,V_1580130,promo,,First month 50% off
2026-07-11,2597,26558,10x30,V_1580129,promo,First month 50% off,2nd Month Free
2026-07-11,6218,27423,5x5,V_1554899,price,31,29
2026-07-11,6218,27423,10x10,V_1514097,price,73,68
2026-07-11,6218,27423,10x20,V_1554139,promo,First month 50% off,
2026-07-11,1455,24329,5x15,V_1572029,promo,2nd Month Free,First month 50% off
2026-07-11,1455,24329,10x10,V_391779,promo,,First month 50% off
2026-07-11,1455,24329,10x20,V_1410707,promo,2nd Month Free,First month 50% off
2026-07-11,1455,24329,10x15,V_1431451,promo,2nd Month Free,First month 50% off
2026-07-11,6514,78045,5x5,V_1591323,price,18,17
2026-07-11,6514,78045,10x15,V_1588118,price,55,52
2026-07-11,1464,24402,5x10,V_217097,promo,First month 50% off,
2026-07-11,1116,24341,10x20,V_1406472,price,164,159
2026-07-11,2619,26578,10x30,V_1550139,promo,First month 50% off,
2026-07-11,5494,26981,10x15,V_1380171,promo,$1 first month rent,First month 50% off
2026-07-11,2559,26537,10x10,V_647029,price,86,80
2026-07-11,2559,26537,10x10,V_647029,promo,First month 50% off,$1 first month rent
2026-07-11,1491,20423,10x10,V_1431939,price,76,66
2026-07-11,1491,20423,10x10,V_1431939,promo,$1 first month rent,First month 50% off
2026-07-11,6182,77913,5x15,V_1499420,price,73,68
2026-07-11,2598,26559,5x10,V_1477236,promo,First month 50% off,$1 first month rent
2026-07-11,2598,26559,10x10,V_1463088,price,86,76
2026-07-11,2598,26559,10x20,V_1432527,promo,,First month 50% off
2026-07-11,1121,24420,10x10,V_1575141,price,87,80
2026-07-11,1121,24420,10x10,V_650912,promo,,$1 first month rent
2026-07-11,5396,26944,10x10,V_1362057,price,92,84
2026-07-11,5396,26944,10x10,V_1362057,promo,,$1 first month rent
2026-07-11,5396,26944,5x15,V_1387198,promo,,First month 50% off
2026-07-11,5396,26944,10x15,V_1458103,promo,,First month 50% off
2026-07-11,5396,26944,10x15,V_1409421,promo,,$1 first month rent
2026-07-11,5396,26944,10x15,V_1409436,promo,,First month 50% off
2026-07-11,5396,26944,Parking,V_1512651,promo,,First month 50% off
2026-07-11,5436,26962,10x15,V_1377837,price,115,86
2026-07-11,5436,26962,10x15,V_1537636,promo,$1 first month rent,
2026-07-11,5998,22111,5x10,V_1588967,price,66,50
2026-07-11,2586,26561,10x20,V_1539462,price,166,125
2026-07-11,6392,23847,5x5,V_1549588,price,37,46
2026-07-11,6392,23847,5x5,V_1549588,promo,,$1 first month rent
2026-07-11,6392,23847,5x10,V_1549592,price,43,54
2026-07-11,6392,23847,5x10,V_1548133,price,44,55
2026-07-11,6392,23847,10x10,V_1549593,price,70,79
2026-07-11,6392,23847,10x10,V_1548132,price,70,80
2026-07-11,6392,23847,10x10,V_1548131,price,80,90
2026-07-11,6392,23847,5x15,V_1568589,price,73,91
2026-07-11,6392,23847,10x10,V_1549586,price,105,119
2026-07-11,6392,23847,10x20,V_1548128,price,155,177
2026-07-11,6392,23847,10x20,V_1548135,price,170,188
2026-07-11,6392,23847,10x25,V_1548123,price,190,211
2026-07-11,5989,22102,5x10,V_1553224,price,45,74
2026-07-11,5989,22102,5x10,V_1474723,price,46,74
2026-07-11,5989,22102,5x10,V_1503624,price,50,75
2026-07-11,5989,22102,5x15,V_1476562,price,66,83
2026-07-11,5989,22102,10x20,V_1474722,price,102,95
2026-07-11,5989,22102,10x10,V_1474728,price,90,112
2026-07-11,5989,22102,10x10,V_1476560,price,93,116
2026-07-11,922,23720,10x20,V_1540393,price,143,107
2026-07-11,2614,26584,10x20,V_1540375,promo,,$1 first month rent
2026-07-11,5996,22109,10x20,V_1475083,price,157,118
2026-07-11,6438,23938,10x15,V_1562683,price,102,96
2026-07-11,6438,23938,10x10,V_1561743,price,78,97
2026-07-11,6438,23938,10x10,V_1562123,price,82,103
2026-07-11,6438,23938,10x15,V_1561742,price,101,126
2026-07-11,6438,23938,10x20,V_1561738,price,102,128
2026-07-11,2588,26563,10x20,V_652233,price,119,89
2026-07-11,2589,26564,10x10,V_1462715,price,108,81
2026-07-11,5780,27575,10x20,V_1415149,price,135,101
2026-07-11,5777,27572,10x10,V_1505010,price,78,59
2026-07-11,5777,27572,10x10,V_1541566,price,87,65
2026-07-11,5777,27572,10x25,V_1415091,price,142,107
2026-07-11,2590,26565,10x10,V_1388650,price,76,57
2026-07-11,2590,26565,5x15,V_652267,price,76,57
2026-07-11,5990,22103,5x5,V_1474779,price,12,15
2026-07-11,5990,22103,5x10,V_1474780,price,19,24
2026-07-11,5990,22103,10x10,V_1474781,price,42,53
2026-07-11,5990,22103,10x20,V_1474776,price,74,69
2026-07-11,5990,22103,10x20,V_1570550,price,70,87
2026-07-11,5781,27576,5x5,V_1415182,price,18,23
2026-07-11,5781,27576,10x10,V_1415173,price,38,35
2026-07-11,5781,27576,Parking,V_1546666,price,29,36
2026-07-11,5781,27576,5x10,V_1495662,price,29,36
2026-07-11,5781,27576,10x20,V_1437220,price,59,74
2026-07-11,5781,27576,10x20,V_1415171,price,72,90
2026-07-11,5781,27576,10x25,V_1415190,price,82,103
2026-07-11,5781,27576,10x25,V_1437222,price,86,107
2026-07-11,5781,27576,10x30,V_1415162,price,97,121
2026-07-11,5781,27576,10x30,V_1415184,price,99,124
2026-07-11,5781,27576,10x30,V_1585663,price,119,141
2026-07-11,5778,27573,10x20,V_1415112,price,149,112
2026-07-11,5995,22108,5x10,V_1484890,price,17,16
2026-07-11,5995,22108,5x15,V_1475029,price,19,24
2026-07-11,5995,22108,5x10,V_1475051,price,23,29
2026-07-11,5995,22108,5x10,V_1541331,price,24,30
2026-07-11,5995,22108,10x10,V_1475028,price,40,38
2026-07-11,5995,22108,10x10,V_1527639,price,40,38
2026-07-11,5995,22108,10x10,V_1475049,price,44,55
2026-07-11,5995,22108,10x10,V_1541330,price,48,60
2026-07-11,5995,22108,10x15,V_1541970,price,54,67
2026-07-11,5995,22108,Parking,V_1522331,price,56,70
2026-07-11,5995,22108,10x20,V_1475020,price,84,79
2026-07-11,5995,22108,Parking,V_1522332,price,66,82
2026-07-11,5995,22108,Parking,V_1522327,price,66,82
2026-07-11,5995,22108,Parking,V_1522326,price,68,85
2026-07-11,5995,22108,10x15,V_1475030,price,69,86
2026-07-11,5995,22108,Parking,V_1522329,price,70,87
2026-07-11,5995,22108,10x20,V_1539270,price,91,114
2026-07-11,5995,22108,Parking,V_1522330,price,93,116
2026-07-11,5995,22108,10x25,V_1475024,price,100,125
2026-07-11,5995,22108,10x25,V_1537924,price,103,129
2026-07-11,5995,22108,10x30,V_1537925,price,124,155
2026-07-11,5995,22108,10x30,V_1475022,price,126,157
2026-07-11,5995,22108,10x30,V_1475022,promo,,First month 50% off
2026-07-11,5995,22108,10x30,V_1580587,price,126,157
2026-07-11,5995,22108,Parking,V_1522328,price,135,169
2026-07-11,2594,26569,10x10,V_1345460,price,89,67
2026-07-11,2594,26569,10x15,V_652338,price,112,84
2026-07-11,931,25623,5x15,V_145505,price,55,41
2026-07-11,2595,26570,10x10,V_1389052,price,71,53
2026-07-11,2595,26570,10x15,V_652363,price,110,83
2026-07-11,5679,27623,5x5,V_1574906,price,10,11
2026-07-11,5679,27623,5x10,V_1492326,price,18,22
2026-07-11,5679,27623,5x10,V_1456370,price,18,23
2026-07-11,5679,27623,5x10,V_1456357,price,19,24
2026-07-11,5679,27623,5x10,V_1419843,price,20,25
2026-07-11,5679,27623,Parking,V_1522255,price,21,26
2026-07-11,5679,27623,5x10,V_1500126,price,22,28
2026-07-11,5679,27623,5x10,V_1500125,price,22,28
2026-07-11,5679,27623,5x10,V_1428777,price,23,29
2026-07-11,5679,27623,5x10,V_1554486,price,24,30
2026-07-11,5679,27623,5x10,V_1595498,price,27,34
2026-07-11,5679,27623,5x10,V_1492155,price,28,35
2026-07-11,5679,27623,10x10,V_1456366,price,39,49
2026-07-11,5679,27623,10x10,V_1492159,price,53,50
2026-07-11,5679,27623,10x10,V_1456346,price,41,51
2026-07-11,5679,27623,10x10,V_1456376,price,43,54
2026-07-11,5679,27623,10x10,V_1428788,price,46,57
2026-07-11,5679,27623,10x10,V_1427249,price,48,60
2026-07-11,5679,27623,10x10,V_1494110,price,53,66
2026-07-11,5679,27623,10x10,V_1492166,price,54,67
2026-07-11,5679,27623,10x10,V_1462750,price,55,69
2026-07-11,5679,27623,10x15,V_1456367,price,70,80
2026-07-11,5679,27623,10x15,V_1427238,price,77,87
2026-07-11,5679,27623,10x15,V_1492171,price,91,104
2026-07-11,5679,27623,10x15,V_1595499,price,102,104
2026-07-11,5679,27623,10x15,V_1500005,price,95,105
2026-07-11,5679,27623,10x15,V_1462752,price,106,107
2026-07-11,5679,27623,10x20,V_1595497,price,192,144
2026-07-11,5679,27623,10x20,V_1554474,price,155,177
2026-07-11,5679,27623,10x20,V_1554503,price,172,192
2026-07-11,5679,27623,10x25,V_1456375,price,202,233
2026-07-11,5679,27623,10x30,V_1428826,price,260,287
2026-07-11,5628,27627,5x5,V_1566374,price,11,14
2026-07-11,5628,27627,5x5,V_1393134,price,13,16
2026-07-11,5628,27627,5x5,V_1500256,price,14,17
2026-07-11,5628,27627,5x5,V_1537485,price,14,17
2026-07-11,5628,27627,5x10,V_1500257,price,20,19
2026-07-11,5628,27627,5x5,V_1547190,price,15,19
2026-07-11,5628,27627,5x5,V_1393145,price,18,22
2026-07-11,5628,27627,5x10,V_1393127,price,20,25
2026-07-11,5628,27627,5x10,V_1500725,price,26,25
2026-07-11,5628,27627,5x15,V_1537445,price,20,25
2026-07-11,5628,27627,5x10,V_1566372,price,21,26
2026-07-11,5628,27627,5x10,V_1537500,price,22,27
2026-07-11,5628,27627,Parking,V_1522300,price,23,29
2026-07-11,5628,27627,5x10,V_1393117,price,26,33
2026-07-11,5628,27627,5x10,V_1462745,price,26,33
2026-07-11,5628,27627,Parking,V_1522286,price,30,37
2026-07-11,5628,27627,5x15,V_1393125,price,31,39
2026-07-11,5628,27627,10x10,V_1393123,price,32,40
2026-07-11,5628,27627,Parking,V_1522287,price,34,42
2026-07-11,5628,27627,10x10,V_1393124,price,34,43
2026-07-11,5628,27627,10x10,V_1419743,price,35,44
2026-07-11,5628,27627,Parking,V_1522283,price,36,45
2026-07-11,5628,27627,10x10,V_1537493,price,38,47
2026-07-11,5628,27627,10x10,V_1419744,price,40,50
2026-07-11,5628,27627,10x15,V_1500258,price,41,51
2026-07-11,5628,27627,Parking,V_1522284,price,43,54
2026-07-11,5628,27627,Parking,V_1522285,price,46,58
2026-07-11,5628,27627,10x15,V_1537487,price,51,64
2026-07-11,5628,27627,10x15,V_1393118,price,58,72
2026-07-11,5628,27627,Parking,V_1522289,price,78,98
2026-07-11,5628,27627,10x15,V_1393142,price,79,99
2026-07-11,5628,27627,10x20,V_1393120,price,94,153
2026-07-11,5628,27627,10x25,V_1419752,price,136,155
2026-07-11,5628,27627,10x20,V_1419759,price,102,165
2026-07-11,5628,27627,10x25,V_1419755,price,110,176
2026-07-11,5628,27627,10x20,V_1393169,price,112,181
2026-07-11,5628,27627,10x30,V_1419749,price,156,207
2026-07-11,5628,27627,10x30,V_1419748,price,148,207
2026-07-11,5785,27580,10x20,V_1438430,price,132,99
2026-07-11,865,24307,10x20,V_1574917,promo,,$1 first month rent
2026-07-11,5783,27578,5x5,V_1415220,price,34,26
2026-07-11,833,24129,10x15,V_589489,price,111,83
2026-07-11,5672,27615,5x5,V_1397178,price,21,16
2026-07-11,5672,27615,5x10,V_1563407,price,32,24
2026-07-11,5672,27615,5x10,V_1397177,price,45,34
2026-07-11,5672,27615,5x10,V_1537170,price,46,35
2026-07-11,5776,27571,5x5,V_1415068,price,28,35
2026-07-11,5776,27571,10x10,V_1541206,price,126,137
2026-07-11,5776,27571,10x15,V_1415080,price,134,152
2026-07-11,5776,27571,10x10,V_1415069,price,133,153
2026-07-11,5776,27571,10x25,V_1430906,price,184,157
2026-07-11,5776,27571,10x15,V_1541203,price,157,158
2026-07-11,5776,27571,10x10,V_1541198,price,166,198
2026-07-11,5776,27571,10x25,V_1437715,price,178,202
2026-07-11,5776,27571,10x30,V_1437719,price,242,276
2026-07-11,5776,27571,10x30,V_1430120,price,273,295
2026-07-11,5992,22105,10x10,V_1474909,price,151,113
2026-07-11,5992,22105,10x10,V_1474901,price,190,143
2026-07-11,2592,26567,10x15,V_652305,price,149,112
2026-07-11,958,24532,10x15,V_158890,price,201,151
2026-07-11,948,25624,5x5,V_1575362,price,38,29
2026-07-11,948,25624,10x10,V_149094,price,112,84
2026-07-11,948,25624,10x20,V_1580515,price,155,116
2026-07-11,5784,27579,5x10,V_1415245,price,42,53
2026-07-11,5784,27579,10x10,V_1415239,price,67,63
2026-07-11,5784,27579,10x10,V_1415249,price,63,79
2026-07-11,5784,27579,10x20,V_1539280,price,157,185
2026-07-11,6393,23848,5x10,V_1549342,price,30,38
2026-07-11,6393,23848,5x10,V_1571676,price,46,57
2026-07-11,6393,23848,5x15,V_1548142,price,66,83
2026-07-11,6393,23848,10x10,V_1548140,price,90,113
2026-07-11,6393,23848,10x20,V_1548148,price,191,217
2026-07-11,6393,23848,10x20,V_1548148,promo,First month 50% off,
2026-07-11,6000,22113,Parking,V_1517317,price,66,88
2026-07-11,6000,22113,Parking,V_1517318,price,82,103
2026-07-11,6000,22113,10x15,V_1475251,price,153,180
2026-07-11,6000,22113,10x20,V_1475249,price,166,205
2026-07-11,6000,22113,10x25,V_1475250,price,226,228
2026-07-11,6000,22113,10x30,V_1546629,price,306,314
2026-07-11,5999,22112,10x30,V_1563415,promo,,$1 first month rent
2026-07-11,515,20416,5x10,V_1457581,price,76,74
2026-07-11,1895,08238,10x20,V_336021,promo,First month 50% off,
2026-07-11,1895,08238,10x20,V_1357766,promo,First month 50% off,
2026-07-11,1895,08238,10x20,V_1458784,promo,First month 50% off,
2026-07-11,6089,77629,10x15,V_1480648,price,137,128
2026-07-11,6089,77629,10x20,V_1480637,price,186,175
2026-07-11,131,20197,5x10,V_62623,promo,,First month 50% off
2026-07-11,131,20197,5x10,V_1458423,promo,,First month 50% off
2026-07-11,131,20197,Parking,V_1520987,promo,,First month 50% off
2026-07-11,131,20197,10x20,V_1574417,promo,,First month 50% off
2026-07-11,131,20197,10x25,V_1422147,promo,,First month 50% off
2026-07-11,131,20197,10x25,V_1574256,promo,,First month 50% off
2026-07-11,5724,27126,10x10,V_1404584,promo,First month 50% off,
2026-07-11,5724,27126,10x10,V_1458948,promo,First month 50% off,
2026-07-11,138,20719,5x5,V_241115,promo,First month 50% off,
2026-07-11,138,20719,5x5,V_68943,promo,First month 50% off,
2026-07-11,138,20719,5x5,V_1458926,promo,First month 50% off,
2026-07-11,138,20719,5x10,V_68939,promo,First month 50% off,
2026-07-11,138,20719,5x10,V_1350450,promo,First month 50% off,
2026-07-11,138,20719,5x10,V_1458927,promo,First month 50% off,
2026-07-11,1799,08126,5x15,V_338314,price,48,41
2026-07-11,1799,08126,10x10,V_338404,promo,,First month 50% off
2026-07-11,1799,08126,10x20,V_1417738,promo,2nd Month Free,First month 50% off
2026-07-11,132,20258,5x10,V_1457122,price,83,77
2026-07-11,132,20258,10x10,V_1432377,promo,$1 first month rent,
2026-07-11,132,20258,10x20,V_1574250,promo,First month 50% off,
2026-07-11,1894,08237,10x10,V_1432184,promo,First month 50% off,
2026-07-11,6446,23935,10x10,V_1567600,price,97,91
2026-07-11,2178,08190,10x15,V_630253,promo,$1 first month rent,First month 50% off
2026-07-11,187,26820,5x10,V_61811,promo,$1 first month rent,First month 50% off
2026-07-11,187,26820,10x25,V_61808,promo,2nd Month Free,First month 50% off
2026-07-11,187,26820,10x30,V_1422461,promo,2nd Month Free,First month 50% off
2026-07-11,123,23713,5x10,V_60463,price,72,59
2026-07-11,123,23713,5x15,V_60465,price,96,92
2026-07-11,560,20488,5x10,V_61668,promo,First month 50% off,$1 first month rent
2026-07-11,1798,08125,10x25,V_1422433,price,189,153
2026-07-11,6087,77627,5x5,V_1480573,promo,$1 first month rent,First month 50% off
2026-07-11,5625,27129,10x15,V_1507882,price,111,96
2026-07-11,5625,27129,10x20,V_1505291,price,117,104
2026-07-11,198,20701,5x10,V_1457460,promo,,First month 50% off
2026-07-11,533,23108,5x5,V_1452547,promo,,$1 first month rent
2026-07-11,533,23108,5x5,V_62771,promo,First month 50% off,$1 first month rent
2026-07-11,533,23108,5x10,V_1452545,promo,$1 first month rent,First month 50% off
2026-07-11,2066,08527,5x10,V_1490548,price,72,68
2026-07-11,2066,08527,10x10,V_334364,price,83,80
2026-07-11,6088,77628,5x10,V_1495801,price,56,53
2026-07-11,495,24414,5x10,V_1587615,price,60,51
2026-07-11,495,24414,Parking,V_1516842,promo,,$1 first month rent
2026-07-11,614,20708,10x10,V_645595,promo,$1 first month rent,First month 50% off
2026-07-11,5616,77626,5x5,V_1391980,price,42,39
2026-07-11,5616,77626,10x15,V_1391995,promo,,First month 50% off
2026-07-11,492,20617,5x5,V_68958,price,27,26
2026-07-11,2067,08528,10x20,V_1530449,promo,,First month 50% off
2026-07-11,5438,77606,5x15,V_1386755,promo,$1 first month rent,2nd Month Free
2026-07-11,5438,77606,10x10,V_1386753,promo,2nd Month Free,
2026-07-11,5757,77776,10x20,V_1410609,promo,2nd Month Free,First month 50% off
2026-07-11,1891,08234,5x5,V_638148,promo,First month 50% off,$1 first month rent
2026-07-11,1891,08234,5x10,V_334274,price,102,86
2026-07-11,1891,08234,10x15,V_333201,price,180,153
2026-07-11,5439,77607,Parking,V_1545228,promo,$1 first month rent,First month 50% off
2026-07-11,5439,77607,5x5,V_1566385,promo,$1 first month rent,First month 50% off
2026-07-11,5439,77607,5x15,V_1386776,promo,,$1 first month rent
2026-07-11,5439,77607,Parking,V_1545229,promo,$1 first month rent,First month 50% off
2026-07-11,5439,77607,10x20,V_1419414,price,213,164
2026-07-11,5439,77607,10x30,V_1519430,promo,2nd Month Free,First month 50% off
2026-07-11,175,26833,5x5,V_70032,promo,,$1 first month rent
2026-07-11,175,26833,10x30,V_579090,promo,First month 50% off,2nd Month Free
2026-07-11,490,24229,5x10,V_73989,promo,$1 first month rent,First month 50% off
2026-07-11,490,24229,10x10,V_1418696,promo,$1 first month rent,
2026-07-11,5432,26955,10x10,V_1460817,promo,$1 first month rent,
2026-07-11,5432,26955,10x20,V_1438053,price,188,185
2026-07-11,489,24406,10x25,V_1564971,price,230,213
2026-07-11,1964,08395,5x10,V_309231,promo,$1 first month rent,First month 50% off
2026-07-11,1963,08394,10x15,V_307449,promo,First month 50% off,$1 first month rent
2026-07-11,5876,77677,5x10,V_1442597,price,66,62
2026-07-11,5604,27127,5x5,V_1405156,price,46,42
2026-07-11,5604,27127,5x10,V_1404617,promo,,$1 first month rent
2026-07-11,5604,27127,10x20,V_1492029,price,144,135
2026-07-11,1938,08363,5x10,V_332498,price,72,64
2026-07-11,1938,08363,5x15,V_1458603,promo,First month 50% off,
2026-07-11,1938,08363,5x15,V_1458602,promo,First month 50% off,
2026-07-11,1938,08363,10x15,V_312950,promo,First month 50% off,
2026-07-11,74,20722,5x5,V_66215,promo,First month 50% off,
2026-07-11,74,20722,10x20,V_66208,promo,First month 50% off,
2026-07-11,477,23115,5x5,V_65363,promo,$1 first month rent,First month 50% off
2026-07-11,477,23115,5x10,V_388346,promo,$1 first month rent,First month 50% off
2026-07-11,477,23115,5x15,V_65358,promo,$1 first month rent,First month 50% off
2026-07-11,477,23115,10x15,V_65344,promo,$1 first month rent,First month 50% off
2026-07-11,477,23115,10x10,V_1450147,promo,$1 first month rent,First month 50% off
2026-07-11,477,23115,10x15,V_65342,promo,$1 first month rent,First month 50% off
2026-07-11,5753,27128,10x15,V_1448870,price,124,116
2026-07-11,1893,08236,5x15,V_589512,promo,$1 first month rent,First month 50% off
2026-07-11,1892,08235,5x5,V_333213,promo,First month 50% off,
2026-07-11,1241,24516,5x5,V_1562118,price,69,56
2026-07-11,1241,24516,10x20,V_194650,price,179,151
2026-07-11,5941,22054,10x15,V_1472682,price,160,137
2026-07-11,5941,22054,10x10,V_1472649,promo,,First month 50% off
2026-07-11,5941,22054,10x30,V_1472677,price,245,209
2026-07-11,6517,78091,10x10,V_1588887,price,76,57
2026-07-11,6517,78091,10x20,V_1588894,price,107,80
2026-07-11,6517,78091,10x15,V_1588886,price,106,80
2026-07-11,6517,78091,10x30,V_1588870,price,163,122
2026-07-11,6324,77955,10x10,V_1545410,price,58,55
2026-07-11,1032,23101,5x5,V_187080,promo,$1 first month rent,First month 50% off
2026-07-11,1032,23101,5x5,V_1582487,promo,$1 first month rent,First month 50% off
2026-07-11,1032,23101,10x15,V_1582485,promo,$1 first month rent,First month 50% off
2026-07-11,1032,23101,10x15,V_187066,promo,$1 first month rent,First month 50% off
2026-07-11,1032,23101,10x20,V_1586537,promo,2nd Month Free,First month 50% off
2026-07-11,1028,23421,5x10,V_586650,promo,$1 first month rent,First month 50% off
2026-07-11,1028,23421,5x10,V_189264,price,99,98
2026-07-11,1028,23421,10x15,V_189256,promo,First month 50% off,
2026-07-11,1803,08130,5x10,V_339669,promo,$1 first month rent,
2026-07-11,1803,08130,5x10,V_339674,promo,First month 50% off,
2026-07-11,6172,77795,5x15,V_1512260,price,65,61
2026-07-11,1061,23102,5x5,V_194522,promo,$1 first month rent,First month 50% off
2026-07-11,1061,23102,Parking,V_1580470,promo,First month 50% off,
2026-07-11,1061,23102,10x25,V_1590304,promo,First month 50% off,
2026-07-11,1061,23102,10x20,V_1411931,promo,First month 50% off,
2026-07-11,6158,78028,10x20,V_1566974,promo,,First month 50% off
2026-07-11,5391,77550,5x5,V_1533261,promo,$1 first month rent,First month 50% off
2026-07-11,5391,77550,5x10,V_1533266,promo,$1 first month rent,
2026-07-11,1450,24320,10x20,V_1590666,price,154,122
2026-07-11,5464,27134,10x10,V_1435938,price,142,112
2026-07-11,5497,26985,10x10,V_1380772,promo,$1 first month rent,
2026-07-11,5497,26985,10x10,V_1464067,price,182,177
2026-07-11,5462,27132,10x15,V_1436304,price,209,164
2026-07-11,5463,27133,10x15,V_1436308,price,151,118
2026-07-11,5463,27133,10x20,V_1456553,price,143,121
2026-07-11,5420,77539,5x15,V_1369215,price,58,54
2026-07-11,5420,77539,10x10,V_1369208,price,66,62
2026-07-11,5420,77539,10x10,V_1369196,price,80,75
2026-07-11,5420,77539,10x10,V_1573048,price,81,76
2026-07-11,5420,77539,10x15,V_1369200,promo,,$1 first month rent
2026-07-11,920,21006,10x10,V_185948,promo,,$1 first month rent
2026-07-11,920,21006,10x15,V_185949,promo,,First month 50% off
2026-07-11,920,21006,10x20,V_185950,promo,,First month 50% off
2026-07-11,912,24111,5x10,V_1562654,price,36,34
2026-07-11,5392,77552,10x10,V_1535625,price,46,44
2026-07-11,6302,77944,5x10,V_1532075,price,24,23
2026-07-11,6302,77944,5x10,V_1527235,price,28,26
2026-07-11,6302,77944,10x10,V_1527230,promo,$1 first month rent,First month 50% off
2026-07-11,6302,77944,10x20,V_1527225,price,134,126
2026-07-11,6090,77637,5x10,V_1480697,price,66,62
2026-07-11,6090,77637,5x10,V_1480672,price,75,71
2026-07-11,6090,77637,10x25,V_1480693,price,165,155
2026-07-11,2265,25765,10x15,V_600750,price,136,134
2026-07-11,1042,23216,10x10,V_1566765,promo,,First month 50% off
2026-07-11,6439,78013,5x10,V_1562223,price,40,38
2026-07-11,6439,78013,5x5,V_1562194,price,40,38
2026-07-11,6439,78013,10x15,V_1562215,price,96,90
2026-07-11,6439,78013,10x20,V_1562190,price,112,105
2026-07-11,6439,78013,10x20,V_1562201,price,150,141
2026-07-11,1067,24209,5x10,V_196656,price,75,74
2026-07-11,6073,29293,5x5,V_1477986,promo,,First month 50% off
2026-07-11,6073,29293,5x10,V_1477982,promo,,First month 50% off
2026-07-11,6073,29293,5x10,V_1586018,promo,First month 50% off,
2026-07-11,6073,29293,10x10,V_1477972,price,115,108
2026-07-11,6073,29293,10x15,V_1477987,promo,$1 first month rent,First month 50% off
2026-07-11,5797,27582,10x10,V_1530469,promo,$1 first month rent,First month 50% off
2026-07-11,6217,77933,5x10,V_1530899,price,66,62
2026-07-11,6217,77933,10x10,V_1512090,price,90,85
2026-07-11,6420,23928,10x15,V_1555454,price,49,46
2026-07-11,6420,23928,10x15,V_1555445,price,68,64
2026-07-11,6181,77713,5x5,V_1499259,promo,First month 50% off,
2026-07-11,6181,77713,5x10,V_1499260,promo,First month 50% off,
2026-07-11,6181,77713,10x20,V_1529880,price,129,121
2026-07-11,6181,77713,10x20,V_1529878,promo,First month 50% off,
2026-07-11,6335,78034,5x10,V_1538553,promo,$1 first month rent,First month 50% off
2026-07-11,541,28030,10x10,V_1527301,price,85,84
2026-07-11,2339,25914,10x20,V_1393856,price,186,140
2026-07-11,2339,25914,10x20,V_1393856,promo,2nd Month Free,First month 50% off
2026-07-11,2339,25914,10x25,V_1393859,price,191,159
2026-07-11,2339,25914,10x15,V_613757,promo,First month 50% off,$1 first month rent
2026-07-11,5488,26970,10x15,V_1379655,promo,$1 first month rent,First month 50% off
2026-07-11,5488,26970,10x20,V_1529837,promo,,First month 50% off
2026-07-11,2629,26594,5x5,V_1350148,promo,First month 50% off,
2026-07-11,2629,26594,5x5,V_658819,promo,First month 50% off,
2026-07-11,2629,26594,5x10,V_658827,promo,First month 50% off,
2026-07-11,2629,26594,5x10,V_1352382,promo,First month 50% off,
2026-07-11,2629,26594,5x10,V_1352381,promo,$1 first month rent,
2026-07-11,2629,26594,5x10,V_658812,promo,First month 50% off,
2026-07-11,6163,77710,5x5,V_1519194,price,26,24
2026-07-11,6163,77710,5x10,V_1493960,price,58,55
2026-07-11,6163,77710,10x10,V_1493988,price,94,89
2026-07-11,6163,77710,10x15,V_1493969,price,132,124
2026-07-11,5489,26971,10x20,V_1529841,promo,First month 50% off,
2026-07-11,588,28041,10x10,V_1585106,promo,$1 first month rent,First month 50% off
2026-07-11,556,28026,10x10,V_1390786,price,91,89
2026-07-11,556,28026,10x15,V_102289,price,117,104
2026-07-11,5603,27357,10x20,V_1390952,promo,,First month 50% off
2026-07-11,5883,27485,10x10,V_1459347,price,82,77
2026-07-11,2098,08615,10x10,V_389466,promo,First month 50% off,$1 first month rent
2026-07-11,5774,27437,5x5,V_1414210,price,12,10
2026-07-11,5774,27437,5x5,V_1560380,price,13,10
2026-07-11,813,28034,5x5,V_1570395,promo,,$1 first month rent
2026-07-11,813,28034,10x10,V_91705,promo,First month 50% off,$1 first month rent
2026-07-11,5884,27486,5x15,V_1544851,price,57,53
2026-07-11,5884,27486,10x20,V_1443915,price,123,116
2026-07-11,5884,27486,10x15,V_1443907,price,154,144
2026-07-11,5775,27438,5x5,V_1553807,promo,First month 50% off,$1 first month rent
2026-07-11,5775,27438,5x15,V_1464256,price,42,40
2026-07-11,5775,27438,10x10,V_1414253,promo,$1 first month rent,
2026-07-11,2476,25867,10x15,V_630002,price,157,118
2026-07-11,585,28028,5x5,V_1404597,promo,First month 50% off,$1 first month rent
2026-07-11,585,28028,5x5,V_1349039,promo,First month 50% off,$1 first month rent
2026-07-11,585,28028,10x25,V_1535460,promo,First month 50% off,2nd Month Free
2026-07-11,576,28023,10x20,V_1530089,price,116,98
2026-07-11,718,28025,5x15,V_92747,promo,$1 first month rent,First month 50% off
2026-07-11,550,24205,5x5,V_1529172,promo,$1 first month rent,
2026-07-11,550,24205,5x5,V_567357,promo,First month 50% off,$1 first month rent
2026-07-11,550,24205,5x10,V_567358,promo,First month 50% off,$1 first month rent
2026-07-11,550,24205,10x20,V_1577986,promo,First month 50% off,2nd Month Free
2026-07-11,550,24205,10x25,V_1530086,promo,First month 50% off,2nd Month Free
2026-07-11,550,24205,10x30,V_1530088,promo,First month 50% off,2nd Month Free
2026-07-11,2115,08657,5x5,V_1331069,promo,First month 50% off,
2026-07-11,2115,08657,5x10,V_1331070,promo,,First month 50% off
2026-07-11,2115,08657,10x10,V_320458,promo,$1 first month rent,First month 50% off
2026-07-11,2115,08657,10x15,V_320456,promo,,$1 first month rent
2026-07-11,2082,08568,5x10,V_343367,price,53,50
2026-07-11,2082,08568,10x15,V_650673,promo,$1 first month rent,First month 50% off
2026-07-11,2082,08568,10x10,V_1506966,price,168,158
2026-07-11,5352,26918,5x15,V_1406110,promo,First month 50% off,
2026-07-11,6520,78042,5x10,V_1592200,price,38,36
2026-07-11,6520,78042,10x10,V_1592189,price,70,65
2026-07-11,6520,78042,10x20,V_1592209,price,106,99
2026-07-11,6520,78042,10x15,V_1589095,price,113,106
2026-07-11,786,28037,10x20,V_1409041,price,132,126
2026-07-11,6417,23926,10x15,V_1553410,promo,,First month 50% off
2026-07-11,6417,23926,10x15,V_1553404,promo,First month 50% off,$1 first month rent
2026-07-11,6424,23930,5x5,V_1556154,price,24,23
2026-07-11,6424,23930,5x10,V_1556149,price,45,42
2026-07-11,6424,23930,10x15,V_1556153,price,65,61
2026-07-11,6424,23930,10x10,V_1556139,promo,,First month 50% off
2026-07-11,6085,27484,Parking,V_1595883,promo,First month 50% off,
2026-07-11,6085,27484,10x25,V_1480503,promo,First month 50% off,
2026-07-11,6085,27484,10x30,V_1495052,promo,2nd Month Free,First month 50% off
2026-07-11,5881,27482,10x10,V_1443838,price,74,70
2026-07-11,5881,27482,10x15,V_1460592,price,117,110
2026-07-11,5881,27482,10x20,V_1479864,price,134,126
2026-07-11,2094,08603,10x10,V_629510,price,76,64
2026-07-11,2341,25916,10x20,V_1529621,price,139,118
2026-07-11,2341,25916,10x15,V_613834,promo,$1 first month rent,
2026-07-11,5885,27487,10x10,V_1444082,price,120,113
2026-07-11,5885,27487,10x15,V_1443947,promo,$1 first month rent,
2026-07-11,5885,27487,10x20,V_1443946,promo,,2nd Month Free
2026-07-11,5885,27487,10x15,V_1444086,price,148,139
2026-07-11,5885,27487,10x30,V_1575404,price,468,434
2026-07-11,2111,08644,10x10,V_367829,price,77,75
2026-07-11,5353,26919,10x20,V_1406092,promo,2nd Month Free,First month 50% off
2026-07-11,517,28036,10x10,V_1579310,promo,$1 first month rent,First month 50% off
2026-07-11,5351,26917,10x10,V_1416568,promo,,First month 50% off
2026-07-11,2110,08643,10x10,V_1536238,promo,$1 first month rent,First month 50% off
2026-07-11,2340,25915,5x15,V_613789,promo,,$1 first month rent
2026-07-11,2340,25915,5x15,V_1527829,price,104,92
2026-07-11,2340,25915,10x15,V_1579298,promo,,First month 50% off
2026-07-11,2347,25923,10x10,V_1392565,promo,First month 50% off,$1 first month rent
2026-07-11,5378,27358,10x10,V_1527193,promo,$1 first month rent,First month 50% off
2026-07-11,546,28031,10x10,V_1520376,price,77,72
2026-07-11,2097,08612,10x20,V_1529856,promo,2nd Month Free,First month 50% off
2026-07-11,6453,77895,5x10,V_1566868,price,30,28
2026-07-11,6453,77895,5x15,V_1566878,price,36,34
2026-07-11,543,28032,5x10,V_1576512,promo,First month 50% off,
2026-07-11,543,28032,10x20,V_89838,promo,First month 50% off,
2026-07-11,543,28032,10x30,V_89846,promo,First month 50% off,
2026-07-11,6295,27676,5x15,V_1526318,promo,$1 first month rent,First month 50% off
2026-07-11,6295,27676,10x15,V_1529435,promo,$1 first month rent,First month 50% off
2026-07-11,6295,27676,10x10,V_1526304,promo,$1 first month rent,First month 50% off
2026-07-11,6295,27676,10x10,V_1529443,promo,$1 first month rent,First month 50% off
2026-07-11,2086,08580,5x10,V_336386,promo,$1 first month rent,First month 50% off
2026-07-11,2086,08580,10x30,V_1546672,price,135,163
2026-07-11,523,28033,5x10,V_649533,promo,$1 first month rent,First month 50% off
2026-07-11,523,28033,10x20,V_649438,promo,2nd Month Free,First month 50% off
2026-07-11,6529,78143,5x10,V_1593302,price,46,43
2026-07-11,2346,25922,10x10,V_1408697,price,147,113
2026-07-11,2346,25922,10x15,V_613980,promo,$1 first month rent,First month 50% off
2026-07-11,2095,08604,10x20,V_1529834,price,145,109
2026-07-11,2095,08604,10x20,V_1529834,promo,2nd Month Free,First month 50% off
2026-07-11,2349,25925,5x10,V_614083,promo,First month 50% off,$1 first month rent
2026-07-11,2349,25925,10x10,V_614087,price,104,78
2026-07-11,2349,25925,10x15,V_614085,promo,$1 first month rent,First month 50% off
2026-07-11,923,27921,5x10,V_1558791,promo,First month 50% off,$1 first month rent
2026-07-11,632,27917,5x5,V_1576543,promo,,$1 first month rent
2026-07-11,632,27917,10x10,V_1573577,price,96,92
2026-07-11,632,27917,10x10,V_114888,promo,First month 50% off,$1 first month rent
2026-07-11,632,27917,10x10,V_114890,promo,First month 50% off,$1 first month rent
2026-07-11,632,27917,10x10,V_1576490,promo,First month 50% off,$1 first month rent
2026-07-11,632,27917,10x15,V_114893,promo,First month 50% off,$1 first month rent
2026-07-11,632,27917,10x30,V_1575634,promo,First month 50% off,2nd Month Free
2026-07-11,632,27917,10x30,V_579150,promo,First month 50% off,2nd Month Free
2026-07-11,6297,29306,10x10,V_1530645,price,139,131
2026-07-11,6297,29306,10x10,V_1553606,promo,$1 first month rent,First month 50% off
2026-07-11,6297,29306,10x25,V_1526407,promo,2nd Month Free,First month 50% off
2026-07-11,6297,29306,10x20,V_1526401,promo,2nd Month Free,First month 50% off
2026-07-11,6297,29306,10x20,V_1553607,promo,2nd Month Free,First month 50% off
2026-07-11,6297,29306,10x30,V_1530646,promo,2nd Month Free,First month 50% off
2026-07-11,660,27919,10x10,V_568163,promo,,First month 50% off
2026-07-11,660,27919,10x15,V_568164,promo,First month 50% off,$1 first month rent
2026-07-11,660,27919,10x20,V_659321,promo,,First month 50% off
2026-07-11,5891,29285,10x10,V_1456684,promo,$1 first month rent,First month 50% off
2026-07-11,5955,22068,10x10,V_1474455,price,117,106
2026-07-11,5955,22068,10x10,V_1474455,promo,First month 50% off,$1 first month rent
2026-07-11,5620,27361,5x10,V_1392271,promo,First month 50% off,$1 first month rent
2026-07-11,5620,27361,5x10,V_1494481,promo,First month 50% off,$1 first month rent
2026-07-11,5620,27361,10x10,V_1408076,promo,First month 50% off,$1 first month rent
2026-07-11,5620,27361,5x15,V_1392270,promo,First month 50% off,$1 first month rent
2026-07-11,5620,27361,10x15,V_1408068,promo,First month 50% off,$1 first month rent
2026-07-11,5620,27361,10x10,V_1392269,promo,First month 50% off,$1 first month rent
2026-07-11,5620,27361,10x20,V_1392291,promo,First month 50% off,2nd Month Free
2026-07-11,5620,27361,10x20,V_1532158,promo,First month 50% off,2nd Month Free
2026-07-11,5620,27361,10x20,V_1392272,promo,First month 50% off,2nd Month Free
2026-07-11,5954,22067,5x10,V_1472970,promo,$1 first month rent,First month 50% off
2026-07-11,5954,22067,5x15,V_1472980,promo,,$1 first month rent
2026-07-11,5297,27911,5x5,V_1330480,price,103,101
2026-07-11,5297,27911,5x5,V_1330480,promo,$1 first month rent,First month 50% off
2026-07-11,5297,27911,5x10,V_1348055,promo,$1 first month rent,
2026-07-11,5297,27911,10x10,V_1348057,price,235,220
2026-07-11,5297,27911,10x20,V_1549462,price,256,224
2026-07-11,5297,27911,10x20,V_1549462,promo,,2nd Month Free
2026-07-11,5437,27360,Locker,V_1555827,promo,,$1 first month rent
2026-07-11,5437,27360,5x15,V_1372559,promo,2nd Month Free,$1 first month rent
2026-07-11,5437,27360,10x10,V_1578000,promo,2nd Month Free,$1 first month rent
2026-07-11,5404,27359,10x15,V_1442131,promo,$1 first month rent,First month 50% off
2026-07-11,2603,26572,10x30,V_1530063,price,149,142
2026-07-11,2602,26571,5x10,V_1339294,price,45,41
2026-07-11,674,27902,5x5,V_1572865,price,15,14
2026-07-11,674,27902,5x5,V_1572928,price,15,14
2026-07-11,674,27902,5x10,V_1572862,price,37,30
2026-07-11,674,27902,10x10,V_578173,price,72,71
2026-07-11,5948,22061,5x5,V_1576918,promo,First month 50% off,$1 first month rent
2026-07-11,5950,22063,10x10,V_1485097,price,51,49
2026-07-11,5397,77521,10x15,V_1362008,price,72,68
2026-07-11,6478,78095,5x5,V_1571128,price,12,11
2026-07-11,2129,08684,Parking,V_1517865,promo,First month 50% off,$1 first month rent
2026-07-11,2129,08684,5x5,V_314777,promo,First month 50% off,$1 first month rent
2026-07-11,2129,08684,10x20,V_339520,promo,First month 50% off,2nd Month Free
2026-07-11,2129,08684,10x30,V_580653,promo,First month 50% off,2nd Month Free
2026-07-11,2129,08684,10x30,V_581700,promo,First month 50% off,2nd Month Free
2026-07-11,2129,08684,10x30,V_581333,promo,First month 50% off,2nd Month Free
2026-07-11,5364,26925,10x10,V_1532915,promo,First month 50% off,$1 first month rent
2026-07-11,5364,26925,10x10,V_1579536,promo,$1 first month rent,First month 50% off
2026-07-11,6492,78094,10x25,V_1575312,price,137,128
2026-07-11,605,27901,10x15,V_68531,promo,First month 50% off,$1 first month rent
2026-07-11,5636,27368,10x15,V_1394238,price,141,121
2026-07-11,6287,27680,5x15,V_1569190,promo,$1 first month rent,First month 50% off
2026-07-11,6287,27680,10x10,V_1523387,promo,$1 first month rent,First month 50% off
2026-07-11,6287,27680,10x10,V_1569192,promo,First month 50% off,$1 first month rent
2026-07-11,5479,27440,5x10,V_1378412,promo,First month 50% off,$1 first month rent
2026-07-11,2549,26531,10x20,V_1532817,promo,First month 50% off,2nd Month Free
2026-07-11,869,27924,10x20,V_1489411,price,172,143
2026-07-11,421,27907,5x5,V_1569578,promo,,$1 first month rent
2026-07-11,421,27907,10x15,V_1511539,promo,$1 first month rent,First month 50% off
2026-07-11,424,27906,10x10,V_1428140,price,121,118
2026-07-11,424,27906,10x10,V_1428140,promo,$1 first month rent,First month 50% off
2026-07-11,689,27914,10x15,V_102141,price,51,50
2026-07-11,6436,23932,10x10,V_1561175,price,126,119
2026-07-11,5947,22060,10x10,V_1472680,price,55,52
2026-07-11,5947,22060,10x10,V_1472680,promo,$1 first month rent,First month 50% off
2026-07-11,572,07018,Parking,V_1517856,promo,$1 first month rent,First month 50% off
2026-07-11,572,07018,5x10,V_587182,promo,$1 first month rent,First month 50% off
2026-07-11,572,07018,Parking,V_1517857,promo,$1 first month rent,First month 50% off
2026-07-11,572,07018,10x20,V_1530439,price,116,106
2026-07-11,572,07018,10x20,V_1530442,promo,2nd Month Free,First month 50% off
2026-07-11,572,07018,10x25,V_1530441,promo,2nd Month Free,First month 50% off
2026-07-11,572,07018,5x10,V_1458483,promo,$1 first month rent,First month 50% off
2026-07-11,572,07018,10x20,V_1311292,promo,2nd Month Free,First month 50% off
2026-07-11,5331,26690,10x10,V_1428036,promo,First month 50% off,
2026-07-11,6454,23943,10x15,V_1567025,price,88,83
2026-07-11,6454,23943,10x20,V_1575809,price,110,103
2026-07-11,881,27922,10x20,V_1532826,price,173,162
2026-07-11,772,28105,Parking,V_1517416,promo,$1 first month rent,First month 50% off
2026-07-11,772,28105,10x25,V_1477808,promo,2nd Month Free,First month 50% off
2026-07-11,772,28105,10x30,V_1477807,promo,2nd Month Free,First month 50% off
2026-07-11,772,28105,10x30,V_1477815,promo,2nd Month Free,First month 50% off
2026-07-11,5978,22091,5x10,V_1568090,price,35,32
2026-07-11,5978,22091,10x10,V_1568089,price,78,71
2026-07-11,5978,22091,10x10,V_1505049,price,81,74
2026-07-11,5981,22094,10x15,V_1474327,price,173,169
2026-07-11,5673,27616,10x10,V_1514413,price,127,118
2026-07-11,5673,27616,10x15,V_1503653,promo,$1 first month rent,First month 50% off
2026-07-11,5678,27622,5x10,V_1487223,price,26,25
2026-07-11,5678,27622,5x10,V_1485624,price,32,30
2026-07-11,5678,27622,5x15,V_1397707,price,46,44
2026-07-11,1978,08412,10x20,V_337798,promo,2nd Month Free,First month 50% off
2026-07-11,1978,08412,10x20,V_1576740,promo,2nd Month Free,First month 50% off
2026-07-11,1978,08412,10x20,V_1478892,promo,2nd Month Free,First month 50% off
2026-07-11,1978,08412,10x25,V_1478893,promo,2nd Month Free,First month 50% off
2026-07-11,5688,27641,5x10,V_1420407,price,18,15
2026-07-11,5688,27641,5x10,V_1420410,price,18,15
2026-07-11,5688,27641,10x10,V_1436107,promo,First month 50% off,
2026-07-11,5688,27641,10x20,V_1436730,promo,First month 50% off,2nd Month Free
2026-07-11,937,21402,5x10,V_149378,price,18,17
2026-07-11,937,21402,10x10,V_1431540,promo,$1 first month rent,First month 50% off
2026-07-11,937,21402,10x30,V_1431538,price,160,145
2026-07-11,712,20724,10x10,V_1431494,price,58,45
2026-07-11,5683,27630,10x10,V_1461625,price,113,106
2026-07-11,5683,27630,10x15,V_1436416,price,121,113
2026-07-11,5671,27614,5x5,V_1397133,price,13,12
2026-07-11,5671,27614,5x10,V_1397111,promo,,First month 50% off
2026-07-11,5671,27614,5x10,V_1500475,price,17,16
2026-07-11,5671,27614,10x15,V_1397117,price,77,72
2026-07-11,5671,27614,10x15,V_1397117,promo,First month 50% off,$1 first month rent
2026-07-11,5705,27618,5x10,V_1435440,price,30,29
2026-07-11,5705,27618,10x10,V_1461300,promo,,First month 50% off
2026-07-11,5705,27618,10x20,V_1436784,price,77,64
2026-07-11,5705,27618,10x25,V_1398965,price,87,86
2026-07-11,5705,27618,10x25,V_1436972,price,87,86
2026-07-11,5668,27611,5x15,V_1537076,promo,,First month 50% off
2026-07-11,5668,27611,10x20,V_1436693,promo,,First month 50% off
2026-07-11,5668,27611,10x20,V_1537071,price,198,197
2026-07-11,764,28124,10x15,V_160670,price,90,89
2026-07-11,764,28124,10x25,V_160680,promo,2nd Month Free,First month 50% off
2026-07-11,2551,29228,10x10,V_1461834,promo,$1 first month rent,First month 50% off
2026-07-11,6340,78027,5x5,V_1539758,price,18,17
2026-07-11,2569,29231,5x10,V_649939,promo,First month 50% off,$1 first month rent
2026-07-11,5987,22100,5x5,V_1474658,promo,First month 50% off,$1 first month rent
2026-07-11,765,20904,10x10,V_1536511,price,86,77
2026-07-11,797,29140,5x10,V_169123,price,40,38
2026-07-11,797,29140,10x15,V_588413,price,88,81
2026-07-11,797,29140,10x30,V_581091,price,169,164
2026-07-11,6063,29290,5x5,V_1477119,price,14,13
2026-07-11,6185,27668,10x15,V_1499485,promo,,First month 50% off
2026-07-11,6185,27668,10x20,V_1499487,promo,First month 50% off,2nd Month Free
2026-07-11,5629,27633,5x5,V_1542734,promo,First month 50% off,$1 first month rent
2026-07-11,5629,27633,5x5,V_1578904,promo,First month 50% off,$1 first month rent
2026-07-11,5629,27633,5x10,V_1542740,promo,First month 50% off,$1 first month rent
2026-07-11,5629,27633,5x10,V_1542737,promo,First month 50% off,$1 first month rent
2026-07-11,5629,27633,5x10,V_1578909,promo,First month 50% off,$1 first month rent
2026-07-11,5629,27633,5x10,V_1542735,promo,First month 50% off,$1 first month rent
2026-07-11,5629,27633,10x25,V_1393189,promo,First month 50% off,2nd Month Free
2026-07-11,5629,27633,10x30,V_1393191,promo,First month 50% off,2nd Month Free
2026-07-11,5251,29268,10x15,V_1319095,promo,First month 50% off,$1 first month rent
2026-07-11,5695,27648,5x5,V_1434888,price,14,13
2026-07-11,5695,27648,5x5,V_1457979,price,18,17
2026-07-11,5695,27648,5x10,V_1457985,price,38,35
2026-07-11,5695,27648,10x10,V_1436138,promo,$1 first month rent,First month 50% off
2026-07-11,5697,27652,10x10,V_1436150,price,70,65
2026-07-11,5744,27419,5x10,V_1408100,price,62,58
2026-07-11,2601,29236,5x5,V_653332,price,30,27
2026-07-11,5689,27642,5x5,V_1434869,promo,,$1 first month rent
2026-07-11,5689,27642,5x10,V_1435352,promo,,$1 first month rent
2026-07-11,5689,27642,5x5,V_1434870,promo,,First month 50% off
2026-07-11,5689,27642,5x10,V_1449192,promo,,$1 first month rent
2026-07-11,5689,27642,5x10,V_1449183,promo,,First month 50% off
2026-07-11,5689,27642,5x10,V_1435355,promo,,$1 first month rent
2026-07-11,5689,27642,10x15,V_1436435,price,145,109
2026-07-11,5689,27642,10x15,V_1436435,promo,,$1 first month rent
2026-07-11,5689,27642,10x10,V_1436108,promo,,$1 first month rent
2026-07-11,5689,27642,10x10,V_1449190,promo,,First month 50% off
2026-07-11,5689,27642,10x15,V_1449194,promo,,$1 first month rent
2026-07-11,5689,27642,10x10,V_1436109,promo,,$1 first month rent
2026-07-11,5689,27642,10x20,V_1449196,promo,,First month 50% off
2026-07-11,5689,27642,10x15,V_1436436,promo,,$1 first month rent
2026-07-11,5689,27642,10x20,V_1436735,promo,,First month 50% off
2026-07-11,5700,27656,10x15,V_1516785,promo,$1 first month rent,First month 50% off
2026-07-11,5698,27654,10x10,V_1541298,price,81,76
2026-07-11,5698,27654,10x10,V_1541311,price,81,76
2026-07-11,2647,26643,10x10,V_1540933,price,70,66
2026-07-11,2647,26643,5x15,V_1540954,promo,$1 first month rent,First month 50% off
2026-07-11,2647,26643,10x10,V_1540950,promo,$1 first month rent,First month 50% off
2026-07-11,2647,26643,10x10,V_660572,promo,$1 first month rent,First month 50% off
2026-07-11,2647,26643,10x15,V_1540953,promo,$1 first month rent,First month 50% off
2026-07-11,2647,26643,10x15,V_1540930,promo,$1 first month rent,
2026-07-11,710,07104,5x10,V_128891,promo,First month 50% off,
2026-07-11,760,20401,10x20,V_1433714,price,128,126
2026-07-11,1979,08413,10x15,V_323276,promo,First month 50% off,$1 first month rent
2026-07-11,698,20284,5x10,V_1517733,promo,First month 50% off,
2026-07-11,698,20284,Parking,V_1517739,promo,First month 50% off,
2026-07-11,616,25626,5x5,V_1389761,price,35,33
2026-07-11,616,25626,5x10,V_1389758,price,37,35
2026-07-11,616,25626,10x25,V_1582525,price,194,182
2026-07-11,761,28097,5x5,V_1318371,price,11,10
2026-07-11,761,28097,10x20,V_1452244,promo,,2nd Month Free
2026-07-11,688,22397,10x10,V_1410276,promo,First month 50% off,
2026-07-11,1551,07204,10x30,V_580523,price,134,130
2026-07-11,1551,07204,10x30,V_580524,price,141,137
2026-07-11,5660,27602,10x10,V_1436021,promo,$1 first month rent,First month 50% off
2026-07-11,5699,27655,10x15,V_1458298,promo,First month 50% off,$1 first month rent
2026-07-11,5231,29264,10x15,V_1312215,promo,First month 50% off,$1 first month rent
2026-07-11,5231,29264,10x20,V_1312214,promo,,First month 50% off
2026-07-11,5973,22086,5x5,V_1537572,price,15,14
2026-07-11,5973,22086,5x10,V_1475320,promo,First month 50% off,
2026-07-11,5973,22086,5x10,V_1537568,price,41,38
2026-07-11,5973,22086,10x15,V_1477675,promo,$1 first month rent,First month 50% off
2026-07-11,5667,27610,10x10,V_1499792,promo,First month 50% off,$1 first month rent
2026-07-11,5667,27610,10x15,V_1396890,promo,First month 50% off,$1 first month rent
2026-07-11,1997,08431,10x15,V_1503634,promo,,First month 50% off
2026-07-11,1997,08431,10x15,V_1356744,promo,,$1 first month rent
2026-07-11,1623,24315,5x5,V_241556,promo,First month 50% off,
2026-07-11,1623,24315,5x10,V_1413554,promo,First month 50% off,
2026-07-11,1623,24315,10x15,V_1356530,promo,First month 50% off,
2026-07-11,1623,24315,10x20,V_241562,promo,First month 50% off,
2026-07-11,1623,24315,10x20,V_241555,promo,First month 50% off,
2026-07-11,638,21193,10x10,V_1534311,price,95,92
2026-07-11,638,21193,10x10,V_124081,promo,,First month 50% off
2026-07-11,638,21193,10x20,V_1429012,promo,2nd Month Free,First month 50% off
2026-07-11,640,25611,10x15,V_124647,promo,$1 first month rent,First month 50% off
2026-07-11,5773,27436,5x10,V_1414184,price,48,45
2026-07-11,636,20149,10x25,V_128029,price,135,121
2026-07-11,6437,23937,10x15,V_1561201,promo,First month 50% off,$1 first month rent
2026-07-11,6227,77932,10x10,V_1518734,price,102,95
2026-07-11,6227,77932,10x10,V_1518734,promo,$1 first month rent,First month 50% off
2026-07-11,6227,77932,10x15,V_1518732,promo,First month 50% off,$1 first month rent
2026-07-11,5280,20739,10x10,V_1329795,promo,$1 first month rent,First month 50% off
2026-07-11,5280,20739,10x20,V_1328425,promo,First month 50% off,
2026-07-11,1977,08411,10x15,V_336470,promo,First month 50% off,$1 first month rent
2026-07-11,5621,27365,5x10,V_1571317,price,30,29
2026-07-11,5277,25616,5x10,V_1327231,promo,$1 first month rent,First month 50% off
2026-07-11,5277,25616,10x10,V_1327223,price,88,87
2026-07-11,2013,08447,5x10,V_336655,promo,,First month 50% off
2026-07-11,5240,26658,5x15,V_1409312,promo,$1 first month rent,First month 50% off
2026-07-11,5972,22085,10x10,V_1473115,price,88,87
2026-07-11,5637,27369,5x5,V_1394311,promo,,First month 50% off
2026-07-11,5637,27369,5x5,V_1504528,promo,,First month 50% off
2026-07-11,5637,27369,5x10,V_1535828,promo,,First month 50% off
2026-07-11,5637,27369,10x10,V_1394310,price,106,93
2026-07-11,5637,27369,10x10,V_1394310,promo,,First month 50% off
2026-07-11,5637,27369,5x15,V_1394307,promo,,First month 50% off
2026-07-11,5637,27369,10x10,V_1394313,promo,,First month 50% off
2026-07-11,5637,27369,10x10,V_1394284,promo,,$1 first month rent
2026-07-11,5637,27369,10x10,V_1535827,promo,,First month 50% off
2026-07-11,5637,27369,10x15,V_1394302,promo,,First month 50% off
2026-07-11,5637,27369,10x10,V_1535824,promo,,First month 50% off
2026-07-11,5637,27369,10x15,V_1535833,promo,,First month 50% off
2026-07-11,5737,27417,10x10,V_1535671,price,103,102
2026-07-11,1967,08401,5x10,V_565522,promo,First month 50% off,$1 first month rent
2026-07-11,1967,08401,5x10,V_1450030,price,79,77
2026-07-11,1967,08401,10x20,V_1422060,promo,First month 50% off,
2026-07-11,1995,08429,5x5,V_1457669,price,11,10
2026-07-11,1995,08429,5x10,V_339924,promo,First month 50% off,
2026-07-11,1995,08429,5x15,V_339935,promo,$1 first month rent,First month 50% off
2026-07-11,5665,27608,5x10,V_1491494,price,34,32
2026-07-11,5665,27608,Parking,V_1521325,promo,First month 50% off,
2026-07-11,6456,78071,10x20,V_1567454,price,184,173
2026-07-11,5645,27388,5x5,V_1434791,price,17,16
2026-07-11,5645,27388,5x15,V_1450065,promo,$1 first month rent,
2026-07-11,6506,23948,10x15,V_1585904,price,119,112
2026-07-11,1982,08416,10x10,V_326576,price,109,104
2026-07-11,5272,77646,5x5,V_1325871,price,30,29
2026-07-11,6170,77902,5x10,V_1496228,promo,,First month 50% off
2026-07-11,5655,27371,5x5,V_1434795,promo,$1 first month rent,First month 50% off
2026-07-11,5655,27371,5x5,V_1434801,promo,$1 first month rent,First month 50% off
2026-07-11,5655,27371,5x10,V_1435256,promo,$1 first month rent,First month 50% off
2026-07-11,5655,27371,10x10,V_1436008,price,88,86
2026-07-11,5655,27371,10x15,V_1436374,price,102,101
2026-07-11,5676,27620,5x10,V_1476881,promo,$1 first month rent,
2026-07-11,5676,27620,10x20,V_1419391,price,152,143
2026-07-11,6121,77846,5x10,V_1483627,promo,$1 first month rent,First month 50% off
2026-07-11,5682,27629,5x5,V_1434851,price,20,19
2026-07-11,5682,27629,10x10,V_1547455,price,66,62
2026-07-11,767,20910,5x10,V_1451908,price,13,11
2026-07-11,777,20246,10x20,V_1529048,price,135,128
2026-07-11,5979,22092,10x20,V_1474180,price,129,121
2026-07-11,820,28098,10x10,V_1538341,promo,First month 50% off,$1 first month rent
2026-07-11,5659,27601,5x5,V_1434803,promo,First month 50% off,$1 first month rent
2026-07-11,5659,27601,10x20,V_1462782,price,128,127
2026-07-11,5659,27601,10x25,V_1462780,price,201,187
2026-07-11,5644,27387,10x10,V_1394763,promo,,$1 first month rent
2026-07-11,6284,27677,5x15,V_1523261,price,66,62
2026-07-11,6284,27677,10x10,V_1523260,price,88,83
2026-07-11,2644,29249,10x15,V_660405,promo,$1 first month rent,First month 50% off
2026-07-11,2043,08488,10x10,V_1542095,promo,,First month 50% off
2026-07-11,2043,08488,10x20,V_1542098,promo,,2nd Month Free
2026-07-11,951,29156,5x5,V_162383,promo,$1 first month rent,First month 50% off
2026-07-11,951,29156,5x10,V_162380,price,17,16
2026-07-11,951,29156,10x20,V_1357462,promo,2nd Month Free,First month 50% off
2026-07-11,951,29156,10x15,V_1356282,promo,$1 first month rent,First month 50% off
2026-07-11,6301,29299,10x10,V_1526924,price,80,75
2026-07-11,6128,27670,5x5,V_1507253,promo,$1 first month rent,First month 50% off
2026-07-11,6128,27670,10x20,V_1507256,price,139,131
2026-07-11,2623,29244,10x10,V_656135,price,73,65
2026-07-11,2623,29244,10x15,V_1539875,price,89,83
2026-07-11,6059,27595,10x20,V_1488226,promo,First month 50% off,2nd Month Free
2026-07-11,5888,27488,5x10,V_1446156,price,22,21
2026-07-11,5888,27488,5x15,V_1446168,price,39,37
2026-07-11,5888,27488,10x30,V_1446178,price,196,184
2026-07-11,5758,77648,5x10,V_1461728,promo,First month 50% off,$1 first month rent
2026-07-11,5758,77648,10x10,V_1461730,promo,$1 first month rent,First month 50% off
2026-07-11,1971,08405,10x10,V_312425,price,59,50
2026-07-11,1971,08405,10x20,V_1427973,price,64,62
2026-07-11,5370,27409,5x10,V_1348564,promo,,$1 first month rent
2026-07-11,5370,27409,10x10,V_1348584,price,110,107
2026-07-11,2000,08434,10x20,V_616714,price,94,89
2026-07-11,1984,08418,5x10,V_1461099,promo,,First month 50% off
2026-07-11,628,20419,5x10,V_114193,promo,$1 first month rent,First month 50% off
2026-07-11,2362,25938,10x10,V_1426434,price,42,32
2026-07-11,5618,27363,10x10,V_1392043,price,48,47
2026-07-11,1983,08417,5x10,V_334988,promo,First month 50% off,$1 first month rent
2026-07-11,1975,08409,5x5,V_338604,promo,First month 50% off,
2026-07-11,1975,08409,10x25,V_1540345,promo,First month 50% off,
2026-07-11,1975,08409,10x25,V_1455881,promo,First month 50% off,
2026-07-11,5702,27626,5x10,V_1528012,price,25,24
2026-07-11,5702,27626,10x15,V_1398702,price,115,105
2026-07-11,6505,23952,5x10,V_1585347,price,40,38
2026-07-11,6505,23952,10x15,V_1585350,price,82,77
2026-07-11,6505,23952,10x20,V_1585351,price,98,92
2026-07-11,6048,77824,10x10,V_1473921,promo,First month 50% off,$1 first month rent
2026-07-11,6048,77824,10x10,V_1473925,price,93,87
2026-07-11,6048,77824,10x15,V_1473923,price,108,101
2026-07-11,6135,77800,10x25,V_1556765,promo,2nd Month Free,First month 50% off
2026-07-11,6286,27673,5x15,V_1523342,promo,First month 50% off,
2026-07-11,6286,27673,10x10,V_1523327,price,71,67
2026-07-11,652,20131,10x15,V_383475,promo,First month 50% off,
2026-07-11,5663,27605,10x10,V_1564984,price,139,131
2026-07-11,854,20913,10x20,V_1558708,promo,2nd Month Free,First month 50% off
2026-07-11,854,20913,10x25,V_1410262,promo,2nd Month Free,First month 50% off
2026-07-11,854,20913,10x20,V_1454496,promo,2nd Month Free,First month 50% off
2026-07-11,854,20913,10x30,V_580839,promo,2nd Month Free,First month 50% off
2026-07-11,5593,27236,10x15,V_1436330,price,117,93
2026-07-11,2596,26575,10x15,V_652846,price,97,93
2026-07-11,2640,29248,10x20,V_659638,price,223,211
2026-07-11,2528,25889,10x10,V_1447586,price,117,113
2026-07-11,2528,25889,10x20,V_1533834,promo,2nd Month Free,First month 50% off
2026-07-11,2528,25889,10x25,V_1533837,promo,2nd Month Free,First month 50% off
2026-07-11,2528,25889,10x20,V_1536061,promo,2nd Month Free,First month 50% off
2026-07-11,2528,25889,10x15,V_1447594,promo,$1 first month rent,First month 50% off
2026-07-11,2528,25889,10x30,V_1410417,promo,2nd Month Free,First month 50% off
2026-07-11,5982,22095,5x10,V_1473170,price,83,75
2026-07-11,817,25508,10x10,V_570935,price,115,98
2026-07-11,817,25508,10x20,V_106592,price,158,149
2026-07-11,5296,29269,5x5,V_1330048,promo,$1 first month rent,First month 50% off
2026-07-11,5296,29269,5x10,V_1330047,price,62,53
2026-07-11,5980,22093,5x10,V_1474235,price,56,51
2026-07-11,5980,22093,5x15,V_1474278,promo,First month 50% off,$1 first month rent
2026-07-11,5980,22093,10x10,V_1474238,price,148,140
2026-07-11,5341,27375,10x10,V_1340321,price,153,152
2026-07-11,2044,08489,5x15,V_338747,promo,First month 50% off,$1 first month rent
2026-07-11,2044,08489,5x15,V_338761,promo,First month 50% off,$1 first month rent
2026-07-11,2044,08489,5x15,V_338731,promo,First month 50% off,$1 first month rent
2026-07-11,2044,08489,10x10,V_600920,promo,First month 50% off,$1 first month rent
2026-07-11,2044,08489,10x10,V_338774,promo,,$1 first month rent
2026-07-11,2044,08489,10x10,V_1453937,promo,First month 50% off,$1 first month rent
2026-07-11,2044,08489,10x15,V_338749,promo,First month 50% off,$1 first month rent
2026-07-11,2259,25756,10x10,V_592185,promo,First month 50% off,
2026-07-11,2599,29237,5x5,V_653023,price,36,31
2026-07-11,2599,29237,5x10,V_653029,promo,First month 50% off,$1 first month rent
2026-07-11,816,21809,5x15,V_111321,price,76,74
2026-07-11,1564,07206,10x30,V_1529030,promo,2nd Month Free,First month 50% off
2026-07-11,5965,22078,5x15,V_1555642,promo,$1 first month rent,First month 50% off
2026-07-11,5965,22078,10x15,V_1475008,promo,$1 first month rent,First month 50% off
2026-07-11,2517,25881,10x20,V_1358050,promo,,2nd Month Free
2026-07-11,6468,78083,10x10,V_1569534,price,51,48
2026-07-11,5336,26909,5x5,V_1455754,price,15,14
2026-07-11,5336,26909,5x10,V_1439282,promo,$1 first month rent,First month 50% off
2026-07-11,5336,26909,10x10,V_1439281,price,63,62
2026-07-11,5336,26909,10x10,V_1455751,promo,First month 50% off,
2026-07-11,2563,26539,10x15,V_1486721,promo,First month 50% off,$1 first month rent
2026-07-11,5346,26908,5x10,V_1455542,price,58,54
2026-07-11,5346,26908,10x10,V_1532176,price,83,78
2026-07-11,5346,26908,10x10,V_1439509,promo,$1 first month rent,First month 50% off
2026-07-11,5346,26908,10x15,V_1455543,price,164,154
2026-07-11,658,24120,5x10,V_1568186,promo,$1 first month rent,First month 50% off
2026-07-11,658,24120,10x10,V_1568185,price,62,50
2026-07-11,658,24120,10x20,V_1556439,price,95,90
2026-07-11,5264,24112,10x10,V_1322946,promo,$1 first month rent,First month 50% off
2026-07-11,6470,78075,5x10,V_1569619,price,58,54
2026-07-11,6475,78076,5x10,V_1569743,price,57,53
2026-07-11,6472,78078,10x20,V_1569668,price,94,88
2026-07-11,5646,27389,5x5,V_1394834,price,31,29
2026-07-11,749,21001,5x10,V_386249,price,15,14
2026-07-11,6058,77709,5x15,V_1566690,price,35,33
2026-07-11,6058,77709,10x15,V_1469650,price,68,64
2026-07-11,727,24311,5x10,V_1316551,price,19,20
2026-07-11,727,24311,10x20,V_1437784,promo,First month 50% off,
2026-07-11,727,24311,10x30,V_579273,price,164,146
2026-07-11,2648,26644,10x20,V_1553349,price,181,173
2026-07-11,2648,26644,10x15,V_1545220,promo,,First month 50% off
2026-07-11,2047,08492,5x5,V_339147,promo,$1 first month rent,First month 50% off
2026-07-11,2047,08492,5x10,V_339133,promo,$1 first month rent,First month 50% off
2026-07-11,2047,08492,5x10,V_337116,promo,$1 first month rent,First month 50% off
2026-07-11,2047,08492,10x20,V_339146,promo,2nd Month Free,First month 50% off
2026-07-11,2047,08492,10x20,V_1492229,promo,2nd Month Free,First month 50% off
2026-07-11,2047,08492,10x25,V_1453792,promo,2nd Month Free,First month 50% off
2026-07-11,2047,08492,10x25,V_339131,promo,2nd Month Free,First month 50% off
2026-07-11,5790,77764,5x5,V_1416224,price,35,33
2026-07-11,5790,77764,10x15,V_1461721,promo,First month 50% off,$1 first month rent
2026-07-11,5790,77764,10x20,V_1416223,price,148,139
2026-07-11,5790,77764,10x20,V_1416223,promo,$1 first month rent,2nd Month Free
2026-07-11,750,24508,10x10,V_110600,promo,,First month 50% off
2026-07-11,5957,22070,5x10,V_1474543,price,52,50
2026-07-11,5957,22070,5x10,V_1597105,promo,,First month 50% off
2026-07-11,5957,22070,5x10,V_1474557,promo,First month 50% off,
2026-07-11,5957,22070,5x10,V_1597101,price,68,74
2026-07-11,5957,22070,5x10,V_1597101,promo,,First month 50% off
2026-07-11,5957,22070,10x10,V_1474555,promo,$1 first month rent,First month 50% off
2026-07-11,5957,22070,10x10,V_1597103,price,131,144
2026-07-11,5957,22070,10x10,V_1597103,promo,,$1 first month rent
2026-07-11,5957,22070,10x15,V_1474554,promo,$1 first month rent,
2026-07-11,5957,22070,10x15,V_1597102,price,159,161
2026-07-11,5957,22070,10x15,V_1597102,promo,,$1 first month rent
2026-07-11,5957,22070,10x20,V_1474550,price,201,200
2026-07-11,5957,22070,10x20,V_1474553,promo,2nd Month Free,First month 50% off
2026-07-11,5957,22070,10x20,V_1597100,price,244,235
2026-07-11,5957,22070,10x20,V_1597100,promo,,First month 50% off
2026-07-11,5957,22070,10x25,V_1474574,price,230,262
2026-07-11,5957,22070,10x30,V_1597104,price,256,266
2026-07-11,5957,22070,10x30,V_1597104,promo,,First month 50% off
2026-07-11,5600,27355,5x10,V_1389978,promo,First month 50% off,$1 first month rent
2026-07-11,2535,29224,10x10,V_642469,promo,,First month 50% off
2026-07-11,2535,29224,10x20,V_642464,price,202,191
2026-07-11,2570,29235,5x10,V_650028,price,46,43
2026-07-11,2570,29235,5x10,V_650028,promo,First month 50% off,$1 first month rent
2026-07-11,6527,78113,10x25,V_1593053,price,50,47
2026-07-11,6527,78113,10x20,V_1593056,price,53,50
2026-07-11,2277,25772,10x20,V_600570,promo,,First month 50% off
2026-07-11,2353,25929,10x15,V_1356990,promo,First month 50% off,$1 first month rent
2026-07-11,5969,22082,10x10,V_1475242,promo,,First month 50% off
2026-07-11,5969,22082,10x15,V_1475252,promo,,First month 50% off
2026-07-11,5966,22079,5x10,V_1475045,price,50,49
2026-07-11,791,20168,5x10,V_588729,promo,First month 50% off,
2026-07-11,2525,29221,5x5,V_640843,price,22,20
2026-07-11,2525,29221,10x30,V_1422868,price,301,275
2026-07-11,5691,27644,10x10,V_1436117,promo,$1 first month rent,First month 50% off
2026-07-11,2650,29253,10x30,V_1412436,price,299,295
2026-07-11,6502,78107,5x10,V_1593902,price,53,50
2026-07-11,6502,78107,10x15,V_1582954,price,90,85
2026-07-11,6502,78107,10x15,V_1582936,price,132,124
2026-07-11,5218,29259,5x10,V_1310256,promo,$1 first month rent,First month 50% off
2026-07-11,5218,29259,10x20,V_1310259,promo,,First month 50% off
2026-07-11,5218,29259,10x25,V_1310247,promo,2nd Month Free,First month 50% off
2026-07-11,884,28109,10x20,V_1550229,price,126,125
2026-07-11,6326,27674,10x20,V_1535774,promo,,First month 50% off
2026-07-11,6231,77934,5x5,V_1520065,price,20,19
2026-07-11,6231,77934,10x10,V_1520067,price,48,45
2026-07-11,6231,77934,10x20,V_1520069,price,94,89
2026-07-11,5693,27646,10x15,V_1543284,promo,First month 50% off,$1 first month rent
2026-07-11,5428,26951,5x5,V_1388263,promo,First month 50% off,
2026-07-11,1981,08415,5x10,V_1576792,promo,First month 50% off,
2026-07-11,2527,29225,5x10,V_641885,promo,$1 first month rent,
2026-07-11,2527,29225,10x10,V_1537535,promo,$1 first month rent,First month 50% off
2026-07-11,2527,29225,10x15,V_1479739,promo,$1 first month rent,First month 50% off
2026-07-11,6070,29292,5x10,V_1477434,price,33,31
2026-07-11,6070,29292,10x10,V_1477436,price,110,104
2026-07-11,1994,08428,5x10,V_1316640,price,19,20
2026-07-11,1994,08428,10x10,V_628717,price,58,55
2026-07-11,1994,08428,10x10,V_1537002,price,60,56
2026-07-11,882,20705,5x10,V_1588786,promo,,$1 first month rent
2026-07-11,5626,27632,10x15,V_1436331,price,104,123
2026-07-11,5626,27632,10x15,V_1577672,price,145,137
2026-07-11,5626,27632,10x15,V_1577672,promo,First month 50% off,$1 first month rent
2026-07-11,2005,08439,10x10,V_1562854,price,57,53
2026-07-11,2005,08439,10x15,V_1562849,price,83,78
2026-07-11,2005,08439,10x25,V_1540329,promo,2nd Month Free,First month 50% off
2026-07-11,6160,77716,10x10,V_1491991,promo,,First month 50% off
2026-07-11,6160,77716,10x30,V_1522170,promo,2nd Month Free,First month 50% off
2026-07-11,6160,77716,10x30,V_1491986,promo,2nd Month Free,First month 50% off
2026-07-11,6188,29295,5x10,V_1499898,promo,First month 50% off,$1 first month rent
2026-07-11,621,27252,10x20,V_1418650,price,124,119
2026-07-11,1996,08430,Parking,V_1584956,promo,,First month 50% off
2026-07-11,1996,08430,10x20,V_1357797,promo,,First month 50% off
2026-07-11,1996,08430,10x20,V_1451527,promo,,First month 50% off
2026-07-11,2553,29234,5x5,V_645740,price,16,14
2026-07-11,2553,29234,5x15,V_645735,promo,$1 first month rent,First month 50% off
2026-07-11,2502,25840,5x10,V_631196,promo,$1 first month rent,First month 50% off
2026-07-11,2502,25840,5x15,V_631202,promo,First month 50% off,2nd Month Free
2026-07-11,2502,25840,5x15,V_1353953,promo,$1 first month rent,2nd Month Free
2026-07-11,2502,25840,10x15,V_1357094,promo,$1 first month rent,2nd Month Free
2026-07-11,2502,25840,5x15,V_1560078,promo,$1 first month rent,2nd Month Free
2026-07-11,2068,08529,5x10,V_313070,promo,First month 50% off,
2026-07-11,2068,08529,10x10,V_1355424,promo,First month 50% off,
2026-07-11,2046,08491,10x15,V_1356769,promo,$1 first month rent,First month 50% off
2026-07-11,2014,08448,5x5,V_308061,promo,First month 50% off,$1 first month rent
2026-07-11,2014,08448,5x10,V_308653,promo,,$1 first month rent
2026-07-11,2014,08448,5x5,V_1349697,promo,,First month 50% off
2026-07-11,2014,08448,5x10,V_308053,promo,,First month 50% off
2026-07-11,2014,08448,10x25,V_1568361,promo,,First month 50% off
2026-07-11,2014,08448,10x30,V_1568362,promo,,First month 50% off
2026-07-11,2014,08448,10x30,V_581374,promo,,First month 50% off
2026-07-11,5654,27407,10x15,V_1395651,promo,,First month 50% off
2026-07-11,6082,20120,5x10,V_1482904,price,38,35
2026-07-11,708,26426,5x15,V_1520305,price,58,57
2026-07-11,734,29153,10x10,V_186623,promo,First month 50% off,$1 first month rent
2026-07-11,734,29153,10x15,V_1488122,promo,First month 50% off,
2026-07-11,6177,77872,5x10,V_1497599,promo,First month 50% off,$1 first month rent
2026-07-11,6366,23924,10x15,V_1545882,promo,$1 first month rent,First month 50% off
2026-07-11,6366,23924,10x15,V_1545877,promo,$1 first month rent,First month 50% off
2026-07-11,5229,29263,10x10,V_1312061,promo,,$1 first month rent
2026-07-11,5229,29263,10x15,V_1312065,promo,,First month 50% off
2026-07-11,5284,29273,5x10,V_1328700,price,48,38
2026-07-11,5284,29273,10x10,V_1328695,price,117,110
2026-07-11,5598,27353,10x10,V_1389889,price,121,114
2026-07-11,5598,27353,10x20,V_1389894,promo,First month 50% off,2nd Month Free
2026-07-11,2363,25939,5x10,V_1462310,price,52,47
2026-07-11,1998,08432,10x20,V_1540290,price,130,128
2026-07-11,2004,08438,5x10,V_339529,promo,$1 first month rent,First month 50% off
2026-07-11,2004,08438,10x20,V_1540336,promo,,First month 50% off
2026-07-11,5723,27386,10x15,V_1403491,price,75,61
2026-07-11,5723,27386,10x15,V_1455955,price,88,71
2026-07-11,1957,08384,10x15,V_575170,promo,$1 first month rent,First month 50% off
2026-07-11,5275,25615,10x10,V_1326903,promo,First month 50% off,
2026-07-11,840,21007,10x20,V_1587945,promo,2nd Month Free,First month 50% off
2026-07-11,883,20418,5x5,V_1531173,promo,First month 50% off,$1 first month rent
2026-07-11,883,20418,5x5,V_1345476,promo,First month 50% off,$1 first month rent
2026-07-11,883,20418,10x10,V_120216,promo,,$1 first month rent
2026-07-11,883,20418,10x20,V_1410421,price,167,165
2026-07-11,883,20418,10x20,V_1410421,promo,First month 50% off,2nd Month Free
2026-07-11,883,20418,10x20,V_1589507,promo,First month 50% off,2nd Month Free
2026-07-11,737,28103,10x20,V_1532192,price,78,77
2026-07-11,739,28112,10x10,V_1489336,price,48,43
2026-07-11,1988,08422,Locker,V_1573740,promo,$1 first month rent,First month 50% off
2026-07-11,1988,08422,5x5,V_1478643,promo,$1 first month rent,First month 50% off
2026-07-11,1988,08422,Parking,V_1519036,promo,$1 first month rent,First month 50% off
2026-07-11,1988,08422,10x25,V_1533832,promo,2nd Month Free,First month 50% off
2026-07-11,5323,26685,10x30,V_1533840,promo,,First month 50% off
2026-07-11,2633,29247,5x5,V_659108,price,29,27
2026-07-11,744,28115,10x10,V_1478630,promo,,First month 50% off
2026-07-11,744,28115,10x15,V_1478621,promo,First month 50% off,
2026-07-11,6075,29289,10x10,V_1478758,promo,,First month 50% off
2026-07-11,6075,29289,10x10,V_1482601,price,127,119
2026-07-11,6075,29289,10x20,V_1536093,promo,,2nd Month Free
2026-07-11,6167,77883,10x10,V_1536911,price,154,145
2026-07-11,748,28226,10x15,V_616724,promo,$1 first month rent,First month 50% off
2026-07-11,5692,27645,5x5,V_1398299,price,20,19
2026-07-11,5692,27645,10x10,V_1398302,promo,$1 first month rent,First month 50% off
2026-07-11,5692,27645,10x20,V_1452004,price,190,178
2026-07-11,426,24604,5x10,V_130128,promo,,First month 50% off
2026-07-11,1976,08410,5x5,V_340543,promo,First month 50% off,
2026-07-11,1976,08410,5x10,V_340270,promo,First month 50% off,
2026-07-11,1976,08410,10x10,V_340531,promo,First month 50% off,
2026-07-11,1976,08410,10x30,V_1410195,promo,First month 50% off,
2026-07-11,1976,08410,10x20,V_340549,promo,First month 50% off,
2026-07-11,1976,08410,10x30,V_391142,promo,First month 50% off,
2026-07-11,5685,27638,10x20,V_1418138,promo,,First month 50% off
2026-07-11,2562,26538,5x10,V_647618,price,59,58
2026-07-11,2562,26538,5x10,V_647618,promo,First month 50% off,$1 first month rent
2026-07-11,2562,26538,10x30,V_1395468,promo,,2nd Month Free
2026-07-11,814,07002,5x10,V_121234,price,47,42
2026-07-11,651,23709,5x5,V_1580180,promo,$1 first month rent,
2026-07-11,651,23709,5x10,V_1580182,price,46,44
2026-07-11,1177,24501,5x10,V_112610,price,25,23
2026-07-11,1177,24501,10x10,V_112605,price,52,46
2026-07-11,1177,24501,10x20,V_1503633,price,123,119
2026-07-11,2003,08437,10x15,V_315614,price,63,59
2026-07-11,5958,22071,5x10,V_1534640,price,15,14
2026-07-11,5958,22071,5x10,V_1553357,price,17,16
2026-07-11,5958,22071,10x20,V_1534654,promo,First month 50% off,2nd Month Free
2026-07-11,5596,27351,10x10,V_1389845,promo,First month 50% off,$1 first month rent
2026-07-11,2638,29246,10x10,V_659502,promo,,First month 50% off
2026-07-11,5687,27640,10x10,V_1436104,price,101,94
2026-07-11,6494,78051,5x5,V_1588302,price,18,17
2026-07-11,6494,78051,10x15,V_1576086,price,80,75
2026-07-11,6494,78051,10x15,V_1576095,price,90,84
2026-07-11,5686,27639,5x5,V_1453616,price,23,22
2026-07-11,5686,27639,5x10,V_1422705,promo,First month 50% off,$1 first month rent
2026-07-11,5686,27639,10x10,V_1436102,price,71,67
2026-07-11,5686,27639,10x10,V_1453613,price,97,91
2026-07-11,6396,23872,10x30,V_1548214,price,226,212
2026-07-11,5963,22076,5x5,V_1474930,price,17,16
2026-07-11,1990,08424,Parking,V_1573505,promo,$1 first month rent,First month 50% off
2026-07-11,1990,08424,Parking,V_1521391,promo,$1 first month rent,First month 50% off
2026-07-11,2011,08445,10x10,V_1520958,price,98,91
2026-07-11,785,22302,10x20,V_1528041,promo,2nd Month Free,First month 50% off
2026-07-11,5694,27647,10x15,V_1539181,price,90,84
2026-07-11,6050,27493,10x10,V_1543665,promo,First month 50% off,
2026-07-11,6541,23983,5x5,V_1595286,price,30,28
2026-07-11,6541,23983,10x20,V_1595272,price,130,122
2026-07-11,5377,27413,10x30,V_1445789,promo,,First month 50% off
2026-07-11,6122,77847,5x5,V_1483676,promo,First month 50% off,
2026-07-11,5324,77647,5x5,V_1334735,promo,First month 50% off,$1 first month rent
2026-07-11,5324,77647,10x10,V_1334732,price,96,90
2026-07-11,653,21607,10x10,V_124216,promo,,$1 first month rent
2026-07-11,2017,08451,Parking,V_1520900,promo,,First month 50% off
2026-07-11,2017,08451,10x20,V_326101,promo,,First month 50% off
2026-07-11,2017,08451,10x30,V_1415914,promo,,First month 50% off
2026-07-11,2017,08451,10x30,V_579598,promo,,First month 50% off
2026-07-11,6479,78072,10x10,V_1571468,promo,First month 50% off,
2026-07-11,5684,27637,5x10,V_1494158,promo,First month 50% off,
2026-07-11,5684,27637,5x10,V_1547054,price,49,46
2026-07-11,5684,27637,5x10,V_1547053,price,50,47
2026-07-11,5684,27637,10x10,V_1461082,price,74,70
2026-07-11,5684,27637,10x15,V_1436424,price,102,96
2026-07-11,5684,27637,10x15,V_1461078,promo,$1 first month rent,First month 50% off
2026-07-11,6307,77926,5x10,V_1528126,price,30,29
2026-07-11,6307,77926,10x10,V_1528131,price,66,62
2026-07-11,5652,27403,10x10,V_1395560,promo,,$1 first month rent
2026-07-11,780,21208,5x5,V_141605,promo,First month 50% off,$1 first month rent
2026-07-11,780,21208,10x10,V_141572,promo,$1 first month rent,
2026-07-11,790,21192,5x5,V_117442,promo,First month 50% off,$1 first month rent
2026-07-11,790,21192,10x20,V_1563261,price,182,160
2026-07-11,943,25627,5x5,V_136504,promo,,$1 first month rent
2026-07-11,943,25627,5x5,V_136503,promo,First month 50% off,$1 first month rent
2026-07-11,943,25627,10x20,V_1430712,promo,First month 50% off,2nd Month Free
2026-07-11,943,25627,10x30,V_579728,promo,First month 50% off,2nd Month Free
2026-07-11,5597,27352,10x10,V_1449151,promo,First month 50% off,$1 first month rent
2026-07-11,875,20132,Parking,V_1517587,promo,$1 first month rent,First month 50% off
2026-07-11,875,20132,10x25,V_1430699,promo,2nd Month Free,First month 50% off
2026-07-11,5960,22073,10x10,V_1474741,promo,$1 first month rent,2nd Month Free
2026-07-11,5960,22073,10x10,V_1570798,promo,First month 50% off,2nd Month Free
2026-07-11,5970,22083,5x15,V_1475292,promo,$1 first month rent,First month 50% off
2026-07-11,5970,22083,5x15,V_1562413,promo,$1 first month rent,First month 50% off
2026-07-11,5970,22083,10x15,V_1475293,promo,$1 first month rent,First month 50% off
2026-07-11,1049,21514,5x5,V_1506906,price,14,12
2026-07-11,1049,21514,5x5,V_1506904,price,14,12
2026-07-11,1049,21514,5x10,V_1506908,promo,First month 50% off,
2026-07-11,5674,27617,5x5,V_1397365,price,24,23
2026-07-11,5674,27617,5x10,V_1397446,price,25,23
2026-07-11,5674,27617,5x10,V_1489793,price,26,25
2026-07-11,5674,27617,10x10,V_1397443,price,58,55
2026-07-11,5674,27617,10x10,V_1397448,price,66,62
2026-07-11,5674,27617,Parking,V_1517180,promo,,$1 first month rent
2026-07-11,5674,27617,10x20,V_1489798,price,82,77
2026-07-11,5674,27617,10x20,V_1397330,promo,First month 50% off,
2026-07-11,5675,27619,5x10,V_1439081,promo,$1 first month rent,
2026-07-11,5675,27619,10x10,V_1439080,price,68,58
2026-07-11,5675,27619,10x25,V_1397498,promo,First month 50% off,
2026-07-11,5666,27609,10x10,V_1492964,price,88,83
2026-07-11,5666,27609,10x20,V_1428965,price,150,140
2026-07-11,2654,26645,10x15,V_1477053,promo,$1 first month rent,
2026-07-11,2654,26645,10x15,V_1477129,price,174,164
2026-07-11,2654,26645,10x20,V_1477056,price,202,189
2026-07-11,2654,26645,10x20,V_1477056,promo,,First month 50% off
2026-07-11,5657,27405,5x5,V_1395761,price,41,38
2026-07-11,5657,27405,5x5,V_1395761,promo,$1 first month rent,First month 50% off
2026-07-11,5657,27405,10x10,V_1447583,price,89,83
2026-07-11,5657,27405,10x20,V_1447581,price,137,128
2026-07-11,620,24504,5x10,V_111737,price,52,50
2026-07-11,5768,29280,5x10,V_1412498,promo,First month 50% off,
2026-07-11,5768,29280,10x10,V_1412496,promo,,First month 50% off
2026-07-11,5768,29280,10x20,V_1412503,promo,2nd Month Free,First month 50% off
2026-07-11,619,24503,10x10,V_596860,price,83,80
2026-07-11,619,24503,10x20,V_1422101,promo,2nd Month Free,First month 50% off
2026-07-11,2007,08441,5x5,V_1500380,promo,First month 50% off,$1 first month rent
2026-07-11,2007,08441,5x10,V_1309501,promo,,First month 50% off
2026-07-11,2007,08441,10x20,V_1531608,price,165,162
2026-07-11,627,24805,10x10,V_1480311,price,50,47
2026-07-11,6151,77874,5x5,V_1490857,price,16,15
2026-07-11,1987,08421,5x5,V_333061,promo,$1 first month rent,
2026-07-11,6180,77892,5x5,V_1518901,promo,$1 first month rent,First month 50% off
2026-07-11,6180,77892,10x10,V_1526783,price,69,65
2026-07-11,6180,77892,10x15,V_1498744,promo,First month 50% off,
2026-07-11,6180,77892,10x15,V_1526775,promo,First month 50% off,$1 first month rent
2026-07-11,6168,77882,5x10,V_1513917,promo,First month 50% off,
2026-07-11,6168,77882,10x10,V_1496025,price,41,38
2026-07-11,6168,77882,10x10,V_1513916,price,51,48
2026-07-11,6168,77882,10x20,V_1496024,price,95,89
2026-07-11,2325,25789,5x5,V_632270,promo,,$1 first month rent
2026-07-11,2516,29220,5x5,V_634166,promo,$1 first month rent,First month 50% off
2026-07-11,2012,08446,10x20,V_1324543,promo,2nd Month Free,First month 50% off
2026-07-11,5591,27234,5x10,V_1389334,promo,$1 first month rent,First month 50% off
2026-07-11,5591,27234,10x10,V_1389342,price,66,65
2026-07-11,5591,27234,10x10,V_1449049,price,76,75
2026-07-11,743,23706,5x5,V_1458844,price,20,19
2026-07-11,752,21705,10x15,V_113315,price,76,73
2026-07-11,752,21705,10x20,V_1506445,price,116,105
2026-07-11,5680,27625,10x10,V_1450607,price,58,55
2026-07-11,5680,27625,10x10,V_1450597,promo,,First month 50% off
2026-07-11,5680,27625,10x15,V_1397845,price,78,73
2026-07-11,5680,27625,10x15,V_1450598,price,82,77
2026-07-11,5681,27628,10x10,V_1450566,price,33,30
2026-07-11,5681,27628,10x15,V_1397889,price,69,65
2026-07-11,5677,27621,10x10,V_1451845,price,51,48
2026-07-11,5690,27643,10x10,V_1436110,price,74,70
2026-07-11,5690,27643,10x10,V_1450527,price,100,94
2026-07-11,5690,27643,10x20,V_1450524,price,127,119
2026-07-11,6093,27565,10x10,V_1506482,promo,,$1 first month rent
2026-07-11,6093,27565,10x10,V_1506489,price,119,112
2026-07-11,6093,27565,10x30,V_1482766,price,269,252
2026-07-11,894,20256,10x10,V_1510326,promo,$1 first month rent,
2026-07-11,963,24514,10x10,V_135659,promo,$1 first month rent,First month 50% off
2026-07-11,963,24514,10x15,V_135661,price,114,111
2026-07-11,963,24514,10x20,V_1562739,promo,First month 50% off,2nd Month Free
2026-07-11,6431,78050,10x10,V_1560188,price,104,78
2026-07-11,6431,78050,10x30,V_1560183,price,316,237
2026-07-11,2577,26557,10x15,V_650424,promo,$1 first month rent,First month 50% off
2026-07-11,2577,26557,10x20,V_1518286,promo,First month 50% off,2nd Month Free
2026-07-11,5417,26948,10x10,V_1444898,price,99,89
2026-07-11,1330,24608,5x10,V_137689,promo,$1 first month rent,First month 50% off
2026-07-11,1330,24608,10x15,V_1584267,promo,$1 first month rent,First month 50% off
2026-07-11,942,20169,10x10,V_356454,price,109,103
2026-07-11,942,20169,10x10,V_1494971,promo,$1 first month rent,First month 50% off
2026-07-11,952,20252,10x10,V_659439,promo,$1 first month rent,First month 50% off
2026-07-11,5306,77532,10x10,V_1331965,promo,,First month 50% off
2026-07-11,5585,27203,10x20,V_1518493,promo,,First month 50% off
2026-07-11,1126,20417,5x5,V_1587736,promo,$1 first month rent,
2026-07-11,1126,20417,5x10,V_172413,price,116,101
2026-07-11,980,23604,10x10,V_1354695,promo,,First month 50% off
2026-07-11,980,23604,10x10,V_174843,promo,First month 50% off,
2026-07-11,5478,29278,5x5,V_1588697,promo,First month 50% off,
2026-07-11,5478,29278,5x10,V_1378351,price,108,101
2026-07-11,5478,29278,10x10,V_1378350,price,162,152
2026-07-11,5478,29278,10x20,V_1378329,promo,,2nd Month Free
2026-07-11,5478,29278,10x20,V_1567952,promo,2nd Month Free,
2026-07-11,1370,21401,10x10,V_169262,promo,First month 50% off,$1 first month rent
2026-07-11,1370,21401,10x20,V_169267,promo,2nd Month Free,First month 50% off
2026-07-11,1370,21401,10x20,V_1357560,promo,2nd Month Free,First month 50% off
2026-07-11,1370,21401,10x20,V_1531374,promo,2nd Month Free,First month 50% off
2026-07-11,971,21715,5x5,V_169419,promo,First month 50% off,$1 first month rent
2026-07-11,971,21715,5x5,V_1544016,promo,First month 50% off,$1 first month rent
2026-07-11,971,21715,5x10,V_169417,promo,First month 50% off,$1 first month rent
2026-07-11,971,21715,5x10,V_1544020,promo,First month 50% off,$1 first month rent
2026-07-11,971,21715,10x15,V_1544023,price,268,245
2026-07-11,971,21715,10x20,V_1475879,promo,First month 50% off,2nd Month Free
2026-07-11,971,21715,10x30,V_169412,promo,First month 50% off,2nd Month Free
2026-07-11,971,21715,10x30,V_1544019,promo,First month 50% off,2nd Month Free
2026-07-11,5556,27136,5x5,V_1388384,price,55,52
2026-07-11,5556,27136,10x10,V_1539143,price,182,171
2026-07-11,5556,27136,10x20,V_1388381,price,277,260
2026-07-11,1523,29188,5x10,V_233361,promo,First month 50% off,$1 first month rent
2026-07-11,1523,29188,5x15,V_233369,promo,First month 50% off,$1 first month rent
2026-07-11,1523,29188,10x15,V_233356,price,351,276
2026-07-11,2048,08493,10x10,V_388852,promo,$1 first month rent,First month 50% off
2026-07-11,2048,08493,10x15,V_1554743,promo,$1 first month rent,First month 50% off
2026-07-11,1094,27266,5x5,V_166036,price,101,86
2026-07-11,1094,27266,5x10,V_166034,price,154,124
2026-07-11,1094,27266,10x20,V_1531379,promo,First month 50% off,2nd Month Free
2026-07-11,1063,27271,10x10,V_169681,price,151,148
2026-07-11,1897,08240,5x10,V_332029,price,142,134
2026-07-11,1897,08240,5x10,V_332029,promo,$1 first month rent,First month 50% off
2026-07-11,1897,08240,10x10,V_1539635,promo,$1 first month rent,First month 50% off
2026-07-11,1013,20447,5x10,V_239025,promo,First month 50% off,
2026-07-11,1013,20447,5x10,V_239029,promo,$1 first month rent,
2026-07-11,1013,20447,5x10,V_239030,promo,$1 first month rent,
2026-07-11,1013,20447,5x15,V_239041,promo,$1 first month rent,
2026-07-11,1013,20447,10x10,V_239031,promo,First month 50% off,
2026-07-11,1013,20447,10x10,V_1354709,promo,First month 50% off,
2026-07-11,1013,20447,5x15,V_239043,promo,First month 50% off,
2026-07-11,1013,20447,10x20,V_1357469,promo,First month 50% off,
2026-07-11,1013,20447,10x20,V_1592710,promo,First month 50% off,
2026-07-11,5547,27190,10x10,V_1382767,price,198,185
2026-07-11,5547,27190,10x10,V_1382767,promo,$1 first month rent,First month 50% off
2026-07-11,5546,27189,10x15,V_1517790,price,320,300
2026-07-11,1826,08154,10x15,V_565264,promo,First month 50% off,$1 first month rent
2026-07-11,1826,08154,10x15,V_565285,promo,First month 50% off,$1 first month rent
2026-07-11,1826,08154,10x15,V_266225,promo,First month 50% off,$1 first month rent
2026-07-11,1896,08239,5x10,V_265257,promo,First month 50% off,$1 first month rent
2026-07-11,1896,08239,5x10,V_1566333,promo,$1 first month rent,First month 50% off
2026-07-11,2424,25989,10x20,V_1594044,price,254,243
2026-07-11,1374,27804,5x5,V_165332,promo,$1 first month rent,First month 50% off
2026-07-11,5513,27155,5x10,V_1381592,price,79,62
2026-07-11,5513,27155,5x15,V_1381589,price,74,67
2026-07-11,972,24225,5x5,V_171838,promo,First month 50% off,
2026-07-11,2468,25865,10x20,V_1516521,promo,,First month 50% off
2026-07-11,1467,29179,5x10,V_180571,price,58,56
2026-07-11,1467,29179,5x15,V_1544677,promo,First month 50% off,
2026-07-11,1467,29179,10x15,V_180563,promo,$1 first month rent,First month 50% off
2026-07-11,1467,29179,10x15,V_1356461,price,254,247
2026-07-11,1467,29179,10x20,V_180566,price,283,252
2026-07-11,5533,27176,10x15,V_1438609,promo,,First month 50% off
2026-07-11,2612,29240,5x5,V_1575134,promo,$1 first month rent,First month 50% off
2026-07-11,2612,29240,10x10,V_1522916,price,154,134
2026-07-11,1815,08142,10x10,V_1578792,promo,First month 50% off,$1 first month rent
2026-07-11,1811,08138,10x10,V_644934,promo,First month 50% off,$1 first month rent
2026-07-11,1045,25448,5x5,V_1579728,promo,,$1 first month rent
2026-07-11,1045,25448,10x10,V_575139,price,109,100
2026-07-11,1045,25448,10x20,V_1423946,price,141,137
2026-07-11,6512,23955,5x5,V_1587765,price,32,30
2026-07-11,6512,23955,5x10,V_1587745,price,58,54
2026-07-11,6512,23955,10x15,V_1587771,price,134,125
2026-07-11,1807,08134,10x10,V_1581651,promo,First month 50% off,
2026-07-11,5288,26692,10x15,V_1553714,promo,,First month 50% off
2026-07-11,1021,24206,5x10,V_1583026,price,73,71
2026-07-11,1021,24206,5x15,V_198208,price,94,91
2026-07-11,1021,24206,10x10,V_198198,promo,,$1 first month rent
2026-07-11,1021,24206,10x20,V_1527728,price,186,153
2026-07-11,1821,08148,10x20,V_1423720,price,198,161
2026-07-11,995,25452,5x15,V_208736,price,103,86
2026-07-11,995,25452,10x10,V_1518269,promo,$1 first month rent,First month 50% off
2026-07-11,1820,08147,10x20,V_1527723,price,160,131
2026-07-11,1806,08133,10x15,V_330442,promo,$1 first month rent,
2026-07-11,1806,08133,10x20,V_1527721,promo,2nd Month Free,First month 50% off
2026-07-11,1371,34111,10x20,V_1506781,promo,2nd Month Free,First month 50% off
2026-07-11,5517,27159,5x5,V_1381732,price,44,38
2026-07-11,5266,00115,10x10,V_1323181,price,154,137
2026-07-11,2033,08473,10x10,V_1591939,promo,First month 50% off,
2026-07-11,2033,08473,10x15,V_331605,promo,First month 50% off,
2026-07-11,2033,08473,10x15,V_1591945,promo,First month 50% off,
2026-07-11,1813,08140,5x5,V_1594071,promo,,$1 first month rent
2026-07-11,2429,25994,5x10,V_621624,promo,$1 first month rent,First month 50% off
2026-07-11,2429,25994,10x20,V_1591958,promo,First month 50% off,
2026-07-11,2429,25994,10x30,V_1591960,promo,First month 50% off,
2026-07-11,1372,27292,5x10,V_1591973,price,89,76
2026-07-11,1372,27292,10x10,V_565162,price,137,135
2026-07-11,2477,25868,5x10,V_630025,promo,First month 50% off,$1 first month rent
2026-07-11,2478,25869,5x10,V_1591953,promo,$1 first month rent,First month 50% off
2026-07-11,2478,25869,10x15,V_630069,promo,$1 first month rent,First month 50% off
2026-07-11,6338,78032,10x10,V_1589846,price,106,99
2026-07-11,6338,78032,10x15,V_1538917,price,260,244
2026-07-11,6338,78032,10x15,V_1538926,promo,$1 first month rent,
2026-07-11,5294,26698,5x15,V_1578077,promo,,2nd Month Free
2026-07-11,5294,26698,10x20,V_1577907,price,199,182
2026-07-11,1901,08244,5x15,V_310542,promo,First month 50% off,
2026-07-11,1901,08244,10x30,V_1566959,promo,First month 50% off,
2026-07-11,5584,27216,5x5,V_1387992,promo,,First month 50% off
2026-07-11,5584,27216,5x10,V_1387989,promo,,First month 50% off
2026-07-11,5584,27216,5x10,V_1578461,promo,,First month 50% off
2026-07-11,5584,27216,10x10,V_1578459,promo,,$1 first month rent
2026-07-11,5584,27216,10x25,V_1388008,promo,,First month 50% off
2026-07-11,5584,27216,10x20,V_1387994,promo,,2nd Month Free
2026-07-11,5584,27216,10x30,V_1578453,promo,,First month 50% off
2026-07-11,6521,23959,5x5,V_1589135,price,44,46
2026-07-11,6521,23959,Parking,V_1589164,promo,,$1 first month rent
2026-07-11,975,25451,10x10,V_641175,promo,,First month 50% off
2026-07-11,5289,26693,5x5,V_1432964,promo,First month 50% off,
2026-07-11,5289,26693,10x10,V_1432949,promo,$1 first month rent,First month 50% off
2026-07-11,5289,26693,10x20,V_1432958,promo,First month 50% off,
2026-07-11,1900,08243,10x10,V_1424547,promo,First month 50% off,$1 first month rent
2026-07-11,1900,08243,10x15,V_315111,promo,$1 first month rent,First month 50% off
2026-07-11,1900,08243,10x25,V_1527738,price,209,201
2026-07-11,1172,20101,5x10,V_1589505,promo,$1 first month rent,First month 50% off
2026-07-11,1172,20101,5x5,V_1578803,promo,$1 first month rent,First month 50% off
2026-07-11,1172,20101,10x20,V_1432891,promo,2nd Month Free,First month 50% off
2026-07-11,1172,20101,10x20,V_1432904,promo,2nd Month Free,First month 50% off
2026-07-11,1323,24308,5x15,V_205320,promo,,First month 50% off
2026-07-11,1054,28194,10x10,V_1463752,price,75,74
2026-07-11,5536,27179,5x5,V_1382383,price,48,44
2026-07-11,5536,27179,5x5,V_1563392,promo,$1 first month rent,First month 50% off
2026-07-11,5536,27179,5x10,V_1543442,price,85,73
2026-07-11,5536,27179,5x10,V_1543442,promo,,$1 first month rent
2026-07-11,5536,27179,5x10,V_1382380,price,101,81
2026-07-11,5536,27179,10x10,V_1382392,price,141,140
2026-07-11,5536,27179,10x15,V_1563393,price,228,213
2026-07-11,2034,08474,5x10,V_338039,promo,$1 first month rent,First month 50% off
2026-07-11,1260,25453,10x20,V_1527814,price,138,125
2026-07-11,6450,23941,10x10,V_1565544,price,62,59
2026-07-11,6450,23941,10x20,V_1565539,price,98,92
2026-07-11,6450,23941,10x30,V_1565538,price,154,144
2026-07-11,5311,26687,5x10,V_1534774,price,82,69
2026-07-11,5311,26687,10x10,V_1534773,price,124,107
2026-07-11,5311,26687,10x15,V_1534776,price,137,113
2026-07-11,6133,27665,5x5,V_1491189,price,62,58
2026-07-11,5292,26696,5x10,V_1432970,promo,$1 first month rent,First month 50% off
2026-07-11,1808,08135,10x30,V_1432436,promo,,2nd Month Free
2026-07-11,1391,25535,10x10,V_1429872,price,125,113
2026-07-11,6400,23885,5x10,V_1579046,promo,,$1 first month rent
2026-07-11,1134,25447,5x15,V_206948,price,65,63
2026-07-11,1809,08136,5x15,V_333823,price,63,62
2026-07-11,1809,08136,10x10,V_1578843,promo,$1 first month rent,
2026-07-11,1153,20102,5x10,V_1590307,promo,,First month 50% off
2026-07-11,1153,20102,10x20,V_1422534,price,146,141
2026-07-11,6522,23960,5x10,V_1589183,price,75,71
2026-07-11,5864,27597,5x10,V_1580563,price,38,35
2026-07-11,1816,08143,10x25,V_1527794,promo,,First month 50% off
2026-07-11,1816,08143,10x30,V_1527795,promo,,First month 50% off
2026-07-11,1062,20140,5x5,V_1579017,promo,First month 50% off,
2026-07-11,1070,22320,10x15,V_210955,price,93,90
2026-07-11,1817,08144,10x10,V_391424,promo,$1 first month rent,First month 50% off
2026-07-11,1147,24231,5x5,V_1579097,promo,$1 first month rent,
2026-07-11,1147,24231,5x10,V_1579094,price,77,73
2026-07-11,1147,24231,10x15,V_391512,promo,First month 50% off,
2026-07-11,1810,08137,10x15,V_314941,promo,$1 first month rent,First month 50% off
2026-07-11,1818,08145,10x10,V_1411305,promo,$1 first month rent,First month 50% off
2026-07-11,1818,08145,10x15,V_340242,promo,$1 first month rent,First month 50% off
2026-07-11,6519,23957,10x10,V_1589033,price,69,65
2026-07-11,1912,08256,10x10,V_1452027,promo,$1 first month rent,First month 50% off
2026-07-11,5902,22015,10x10,V_1514955,price,234,187
2026-07-11,528,24511,5x5,V_1452556,price,43,38
2026-07-11,528,24511,10x10,V_95664,price,114,98
2026-07-11,528,24511,10x15,V_95666,promo,,First month 50% off
2026-07-11,1830,08158,5x10,V_336132,promo,,First month 50% off
2026-07-11,529,20237,5x5,V_1452124,promo,$1 first month rent,First month 50% off
2026-07-11,2574,29232,10x10,V_1453376,promo,First month 50% off,$1 first month rent
2026-07-11,539,23205,10x10,V_82891,promo,$1 first month rent,First month 50% off
2026-07-11,1907,08250,5x10,V_306513,price,70,57
2026-07-11,1907,08250,5x15,V_312352,promo,First month 50% off,$1 first month rent
2026-07-11,1907,08250,10x15,V_363957,price,123,95
2026-07-11,1907,08250,10x20,V_1539213,price,169,146
2026-07-11,532,20608,5x15,V_1459776,promo,First month 50% off,$1 first month rent
2026-07-11,1850,08179,10x25,V_1426113,promo,,2nd Month Free
2026-07-11,169,23211,5x5,V_1459794,promo,$1 first month rent,First month 50% off
2026-07-11,169,23211,10x10,V_86284,promo,First month 50% off,
2026-07-11,535,20606,10x20,V_1530130,promo,,First month 50% off
2026-07-11,6081,08171,5x5,V_1498505,price,45,42
2026-07-11,6081,08171,5x10,V_1498508,price,54,51
2026-07-11,6081,08171,5x5,V_1479580,price,55,52
2026-07-11,6081,08171,5x10,V_1479587,price,77,72
2026-07-11,1855,08186,10x20,V_1429204,promo,,First month 50% off
2026-07-11,68,27806,10x15,V_1453663,price,281,270
2026-07-11,68,27806,10x25,V_1532319,price,380,317
2026-07-11,81,21616,5x5,V_604207,promo,$1 first month rent,First month 50% off
2026-07-11,81,21616,10x10,V_1354175,price,111,107
2026-07-11,81,21616,10x10,V_604208,price,112,108
2026-07-11,1906,08249,5x10,V_309833,price,71,62
2026-07-11,496,20607,5x10,V_589536,promo,First month 50% off,$1 first month rent
2026-07-11,1841,08170,5x10,V_375171,promo,First month 50% off,$1 first month rent
2026-07-11,1841,08170,5x15,V_1559613,promo,,First month 50% off
2026-07-11,1841,08170,10x15,V_375167,promo,First month 50% off,
2026-07-11,524,20172,5x5,V_1457511,price,58,50
2026-07-11,524,20172,5x10,V_1457556,promo,First month 50% off,
2026-07-11,1829,08157,10x20,V_1428074,price,202,152
2026-07-11,982,29164,5x5,V_1328806,promo,First month 50% off,
2026-07-11,982,29164,5x10,V_589329,price,113,96
2026-07-11,982,29164,5x15,V_1577180,price,132,103
2026-07-11,982,29164,10x15,V_589044,price,285,241
2026-07-11,2071,08534,10x10,V_1453436,promo,2nd Month Free,
2026-07-11,2071,08534,10x10,V_1453437,promo,2nd Month Free,
2026-07-11,1834,08162,5x10,V_1453407,promo,First month 50% off,
2026-07-11,1834,08162,5x10,V_592232,price,120,99
2026-07-11,1834,08162,5x10,V_1453402,promo,$1 first month rent,First month 50% off
2026-07-11,1834,08162,10x25,V_1427988,price,271,225
2026-07-11,1833,08161,5x5,V_317051,promo,$1 first month rent,First month 50% off
2026-07-11,1833,08161,5x10,V_565394,promo,$1 first month rent,First month 50% off
2026-07-11,1833,08161,10x20,V_1532014,price,347,284
2026-07-11,200,21601,5x5,V_592159,price,79,63
2026-07-11,200,21601,10x20,V_1422521,promo,First month 50% off,
2026-07-11,1849,08178,5x10,V_1460683,promo,First month 50% off,
2026-07-11,676,20731,5x10,V_1444807,promo,First month 50% off,
2026-07-11,676,20731,10x20,V_1444805,promo,First month 50% off,
2026-07-11,676,20731,10x25,V_1531616,promo,First month 50% off,
2026-07-11,5903,22016,5x10,V_1475416,price,70,65
2026-07-11,5903,22016,5x15,V_1476754,price,118,111
2026-07-11,5903,22016,10x30,V_1539423,promo,,2nd Month Free
2026-07-11,1840,08168,10x10,V_1450341,price,217,167
2026-07-11,1840,08168,10x15,V_1389778,price,200,180
2026-07-11,5904,22017,5x10,V_1474381,promo,,First month 50% off
2026-07-11,5904,22017,10x10,V_1474382,promo,$1 first month rent,First month 50% off
2026-07-11,2050,08495,5x15,V_333465,promo,First month 50% off,$1 first month rent
2026-07-11,50,20238,10x15,V_78056,promo,,First month 50% off
2026-07-11,37,21512,5x5,V_75571,promo,$1 first month rent,
2026-07-11,37,21512,10x10,V_1449737,promo,$1 first month rent,First month 50% off
2026-07-11,1835,08163,5x5,V_1450361,price,41,32
2026-07-11,1835,08163,10x10,V_658656,price,163,140
2026-07-11,1836,08164,5x5,V_1574361,promo,First month 50% off,
2026-07-11,1836,08164,10x15,V_590221,promo,$1 first month rent,First month 50% off
2026-07-11,1836,08164,10x15,V_1456090,promo,$1 first month rent,First month 50% off
2026-07-11,1836,08164,10x20,V_1426106,promo,2nd Month Free,First month 50% off
2026-07-11,1905,08248,5x10,V_1456095,price,88,71
2026-07-11,1905,08248,10x20,V_1527988,promo,2nd Month Free,First month 50% off
2026-07-11,6134,77711,10x15,V_1488503,price,138,129
2026-07-11,520,21615,5x5,V_1460965,price,64,55
2026-07-11,520,21615,5x10,V_387490,price,70,58
2026-07-11,520,21615,10x30,V_641631,price,356,311
2026-07-11,491,07047,5x5,V_82756,promo,First month 50% off,
2026-07-11,491,07047,10x10,V_636724,price,96,72
2026-07-11,491,07047,10x10,V_636724,promo,First month 50% off,$1 first month rent
2026-07-11,491,07047,5x10,V_636722,promo,,First month 50% off
2026-07-11,491,07047,10x10,V_1449765,price,127,95
2026-07-11,491,07047,10x20,V_82742,promo,,First month 50% off
2026-07-11,491,07047,10x30,V_82749,promo,,First month 50% off
2026-07-11,491,07047,10x20,V_1449761,promo,,First month 50% off
2026-07-11,623,25540,10x10,V_1459802,price,112,93
2026-07-11,623,25540,10x15,V_1556598,promo,$1 first month rent,First month 50% off
2026-07-11,1832,08160,10x15,V_336565,price,236,212
2026-07-11,501,21805,5x10,V_1573970,price,45,37
2026-07-11,501,21805,5x10,V_1573972,price,47,38
2026-07-11,5496,26979,10x20,V_1445008,price,278,229
2026-07-11,1852,08181,5x5,V_1448194,price,63,56
2026-07-11,1852,08181,5x10,V_1448196,price,72,68
2026-07-11,500,20605,5x10,V_83510,price,91,84
2026-07-11,500,20605,10x10,V_1423039,promo,$1 first month rent,First month 50% off
2026-07-11,500,20605,10x20,V_1531068,promo,,First month 50% off
2026-07-11,190,21818,5x10,V_83647,promo,$1 first month rent,First month 50% off
2026-07-11,190,21818,Parking,V_1518818,promo,First month 50% off,
2026-07-11,5721,27414,10x10,V_1403296,price,126,116
2026-07-11,1831,08159,10x15,V_599938,price,218,191
2026-07-11,1831,08159,10x30,V_1488209,price,490,374
2026-07-11,693,24213,5x10,V_1458322,promo,,First month 50% off
2026-07-11,693,24213,Parking,V_1516354,promo,First month 50% off,$1 first month rent
2026-07-11,2069,08530,10x10,V_643129,promo,$1 first month rent,First month 50% off
2026-07-11,2069,08530,5x10,V_1460617,promo,,$1 first month rent
2026-07-11,662,23406,5x10,V_85993,price,77,68
2026-07-11,662,23406,10x10,V_85987,price,107,97
2026-07-11,662,23406,10x15,V_85988,promo,,First month 50% off
2026-07-11,826,25539,5x10,V_1450439,price,75,67
2026-07-11,691,24405,5x5,V_1571033,promo,First month 50% off,$1 first month rent
2026-07-11,691,24405,5x10,V_1571036,promo,First month 50% off,$1 first month rent
2026-07-11,538,20239,5x10,V_93764,promo,$1 first month rent,
2026-07-11,2165,70399,10x10,V_565293,price,353,265
2026-07-11,5373,27194,5x5,V_1461408,promo,$1 first month rent,First month 50% off
2026-07-11,5373,27194,10x10,V_1359439,price,128,101
2026-07-11,5373,27194,10x10,V_1359439,promo,First month 50% off,$1 first month rent
2026-07-11,747,25538,5x5,V_1447851,price,36,31
2026-07-11,747,25538,5x5,V_98094,promo,First month 50% off,
2026-07-11,747,25538,10x20,V_1530285,price,153,134
2026-07-11,747,25538,10x30,V_579199,price,271,203
2026-07-11,1851,08180,5x5,V_1447829,price,53,48
2026-07-11,2507,25870,10x15,V_632570,price,181,139
2026-07-11,2507,25870,10x20,V_1530289,price,256,230
2026-07-11,514,27021,5x10,V_1452307,price,72,65
2026-07-11,514,27021,10x10,V_1452315,promo,First month 50% off,$1 first month rent
2026-07-11,514,27021,10x10,V_366276,promo,First month 50% off,$1 first month rent
2026-07-11,514,27021,10x10,V_1354535,promo,First month 50% off,$1 first month rent
2026-07-11,514,27021,10x10,V_592144,promo,First month 50% off,$1 first month rent
2026-07-11,514,27021,10x10,V_1452318,promo,First month 50% off,$1 first month rent
2026-07-11,514,27021,10x10,V_1542231,promo,First month 50% off,$1 first month rent
2026-07-11,6542,23984,5x5,V_1595333,price,38,36
2026-07-11,6542,23984,5x15,V_1595328,price,66,62
2026-07-11,1911,08255,5x10,V_1463920,promo,First month 50% off,$1 first month rent
2026-07-11,1911,08255,5x10,V_315114,promo,First month 50% off,$1 first month rent
2026-07-11,646,21517,5x10,V_93036,price,86,68
2026-07-11,646,21517,5x5,V_1349044,promo,$1 first month rent,First month 50% off
2026-07-11,646,21517,10x20,V_384748,promo,2nd Month Free,First month 50% off
2026-07-11,646,21517,10x20,V_577946,promo,2nd Month Free,First month 50% off
2026-07-11,1913,08257,5x5,V_1593616,price,72,63
2026-07-11,1913,08257,10x25,V_1531028,promo,2nd Month Free,First month 50% off
2026-07-11,5358,29271,10x10,V_1511837,price,137,128
2026-07-11,5358,29271,10x15,V_1343865,promo,First month 50% off,
2026-07-11,2162,70396,10x15,V_331656,promo,$1 first month rent,First month 50% off
2026-07-11,1908,08251,5x10,V_386680,promo,$1 first month rent,First month 50% off
2026-07-11,1908,08251,10x15,V_642627,promo,$1 first month rent,
2026-07-11,1837,08165,5x5,V_310434,price,50,41
2026-07-11,1837,08165,5x5,V_1456131,promo,First month 50% off,
2026-07-11,1837,08165,10x20,V_1530123,promo,First month 50% off,2nd Month Free
2026-07-11,1839,08167,5x10,V_310944,price,58,53
2026-07-11,5232,29260,10x20,V_1423230,promo,2nd Month Free,
2026-07-11,206,23412,5x10,V_60606,promo,,First month 50% off
2026-07-11,206,23412,10x10,V_606762,price,121,111
2026-07-11,206,23412,10x20,V_1423014,promo,2nd Month Free,First month 50% off
2026-07-11,1904,08247,5x5,V_309864,promo,First month 50% off,
2026-07-11,1904,08247,5x15,V_266386,promo,First month 50% off,$1 first month rent
2026-07-11,5431,26954,10x10,V_1450078,price,92,88
2026-07-11,1848,08177,5x15,V_332813,promo,2nd Month Free,
2026-07-11,1848,08177,10x15,V_332827,promo,2nd Month Free,
2026-07-11,1562,25563,10x25,V_1530139,promo,First month 50% off,
2026-07-11,1562,25563,10x30,V_1403809,promo,First month 50% off,
2026-07-11,1423,28217,10x10,V_192531,price,92,69
2026-07-11,1423,28217,10x15,V_192534,price,86,71
2026-07-11,1532,25565,Parking,V_1522245,promo,$1 first month rent,First month 50% off
2026-07-11,1302,20408,5x5,V_1572999,promo,$1 first month rent,First month 50% off
2026-07-11,1302,20408,5x10,V_1572998,price,49,41
2026-07-11,1376,26429,5x10,V_186493,price,62,56
2026-07-11,1376,26429,5x15,V_568083,promo,First month 50% off,$1 first month rent
2026-07-11,1376,26429,10x30,V_579444,price,223,218
2026-07-11,1376,26429,10x15,V_186487,promo,,First month 50% off
2026-07-11,6401,23893,10x10,V_1554666,price,73,68
2026-07-11,1285,20725,5x10,V_1572732,price,64,55
2026-07-11,1285,20725,10x20,V_1532256,price,196,165
2026-07-11,1549,25566,10x20,V_1532356,price,167,138
2026-07-11,1274,20909,5x10,V_183707,price,64,54
2026-07-11,1274,20909,10x10,V_1433492,price,137,119
2026-07-11,1546,25568,10x10,V_242930,promo,$1 first month rent,First month 50% off
2026-07-11,1546,25568,10x20,V_1403813,promo,2nd Month Free,First month 50% off
2026-07-11,6242,77970,10x10,V_1524522,price,89,83
2026-07-11,6242,77970,10x15,V_1524533,price,146,137
2026-07-11,6077,27442,5x10,V_1479314,price,82,77
2026-07-11,1342,07036,10x30,V_579330,price,346,337
2026-07-11,1675,08002,10x10,V_576874,price,55,49
2026-07-11,1675,08002,5x10,V_1542211,promo,,$1 first month rent
2026-07-11,5412,26969,5x5,V_1542393,promo,,First month 50% off
2026-07-11,5412,26969,10x20,V_1542395,promo,,First month 50% off
2026-07-11,5412,26969,10x20,V_1542390,promo,,First month 50% off
2026-07-11,2236,23087,Locker,V_1478816,promo,First month 50% off,$1 first month rent
2026-07-11,2236,23087,Locker,V_1596381,promo,First month 50% off,$1 first month rent
2026-07-11,2236,23087,Locker,V_1596380,promo,First month 50% off,$1 first month rent
2026-07-11,2236,23087,5x5,V_1596382,promo,First month 50% off,$1 first month rent
2026-07-11,2236,23087,5x5,V_1580360,promo,First month 50% off,$1 first month rent
2026-07-11,2236,23087,5x10,V_577179,promo,First month 50% off,$1 first month rent
2026-07-11,2236,23087,5x10,V_1596384,promo,First month 50% off,$1 first month rent
2026-07-11,2236,23087,5x10,V_1494623,promo,First month 50% off,$1 first month rent
2026-07-11,1031,24126,5x15,V_138569,price,31,29
2026-07-11,1031,24126,10x10,V_576005,promo,First month 50% off,$1 first month rent
2026-07-11,1031,24126,10x10,V_576002,price,66,58
2026-07-11,5301,29270,5x5,V_1334495,price,15,14
2026-07-11,5301,29270,10x10,V_1330791,promo,First month 50% off,$1 first month rent
2026-07-11,5301,29270,10x20,V_1330784,promo,2nd Month Free,First month 50% off
2026-07-11,6108,77832,10x20,V_1483302,promo,2nd Month Free,First month 50% off
2026-07-11,6498,29320,5x10,V_1593244,price,41,38
2026-07-11,6498,29320,10x20,V_1593248,price,146,137
2026-07-11,6498,29320,10x20,V_1578649,price,164,154
2026-07-11,5500,00118,5x10,V_1380993,price,61,57
2026-07-11,5500,00118,5x10,V_1380993,promo,$1 first month rent,First month 50% off
2026-07-11,1575,07211,10x10,V_1355020,price,281,230
2026-07-11,2524,29219,5x5,V_1350106,promo,,First month 50% off
2026-07-11,2524,29219,5x5,V_640821,promo,,First month 50% off
2026-07-11,2524,29219,5x5,V_1350105,promo,,First month 50% off
2026-07-11,2524,29219,5x5,V_640225,promo,,First month 50% off
2026-07-11,2524,29219,5x5,V_1401590,promo,,First month 50% off
2026-07-11,2524,29219,5x10,V_1352322,promo,,First month 50% off
2026-07-11,2524,29219,5x10,V_1352321,promo,,First month 50% off
2026-07-11,2524,29219,10x10,V_640392,promo,,$1 first month rent
2026-07-11,2524,29219,10x10,V_1355761,promo,,First month 50% off
2026-07-11,2524,29219,10x10,V_1355765,promo,,First month 50% off
2026-07-11,2524,29219,5x15,V_640255,promo,,First month 50% off
2026-07-11,2524,29219,5x15,V_1353967,promo,,First month 50% off
2026-07-11,2524,29219,10x10,V_640293,promo,,First month 50% off
2026-07-11,2524,29219,10x15,V_1357117,promo,,First month 50% off
2026-07-11,2524,29219,10x15,V_1357115,promo,,First month 50% off
2026-07-11,2524,29219,10x20,V_640264,promo,,First month 50% off
2026-07-11,2524,29219,10x20,V_1358059,promo,,2nd Month Free
2026-07-11,2524,29219,10x25,V_640387,promo,,First month 50% off
2026-07-11,5605,00127,5x5,V_1391085,promo,$1 first month rent,First month 50% off
2026-07-11,5605,00127,10x20,V_1391066,price,310,291
2026-07-11,5605,00127,10x20,V_1391066,promo,,2nd Month Free
2026-07-11,2140,08714,10x30,V_579677,price,196,191
2026-07-11,2140,08714,Parking,V_1521401,promo,$1 first month rent,First month 50% off
2026-07-11,2144,08726,10x10,V_383126,promo,First month 50% off,$1 first month rent
2026-07-11,2408,25973,5x10,V_620972,price,67,59
2026-07-11,2408,25973,10x10,V_1408181,promo,$1 first month rent,
2026-07-11,2526,25897,10x20,V_1407829,price,144,143
2026-07-11,5262,26675,10x10,V_1362024,price,67,61
2026-07-11,5262,26675,5x15,V_1362050,price,65,62
2026-07-11,1174,20186,5x10,V_1572227,price,35,34
2026-07-11,1267,07040,10x15,V_389660,promo,First month 50% off,$1 first month rent
2026-07-11,1749,08076,10x10,V_1579639,price,113,108
2026-07-11,1749,08076,10x10,V_257121,promo,,First month 50% off
2026-07-11,1749,08076,10x15,V_1579638,price,130,117
2026-07-11,1749,08076,10x15,V_257109,price,125,132
2026-07-11,2028,08468,10x10,V_338005,price,88,87
2026-07-11,2584,26551,10x10,V_1418077,price,70,68
2026-07-11,2584,26551,5x15,V_1457312,promo,$1 first month rent,First month 50% off
2026-07-11,2635,26597,5x10,V_1457327,price,32,30
2026-07-11,6487,78088,10x10,V_1574644,price,70,66
2026-07-11,2186,07025,5x15,V_366537,promo,$1 first month rent,First month 50% off
2026-07-11,1477,23111,10x15,V_208427,promo,$1 first month rent,
2026-07-11,1478,23112,10x15,V_210251,promo,,First month 50% off
2026-07-11,1486,20497,10x10,V_216946,promo,First month 50% off,$1 first month rent
2026-07-11,1503,34109,5x15,V_218389,price,35,32
2026-07-11,1503,34109,10x10,V_218364,promo,$1 first month rent,First month 50% off
2026-07-11,5474,27124,10x10,V_1377378,promo,,First month 50% off
2026-07-11,5474,27124,10x20,V_1377369,promo,2nd Month Free,First month 50% off
2026-07-11,5801,27200,10x10,V_1418237,promo,First month 50% off,$1 first month rent
2026-07-11,5894,29284,5x10,V_1459920,price,22,20
2026-07-11,5894,29284,10x10,V_1459908,price,67,63
2026-07-11,6095,77574,10x10,V_1482981,price,98,92
2026-07-11,6095,77574,10x15,V_1482971,promo,,First month 50% off
2026-07-11,6186,78128,5x5,V_1499627,price,26,24
2026-07-11,6186,78128,5x5,V_1499638,price,29,27
2026-07-11,6186,78128,10x10,V_1499637,price,67,63
2026-07-11,6186,78128,10x15,V_1499639,price,112,105
2026-07-11,6445,77966,5x10,V_1568872,price,38,36
2026-07-11,6452,78008,5x15,V_1565574,price,69,65
2026-07-11,5991,22104,Parking,V_1573908,price,32,40
2026-07-11,5991,22104,Parking,V_1545431,price,72,90
2026-07-11,5991,22104,Parking,V_1517313,price,74,92
2026-07-11,5991,22104,10x10,V_1474825,price,91,132
2026-07-11,5991,22104,10x20,V_1505337,price,130,219
2026-07-11,2096,08609,5x5,V_341159,promo,,$1 first month rent
2026-07-11,2096,08609,10x20,V_1431291,price,118,92
2026-07-11,1556,07208,5x10,V_613221,promo,$1 first month rent,First month 50% off
2026-07-11,1556,07208,5x5,V_1448685,promo,$1 first month rent,First month 50% off
2026-07-11,1556,07208,5x10,V_595192,promo,$1 first month rent,First month 50% off
2026-07-11,1556,07208,5x10,V_1526035,promo,$1 first month rent,First month 50% off
2026-07-11,1556,07208,10x10,V_1419822,promo,$1 first month rent,First month 50% off
2026-07-11,1556,07208,10x10,V_1572989,promo,$1 first month rent,First month 50% off
2026-07-11,1556,07208,10x20,V_607149,promo,2nd Month Free,First month 50% off
2026-07-11,1556,07208,10x30,V_579793,promo,2nd Month Free,First month 50% off
2026-07-11,2032,08472,5x5,V_1545499,promo,$1 first month rent,
2026-07-11,2032,08472,5x15,V_338099,promo,,$1 first month rent
2026-07-11,2552,29229,10x20,V_645455,promo,2nd Month Free,
2026-07-11,5630,27650,5x10,V_1435219,price,18,17
2026-07-11,5630,27650,10x20,V_1436637,promo,2nd Month Free,First month 50% off
2026-07-11,5631,27651,5x10,V_1463742,price,14,13
2026-07-11,5631,27651,10x15,V_1444733,price,79,74
2026-07-11,5631,27651,10x25,V_1533509,promo,First month 50% off,2nd Month Free
2026-07-11,5696,27649,5x5,V_1412397,price,12,11
2026-07-11,5696,27649,5x10,V_1540698,price,20,19
2026-07-11,5696,27649,10x10,V_1540695,price,42,40
2026-07-11,5696,27649,10x15,V_1540701,price,90,85
2026-07-11,5704,27636,10x15,V_1433461,promo,First month 50% off,$1 first month rent
2026-07-11,5704,27636,10x30,V_1433455,price,223,175
2026-07-11,1969,08403,10x20,V_1593185,price,274,224
2026-07-11,1972,08406,10x15,V_1432490,price,65,61
2026-07-11,1972,08406,10x20,V_1555934,price,76,74
2026-07-11,2002,08436,5x10,V_312465,price,14,13
2026-07-11,2042,08487,Parking,V_1512600,promo,$1 first month rent,First month 50% off
2026-07-11,2042,08487,10x25,V_1410412,promo,2nd Month Free,First month 50% off
2026-07-11,2042,08487,10x30,V_336667,promo,2nd Month Free,First month 50% off
2026-07-11,2042,08487,10x20,V_336694,promo,2nd Month Free,First month 50% off
2026-07-11,2042,08487,10x20,V_1447096,promo,2nd Month Free,First month 50% off
2026-07-11,2042,08487,10x30,V_1477624,promo,2nd Month Free,First month 50% off
2026-07-11,2042,08487,10x30,V_336689,promo,2nd Month Free,First month 50% off
2026-07-11,2042,08487,10x30,V_1447091,promo,2nd Month Free,First month 50% off
2026-07-11,2354,25930,5x5,V_614396,promo,,$1 first month rent
2026-07-11,2354,25930,5x5,V_1401532,promo,,$1 first month rent
2026-07-11,2354,25930,5x10,V_624344,promo,,$1 first month rent
2026-07-11,2354,25930,10x10,V_614382,promo,,$1 first month rent
2026-07-11,2354,25930,10x10,V_614423,promo,,First month 50% off
2026-07-11,2354,25930,10x10,V_1355634,promo,,First month 50% off
2026-07-11,2355,25931,10x10,V_1580075,price,73,70
2026-07-11,2358,25934,10x10,V_1538635,price,69,68
2026-07-11,2480,25828,10x10,V_657762,price,30,29
2026-07-11,2480,25828,10x15,V_1478741,price,61,60
2026-07-11,5230,24634,10x15,V_1312197,promo,First month 50% off,
2026-07-11,5230,24634,10x20,V_1358107,price,115,113
2026-07-11,5230,24634,10x20,V_1358107,promo,$1 first month rent,2nd Month Free
2026-07-11,5273,20125,10x15,V_1326724,price,102,95
2026-07-11,5274,28119,10x15,V_1326878,promo,First month 50% off,$1 first month rent
2026-07-11,5274,28119,10x15,V_1326873,price,122,113
2026-07-11,5278,20914,5x10,V_1369495,price,43,42
2026-07-11,5278,20914,10x15,V_1328120,price,92,89
2026-07-11,5278,20914,10x15,V_1328109,promo,$1 first month rent,First month 50% off
2026-07-11,5322,08499,10x15,V_1357226,price,105,92
2026-07-11,5467,28114,Parking,V_1518760,promo,First month 50% off,$1 first month rent
2026-07-11,5786,27581,10x15,V_1415653,promo,First month 50% off,$1 first month rent
2026-07-11,5786,27581,10x15,V_1446063,promo,$1 first month rent,First month 50% off
2026-07-11,5786,27581,10x25,V_1415666,promo,,2nd Month Free
2026-07-11,5869,77679,5x5,V_1489284,price,18,17
2026-07-11,5869,77679,5x10,V_1438271,price,22,21
2026-07-11,5869,77679,10x10,V_1438258,promo,,First month 50% off
2026-07-11,5869,77679,10x15,V_1438264,price,110,104
2026-07-11,6111,77852,5x5,V_1562896,price,22,21
2026-07-11,6116,77854,10x25,V_1483492,promo,2nd Month Free,
2026-07-11,6116,77854,10x15,V_1483493,promo,,$1 first month rent
2026-07-11,6116,77854,Parking,V_1573088,promo,,First month 50% off
2026-07-11,6118,77855,10x20,V_1483592,promo,First month 50% off,
2026-07-11,6398,23876,10x10,V_1548238,price,56,53
2026-07-11,6406,23925,5x10,V_1549810,price,27,26
2026-07-11,6406,23925,10x10,V_1549811,price,46,43
2026-07-11,6447,23936,5x5,V_1565261,price,19,18
2026-07-11,6466,78081,5x10,V_1569457,price,28,26
2026-07-11,6466,78081,10x10,V_1569462,price,36,34
2026-07-11,6466,78081,5x15,V_1583837,price,39,37
2026-07-11,6466,78081,10x15,V_1569465,promo,,First month 50% off
2026-07-11,6467,78082,10x10,V_1569509,price,46,44
2026-07-11,1985,08419,10x10,V_364201,promo,First month 50% off,
2026-07-11,1999,08433,10x15,V_371478,promo,First month 50% off,
2026-07-11,1999,08433,10x20,V_1504426,price,76,74
2026-07-11,2008,08442,10x10,V_1445690,price,94,80
2026-07-11,2008,08442,10x15,V_307609,promo,First month 50% off,
2026-07-11,5374,27412,5x5,V_1446927,promo,$1 first month rent,First month 50% off
2026-07-11,5374,27412,5x5,V_1461196,promo,$1 first month rent,First month 50% off
2026-07-11,5374,27412,5x5,V_1505522,promo,$1 first month rent,First month 50% off
2026-07-11,5374,27412,5x10,V_1461209,price,43,38
2026-07-11,5374,27412,5x10,V_1461209,promo,$1 first month rent,First month 50% off
2026-07-11,5374,27412,5x10,V_1348559,price,49,43
2026-07-11,5374,27412,5x10,V_1348559,promo,$1 first month rent,First month 50% off
2026-07-11,5374,27412,5x10,V_1505523,price,57,44
2026-07-11,5374,27412,5x10,V_1505523,promo,$1 first month rent,First month 50% off
2026-07-11,5374,27412,10x20,V_1463876,price,122,113
2026-07-11,5374,27412,10x20,V_1463876,promo,2nd Month Free,First month 50% off
2026-07-11,5374,27412,10x15,V_1348554,price,115,114
2026-07-11,5374,27412,10x20,V_1446928,price,128,118
2026-07-11,5374,27412,10x20,V_1446928,promo,2nd Month Free,First month 50% off
2026-07-11,5374,27412,10x30,V_1505521,promo,2nd Month Free,First month 50% off
2026-07-11,5564,27135,10x20,V_1386034,price,78,73
2026-07-11,5568,27205,5x5,V_1447920,price,16,12
2026-07-11,5568,27205,5x10,V_1446801,promo,,First month 50% off
2026-07-11,5568,27205,10x10,V_1446803,promo,2nd Month Free,First month 50% off
2026-07-11,5568,27205,5x15,V_1563332,promo,2nd Month Free,First month 50% off
2026-07-11,5568,27205,10x15,V_1446805,promo,2nd Month Free,
2026-07-11,5568,27205,10x15,V_1446792,promo,,$1 first month rent
2026-07-11,5653,27406,5x5,V_1395624,price,26,24
2026-07-11,5658,27404,10x20,V_1395804,promo,,2nd Month Free
2026-07-11,6126,77851,10x20,V_1483760,promo,,First month 50% off
2026-07-11,6303,29298,5x5,V_1527405,price,33,31
2026-07-11,6303,29298,10x10,V_1527424,price,67,63
2026-07-11,6540,23982,10x10,V_1595234,promo,,First month 50% off
2026-07-11,6524,23962,10x10,V_1589276,price,83,78
2026-07-11,6524,23962,10x15,V_1589268,price,126,118
2026-07-11,124,27007,5x5,V_1348758,price,208,182
2026-07-11,124,27007,10x10,V_1354233,promo,First month 50% off,
2026-07-11,124,27007,10x15,V_1356000,promo,$1 first month rent,First month 50% off
2026-07-11,124,27007,10x15,V_1594058,promo,$1 first month rent,First month 50% off
2026-07-11,832,28201,10x20,V_1417028,promo,First month 50% off,2nd Month Free
2026-07-11,824,28202,5x10,V_133338,promo,First month 50% off,$1 first month rent
2026-07-11,695,28155,10x25,V_1529801,price,195,184
2026-07-11,842,28126,5x15,V_103908,price,116,101
2026-07-11,842,28126,10x20,V_1528868,promo,,First month 50% off
2026-07-11,723,25527,5x15,V_1432489,price,76,75
2026-07-11,768,28113,10x10,V_644510,promo,$1 first month rent,First month 50% off
2026-07-11,802,28110,10x10,V_595011,price,48,45
2026-07-11,799,23704,5x15,V_1535657,price,28,27
2026-07-11,830,20453,10x10,V_133605,price,117,114
2026-07-11,838,21701,5x5,V_147245,promo,,First month 50% off
2026-07-11,838,21701,5x5,V_147251,price,65,64
2026-07-11,838,21701,10x10,V_1454332,promo,,First month 50% off
2026-07-11,838,21701,10x15,V_360863,promo,,First month 50% off
2026-07-11,838,21701,10x15,V_360861,price,279,248
2026-07-11,862,23217,5x5,V_134359,price,27,23
2026-07-11,629,29132,10x20,V_112318,price,134,133
2026-07-11,65,23415,5x5,V_70236,promo,First month 50% off,$1 first month rent
2026-07-11,229,20103,10x10,V_55585,promo,First month 50% off,
2026-07-11,268,21618,5x10,V_1461433,promo,$1 first month rent,
2026-07-11,268,21618,5x15,V_1461442,promo,First month 50% off,
2026-07-11,410,28084,10x10,V_1408062,promo,$1 first month rent,First month 50% off
2026-07-11,479,24103,5x10,V_66489,price,77,70
2026-07-11,519,20711,5x5,V_1508890,promo,First month 50% off,$1 first month rent
2026-07-11,672,23705,10x10,V_1480182,price,22,20
2026-07-11,677,24632,5x10,V_645011,price,13,12
2026-07-11,678,21203,5x10,V_111898,price,14,12
2026-07-11,678,21203,5x10,V_111899,price,22,19
2026-07-11,678,21203,10x20,V_1555183,price,67,66
2026-07-11,685,24635,5x15,V_1580777,price,27,26
2026-07-11,735,21717,5x10,V_1446649,price,50,48
2026-07-11,735,21717,5x10,V_1446649,promo,First month 50% off,$1 first month rent
2026-07-11,741,24630,5x10,V_1447107,price,30,29
2026-07-11,741,24630,10x20,V_1421913,price,152,150
2026-07-11,753,28116,5x5,V_122217,price,21,20
2026-07-11,753,28116,10x10,V_122200,price,62,59
2026-07-11,769,28118,5x10,V_575329,price,15,21
2026-07-11,769,28118,5x10,V_1589512,price,15,23
2026-07-11,769,28118,5x10,V_136809,price,15,26
2026-07-11,769,28118,5x10,V_1589517,price,15,26
2026-07-11,769,28118,5x10,V_1535870,price,15,28
2026-07-11,769,28118,5x10,V_136803,price,15,29
2026-07-11,769,28118,10x15,V_136786,promo,First month 50% off,
2026-07-11,770,23708,5x10,V_1487195,price,49,47
2026-07-11,770,23708,5x15,V_1487188,promo,$1 first month rent,First month 50% off
2026-07-11,770,23708,10x15,V_581621,price,126,123
2026-07-11,831,28122,10x15,V_110028,promo,$1 first month rent,First month 50% off
2026-07-11,870,20703,10x10,V_592698,price,92,86
2026-07-11,953,28207,10x10,V_1329584,price,116,110
2026-07-11,953,28207,10x20,V_1420379,price,118,115
