date,brand,store_id,site_number,size,sku,transition,last_price,days_since_previous
2026-09-02,storagesense,sense_1014,1014,10x10,sense_4720607,listed,109,0.12
2026-09-02,storagesense,sense_1014,1014,10x10,sense_4720850,delisted,109,0.12
2026-09-02,storagesense,sense_1030,1030,10x20,sense_4642007,listed,119,0.12
2026-09-02,storagesense,sense_1030,1030,10x20,sense_4642815,delisted,,0.12
2026-09-02,storagesense,sense_1049,1049,5x10,sense_4682767,listed,65,0.12
2026-09-02,storagesense,sense_1049,1049,5x10,sense_4683762,delisted,49,0.12
2026-09-02,storagesense,sense_1119,1119,5x10,sense_4690666,listed,44,0.12
2026-09-02,storagesense,sense_1119,1119,5x10,sense_4690693,delisted,39,0.12
2026-09-02,storagesense,sense_1375,1375,10x25,sense_5012429,listed,,0.12
2026-09-02,storagesense,sense_1375,1375,10x25,sense_4647217,delisted,132,0.12
2026-09-02,storagesense,sense_163714,163714,5x10,sense_4660708,listed,112,0.12
2026-09-02,storagesense,sense_163714,163714,3x4,sense_4666365,listed,,0.12
2026-09-02,storagesense,sense_163714,163714,10x10,sense_4666107,listed,,0.12
2026-09-02,storagesense,sense_163714,163714,10x15,sense_4659965,listed,,0.12
2026-09-02,storagesense,sense_163714,163714,3x4,sense_4666322,delisted,24,0.12
2026-09-02,storagesense,sense_163714,163714,5x10,sense_4660488,delisted,89,0.12
2026-09-02,storagesense,sense_163714,163714,10x15,sense_4665212,delisted,199,0.12
2026-09-02,storagesense,sense_163714,163714,10x10,sense_4660675,delisted,,0.12
2026-09-03,storagesense,sense_163796,163796,6x10,sense_4715483,listed,45,0.91
2026-09-03,storagesense,sense_163796,163796,6x10,sense_4717932,delisted,45,0.91
2026-09-03,storagesense,sense_163797,163797,10x10,sense_4725218,listed,58,0.91
2026-09-03,storagesense,sense_163797,163797,10x10,sense_4725278,delisted,58,0.91
2026-09-03,storagesense,sense_163839,163839,5x5,sense_4841888,listed,45,0.91
2026-09-03,storagesense,sense_163839,163839,5x5,sense_4842148,delisted,45,0.91
2026-09-03,storagesense,sense_163879,163879,10x30,sense_4622829,listed,230,0.91
2026-09-03,storagesense,sense_163879,163879,10x35,sense_4621016,listed,152,0.91
2026-09-03,storagesense,sense_163879,163879,10x30,sense_4622553,delisted,165,0.91
2026-09-03,storagesense,sense_163879,163879,10x35,sense_4621780,delisted,152,0.91
2026-09-03,storagesense,sense_163882,163882,10x15,sense_4633748,listed,208,0.91
2026-09-03,storagesense,sense_163882,163882,10x15,sense_4633538,delisted,,0.91
2026-09-03,storagesense,sense_163883,163883,5x10,sense_4611572,listed,105,0.91
2026-09-03,storagesense,sense_163883,163883,8x9,sense_5267087,listed,115,0.91
2026-09-03,storagesense,sense_163883,163883,5x10,sense_4612568,delisted,105,0.91
2026-09-03,storagesense,sense_163883,163883,8x9,sense_5267013,delisted,129,0.91
2026-09-03,storagesense,sense_163884,163884,5x10,sense_4625620,listed,59,0.91
2026-09-03,storagesense,sense_163884,163884,10x25,sense_4627127,listed,184,0.91
2026-09-03,storagesense,sense_163884,163884,5x10,sense_4625678,delisted,59,0.91
2026-09-03,storagesense,sense_163884,163884,10x25,sense_4627048,delisted,184,0.91
2026-09-03,storagesense,sense_163885,163885,10x15,sense_4621346,listed,89,0.91
2026-09-03,storagesense,sense_163885,163885,10x15,sense_4621430,delisted,89,0.91
2026-09-03,storagesense,sense_163937,163937,5x10,sense_4871921,listed,135,0.91
2026-09-03,storagesense,sense_163937,163937,5x10,sense_4871841,delisted,86,0.91
2026-09-03,storagesense,sense_163987,163987,10x20,sense_4921043,listed,132,0.91
2026-09-03,storagesense,sense_163987,163987,10x20,sense_4920502,delisted,275,0.91
2026-09-03,storagesense,sense_163993,163993,10x10,sense_4924174,listed,60,0.91
2026-09-03,storagesense,sense_163993,163993,10x15,sense_4924133,listed,90,0.91
2026-09-03,storagesense,sense_163993,163993,10x20,sense_4924154,listed,,0.91
2026-09-03,storagesense,sense_163993,163993,10x10,sense_4924198,delisted,60,0.91
2026-09-03,storagesense,sense_163993,163993,10x15,sense_4924074,delisted,90,0.91
2026-09-03,storagesense,sense_163993,163993,10x20,sense_4924290,delisted,99,0.91
2026-09-03,storagesense,sense_164023,164023,10x10,sense_4961648,listed,82,0.91
2026-09-03,storagesense,sense_164023,164023,10x17,sense_4961590,listed,173,0.91
2026-09-03,storagesense,sense_164023,164023,10x15,sense_4961446,listed,,0.91
2026-09-03,storagesense,sense_164023,164023,10x15,sense_4961297,delisted,87,0.91
2026-09-03,storagesense,sense_164023,164023,10x17,sense_4961583,delisted,83,0.91
2026-09-03,storagesense,sense_164023,164023,10x10,sense_4961650,delisted,,0.91
2026-09-03,storagesense,sense_164050,164050,5x5,sense_4976362,listed,89,0.91
2026-09-03,storagesense,sense_164050,164050,13x15,sense_4976441,repriced_from_unpriced,172,0.91
2026-09-03,storagesense,sense_164050,164050,13x30,sense_4976428,listed,,0.91
2026-09-03,storagesense,sense_164050,164050,5x5,sense_4976356,delisted,89,0.91
2026-09-03,storagesense,sense_164050,164050,13x30,sense_4976426,delisted,279,0.91
2026-09-03,storagesense,sense_164052,164052,12x55,sense_4976828,listed,182,0.91
2026-09-03,storagesense,sense_164052,164052,12x55,sense_4976830,delisted,,0.91
2026-09-03,storagesense,sense_164053,164053,10x5,sense_4977059,listed,34,0.91
2026-09-03,storagesense,sense_164053,164053,10x5,sense_4977063,delisted,34,0.91
2026-09-03,storagesense,sense_164054,164054,10x15,sense_4977286,listed,66,0.91
2026-09-03,storagesense,sense_164054,164054,10x20,sense_4977296,listed,74,0.91
2026-09-03,storagesense,sense_164054,164054,10x15,sense_4977289,delisted,66,0.91
2026-09-03,storagesense,sense_164054,164054,10x20,sense_4977406,delisted,,0.91
2026-09-03,storagesense,sense_164057,164057,0x30,sense_4980189,listed,,0.91
2026-09-03,storagesense,sense_164057,164057,10x7,sense_4979695,unpriced,43,0.91
2026-09-03,storagesense,sense_164057,164057,10x15,sense_4979967,listed,,0.91
2026-09-03,storagesense,sense_164057,164057,0x30,sense_4980184,delisted,68,0.91
2026-09-03,storagesense,sense_164057,164057,10x15,sense_4979947,delisted,71,0.91
2026-09-03,storagesense,sense_164067,164067,5x10,sense_4983252,listed,99,0.91
2026-09-03,storagesense,sense_164067,164067,15x18,sense_4983284,listed,,0.91
2026-09-03,storagesense,sense_164067,164067,5x10,sense_4983521,delisted,99,0.91
2026-09-03,storagesense,sense_164067,164067,15x18,sense_4983243,delisted,284,0.91
2026-09-03,storagesense,sense_164069,164069,10x20,sense_4984490,listed,309,0.91
2026-09-03,storagesense,sense_164069,164069,10x10,sense_4984532,unpriced,193,0.91
2026-09-03,storagesense,sense_164069,164069,10x20,sense_4984491,delisted,344,0.91
2026-09-03,storagesense,sense_164070,164070,10x10,sense_4985780,listed,99,0.91
2026-09-03,storagesense,sense_164070,164070,10x10,sense_4985768,delisted,99,0.91
2026-09-03,storagesense,sense_164072,164072,5x10,sense_4987350,listed,26,0.91
2026-09-03,storagesense,sense_164072,164072,10x12,sense_4987085,listed,49,0.91
2026-09-03,storagesense,sense_164072,164072,5x10,sense_4987095,delisted,26,0.91
2026-09-03,storagesense,sense_164072,164072,10x12,sense_4986854,delisted,49,0.91
2026-09-03,storagesense,sense_164100,164100,10x5,sense_5007679,listed,89,0.91
2026-09-03,storagesense,sense_164100,164100,10x7,sense_5007943,listed,74,0.91
2026-09-03,storagesense,sense_164100,164100,10x5,sense_5007739,delisted,79,0.91
2026-09-03,storagesense,sense_164100,164100,10x7,sense_5007790,delisted,74,0.91
2026-09-03,storagesense,sense_164104,164104,10x15,sense_5012981,listed,109,0.91
2026-09-03,storagesense,sense_164104,164104,5x10,sense_5012874,delisted,72,0.91
2026-09-03,storagesense,sense_164104,164104,10x15,sense_5012982,delisted,109,0.91
2026-09-03,storagesense,sense_164111,164111,10x10,sense_5016674,listed,89,0.91
2026-09-03,storagesense,sense_164111,164111,12x40,sense_5016797,listed,99,0.91
2026-09-03,storagesense,sense_164111,164111,10x10,sense_5016477,delisted,89,0.91
2026-09-03,storagesense,sense_164111,164111,12x40,sense_5016812,delisted,,0.91
2026-09-03,storagesense,sense_164130,164130,10x5,sense_5026761,listed,,0.91
2026-09-03,storagesense,sense_164130,164130,10x5,sense_5026722,delisted,42,0.91
2026-09-03,storagesense,sense_164135,164135,5x10,sense_5036522,listed,79,0.91
2026-09-03,storagesense,sense_164135,164135,10x10,sense_5036472,listed,122,0.91
2026-09-03,storagesense,sense_164135,164135,5x10,sense_5036524,delisted,79,0.91
2026-09-03,storagesense,sense_164135,164135,10x10,sense_5036540,delisted,122,0.91
2026-09-03,storagesense,sense_164187,164187,10x5,sense_5089788,listed,19,0.91
2026-09-03,storagesense,sense_164187,164187,10x5,sense_5089789,delisted,14,0.91
2026-09-03,storagesense,sense_164196,164196,5x10,sense_5115885,listed,59,0.91
2026-09-03,storagesense,sense_164196,164196,5x10,sense_5116092,listed,69,0.91
2026-09-03,storagesense,sense_164196,164196,5x10,sense_5115633,delisted,59,0.91
2026-09-03,storagesense,sense_164196,164196,5x10,sense_5116329,delisted,69,0.91
2026-09-03,storagesense,sense_1680,1680,10x25,sense_4644064,listed,,0.91
2026-09-03,storagesense,sense_1680,1680,10x25,sense_4644552,delisted,129,0.91
2026-09-03,storagesense,sense_16966,16966,10x20,sense_4619858,listed,213,0.91
2026-09-03,storagesense,sense_16966,16966,10x20,sense_4620238,delisted,102,0.91
2026-09-03,storagesense,sense_16997,16997,10x5,sense_4628154,listed,46,0.91
2026-09-03,storagesense,sense_16997,16997,10x5,sense_4628645,delisted,46,0.91
2026-09-03,storagesense,sense_16998,16998,5x5,sense_5296312,listed,29,0.91
2026-09-03,storagesense,sense_16998,16998,10x20,sense_4910126,listed,207,0.91
2026-09-03,storagesense,sense_16998,16998,5x5,sense_4910583,delisted,33,0.91
2026-09-03,storagesense,sense_16998,16998,10x20,sense_4708893,delisted,99,0.91
2026-09-03,storagesense,sense_17053,17053,5x10,sense_4982611,listed,49,0.91
2026-09-03,storagesense,sense_17053,17053,10x10,sense_4695912,listed,79,0.91
2026-09-03,storagesense,sense_17053,17053,5x10,sense_4982613,delisted,49,0.91
2026-09-03,storagesense,sense_17053,17053,10x10,sense_4690910,delisted,89,0.91
2026-09-03,storagesense,sense_17057,17057,5x10,sense_4869958,listed,49,0.91
2026-09-03,storagesense,sense_17057,17057,5x10,sense_4928911,delisted,42,0.91
2026-09-03,storagesense,sense_17057,17057,5x10,sense_4631234,delisted,49,0.91
2026-09-03,storagesense,sense_17057,17057,10x15,sense_5350573,delisted,112,0.91
2026-09-03,storagesense,sense_17059,17059,10x10,sense_4697703,listed,73,0.91
2026-09-03,storagesense,sense_17059,17059,10x20,sense_4892153,listed,,0.91
2026-09-03,storagesense,sense_17059,17059,10x20,sense_4697165,delisted,130,0.91
2026-09-03,storagesense,sense_17059,17059,10x10,sense_4892157,delisted,,0.91
2026-09-03,storagesense,sense_17060,17060,10x10,sense_4679759,listed,137,0.91
2026-09-03,storagesense,sense_17060,17060,10x15,sense_4678128,listed,154,0.91
2026-09-03,storagesense,sense_17060,17060,10x10,sense_4677600,delisted,137,0.91
2026-09-03,storagesense,sense_17060,17060,10x15,sense_5065545,delisted,154,0.91
2026-09-03,storagesense,sense_17086,17086,10x5,sense_4705444,listed,79,0.91
2026-09-03,storagesense,sense_17086,17086,10x5,sense_4705769,delisted,,0.91
2026-09-03,storagesense,sense_17088,17088,10x20,sense_5030896,listed,139,0.91
2026-09-03,storagesense,sense_17088,17088,10x20,sense_4700924,delisted,124,0.91
2026-09-03,storagesense,sense_17123,17123,5x10,sense_4840600,listed,,0.91
2026-09-03,storagesense,sense_17123,17123,5x10,sense_4840585,delisted,64,0.91
2026-09-03,storagesense,sense_17124,17124,10x18,sense_4717828,listed,132,0.91
2026-09-03,storagesense,sense_17124,17124,5x5,sense_4719044,listed,,0.91
2026-09-03,storagesense,sense_17124,17124,5x5,sense_4719028,delisted,60,0.91
2026-09-03,storagesense,sense_17124,17124,10x18,sense_4717614,delisted,132,0.91
2026-09-03,storagesense,sense_17162,17162,5x10,sense_4611019,listed,14,0.91
2026-09-03,storagesense,sense_17162,17162,10x10,sense_4957941,listed,49,0.91
2026-09-03,storagesense,sense_17162,17162,20x15,sense_4611135,repriced_from_unpriced,106,0.91
2026-09-03,storagesense,sense_17162,17162,5x10,sense_4610979,delisted,14,0.91
2026-09-03,storagesense,sense_17162,17162,10x10,sense_4612849,delisted,49,0.91
2026-09-03,storagesense,sense_17172,17172,10x20,sense_4658417,unpriced,99,0.91
2026-09-03,storagesense,sense_17206,17206,10x15,sense_4641546,listed,149,0.91
2026-09-03,storagesense,sense_17206,17206,10x15,sense_5040367,delisted,149,0.91
2026-09-03,storagesense,sense_17207,17207,10x20,sense_4610404,listed,189,0.91
2026-09-03,storagesense,sense_17207,17207,10x20,sense_4610388,delisted,189,0.91
2026-09-03,storagesense,sense_17208,17208,10x20,sense_4625875,listed,226,0.91
2026-09-03,storagesense,sense_17208,17208,10x20,sense_4625649,delisted,226,0.91
2026-09-03,storagesense,sense_17209,17209,10x10,sense_4621566,listed,,0.91
2026-09-03,storagesense,sense_17209,17209,10x10,sense_4620540,delisted,32,0.91
2026-09-03,storagesense,sense_17238,17238,10x20,sense_4694741,listed,224,0.91
2026-09-03,storagesense,sense_17238,17238,10x20,sense_4694496,delisted,224,0.91
2026-09-03,storagesense,sense_17256,17256,8x16,sense_5352731,listed,206,0.91
2026-09-03,storagesense,sense_17280,17280,12x40,sense_4917481,listed,179,0.91
2026-09-03,storagesense,sense_17280,17280,12x40,sense_4917493,delisted,159,0.91
2026-09-03,storagesense,sense_17284,17284,10x15,sense_4651409,listed,107,0.91
2026-09-03,storagesense,sense_17284,17284,10x15,sense_4647713,delisted,107,0.91
2026-09-03,storagesense,sense_17359,17359,5x5,sense_4711271,listed,,0.91
2026-09-03,storagesense,sense_17359,17359,5x5,sense_4711207,delisted,,0.91
2026-09-03,storagesense,sense_17392,17392,10x10,sense_4791455,listed,185,0.91
2026-09-03,storagesense,sense_17392,17392,10x10,sense_4791458,delisted,165,0.91
2026-09-03,storagesense,sense_17404,17404,10x10,sense_4840701,listed,120,0.91
2026-09-03,storagesense,sense_17404,17404,10x10,sense_4840703,delisted,,0.91
2026-09-03,storagesense,sense_17409,17409,5x5,sense_4644858,listed,76,0.91
2026-09-03,storagesense,sense_17409,17409,10x10,sense_4645612,listed,129,0.91
2026-09-03,storagesense,sense_17409,17409,5x5,sense_4644834,delisted,76,0.91
2026-09-03,storagesense,sense_17409,17409,10x10,sense_4643269,delisted,129,0.91
2026-09-03,storagesense,sense_1852,1852,10x15,sense_4709288,listed,144,0.91
2026-09-03,storagesense,sense_1852,1852,10x20,sense_4710397,listed,,0.91
2026-09-03,storagesense,sense_1852,1852,10x15,sense_4708576,delisted,144,0.91
2026-09-03,storagesense,sense_1852,1852,10x20,sense_4710378,delisted,189,0.91
2026-09-03,storagesense,sense_1892,1892,5x5,sense_4685251,listed,108,0.91
2026-09-03,storagesense,sense_1892,1892,5x5,sense_4685262,delisted,86,0.91
2026-09-03,storagesense,sense_1915,1915,5x15,sense_4645559,listed,51,0.91
2026-09-03,storagesense,sense_1915,1915,10x10,sense_5159711,listed,50,0.91
2026-09-03,storagesense,sense_1915,1915,5x15,sense_4646815,delisted,45,0.91
2026-09-03,storagesense,sense_1915,1915,10x10,sense_4649022,delisted,50,0.91
2026-09-03,storagesense,sense_1976,1976,10x10,sense_4715324,listed,120,0.91
2026-09-03,storagesense,sense_1976,1976,10x15,sense_5350988,listed,144,0.91
2026-09-03,storagesense,sense_1976,1976,10x10,sense_4716823,delisted,120,0.91
2026-09-03,storagesense,sense_1976,1976,10x15,sense_4853375,delisted,180,0.91
2026-09-03,storagesense,sense_1983,1983,10x15,sense_4712191,listed,,0.91
2026-09-03,storagesense,sense_1983,1983,10x15,sense_4712724,delisted,116,0.91
2026-09-03,storagesense,sense_2100,2100,5x10,sense_4676699,listed,27,0.91
2026-09-03,storagesense,sense_2100,2100,10x25,sense_5353108,listed,,0.91
2026-09-03,storagesense,sense_2100,2100,5x10,sense_4676345,delisted,,0.91
2026-09-03,storagesense,sense_2114,2114,5x10,sense_5345337,unpriced,89,0.91
2026-09-03,storagesense,sense_2115,2115,10x20,sense_4688739,listed,149,0.91
2026-09-03,storagesense,sense_2115,2115,10x20,sense_4688124,delisted,,0.91
2026-09-03,storagesense,sense_2119,2119,5x10,sense_4681213,listed,88,0.91
2026-09-03,storagesense,sense_2119,2119,10x15,sense_4678600,listed,217,0.91
2026-09-03,storagesense,sense_2119,2119,10x5,sense_4681170,listed,,0.91
2026-09-03,storagesense,sense_2119,2119,5x10,sense_4680117,delisted,78,0.91
2026-09-03,storagesense,sense_2119,2119,10x5,sense_4678691,delisted,54,0.91
2026-09-03,storagesense,sense_2119,2119,10x15,sense_4678468,delisted,104,0.91
2026-09-03,storagesense,sense_2130,2130,10x15,sense_4691624,listed,100,0.91
2026-09-03,storagesense,sense_2130,2130,10x15,sense_4695818,delisted,113,0.91
2026-09-03,storagesense,sense_2137,2137,10x10,sense_4674349,listed,79,0.91
2026-09-03,storagesense,sense_2137,2137,10x30,sense_4672392,listed,184,0.91
2026-09-03,storagesense,sense_2137,2137,10x15,sense_4677614,listed,,0.91
2026-09-03,storagesense,sense_2137,2137,10x20,sense_4674551,listed,,0.91
2026-09-03,storagesense,sense_2137,2137,10x40,sense_4673277,listed,,0.91
2026-09-03,storagesense,sense_2137,2137,10x15,sense_4675072,delisted,108,0.91
2026-09-03,storagesense,sense_2137,2137,10x20,sense_4674187,delisted,144,0.91
2026-09-03,storagesense,sense_2137,2137,10x30,sense_4679110,delisted,184,0.91
2026-09-03,storagesense,sense_2137,2137,10x40,sense_4673662,delisted,239,0.91
2026-09-03,storagesense,sense_2137,2137,10x10,sense_4679668,delisted,,0.91
2026-09-03,storagesense,sense_2138,2138,10x20,sense_4685270,listed,142,0.91
2026-09-03,storagesense,sense_2138,2138,12x40,sense_4687037,listed,64,0.91
2026-09-03,storagesense,sense_2138,2138,10x20,sense_4681251,delisted,142,0.91
2026-09-03,storagesense,sense_2138,2138,12x40,sense_4686846,delisted,,0.91
2026-09-03,storagesense,sense_2140,2140,10x25,sense_4632020,delisted,,0.91
2026-09-03,storagesense,sense_2142,2142,10x15,sense_4690076,unpriced,149,0.91
2026-09-03,storagesense,sense_2143,2143,10x15,sense_4677095,listed,274,0.91
2026-09-03,storagesense,sense_2143,2143,10x30,sense_4679851,listed,359,0.91
2026-09-03,storagesense,sense_2143,2143,10x15,sense_4680193,delisted,219,0.91
2026-09-03,storagesense,sense_2143,2143,10x30,sense_4679935,delisted,,0.91
2026-09-03,storagesense,sense_2144,2144,5x10,sense_4682455,listed,53,0.91
2026-09-03,storagesense,sense_2144,2144,10x15,sense_4684776,listed,,0.91
2026-09-03,storagesense,sense_2144,2144,10x15,sense_4682849,delisted,129,0.91
2026-09-03,storagesense,sense_2144,2144,5x10,sense_4679679,delisted,,0.91
2026-09-03,storagesense,sense_2151,2151,10x10,sense_4700955,listed,149,0.91
2026-09-03,storagesense,sense_2151,2151,10x10,sense_4697325,delisted,149,0.91
2026-09-03,storagesense,sense_2152,2152,10x10,sense_4699424,listed,187,0.91
2026-09-03,storagesense,sense_2152,2152,10x15,sense_4694560,listed,220,0.91
2026-09-03,storagesense,sense_2152,2152,10x10,sense_4701239,delisted,149,0.91
2026-09-03,storagesense,sense_2152,2152,10x15,sense_4694462,delisted,176,0.91
2026-09-03,storagesense,sense_2165,2165,5x5,sense_5068259,unpriced,58,0.91
2026-09-03,storagesense,sense_2166,2166,5x5,sense_4715912,listed,30,0.91
2026-09-03,storagesense,sense_2166,2166,10x20,sense_4716142,listed,120,0.91
2026-09-03,storagesense,sense_2166,2166,5x5,sense_4715379,delisted,30,0.91
2026-09-03,storagesense,sense_2166,2166,10x20,sense_4714423,delisted,120,0.91
2026-09-03,storagesense,sense_2230,2230,5x10,sense_4689396,listed,81,0.91
2026-09-03,storagesense,sense_2230,2230,10x10,sense_4689089,listed,101,0.91
2026-09-03,storagesense,sense_2230,2230,10x10,sense_4689072,delisted,101,0.91
2026-09-03,storagesense,sense_2230,2230,5x10,sense_4690943,delisted,,0.91
2026-09-03,storagesense,sense_2238,2238,10x15,sense_5007039,listed,,0.91
2026-09-03,storagesense,sense_2238,2238,10x15,sense_5007032,delisted,69,0.91
2026-09-03,storagesense,sense_2281,2281,5x10,sense_5033444,listed,45,0.91
2026-09-03,storagesense,sense_2281,2281,10x20,sense_4934155,listed,124,0.91
2026-09-03,storagesense,sense_2281,2281,5x10,sense_4841721,delisted,45,0.91
2026-09-03,storagesense,sense_2281,2281,10x10,sense_5350437,delisted,99,0.91
2026-09-03,storagesense,sense_2281,2281,10x20,sense_4841563,delisted,124,0.91
2026-09-03,storagesense,sense_2290,2290,5x10,sense_4726829,listed,74,0.91
2026-09-03,storagesense,sense_2290,2290,5x10,sense_4726834,delisted,74,0.91
2026-09-03,storagesense,sense_2306,2306,10x15,sense_4686587,listed,,0.91
2026-09-03,storagesense,sense_2306,2306,20x10,sense_4680413,listed,,0.91
2026-09-03,storagesense,sense_2306,2306,10x20,sense_4685822,listed,,0.91
2026-09-03,storagesense,sense_2306,2306,10x15,sense_4681089,delisted,228,0.91
2026-09-03,storagesense,sense_2306,2306,20x10,sense_4680333,delisted,99,0.91
2026-09-03,storagesense,sense_2306,2306,10x20,sense_4680637,delisted,99,0.91
2026-09-03,storagesense,sense_2307,2307,10x15,sense_5329119,listed,172,0.91
2026-09-03,storagesense,sense_2307,2307,10x15,sense_4650291,delisted,153,0.91
2026-09-03,storagesense,sense_2315,2315,10x15,sense_4612084,listed,145,0.91
2026-09-03,storagesense,sense_2315,2315,10x20,sense_4611780,listed,159,0.91
2026-09-03,storagesense,sense_2315,2315,10x15,sense_4613786,delisted,129,0.91
2026-09-03,storagesense,sense_2315,2315,10x20,sense_4614199,delisted,199,0.91
2026-09-03,storagesense,sense_2326,2326,10x20,sense_4621055,listed,,0.91
2026-09-03,storagesense,sense_2326,2326,10x20,sense_4617005,delisted,116,0.91
2026-09-03,storagesense,sense_2336,2336,5x5,sense_4686642,listed,48,0.91
2026-09-03,storagesense,sense_2336,2336,5x5,sense_4686590,delisted,48,0.91
2026-09-03,storagesense,sense_2339,2339,10x10,sense_4617838,listed,157,0.91
2026-09-03,storagesense,sense_2339,2339,10x10,sense_4617565,delisted,125,0.91
2026-09-03,storagesense,sense_2340,2340,5x10,sense_4704766,listed,39,0.91
2026-09-03,storagesense,sense_2340,2340,5x10,sense_5353110,listed,44,0.91
2026-09-03,storagesense,sense_2340,2340,10x10,sense_5353109,listed,72,0.91
2026-09-03,storagesense,sense_2340,2340,10x20,sense_4701771,listed,127,0.91
2026-09-03,storagesense,sense_2340,2340,20x20,sense_5353111,listed,174,0.91
2026-09-03,storagesense,sense_2340,2340,5x10,sense_4704756,delisted,39,0.91
2026-09-03,storagesense,sense_2340,2340,10x20,sense_4705580,delisted,127,0.91
2026-09-03,storagesense,sense_2341,2341,5x15,sense_4623152,listed,119,0.91
2026-09-03,storagesense,sense_2341,2341,10x15,sense_4618497,listed,189,0.91
2026-09-03,storagesense,sense_2341,2341,5x15,sense_4618002,delisted,119,0.91
2026-09-03,storagesense,sense_2341,2341,10x15,sense_4618459,delisted,189,0.91
2026-09-03,storagesense,sense_2346,2346,10x15,sense_4679831,listed,212,0.91
2026-09-03,storagesense,sense_2346,2346,10x15,sense_4680604,delisted,189,0.91
2026-09-03,storagesense,sense_2354,2354,5x10,sense_4611359,listed,50,0.91
2026-09-03,storagesense,sense_2354,2354,10x10,sense_4611608,listed,69,0.91
2026-09-03,storagesense,sense_2354,2354,10x15,sense_4611834,listed,79,0.91
2026-09-03,storagesense,sense_2354,2354,5x10,sense_4612414,delisted,44,0.91
2026-09-03,storagesense,sense_2354,2354,10x15,sense_4612119,delisted,79,0.91
2026-09-03,storagesense,sense_2354,2354,10x10,sense_4611521,delisted,,0.91
2026-09-03,storagesense,sense_2359,2359,10x10,sense_4616532,listed,90,0.91
2026-09-03,storagesense,sense_2359,2359,10x10,sense_4617400,listed,90,0.91
2026-09-03,storagesense,sense_2359,2359,10x10,sense_4616548,delisted,90,0.91
2026-09-03,storagesense,sense_2359,2359,10x10,sense_4617952,delisted,90,0.91
2026-09-03,storagesense,sense_2364,2364,5x5,sense_4627166,listed,27,0.91
2026-09-03,storagesense,sense_2364,2364,10x15,sense_4626074,listed,99,0.91
2026-09-03,storagesense,sense_2364,2364,7x8,sense_4629576,unpriced,66,0.91
2026-09-03,storagesense,sense_2364,2364,5x5,sense_4626634,delisted,57,0.91
2026-09-03,storagesense,sense_2364,2364,10x15,sense_4628735,delisted,,0.91
2026-09-03,storagesense,sense_2371,2371,10x20,sense_4614535,listed,164,0.91
2026-09-03,storagesense,sense_2371,2371,10x20,sense_4614620,delisted,184,0.91
2026-09-03,storagesense,sense_2384,2384,10x10,sense_4636397,listed,86,0.91
2026-09-03,storagesense,sense_2384,2384,10x10,sense_4638578,delisted,180,0.91
2026-09-03,storagesense,sense_2385,2385,10x15,sense_4629745,listed,89,0.91
2026-09-03,storagesense,sense_2385,2385,10x15,sense_4629704,delisted,100,0.91
2026-09-03,storagesense,sense_2386,2386,5x5,sense_4618099,listed,54,0.91
2026-09-03,storagesense,sense_2386,2386,5x10,sense_4618375,listed,72,0.91
2026-09-03,storagesense,sense_2386,2386,5x15,sense_4620319,listed,99,0.91
2026-09-03,storagesense,sense_2386,2386,10x30,sense_4873727,repriced_from_unpriced,199,0.91
2026-09-03,storagesense,sense_2386,2386,10x20,sense_4616399,listed,,0.91
2026-09-03,storagesense,sense_2386,2386,5x5,sense_4618049,delisted,54,0.91
2026-09-03,storagesense,sense_2386,2386,5x10,sense_4619572,delisted,72,0.91
2026-09-03,storagesense,sense_2386,2386,10x20,sense_4616523,delisted,169,0.91
2026-09-03,storagesense,sense_2386,2386,5x15,sense_4620543,delisted,,0.91
2026-09-03,storagesense,sense_2389,2389,5x5,sense_4622573,unpriced,34,0.91
2026-09-03,storagesense,sense_2390,2390,10x30,sense_4635273,listed,105,0.91
2026-09-03,storagesense,sense_2390,2390,10x30,sense_4635241,delisted,84,0.91
2026-09-03,storagesense,sense_2392,2392,10x25,sense_5004615,unpriced,129,0.91
2026-09-03,storagesense,sense_2394,2394,10x10,sense_4614468,listed,210,0.91
2026-09-03,storagesense,sense_2394,2394,10x10,sense_4613352,delisted,134,0.91
2026-09-03,storagesense,sense_2396,2396,10x20,sense_4617409,listed,148,0.91
2026-09-03,storagesense,sense_2396,2396,10x20,sense_4617337,delisted,166,0.91
2026-09-03,storagesense,sense_2397,2397,10x50,sense_4625135,listed,74,0.91
2026-09-03,storagesense,sense_2397,2397,10x50,sense_4625635,delisted,74,0.91
2026-09-03,storagesense,sense_2398,2398,10x15,sense_4626173,listed,,0.91
2026-09-03,storagesense,sense_2398,2398,10x15,sense_4627938,delisted,84,0.91
2026-09-03,storagesense,sense_2402,2402,10x10,sense_4632458,listed,110,0.91
2026-09-03,storagesense,sense_2402,2402,10x15,sense_4632595,listed,92,0.91
2026-09-03,storagesense,sense_2402,2402,10x20,sense_4632477,listed,128,0.91
2026-09-03,storagesense,sense_2402,2402,10x10,sense_4631777,delisted,110,0.91
2026-09-03,storagesense,sense_2402,2402,10x15,sense_4633250,delisted,92,0.91
2026-09-03,storagesense,sense_2402,2402,10x20,sense_4632805,delisted,128,0.91
2026-09-03,storagesense,sense_2403,2403,5x8,sense_4653833,listed,57,0.91
2026-09-03,storagesense,sense_2403,2403,5x8,sense_4653826,delisted,57,0.91
2026-09-03,storagesense,sense_2417,2417,8x15,sense_4656303,listed,56,0.91
2026-09-03,storagesense,sense_2417,2417,8x15,sense_4653806,delisted,,0.91
2026-09-03,storagesense,sense_2420,2420,8x20,sense_4651613,listed,165,0.91
2026-09-03,storagesense,sense_2420,2420,8x20,sense_4649898,delisted,132,0.91
2026-09-03,storagesense,sense_2457,2457,5x5,sense_4710305,repriced_from_unpriced,34,0.91
2026-09-03,storagesense,sense_2457,2457,10x15,sense_4709814,listed,135,0.91
2026-09-03,storagesense,sense_2457,2457,10x20,sense_4709764,listed,209,0.91
2026-09-03,storagesense,sense_2457,2457,11x20,sense_4711927,listed,89,0.91
2026-09-03,storagesense,sense_2457,2457,12x40,sense_4711765,listed,234,0.91
2026-09-03,storagesense,sense_2457,2457,10x20,sense_4708095,listed,,0.91
2026-09-03,storagesense,sense_2457,2457,10x15,sense_4712337,delisted,135,0.91
2026-09-03,storagesense,sense_2457,2457,10x20,sense_4708115,delisted,179,0.91
2026-09-03,storagesense,sense_2457,2457,11x20,sense_4711367,delisted,89,0.91
2026-09-03,storagesense,sense_2457,2457,12x40,sense_4711825,delisted,366,0.91
2026-09-03,storagesense,sense_2457,2457,10x20,sense_4710109,delisted,,0.91
2026-09-03,storagesense,sense_2507,2507,10x10,sense_5102186,listed,129,0.91
2026-09-03,storagesense,sense_2507,2507,20x15,sense_4873571,repriced_from_unpriced,169,0.91
2026-09-03,storagesense,sense_2507,2507,10x10,sense_5102189,delisted,129,0.91
2026-09-03,storagesense,sense_2513,2513,8x10,sense_4720775,listed,94,0.91
2026-09-03,storagesense,sense_2513,2513,8x10,sense_4720120,delisted,,0.91
2026-09-03,storagesense,sense_2556,2556,10x10,sense_4721706,listed,59,0.91
2026-09-03,storagesense,sense_2556,2556,10x10,sense_4721402,delisted,,0.91
2026-09-03,storagesense,sense_2597,2597,5x7,sense_4662418,listed,39,0.91
2026-09-03,storagesense,sense_2597,2597,10x20,sense_4669549,listed,144,0.91
2026-09-03,storagesense,sense_2597,2597,10x20,sense_4669056,delisted,69,0.91
2026-09-03,storagesense,sense_2597,2597,5x7,sense_4662527,delisted,,0.91
2026-09-03,storagesense,sense_2598,2598,12x40,sense_4637938,listed,220,0.91
2026-09-03,storagesense,sense_2598,2598,12x40,sense_4638169,delisted,220,0.91
2026-09-03,storagesense,sense_2600,2600,10x10,sense_4611973,listed,79,0.91
2026-09-03,storagesense,sense_2600,2600,10x10,sense_4611888,delisted,79,0.91
2026-09-03,storagesense,sense_2606,2606,10x15,sense_4686679,listed,144,0.91
2026-09-03,storagesense,sense_2606,2606,12x40,sense_4870589,repriced_from_unpriced,499,0.91
2026-09-03,storagesense,sense_2606,2606,10x15,sense_4686561,delisted,144,0.91
2026-09-03,storagesense,sense_2606,2606,10x20,sense_5349969,delisted,174,0.91
2026-09-03,storagesense,sense_2606,2606,10x30,sense_4690687,delisted,,0.91
2026-09-03,storagesense,sense_2616,2616,8x10,sense_4663770,listed,99,0.91
2026-09-03,storagesense,sense_2616,2616,8x10,sense_4669310,listed,129,0.91
2026-09-03,storagesense,sense_2616,2616,10x10,sense_4662859,listed,129,0.91
2026-09-03,storagesense,sense_2616,2616,10x15,sense_4674954,listed,199,0.91
2026-09-03,storagesense,sense_2616,2616,8x10,sense_4672218,delisted,129,0.91
2026-09-03,storagesense,sense_2616,2616,10x10,sense_4665575,delisted,129,0.91
2026-09-03,storagesense,sense_2616,2616,10x15,sense_4674497,delisted,199,0.91
2026-09-03,storagesense,sense_2616,2616,8x10,sense_4663800,delisted,,0.91
2026-09-03,storagesense,sense_2649,2649,10x10,sense_5350716,delisted,65,0.91
2026-09-03,storagesense,sense_2649,2649,10x30,sense_5350717,delisted,215,0.91
2026-09-03,storagesense,sense_2650,2650,10x10,sense_4682264,listed,29,0.91
2026-09-03,storagesense,sense_2650,2650,10x10,sense_4681206,delisted,,0.91
2026-09-03,storagesense,sense_2668,2668,10x10,sense_4672321,listed,123,0.91
2026-09-03,storagesense,sense_2668,2668,10x20,sense_4675708,listed,137,0.91
2026-09-03,storagesense,sense_2668,2668,10x10,sense_4672985,delisted,109,0.91
2026-09-03,storagesense,sense_2668,2668,10x20,sense_4675418,delisted,137,0.91
2026-09-03,storagesense,sense_2669,2669,5x10,sense_4640622,listed,,0.91
2026-09-03,storagesense,sense_2669,2669,5x10,sense_4641306,delisted,118,0.91
2026-09-03,storagesense,sense_2678,2678,7x12,sense_4653431,listed,83,0.91
2026-09-03,storagesense,sense_2678,2678,7x12,sense_4656559,delisted,74,0.91
2026-09-03,storagesense,sense_2680,2680,10x20,sense_4658663,listed,192,0.91
2026-09-03,storagesense,sense_2680,2680,5x5,sense_4658370,listed,43,0.91
2026-09-03,storagesense,sense_2680,2680,10x25,sense_4657123,listed,229,0.91
2026-09-03,storagesense,sense_2680,2680,10x20,sense_4659676,listed,,0.91
2026-09-03,storagesense,sense_2680,2680,10x20,sense_4657196,delisted,192,0.91
2026-09-03,storagesense,sense_2680,2680,5x5,sense_4657502,delisted,49,0.91
2026-09-03,storagesense,sense_2680,2680,10x20,sense_4659738,delisted,253,0.91
2026-09-03,storagesense,sense_2680,2680,10x25,sense_4658122,delisted,229,0.91
2026-09-03,storagesense,sense_2690,2690,10x10,sense_4668841,listed,70,0.91
2026-09-03,storagesense,sense_2690,2690,5x10,sense_4665861,unpriced,40,0.91
2026-09-03,storagesense,sense_2690,2690,10x20,sense_4670876,listed,,0.91
2026-09-03,storagesense,sense_2690,2690,10x10,sense_4669433,delisted,70,0.91
2026-09-03,storagesense,sense_2690,2690,10x20,sense_4671042,delisted,121,0.91
2026-09-03,storagesense,sense_2698,2698,5x10,sense_4697005,listed,64,0.91
2026-09-03,storagesense,sense_2698,2698,10x15,sense_4702667,listed,174,0.91
2026-09-03,storagesense,sense_2698,2698,5x10,sense_5106845,delisted,64,0.91
2026-09-03,storagesense,sense_2698,2698,10x10,sense_4699947,delisted,155,0.91
2026-09-03,storagesense,sense_2698,2698,10x15,sense_4701561,delisted,174,0.91
2026-09-03,storagesense,sense_2751,2751,10x10,sense_4692750,listed,148,0.91
2026-09-03,storagesense,sense_2751,2751,10x10,sense_4692579,delisted,148,0.91
2026-09-03,storagesense,sense_2782,2782,10x10,sense_4791116,listed,169,0.91
2026-09-03,storagesense,sense_2782,2782,10x10,sense_4791122,delisted,169,0.91
2026-09-03,storagesense,sense_2789,2789,10x20,sense_4837471,listed,114,0.91
2026-09-03,storagesense,sense_2789,2789,10x20,sense_4837319,delisted,114,0.91
2026-09-03,storagesense,sense_2793,2793,5x15,sense_5352464,listed,91,0.91
2026-09-03,storagesense,sense_2793,2793,10x10,sense_4714319,listed,101,0.91
2026-09-03,storagesense,sense_2793,2793,10x15,sense_4713494,listed,112,0.91
2026-09-03,storagesense,sense_2793,2793,10x10,sense_4713965,delisted,101,0.91
2026-09-03,storagesense,sense_2793,2793,10x15,sense_4713281,delisted,112,0.91
2026-09-03,storagesense,sense_2797,2797,10x15,sense_4934543,listed,,0.91
2026-09-03,storagesense,sense_2797,2797,10x15,sense_4707675,delisted,94,0.91
2026-09-03,storagesense,sense_2803,2803,10x20,sense_4838244,listed,84,0.91
2026-09-03,storagesense,sense_2803,2803,10x20,sense_4838242,delisted,84,0.91
2026-09-03,storagesense,sense_2805,2805,5x10,sense_4839727,listed,60,0.91
2026-09-03,storagesense,sense_2805,2805,10x20,sense_4839671,listed,189,0.91
2026-09-03,storagesense,sense_2805,2805,5x10,sense_4839751,delisted,60,0.91
2026-09-03,storagesense,sense_2805,2805,10x20,sense_4839677,delisted,113,0.91
2026-09-03,storagesense,sense_2816,2816,5x10,sense_4614492,listed,46,0.91
2026-09-03,storagesense,sense_2816,2816,5x10,sense_4614253,delisted,,0.91
2026-09-03,storagesense,sense_2817,2817,5x10,sense_4656748,listed,39,0.91
2026-09-03,storagesense,sense_2817,2817,5x10,sense_4656034,delisted,39,0.91
2026-09-03,storagesense,sense_2819,2819,10x20,sense_4610447,listed,,0.91
2026-09-03,storagesense,sense_2819,2819,10x20,sense_4610415,delisted,99,0.91
2026-09-03,storagesense,sense_2820,2820,10x20,sense_4613971,listed,135,0.91
2026-09-03,storagesense,sense_2820,2820,10x20,sense_4615744,delisted,135,0.91
2026-09-03,storagesense,sense_820,820,10x10,sense_4690834,listed,74,0.91
2026-09-03,storagesense,sense_820,820,10x10,sense_4691163,delisted,74,0.91
2026-09-03,storagesense,sense_825,825,5x10,sense_4619117,listed,59,0.91
2026-09-03,storagesense,sense_825,825,10x10,sense_4622819,listed,75,0.91
2026-09-03,storagesense,sense_825,825,10x15,sense_4622839,listed,,0.91
2026-09-03,storagesense,sense_825,825,5x10,sense_4622685,delisted,59,0.91
2026-09-03,storagesense,sense_825,825,10x10,sense_4617234,delisted,75,0.91
2026-09-03,storagesense,sense_825,825,10x15,sense_4619380,delisted,112,0.91
2026-09-03,storagesense,sense_831,831,10x10,sense_4638105,listed,79,0.91
2026-09-03,storagesense,sense_831,831,10x10,sense_4637893,delisted,79,0.91
2026-09-03,storagesense,sense_838,838,10x10,sense_4643368,listed,109,0.91
2026-09-03,storagesense,sense_838,838,10x15,sense_4640847,listed,183,0.91
2026-09-03,storagesense,sense_838,838,10x10,sense_4645621,delisted,109,0.91
2026-09-03,storagesense,sense_838,838,10x15,sense_4644225,delisted,146,0.91
2026-09-03,storagesense,sense_845,845,5x10,sense_5350776,delisted,,0.91
2026-09-03,storagesense,sense_848,848,10x30,sense_4706746,repriced_from_unpriced,159,0.91
2026-09-03,storagesense,sense_848,848,10x30,sense_4702716,listed,503,0.91
2026-09-03,storagesense,sense_848,848,10x30,sense_4702055,delisted,241,0.91
2026-09-03,storagesense,sense_851,851,10x10,sense_4650376,listed,109,0.91
2026-09-03,storagesense,sense_851,851,10x10,sense_4650031,delisted,109,0.91
2026-09-03,storagesense,sense_852,852,10x10,sense_4670646,listed,92,0.91
2026-09-03,storagesense,sense_852,852,10x10,sense_5002931,repriced_from_unpriced,104,0.91
2026-09-03,storagesense,sense_852,852,10x10,sense_4873553,listed,124,0.91
2026-09-03,storagesense,sense_852,852,10x10,sense_5002932,delisted,92,0.91
2026-09-03,storagesense,sense_852,852,10x10,sense_5315825,delisted,230,0.91
2026-09-03,storagesense,sense_856,856,10x20,sense_4680695,listed,60,0.91
2026-09-03,storagesense,sense_856,856,10x10,sense_4680447,listed,,0.91
2026-09-03,storagesense,sense_856,856,10x10,sense_4677897,delisted,88,0.91
2026-09-03,storagesense,sense_856,856,10x20,sense_4681133,delisted,125,0.91
2026-09-03,storagesense,sense_859,859,10x15,sense_4643827,listed,186,0.91
2026-09-03,storagesense,sense_859,859,10x15,sense_4643129,delisted,186,0.91
2026-09-03,storagesense,sense_860,860,5x10,sense_4629238,listed,50,0.91
2026-09-03,storagesense,sense_860,860,10x20,sense_4624836,listed,180,0.91
2026-09-03,storagesense,sense_860,860,5x10,sense_4629227,delisted,50,0.91
2026-09-03,storagesense,sense_860,860,10x20,sense_5216716,delisted,225,0.91
2026-09-03,storagesense,sense_862,862,10x20,sense_4650194,unpriced,100,0.91
2026-09-03,storagesense,sense_864,864,10x35,sense_4684117,listed,224,0.91
2026-09-03,storagesense,sense_864,864,10x10,sense_4680593,listed,,0.91
2026-09-03,storagesense,sense_864,864,10x35,sense_4684216,delisted,179,0.91
2026-09-03,storagesense,sense_864,864,10x10,sense_4680570,delisted,,0.91
2026-09-03,storagesense,sense_867,867,10x50,sense_4655946,listed,76,0.91
2026-09-03,storagesense,sense_867,867,5x5,sense_4656635,listed,,0.91
2026-09-03,storagesense,sense_867,867,5x5,sense_4656729,unpriced,22,0.91
2026-09-03,storagesense,sense_867,867,5x5,sense_4658551,delisted,22,0.91
2026-09-03,storagesense,sense_867,867,10x50,sense_4655956,delisted,76,0.91
2026-09-03,storagesense,sense_872,872,7x10,sense_4645172,listed,56,0.91
2026-09-03,storagesense,sense_872,872,10x20,sense_4645965,listed,152,0.91
2026-09-03,storagesense,sense_872,872,7x10,sense_4644780,delisted,56,0.91
2026-09-03,storagesense,sense_872,872,10x20,sense_4641533,delisted,,0.91
2026-09-03,storagesense,sense_912,912,12x45,sense_4704040,listed,154,0.91
2026-09-03,storagesense,sense_912,912,12x45,sense_4703995,delisted,,0.91
2026-09-03,storagesense,sense_913,913,5x5,sense_4715732,listed,16,0.91
2026-09-03,storagesense,sense_913,913,10x15,sense_4716828,listed,69,0.91
2026-09-03,storagesense,sense_913,913,5x5,sense_4715752,delisted,16,0.91
2026-09-03,storagesense,sense_913,913,10x15,sense_4716753,delisted,69,0.91
2026-09-03,storagesense,sense_914,914,12x40,sense_4648336,listed,139,0.91
2026-09-03,storagesense,sense_914,914,12x40,sense_4648113,delisted,139,0.91
2026-09-03,storagesense,sense_978,978,8x8,sense_4709613,listed,34,0.91
2026-09-03,storagesense,sense_978,978,8x10,sense_4709583,listed,,0.91
2026-09-03,storagesense,sense_978,978,8x8,sense_4709651,delisted,34,0.91
2026-09-03,storagesense,sense_978,978,8x10,sense_4709559,delisted,40,0.91
2026-09-03,storagesense,sense_992,992,10x15,sense_4722210,listed,189,0.91
2026-09-03,storagesense,sense_992,992,10x5,sense_5106626,listed,,0.91
2026-09-03,storagesense,sense_992,992,10x5,sense_4723761,delisted,65,0.91
2026-09-03,storagesense,sense_992,992,10x15,sense_5058399,delisted,189,0.91
2026-09-03,storagesense,sense_1014,1014,10x10,sense_4719097,listed,,0.91
2026-09-03,storagesense,sense_1014,1014,10x10,sense_4719144,delisted,159,0.91
2026-09-03,storagesense,sense_1029,1029,10x10,sense_4655454,listed,79,0.91
2026-09-03,storagesense,sense_1029,1029,10x10,sense_4660729,delisted,79,0.91
2026-09-03,storagesense,sense_1030,1030,5x10,sense_4642946,listed,24,0.91
2026-09-03,storagesense,sense_1030,1030,10x15,sense_4643610,listed,92,0.91
2026-09-03,storagesense,sense_1030,1030,5x10,sense_4643012,delisted,,0.91
2026-09-03,storagesense,sense_1030,1030,10x15,sense_4648701,delisted,,0.91
2026-09-03,storagesense,sense_1031,1031,10x15,sense_4666764,listed,16,0.91
2026-09-03,storagesense,sense_1031,1031,10x15,sense_4677030,listed,89,0.91
2026-09-03,storagesense,sense_1031,1031,10x35,sense_4679535,listed,33,0.91
2026-09-03,storagesense,sense_1031,1031,12x35,sense_4679247,listed,42,0.91
2026-09-03,storagesense,sense_1031,1031,12x45,sense_4679400,listed,113,0.91
2026-09-03,storagesense,sense_1031,1031,10x15,sense_4666787,delisted,14,0.91
2026-09-03,storagesense,sense_1031,1031,10x35,sense_4679819,delisted,29,0.91
2026-09-03,storagesense,sense_1031,1031,12x35,sense_4679269,delisted,42,0.91
2026-09-03,storagesense,sense_1031,1031,12x45,sense_4679607,delisted,54,0.91
2026-09-03,storagesense,sense_1031,1031,10x15,sense_4671231,delisted,,0.91
2026-09-03,storagesense,sense_1049,1049,5x10,sense_4684079,listed,65,0.91
2026-09-03,storagesense,sense_1049,1049,5x10,sense_4682767,delisted,65,0.91
2026-09-03,storagesense,sense_1050,1050,10x10,sense_4631943,listed,197,0.91
2026-09-03,storagesense,sense_1050,1050,10x10,sense_4632299,delisted,126,0.91
2026-09-03,storagesense,sense_1051,1051,10x15,sense_4662724,listed,84,0.91
2026-09-03,storagesense,sense_1051,1051,10x15,sense_4665853,delisted,,0.91
2026-09-03,storagesense,sense_1057,1057,10x10,sense_4705275,listed,,0.91
2026-09-03,storagesense,sense_1057,1057,10x10,sense_4704407,delisted,126,0.91
2026-09-03,storagesense,sense_1090,1090,10x20,sense_4698303,listed,94,0.91
2026-09-03,storagesense,sense_1090,1090,5x10,sense_4692680,listed,,0.91
2026-09-03,storagesense,sense_1090,1090,5x10,sense_4693409,delisted,58,0.91
2026-09-03,storagesense,sense_1090,1090,10x20,sense_4698479,delisted,94,0.91
2026-09-03,storagesense,sense_1117,1117,5x5,sense_4677155,listed,40,0.91
2026-09-03,storagesense,sense_1117,1117,10x10,sense_4677532,listed,183,0.91
2026-09-03,storagesense,sense_1117,1117,10x10,sense_4674042,delisted,183,0.91
2026-09-03,storagesense,sense_1117,1117,5x5,sense_4674290,delisted,,0.91
2026-09-03,storagesense,sense_1118,1118,10x20,sense_4637084,listed,185,0.91
2026-09-03,storagesense,sense_1118,1118,10x25,sense_4867183,listed,249,0.91
2026-09-03,storagesense,sense_1118,1118,10x20,sense_4637271,delisted,165,0.91
2026-09-03,storagesense,sense_1118,1118,10x25,sense_4638939,delisted,199,0.91
2026-09-03,storagesense,sense_1119,1119,5x10,sense_4692467,listed,,0.91
2026-09-03,storagesense,sense_1119,1119,5x10,sense_4690666,delisted,44,0.91
2026-09-03,storagesense,sense_1245,1245,5x10,sense_4716379,listed,69,0.91
2026-09-03,storagesense,sense_1245,1245,10x20,sense_4719229,listed,114,0.91
2026-09-03,storagesense,sense_1245,1245,5x10,sense_4719320,listed,,0.91
2026-09-03,storagesense,sense_1245,1245,5x10,sense_4716306,delisted,108,0.91
2026-09-03,storagesense,sense_1245,1245,5x10,sense_4718095,delisted,124,0.91
2026-09-03,storagesense,sense_1245,1245,10x20,sense_4717877,delisted,114,0.91
2026-09-03,storagesense,sense_1247,1247,10x10,sense_4723937,listed,86,0.91
2026-09-03,storagesense,sense_1247,1247,10x10,sense_4724061,listed,153,0.91
2026-09-03,storagesense,sense_1247,1247,10x10,sense_4723565,delisted,76,0.91
2026-09-03,storagesense,sense_1247,1247,10x10,sense_4724070,delisted,122,0.91
2026-09-03,storagesense,sense_1278,1278,10x20,sense_4723885,listed,165,0.91
2026-09-03,storagesense,sense_1278,1278,10x20,sense_4723994,delisted,79,0.91
2026-09-03,storagesense,sense_1280,1280,10x15,sense_4620023,listed,,0.91
2026-09-03,storagesense,sense_1280,1280,10x15,sense_4613598,delisted,146,0.91
2026-09-03,storagesense,sense_1292,1292,10x20,sense_4613322,listed,64,0.91
2026-09-03,storagesense,sense_1292,1292,10x20,sense_4613515,delisted,64,0.91
2026-09-03,storagesense,sense_1305,1305,5x5,sense_4612401,listed,21,0.91
2026-09-03,storagesense,sense_1305,1305,10x20,sense_4611562,listed,90,0.91
2026-09-03,storagesense,sense_1305,1305,5x5,sense_4612331,delisted,21,0.91
2026-09-03,storagesense,sense_1305,1305,10x20,sense_4613083,delisted,90,0.91
2026-09-03,storagesense,sense_1337,1337,10x10,sense_4633087,listed,,0.91
2026-09-03,storagesense,sense_1337,1337,10x10,sense_4632885,delisted,80,0.91
2026-09-03,storagesense,sense_1369,1369,10x15,sense_4691088,listed,238,0.91
2026-09-03,storagesense,sense_1369,1369,10x15,sense_4690651,delisted,114,0.91
2026-09-03,storagesense,sense_1373,1373,5x5,sense_4683783,listed,39,0.91
2026-09-03,storagesense,sense_1373,1373,5x15,sense_4685162,repriced_from_unpriced,74,0.91
2026-09-03,storagesense,sense_1373,1373,5x5,sense_4684788,delisted,39,0.91
2026-09-03,storagesense,sense_1375,1375,13x15,sense_5085568,listed,89,0.91
2026-09-03,storagesense,sense_1375,1375,10x30,sense_4651146,listed,19,0.91
2026-09-03,storagesense,sense_1375,1375,13x15,sense_5014964,delisted,79,0.91
2026-09-03,storagesense,sense_1375,1375,10x30,sense_4651154,delisted,19,0.91
2026-09-03,storagesense,sense_1377,1377,10x15,sense_4677067,listed,85,0.91
2026-09-03,storagesense,sense_1377,1377,10x20,sense_4673522,listed,,0.91
2026-09-03,storagesense,sense_1377,1377,10x20,sense_4675965,delisted,102,0.91
2026-09-03,storagesense,sense_1377,1377,10x15,sense_4677629,delisted,,0.91
2026-09-03,storagesense,sense_1387,1387,10x10,sense_4639691,listed,71,0.91
2026-09-03,storagesense,sense_1387,1387,10x10,sense_4638337,listed,71,0.91
2026-09-03,storagesense,sense_1387,1387,10x10,sense_4639050,delisted,71,0.91
2026-09-03,storagesense,sense_1387,1387,10x10,sense_4639634,delisted,,0.91
2026-09-03,storagesense,sense_1429,1429,10x12,sense_4639846,listed,239,0.91
2026-09-03,storagesense,sense_1429,1429,10x10,sense_5025274,listed,,0.91
2026-09-03,storagesense,sense_1429,1429,10x10,sense_4640363,delisted,179,0.91
2026-09-03,storagesense,sense_1429,1429,10x12,sense_4639782,delisted,239,0.91
2026-09-03,storagesense,sense_1465,1465,10x20,sense_4709429,listed,109,0.91
2026-09-03,storagesense,sense_1465,1465,10x20,sense_4709585,delisted,,0.91
2026-09-03,storagesense,sense_1557,1557,10x10,sense_4666930,listed,73,0.91
2026-09-03,storagesense,sense_1557,1557,10x20,sense_4668323,listed,97,0.91
2026-09-03,storagesense,sense_1557,1557,5x10,sense_4669432,listed,,0.91
2026-09-03,storagesense,sense_1557,1557,5x10,sense_4666460,delisted,43,0.91
2026-09-03,storagesense,sense_1557,1557,10x10,sense_4666941,delisted,73,0.91
2026-09-03,storagesense,sense_1557,1557,10x15,sense_5350036,delisted,173,0.91
2026-09-03,storagesense,sense_1557,1557,10x20,sense_4667902,delisted,,0.91
2026-09-03,storagesense,sense_163706,163706,5x5,sense_4975413,repriced_from_unpriced,30,0.91
2026-09-03,storagesense,sense_163706,163706,10x20,sense_4707747,listed,155,0.91
2026-09-03,storagesense,sense_163706,163706,10x20,sense_4707882,delisted,99,0.91
2026-09-03,storagesense,sense_163709,163709,15x45,sense_4661468,listed,184,0.91
2026-09-03,storagesense,sense_163709,163709,15x45,sense_4661558,delisted,184,0.91
2026-09-03,storagesense,sense_163714,163714,10x15,sense_4665212,listed,199,0.91
2026-09-03,storagesense,sense_163714,163714,10x15,sense_4665276,delisted,199,0.91
2026-09-03,storagesense,sense_163719,163719,10x10,sense_4657097,listed,83,0.91
2026-09-03,storagesense,sense_163719,163719,10x10,sense_4658476,delisted,74,0.91
2026-09-03,storagesense,sense_163756,163756,5x5,sense_4697832,listed,26,0.91
2026-09-03,storagesense,sense_163756,163756,10x5,sense_4697077,repriced_from_unpriced,39,0.91
2026-09-03,storagesense,sense_163756,163756,5x5,sense_4697065,delisted,,0.91
2026-09-04,storagesense,sense_163787,163787,10x15,sense_4696564,listed,94,0.76
2026-09-04,storagesense,sense_163787,163787,10x20,sense_4981928,listed,134,0.76
2026-09-04,storagesense,sense_163787,163787,10x15,sense_4981999,delisted,94,0.76
2026-09-04,storagesense,sense_163787,163787,10x20,sense_4981938,delisted,134,0.76
2026-09-04,storagesense,sense_163796,163796,6x10,sense_4717932,listed,45,0.76
2026-09-04,storagesense,sense_163796,163796,6x10,sense_4715483,delisted,45,0.76
2026-09-04,storagesense,sense_163797,163797,10x10,sense_4725278,listed,58,0.76
2026-09-04,storagesense,sense_163797,163797,10x10,sense_4725218,delisted,58,0.76
2026-09-04,storagesense,sense_163839,163839,10x30,sense_4842448,listed,,0.76
2026-09-04,storagesense,sense_163839,163839,10x30,sense_4842436,delisted,211,0.76
2026-09-04,storagesense,sense_163879,163879,5x10,sense_5302582,listed,87,0.76
2026-09-04,storagesense,sense_163879,163879,10x10,sense_5355356,listed,96,0.76
2026-09-04,storagesense,sense_163879,163879,10x20,sense_4619842,listed,167,0.76
2026-09-04,storagesense,sense_163879,163879,10x30,sense_4866923,listed,147,0.76
2026-09-04,storagesense,sense_163879,163879,10x10,sense_4617465,listed,,0.76
2026-09-04,storagesense,sense_163879,163879,5x10,sense_4620723,delisted,77,0.76
2026-09-04,storagesense,sense_163879,163879,10x10,sense_4617591,delisted,96,0.76
2026-09-04,storagesense,sense_163879,163879,10x20,sense_4619805,delisted,167,0.76
2026-09-04,storagesense,sense_163879,163879,10x30,sense_4622829,delisted,230,0.76
2026-09-04,storagesense,sense_163884,163884,10x15,sense_4627388,unpriced,119,0.76
2026-09-04,storagesense,sense_164035,164035,10x10,sense_4968000,listed,136,0.76
2026-09-04,storagesense,sense_164035,164035,10x10,sense_4974766,delisted,,0.76
2026-09-04,storagesense,sense_164050,164050,5x5,sense_4976203,listed,94,0.76
2026-09-04,storagesense,sense_164050,164050,5x5,sense_4976201,delisted,94,0.76
2026-09-04,storagesense,sense_164051,164051,10x15,sense_4976544,listed,,0.76
2026-09-04,storagesense,sense_164051,164051,10x15,sense_4976597,delisted,,0.76
2026-09-04,storagesense,sense_164067,164067,10x10,sense_4983274,listed,144,0.76
2026-09-04,storagesense,sense_164067,164067,10x15,sense_4983234,listed,199,0.76
2026-09-04,storagesense,sense_164067,164067,10x10,sense_4983515,delisted,144,0.76
2026-09-04,storagesense,sense_164067,164067,10x15,sense_4983290,delisted,199,0.76
2026-09-04,storagesense,sense_164069,164069,5x10,sense_4984536,listed,72,0.76
2026-09-04,storagesense,sense_164069,164069,10x20,sense_4984513,listed,235,0.76
2026-09-04,storagesense,sense_164069,164069,10x20,sense_4984491,listed,344,0.76
2026-09-04,storagesense,sense_164069,164069,10x30,sense_4984469,listed,422,0.76
2026-09-04,storagesense,sense_164069,164069,5x10,sense_4984534,delisted,72,0.76
2026-09-04,storagesense,sense_164069,164069,10x20,sense_4984530,delisted,235,0.76
2026-09-04,storagesense,sense_164069,164069,10x20,sense_4984490,delisted,309,0.76
2026-09-04,storagesense,sense_164069,164069,10x30,sense_4984492,delisted,337,0.76
2026-09-04,storagesense,sense_164085,164085,10x20,sense_4997990,listed,,0.76
2026-09-04,storagesense,sense_164085,164085,12x40,sense_4998244,listed,,0.76
2026-09-04,storagesense,sense_164085,164085,10x20,sense_4998210,delisted,,0.76
2026-09-04,storagesense,sense_164085,164085,12x40,sense_4998249,delisted,,0.76
2026-09-04,storagesense,sense_164100,164100,10x7,sense_5007787,listed,74,0.76
2026-09-04,storagesense,sense_164100,164100,10x7,sense_5007943,delisted,74,0.76
2026-09-04,storagesense,sense_164111,164111,12x30,sense_5017002,listed,59,0.76
2026-09-04,storagesense,sense_164111,164111,12x30,sense_5017007,delisted,59,0.76
2026-09-04,storagesense,sense_164135,164135,10x10,sense_5036271,listed,151,0.76
2026-09-04,storagesense,sense_164135,164135,10x10,sense_5036279,delisted,151,0.76
2026-09-04,storagesense,sense_164187,164187,15x10,sense_5090030,listed,49,0.76
2026-09-04,storagesense,sense_164187,164187,15x10,sense_5090031,delisted,49,0.76
2026-09-04,storagesense,sense_16890,16890,12x30,sense_4721661,listed,,0.76
2026-09-04,storagesense,sense_16890,16890,12x40,sense_4722684,listed,,0.76
2026-09-04,storagesense,sense_16890,16890,12x30,sense_4721300,delisted,,0.76
2026-09-04,storagesense,sense_16890,16890,12x40,sense_4723197,delisted,,0.76
2026-09-04,storagesense,sense_17053,17053,10x10,sense_4690829,listed,79,0.76
2026-09-04,storagesense,sense_17053,17053,10x10,sense_4695912,delisted,79,0.76
2026-09-04,storagesense,sense_17059,17059,10x10,sense_4892157,listed,,0.76
2026-09-04,storagesense,sense_17059,17059,10x10,sense_4697703,delisted,73,0.76
2026-09-04,storagesense,sense_17098,17098,10x10,sense_4721972,listed,139,0.76
2026-09-04,storagesense,sense_17098,17098,10x10,sense_4720188,delisted,139,0.76
2026-09-04,storagesense,sense_17172,17172,10x15,sense_4657403,listed,,0.76
2026-09-04,storagesense,sense_17172,17172,10x15,sense_4657182,delisted,66,0.76
2026-09-04,storagesense,sense_17182,17182,10x20,sense_4617238,listed,244,0.76
2026-09-04,storagesense,sense_17182,17182,10x20,sense_4617182,delisted,156,0.76
2026-09-04,storagesense,sense_17207,17207,10x20,sense_4610508,listed,189,0.76
2026-09-04,storagesense,sense_17207,17207,10x20,sense_4610404,delisted,189,0.76
2026-09-04,storagesense,sense_17256,17256,5x5,sense_4636662,listed,,0.76
2026-09-04,storagesense,sense_17256,17256,5x5,sense_5264948,delisted,74,0.76
2026-09-04,storagesense,sense_17256,17256,8x16,sense_4637024,delisted,,0.76
2026-09-04,storagesense,sense_17280,17280,12x40,sense_4917484,listed,159,0.76
2026-09-04,storagesense,sense_17280,17280,12x40,sense_4917481,delisted,179,0.76
2026-09-04,storagesense,sense_17359,17359,12x18,sense_4710703,listed,,0.76
2026-09-04,storagesense,sense_17359,17359,12x18,sense_4711993,delisted,,0.76
2026-09-04,storagesense,sense_17392,17392,8x10,sense_4933224,listed,65,0.76
2026-09-04,storagesense,sense_17392,17392,8x10,sense_4791508,delisted,,0.76
2026-09-04,storagesense,sense_17403,17403,5x10,sense_4958413,listed,83,0.76
2026-09-04,storagesense,sense_17403,17403,10x15,sense_5081446,listed,132,0.76
2026-09-04,storagesense,sense_17403,17403,5x10,sense_5004116,delisted,74,0.76
2026-09-04,storagesense,sense_17403,17403,10x15,sense_5242061,delisted,118,0.76
2026-09-04,storagesense,sense_17404,17404,5x10,sense_5355485,listed,44,0.76
2026-09-04,storagesense,sense_17404,17404,10x35,sense_4840273,listed,50,0.76
2026-09-04,storagesense,sense_17404,17404,10x35,sense_4840275,delisted,50,0.76
2026-09-04,storagesense,sense_17409,17409,5x5,sense_4644328,listed,76,0.76
2026-09-04,storagesense,sense_17409,17409,10x10,sense_4642761,listed,129,0.76
2026-09-04,storagesense,sense_17409,17409,5x5,sense_4644858,delisted,76,0.76
2026-09-04,storagesense,sense_17409,17409,10x10,sense_4645612,delisted,129,0.76
2026-09-04,storagesense,sense_1918,1918,10x5,sense_4694983,listed,65,0.76
2026-09-04,storagesense,sense_1918,1918,10x30,sense_4697854,repriced_from_unpriced,149,0.76
2026-09-04,storagesense,sense_1918,1918,10x20,sense_4701177,listed,,0.76
2026-09-04,storagesense,sense_1918,1918,10x20,sense_5276517,delisted,49,0.76
2026-09-04,storagesense,sense_1918,1918,10x5,sense_4689577,delisted,65,0.76
2026-09-04,storagesense,sense_1983,1983,12x25,sense_4712995,listed,94,0.76
2026-09-04,storagesense,sense_1983,1983,12x25,sense_4711860,delisted,94,0.76
2026-09-04,storagesense,sense_2100,2100,10x25,sense_5353108,delisted,,0.76
2026-09-04,storagesense,sense_2114,2114,10x30,sense_4687370,listed,199,0.76
2026-09-04,storagesense,sense_2119,2119,10x20,sense_4684198,listed,147,0.76
2026-09-04,storagesense,sense_2119,2119,10x20,sense_4681839,delisted,147,0.76
2026-09-04,storagesense,sense_2121,2121,5x10,sense_4669480,listed,149,0.76
2026-09-04,storagesense,sense_2121,2121,5x15,sense_4672752,unpriced,164,0.76
2026-09-04,storagesense,sense_2121,2121,5x10,sense_4670731,delisted,149,0.76
2026-09-04,storagesense,sense_2136,2136,10x10,sense_4673157,listed,91,0.76
2026-09-04,storagesense,sense_2136,2136,10x10,sense_4672963,delisted,91,0.76
2026-09-04,storagesense,sense_2139,2139,10x15,sense_4673513,listed,80,0.76
2026-09-04,storagesense,sense_2139,2139,10x10,sense_4671941,listed,79,0.76
2026-09-04,storagesense,sense_2139,2139,10x15,sense_4673485,delisted,80,0.76
2026-09-04,storagesense,sense_2139,2139,10x10,sense_4671982,delisted,,0.76
2026-09-04,storagesense,sense_2141,2141,5x10,sense_4635047,listed,66,0.76
2026-09-04,storagesense,sense_2141,2141,10x30,sense_4635295,listed,193,0.76
2026-09-04,storagesense,sense_2141,2141,5x10,sense_4635717,delisted,66,0.76
2026-09-04,storagesense,sense_2141,2141,10x30,sense_4635892,delisted,,0.76
2026-09-04,storagesense,sense_2165,2165,10x15,sense_4682589,listed,229,0.76
2026-09-04,storagesense,sense_2165,2165,10x35,sense_4689584,listed,338,0.76
2026-09-04,storagesense,sense_2165,2165,10x15,sense_4691708,delisted,,0.76
2026-09-04,storagesense,sense_2165,2165,10x35,sense_4689620,delisted,,0.76
2026-09-04,storagesense,sense_2171,2171,10x10,sense_4665995,listed,39,0.76
2026-09-04,storagesense,sense_2171,2171,10x10,sense_4666215,delisted,39,0.76
2026-09-04,storagesense,sense_2267,2267,12x30,sense_4793287,listed,149,0.76
2026-09-04,storagesense,sense_2267,2267,12x30,sense_4793279,delisted,187,0.76
2026-09-04,storagesense,sense_2306,2306,10x20,sense_4680637,listed,99,0.76
2026-09-04,storagesense,sense_2306,2306,10x20,sense_4685822,delisted,,0.76
2026-09-04,storagesense,sense_2307,2307,10x10,sense_4651427,listed,102,0.76
2026-09-04,storagesense,sense_2307,2307,10x20,sense_4652219,listed,145,0.76
2026-09-04,storagesense,sense_2307,2307,10x10,sense_4651391,delisted,102,0.76
2026-09-04,storagesense,sense_2307,2307,10x20,sense_4652223,delisted,145,0.76
2026-09-04,storagesense,sense_2315,2315,10x15,sense_4611946,listed,129,0.76
2026-09-04,storagesense,sense_2315,2315,10x20,sense_4614199,listed,159,0.76
2026-09-04,storagesense,sense_2315,2315,10x15,sense_4612084,delisted,145,0.76
2026-09-04,storagesense,sense_2315,2315,10x20,sense_4611780,delisted,159,0.76
2026-09-04,storagesense,sense_2316,2316,10x25,sense_5082253,listed,323,0.76
2026-09-04,storagesense,sense_2316,2316,10x25,sense_5082260,delisted,,0.76
2026-09-04,storagesense,sense_2324,2324,5x15,sense_4682368,listed,68,0.76
2026-09-04,storagesense,sense_2324,2324,10x20,sense_4681581,listed,124,0.76
2026-09-04,storagesense,sense_2324,2324,5x15,sense_4686433,delisted,68,0.76
2026-09-04,storagesense,sense_2324,2324,10x20,sense_4681304,delisted,124,0.76
2026-09-04,storagesense,sense_2326,2326,10x15,sense_4612646,listed,148,0.76
2026-09-04,storagesense,sense_2326,2326,10x15,sense_4617979,delisted,,0.76
2026-09-04,storagesense,sense_2336,2336,20x20,sense_4687856,unpriced,436,0.76
2026-09-04,storagesense,sense_2340,2340,5x10,sense_5353110,delisted,44,0.76
2026-09-04,storagesense,sense_2340,2340,10x10,sense_5353109,delisted,72,0.76
2026-09-04,storagesense,sense_2340,2340,20x20,sense_4701933,delisted,,0.76
2026-09-04,storagesense,sense_2383,2383,10x10,sense_4625526,listed,169,0.76
2026-09-04,storagesense,sense_2383,2383,10x10,sense_4624532,delisted,169,0.76
2026-09-04,storagesense,sense_2384,2384,10x10,sense_4638429,listed,86,0.76
2026-09-04,storagesense,sense_2384,2384,10x15,sense_5301268,listed,94,0.76
2026-09-04,storagesense,sense_2384,2384,5x10,sense_4994432,unpriced,62,0.76
2026-09-04,storagesense,sense_2384,2384,10x10,sense_4636397,delisted,86,0.76
2026-09-04,storagesense,sense_2384,2384,10x15,sense_4980774,delisted,94,0.76
2026-09-04,storagesense,sense_2385,2385,10x15,sense_4629704,listed,89,0.76
2026-09-04,storagesense,sense_2385,2385,10x15,sense_4630308,listed,89,0.76
2026-09-04,storagesense,sense_2385,2385,12x30,sense_4631963,listed,29,0.76
2026-09-04,storagesense,sense_2385,2385,10x15,sense_4629745,delisted,89,0.76
2026-09-04,storagesense,sense_2385,2385,10x15,sense_4629751,delisted,89,0.76
2026-09-04,storagesense,sense_2385,2385,12x30,sense_4631763,delisted,,0.76
2026-09-04,storagesense,sense_2386,2386,5x10,sense_4619572,listed,72,0.76
2026-09-04,storagesense,sense_2386,2386,5x10,sense_4618375,delisted,72,0.76
2026-09-04,storagesense,sense_2388,2388,10x10,sense_4633579,listed,79,0.76
2026-09-04,storagesense,sense_2388,2388,10x15,sense_4633930,listed,99,0.76
2026-09-04,storagesense,sense_2388,2388,10x20,sense_4634869,listed,129,0.76
2026-09-04,storagesense,sense_2388,2388,10x10,sense_4633617,delisted,79,0.76
2026-09-04,storagesense,sense_2388,2388,10x15,sense_4633131,delisted,207,0.76
2026-09-04,storagesense,sense_2388,2388,10x20,sense_4632574,delisted,,0.76
2026-09-04,storagesense,sense_2390,2390,12x20,sense_5237301,listed,126,0.76
2026-09-04,storagesense,sense_2390,2390,10x10,sense_4634596,listed,,0.76
2026-09-04,storagesense,sense_2390,2390,10x10,sense_4634929,delisted,50,0.76
2026-09-04,storagesense,sense_2390,2390,12x20,sense_4634078,delisted,126,0.76
2026-09-04,storagesense,sense_2391,2391,10x15,sense_4636923,repriced_from_unpriced,122,0.76
2026-09-04,storagesense,sense_2399,2399,5x10,sense_4632215,listed,36,0.76
2026-09-04,storagesense,sense_2399,2399,5x10,sense_4632911,delisted,36,0.76
2026-09-04,storagesense,sense_2403,2403,5x8,sense_4653826,listed,57,0.76
2026-09-04,storagesense,sense_2403,2403,10x25,sense_4653309,listed,,0.76
2026-09-04,storagesense,sense_2403,2403,5x8,sense_4653833,delisted,57,0.76
2026-09-04,storagesense,sense_2403,2403,10x25,sense_4652709,delisted,220,0.76
2026-09-04,storagesense,sense_2457,2457,11x30,sense_4711130,listed,117,0.76
2026-09-04,storagesense,sense_2457,2457,11x30,sense_4711251,delisted,104,0.76
2026-09-04,storagesense,sense_2506,2506,10x5,sense_4700433,listed,49,0.76
2026-09-04,storagesense,sense_2506,2506,10x60,sense_4703932,listed,,0.76
2026-09-04,storagesense,sense_2506,2506,10x60,sense_4705007,delisted,114,0.76
2026-09-04,storagesense,sense_2506,2506,10x5,sense_4700406,delisted,,0.76
2026-09-04,storagesense,sense_2513,2513,5x8,sense_4719111,listed,59,0.76
2026-09-04,storagesense,sense_2513,2513,5x8,sense_4720709,delisted,59,0.76
2026-09-04,storagesense,sense_2556,2556,5x10,sense_4720363,listed,29,0.76
2026-09-04,storagesense,sense_2556,2556,5x10,sense_4720040,delisted,29,0.76
2026-09-04,storagesense,sense_2596,2596,10x20,sense_4639789,listed,139,0.76
2026-09-04,storagesense,sense_2596,2596,10x20,sense_4639655,delisted,139,0.76
2026-09-04,storagesense,sense_2598,2598,12x40,sense_4638169,listed,220,0.76
2026-09-04,storagesense,sense_2598,2598,12x40,sense_4637938,delisted,220,0.76
2026-09-04,storagesense,sense_2600,2600,10x20,sense_4611726,listed,159,0.76
2026-09-04,storagesense,sense_2600,2600,10x20,sense_4611802,delisted,159,0.76
2026-09-04,storagesense,sense_2606,2606,12x40,sense_4870589,unpriced,499,0.76
2026-09-04,storagesense,sense_2650,2650,5x10,sense_5169379,listed,24,0.76
2026-09-04,storagesense,sense_2650,2650,5x10,sense_5169378,delisted,24,0.76
2026-09-04,storagesense,sense_2665,2665,10x10,sense_4667628,listed,219,0.76
2026-09-04,storagesense,sense_2665,2665,10x10,sense_4663783,delisted,219,0.76
2026-09-04,storagesense,sense_2668,2668,10x20,sense_4675418,listed,137,0.76
2026-09-04,storagesense,sense_2668,2668,10x20,sense_4675708,delisted,137,0.76
2026-09-04,storagesense,sense_2669,2669,5x10,sense_4640627,listed,133,0.76
2026-09-04,storagesense,sense_2669,2669,5x10,sense_4641224,delisted,118,0.76
2026-09-04,storagesense,sense_2680,2680,5x10,sense_4659126,listed,75,0.76
2026-09-04,storagesense,sense_2680,2680,5x10,sense_4658285,delisted,75,0.76
2026-09-04,storagesense,sense_2690,2690,10x15,sense_4680433,listed,143,0.76
2026-09-04,storagesense,sense_2690,2690,10x15,sense_4678296,delisted,102,0.76
2026-09-04,storagesense,sense_2751,2751,10x10,sense_4693992,listed,,0.76
2026-09-04,storagesense,sense_2751,2751,10x10,sense_4693712,delisted,67,0.76
2026-09-04,storagesense,sense_2774,2774,10x25,sense_5355419,listed,271,0.76
2026-09-04,storagesense,sense_2793,2793,5x15,sense_4713235,delisted,91,0.76
2026-09-04,storagesense,sense_2813,2813,10x15,sense_4715832,listed,109,0.76
2026-09-04,storagesense,sense_2813,2813,10x20,sense_4716899,listed,313,0.76
2026-09-04,storagesense,sense_2813,2813,15x30,sense_4716854,listed,269,0.76
2026-09-04,storagesense,sense_2813,2813,10x20,sense_4716949,delisted,279,0.76
2026-09-04,storagesense,sense_2813,2813,10x15,sense_4715767,delisted,,0.76
2026-09-04,storagesense,sense_2813,2813,15x30,sense_4716886,delisted,,0.76
2026-09-04,storagesense,sense_2817,2817,5x10,sense_4656383,listed,39,0.76
2026-09-04,storagesense,sense_2817,2817,5x10,sense_4656748,delisted,39,0.76
2026-09-04,storagesense,sense_2818,2818,20x20,sense_4613458,unpriced,96,0.76
2026-09-04,storagesense,sense_820,820,12x25,sense_4693357,listed,24,0.76
2026-09-04,storagesense,sense_820,820,12x25,sense_4693395,delisted,24,0.76
2026-09-04,storagesense,sense_831,831,5x10,sense_4637414,listed,54,0.76
2026-09-04,storagesense,sense_831,831,10x10,sense_4636601,listed,79,0.76
2026-09-04,storagesense,sense_831,831,10x20,sense_4636232,listed,154,0.76
2026-09-04,storagesense,sense_831,831,5x10,sense_4637362,delisted,34,0.76
2026-09-04,storagesense,sense_831,831,10x10,sense_4638105,delisted,79,0.76
2026-09-04,storagesense,sense_831,831,10x20,sense_4637043,delisted,154,0.76
2026-09-04,storagesense,sense_835,835,12x20,sense_4614244,listed,99,0.76
2026-09-04,storagesense,sense_835,835,12x20,sense_4614183,delisted,99,0.76
2026-09-04,storagesense,sense_838,838,10x20,sense_4646341,listed,,0.76
2026-09-04,storagesense,sense_838,838,10x20,sense_4646212,delisted,259,0.76
2026-09-04,storagesense,sense_847,847,10x30,sense_4693494,listed,,0.76
2026-09-04,storagesense,sense_847,847,10x30,sense_4693479,delisted,250,0.76
2026-09-04,storagesense,sense_852,852,10x10,sense_5002932,listed,92,0.76
2026-09-04,storagesense,sense_852,852,10x10,sense_4670646,delisted,92,0.76
2026-09-04,storagesense,sense_856,856,5x10,sense_4682355,listed,22,0.76
2026-09-04,storagesense,sense_856,856,10x20,sense_4681133,listed,60,0.76
2026-09-04,storagesense,sense_856,856,5x10,sense_4678380,delisted,19,0.76
2026-09-04,storagesense,sense_856,856,10x20,sense_4680695,delisted,60,0.76
2026-09-04,storagesense,sense_859,859,10x10,sense_5008107,listed,114,0.76
2026-09-04,storagesense,sense_859,859,10x20,sense_4643499,listed,227,0.76
2026-09-04,storagesense,sense_859,859,10x10,sense_4644038,delisted,114,0.76
2026-09-04,storagesense,sense_859,859,10x20,sense_4643524,delisted,202,0.76
2026-09-04,storagesense,sense_860,860,10x15,sense_4930307,listed,132,0.76
2026-09-04,storagesense,sense_860,860,10x20,sense_5216716,listed,180,0.76
2026-09-04,storagesense,sense_860,860,10x15,sense_5025280,delisted,132,0.76
2026-09-04,storagesense,sense_860,860,10x20,sense_4624836,delisted,180,0.76
2026-09-04,storagesense,sense_862,862,10x10,sense_4648743,listed,85,0.76
2026-09-04,storagesense,sense_862,862,10x10,sense_4649052,delisted,75,0.76
2026-09-04,storagesense,sense_863,863,8x8,sense_4653698,unpriced,97,0.76
2026-09-04,storagesense,sense_864,864,5x10,sense_4681108,listed,62,0.76
2026-09-04,storagesense,sense_864,864,10x15,sense_4678437,listed,114,0.76
2026-09-04,storagesense,sense_864,864,10x15,sense_4683005,delisted,114,0.76
2026-09-04,storagesense,sense_864,864,5x10,sense_4680954,delisted,,0.76
2026-09-04,storagesense,sense_867,867,10x20,sense_4657446,listed,106,0.76
2026-09-04,storagesense,sense_867,867,5x5,sense_4656729,repriced_from_unpriced,22,0.76
2026-09-04,storagesense,sense_867,867,5x15,sense_4656578,repriced_from_unpriced,44,0.76
2026-09-04,storagesense,sense_867,867,10x20,sense_4657918,delisted,,0.76
2026-09-04,storagesense,sense_872,872,10x10,sense_4642238,listed,86,0.76
2026-09-04,storagesense,sense_872,872,10x30,sense_4645746,listed,293,0.76
2026-09-04,storagesense,sense_872,872,10x10,sense_4643030,delisted,86,0.76
2026-09-04,storagesense,sense_872,872,10x30,sense_4641278,delisted,,0.76
2026-09-04,storagesense,sense_879,879,10x20,sense_4644425,listed,232,0.76
2026-09-04,storagesense,sense_879,879,10x15,sense_4641824,listed,299,0.76
2026-09-04,storagesense,sense_879,879,10x20,sense_4640306,delisted,232,0.76
2026-09-04,storagesense,sense_879,879,10x15,sense_4641781,delisted,,0.76
2026-09-04,storagesense,sense_912,912,10x25,sense_4702679,listed,139,0.76
2026-09-04,storagesense,sense_912,912,10x25,sense_4702638,delisted,139,0.76
2026-09-04,storagesense,sense_913,913,10x18,sense_4717094,listed,79,0.76
2026-09-04,storagesense,sense_913,913,10x18,sense_4716786,delisted,,0.76
2026-09-04,storagesense,sense_978,978,8x8,sense_4709651,listed,34,0.76
2026-09-04,storagesense,sense_978,978,8x8,sense_4709613,delisted,34,0.76
2026-09-04,storagesense,sense_1010,1010,10x10,sense_4719302,listed,128,0.76
2026-09-04,storagesense,sense_1010,1010,10x10,sense_4719216,delisted,128,0.76
2026-09-04,storagesense,sense_1014,1014,10x15,sense_4719959,listed,129,0.76
2026-09-04,storagesense,sense_1014,1014,10x15,sense_4720204,delisted,129,0.76
2026-09-04,storagesense,sense_1015,1015,5x10,sense_4714697,listed,117,0.76
2026-09-04,storagesense,sense_1015,1015,5x10,sense_4714692,delisted,109,0.76
2026-09-04,storagesense,sense_1016,1016,10x10,sense_4837849,listed,128,0.76
2026-09-04,storagesense,sense_1016,1016,10x10,sense_4837816,delisted,119,0.76
2026-09-04,storagesense,sense_1031,1031,10x35,sense_4679819,listed,29,0.76
2026-09-04,storagesense,sense_1031,1031,10x35,sense_4679535,delisted,33,0.76
2026-09-04,storagesense,sense_1050,1050,10x15,sense_4628549,listed,131,0.76
2026-09-04,storagesense,sense_1050,1050,10x25,sense_4628368,repriced_from_unpriced,186,0.76
2026-09-04,storagesense,sense_1050,1050,10x15,sense_4631126,delisted,131,0.76
2026-09-04,storagesense,sense_1051,1051,10x15,sense_4665853,listed,,0.76
2026-09-04,storagesense,sense_1051,1051,10x15,sense_4662724,delisted,84,0.76
2026-09-04,storagesense,sense_1057,1057,10x15,sense_4704581,listed,141,0.76
2026-09-04,storagesense,sense_1057,1057,10x15,sense_4706449,delisted,141,0.76
2026-09-04,storagesense,sense_1090,1090,10x10,sense_4695278,listed,76,0.76
2026-09-04,storagesense,sense_1090,1090,10x10,sense_4699326,delisted,67,0.76
2026-09-04,storagesense,sense_1117,1117,10x10,sense_4677356,listed,112,0.76
2026-09-04,storagesense,sense_1117,1117,10x10,sense_4675861,delisted,112,0.76
2026-09-04,storagesense,sense_1118,1118,10x10,sense_5061840,listed,87,0.76
2026-09-04,storagesense,sense_1118,1118,10x10,sense_4915383,delisted,98,0.76
2026-09-04,storagesense,sense_1245,1245,10x15,sense_4719422,listed,114,0.76
2026-09-04,storagesense,sense_1245,1245,10x15,sense_4719341,delisted,,0.76
2026-09-04,storagesense,sense_1292,1292,5x5,sense_4614224,listed,24,0.76
2026-09-04,storagesense,sense_1292,1292,5x5,sense_4612273,delisted,24,0.76
2026-09-04,storagesense,sense_1305,1305,5x5,sense_4612160,listed,21,0.76
2026-09-04,storagesense,sense_1305,1305,10x20,sense_4613083,listed,90,0.76
2026-09-04,storagesense,sense_1305,1305,5x5,sense_4612401,delisted,21,0.76
2026-09-04,storagesense,sense_1305,1305,10x20,sense_4611562,delisted,90,0.76
2026-09-04,storagesense,sense_1307,1307,10x20,sense_5236970,listed,,0.76
2026-09-04,storagesense,sense_1307,1307,10x20,sense_4623330,delisted,124,0.76
2026-09-04,storagesense,sense_1373,1373,5x5,sense_4684788,listed,49,0.76
2026-09-04,storagesense,sense_1373,1373,5x5,sense_4683783,delisted,39,0.76
2026-09-04,storagesense,sense_1387,1387,5x10,sense_4639732,listed,51,0.76
2026-09-04,storagesense,sense_1387,1387,10x15,sense_4639484,listed,,0.76
2026-09-04,storagesense,sense_1387,1387,5x10,sense_4639208,delisted,45,0.76
2026-09-04,storagesense,sense_1387,1387,10x15,sense_4638896,delisted,100,0.76
2026-09-04,storagesense,sense_1429,1429,10x12,sense_4639782,listed,239,0.76
2026-09-04,storagesense,sense_1429,1429,10x12,sense_4639846,delisted,239,0.76
2026-09-04,storagesense,sense_1465,1465,10x10,sense_5025894,listed,58,0.76
2026-09-04,storagesense,sense_1465,1465,10x10,sense_5355483,listed,74,0.76
2026-09-04,storagesense,sense_1465,1465,10x10,sense_5355484,listed,155,0.76
2026-09-04,storagesense,sense_1465,1465,10x20,sense_5355481,listed,,0.76
2026-09-04,storagesense,sense_1465,1465,10x10,sense_5029011,delisted,,0.76
2026-09-04,storagesense,sense_1557,1557,5x10,sense_4892899,listed,,0.76
2026-09-04,storagesense,sense_1557,1557,5x10,sense_4663651,delisted,43,0.76
2026-09-04,storagesense,sense_163719,163719,10x10,sense_5235231,listed,74,0.76
2026-09-04,storagesense,sense_163719,163719,10x20,sense_5235268,listed,149,0.76
2026-09-04,storagesense,sense_163719,163719,10x10,sense_5235257,listed,,0.76
2026-09-04,storagesense,sense_163719,163719,10x20,sense_4656807,listed,,0.76
2026-09-04,storagesense,sense_163719,163719,10x10,sense_4657097,delisted,83,0.76
2026-09-04,storagesense,sense_163719,163719,10x10,sense_5235258,delisted,149,0.76
2026-09-04,storagesense,sense_163719,163719,10x20,sense_4656757,delisted,89,0.76
2026-09-04,storagesense,sense_163719,163719,10x20,sense_5235263,delisted,149,0.76
2026-09-04,storagesense,sense_163756,163756,10x20,sense_4695198,listed,129,0.76
2026-09-04,storagesense,sense_163756,163756,5x5,sense_4697065,listed,,0.76
2026-09-04,storagesense,sense_163756,163756,10x5,sense_4697077,unpriced,39,0.76
2026-09-04,storagesense,sense_163756,163756,5x5,sense_4697832,delisted,26,0.76
2026-09-04,storagesense,sense_163756,163756,10x20,sense_4695736,delisted,129,0.76
2026-09-04,storagesense,sense_163759,163759,30x10,sense_4674038,listed,,0.76
2026-09-04,storagesense,sense_163759,163759,30x10,sense_4674144,delisted,159,0.76
2026-09-05,storagesense,sense_820,820,10x25,sense_4683763,listed,159,1.16
2026-09-05,storagesense,sense_820,820,10x25,sense_4688212,delisted,159,1.16
2026-09-05,storagesense,sense_831,831,10x10,sense_4638196,listed,79,1.16
2026-09-05,storagesense,sense_831,831,10x20,sense_4639340,listed,50,1.16
2026-09-05,storagesense,sense_831,831,10x15,sense_4636414,listed,134,1.16
2026-09-05,storagesense,sense_831,831,10x25,sense_4638665,listed,,1.16
2026-09-05,storagesense,sense_831,831,10x10,sense_4636601,delisted,79,1.16
2026-09-05,storagesense,sense_831,831,10x20,sense_4639346,delisted,50,1.16
2026-09-05,storagesense,sense_831,831,10x15,sense_4636406,delisted,134,1.16
2026-09-05,storagesense,sense_831,831,10x25,sense_4638632,delisted,224,1.16
2026-09-05,storagesense,sense_163726,163726,10x30,sense_4918014,listed,187,1.18
2026-09-05,storagesense,sense_163726,163726,10x30,sense_4918016,delisted,149,1.18
2026-09-05,storagesense,sense_163763,163763,5x5,sense_4717731,listed,32,1.18
2026-09-05,storagesense,sense_163763,163763,5x10,sense_4715768,listed,,1.18
2026-09-05,storagesense,sense_163763,163763,5x5,sense_4716193,delisted,32,1.18
2026-09-05,storagesense,sense_163763,163763,5x10,sense_4718359,delisted,54,1.18
2026-09-05,storagesense,sense_163794,163794,7.5x10,sense_4727385,listed,75,1.18
2026-09-05,storagesense,sense_163794,163794,10x15,sense_4727420,listed,,1.18
2026-09-05,storagesense,sense_163794,163794,7.5x10,sense_4727386,delisted,75,1.18
2026-09-05,storagesense,sense_163794,163794,10x15,sense_4727604,delisted,60,1.18
2026-09-05,storagesense,sense_163797,163797,5x10,sense_4725596,listed,32,1.18
2026-09-05,storagesense,sense_163797,163797,10x10,sense_4725341,listed,58,1.18
2026-09-05,storagesense,sense_163797,163797,5x5,sense_4726252,listed,,1.18
2026-09-05,storagesense,sense_163797,163797,5x5,sense_4726232,delisted,14,1.18
2026-09-05,storagesense,sense_163797,163797,5x10,sense_4725581,delisted,32,1.18
2026-09-05,storagesense,sense_163797,163797,10x10,sense_4725278,delisted,58,1.18
2026-09-05,storagesense,sense_163839,163839,10x15,sense_4842575,listed,152,1.18
2026-09-05,storagesense,sense_163839,163839,10x20,sense_4842140,listed,111,1.18
2026-09-05,storagesense,sense_163839,163839,10x30,sense_4842157,listed,,1.18
2026-09-05,storagesense,sense_163839,163839,10x30,sense_4841616,listed,,1.18
2026-09-05,storagesense,sense_163839,163839,10x15,sense_4842363,delisted,135,1.18
2026-09-05,storagesense,sense_163839,163839,10x20,sense_4842135,delisted,99,1.18
2026-09-05,storagesense,sense_163839,163839,10x30,sense_4842156,delisted,72,1.18
2026-09-05,storagesense,sense_163839,163839,10x30,sense_4841614,delisted,146,1.18
2026-09-05,storagesense,sense_163879,163879,10x20,sense_4622893,listed,91,1.18
2026-09-05,storagesense,sense_163879,163879,10x20,sense_4619880,listed,167,1.18
2026-09-05,storagesense,sense_163879,163879,10x20,sense_4623275,delisted,91,1.18
2026-09-05,storagesense,sense_163879,163879,10x20,sense_4619842,delisted,167,1.18
2026-09-05,storagesense,sense_163879,163879,10x10,sense_4617465,delisted,,1.18
2026-09-05,storagesense,sense_163882,163882,10x20,sense_4634554,listed,208,1.18
2026-09-05,storagesense,sense_163882,163882,10x20,sense_4632405,delisted,208,1.18
2026-09-05,storagesense,sense_163883,163883,5x5,sense_4611409,listed,70,1.18
2026-09-05,storagesense,sense_163883,163883,10x10,sense_4610992,listed,140,1.18
2026-09-05,storagesense,sense_163883,163883,10x10,sense_4612252,delisted,140,1.18
2026-09-05,storagesense,sense_163883,163883,5x5,sense_4613100,delisted,,1.18
2026-09-05,storagesense,sense_163884,163884,5x10,sense_4923100,listed,59,1.18
2026-09-05,storagesense,sense_163884,163884,10x15,sense_4626788,listed,99,1.18
2026-09-05,storagesense,sense_163884,163884,5x10,sense_4625620,delisted,59,1.18
2026-09-05,storagesense,sense_163884,163884,10x15,sense_4625386,delisted,,1.18
2026-09-05,storagesense,sense_163886,163886,5x10,sense_4615933,listed,99,1.18
2026-09-05,storagesense,sense_163886,163886,10x10,sense_4616607,listed,132,1.18
2026-09-05,storagesense,sense_163886,163886,10x30,sense_4616243,listed,499,1.18
2026-09-05,storagesense,sense_163886,163886,5x10,sense_4615950,delisted,99,1.18
2026-09-05,storagesense,sense_163886,163886,10x10,sense_4615697,delisted,132,1.18
2026-09-05,storagesense,sense_163886,163886,10x30,sense_4615405,delisted,,1.18
2026-09-05,storagesense,sense_163958,163958,10x25,sense_4895142,listed,,1.18
2026-09-05,storagesense,sense_163958,163958,10x25,sense_4895502,delisted,163,1.18
2026-09-05,storagesense,sense_163987,163987,10x10,sense_4921080,listed,39,1.18
2026-09-05,storagesense,sense_163987,163987,10x10,sense_4920799,delisted,39,1.18
2026-09-05,storagesense,sense_164023,164023,11x34,sense_4961454,listed,394,1.18
2026-09-05,storagesense,sense_164023,164023,11x34,sense_4961462,delisted,189,1.18
2026-09-05,storagesense,sense_164035,164035,10x10,sense_4967960,listed,136,1.18
2026-09-05,storagesense,sense_164035,164035,10x15,sense_4974767,listed,,1.18
2026-09-05,storagesense,sense_164035,164035,10x10,sense_4968000,delisted,136,1.18
2026-09-05,storagesense,sense_164035,164035,10x15,sense_4968068,delisted,200,1.18
2026-09-05,storagesense,sense_164049,164049,10x10,sense_4976020,listed,62,1.18
2026-09-05,storagesense,sense_164049,164049,10x10,sense_4976102,delisted,62,1.18
2026-09-05,storagesense,sense_164051,164051,10x15,sense_4976577,listed,,1.18
2026-09-05,storagesense,sense_164051,164051,10x15,sense_4976544,delisted,,1.18
2026-09-05,storagesense,sense_164053,164053,5x10,sense_4977125,listed,34,1.18
2026-09-05,storagesense,sense_164053,164053,10x5,sense_4977147,listed,34,1.18
2026-09-05,storagesense,sense_164053,164053,10x10,sense_4977162,listed,59,1.18
2026-09-05,storagesense,sense_164053,164053,10x20,sense_4977103,listed,,1.18
2026-09-05,storagesense,sense_164053,164053,10x5,sense_4977059,delisted,34,1.18
2026-09-05,storagesense,sense_164053,164053,10x20,sense_4977099,delisted,79,1.18
2026-09-05,storagesense,sense_164053,164053,5x10,sense_4977140,delisted,,1.18
2026-09-05,storagesense,sense_164053,164053,10x10,sense_4977139,delisted,,1.18
2026-09-05,storagesense,sense_164054,164054,5x10,sense_4977689,listed,24,1.18
2026-09-05,storagesense,sense_164054,164054,5x10,sense_4977398,delisted,,1.18
2026-09-05,storagesense,sense_164057,164057,10x8,sense_4980051,listed,56,1.18
2026-09-05,storagesense,sense_164057,164057,10x10,sense_4979688,listed,64,1.18
2026-09-05,storagesense,sense_164057,164057,10x20,sense_4979638,listed,105,1.18
2026-09-05,storagesense,sense_164057,164057,10x8,sense_4980020,delisted,56,1.18
2026-09-05,storagesense,sense_164057,164057,10x10,sense_4979944,delisted,64,1.18
2026-09-05,storagesense,sense_164057,164057,10x20,sense_4979942,delisted,,1.18
2026-09-05,storagesense,sense_164067,164067,3x10,sense_4983527,listed,77,1.18
2026-09-05,storagesense,sense_164067,164067,10x15,sense_4983402,listed,199,1.18
2026-09-05,storagesense,sense_164067,164067,3x10,sense_4983269,delisted,77,1.18
2026-09-05,storagesense,sense_164067,164067,10x15,sense_4983234,delisted,199,1.18
2026-09-05,storagesense,sense_164072,164072,10x8,sense_4986891,listed,36,1.18
2026-09-05,storagesense,sense_164072,164072,10x20,sense_4987037,listed,86,1.18
2026-09-05,storagesense,sense_164072,164072,10x20,sense_4986873,unpriced,86,1.18
2026-09-05,storagesense,sense_164072,164072,10x8,sense_4987040,delisted,36,1.18
2026-09-05,storagesense,sense_164072,164072,10x20,sense_4987035,delisted,86,1.18
2026-09-05,storagesense,sense_164085,164085,10x10,sense_4998129,listed,,1.18
2026-09-05,storagesense,sense_164085,164085,10x10,sense_4998138,delisted,,1.18
2026-09-05,storagesense,sense_164100,164100,10x10,sense_5007712,listed,114,1.18
2026-09-05,storagesense,sense_164100,164100,7x12,sense_5007784,unpriced,84,1.18
2026-09-05,storagesense,sense_164100,164100,10x10,sense_5007716,delisted,114,1.18
2026-09-05,storagesense,sense_164104,164104,10x10,sense_5012889,listed,99,1.18
2026-09-05,storagesense,sense_164104,164104,10x10,sense_5012890,delisted,99,1.18
2026-09-05,storagesense,sense_164111,164111,10x10,sense_5016672,listed,89,1.18
2026-09-05,storagesense,sense_164111,164111,10x10,sense_5016674,delisted,89,1.18
2026-09-05,storagesense,sense_164130,164130,7.5x10,sense_5026988,listed,51,1.18
2026-09-05,storagesense,sense_164130,164130,7.5x10,sense_5026989,delisted,51,1.18
2026-09-05,storagesense,sense_164135,164135,5x5,sense_5036458,listed,49,1.18
2026-09-05,storagesense,sense_164135,164135,10x15,sense_5036537,listed,179,1.18
2026-09-05,storagesense,sense_164135,164135,10x15,sense_5036698,listed,201,1.18
2026-09-05,storagesense,sense_164135,164135,5x5,sense_5036459,delisted,49,1.18
2026-09-05,storagesense,sense_164135,164135,10x15,sense_5036539,delisted,179,1.18
2026-09-05,storagesense,sense_164135,164135,10x15,sense_5036213,delisted,201,1.18
2026-09-05,storagesense,sense_164248,164248,15x5,sense_5335781,listed,59,1.18
2026-09-05,storagesense,sense_164248,164248,30x10,sense_5335783,listed,144,1.18
2026-09-05,storagesense,sense_164248,164248,15x5,sense_5335784,delisted,59,1.18
2026-09-05,storagesense,sense_164248,164248,30x10,sense_5335805,delisted,137,1.18
2026-09-05,storagesense,sense_1680,1680,5x10,sense_4642810,listed,48,1.18
2026-09-05,storagesense,sense_1680,1680,10x10,sense_4643425,listed,82,1.18
2026-09-05,storagesense,sense_1680,1680,10x30,sense_4642500,listed,137,1.18
2026-09-05,storagesense,sense_1680,1680,20x20,sense_4645003,listed,147,1.18
2026-09-05,storagesense,sense_1680,1680,5x10,sense_4644637,delisted,100,1.18
2026-09-05,storagesense,sense_1680,1680,10x10,sense_4645324,delisted,171,1.18
2026-09-05,storagesense,sense_1680,1680,10x30,sense_4642553,delisted,,1.18
2026-09-05,storagesense,sense_1680,1680,20x20,sense_4643786,delisted,,1.18
2026-09-05,storagesense,sense_16997,16997,10x20,sense_4623652,listed,224,1.18
2026-09-05,storagesense,sense_16997,16997,10x30,sense_4626668,listed,234,1.18
2026-09-05,storagesense,sense_16997,16997,5x5,sense_4624637,listed,,1.18
2026-09-05,storagesense,sense_16997,16997,5x10,sense_4623861,listed,,1.18
2026-09-05,storagesense,sense_16997,16997,5x5,sense_4623984,delisted,29,1.18
2026-09-05,storagesense,sense_16997,16997,5x10,sense_4623971,delisted,64,1.18
2026-09-05,storagesense,sense_16997,16997,10x20,sense_4915958,delisted,,1.18
2026-09-05,storagesense,sense_16997,16997,10x30,sense_4625392,delisted,,1.18
2026-09-05,storagesense,sense_16998,16998,5x5,sense_4709560,listed,29,1.18
2026-09-05,storagesense,sense_16998,16998,5x10,sense_4710176,listed,39,1.18
2026-09-05,storagesense,sense_16998,16998,5x5,sense_5296312,delisted,29,1.18
2026-09-05,storagesense,sense_16998,16998,5x10,sense_4709374,delisted,,1.18
2026-09-05,storagesense,sense_17038,17038,5x10,sense_4707460,listed,44,1.18
2026-09-05,storagesense,sense_17038,17038,5x10,sense_4707266,delisted,44,1.18
2026-09-05,storagesense,sense_17040,17040,10x20,sense_4650022,listed,42,1.18
2026-09-05,storagesense,sense_17040,17040,10x24,sense_4650481,listed,,1.18
2026-09-05,storagesense,sense_17040,17040,10x35,sense_4647394,listed,,1.18
2026-09-05,storagesense,sense_17040,17040,10x24,sense_4647978,delisted,155,1.18
2026-09-05,storagesense,sense_17040,17040,10x35,sense_4651106,delisted,60,1.18
2026-09-05,storagesense,sense_17040,17040,10x20,sense_4996277,delisted,,1.18
2026-09-05,storagesense,sense_17059,17059,10x10,sense_4892156,listed,73,1.18
2026-09-05,storagesense,sense_17059,17059,10x15,sense_4696161,listed,100,1.18
2026-09-05,storagesense,sense_17059,17059,10x20,sense_4695868,listed,130,1.18
2026-09-05,storagesense,sense_17059,17059,10x15,sense_4695817,delisted,100,1.18
2026-09-05,storagesense,sense_17059,17059,10x10,sense_4892157,delisted,,1.18
2026-09-05,storagesense,sense_17059,17059,10x20,sense_4892153,delisted,,1.18
2026-09-05,storagesense,sense_17060,17060,10x20,sense_4681134,listed,29,1.18
2026-09-05,storagesense,sense_17060,17060,10x20,sense_4681216,delisted,29,1.18
2026-09-05,storagesense,sense_17080,17080,8x30,sense_4678405,repriced_from_unpriced,299,1.18
2026-09-05,storagesense,sense_17087,17087,10x30,sense_5257441,listed,109,1.18
2026-09-05,storagesense,sense_17087,17087,10x30,sense_4987881,delisted,109,1.18
2026-09-05,storagesense,sense_17088,17088,10x20,sense_4700364,listed,124,1.18
2026-09-05,storagesense,sense_17088,17088,10x20,sense_4700325,delisted,139,1.18
2026-09-05,storagesense,sense_17098,17098,10x10,sense_4720188,listed,139,1.18
2026-09-05,storagesense,sense_17098,17098,14x10,sense_4721856,listed,164,1.18
2026-09-05,storagesense,sense_17098,17098,10x10,sense_4721972,delisted,139,1.18
2026-09-05,storagesense,sense_17098,17098,14x10,sense_4720874,delisted,,1.18
2026-09-05,storagesense,sense_17123,17123,5x10,sense_4840336,listed,72,1.18
2026-09-05,storagesense,sense_17123,17123,5x10,sense_4840594,delisted,64,1.18
2026-09-05,storagesense,sense_17124,17124,5x15,sense_4717976,listed,34,1.18
2026-09-05,storagesense,sense_17124,17124,5x15,sense_4718011,delisted,34,1.18
2026-09-05,storagesense,sense_17161,17161,5x5,sense_4637687,listed,36,1.18
2026-09-05,storagesense,sense_17161,17161,10x15,sense_4637398,listed,84,1.18
2026-09-05,storagesense,sense_17161,17161,5x5,sense_4637675,delisted,36,1.18
2026-09-05,storagesense,sense_17161,17161,10x15,sense_4635890,delisted,84,1.18
2026-09-05,storagesense,sense_17162,17162,5x10,sense_4610979,listed,14,1.18
2026-09-05,storagesense,sense_17162,17162,5x10,sense_4611019,delisted,14,1.18
2026-09-05,storagesense,sense_17172,17172,10x15,sense_4659348,listed,89,1.18
2026-09-05,storagesense,sense_17172,17172,10x10,sense_4656123,listed,,1.18
2026-09-05,storagesense,sense_17172,17172,10x10,sense_4656316,delisted,60,1.18
2026-09-05,storagesense,sense_17172,17172,10x15,sense_4659381,delisted,89,1.18
2026-09-05,storagesense,sense_17173,17173,5x9,sense_4613580,listed,,1.18
2026-09-05,storagesense,sense_17173,17173,5x9,sense_4613559,delisted,60,1.18
2026-09-05,storagesense,sense_17182,17182,5x5,sense_4618216,listed,,1.18
2026-09-05,storagesense,sense_17182,17182,5x5,sense_4619049,delisted,56,1.18
2026-09-05,storagesense,sense_17209,17209,5x10,sense_4624028,listed,29,1.18
2026-09-05,storagesense,sense_17209,17209,5x5,sense_4624374,listed,,1.18
2026-09-05,storagesense,sense_17209,17209,5x5,sense_4624384,delisted,19,1.18
2026-09-05,storagesense,sense_17209,17209,5x10,sense_4624044,delisted,29,1.18
2026-09-05,storagesense,sense_17238,17238,10x5,sense_4688850,listed,86,1.18
2026-09-05,storagesense,sense_17238,17238,10x7,sense_4693304,listed,106,1.18
2026-09-05,storagesense,sense_17238,17238,5x10,sense_4682855,listed,114,1.18
2026-09-05,storagesense,sense_17238,17238,10x10,sense_4686298,listed,149,1.18
2026-09-05,storagesense,sense_17238,17238,7x20,sense_4693440,listed,179,1.18
2026-09-05,storagesense,sense_17238,17238,10x5,sense_4694161,delisted,86,1.18
2026-09-05,storagesense,sense_17238,17238,10x7,sense_4688116,delisted,106,1.18
2026-09-05,storagesense,sense_17238,17238,10x10,sense_4683750,delisted,149,1.18
2026-09-05,storagesense,sense_17238,17238,7x20,sense_4693535,delisted,179,1.18
2026-09-05,storagesense,sense_17238,17238,5x10,sense_4685517,delisted,,1.18
2026-09-05,storagesense,sense_17256,17256,8x12,sense_5293970,listed,124,1.18
2026-09-05,storagesense,sense_17256,17256,8x12,sense_4635721,delisted,,1.18
2026-09-05,storagesense,sense_17359,17359,10x10,sense_4711062,listed,,1.18
2026-09-05,storagesense,sense_17359,17359,10x10,sense_4710810,delisted,,1.18
2026-09-05,storagesense,sense_17392,17392,10x10,sense_4791458,listed,165,1.18
2026-09-05,storagesense,sense_17392,17392,10x20,sense_4791682,listed,65,1.18
2026-09-05,storagesense,sense_17392,17392,12x35,sense_4791588,listed,75,1.18
2026-09-05,storagesense,sense_17392,17392,10x10,sense_4791455,delisted,165,1.18
2026-09-05,storagesense,sense_17392,17392,10x20,sense_4791572,delisted,65,1.18
2026-09-05,storagesense,sense_17392,17392,12x35,sense_4791593,delisted,,1.18
2026-09-05,storagesense,sense_17403,17403,5x5,sense_5355942,listed,35,1.18
2026-09-05,storagesense,sense_17403,17403,5x10,sense_5000446,listed,55,1.18
2026-09-05,storagesense,sense_17403,17403,5x10,sense_4838275,listed,74,1.18
2026-09-05,storagesense,sense_17403,17403,10x10,sense_5355978,listed,90,1.18
2026-09-05,storagesense,sense_17403,17403,10x15,sense_5355979,listed,105,1.18
2026-09-05,storagesense,sense_17403,17403,5x10,sense_5000425,delisted,55,1.18
2026-09-05,storagesense,sense_17403,17403,5x10,sense_4958413,delisted,83,1.18
2026-09-05,storagesense,sense_17403,17403,10x10,sense_4838476,delisted,101,1.18
2026-09-05,storagesense,sense_17403,17403,10x15,sense_5081446,delisted,132,1.18
2026-09-05,storagesense,sense_17403,17403,5x5,sense_4838328,delisted,,1.18
2026-09-05,storagesense,sense_17404,17404,5x10,sense_5347779,delisted,44,1.18
2026-09-05,storagesense,sense_1915,1915,10x10,sense_4646323,repriced_from_unpriced,55,1.18
2026-09-05,storagesense,sense_1915,1915,10x15,sense_4642280,listed,110,1.18
2026-09-05,storagesense,sense_1915,1915,10x20,sense_4645223,listed,90,1.18
2026-09-05,storagesense,sense_1915,1915,10x20,sense_4644000,listed,,1.18
2026-09-05,storagesense,sense_1915,1915,10x15,sense_4651381,delisted,110,1.18
2026-09-05,storagesense,sense_1915,1915,10x20,sense_4649892,delisted,65,1.18
2026-09-05,storagesense,sense_1915,1915,10x20,sense_4642838,delisted,188,1.18
2026-09-05,storagesense,sense_1918,1918,10x20,sense_5276518,listed,49,1.18
2026-09-05,storagesense,sense_1918,1918,10x5,sense_4689596,listed,65,1.18
2026-09-05,storagesense,sense_1918,1918,5x10,sense_4694308,listed,78,1.18
2026-09-05,storagesense,sense_1918,1918,10x15,sense_4697340,unpriced,120,1.18
2026-09-05,storagesense,sense_1918,1918,10x20,sense_4695802,unpriced,109,1.18
2026-09-05,storagesense,sense_1918,1918,5x10,sense_4693670,delisted,65,1.18
2026-09-05,storagesense,sense_1918,1918,10x5,sense_4694983,delisted,65,1.18
2026-09-05,storagesense,sense_1918,1918,10x20,sense_4701177,delisted,,1.18
2026-09-05,storagesense,sense_1976,1976,10x15,sense_4853375,listed,180,1.18
2026-09-05,storagesense,sense_1976,1976,10x15,sense_5350988,delisted,144,1.18
2026-09-05,storagesense,sense_1983,1983,5x5,sense_4712939,listed,36,1.18
2026-09-05,storagesense,sense_1983,1983,5x10,sense_4712417,listed,62,1.18
2026-09-05,storagesense,sense_1983,1983,8x16,sense_4713208,unpriced,89,1.18
2026-09-05,storagesense,sense_1983,1983,5x5,sense_4712296,delisted,36,1.18
2026-09-05,storagesense,sense_1983,1983,5x10,sense_4712374,delisted,62,1.18
2026-09-05,storagesense,sense_2100,2100,10x25,sense_4670553,listed,145,1.18
2026-09-05,storagesense,sense_2100,2100,10x25,sense_5250204,delisted,145,1.18
2026-09-05,storagesense,sense_2115,2115,5x10,sense_4688878,listed,,1.18
2026-09-05,storagesense,sense_2115,2115,5x10,sense_4688321,delisted,64,1.18
2026-09-05,storagesense,sense_2116,2116,10x20,sense_4626912,listed,199,1.18
2026-09-05,storagesense,sense_2116,2116,10x30,sense_5187888,listed,259,1.18
2026-09-05,storagesense,sense_2116,2116,10x20,sense_4626935,delisted,,1.18
2026-09-05,storagesense,sense_2116,2116,10x30,sense_4627453,delisted,,1.18
2026-09-05,storagesense,sense_2117,2117,10x20,sense_4663828,listed,149,1.18
2026-09-05,storagesense,sense_2117,2117,10x20,sense_4662001,delisted,,1.18
2026-09-05,storagesense,sense_2119,2119,10x20,sense_4681839,listed,147,1.18
2026-09-05,storagesense,sense_2119,2119,10x20,sense_4684198,delisted,147,1.18
2026-09-05,storagesense,sense_2121,2121,10x10,sense_5082100,listed,219,1.18
2026-09-05,storagesense,sense_2121,2121,10x10,sense_4670021,delisted,219,1.18
2026-09-05,storagesense,sense_2136,2136,10x25,sense_4677879,listed,,1.18
2026-09-05,storagesense,sense_2136,2136,10x25,sense_4677900,delisted,253,1.18
2026-09-05,storagesense,sense_2137,2137,5x10,sense_4670271,listed,45,1.18
2026-09-05,storagesense,sense_2137,2137,5x10,sense_4673518,delisted,40,1.18
2026-09-05,storagesense,sense_2138,2138,10x20,sense_4686329,listed,,1.18
2026-09-05,storagesense,sense_2138,2138,10x20,sense_4686095,delisted,44,1.18
2026-09-05,storagesense,sense_2139,2139,5x10,sense_4676093,listed,,1.18
2026-09-05,storagesense,sense_2139,2139,5x10,sense_4676073,delisted,58,1.18
2026-09-05,storagesense,sense_2141,2141,10x10,sense_4635535,listed,123,1.18
2026-09-05,storagesense,sense_2141,2141,10x10,sense_4635567,delisted,123,1.18
2026-09-05,storagesense,sense_2142,2142,10x20,sense_4696931,listed,206,1.18
2026-09-05,storagesense,sense_2142,2142,5x10,sense_4693245,listed,,1.18
2026-09-05,storagesense,sense_2142,2142,5x10,sense_4696354,delisted,79,1.18
2026-09-05,storagesense,sense_2142,2142,10x20,sense_4691454,delisted,,1.18
2026-09-05,storagesense,sense_2151,2151,10x20,sense_4700966,listed,179,1.18
2026-09-05,storagesense,sense_2151,2151,10x20,sense_4699495,delisted,179,1.18
2026-09-05,storagesense,sense_2152,2152,10x20,sense_4702001,listed,123,1.18
2026-09-05,storagesense,sense_2152,2152,10x20,sense_4702212,delisted,109,1.18
2026-09-05,storagesense,sense_2165,2165,5x5,sense_5068254,listed,58,1.18
2026-09-05,storagesense,sense_2165,2165,5x10,sense_4688723,listed,129,1.18
2026-09-05,storagesense,sense_2165,2165,10x10,sense_4695572,listed,114,1.18
2026-09-05,storagesense,sense_2165,2165,10x10,sense_4695031,repriced_from_unpriced,126,1.18
2026-09-05,storagesense,sense_2165,2165,10x20,sense_4691446,listed,202,1.18
2026-09-05,storagesense,sense_2165,2165,5x10,sense_4690061,delisted,82,1.18
2026-09-05,storagesense,sense_2165,2165,10x10,sense_4689673,delisted,114,1.18
2026-09-05,storagesense,sense_2165,2165,10x20,sense_4691188,delisted,202,1.18
2026-09-05,storagesense,sense_2165,2165,5x5,sense_5068259,delisted,,1.18
2026-09-05,storagesense,sense_2166,2166,10x10,sense_4714218,listed,44,1.18
2026-09-05,storagesense,sense_2166,2166,10x10,sense_4715253,delisted,44,1.18
2026-09-05,storagesense,sense_2170,2170,10x30,sense_4691625,listed,54,1.18
2026-09-05,storagesense,sense_2170,2170,10x30,sense_4691390,delisted,54,1.18
2026-09-05,storagesense,sense_2171,2171,10x10,sense_4666215,listed,39,1.18
2026-09-05,storagesense,sense_2171,2171,10x20,sense_4665278,listed,99,1.18
2026-09-05,storagesense,sense_2171,2171,10x10,sense_4665995,delisted,39,1.18
2026-09-05,storagesense,sense_2171,2171,10x20,sense_4665318,delisted,99,1.18
2026-09-05,storagesense,sense_2230,2230,10x10,sense_4690382,listed,101,1.18
2026-09-05,storagesense,sense_2230,2230,10x20,sense_4691825,listed,154,1.18
2026-09-05,storagesense,sense_2230,2230,10x10,sense_4689089,delisted,101,1.18
2026-09-05,storagesense,sense_2230,2230,10x20,sense_4688527,delisted,154,1.18
2026-09-05,storagesense,sense_2238,2238,5x10,sense_4687166,listed,73,1.18
2026-09-05,storagesense,sense_2238,2238,5x10,sense_4687183,listed,73,1.18
2026-09-05,storagesense,sense_2238,2238,10x15,sense_4689543,listed,63,1.18
2026-09-05,storagesense,sense_2238,2238,10x15,sense_5007031,listed,69,1.18
2026-09-05,storagesense,sense_2238,2238,5x10,sense_4688474,listed,,1.18
2026-09-05,storagesense,sense_2238,2238,5x10,sense_4688931,delisted,73,1.18
2026-09-05,storagesense,sense_2238,2238,5x10,sense_5055607,delisted,82,1.18
2026-09-05,storagesense,sense_2238,2238,5x10,sense_5033161,delisted,,1.18
2026-09-05,storagesense,sense_2238,2238,10x15,sense_5007039,delisted,,1.18
2026-09-05,storagesense,sense_2238,2238,10x15,sense_5007030,delisted,,1.18
2026-09-05,storagesense,sense_2267,2267,12x20,sense_4793320,listed,129,1.18
2026-09-05,storagesense,sense_2267,2267,12x20,sense_4793220,delisted,129,1.18
2026-09-05,storagesense,sense_2281,2281,5x10,sense_5357533,listed,51,1.18
2026-09-05,storagesense,sense_2281,2281,10x20,sense_5357529,listed,155,1.18
2026-09-05,storagesense,sense_2290,2290,10x10,sense_4726443,listed,69,1.18
2026-09-05,storagesense,sense_2290,2290,10x10,sense_4726560,delisted,69,1.18
2026-09-05,storagesense,sense_2291,2291,10x10,sense_4726113,listed,163,1.18
2026-09-05,storagesense,sense_2291,2291,10x25,sense_4726280,listed,155,1.18
2026-09-05,storagesense,sense_2291,2291,10x10,sense_4726209,delisted,78,1.18
2026-09-05,storagesense,sense_2291,2291,10x25,sense_4726312,delisted,138,1.18
2026-09-05,storagesense,sense_2306,2306,10x10,sense_4684374,listed,44,1.18
2026-09-05,storagesense,sense_2306,2306,10x10,sense_4686744,listed,92,1.18
2026-09-05,storagesense,sense_2306,2306,10x10,sense_4684281,delisted,,1.18
2026-09-05,storagesense,sense_2306,2306,10x10,sense_4684542,delisted,,1.18
2026-09-05,storagesense,sense_2307,2307,10x10,sense_4651742,listed,116,1.18
2026-09-05,storagesense,sense_2307,2307,10x10,sense_4648932,delisted,116,1.18
2026-09-05,storagesense,sense_2316,2316,10x15,sense_5082215,listed,147,1.18
2026-09-05,storagesense,sense_2316,2316,10x20,sense_5082251,listed,217,1.18
2026-09-05,storagesense,sense_2316,2316,10x25,sense_4614069,listed,323,1.18
2026-09-05,storagesense,sense_2316,2316,10x15,sense_5082217,delisted,147,1.18
2026-09-05,storagesense,sense_2316,2316,10x20,sense_5082276,delisted,,1.18
2026-09-05,storagesense,sense_2316,2316,10x25,sense_4614385,delisted,,1.18
2026-09-05,storagesense,sense_2322,2322,5x5,sense_5031008,listed,110,1.18
2026-09-05,storagesense,sense_2322,2322,10x15,sense_4626751,unpriced,239,1.18
2026-09-05,storagesense,sense_2322,2322,5x5,sense_5031047,delisted,,1.18
2026-09-05,storagesense,sense_2324,2324,10x20,sense_4683143,listed,124,1.18
2026-09-05,storagesense,sense_2324,2324,10x20,sense_4678893,listed,,1.18
2026-09-05,storagesense,sense_2324,2324,10x20,sense_4681581,delisted,124,1.18
2026-09-05,storagesense,sense_2324,2324,10x20,sense_4686923,delisted,149,1.18
2026-09-05,storagesense,sense_2325,2325,5x10,sense_4669570,listed,92,1.18
2026-09-05,storagesense,sense_2325,2325,10x15,sense_4668614,listed,152,1.18
2026-09-05,storagesense,sense_2325,2325,5x10,sense_4669642,delisted,92,1.18
2026-09-05,storagesense,sense_2325,2325,10x15,sense_4668668,delisted,,1.18
2026-09-05,storagesense,sense_2326,2326,5x10,sense_4618368,listed,95,1.18
2026-09-05,storagesense,sense_2326,2326,10x20,sense_4616271,listed,217,1.18
2026-09-05,storagesense,sense_2326,2326,10x25,sense_4617180,listed,169,1.18
2026-09-05,storagesense,sense_2326,2326,10x20,sense_4613459,delisted,217,1.18
2026-09-05,storagesense,sense_2326,2326,10x25,sense_4619750,delisted,169,1.18
2026-09-05,storagesense,sense_2326,2326,5x10,sense_4618214,delisted,,1.18
2026-09-05,storagesense,sense_2336,2336,10x10,sense_4690018,listed,145,1.18
2026-09-05,storagesense,sense_2336,2336,10x15,sense_4690640,listed,210,1.18
2026-09-05,storagesense,sense_2336,2336,5x5,sense_4686590,listed,,1.18
2026-09-05,storagesense,sense_2336,2336,5x5,sense_4686642,delisted,48,1.18
2026-09-05,storagesense,sense_2336,2336,10x10,sense_4693826,delisted,145,1.18
2026-09-05,storagesense,sense_2336,2336,10x15,sense_4688995,delisted,329,1.18
2026-09-05,storagesense,sense_2339,2339,5x5,sense_4617438,listed,41,1.18
2026-09-05,storagesense,sense_2339,2339,5x5,sense_4617457,delisted,,1.18
2026-09-05,storagesense,sense_2340,2340,10x10,sense_4699386,listed,64,1.18
2026-09-05,storagesense,sense_2340,2340,10x20,sense_4700873,repriced_from_unpriced,179,1.18
2026-09-05,storagesense,sense_2340,2340,10x10,sense_4697083,delisted,64,1.18
2026-09-05,storagesense,sense_2346,2346,5x10,sense_4684485,listed,74,1.18
2026-09-05,storagesense,sense_2346,2346,10x22,sense_4681344,repriced_from_unpriced,286,1.18
2026-09-05,storagesense,sense_2346,2346,5x10,sense_4683218,delisted,74,1.18
2026-09-05,storagesense,sense_2355,2355,5x10,sense_4617205,listed,111,1.18
2026-09-05,storagesense,sense_2355,2355,5x10,sense_4617187,listed,,1.18
2026-09-05,storagesense,sense_2355,2355,5x10,sense_4617272,delisted,99,1.18
2026-09-05,storagesense,sense_2355,2355,5x10,sense_4617452,delisted,99,1.18
2026-09-05,storagesense,sense_2364,2364,10x10,sense_4625618,listed,75,1.18
2026-09-05,storagesense,sense_2364,2364,10x15,sense_4628735,listed,,1.18
2026-09-05,storagesense,sense_2364,2364,10x10,sense_4625675,delisted,85,1.18
2026-09-05,storagesense,sense_2364,2364,10x15,sense_4626074,delisted,99,1.18
2026-09-05,storagesense,sense_2371,2371,5x10,sense_4612613,listed,76,1.18
2026-09-05,storagesense,sense_2371,2371,5x10,sense_4613648,delisted,76,1.18
2026-09-05,storagesense,sense_2383,2383,10x10,sense_4620482,listed,174,1.18
2026-09-05,storagesense,sense_2383,2383,10x15,sense_4622546,listed,259,1.18
2026-09-05,storagesense,sense_2383,2383,10x20,sense_4619952,listed,299,1.18
2026-09-05,storagesense,sense_2383,2383,10x10,sense_4620228,delisted,174,1.18
2026-09-05,storagesense,sense_2383,2383,10x20,sense_4620028,delisted,299,1.18
2026-09-05,storagesense,sense_2383,2383,10x15,sense_4622586,delisted,,1.18
2026-09-05,storagesense,sense_2386,2386,5x15,sense_4620521,listed,99,1.18
2026-09-05,storagesense,sense_2386,2386,5x15,sense_4620319,delisted,99,1.18
2026-09-05,storagesense,sense_2387,2387,10x25,sense_4634604,repriced_from_unpriced,99,1.18
2026-09-05,storagesense,sense_2387,2387,10x25,sense_4634487,listed,207,1.18
2026-09-05,storagesense,sense_2387,2387,10x20,sense_4634362,listed,,1.18
2026-09-05,storagesense,sense_2387,2387,12x20,sense_4633273,listed,,1.18
2026-09-05,storagesense,sense_2387,2387,10x20,sense_4633009,delisted,92,1.18
2026-09-05,storagesense,sense_2387,2387,12x20,sense_4633146,delisted,96,1.18
2026-09-05,storagesense,sense_2387,2387,10x25,sense_4634571,delisted,99,1.18
2026-09-05,storagesense,sense_2388,2388,5x10,sense_4633883,listed,67,1.18
2026-09-05,storagesense,sense_2388,2388,10x10,sense_4633796,listed,79,1.18
2026-09-05,storagesense,sense_2388,2388,10x20,sense_4632574,listed,,1.18
2026-09-05,storagesense,sense_2388,2388,5x10,sense_4633864,delisted,59,1.18
2026-09-05,storagesense,sense_2388,2388,10x10,sense_4633579,delisted,79,1.18
2026-09-05,storagesense,sense_2388,2388,10x20,sense_4634869,delisted,129,1.18
2026-09-05,storagesense,sense_2390,2390,5x10,sense_4634695,listed,40,1.18
2026-09-05,storagesense,sense_2390,2390,10x15,sense_4633060,listed,86,1.18
2026-09-05,storagesense,sense_2390,2390,10x15,sense_4634864,delisted,86,1.18
2026-09-05,storagesense,sense_2390,2390,5x10,sense_4634615,delisted,,1.18
2026-09-05,storagesense,sense_2391,2391,10x10,sense_4636265,repriced_from_unpriced,101,1.18
2026-09-05,storagesense,sense_2391,2391,10x20,sense_4636152,listed,161,1.18
2026-09-05,storagesense,sense_2391,2391,10x20,sense_4636036,delisted,161,1.18
2026-09-05,storagesense,sense_2392,2392,5x10,sense_5004508,listed,48,1.18
2026-09-05,storagesense,sense_2392,2392,10x10,sense_5004507,listed,82,1.18
2026-09-05,storagesense,sense_2392,2392,10x30,sense_5004435,listed,137,1.18
2026-09-05,storagesense,sense_2392,2392,20x20,sense_5004663,listed,147,1.18
2026-09-05,storagesense,sense_2392,2392,5x10,sense_5004624,delisted,100,1.18
2026-09-05,storagesense,sense_2392,2392,10x10,sense_5004696,delisted,171,1.18
2026-09-05,storagesense,sense_2392,2392,10x30,sense_5004537,delisted,,1.18
2026-09-05,storagesense,sense_2392,2392,20x20,sense_5004536,delisted,,1.18
2026-09-05,storagesense,sense_2393,2393,5x10,sense_4629588,listed,67,1.18
2026-09-05,storagesense,sense_2393,2393,5x10,sense_4629306,delisted,76,1.18
2026-09-05,storagesense,sense_2397,2397,10x20,sense_4624770,listed,90,1.18
2026-09-05,storagesense,sense_2397,2397,10x40,sense_4625404,listed,,1.18
2026-09-05,storagesense,sense_2397,2397,10x20,sense_4624511,delisted,90,1.18
2026-09-05,storagesense,sense_2397,2397,10x40,sense_4625604,delisted,69,1.18
2026-09-05,storagesense,sense_2398,2398,5x10,sense_4626974,listed,61,1.18
2026-09-05,storagesense,sense_2398,2398,8x20,sense_4628321,listed,96,1.18
2026-09-05,storagesense,sense_2398,2398,5x10,sense_4627573,delisted,61,1.18
2026-09-05,storagesense,sense_2398,2398,8x20,sense_4628110,delisted,96,1.18
2026-09-05,storagesense,sense_2399,2399,10x20,sense_4633850,listed,,1.18
2026-09-05,storagesense,sense_2399,2399,10x20,sense_4633770,delisted,165,1.18
2026-09-05,storagesense,sense_2403,2403,10x15,sense_4999208,listed,149,1.18
2026-09-05,storagesense,sense_2403,2403,10x15,sense_4652833,delisted,149,1.18
2026-09-05,storagesense,sense_2411,2411,5x5,sense_5038907,listed,34,1.18
2026-09-05,storagesense,sense_2411,2411,10x20,sense_4658878,listed,64,1.18
2026-09-05,storagesense,sense_2411,2411,5x5,sense_5038911,delisted,16,1.18
2026-09-05,storagesense,sense_2411,2411,10x20,sense_4655339,delisted,64,1.18
2026-09-05,storagesense,sense_2417,2417,8x20,sense_4653518,listed,67,1.18
2026-09-05,storagesense,sense_2417,2417,8x20,sense_4654835,delisted,76,1.18
2026-09-05,storagesense,sense_2420,2420,8x10,sense_4652591,listed,123,1.18
2026-09-05,storagesense,sense_2420,2420,8x10,sense_4652578,delisted,109,1.18
2026-09-05,storagesense,sense_2448,2448,10x10,sense_4643127,listed,136,1.18
2026-09-05,storagesense,sense_2448,2448,10x20,sense_4643954,listed,206,1.18
2026-09-05,storagesense,sense_2448,2448,10x10,sense_4642245,delisted,136,1.18
2026-09-05,storagesense,sense_2448,2448,10x20,sense_4642684,delisted,206,1.18
2026-09-05,storagesense,sense_2457,2457,15x20,sense_4709027,repriced_from_unpriced,414,1.18
2026-09-05,storagesense,sense_2457,2457,11x40,sense_4710645,listed,129,1.18
2026-09-05,storagesense,sense_2457,2457,12x45,sense_4711690,listed,249,1.18
2026-09-05,storagesense,sense_2457,2457,12x50,sense_4711858,listed,,1.18
2026-09-05,storagesense,sense_2457,2457,11x40,sense_4711136,delisted,129,1.18
2026-09-05,storagesense,sense_2457,2457,12x50,sense_4711589,delisted,264,1.18
2026-09-05,storagesense,sense_2457,2457,12x45,sense_4711677,delisted,,1.18
2026-09-05,storagesense,sense_2506,2506,10x20,sense_4700840,listed,159,1.18
2026-09-05,storagesense,sense_2506,2506,10x20,sense_4699647,delisted,,1.18
2026-09-05,storagesense,sense_2507,2507,15x25,sense_4713966,listed,249,1.18
2026-09-05,storagesense,sense_2507,2507,10x20,sense_4714226,listed,,1.18
2026-09-05,storagesense,sense_2507,2507,10x20,sense_4714121,delisted,164,1.18
2026-09-05,storagesense,sense_2507,2507,15x25,sense_4713981,delisted,249,1.18
2026-09-05,storagesense,sense_2519,2519,5x12,sense_4791986,listed,127,1.18
2026-09-05,storagesense,sense_2519,2519,5x12,sense_4791911,delisted,81,1.18
2026-09-05,storagesense,sense_2550,2550,6x10,sense_4839360,listed,50,1.18
2026-09-05,storagesense,sense_2550,2550,8x18,sense_4839222,listed,,1.18
2026-09-05,storagesense,sense_2550,2550,6x10,sense_4839368,delisted,44,1.18
2026-09-05,storagesense,sense_2550,2550,8x18,sense_4839193,delisted,54,1.18
2026-09-05,storagesense,sense_2556,2556,5x10,sense_4722167,listed,29,1.18
2026-09-05,storagesense,sense_2556,2556,10x10,sense_4722139,listed,41,1.18
2026-09-05,storagesense,sense_2556,2556,5x10,sense_4721977,delisted,29,1.18
2026-09-05,storagesense,sense_2556,2556,10x10,sense_4722010,delisted,36,1.18
2026-09-05,storagesense,sense_2566,2566,10x10,sense_4666105,listed,,1.18
2026-09-05,storagesense,sense_2566,2566,10x20,sense_4668671,listed,,1.18
2026-09-05,storagesense,sense_2566,2566,10x10,sense_4666185,delisted,79,1.18
2026-09-05,storagesense,sense_2566,2566,10x20,sense_4672876,delisted,78,1.18
2026-09-05,storagesense,sense_2596,2596,5x10,sense_4638934,listed,,1.18
2026-09-05,storagesense,sense_2596,2596,8x10,sense_5303152,unpriced,89,1.18
2026-09-05,storagesense,sense_2596,2596,10x10,sense_4640484,listed,,1.18
2026-09-05,storagesense,sense_2596,2596,5x10,sense_4639493,delisted,44,1.18
2026-09-05,storagesense,sense_2596,2596,10x10,sense_4929664,delisted,99,1.18
2026-09-05,storagesense,sense_2597,2597,5x7,sense_4662527,listed,,1.18
2026-09-05,storagesense,sense_2597,2597,5x7,sense_4662418,delisted,39,1.18
2026-09-05,storagesense,sense_2606,2606,10x15,sense_4686609,listed,162,1.18
2026-09-05,storagesense,sense_2606,2606,10x15,sense_4686679,delisted,144,1.18
2026-09-05,storagesense,sense_2650,2650,10x25,sense_4680347,listed,99,1.18
2026-09-05,storagesense,sense_2650,2650,10x10,sense_4681206,listed,,1.18
2026-09-05,storagesense,sense_2650,2650,10x10,sense_4682264,delisted,29,1.18
2026-09-05,storagesense,sense_2650,2650,10x25,sense_4680403,delisted,,1.18
2026-09-05,storagesense,sense_2665,2665,10x10,sense_4663783,listed,219,1.18
2026-09-05,storagesense,sense_2665,2665,10x10,sense_4667628,delisted,219,1.18
2026-09-05,storagesense,sense_2668,2668,10x10,sense_4673863,listed,109,1.18
2026-09-05,storagesense,sense_2668,2668,10x20,sense_4675708,listed,172,1.18
2026-09-05,storagesense,sense_2668,2668,12x30,sense_4676558,listed,131,1.18
2026-09-05,storagesense,sense_2668,2668,10x10,sense_4672321,delisted,123,1.18
2026-09-05,storagesense,sense_2668,2668,10x20,sense_4675418,delisted,137,1.18
2026-09-05,storagesense,sense_2668,2668,12x30,sense_4676861,delisted,,1.18
2026-09-05,storagesense,sense_2669,2669,5x10,sense_4640355,listed,118,1.18
2026-09-05,storagesense,sense_2669,2669,5x10,sense_4640627,delisted,133,1.18
2026-09-05,storagesense,sense_2678,2678,5x5,sense_4655854,listed,29,1.18
2026-09-05,storagesense,sense_2678,2678,5x10,sense_4654405,listed,52,1.18
2026-09-05,storagesense,sense_2678,2678,5x5,sense_4654838,delisted,29,1.18
2026-09-05,storagesense,sense_2678,2678,5x10,sense_4654884,delisted,52,1.18
2026-09-05,storagesense,sense_2690,2690,5x10,sense_4669997,listed,45,1.18
2026-09-05,storagesense,sense_2690,2690,10x10,sense_4676686,listed,70,1.18
2026-09-05,storagesense,sense_2690,2690,10x10,sense_4669252,listed,80,1.18
2026-09-05,storagesense,sense_2690,2690,15x10,sense_4678220,listed,91,1.18
2026-09-05,storagesense,sense_2690,2690,10x20,sense_4682854,listed,94,1.18
2026-09-05,storagesense,sense_2690,2690,5x10,sense_4665811,delisted,45,1.18
2026-09-05,storagesense,sense_2690,2690,10x10,sense_4679650,delisted,80,1.18
2026-09-05,storagesense,sense_2690,2690,15x10,sense_4668555,delisted,102,1.18
2026-09-05,storagesense,sense_2690,2690,10x20,sense_4682830,delisted,94,1.18
2026-09-05,storagesense,sense_2690,2690,10x10,sense_5142527,delisted,,1.18
2026-09-05,storagesense,sense_2692,2692,10x15,sense_4651471,listed,94,1.18
2026-09-05,storagesense,sense_2692,2692,10x15,sense_4649880,delisted,94,1.18
2026-09-05,storagesense,sense_2698,2698,5x10,sense_4702352,listed,99,1.18
2026-09-05,storagesense,sense_2698,2698,10x10,sense_4699947,listed,155,1.18
2026-09-05,storagesense,sense_2698,2698,10x15,sense_4700869,listed,149,1.18
2026-09-05,storagesense,sense_2698,2698,10x15,sense_4701561,listed,174,1.18
2026-09-05,storagesense,sense_2698,2698,10x30,sense_4703070,listed,264,1.18
2026-09-05,storagesense,sense_2698,2698,10x10,sense_5350715,delisted,124,1.18
2026-09-05,storagesense,sense_2698,2698,10x15,sense_4701335,delisted,149,1.18
2026-09-05,storagesense,sense_2698,2698,10x15,sense_4702667,delisted,174,1.18
2026-09-05,storagesense,sense_2698,2698,5x10,sense_4700154,delisted,,1.18
2026-09-05,storagesense,sense_2698,2698,10x30,sense_5185181,delisted,,1.18
2026-09-05,storagesense,sense_2699,2699,5x6,sense_4673880,listed,39,1.18
2026-09-05,storagesense,sense_2699,2699,10x12,sense_4672254,listed,104,1.18
2026-09-05,storagesense,sense_2699,2699,5x6,sense_4674225,delisted,39,1.18
2026-09-05,storagesense,sense_2699,2699,10x12,sense_4676197,delisted,104,1.18
2026-09-05,storagesense,sense_2751,2751,5x10,sense_5028180,listed,55,1.18
2026-09-05,storagesense,sense_2751,2751,10x15,sense_5028177,listed,,1.18
2026-09-05,storagesense,sense_2751,2751,5x10,sense_4693926,delisted,55,1.18
2026-09-05,storagesense,sense_2751,2751,10x15,sense_4692517,delisted,164,1.18
2026-09-05,storagesense,sense_2774,2774,10x25,sense_5355419,delisted,271,1.18
2026-09-05,storagesense,sense_2792,2792,5x15,sense_4709076,listed,54,1.18
2026-09-05,storagesense,sense_2792,2792,5x15,sense_4709393,delisted,61,1.18
2026-09-05,storagesense,sense_2793,2793,5x5,sense_4713662,listed,,1.18
2026-09-05,storagesense,sense_2793,2793,5x5,sense_4713217,delisted,62,1.18
2026-09-05,storagesense,sense_2802,2802,10x10,sense_4837558,listed,62,1.18
2026-09-05,storagesense,sense_2802,2802,10x10,sense_4837751,delisted,62,1.18
2026-09-05,storagesense,sense_2813,2813,10x10,sense_4715504,listed,134,1.18
2026-09-05,storagesense,sense_2813,2813,10x10,sense_4716776,delisted,134,1.18
2026-09-05,storagesense,sense_820,820,10x25,sense_4683763,listed,159,1.18
2026-09-05,storagesense,sense_820,820,10x25,sense_4688212,delisted,159,1.18
2026-09-05,storagesense,sense_831,831,10x10,sense_4638196,listed,79,1.18
2026-09-05,storagesense,sense_831,831,10x20,sense_4639340,listed,50,1.18
2026-09-05,storagesense,sense_831,831,10x15,sense_4636414,listed,134,1.18
2026-09-05,storagesense,sense_831,831,10x25,sense_4638665,listed,,1.18
2026-09-05,storagesense,sense_831,831,10x10,sense_4636601,delisted,79,1.18
2026-09-05,storagesense,sense_831,831,10x20,sense_4639346,delisted,50,1.18
2026-09-05,storagesense,sense_831,831,10x15,sense_4636406,delisted,134,1.18
2026-09-05,storagesense,sense_831,831,10x25,sense_4638632,delisted,224,1.18
2026-09-05,storagesense,sense_835,835,8x10,sense_5316227,listed,78,1.18
2026-09-05,storagesense,sense_835,835,10x18,sense_4612325,listed,,1.18
2026-09-05,storagesense,sense_835,835,8x10,sense_4612041,delisted,69,1.18
2026-09-05,storagesense,sense_835,835,10x18,sense_5257236,delisted,99,1.18
2026-09-05,storagesense,sense_838,838,10x10,sense_4646158,listed,139,1.18
2026-09-05,storagesense,sense_838,838,5x10,sense_4646283,listed,99,1.18
2026-09-05,storagesense,sense_838,838,10x10,sense_4646124,delisted,139,1.18
2026-09-05,storagesense,sense_838,838,5x10,sense_4645999,delisted,99,1.18
2026-09-05,storagesense,sense_844,844,10x10,sense_4618958,listed,60,1.18
2026-09-05,storagesense,sense_844,844,10x10,sense_4994748,delisted,60,1.18
2026-09-05,storagesense,sense_845,845,5x15,sense_5325421,listed,87,1.18
2026-09-05,storagesense,sense_845,845,5x10,sense_5357851,listed,,1.18
2026-09-05,storagesense,sense_845,845,10x10,sense_5357850,listed,,1.18
2026-09-05,storagesense,sense_845,845,5x15,sense_5345194,delisted,79,1.18
2026-09-05,storagesense,sense_847,847,5x10,sense_4690387,listed,75,1.18
2026-09-05,storagesense,sense_847,847,10x15,sense_4689531,listed,150,1.18
2026-09-05,storagesense,sense_847,847,10x20,sense_4693324,listed,165,1.18
2026-09-05,storagesense,sense_847,847,5x10,sense_4690855,delisted,75,1.18
2026-09-05,storagesense,sense_847,847,10x15,sense_4691702,delisted,,1.18
2026-09-05,storagesense,sense_847,847,10x20,sense_4692726,delisted,,1.18
2026-09-05,storagesense,sense_848,848,12x25,sense_4699829,listed,85,1.18
2026-09-05,storagesense,sense_848,848,10x25,sense_4700124,listed,,1.18
2026-09-05,storagesense,sense_848,848,10x25,sense_4700081,delisted,55,1.18
2026-09-05,storagesense,sense_848,848,12x25,sense_4699580,delisted,85,1.18
2026-09-05,storagesense,sense_851,851,20x10,sense_4647979,unpriced,344,1.18
2026-09-05,storagesense,sense_851,851,10x30,sense_4651004,unpriced,119,1.18
2026-09-05,storagesense,sense_852,852,5x10,sense_5221361,listed,,1.18
2026-09-05,storagesense,sense_852,852,10x10,sense_5002931,delisted,98,1.18
2026-09-05,storagesense,sense_852,852,5x10,sense_4669429,delisted,,1.18
2026-09-05,storagesense,sense_856,856,10x15,sense_4675565,listed,,1.18
2026-09-05,storagesense,sense_856,856,10x15,sense_4675453,delisted,79,1.18
2026-09-05,storagesense,sense_857,857,5x10,sense_4661752,listed,,1.18
2026-09-05,storagesense,sense_857,857,5x10,sense_4661581,delisted,39,1.18
2026-09-05,storagesense,sense_860,860,10x15,sense_4628045,listed,132,1.18
2026-09-05,storagesense,sense_860,860,10x15,sense_4930307,delisted,132,1.18
2026-09-05,storagesense,sense_861,861,10x10,sense_4629224,listed,142,1.18
2026-09-05,storagesense,sense_861,861,10x20,sense_4629604,listed,61,1.18
2026-09-05,storagesense,sense_861,861,10x20,sense_4629518,delisted,61,1.18
2026-09-05,storagesense,sense_861,861,10x10,sense_4629243,delisted,,1.18
2026-09-05,storagesense,sense_862,862,10x10,sense_4966119,listed,157,1.18
2026-09-05,storagesense,sense_862,862,10x20,sense_4650769,listed,30,1.18
2026-09-05,storagesense,sense_862,862,10x10,sense_4648743,delisted,85,1.18
2026-09-05,storagesense,sense_862,862,10x20,sense_4650742,delisted,,1.18
2026-09-05,storagesense,sense_863,863,5x10,sense_5199744,listed,56,1.18
2026-09-05,storagesense,sense_863,863,10x10,sense_5357700,listed,106,1.18
2026-09-05,storagesense,sense_863,863,5x10,sense_4658409,delisted,56,1.18
2026-09-05,storagesense,sense_864,864,5x10,sense_4680954,listed,,1.18
2026-09-05,storagesense,sense_864,864,5x10,sense_4681108,delisted,62,1.18
2026-09-05,storagesense,sense_865,865,5x5,sense_4640921,repriced_from_unpriced,52,1.18
2026-09-05,storagesense,sense_865,865,10x20,sense_4641484,listed,344,1.18
2026-09-05,storagesense,sense_865,865,10x30,sense_4640467,repriced_from_unpriced,240,1.18
2026-09-05,storagesense,sense_865,865,10x20,sense_4640250,delisted,220,1.18
2026-09-05,storagesense,sense_866,866,10x15,sense_4645641,listed,116,1.18
2026-09-05,storagesense,sense_866,866,10x15,sense_4645427,delisted,116,1.18
2026-09-05,storagesense,sense_867,867,5x5,sense_4656520,listed,22,1.18
2026-09-05,storagesense,sense_867,867,10x20,sense_4657918,listed,,1.18
2026-09-05,storagesense,sense_867,867,10x20,sense_4657112,unpriced,106,1.18
2026-09-05,storagesense,sense_867,867,10x20,sense_4657446,delisted,106,1.18
2026-09-05,storagesense,sense_867,867,5x5,sense_4656635,delisted,,1.18
2026-09-05,storagesense,sense_872,872,7x10,sense_4645096,listed,56,1.18
2026-09-05,storagesense,sense_872,872,7x10,sense_4645172,delisted,56,1.18
2026-09-05,storagesense,sense_874,874,10x10,sense_4634364,listed,145,1.18
2026-09-05,storagesense,sense_874,874,10x10,sense_4634381,delisted,145,1.18
2026-09-05,storagesense,sense_879,879,10x20,sense_4640306,listed,232,1.18
2026-09-05,storagesense,sense_879,879,5x5,sense_4644020,listed,40,1.18
2026-09-05,storagesense,sense_879,879,10x8,sense_4641699,listed,149,1.18
2026-09-05,storagesense,sense_879,879,10x20,sense_4644425,delisted,232,1.18
2026-09-05,storagesense,sense_879,879,5x5,sense_4643281,delisted,40,1.18
2026-09-05,storagesense,sense_879,879,10x8,sense_4641727,delisted,,1.18
2026-09-05,storagesense,sense_898,898,10x10,sense_4677554,listed,94,1.18
2026-09-05,storagesense,sense_898,898,10x10,sense_4845489,delisted,94,1.18
2026-09-05,storagesense,sense_912,912,10x25,sense_4705504,listed,99,1.18
2026-09-05,storagesense,sense_912,912,10x25,sense_4705532,delisted,,1.18
2026-09-05,storagesense,sense_913,913,10x20,sense_4713664,listed,49,1.18
2026-09-05,storagesense,sense_913,913,11x55,sense_4717476,listed,49,1.18
2026-09-05,storagesense,sense_913,913,10x20,sense_4714740,delisted,49,1.18
2026-09-05,storagesense,sense_913,913,11x55,sense_4717546,delisted,49,1.18
2026-09-05,storagesense,sense_914,914,10x30,sense_4648418,listed,164,1.18
2026-09-05,storagesense,sense_914,914,25x40,sense_4979396,listed,,1.18
2026-09-05,storagesense,sense_914,914,10x30,sense_4987613,delisted,164,1.18
2026-09-05,storagesense,sense_914,914,25x40,sense_4980655,delisted,199,1.18
2026-09-05,storagesense,sense_992,992,10x5,sense_4723761,listed,65,1.18
2026-09-05,storagesense,sense_992,992,5x10,sense_4722348,listed,109,1.18
2026-09-05,storagesense,sense_992,992,10x10,sense_4866764,listed,,1.18
2026-09-05,storagesense,sense_992,992,10x30,sense_4723956,listed,,1.18
2026-09-05,storagesense,sense_992,992,5x10,sense_4722360,delisted,109,1.18
2026-09-05,storagesense,sense_992,992,10x10,sense_4724315,delisted,99,1.18
2026-09-05,storagesense,sense_992,992,10x30,sense_4724016,delisted,200,1.18
2026-09-05,storagesense,sense_992,992,10x5,sense_5106626,delisted,,1.18
2026-09-05,storagesense,sense_1014,1014,5x10,sense_4719318,listed,120,1.18
2026-09-05,storagesense,sense_1014,1014,10x10,sense_4720850,listed,109,1.18
2026-09-05,storagesense,sense_1014,1014,10x15,sense_4720053,listed,129,1.18
2026-09-05,storagesense,sense_1014,1014,10x15,sense_4720209,listed,129,1.18
2026-09-05,storagesense,sense_1014,1014,10x20,sense_4720311,listed,149,1.18
2026-09-05,storagesense,sense_1014,1014,5x10,sense_4719186,delisted,120,1.18
2026-09-05,storagesense,sense_1014,1014,10x10,sense_4720607,delisted,109,1.18
2026-09-05,storagesense,sense_1014,1014,10x15,sense_4719959,delisted,129,1.18
2026-09-05,storagesense,sense_1014,1014,10x15,sense_4719930,delisted,129,1.18
2026-09-05,storagesense,sense_1014,1014,10x20,sense_4721048,delisted,149,1.18
2026-09-05,storagesense,sense_1015,1015,10x20,sense_4713869,listed,159,1.18
2026-09-05,storagesense,sense_1015,1015,10x20,sense_4713865,delisted,159,1.18
2026-09-05,storagesense,sense_1016,1016,10x10,sense_4837816,listed,119,1.18
2026-09-05,storagesense,sense_1016,1016,10x15,sense_4837812,listed,179,1.18
2026-09-05,storagesense,sense_1016,1016,10x10,sense_4837849,delisted,128,1.18
2026-09-05,storagesense,sense_1016,1016,10x15,sense_4837847,delisted,179,1.18
2026-09-05,storagesense,sense_1017,1017,5x8,sense_4837997,listed,59,1.18
2026-09-05,storagesense,sense_1017,1017,5x10,sense_4837987,listed,109,1.18
2026-09-05,storagesense,sense_1017,1017,10x10,sense_4838067,listed,,1.18
2026-09-05,storagesense,sense_1017,1017,10x10,sense_4838085,unpriced,95,1.18
2026-09-05,storagesense,sense_1017,1017,5x8,sense_4837994,delisted,59,1.18
2026-09-05,storagesense,sense_1017,1017,5x10,sense_4838100,delisted,109,1.18
2026-09-05,storagesense,sense_1017,1017,10x10,sense_4838047,delisted,95,1.18
2026-09-05,storagesense,sense_1029,1029,10x10,sense_4655070,listed,79,1.18
2026-09-05,storagesense,sense_1029,1029,10x15,sense_4662352,listed,99,1.18
2026-09-05,storagesense,sense_1029,1029,10x10,sense_4655454,delisted,79,1.18
2026-09-05,storagesense,sense_1029,1029,10x15,sense_4666314,delisted,99,1.18
2026-09-05,storagesense,sense_1031,1031,10x25,sense_4668245,listed,89,1.18
2026-09-05,storagesense,sense_1031,1031,10x20,sense_4667124,listed,,1.18
2026-09-05,storagesense,sense_1031,1031,10x20,sense_4667151,delisted,59,1.18
2026-09-05,storagesense,sense_1031,1031,10x25,sense_4668116,delisted,89,1.18
2026-09-05,storagesense,sense_1049,1049,5x5,sense_4688009,listed,19,1.18
2026-09-05,storagesense,sense_1049,1049,5x10,sense_4683762,listed,65,1.18
2026-09-05,storagesense,sense_1049,1049,5x5,sense_4688027,delisted,19,1.18
2026-09-05,storagesense,sense_1049,1049,5x10,sense_4684079,delisted,65,1.18
2026-09-05,storagesense,sense_1050,1050,5x5,sense_4632709,listed,45,1.18
2026-09-05,storagesense,sense_1050,1050,10x10,sense_4632299,listed,126,1.18
2026-09-05,storagesense,sense_1050,1050,10x15,sense_4632409,listed,181,1.18
2026-09-05,storagesense,sense_1050,1050,10x10,sense_4631943,delisted,126,1.18
2026-09-05,storagesense,sense_1050,1050,10x15,sense_4631363,delisted,181,1.18
2026-09-05,storagesense,sense_1050,1050,5x5,sense_4632528,delisted,,1.18
2026-09-05,storagesense,sense_1051,1051,10x15,sense_4662724,listed,84,1.18
2026-09-05,storagesense,sense_1051,1051,10x20,sense_4663370,listed,100,1.18
2026-09-05,storagesense,sense_1051,1051,10x15,sense_4873536,listed,,1.18
2026-09-05,storagesense,sense_1051,1051,10x15,sense_4665902,delisted,84,1.18
2026-09-05,storagesense,sense_1051,1051,10x15,sense_4665853,delisted,,1.18
2026-09-05,storagesense,sense_1051,1051,10x20,sense_4664827,delisted,,1.18
2026-09-05,storagesense,sense_1056,1056,10x15,sense_4613631,listed,,1.18
2026-09-05,storagesense,sense_1056,1056,10x15,sense_4613366,delisted,90,1.18
2026-09-05,storagesense,sense_1059,1059,5x5,sense_4630270,listed,,1.18
2026-09-05,storagesense,sense_1059,1059,5x5,sense_4628130,delisted,27,1.18
2026-09-05,storagesense,sense_1077,1077,10x10,sense_4624863,listed,88,1.18
2026-09-05,storagesense,sense_1077,1077,10x10,sense_4625376,delisted,88,1.18
2026-09-05,storagesense,sense_1089,1089,10x10,sense_4667549,listed,62,1.18
2026-09-05,storagesense,sense_1089,1089,10x20,sense_4668393,listed,86,1.18
2026-09-05,storagesense,sense_1089,1089,10x15,sense_4668630,unpriced,79,1.18
2026-09-05,storagesense,sense_1089,1089,10x10,sense_4667808,delisted,55,1.18
2026-09-05,storagesense,sense_1089,1089,10x20,sense_4668469,delisted,86,1.18
2026-09-05,storagesense,sense_1090,1090,10x20,sense_4691804,listed,94,1.18
2026-09-05,storagesense,sense_1090,1090,11x30,sense_4690178,listed,51,1.18
2026-09-05,storagesense,sense_1090,1090,11x20,sense_4690073,listed,,1.18
2026-09-05,storagesense,sense_1090,1090,11x20,sense_4690053,delisted,37,1.18
2026-09-05,storagesense,sense_1090,1090,11x30,sense_4690731,delisted,51,1.18
2026-09-05,storagesense,sense_1090,1090,10x20,sense_4688890,delisted,,1.18
2026-09-05,storagesense,sense_1117,1117,10x10,sense_4675861,listed,112,1.18
2026-09-05,storagesense,sense_1117,1117,10x15,sense_4672629,listed,134,1.18
2026-09-05,storagesense,sense_1117,1117,10x10,sense_4677356,delisted,112,1.18
2026-09-05,storagesense,sense_1117,1117,10x15,sense_4672741,delisted,134,1.18
2026-09-05,storagesense,sense_1118,1118,10x15,sense_5329746,listed,109,1.18
2026-09-05,storagesense,sense_1118,1118,10x20,sense_4885789,listed,207,1.18
2026-09-05,storagesense,sense_1118,1118,10x20,sense_4637084,delisted,185,1.18
2026-09-05,storagesense,sense_1118,1118,10x15,sense_4637168,delisted,,1.18
2026-09-05,storagesense,sense_1119,1119,5x15,sense_4934255,listed,113,1.18
2026-09-05,storagesense,sense_1119,1119,10x10,sense_5357884,listed,100,1.18
2026-09-05,storagesense,sense_1119,1119,10x10,sense_4930047,listed,,1.18
2026-09-05,storagesense,sense_1119,1119,5x15,sense_4695309,delisted,61,1.18
2026-09-05,storagesense,sense_1119,1119,10x10,sense_5347016,delisted,48,1.18
2026-09-05,storagesense,sense_1120,1120,10x30,sense_4676792,listed,189,1.18
2026-09-05,storagesense,sense_1120,1120,10x30,sense_4676859,delisted,189,1.18
2026-09-05,storagesense,sense_1245,1245,5x15,sense_4720139,listed,96,1.18
2026-09-05,storagesense,sense_1245,1245,10x15,sense_4716654,listed,99,1.18
2026-09-05,storagesense,sense_1245,1245,10x20,sense_4717838,listed,128,1.18
2026-09-05,storagesense,sense_1245,1245,10x30,sense_4719766,listed,164,1.18
2026-09-05,storagesense,sense_1245,1245,5x10,sense_4716423,listed,,1.18
2026-09-05,storagesense,sense_1245,1245,12x30,sense_4720544,listed,,1.18
2026-09-05,storagesense,sense_1245,1245,5x10,sense_4716339,delisted,69,1.18
2026-09-05,storagesense,sense_1245,1245,10x15,sense_4716723,delisted,99,1.18
2026-09-05,storagesense,sense_1245,1245,10x20,sense_4719229,delisted,114,1.18
2026-09-05,storagesense,sense_1245,1245,10x30,sense_4719742,delisted,164,1.18
2026-09-05,storagesense,sense_1245,1245,12x30,sense_4720415,delisted,169,1.18
2026-09-05,storagesense,sense_1245,1245,5x15,sense_4720263,delisted,,1.18
2026-09-05,storagesense,sense_1247,1247,5x10,sense_4723803,listed,69,1.18
2026-09-05,storagesense,sense_1247,1247,5x10,sense_4723175,delisted,55,1.18
2026-09-05,storagesense,sense_1278,1278,5x10,sense_4724722,repriced_from_unpriced,44,1.18
2026-09-05,storagesense,sense_1278,1278,8x10,sense_4724882,listed,48,1.18
2026-09-05,storagesense,sense_1278,1278,10x20,sense_4725347,listed,99,1.18
2026-09-05,storagesense,sense_1278,1278,8x10,sense_4724859,delisted,42,1.18
2026-09-05,storagesense,sense_1278,1278,10x20,sense_4725227,delisted,,1.18
2026-09-05,storagesense,sense_1280,1280,10x10,sense_4614837,listed,156,1.18
2026-09-05,storagesense,sense_1280,1280,10x10,sense_4615037,delisted,156,1.18
2026-09-05,storagesense,sense_1292,1292,5x5,sense_4613541,listed,24,1.18
2026-09-05,storagesense,sense_1292,1292,10x10,sense_4615906,listed,67,1.18
2026-09-05,storagesense,sense_1292,1292,5x5,sense_4614224,delisted,24,1.18
2026-09-05,storagesense,sense_1292,1292,10x10,sense_4615535,delisted,59,1.18
2026-09-05,storagesense,sense_1305,1305,10x10,sense_4616833,listed,54,1.18
2026-09-05,storagesense,sense_1305,1305,10x10,sense_4617735,delisted,48,1.18
2026-09-05,storagesense,sense_1307,1307,10x10,sense_5357699,listed,84,1.18
2026-09-05,storagesense,sense_1369,1369,5x10,sense_4694752,listed,62,1.18
2026-09-05,storagesense,sense_1369,1369,10x10,sense_4694884,listed,79,1.18
2026-09-05,storagesense,sense_1369,1369,5x5,sense_4695011,listed,,1.18
2026-09-05,storagesense,sense_1369,1369,10x20,sense_4693499,listed,,1.18
2026-09-05,storagesense,sense_1369,1369,5x5,sense_4694093,delisted,31,1.18
2026-09-05,storagesense,sense_1369,1369,5x10,sense_4694773,delisted,62,1.18
2026-09-05,storagesense,sense_1369,1369,10x10,sense_4695250,delisted,79,1.18
2026-09-05,storagesense,sense_1369,1369,10x20,sense_4692136,delisted,145,1.18
2026-09-05,storagesense,sense_1373,1373,7x10,sense_4683177,listed,74,1.18
2026-09-05,storagesense,sense_1373,1373,10x20,sense_4678889,listed,193,1.18
2026-09-05,storagesense,sense_1373,1373,7x10,sense_4682966,delisted,74,1.18
2026-09-05,storagesense,sense_1373,1373,10x20,sense_4685809,delisted,154,1.18
2026-09-05,storagesense,sense_1375,1375,10x15,sense_4647686,listed,72,1.18
2026-09-05,storagesense,sense_1375,1375,10x30,sense_4647167,listed,,1.18
2026-09-05,storagesense,sense_1375,1375,10x15,sense_4650458,delisted,150,1.18
2026-09-05,storagesense,sense_1375,1375,10x30,sense_5347712,delisted,359,1.18
2026-09-05,storagesense,sense_1377,1377,10x20,sense_4680189,listed,,1.18
2026-09-05,storagesense,sense_1377,1377,10x20,sense_4678032,delisted,235,1.18
2026-09-05,storagesense,sense_1377,1377,10x25,sense_4674476,delisted,,1.18
2026-09-05,storagesense,sense_1387,1387,10x15,sense_4641698,listed,100,1.18
2026-09-05,storagesense,sense_1387,1387,10x15,sense_4639484,delisted,,1.18
2026-09-05,storagesense,sense_1429,1429,5x5,sense_4640760,listed,149,1.18
2026-09-05,storagesense,sense_1429,1429,5x5,sense_4639224,delisted,149,1.18
2026-09-05,storagesense,sense_1465,1465,5x5,sense_4711307,listed,46,1.18
2026-09-05,storagesense,sense_1465,1465,5x10,sense_4708859,listed,,1.18
2026-09-05,storagesense,sense_1465,1465,10x10,sense_5029011,listed,,1.18
2026-09-05,storagesense,sense_1465,1465,5x5,sense_4710386,delisted,46,1.18
2026-09-05,storagesense,sense_1465,1465,5x10,sense_4709383,delisted,98,1.18
2026-09-05,storagesense,sense_1465,1465,10x10,sense_5025894,delisted,58,1.18
2026-09-05,storagesense,sense_1465,1465,10x10,sense_5355484,delisted,155,1.18
2026-09-05,storagesense,sense_1465,1465,10x10,sense_4708789,delisted,,1.18
2026-09-05,storagesense,sense_1465,1465,10x20,sense_5355481,delisted,,1.18
2026-09-05,storagesense,sense_1557,1557,10x15,sense_4668296,listed,83,1.18
2026-09-05,storagesense,sense_1557,1557,10x15,sense_4666244,delisted,93,1.18
2026-09-05,storagesense,sense_1558,1558,5x10,sense_5002111,listed,57,1.18
2026-09-05,storagesense,sense_1558,1558,5x10,sense_4633955,delisted,27,1.18
2026-09-05,storagesense,sense_163709,163709,10x15,sense_4657382,listed,,1.18
2026-09-05,storagesense,sense_163709,163709,10x15,sense_4659062,delisted,162,1.18
2026-09-05,storagesense,sense_163714,163714,5x10,sense_4660724,listed,,1.18
2026-09-05,storagesense,sense_163714,163714,5x10,sense_4660708,delisted,112,1.18
2026-09-05,storagesense,sense_163719,163719,10x10,sense_4657097,listed,83,1.18
2026-09-05,storagesense,sense_163719,163719,10x15,sense_5235245,listed,134,1.18
2026-09-05,storagesense,sense_163719,163719,10x10,sense_5235231,delisted,74,1.18
2026-09-05,storagesense,sense_163719,163719,10x15,sense_5235249,delisted,134,1.18
2026-09-05,storagesense,sense_163759,163759,10x5,sense_4669950,repriced_from_unpriced,69,1.18
2026-09-05,storagesense,sense_163759,163759,7.5x10,sense_4675319,listed,,1.18
2026-09-05,storagesense,sense_163759,163759,7.5x10,sense_4675342,delisted,74,1.18
2026-09-05,storagesense,sense_163987,163987,10x15,sense_4920732,listed,,0.14
2026-09-05,storagesense,sense_163987,163987,10x15,sense_4920689,delisted,72,0.14
2026-09-05,storagesense,sense_164135,164135,10x15,sense_5036213,listed,201,0.14
2026-09-05,storagesense,sense_164135,164135,10x15,sense_5036698,delisted,201,0.14
2026-09-05,storagesense,sense_164248,164248,15x5,sense_5335780,listed,59,0.14
2026-09-05,storagesense,sense_164248,164248,15x5,sense_5335781,delisted,59,0.14
2026-09-05,storagesense,sense_16997,16997,5x5,sense_4624010,listed,37,0.14
2026-09-05,storagesense,sense_16997,16997,5x5,sense_4624637,delisted,,0.14
2026-09-05,storagesense,sense_17209,17209,10x8,sense_4625655,listed,,0.14
2026-09-05,storagesense,sense_17209,17209,10x8,sense_4625776,delisted,39,0.14
2026-09-05,storagesense,sense_17409,17409,5x5,sense_4642209,listed,79,0.14
2026-09-05,storagesense,sense_17409,17409,5x5,sense_4643831,delisted,,0.14
2026-09-05,storagesense,sense_1892,1892,5x15,sense_4683433,listed,132,0.14
2026-09-05,storagesense,sense_1892,1892,5x15,sense_4683519,delisted,148,0.14
2026-09-05,storagesense,sense_2114,2114,10x10,sense_4693338,listed,159,0.14
2026-09-05,storagesense,sense_2114,2114,10x10,sense_4692034,delisted,159,0.14
2026-09-05,storagesense,sense_2137,2137,10x20,sense_4671991,listed,,0.14
2026-09-05,storagesense,sense_2137,2137,10x20,sense_4671943,delisted,176,0.14
2026-09-05,storagesense,sense_2142,2142,5x10,sense_4694254,listed,80,0.14
2026-09-05,storagesense,sense_2142,2142,5x10,sense_4692452,delisted,64,0.14
2026-09-05,storagesense,sense_2307,2307,10x15,sense_4650698,listed,172,0.14
2026-09-05,storagesense,sense_2307,2307,10x15,sense_5329119,delisted,172,0.14
2026-09-05,storagesense,sense_2323,2323,10x15,sense_4663778,listed,,0.14
2026-09-05,storagesense,sense_2323,2323,10x15,sense_4663166,delisted,224,0.14
2026-09-05,storagesense,sense_2596,2596,10x10,sense_4929664,listed,99,0.14
2026-09-05,storagesense,sense_2596,2596,10x10,sense_4640484,delisted,,0.14
2026-09-05,storagesense,sense_2813,2813,5x10,sense_4717079,listed,114,0.14
2026-09-05,storagesense,sense_2813,2813,5x10,sense_4715387,delisted,114,0.14
2026-09-05,storagesense,sense_848,848,10x20,sense_4704511,listed,,0.14
2026-09-05,storagesense,sense_848,848,10x20,sense_4704579,delisted,155,0.14
2026-09-05,storagesense,sense_912,912,10x10,sense_4700673,listed,79,0.14
2026-09-05,storagesense,sense_912,912,10x10,sense_4698674,delisted,79,0.14
2026-09-05,storagesense,sense_992,992,10x5,sense_4723798,listed,65,0.14
2026-09-05,storagesense,sense_992,992,10x5,sense_4723761,delisted,65,0.14
2026-09-05,storagesense,sense_1077,1077,8x10,sense_4627137,listed,82,0.14
2026-09-05,storagesense,sense_1077,1077,8x10,sense_4621282,delisted,73,0.14
2026-09-05,storagesense,sense_1089,1089,5x5,sense_4668126,listed,23,0.14
2026-09-05,storagesense,sense_1089,1089,5x5,sense_4668137,delisted,20,0.14
2026-09-05,storagesense,sense_1429,1429,5x12,sense_4639485,listed,,0.14
2026-09-05,storagesense,sense_1429,1429,5x12,sense_4640966,delisted,174,0.14
2026-09-06,storagesense,sense_163763,163763,5x5,sense_4717003,listed,32,0.78
2026-09-06,storagesense,sense_163763,163763,5x5,sense_4717015,delisted,32,0.78
2026-09-06,storagesense,sense_163798,163798,10x20,sense_4725384,listed,149,0.78
2026-09-06,storagesense,sense_163798,163798,10x20,sense_4724222,delisted,,0.78
2026-09-06,storagesense,sense_163839,163839,5x5,sense_4842148,listed,51,0.78
2026-09-06,storagesense,sense_163839,163839,10x15,sense_4841891,listed,119,0.78
2026-09-06,storagesense,sense_163839,163839,5x5,sense_4841888,delisted,45,0.78
2026-09-06,storagesense,sense_163839,163839,10x15,sense_4841907,delisted,119,0.78
2026-09-06,storagesense,sense_163883,163883,10x20,sense_5266898,listed,180,0.78
2026-09-06,storagesense,sense_163883,163883,12x50,sense_4610854,listed,,0.78
2026-09-06,storagesense,sense_163883,163883,10x20,sense_5266895,delisted,180,0.78
2026-09-06,storagesense,sense_163883,163883,12x50,sense_4610840,delisted,290,0.78
2026-09-06,storagesense,sense_163987,163987,10x20,sense_4920502,listed,275,0.78
2026-09-06,storagesense,sense_163987,163987,10x20,sense_4921043,delisted,132,0.78
2026-09-06,storagesense,sense_164052,164052,10x20,sense_4976903,listed,182,0.78
2026-09-06,storagesense,sense_164052,164052,10x20,sense_4976940,delisted,182,0.78
2026-09-06,storagesense,sense_164100,164100,10x10,sense_5007718,listed,114,0.78
2026-09-06,storagesense,sense_164100,164100,10x10,sense_5007712,delisted,114,0.78
2026-09-06,storagesense,sense_164130,164130,10x10,sense_5026733,listed,45,0.78
2026-09-06,storagesense,sense_164130,164130,10x10,sense_5026745,delisted,45,0.78
2026-09-06,storagesense,sense_164248,164248,15x5,sense_5335781,listed,59,0.78
2026-09-06,storagesense,sense_164248,164248,15x5,sense_5335780,delisted,59,0.78
2026-09-06,storagesense,sense_1680,1680,5x10,sense_4643439,listed,48,0.78
2026-09-06,storagesense,sense_1680,1680,5x10,sense_4642810,delisted,48,0.78
2026-09-06,storagesense,sense_16996,16996,5x5,sense_4637477,listed,67,0.78
2026-09-06,storagesense,sense_16996,16996,5x5,sense_4638915,delisted,59,0.78
2026-09-06,storagesense,sense_16997,16997,5x10,sense_4625653,listed,49,0.78
2026-09-06,storagesense,sense_16997,16997,5x5,sense_4624637,listed,,0.78
2026-09-06,storagesense,sense_16997,16997,5x5,sense_4624010,delisted,37,0.78
2026-09-06,storagesense,sense_16997,16997,5x10,sense_4627939,delisted,49,0.78
2026-09-06,storagesense,sense_17053,17053,10x15,sense_4692982,listed,,0.78
2026-09-06,storagesense,sense_17053,17053,10x15,sense_4692629,delisted,99,0.78
2026-09-06,storagesense,sense_17124,17124,5x10,sense_4716879,listed,59,0.78
2026-09-06,storagesense,sense_17124,17124,5x10,sense_4716369,delisted,52,0.78
2026-09-06,storagesense,sense_17162,17162,5x10,sense_4612291,listed,34,0.78
2026-09-06,storagesense,sense_17162,17162,5x10,sense_4612598,delisted,34,0.78
2026-09-06,storagesense,sense_17209,17209,10x8,sense_4625655,repriced_from_unpriced,39,0.78
2026-09-06,storagesense,sense_17392,17392,10x20,sense_4791572,listed,65,0.78
2026-09-06,storagesense,sense_17392,17392,10x20,sense_4791682,delisted,65,0.78
2026-09-06,storagesense,sense_17405,17405,10x15,sense_5025259,listed,154,0.78
2026-09-06,storagesense,sense_17405,17405,10x15,sense_4840936,delisted,154,0.78
2026-09-06,storagesense,sense_17409,17409,5x5,sense_4644346,listed,76,0.78
2026-09-06,storagesense,sense_17409,17409,5x5,sense_4644328,delisted,76,0.78
2026-09-06,storagesense,sense_1852,1852,5x10,sense_4710100,listed,,0.78
2026-09-06,storagesense,sense_1852,1852,5x10,sense_5055623,delisted,99,0.78
2026-09-06,storagesense,sense_1892,1892,5x15,sense_4683519,listed,132,0.78
2026-09-06,storagesense,sense_1892,1892,5x15,sense_4683433,delisted,132,0.78
2026-09-06,storagesense,sense_1915,1915,5x15,sense_4645422,listed,63,0.78
2026-09-06,storagesense,sense_1915,1915,10x15,sense_4651381,listed,110,0.78
2026-09-06,storagesense,sense_1915,1915,5x15,sense_4643715,delisted,30,0.78
2026-09-06,storagesense,sense_1915,1915,10x15,sense_4642280,delisted,110,0.78
2026-09-06,storagesense,sense_1918,1918,5x10,sense_4694279,listed,65,0.78
2026-09-06,storagesense,sense_1918,1918,5x10,sense_4694308,delisted,78,0.78
2026-09-06,storagesense,sense_2100,2100,5x10,sense_4676218,listed,63,0.78
2026-09-06,storagesense,sense_2100,2100,5x10,sense_4676196,delisted,30,0.78
2026-09-06,storagesense,sense_2114,2114,10x10,sense_4692034,listed,159,0.78
2026-09-06,storagesense,sense_2114,2114,10x10,sense_4693338,delisted,159,0.78
2026-09-06,storagesense,sense_2119,2119,10x20,sense_4681572,listed,307,0.78
2026-09-06,storagesense,sense_2119,2119,10x20,sense_4681839,delisted,147,0.78
2026-09-06,storagesense,sense_2121,2121,10x10,sense_4670547,listed,219,0.78
2026-09-06,storagesense,sense_2121,2121,10x10,sense_5082100,delisted,219,0.78
2026-09-06,storagesense,sense_2130,2130,5x10,sense_4693724,listed,49,0.78
2026-09-06,storagesense,sense_2130,2130,5x10,sense_4990837,delisted,43,0.78
2026-09-06,storagesense,sense_2137,2137,10x30,sense_4672591,listed,184,0.78
2026-09-06,storagesense,sense_2137,2137,10x30,sense_4672392,delisted,184,0.78
2026-09-06,storagesense,sense_2165,2165,10x20,sense_4687102,listed,,0.78
2026-09-06,storagesense,sense_2165,2165,10x20,sense_4684958,delisted,150,0.78
2026-09-06,storagesense,sense_2238,2238,5x10,sense_5055609,listed,82,0.78
2026-09-06,storagesense,sense_2238,2238,5x10,sense_4687166,delisted,73,0.78
2026-09-06,storagesense,sense_2280,2280,10x10,sense_4840099,listed,99,0.78
2026-09-06,storagesense,sense_2280,2280,10x10,sense_4840125,delisted,99,0.78
2026-09-06,storagesense,sense_2281,2281,5x10,sense_5357533,delisted,51,0.78
2026-09-06,storagesense,sense_2281,2281,10x20,sense_5357529,delisted,155,0.78
2026-09-06,storagesense,sense_2307,2307,5x10,sense_4652135,listed,88,0.78
2026-09-06,storagesense,sense_2307,2307,5x10,sense_4652177,delisted,88,0.78
2026-09-06,storagesense,sense_2316,2316,5x10,sense_4611255,listed,65,0.78
2026-09-06,storagesense,sense_2316,2316,10x25,sense_5082260,listed,,0.78
2026-09-06,storagesense,sense_2316,2316,5x10,sense_4611517,delisted,65,0.78
2026-09-06,storagesense,sense_2316,2316,10x25,sense_5082253,delisted,323,0.78
2026-09-06,storagesense,sense_2322,2322,5x10,sense_5031042,listed,,0.78
2026-09-06,storagesense,sense_2322,2322,5x10,sense_5031025,delisted,124,0.78
2026-09-06,storagesense,sense_2339,2339,5x5,sense_4617457,listed,,0.78
2026-09-06,storagesense,sense_2339,2339,5x5,sense_4617438,delisted,41,0.78
2026-09-06,storagesense,sense_2340,2340,10x20,sense_4703089,listed,127,0.78
2026-09-06,storagesense,sense_2340,2340,10x20,sense_4701771,delisted,127,0.78
2026-09-06,storagesense,sense_2354,2354,10x25,sense_4611812,listed,,0.78
2026-09-06,storagesense,sense_2354,2354,10x25,sense_4611735,delisted,129,0.78
2026-09-06,storagesense,sense_2355,2355,5x10,sense_4617371,listed,99,0.78
2026-09-06,storagesense,sense_2355,2355,5x10,sense_4617205,delisted,111,0.78
2026-09-06,storagesense,sense_2359,2359,10x10,sense_4616548,listed,113,0.78
2026-09-06,storagesense,sense_2359,2359,10x10,sense_4616532,delisted,90,0.78
2026-09-06,storagesense,sense_2383,2383,10x20,sense_4622313,listed,335,0.78
2026-09-06,storagesense,sense_2383,2383,10x20,sense_4619952,delisted,299,0.78
2026-09-06,storagesense,sense_2384,2384,10x10,sense_4638578,listed,180,0.78
2026-09-06,storagesense,sense_2384,2384,10x10,sense_4638429,delisted,86,0.78
2026-09-06,storagesense,sense_2385,2385,10x20,sense_4630502,listed,,0.78
2026-09-06,storagesense,sense_2385,2385,10x20,sense_4630539,delisted,99,0.78
2026-09-06,storagesense,sense_2388,2388,10x10,sense_4633579,listed,89,0.78
2026-09-06,storagesense,sense_2388,2388,10x10,sense_4633796,delisted,79,0.78
2026-09-06,storagesense,sense_2389,2389,10x15,sense_4622253,listed,97,0.78
2026-09-06,storagesense,sense_2389,2389,10x15,sense_4623528,delisted,109,0.78
2026-09-06,storagesense,sense_2395,2395,5x10,sense_4621853,listed,90,0.78
2026-09-06,storagesense,sense_2395,2395,5x10,sense_4621946,delisted,43,0.78
2026-09-06,storagesense,sense_2399,2399,5x10,sense_4632061,listed,,0.78
2026-09-06,storagesense,sense_2399,2399,5x10,sense_4632215,delisted,36,0.78
2026-09-06,storagesense,sense_2513,2513,5x5,sense_4719466,listed,39,0.78
2026-09-06,storagesense,sense_2513,2513,5x5,sense_4720512,delisted,39,0.78
2026-09-06,storagesense,sense_2566,2566,10x10,sense_4672593,listed,54,0.78
2026-09-06,storagesense,sense_2566,2566,10x10,sense_4672611,delisted,54,0.78
2026-09-06,storagesense,sense_2596,2596,10x10,sense_4639091,listed,84,0.78
2026-09-06,storagesense,sense_2596,2596,10x10,sense_4639906,delisted,84,0.78
2026-09-06,storagesense,sense_2665,2665,10x15,sense_4665112,unpriced,299,0.78
2026-09-06,storagesense,sense_2668,2668,10x10,sense_4672321,listed,123,0.78
2026-09-06,storagesense,sense_2668,2668,10x10,sense_4673863,delisted,109,0.78
2026-09-06,storagesense,sense_2802,2802,10x10,sense_4837751,listed,62,0.78
2026-09-06,storagesense,sense_2802,2802,10x10,sense_4837558,delisted,62,0.78
2026-09-06,storagesense,sense_2804,2804,5x10,sense_4712448,listed,49,0.78
2026-09-06,storagesense,sense_2804,2804,5x10,sense_4712542,delisted,49,0.78
2026-09-06,storagesense,sense_2817,2817,10x20,sense_4657630,listed,,0.78
2026-09-06,storagesense,sense_2817,2817,10x20,sense_4657572,delisted,199,0.78
2026-09-06,storagesense,sense_820,820,10x25,sense_4688212,listed,159,0.78
2026-09-06,storagesense,sense_820,820,10x25,sense_4683763,delisted,159,0.78
2026-09-06,storagesense,sense_825,825,10x10,sense_4617234,listed,94,0.78
2026-09-06,storagesense,sense_825,825,10x30,sense_4619543,listed,322,0.78
2026-09-06,storagesense,sense_825,825,10x10,sense_4622819,delisted,75,0.78
2026-09-06,storagesense,sense_825,825,10x30,sense_4616354,delisted,322,0.78
2026-09-06,storagesense,sense_844,844,10x10,sense_4994748,listed,60,0.78
2026-09-06,storagesense,sense_844,844,10x10,sense_4618958,delisted,60,0.78
2026-09-06,storagesense,sense_845,845,5x10,sense_5357851,delisted,,0.78
2026-09-06,storagesense,sense_845,845,10x10,sense_5357850,delisted,,0.78
2026-09-06,storagesense,sense_848,848,10x15,sense_4703923,listed,130,0.78
2026-09-06,storagesense,sense_848,848,10x15,sense_4701939,delisted,130,0.78
2026-09-06,storagesense,sense_863,863,5x8,sense_4658453,listed,54,0.78
2026-09-06,storagesense,sense_863,863,5x8,sense_4657287,delisted,54,0.78
2026-09-06,storagesense,sense_863,863,10x10,sense_4654280,delisted,,0.78
2026-09-06,storagesense,sense_872,872,10x10,sense_4643565,listed,86,0.78
2026-09-06,storagesense,sense_872,872,10x10,sense_4642238,delisted,86,0.78
2026-09-06,storagesense,sense_992,992,10x15,sense_4723397,listed,159,0.78
2026-09-06,storagesense,sense_992,992,10x15,sense_4723401,delisted,159,0.78
2026-09-06,storagesense,sense_1010,1010,10x20,sense_4717392,listed,119,0.78
2026-09-06,storagesense,sense_1010,1010,10x20,sense_5250281,delisted,119,0.78
2026-09-06,storagesense,sense_1016,1016,5x10,sense_4837785,listed,99,0.78
2026-09-06,storagesense,sense_1016,1016,5x10,sense_4837799,delisted,99,0.78
2026-09-06,storagesense,sense_1049,1049,10x15,sense_4686519,listed,130,0.78
2026-09-06,storagesense,sense_1049,1049,10x15,sense_4688292,delisted,130,0.78
2026-09-06,storagesense,sense_1051,1051,10x10,sense_4663905,listed,,0.78
2026-09-06,storagesense,sense_1051,1051,10x10,sense_4663869,delisted,69,0.78
2026-09-06,storagesense,sense_1089,1089,10x10,sense_4667716,listed,55,0.78
2026-09-06,storagesense,sense_1089,1089,10x10,sense_4667549,delisted,62,0.78
2026-09-06,storagesense,sense_1119,1119,10x10,sense_4930047,delisted,,0.78
2026-09-06,storagesense,sense_1307,1307,10x10,sense_4617982,delisted,,0.78
2026-09-06,storagesense,sense_1369,1369,10x10,sense_4695048,listed,79,0.78
2026-09-06,storagesense,sense_1369,1369,10x10,sense_4694884,delisted,79,0.78
2026-09-06,storagesense,sense_1375,1375,5x10,sense_5347777,listed,82,0.78
2026-09-06,storagesense,sense_1375,1375,5x10,sense_5347778,delisted,39,0.78
2026-09-06,storagesense,sense_1387,1387,5x5,sense_4639228,listed,,0.78
2026-09-06,storagesense,sense_1387,1387,5x5,sense_4639914,delisted,30,0.78
2026-09-06,storagesense,sense_1429,1429,5x10,sense_5109727,listed,149,0.78
2026-09-06,storagesense,sense_1429,1429,5x10,sense_4639909,delisted,149,0.78
2026-09-06,storagesense,sense_1465,1465,10x15,sense_4708830,listed,89,0.78
2026-09-06,storagesense,sense_1465,1465,10x20,sense_5355481,listed,,0.78
2026-09-06,storagesense,sense_1465,1465,10x15,sense_5207485,delisted,89,0.78
2026-09-06,storagesense,sense_1465,1465,10x20,sense_4709429,delisted,109,0.78
2026-09-06,storagesense,sense_163709,163709,10x10,sense_4659115,unpriced,99,0.78
2026-09-06,storagesense,sense_163719,163719,5x10,sense_4657907,listed,,0.78
2026-09-06,storagesense,sense_163719,163719,5x10,sense_4656840,delisted,49,0.78
2026-09-07,storagesense,sense_163764,163764,10x20,sense_4687061,listed,166,0.71
2026-09-07,storagesense,sense_163764,163764,10x20,sense_4685522,delisted,166,0.71
2026-09-07,storagesense,sense_163798,163798,10x10,sense_4725330,listed,76,0.71
2026-09-07,storagesense,sense_163798,163798,10x10,sense_4724870,delisted,76,0.71
2026-09-07,storagesense,sense_163958,163958,10x25,sense_4895804,listed,61,0.71
2026-09-07,storagesense,sense_163958,163958,10x25,sense_4895805,delisted,61,0.71
2026-09-07,storagesense,sense_164054,164054,5x10,sense_4977398,listed,,0.71
2026-09-07,storagesense,sense_164054,164054,5x10,sense_4977689,delisted,24,0.71
2026-09-07,storagesense,sense_164069,164069,10x10,sense_5168607,listed,113,0.71
2026-09-07,storagesense,sense_164069,164069,10x20,sense_4984505,listed,,0.71
2026-09-07,storagesense,sense_164069,164069,10x10,sense_5168603,delisted,113,0.71
2026-09-07,storagesense,sense_164069,164069,10x20,sense_4984491,delisted,344,0.71
2026-09-07,storagesense,sense_164072,164072,5x15,sense_4987139,listed,29,0.71
2026-09-07,storagesense,sense_164072,164072,5x15,sense_4987120,delisted,29,0.71
2026-09-07,storagesense,sense_164130,164130,10x10,sense_5026745,listed,45,0.71
2026-09-07,storagesense,sense_164130,164130,10x10,sense_5026733,delisted,45,0.71
2026-09-07,storagesense,sense_1680,1680,5x10,sense_4642810,listed,54,0.71
2026-09-07,storagesense,sense_1680,1680,5x10,sense_4643439,delisted,48,0.71
2026-09-07,storagesense,sense_17080,17080,5x5,sense_4677521,listed,79,0.71
2026-09-07,storagesense,sense_17080,17080,5x5,sense_4671090,delisted,79,0.71
2026-09-07,storagesense,sense_17172,17172,10x15,sense_4659167,listed,89,0.71
2026-09-07,storagesense,sense_17172,17172,10x15,sense_4659348,delisted,89,0.71
2026-09-07,storagesense,sense_17209,17209,10x30,sense_4620017,listed,,0.71
2026-09-07,storagesense,sense_17209,17209,10x30,sense_4620067,delisted,138,0.71
2026-09-07,storagesense,sense_17280,17280,5x10,sense_4929174,listed,59,0.71
2026-09-07,storagesense,sense_17280,17280,5x10,sense_4689055,delisted,59,0.71
2026-09-07,storagesense,sense_17403,17403,10x15,sense_5355941,listed,105,0.71
2026-09-07,storagesense,sense_17403,17403,10x15,sense_5355979,delisted,105,0.71
2026-09-07,storagesense,sense_17405,17405,10x15,sense_4840936,listed,154,0.71
2026-09-07,storagesense,sense_17405,17405,10x15,sense_5025259,delisted,154,0.71
2026-09-07,storagesense,sense_2115,2115,10x20,sense_4688124,listed,,0.71
2026-09-07,storagesense,sense_2115,2115,10x20,sense_4688739,delisted,149,0.71
2026-09-07,storagesense,sense_2117,2117,10x10,sense_4662722,listed,74,0.71
2026-09-07,storagesense,sense_2117,2117,10x10,sense_4662751,delisted,74,0.71
2026-09-07,storagesense,sense_2143,2143,10x10,sense_4678650,repriced_from_unpriced,162,0.71
2026-09-07,storagesense,sense_2151,2151,5x5,sense_4698236,listed,39,0.71
2026-09-07,storagesense,sense_2151,2151,10x10,sense_4700856,listed,149,0.71
2026-09-07,storagesense,sense_2151,2151,5x5,sense_4700547,delisted,39,0.71
2026-09-07,storagesense,sense_2151,2151,10x10,sense_4700955,delisted,149,0.71
2026-09-07,storagesense,sense_2324,2324,10x20,sense_4686923,listed,149,0.71
2026-09-07,storagesense,sense_2324,2324,10x20,sense_4678893,delisted,,0.71
2026-09-07,storagesense,sense_2340,2340,10x20,sense_4701771,listed,127,0.71
2026-09-07,storagesense,sense_2340,2340,10x20,sense_4703089,delisted,127,0.71
2026-09-07,storagesense,sense_2384,2384,10x15,sense_4994519,listed,,0.71
2026-09-07,storagesense,sense_2384,2384,10x15,sense_5002084,delisted,94,0.71
2026-09-07,storagesense,sense_2389,2389,5x5,sense_4623753,listed,36,0.71
2026-09-07,storagesense,sense_2389,2389,5x5,sense_4622476,delisted,36,0.71
2026-09-07,storagesense,sense_2392,2392,5x10,sense_5004459,listed,54,0.71
2026-09-07,storagesense,sense_2392,2392,5x10,sense_5004508,delisted,48,0.71
2026-09-07,storagesense,sense_2398,2398,5x10,sense_4627021,repriced_from_unpriced,61,0.71
2026-09-07,storagesense,sense_2403,2403,4x3,sense_4654375,listed,24,0.71
2026-09-07,storagesense,sense_2403,2403,4x3,sense_4654423,delisted,24,0.71
2026-09-07,storagesense,sense_2448,2448,10x10,sense_4643272,listed,136,0.71
2026-09-07,storagesense,sense_2448,2448,10x10,sense_4643458,delisted,136,0.71
2026-09-07,storagesense,sense_2507,2507,10x10,sense_5102278,listed,99,0.71
2026-09-07,storagesense,sense_2507,2507,10x10,sense_5102307,delisted,,0.71
2026-09-07,storagesense,sense_2566,2566,5x5,sense_4669172,listed,15,0.71
2026-09-07,storagesense,sense_2566,2566,5x5,sense_4669907,delisted,15,0.71
2026-09-07,storagesense,sense_2567,2567,10x10,sense_5243825,listed,99,0.71
2026-09-07,storagesense,sense_2567,2567,5x7,sense_5006563,unpriced,44,0.71
2026-09-07,storagesense,sense_2567,2567,10x10,sense_4659910,delisted,99,0.71
2026-09-07,storagesense,sense_2597,2597,10x10,sense_4668833,listed,74,0.71
2026-09-07,storagesense,sense_2597,2597,10x10,sense_4667621,delisted,74,0.71
2026-09-07,storagesense,sense_2668,2668,10x10,sense_4671409,listed,123,0.71
2026-09-07,storagesense,sense_2668,2668,8x14,sense_4671737,listed,,0.71
2026-09-07,storagesense,sense_2668,2668,10x10,sense_4672321,delisted,123,0.71
2026-09-07,storagesense,sense_2668,2668,8x14,sense_4672039,delisted,114,0.71
2026-09-07,storagesense,sense_831,831,10x20,sense_4639346,listed,50,0.71
2026-09-07,storagesense,sense_831,831,15x20,sense_4636098,listed,,0.71
2026-09-07,storagesense,sense_831,831,10x20,sense_4639340,delisted,50,0.71
2026-09-07,storagesense,sense_831,831,15x20,sense_4636075,delisted,199,0.71
2026-09-07,storagesense,sense_844,844,5x5,sense_5033402,listed,30,0.71
2026-09-07,storagesense,sense_844,844,5x5,sense_4615199,delisted,30,0.71
2026-09-07,storagesense,sense_863,863,8x10,sense_5000458,listed,93,0.71
2026-09-07,storagesense,sense_863,863,8x10,sense_4656084,delisted,93,0.71
2026-09-07,storagesense,sense_866,866,5x5,sense_4647314,listed,32,0.71
2026-09-07,storagesense,sense_866,866,5x5,sense_4647666,delisted,32,0.71
2026-09-07,storagesense,sense_867,867,10x20,sense_4657446,listed,106,0.71
2026-09-07,storagesense,sense_867,867,10x20,sense_4657918,delisted,,0.71
2026-09-07,storagesense,sense_914,914,10x15,sense_4648702,listed,,0.71
2026-09-07,storagesense,sense_914,914,10x15,sense_4648668,delisted,56,0.71
2026-09-07,storagesense,sense_1010,1010,10x20,sense_4716768,listed,119,0.71
2026-09-07,storagesense,sense_1010,1010,10x20,sense_4717392,delisted,119,0.71
2026-09-07,storagesense,sense_1030,1030,10x15,sense_4648701,listed,,0.71
2026-09-07,storagesense,sense_1030,1030,10x15,sense_4643610,delisted,92,0.71
2026-09-07,storagesense,sense_1090,1090,5x10,sense_4697599,listed,,0.71
2026-09-07,storagesense,sense_1090,1090,5x10,sense_4691332,delisted,43,0.71
2026-09-07,storagesense,sense_1245,1245,5x10,sense_4716306,listed,69,0.71
2026-09-07,storagesense,sense_1245,1245,5x10,sense_4716379,delisted,69,0.71
2026-09-07,storagesense,sense_1247,1247,10x5,sense_4723318,listed,55,0.71
2026-09-07,storagesense,sense_1247,1247,10x5,sense_4722847,delisted,55,0.71
2026-09-07,storagesense,sense_1278,1278,10x10,sense_4724566,listed,60,0.71
2026-09-07,storagesense,sense_1278,1278,10x10,sense_4724583,delisted,60,0.71
2026-09-07,storagesense,sense_1305,1305,5x5,sense_4612331,listed,21,0.71
2026-09-07,storagesense,sense_1305,1305,5x5,sense_4612160,delisted,21,0.71
2026-09-07,storagesense,sense_1373,1373,5x5,sense_4683964,listed,,0.71
2026-09-07,storagesense,sense_1373,1373,5x15,sense_4685162,unpriced,74,0.71
2026-09-07,storagesense,sense_1373,1373,5x5,sense_4684788,delisted,49,0.71
2026-09-07,storagesense,sense_1558,1558,12x40,sense_4634307,listed,84,0.71
2026-09-07,storagesense,sense_1558,1558,12x40,sense_4634325,delisted,84,0.71
2026-09-07,storagesense,sense_163714,163714,10x10,sense_4663517,listed,99,0.71
2026-09-07,storagesense,sense_163714,163714,10x10,sense_4663766,delisted,99,0.71
2026-09-08,storagesense,sense_163764,163764,10x15,sense_4687268,listed,88,1.1
2026-09-08,storagesense,sense_163764,163764,8x10,sense_4685049,listed,,1.1
2026-09-08,storagesense,sense_163764,163764,8x10,sense_4689045,delisted,52,1.1
2026-09-08,storagesense,sense_163764,163764,10x15,sense_4687555,delisted,88,1.1
2026-09-08,storagesense,sense_163764,163764,8x10,sense_5033173,delisted,,1.1
2026-09-08,storagesense,sense_163794,163794,7.5x10,sense_4727386,listed,75,1.1
2026-09-08,storagesense,sense_163794,163794,7.5x10,sense_4727385,delisted,75,1.1
2026-09-08,storagesense,sense_163797,163797,10x10,sense_4725117,listed,61,1.1
2026-09-08,storagesense,sense_163797,163797,10x15,sense_4725729,listed,53,1.1
2026-09-08,storagesense,sense_163797,163797,10x10,sense_4726154,delisted,29,1.1
2026-09-08,storagesense,sense_163797,163797,10x15,sense_4724884,delisted,53,1.1
2026-09-08,storagesense,sense_163839,163839,5x10,sense_4841938,listed,72,1.1
2026-09-08,storagesense,sense_163839,163839,5x10,sense_4841933,delisted,72,1.1
2026-09-08,storagesense,sense_163868,163868,12x32,sense_4622076,listed,65,1.1
2026-09-08,storagesense,sense_163868,163868,12x32,sense_4622477,delisted,65,1.1
2026-09-08,storagesense,sense_163884,163884,10x15,sense_4626657,listed,99,1.1
2026-09-08,storagesense,sense_163884,163884,10x25,sense_4627048,listed,184,1.1
2026-09-08,storagesense,sense_163884,163884,10x15,sense_4625364,delisted,99,1.1
2026-09-08,storagesense,sense_163884,163884,10x25,sense_4627127,delisted,184,1.1
2026-09-08,storagesense,sense_163885,163885,5x10,sense_4622277,listed,99,1.1
2026-09-08,storagesense,sense_163885,163885,5x10,sense_4621790,delisted,99,1.1
2026-09-08,storagesense,sense_164021,164021,5x10,sense_4959200,listed,,1.1
2026-09-08,storagesense,sense_164021,164021,5x10,sense_4959201,delisted,,1.1
2026-09-08,storagesense,sense_164050,164050,5x10,sense_4976328,listed,109,1.1
2026-09-08,storagesense,sense_164050,164050,5x10,sense_4976383,delisted,109,1.1
2026-09-08,storagesense,sense_164053,164053,10x20,sense_4977163,listed,105,1.1
2026-09-08,storagesense,sense_164053,164053,10x20,sense_4977129,delisted,105,1.1
2026-09-08,storagesense,sense_164057,164057,5x5,sense_4979626,listed,27,1.1
2026-09-08,storagesense,sense_164057,164057,7x10,sense_4979759,listed,43,1.1
2026-09-08,storagesense,sense_164057,164057,10x10,sense_4979584,listed,175,1.1
2026-09-08,storagesense,sense_164057,164057,5x5,sense_4979793,delisted,27,1.1
2026-09-08,storagesense,sense_164057,164057,7x10,sense_4979963,delisted,43,1.1
2026-09-08,storagesense,sense_164057,164057,10x10,sense_4979487,delisted,84,1.1
2026-09-08,storagesense,sense_164072,164072,10x8,sense_4987022,listed,41,1.1
2026-09-08,storagesense,sense_164072,164072,10x8,sense_4986891,delisted,36,1.1
2026-09-08,storagesense,sense_164111,164111,10x15,sense_5016445,listed,124,1.1
2026-09-08,storagesense,sense_164111,164111,10x15,sense_5016471,delisted,124,1.1
2026-09-08,storagesense,sense_164135,164135,5x5,sense_5036456,listed,49,1.1
2026-09-08,storagesense,sense_164135,164135,5x5,sense_5036458,delisted,49,1.1
2026-09-08,storagesense,sense_164187,164187,15x10,sense_5089773,listed,49,1.1
2026-09-08,storagesense,sense_164187,164187,15x10,sense_5090030,delisted,49,1.1
2026-09-08,storagesense,sense_164248,164248,10x5,sense_5335995,listed,49,1.1
2026-09-08,storagesense,sense_164248,164248,15x5,sense_5335784,listed,59,1.1
2026-09-08,storagesense,sense_164248,164248,10x5,sense_5335999,delisted,49,1.1
2026-09-08,storagesense,sense_164248,164248,15x5,sense_5335781,delisted,59,1.1
2026-09-08,storagesense,sense_164249,164249,10x10,sense_5336000,listed,124,1.1
2026-09-08,storagesense,sense_164249,164249,10x10,sense_5336051,delisted,,1.1
2026-09-08,storagesense,sense_1680,1680,10x10,sense_4645301,listed,92,1.1
2026-09-08,storagesense,sense_1680,1680,10x10,sense_4643425,delisted,82,1.1
2026-09-08,storagesense,sense_16966,16966,10x15,sense_4623901,listed,138,1.1
2026-09-08,storagesense,sense_16966,16966,10x15,sense_4623072,delisted,66,1.1
2026-09-08,storagesense,sense_16998,16998,10x20,sense_4710399,listed,,1.1
2026-09-08,storagesense,sense_16998,16998,10x20,sense_4910126,delisted,99,1.1
2026-09-08,storagesense,sense_17057,17057,5x10,sense_4928965,listed,42,1.1
2026-09-08,storagesense,sense_17057,17057,5x10,sense_5350574,delisted,42,1.1
2026-09-08,storagesense,sense_17060,17060,5x10,sense_5029116,listed,,1.1
2026-09-08,storagesense,sense_17060,17060,5x10,sense_4677662,delisted,69,1.1
2026-09-08,storagesense,sense_17162,17162,5x10,sense_4610959,listed,14,1.1
2026-09-08,storagesense,sense_17162,17162,5x10,sense_4610979,delisted,14,1.1
2026-09-08,storagesense,sense_17172,17172,5x10,sense_4658156,listed,,1.1
2026-09-08,storagesense,sense_17172,17172,5x15,sense_4656630,listed,,1.1
2026-09-08,storagesense,sense_17172,17172,5x10,sense_4658516,delisted,44,1.1
2026-09-08,storagesense,sense_17172,17172,5x15,sense_4657480,delisted,72,1.1
2026-09-08,storagesense,sense_17206,17206,10x15,sense_5033114,listed,149,1.1
2026-09-08,storagesense,sense_17206,17206,10x15,sense_4641546,delisted,149,1.1
2026-09-08,storagesense,sense_17238,17238,10x7,sense_4693037,listed,106,1.1
2026-09-08,storagesense,sense_17238,17238,10x7,sense_4693304,delisted,106,1.1
2026-09-08,storagesense,sense_17284,17284,10x15,sense_4651699,listed,87,1.1
2026-09-08,storagesense,sense_17284,17284,10x15,sense_4649152,delisted,87,1.1
2026-09-08,storagesense,sense_1852,1852,5x10,sense_4708091,listed,,1.1
2026-09-08,storagesense,sense_1852,1852,5x10,sense_5055625,delisted,89,1.1
2026-09-08,storagesense,sense_1915,1915,10x10,sense_4649727,listed,50,1.1
2026-09-08,storagesense,sense_1915,1915,10x10,sense_5159711,delisted,50,1.1
2026-09-08,storagesense,sense_1977,1977,5x10,sense_4693198,listed,63,1.1
2026-09-08,storagesense,sense_1977,1977,10x20,sense_4691537,listed,233,1.1
2026-09-08,storagesense,sense_1977,1977,5x10,sense_4693226,delisted,50,1.1
2026-09-08,storagesense,sense_1977,1977,10x20,sense_4687333,delisted,,1.1
2026-09-08,storagesense,sense_1983,1983,10x10,sense_4710579,listed,97,1.1
2026-09-08,storagesense,sense_1983,1983,10x25,sense_4711588,listed,181,1.1
2026-09-08,storagesense,sense_1983,1983,12x21,sense_4711909,repriced_from_unpriced,220,1.1
2026-09-08,storagesense,sense_1983,1983,10x25,sense_4711293,delisted,181,1.1
2026-09-08,storagesense,sense_1983,1983,10x10,sense_4710396,delisted,,1.1
2026-09-08,storagesense,sense_2121,2121,5x10,sense_4673430,listed,149,1.1
2026-09-08,storagesense,sense_2121,2121,5x10,sense_4673747,delisted,149,1.1
2026-09-08,storagesense,sense_2137,2137,10x10,sense_4672309,listed,80,1.1
2026-09-08,storagesense,sense_2137,2137,10x10,sense_4670743,delisted,80,1.1
2026-09-08,storagesense,sense_2143,2143,10x10,sense_4678650,unpriced,162,1.1
2026-09-08,storagesense,sense_2151,2151,10x20,sense_4697519,listed,179,1.1
2026-09-08,storagesense,sense_2151,2151,10x20,sense_4700966,delisted,179,1.1
2026-09-08,storagesense,sense_2165,2165,5x10,sense_4685799,listed,83,1.1
2026-09-08,storagesense,sense_2165,2165,5x10,sense_4693967,delisted,74,1.1
2026-09-08,storagesense,sense_2171,2171,10x30,sense_4665569,listed,,1.1
2026-09-08,storagesense,sense_2171,2171,10x30,sense_4665789,delisted,144,1.1
2026-09-08,storagesense,sense_2280,2280,8x17,sense_4840236,listed,134,1.1
2026-09-08,storagesense,sense_2280,2280,8x17,sense_4840162,delisted,,1.1
2026-09-08,storagesense,sense_2291,2291,10x10,sense_4726212,listed,,1.1
2026-09-08,storagesense,sense_2291,2291,10x10,sense_4726113,delisted,78,1.1
2026-09-08,storagesense,sense_2306,2306,5x10,sense_4681982,listed,,1.1
2026-09-08,storagesense,sense_2306,2306,10x10,sense_4684542,listed,,1.1
2026-09-08,storagesense,sense_2306,2306,5x10,sense_4686349,delisted,74,1.1
2026-09-08,storagesense,sense_2306,2306,10x10,sense_4686744,delisted,92,1.1
2026-09-08,storagesense,sense_2316,2316,10x25,sense_4614385,listed,,1.1
2026-09-08,storagesense,sense_2316,2316,10x25,sense_4614069,delisted,323,1.1
2026-09-08,storagesense,sense_2324,2324,10x20,sense_4678893,listed,,1.1
2026-09-08,storagesense,sense_2324,2324,10x20,sense_4686923,delisted,149,1.1
2026-09-08,storagesense,sense_2339,2339,10x10,sense_5311327,listed,108,1.1
2026-09-08,storagesense,sense_2339,2339,10x10,sense_4621767,delisted,108,1.1
2026-09-08,storagesense,sense_2341,2341,10x13,sense_4624575,listed,164,1.1
2026-09-08,storagesense,sense_2341,2341,10x13,sense_4622790,delisted,164,1.1
2026-09-08,storagesense,sense_2346,2346,10x15,sense_4674565,listed,208,1.1
2026-09-08,storagesense,sense_2346,2346,10x15,sense_4674815,delisted,,1.1
2026-09-08,storagesense,sense_2371,2371,5x10,sense_4614572,listed,76,1.1
2026-09-08,storagesense,sense_2371,2371,5x10,sense_4612613,delisted,76,1.1
2026-09-08,storagesense,sense_2384,2384,10x15,sense_4987739,listed,94,1.1
2026-09-08,storagesense,sense_2384,2384,10x15,sense_4994519,delisted,,1.1
2026-09-08,storagesense,sense_2385,2385,10x30,sense_4629265,listed,119,1.1
2026-09-08,storagesense,sense_2385,2385,10x30,sense_4631095,delisted,119,1.1
2026-09-08,storagesense,sense_2387,2387,10x35,sense_4634650,listed,103,1.1
2026-09-08,storagesense,sense_2387,2387,10x35,sense_4634677,delisted,49,1.1
2026-09-08,storagesense,sense_2388,2388,5x10,sense_4633892,listed,59,1.1
2026-09-08,storagesense,sense_2388,2388,5x10,sense_4633883,delisted,59,1.1
2026-09-08,storagesense,sense_2389,2389,10x10,sense_5028861,listed,,1.1
2026-09-08,storagesense,sense_2389,2389,10x10,sense_4621144,delisted,80,1.1
2026-09-08,storagesense,sense_2392,2392,10x10,sense_5004694,listed,92,1.1
2026-09-08,storagesense,sense_2392,2392,10x10,sense_5004507,delisted,82,1.1
2026-09-08,storagesense,sense_2393,2393,5x5,sense_4628228,listed,61,1.1
2026-09-08,storagesense,sense_2393,2393,5x5,sense_4627191,delisted,61,1.1
2026-09-08,storagesense,sense_2394,2394,10x20,sense_4613597,listed,141,1.1
2026-09-08,storagesense,sense_2394,2394,10x20,sense_4613625,delisted,141,1.1
2026-09-08,storagesense,sense_2417,2417,8x40,sense_4656070,listed,234,1.1
2026-09-08,storagesense,sense_2417,2417,8x40,sense_4654015,delisted,112,1.1
2026-09-08,storagesense,sense_2506,2506,10x20,sense_4699647,listed,,1.1
2026-09-08,storagesense,sense_2506,2506,10x20,sense_4700840,delisted,159,1.1
2026-09-08,storagesense,sense_2550,2550,12x18,sense_4839154,listed,,1.1
2026-09-08,storagesense,sense_2550,2550,12x18,sense_4839153,delisted,69,1.1
2026-09-08,storagesense,sense_2600,2600,5x10,sense_4611574,listed,,1.1
2026-09-08,storagesense,sense_2600,2600,5x10,sense_4611482,delisted,44,1.1
2026-09-08,storagesense,sense_2606,2606,10x10,sense_4685051,listed,,1.1
2026-09-08,storagesense,sense_2606,2606,10x10,sense_4685016,delisted,139,1.1
2026-09-08,storagesense,sense_2678,2678,7x12,sense_4653520,listed,74,1.1
2026-09-08,storagesense,sense_2678,2678,7x12,sense_4653431,delisted,83,1.1
2026-09-08,storagesense,sense_2692,2692,10x20,sense_4652386,listed,134,1.1
2026-09-08,storagesense,sense_2692,2692,10x20,sense_4651968,delisted,119,1.1
2026-09-08,storagesense,sense_2698,2698,10x20,sense_4702966,listed,169,1.1
2026-09-08,storagesense,sense_2698,2698,10x20,sense_5347533,delisted,169,1.1
2026-09-08,storagesense,sense_2782,2782,10x20,sense_4791103,listed,219,1.1
2026-09-08,storagesense,sense_2782,2782,10x20,sense_4791171,delisted,199,1.1
2026-09-08,storagesense,sense_2793,2793,5x5,sense_4713699,listed,,1.1
2026-09-08,storagesense,sense_2793,2793,5x5,sense_4713783,delisted,77,1.1
2026-09-08,storagesense,sense_2803,2803,5x10,sense_4838183,listed,39,1.1
2026-09-08,storagesense,sense_2803,2803,5x10,sense_4838179,delisted,39,1.1
2026-09-08,storagesense,sense_2819,2819,14x45,sense_4610220,listed,,1.1
2026-09-08,storagesense,sense_2819,2819,14x45,sense_4610218,delisted,159,1.1
2026-09-08,storagesense,sense_831,831,5x10,sense_4637384,listed,34,1.1
2026-09-08,storagesense,sense_831,831,10x10,sense_4637944,listed,79,1.1
2026-09-08,storagesense,sense_831,831,10x5,sense_4639198,listed,,1.1
2026-09-08,storagesense,sense_831,831,5x10,sense_4637392,delisted,34,1.1
2026-09-08,storagesense,sense_831,831,10x10,sense_4638196,delisted,79,1.1
2026-09-08,storagesense,sense_831,831,10x5,sense_4638930,delisted,34,1.1
2026-09-08,storagesense,sense_844,844,10x35,sense_4621665,listed,75,1.1
2026-09-08,storagesense,sense_844,844,10x35,sense_4621304,delisted,75,1.1
2026-09-08,storagesense,sense_852,852,10x15,sense_5301261,delisted,142,1.1
2026-09-08,storagesense,sense_852,852,10x20,sense_5306368,delisted,206,1.1
2026-09-08,storagesense,sense_852,852,10x30,sense_4982795,delisted,447,1.1
2026-09-08,storagesense,sense_856,856,10x20,sense_4680695,listed,125,1.1
2026-09-08,storagesense,sense_856,856,10x20,sense_4681133,delisted,60,1.1
2026-09-08,storagesense,sense_861,861,10x15,sense_4628416,listed,162,1.1
2026-09-08,storagesense,sense_861,861,10x15,sense_4628558,delisted,162,1.1
2026-09-08,storagesense,sense_864,864,5x10,sense_4677938,listed,89,1.1
2026-09-08,storagesense,sense_864,864,5x10,sense_4678181,delisted,100,1.1
2026-09-08,storagesense,sense_867,867,5x5,sense_4657034,listed,22,1.1
2026-09-08,storagesense,sense_867,867,10x10,sense_4658507,listed,59,1.1
2026-09-08,storagesense,sense_867,867,5x5,sense_4656520,delisted,22,1.1
2026-09-08,storagesense,sense_867,867,10x10,sense_4658430,delisted,,1.1
2026-09-08,storagesense,sense_871,871,5x10,sense_4705276,listed,,1.1
2026-09-08,storagesense,sense_871,871,5x10,sense_4705189,delisted,27,1.1
2026-09-08,storagesense,sense_912,912,10x20,sense_4705523,listed,,1.1
2026-09-08,storagesense,sense_912,912,12x45,sense_4703995,listed,,1.1
2026-09-08,storagesense,sense_912,912,12x45,sense_4704040,delisted,154,1.1
2026-09-08,storagesense,sense_912,912,10x20,sense_4705582,delisted,59,1.1
2026-09-08,storagesense,sense_913,913,10x15,sense_4716799,listed,,1.1
2026-09-08,storagesense,sense_913,913,10x15,sense_4716828,delisted,69,1.1
2026-09-08,storagesense,sense_914,914,5x10,sense_4646807,listed,34,1.1
2026-09-08,storagesense,sense_914,914,10x15,sense_4649979,listed,,1.1
2026-09-08,storagesense,sense_914,914,5x10,sense_4646783,delisted,34,1.1
2026-09-08,storagesense,sense_914,914,10x15,sense_4649745,delisted,49,1.1
2026-09-08,storagesense,sense_1017,1017,5x8,sense_4838000,listed,59,1.1
2026-09-08,storagesense,sense_1017,1017,7x10,sense_4838026,listed,85,1.1
2026-09-08,storagesense,sense_1017,1017,5x8,sense_4838014,delisted,59,1.1
2026-09-08,storagesense,sense_1017,1017,7x10,sense_4838006,delisted,79,1.1
2026-09-08,storagesense,sense_1029,1029,10x15,sense_4660734,listed,,1.1
2026-09-08,storagesense,sense_1029,1029,10x15,sense_4662352,delisted,99,1.1
2026-09-08,storagesense,sense_1030,1030,10x20,sense_4642815,listed,,1.1
2026-09-08,storagesense,sense_1030,1030,10x20,sense_4642007,delisted,119,1.1
2026-09-08,storagesense,sense_1031,1031,10x15,sense_4676953,listed,186,1.1
2026-09-08,storagesense,sense_1031,1031,10x15,sense_4677030,delisted,89,1.1
2026-09-08,storagesense,sense_1050,1050,10x10,sense_4627167,listed,,1.1
2026-09-08,storagesense,sense_1050,1050,10x10,sense_4629000,delisted,100,1.1
2026-09-08,storagesense,sense_1056,1056,10x10,sense_4612663,listed,57,1.1
2026-09-08,storagesense,sense_1056,1056,10x10,sense_4614300,delisted,57,1.1
2026-09-08,storagesense,sense_1089,1089,5x10,sense_4669605,listed,37,1.1
2026-09-08,storagesense,sense_1089,1089,5x10,sense_4670286,delisted,37,1.1
2026-09-08,storagesense,sense_1090,1090,5x15,sense_4697768,listed,55,1.1
2026-09-08,storagesense,sense_1090,1090,5x15,sense_4697785,delisted,55,1.1
2026-09-08,storagesense,sense_1117,1117,5x10,sense_4670438,listed,64,1.1
2026-09-08,storagesense,sense_1117,1117,10x5,sense_4676851,listed,81,1.1
2026-09-08,storagesense,sense_1117,1117,10x20,sense_4669688,listed,,1.1
2026-09-08,storagesense,sense_1117,1117,5x10,sense_4673581,delisted,64,1.1
2026-09-08,storagesense,sense_1117,1117,10x5,sense_4672127,delisted,81,1.1
2026-09-08,storagesense,sense_1117,1117,10x20,sense_4669258,delisted,225,1.1
2026-09-08,storagesense,sense_1278,1278,10x20,sense_4725227,listed,,1.1
2026-09-08,storagesense,sense_1278,1278,10x20,sense_4725347,delisted,99,1.1
2026-09-08,storagesense,sense_1305,1305,10x10,sense_4617178,listed,70,1.1
2026-09-08,storagesense,sense_1305,1305,10x10,sense_4615627,delisted,70,1.1
2026-09-08,storagesense,sense_1387,1387,5x10,sense_4639540,listed,30,1.1
2026-09-08,storagesense,sense_1387,1387,5x10,sense_4639571,delisted,30,1.1
2026-09-08,storagesense,sense_1429,1429,10x15,sense_4640387,listed,269,1.1
2026-09-08,storagesense,sense_1429,1429,10x15,sense_4640404,delisted,,1.1
2026-09-08,storagesense,sense_1557,1557,10x15,sense_4666244,listed,93,1.1
2026-09-08,storagesense,sense_1557,1557,10x15,sense_4668296,delisted,93,1.1
2026-09-08,storagesense,sense_1558,1558,10x10,sense_4632644,listed,96,1.1
2026-09-08,storagesense,sense_1558,1558,10x10,sense_4632569,delisted,,1.1
2026-09-08,storagesense,sense_163706,163706,10x10,sense_4975441,listed,52,1.1
2026-09-08,storagesense,sense_163706,163706,10x5,sense_5221611,listed,,1.1
2026-09-08,storagesense,sense_163706,163706,10x5,sense_4975401,delisted,32,1.1
2026-09-08,storagesense,sense_163706,163706,10x10,sense_4975440,delisted,46,1.1
2026-09-08,storagesense,sense_163756,163756,10x9,sense_4699027,listed,64,1.1
2026-09-08,storagesense,sense_163756,163756,10x9,sense_4699120,delisted,64,1.1
2026-09-08,storagesense,sense_163759,163759,10x10,sense_4669101,listed,84,1.1
2026-09-08,storagesense,sense_163759,163759,5x15,sense_4666613,listed,,1.1
2026-09-08,storagesense,sense_163759,163759,5x15,sense_4666662,delisted,59,1.1
2026-09-08,storagesense,sense_163759,163759,10x10,sense_4672429,delisted,84,1.1
2026-09-09,storagesense,sense_163726,163726,5x15,sense_4648871,listed,50,1.18
2026-09-09,storagesense,sense_163726,163726,5x15,sense_4647483,delisted,50,1.18
2026-09-09,storagesense,sense_163764,163764,5x10,sense_4685729,listed,39,1.18
2026-09-09,storagesense,sense_163764,163764,8x10,sense_4689045,listed,52,1.18
2026-09-09,storagesense,sense_163764,163764,10x10,sense_4689291,listed,75,1.18
2026-09-09,storagesense,sense_163764,163764,10x30,sense_4688129,listed,306,1.18
2026-09-09,storagesense,sense_163764,163764,8x10,sense_5033173,listed,,1.18
2026-09-09,storagesense,sense_163764,163764,10x10,sense_4689641,delisted,75,1.18
2026-09-09,storagesense,sense_163764,163764,5x10,sense_4684029,delisted,,1.18
2026-09-09,storagesense,sense_163764,163764,8x10,sense_4685049,delisted,,1.18
2026-09-09,storagesense,sense_163764,163764,10x30,sense_4688228,delisted,,1.18
2026-09-09,storagesense,sense_163787,163787,10x10,sense_5082292,listed,64,1.18
2026-09-09,storagesense,sense_163787,163787,10x10,sense_4697538,delisted,64,1.18
2026-09-09,storagesense,sense_163794,163794,10x20,sense_4727291,listed,,1.18
2026-09-09,storagesense,sense_163794,163794,10x20,sense_4727177,delisted,119,1.18
2026-09-09,storagesense,sense_163796,163796,6x10,sense_4715255,listed,48,1.18
2026-09-09,storagesense,sense_163796,163796,10x10,sense_4716023,listed,56,1.18
2026-09-09,storagesense,sense_163796,163796,6x10,sense_4718319,delisted,48,1.18
2026-09-09,storagesense,sense_163796,163796,10x10,sense_4716520,delisted,56,1.18
2026-09-09,storagesense,sense_163797,163797,10x10,sense_4725122,listed,29,1.18
2026-09-09,storagesense,sense_163797,163797,10x10,sense_4725117,delisted,61,1.18
2026-09-09,storagesense,sense_163798,163798,5x10,sense_4725539,listed,59,1.18
2026-09-09,storagesense,sense_163798,163798,10x10,sense_4724671,listed,45,1.18
2026-09-09,storagesense,sense_163798,163798,5x10,sense_4724277,delisted,59,1.18
2026-09-09,storagesense,sense_163798,163798,10x10,sense_4724728,delisted,45,1.18
2026-09-09,storagesense,sense_163810,163810,10x15,sense_4710377,listed,,1.18
2026-09-09,storagesense,sense_163810,163810,10x20,sense_4997016,listed,,1.18
2026-09-09,storagesense,sense_163810,163810,10x40,sense_4711422,listed,,1.18
2026-09-09,storagesense,sense_163810,163810,10x15,sense_4710355,delisted,,1.18
2026-09-09,storagesense,sense_163810,163810,10x20,sense_4997017,delisted,,1.18
2026-09-09,storagesense,sense_163810,163810,10x40,sense_5329229,delisted,,1.18
2026-09-09,storagesense,sense_163882,163882,10x10,sense_4635129,listed,127,1.18
2026-09-09,storagesense,sense_163882,163882,10x10,sense_4635124,delisted,127,1.18
2026-09-09,storagesense,sense_163883,163883,4x10,sense_5267136,listed,85,1.18
2026-09-09,storagesense,sense_163883,163883,12x50,sense_4610854,repriced_from_unpriced,290,1.18
2026-09-09,storagesense,sense_163883,163883,5x6,sense_5267101,unpriced,75,1.18
2026-09-09,storagesense,sense_163883,163883,4x10,sense_5267123,delisted,85,1.18
2026-09-09,storagesense,sense_163884,163884,5x10,sense_4620716,listed,49,1.18
2026-09-09,storagesense,sense_163884,163884,10x10,sense_4620432,listed,64,1.18
2026-09-09,storagesense,sense_163884,163884,10x25,sense_4627127,listed,184,1.18
2026-09-09,storagesense,sense_163884,163884,5x10,sense_4626170,delisted,49,1.18
2026-09-09,storagesense,sense_163884,163884,10x10,sense_4621407,delisted,64,1.18
2026-09-09,storagesense,sense_163884,163884,10x25,sense_4627048,delisted,184,1.18
2026-09-09,storagesense,sense_163886,163886,10x10,sense_4616516,listed,132,1.18
2026-09-09,storagesense,sense_163886,163886,10x10,sense_4616732,delisted,132,1.18
2026-09-09,storagesense,sense_163937,163937,10x20,sense_4871741,listed,194,1.18
2026-09-09,storagesense,sense_163937,163937,10x20,sense_4871851,delisted,194,1.18
2026-09-09,storagesense,sense_163958,163958,10x25,sense_4895801,listed,61,1.18
2026-09-09,storagesense,sense_163958,163958,10x25,sense_4895804,delisted,61,1.18
2026-09-09,storagesense,sense_163987,163987,10x10,sense_5364209,listed,39,1.18
2026-09-09,storagesense,sense_163987,163987,10x10,sense_4920561,listed,,1.18
2026-09-09,storagesense,sense_163987,163987,10x15,sense_4921074,unpriced,89,1.18
2026-09-09,storagesense,sense_163987,163987,10x20,sense_4921077,listed,,1.18
2026-09-09,storagesense,sense_163987,163987,10x10,sense_4921080,delisted,39,1.18
2026-09-09,storagesense,sense_163987,163987,10x10,sense_4920795,delisted,39,1.18
2026-09-09,storagesense,sense_163987,163987,10x20,sense_4920502,delisted,132,1.18
2026-09-09,storagesense,sense_163993,163993,5x10,sense_4924102,listed,30,1.18
2026-09-09,storagesense,sense_163993,163993,5x10,sense_4924047,delisted,30,1.18
2026-09-09,storagesense,sense_164021,164021,5x5,sense_4959121,listed,,1.18
2026-09-09,storagesense,sense_164021,164021,5x5,sense_4959118,delisted,,1.18
2026-09-09,storagesense,sense_164035,164035,5x15,sense_4974757,listed,129,1.18
2026-09-09,storagesense,sense_164035,164035,5x15,sense_4967991,delisted,129,1.18
2026-09-09,storagesense,sense_164050,164050,5x10,sense_4976383,listed,109,1.18
2026-09-09,storagesense,sense_164050,164050,5x10,sense_4976328,delisted,109,1.18
2026-09-09,storagesense,sense_164051,164051,10x10,sense_4976587,listed,,1.18
2026-09-09,storagesense,sense_164051,164051,10x20,sense_4976622,listed,,1.18
2026-09-09,storagesense,sense_164051,164051,10x10,sense_4976603,delisted,,1.18
2026-09-09,storagesense,sense_164051,164051,10x20,sense_4976566,delisted,,1.18
2026-09-09,storagesense,sense_164054,164054,5x10,sense_5364364,listed,24,1.19
2026-09-09,storagesense,sense_164054,164054,10x10,sense_4977621,listed,52,1.19
2026-09-09,storagesense,sense_164054,164054,10x10,sense_4977630,delisted,52,1.19
2026-09-09,storagesense,sense_164054,164054,5x10,sense_4977398,delisted,,1.19
2026-09-09,storagesense,sense_164057,164057,10x10,sense_4979506,listed,84,1.19
2026-09-09,storagesense,sense_164057,164057,10x15,sense_5363772,listed,71,1.19
2026-09-09,storagesense,sense_164057,164057,10x20,sense_4979542,listed,135,1.19
2026-09-09,storagesense,sense_164057,164057,5x10,sense_4979586,listed,,1.19
2026-09-09,storagesense,sense_164057,164057,5x10,sense_4979504,delisted,56,1.19
2026-09-09,storagesense,sense_164057,164057,10x10,sense_4979584,delisted,175,1.19
2026-09-09,storagesense,sense_164057,164057,10x20,sense_4979543,delisted,135,1.19
2026-09-09,storagesense,sense_164057,164057,10x15,sense_4979967,delisted,,1.19
2026-09-09,storagesense,sense_164067,164067,10x15,sense_4983234,listed,199,1.19
2026-09-09,storagesense,sense_164067,164067,10x15,sense_4983402,delisted,199,1.19
2026-09-09,storagesense,sense_164069,164069,5x10,sense_5168637,listed,46,1.19
2026-09-09,storagesense,sense_164069,164069,5x10,sense_4984534,listed,72,1.19
2026-09-09,storagesense,sense_164069,164069,5x10,sense_5168638,delisted,46,1.19
2026-09-09,storagesense,sense_164069,164069,5x10,sense_4984536,delisted,72,1.19
2026-09-09,storagesense,sense_164072,164072,10x8,sense_4987040,listed,41,1.19
2026-09-09,storagesense,sense_164072,164072,8x12,sense_4986946,listed,39,1.19
2026-09-09,storagesense,sense_164072,164072,10x8,sense_4987022,delisted,41,1.19
2026-09-09,storagesense,sense_164072,164072,8x12,sense_4987007,delisted,39,1.19
2026-09-09,storagesense,sense_164104,164104,15x20,sense_5012937,listed,159,1.19
2026-09-09,storagesense,sense_164104,164104,10x10,sense_5012890,listed,,1.19
2026-09-09,storagesense,sense_164104,164104,10x10,sense_5012889,delisted,99,1.19
2026-09-09,storagesense,sense_164104,164104,15x20,sense_5012938,delisted,159,1.19
2026-09-09,storagesense,sense_164111,164111,12x30,sense_5016693,listed,119,1.19
2026-09-09,storagesense,sense_164111,164111,10x10,sense_5016477,listed,89,1.19
2026-09-09,storagesense,sense_164111,164111,12x30,sense_5017001,listed,59,1.19
2026-09-09,storagesense,sense_164111,164111,12x40,sense_5016812,listed,,1.19
2026-09-09,storagesense,sense_164111,164111,10x10,sense_5016672,delisted,89,1.19
2026-09-09,storagesense,sense_164111,164111,12x30,sense_5017002,delisted,59,1.19
2026-09-09,storagesense,sense_164111,164111,12x40,sense_5016797,delisted,99,1.19
2026-09-09,storagesense,sense_164111,164111,12x30,sense_5016701,delisted,,1.19
2026-09-09,storagesense,sense_164130,164130,5x10,sense_5026877,listed,48,1.19
2026-09-09,storagesense,sense_164130,164130,5x10,sense_5026876,delisted,48,1.19
2026-09-09,storagesense,sense_164135,164135,5x5,sense_5036277,listed,59,1.19
2026-09-09,storagesense,sense_164135,164135,10x5,sense_5036382,listed,79,1.19
2026-09-09,storagesense,sense_164135,164135,10x15,sense_5036543,listed,179,1.19
2026-09-09,storagesense,sense_164135,164135,5x5,sense_5036282,delisted,59,1.19
2026-09-09,storagesense,sense_164135,164135,10x5,sense_5036638,delisted,79,1.19
2026-09-09,storagesense,sense_164135,164135,10x15,sense_5036537,delisted,179,1.19
2026-09-09,storagesense,sense_164187,164187,15x10,sense_5090028,listed,49,1.19
2026-09-09,storagesense,sense_164187,164187,15x10,sense_5089773,delisted,49,1.19
2026-09-09,storagesense,sense_164196,164196,5x10,sense_5116329,listed,64,1.19
2026-09-09,storagesense,sense_164196,164196,5x10,sense_5116092,delisted,64,1.19
2026-09-09,storagesense,sense_164223,164223,5x10,sense_5187533,listed,79,1.19
2026-09-09,storagesense,sense_164223,164223,5x10,sense_5187520,delisted,79,1.19
2026-09-09,storagesense,sense_164224,164224,5x10,sense_5187820,listed,84,1.19
2026-09-09,storagesense,sense_164224,164224,5x10,sense_5187835,delisted,84,1.19
2026-09-09,storagesense,sense_164248,164248,10x5,sense_5335999,listed,49,1.19
2026-09-09,storagesense,sense_164248,164248,15x5,sense_5335782,listed,59,1.19
2026-09-09,storagesense,sense_164248,164248,15x10,sense_5335760,listed,109,1.19
2026-09-09,storagesense,sense_164248,164248,10x5,sense_5335995,delisted,49,1.19
2026-09-09,storagesense,sense_164248,164248,15x5,sense_5335784,delisted,59,1.19
2026-09-09,storagesense,sense_164248,164248,15x10,sense_5335762,delisted,109,1.19
2026-09-09,storagesense,sense_164249,164249,24x12,sense_5336123,listed,,1.19
2026-09-09,storagesense,sense_164249,164249,24x12,sense_5336121,delisted,199,1.19
2026-09-09,storagesense,sense_1680,1680,10x10,sense_4645324,listed,171,1.19
2026-09-09,storagesense,sense_1680,1680,10x10,sense_4645301,delisted,92,1.19
2026-09-09,storagesense,sense_16996,16996,10x10,sense_4638417,listed,108,1.19
2026-09-09,storagesense,sense_16996,16996,10x10,sense_4638644,listed,120,1.19
2026-09-09,storagesense,sense_16996,16996,10x10,sense_4637041,delisted,96,1.19
2026-09-09,storagesense,sense_16996,16996,10x10,sense_4638431,delisted,,1.19
2026-09-09,storagesense,sense_16997,16997,5x5,sense_4624010,listed,29,1.19
2026-09-09,storagesense,sense_16997,16997,5x5,sense_4624637,delisted,,1.19
2026-09-09,storagesense,sense_16998,16998,10x20,sense_4710480,listed,99,1.19
2026-09-09,storagesense,sense_16998,16998,10x20,sense_4710399,delisted,,1.19
2026-09-09,storagesense,sense_17038,17038,8x10,sense_5101704,listed,79,1.19
2026-09-09,storagesense,sense_17038,17038,8x10,sense_4707071,delisted,,1.19
2026-09-09,storagesense,sense_17040,17040,10x24,sense_4648545,listed,155,1.19
2026-09-09,storagesense,sense_17040,17040,10x30,sense_5364125,listed,57,1.19
2026-09-09,storagesense,sense_17040,17040,5x10,sense_4649467,listed,,1.19
2026-09-09,storagesense,sense_17040,17040,5x10,sense_4649440,delisted,72,1.19
2026-09-09,storagesense,sense_17040,17040,10x24,sense_4650481,delisted,,1.19
2026-09-09,storagesense,sense_17040,17040,10x30,sense_4650898,delisted,,1.19
2026-09-09,storagesense,sense_17053,17053,10x10,sense_4691576,listed,79,1.19
2026-09-09,storagesense,sense_17053,17053,10x10,sense_4690829,delisted,79,1.19
2026-09-09,storagesense,sense_17057,17057,10x10,sense_4631402,listed,84,1.19
2026-09-09,storagesense,sense_17057,17057,10x15,sense_5367259,listed,100,1.19
2026-09-09,storagesense,sense_17057,17057,10x20,sense_5276250,listed,123,1.19
2026-09-09,storagesense,sense_17057,17057,10x20,sense_4930137,listed,134,1.19
2026-09-09,storagesense,sense_17057,17057,10x10,sense_5061178,delisted,84,1.19
2026-09-09,storagesense,sense_17057,17057,10x20,sense_4631488,delisted,109,1.19
2026-09-09,storagesense,sense_17057,17057,10x20,sense_4928806,delisted,134,1.19
2026-09-09,storagesense,sense_17080,17080,5x10,sense_4682757,listed,116,1.19
2026-09-09,storagesense,sense_17080,17080,10x8,sense_4672407,listed,139,1.19
2026-09-09,storagesense,sense_17080,17080,10x20,sense_4670541,listed,256,1.19
2026-09-09,storagesense,sense_17080,17080,5x10,sense_4681853,delisted,116,1.19
2026-09-09,storagesense,sense_17080,17080,10x8,sense_4678883,delisted,139,1.19
2026-09-09,storagesense,sense_17080,17080,10x20,sense_4679674,delisted,,1.19
2026-09-09,storagesense,sense_17086,17086,12x30,sense_5081527,listed,284,1.19
2026-09-09,storagesense,sense_17086,17086,12x30,sense_5297054,delisted,284,1.19
2026-09-09,storagesense,sense_17087,17087,10x40,sense_5007080,listed,29,1.19
2026-09-09,storagesense,sense_17087,17087,10x40,sense_4706554,delisted,29,1.19
2026-09-09,storagesense,sense_17088,17088,10x25,sense_4701093,listed,,1.19
2026-09-09,storagesense,sense_17088,17088,10x25,sense_4701052,delisted,139,1.19
2026-09-09,storagesense,sense_17098,17098,5x10,sense_4721124,listed,99,1.19
2026-09-09,storagesense,sense_17098,17098,5x5,sense_4715720,listed,66,1.19
2026-09-09,storagesense,sense_17098,17098,10x15,sense_4720862,listed,189,1.19
2026-09-09,storagesense,sense_17098,17098,10x20,sense_4714891,listed,254,1.19
2026-09-09,storagesense,sense_17098,17098,5x10,sense_4720776,delisted,99,1.19
2026-09-09,storagesense,sense_17098,17098,5x5,sense_4715155,delisted,66,1.19
2026-09-09,storagesense,sense_17098,17098,10x15,sense_4720105,delisted,189,1.19
2026-09-09,storagesense,sense_17098,17098,10x20,sense_4716237,delisted,,1.19
2026-09-09,storagesense,sense_17122,17122,10x15,sense_4839812,listed,129,1.19
2026-09-09,storagesense,sense_17122,17122,10x15,sense_4839933,delisted,,1.19
2026-09-09,storagesense,sense_17123,17123,10x20,sense_4840619,listed,,1.19
2026-09-09,storagesense,sense_17123,17123,10x20,sense_4840344,delisted,174,1.19
2026-09-09,storagesense,sense_17161,17161,10x10,sense_4636900,listed,64,1.19
2026-09-09,storagesense,sense_17161,17161,10x20,sense_4635538,repriced_from_unpriced,109,1.19
2026-09-09,storagesense,sense_17161,17161,10x10,sense_4637426,delisted,64,1.19
2026-09-09,storagesense,sense_17162,17162,5x10,sense_4612598,listed,34,1.19
2026-09-09,storagesense,sense_17162,17162,10x15,sense_4615998,listed,79,1.19
2026-09-09,storagesense,sense_17162,17162,10x20,sense_4610754,listed,89,1.19
2026-09-09,storagesense,sense_17162,17162,10x25,sense_5024155,listed,149,1.19
2026-09-09,storagesense,sense_17162,17162,10x10,sense_5364363,listed,,1.19
2026-09-09,storagesense,sense_17162,17162,5x10,sense_4612291,delisted,34,1.19
2026-09-09,storagesense,sense_17162,17162,10x15,sense_4616337,delisted,79,1.19
2026-09-09,storagesense,sense_17162,17162,10x20,sense_4611403,delisted,89,1.19
2026-09-09,storagesense,sense_17162,17162,10x25,sense_4615399,delisted,149,1.19
2026-09-09,storagesense,sense_17162,17162,20x10,sense_4614694,delisted,,1.19
2026-09-09,storagesense,sense_17172,17172,5x10,sense_4658177,listed,44,1.19
2026-09-09,storagesense,sense_17172,17172,10x10,sense_4656170,listed,60,1.19
2026-09-09,storagesense,sense_17172,17172,10x15,sense_4657119,listed,66,1.19
2026-09-09,storagesense,sense_17172,17172,10x20,sense_4657744,listed,99,1.19
2026-09-09,storagesense,sense_17172,17172,10x20,sense_4659025,listed,132,1.19
2026-09-09,storagesense,sense_17172,17172,5x10,sense_4658156,delisted,,1.19
2026-09-09,storagesense,sense_17172,17172,10x10,sense_4656123,delisted,,1.19
2026-09-09,storagesense,sense_17172,17172,10x15,sense_4657403,delisted,,1.19
2026-09-09,storagesense,sense_17172,17172,10x20,sense_4658417,delisted,,1.19
2026-09-09,storagesense,sense_17172,17172,10x20,sense_4658938,delisted,,1.19
2026-09-09,storagesense,sense_17173,17173,5x9,sense_4613559,listed,60,1.19
2026-09-09,storagesense,sense_17173,17173,5x9,sense_4613580,delisted,,1.19
2026-09-09,storagesense,sense_17182,17182,5x5,sense_4619049,listed,56,1.19
2026-09-09,storagesense,sense_17182,17182,5x10,sense_4618162,unpriced,60,1.19
2026-09-09,storagesense,sense_17182,17182,10x20,sense_4617182,listed,,1.19
2026-09-09,storagesense,sense_17182,17182,10x20,sense_4617238,delisted,156,1.19
2026-09-09,storagesense,sense_17182,17182,5x5,sense_4618216,delisted,,1.19
2026-09-09,storagesense,sense_17208,17208,10x15,sense_4627065,listed,169,1.19
2026-09-09,storagesense,sense_17208,17208,10x15,sense_4626829,delisted,169,1.19
2026-09-09,storagesense,sense_17209,17209,10x20,sense_4621012,listed,99,1.19
2026-09-09,storagesense,sense_17209,17209,5x10,sense_4624347,listed,29,1.19
2026-09-09,storagesense,sense_17209,17209,10x8,sense_4625655,unpriced,39,1.19
2026-09-09,storagesense,sense_17209,17209,5x10,sense_4624028,delisted,29,1.19
2026-09-09,storagesense,sense_17209,17209,10x20,sense_4624639,delisted,,1.19
2026-09-09,storagesense,sense_17238,17238,10x7,sense_4687654,listed,106,1.19
2026-09-09,storagesense,sense_17238,17238,10x20,sense_4685358,listed,309,1.19
2026-09-09,storagesense,sense_17238,17238,10x7,sense_4693037,delisted,106,1.19
2026-09-09,storagesense,sense_17238,17238,10x20,sense_4685197,delisted,309,1.19
2026-09-09,storagesense,sense_17280,17280,5x10,sense_4929200,listed,64,1.19
2026-09-09,storagesense,sense_17280,17280,5x10,sense_4929214,delisted,64,1.19
2026-09-09,storagesense,sense_17284,17284,5x10,sense_4647937,listed,121,1.19
2026-09-09,storagesense,sense_17284,17284,5x10,sense_4647947,delisted,,1.19
2026-09-09,storagesense,sense_17392,17392,5x10,sense_4791409,listed,74,1.19
2026-09-09,storagesense,sense_17392,17392,10x10,sense_4791455,listed,165,1.19
2026-09-09,storagesense,sense_17392,17392,10x20,sense_4791683,listed,65,1.19
2026-09-09,storagesense,sense_17392,17392,5x5,sense_4791715,listed,,1.19
2026-09-09,storagesense,sense_17392,17392,5x5,sense_4791714,delisted,32,1.19
2026-09-09,storagesense,sense_17392,17392,10x10,sense_4791458,delisted,165,1.19
2026-09-09,storagesense,sense_17392,17392,10x20,sense_4791572,delisted,65,1.19
2026-09-09,storagesense,sense_17392,17392,5x10,sense_4925943,delisted,,1.19
2026-09-09,storagesense,sense_17403,17403,10x10,sense_4838253,listed,130,1.19
2026-09-09,storagesense,sense_17403,17403,10x20,sense_4838654,listed,,1.19
2026-09-09,storagesense,sense_17403,17403,10x10,sense_4838457,delisted,130,1.19
2026-09-09,storagesense,sense_17403,17403,10x20,sense_5216221,delisted,149,1.19
2026-09-09,storagesense,sense_17409,17409,5x5,sense_4644501,listed,79,1.18
2026-09-09,storagesense,sense_17409,17409,10x10,sense_4645612,listed,129,1.18
2026-09-09,storagesense,sense_17409,17409,10x10,sense_4642983,repriced_from_unpriced,139,1.18
2026-09-09,storagesense,sense_17409,17409,10x15,sense_4642562,listed,199,1.18
2026-09-09,storagesense,sense_17409,17409,5x5,sense_4642209,delisted,79,1.18
2026-09-09,storagesense,sense_17409,17409,10x10,sense_4642761,delisted,129,1.18
2026-09-09,storagesense,sense_17409,17409,10x15,sense_4643709,delisted,199,1.18
2026-09-09,storagesense,sense_1852,1852,4x4,sense_5028435,listed,49,1.19
2026-09-09,storagesense,sense_1852,1852,4x4,sense_4708236,delisted,,1.19
2026-09-09,storagesense,sense_1892,1892,5x10,sense_4692990,listed,142,1.19
2026-09-09,storagesense,sense_1892,1892,5x10,sense_4693204,delisted,142,1.19
2026-09-09,storagesense,sense_1915,1915,5x10,sense_4648959,listed,23,1.19
2026-09-09,storagesense,sense_1915,1915,5x10,sense_4646215,listed,40,1.19
2026-09-09,storagesense,sense_1915,1915,10x20,sense_4649101,listed,105,1.19
2026-09-09,storagesense,sense_1915,1915,10x20,sense_4642838,listed,188,1.19
2026-09-09,storagesense,sense_1915,1915,10x30,sense_4643969,repriced_from_unpriced,79,1.19
2026-09-09,storagesense,sense_1915,1915,20x20,sense_4650558,repriced_from_unpriced,226,1.19
2026-09-09,storagesense,sense_1915,1915,5x10,sense_4648725,delisted,23,1.19
2026-09-09,storagesense,sense_1915,1915,10x20,sense_4645223,delisted,101,1.19
2026-09-09,storagesense,sense_1915,1915,10x20,sense_4650082,delisted,105,1.19
2026-09-09,storagesense,sense_1915,1915,5x10,sense_4646387,delisted,,1.19
2026-09-09,storagesense,sense_1918,1918,10x10,sense_4690310,listed,74,1.19
2026-09-09,storagesense,sense_1918,1918,10x10,sense_4696283,delisted,74,1.19
2026-09-09,storagesense,sense_1976,1976,10x10,sense_4716823,listed,120,1.19
2026-09-09,storagesense,sense_1976,1976,10x10,sense_4715324,delisted,120,1.19
2026-09-09,storagesense,sense_1983,1983,5x10,sense_4712374,listed,62,1.19
2026-09-09,storagesense,sense_1983,1983,10x10,sense_4711542,listed,97,1.19
2026-09-09,storagesense,sense_1983,1983,10x25,sense_4711293,listed,181,1.19
2026-09-09,storagesense,sense_1983,1983,5x10,sense_4712417,delisted,62,1.19
2026-09-09,storagesense,sense_1983,1983,10x10,sense_4710579,delisted,97,1.19
2026-09-09,storagesense,sense_1983,1983,10x25,sense_4711588,delisted,181,1.19
2026-09-09,storagesense,sense_2100,2100,5x5,sense_4675221,listed,27,1.19
2026-09-09,storagesense,sense_2100,2100,20x30,sense_4672415,listed,200,1.19
2026-09-09,storagesense,sense_2100,2100,10x75,sense_4675697,repriced_from_unpriced,70,1.19
2026-09-09,storagesense,sense_2100,2100,5x5,sense_4674807,delisted,,1.19
2026-09-09,storagesense,sense_2100,2100,20x30,sense_4672435,delisted,,1.19
2026-09-09,storagesense,sense_2116,2116,10x15,sense_4627336,listed,165,1.19
2026-09-09,storagesense,sense_2116,2116,10x20,sense_4630524,listed,,1.19
2026-09-09,storagesense,sense_2116,2116,10x20,sense_4629197,delisted,34,1.19
2026-09-09,storagesense,sense_2116,2116,10x15,sense_4627193,delisted,,1.19
2026-09-09,storagesense,sense_2117,2117,10x10,sense_4662966,listed,74,1.19
2026-09-09,storagesense,sense_2117,2117,10x10,sense_4662722,delisted,74,1.19
2026-09-09,storagesense,sense_2119,2119,5x10,sense_4679637,listed,78,1.19
2026-09-09,storagesense,sense_2119,2119,10x20,sense_4682301,listed,147,1.19
2026-09-09,storagesense,sense_2119,2119,10x20,sense_4680349,listed,109,1.19
2026-09-09,storagesense,sense_2119,2119,5x10,sense_4681213,delisted,88,1.19
2026-09-09,storagesense,sense_2119,2119,10x20,sense_4681572,delisted,147,1.19
2026-09-09,storagesense,sense_2119,2119,10x20,sense_4680406,delisted,,1.19
2026-09-09,storagesense,sense_2121,2121,5x10,sense_4670731,listed,149,1.19
2026-09-09,storagesense,sense_2121,2121,5x10,sense_4673764,listed,149,1.19
2026-09-09,storagesense,sense_2121,2121,10x20,sense_4665765,listed,365,1.19
2026-09-09,storagesense,sense_2121,2121,5x10,sense_4669480,delisted,149,1.19
2026-09-09,storagesense,sense_2121,2121,5x10,sense_4673430,delisted,149,1.19
2026-09-09,storagesense,sense_2121,2121,10x20,sense_4665594,delisted,,1.19
2026-09-09,storagesense,sense_2130,2130,10x15,sense_4695649,listed,113,1.19
2026-09-09,storagesense,sense_2130,2130,10x40,sense_5079413,listed,152,1.19
2026-09-09,storagesense,sense_2130,2130,10x25,sense_4693492,listed,,1.19
2026-09-09,storagesense,sense_2130,2130,20x15,sense_4693410,unpriced,134,1.19
2026-09-09,storagesense,sense_2130,2130,10x15,sense_4691624,delisted,113,1.19
2026-09-09,storagesense,sense_2130,2130,10x25,sense_4693511,delisted,122,1.19
2026-09-09,storagesense,sense_2130,2130,10x40,sense_4693530,delisted,152,1.19
2026-09-09,storagesense,sense_2136,2136,10x15,sense_4673954,listed,112,1.19
2026-09-09,storagesense,sense_2136,2136,5x10,sense_4676252,listed,96,1.19
2026-09-09,storagesense,sense_2136,2136,8x10,sense_4672740,listed,,1.19
2026-09-09,storagesense,sense_2136,2136,10x20,sense_4677616,listed,,1.19
2026-09-09,storagesense,sense_2136,2136,10x15,sense_4673995,delisted,112,1.19
2026-09-09,storagesense,sense_2136,2136,5x10,sense_4675303,delisted,69,1.19
2026-09-09,storagesense,sense_2136,2136,8x10,sense_4670939,delisted,86,1.19
2026-09-09,storagesense,sense_2136,2136,10x20,sense_4679210,delisted,187,1.19
2026-09-09,storagesense,sense_2137,2137,5x10,sense_4671282,listed,64,1.19
2026-09-09,storagesense,sense_2137,2137,5x10,sense_4670971,delisted,,1.19
2026-09-09,storagesense,sense_2138,2138,10x15,sense_4684420,listed,128,1.19
2026-09-09,storagesense,sense_2138,2138,10x10,sense_4681721,listed,,1.19
2026-09-09,storagesense,sense_2138,2138,10x10,sense_4679396,delisted,109,1.19
2026-09-09,storagesense,sense_2138,2138,10x15,sense_4684541,delisted,,1.19
2026-09-09,storagesense,sense_2139,2139,5x10,sense_4676073,listed,58,1.19
2026-09-09,storagesense,sense_2139,2139,10x10,sense_4674272,listed,72,1.19
2026-09-09,storagesense,sense_2139,2139,10x10,sense_4678729,delisted,72,1.19
2026-09-09,storagesense,sense_2139,2139,5x10,sense_4676093,delisted,,1.19
2026-09-09,storagesense,sense_2142,2142,5x10,sense_4692426,repriced_from_unpriced,64,1.19
2026-09-09,storagesense,sense_2142,2142,10x15,sense_4691198,repriced_from_unpriced,149,1.19
2026-09-09,storagesense,sense_2142,2142,10x20,sense_4693487,listed,176,1.19
2026-09-09,storagesense,sense_2142,2142,10x20,sense_4693850,delisted,176,1.19
2026-09-09,storagesense,sense_2143,2143,10x15,sense_4678300,listed,219,1.19
2026-09-09,storagesense,sense_2143,2143,5x10,sense_5189604,listed,,1.19
2026-09-09,storagesense,sense_2143,2143,5x10,sense_4679373,delisted,89,1.19
2026-09-09,storagesense,sense_2143,2143,10x15,sense_4677095,delisted,219,1.19
2026-09-09,storagesense,sense_2151,2151,5x5,sense_4700547,listed,44,1.19
2026-09-09,storagesense,sense_2151,2151,10x15,sense_4700056,listed,169,1.19
2026-09-09,storagesense,sense_2151,2151,5x5,sense_4698236,delisted,39,1.19
2026-09-09,storagesense,sense_2151,2151,10x15,sense_4698043,delisted,169,1.19
2026-09-09,storagesense,sense_2152,2152,10x15,sense_4699638,listed,176,1.19
2026-09-09,storagesense,sense_2152,2152,10x20,sense_4702212,listed,109,1.19
2026-09-09,storagesense,sense_2152,2152,10x20,sense_4697246,listed,189,1.19
2026-09-09,storagesense,sense_2152,2152,10x30,sense_4701853,listed,119,1.19
2026-09-09,storagesense,sense_2152,2152,10x15,sense_4699718,delisted,176,1.19
2026-09-09,storagesense,sense_2152,2152,10x20,sense_4702001,delisted,123,1.19
2026-09-09,storagesense,sense_2152,2152,10x20,sense_4696492,delisted,189,1.19
2026-09-09,storagesense,sense_2152,2152,10x30,sense_4702031,delisted,119,1.19
2026-09-09,storagesense,sense_2165,2165,5x10,sense_4685122,listed,74,1.19
2026-09-09,storagesense,sense_2165,2165,5x10,sense_4685799,delisted,83,1.19
2026-09-09,storagesense,sense_2166,2166,10x10,sense_4715253,listed,44,1.19
2026-09-09,storagesense,sense_2166,2166,10x10,sense_4715101,listed,51,1.19
2026-09-09,storagesense,sense_2166,2166,10x20,sense_4714423,listed,120,1.19
2026-09-09,storagesense,sense_2166,2166,10x10,sense_4714218,delisted,44,1.19
2026-09-09,storagesense,sense_2166,2166,10x10,sense_4714988,delisted,51,1.19
2026-09-09,storagesense,sense_2166,2166,10x20,sense_4716142,delisted,120,1.19
2026-09-09,storagesense,sense_2170,2170,10x20,sense_4685355,listed,69,1.19
2026-09-09,storagesense,sense_2170,2170,10x20,sense_4685295,delisted,,1.19
2026-09-09,storagesense,sense_2171,2171,5x10,sense_4664869,listed,19,1.19
2026-09-09,storagesense,sense_2171,2171,5x10,sense_4664526,delisted,19,1.19
2026-09-09,storagesense,sense_2230,2230,10x15,sense_4689011,listed,110,1.19
2026-09-09,storagesense,sense_2230,2230,10x15,sense_4687911,repriced_from_unpriced,142,1.19
2026-09-09,storagesense,sense_2230,2230,10x15,sense_4692100,delisted,110,1.19
2026-09-09,storagesense,sense_2238,2238,10x10,sense_4687403,listed,113,1.19
2026-09-09,storagesense,sense_2238,2238,10x15,sense_5007030,listed,,1.19
2026-09-09,storagesense,sense_2238,2238,10x15,sense_4689543,delisted,63,1.19
2026-09-09,storagesense,sense_2238,2238,10x10,sense_5033162,delisted,,1.19
2026-09-09,storagesense,sense_2242,2242,5x10,sense_4721509,listed,64,1.19
2026-09-09,storagesense,sense_2242,2242,10x10,sense_4722368,listed,107,1.19
2026-09-09,storagesense,sense_2242,2242,12x30,sense_4853659,listed,332,1.19
2026-09-09,storagesense,sense_2242,2242,10x10,sense_4722246,delisted,107,1.19
2026-09-09,storagesense,sense_2242,2242,12x30,sense_4722302,delisted,332,1.19
2026-09-09,storagesense,sense_2242,2242,5x10,sense_4721520,delisted,,1.19
2026-09-09,storagesense,sense_2290,2290,5x10,sense_4726770,listed,64,1.19
2026-09-09,storagesense,sense_2290,2290,10x20,sense_4727018,listed,119,1.19
2026-09-09,storagesense,sense_2290,2290,5x10,sense_4726725,delisted,64,1.19
2026-09-09,storagesense,sense_2290,2290,10x20,sense_4727020,delisted,119,1.19
2026-09-09,storagesense,sense_2291,2291,10x10,sense_4726052,listed,163,1.19
2026-09-09,storagesense,sense_2291,2291,10x15,sense_4725963,listed,108,1.19
2026-09-09,storagesense,sense_2291,2291,10x15,sense_4725955,delisted,108,1.19
2026-09-09,storagesense,sense_2291,2291,10x10,sense_4726212,delisted,,1.19
2026-09-09,storagesense,sense_2306,2306,5x10,sense_4684245,listed,39,1.19
2026-09-09,storagesense,sense_2306,2306,10x10,sense_4681769,listed,192,1.19
2026-09-09,storagesense,sense_2306,2306,10x15,sense_4686524,listed,109,1.19
2026-09-09,storagesense,sense_2306,2306,10x15,sense_4684621,listed,119,1.19
2026-09-09,storagesense,sense_2306,2306,10x10,sense_4684281,listed,,1.19
2026-09-09,storagesense,sense_2306,2306,12x25,sense_4685561,unpriced,165,1.19
2026-09-09,storagesense,sense_2306,2306,10x10,sense_4684374,delisted,44,1.19
2026-09-09,storagesense,sense_2306,2306,5x10,sense_4684020,delisted,,1.19
2026-09-09,storagesense,sense_2306,2306,10x10,sense_4684542,delisted,,1.19
2026-09-09,storagesense,sense_2306,2306,10x15,sense_4686587,delisted,,1.19
2026-09-09,storagesense,sense_2306,2306,10x15,sense_4686065,delisted,,1.19
2026-09-09,storagesense,sense_2307,2307,5x10,sense_4651841,listed,72,1.19
2026-09-09,storagesense,sense_2307,2307,5x10,sense_4652177,listed,88,1.19
2026-09-09,storagesense,sense_2307,2307,10x15,sense_4651700,listed,145,1.19
2026-09-09,storagesense,sense_2307,2307,5x10,sense_4651562,delisted,72,1.19
2026-09-09,storagesense,sense_2307,2307,5x10,sense_4652135,delisted,88,1.19
2026-09-09,storagesense,sense_2307,2307,10x15,sense_4651604,delisted,145,1.19
2026-09-09,storagesense,sense_2315,2315,10x10,sense_4613087,listed,129,1.19
2026-09-09,storagesense,sense_2315,2315,10x20,sense_4614240,listed,159,1.19
2026-09-09,storagesense,sense_2315,2315,12x30,sense_4613600,listed,324,1.19
2026-09-09,storagesense,sense_2315,2315,10x30,sense_4615407,listed,,1.19
2026-09-09,storagesense,sense_2315,2315,10x20,sense_4614199,delisted,159,1.19
2026-09-09,storagesense,sense_2315,2315,10x30,sense_4613312,delisted,324,1.19
2026-09-09,storagesense,sense_2315,2315,12x30,sense_4613537,delisted,259,1.19
2026-09-09,storagesense,sense_2315,2315,10x10,sense_4613358,delisted,,1.19
2026-09-09,storagesense,sense_2316,2316,10x10,sense_4613579,listed,126,1.19
2026-09-09,storagesense,sense_2316,2316,10x20,sense_4614616,listed,166,1.19
2026-09-09,storagesense,sense_2316,2316,10x20,sense_4611886,listed,217,1.19
2026-09-09,storagesense,sense_2316,2316,15x40,sense_4612411,listed,383,1.19
2026-09-09,storagesense,sense_2316,2316,10x20,sense_4611133,delisted,166,1.19
2026-09-09,storagesense,sense_2316,2316,10x20,sense_4610755,delisted,217,1.19
2026-09-09,storagesense,sense_2316,2316,15x40,sense_4612429,delisted,383,1.19
2026-09-09,storagesense,sense_2316,2316,10x10,sense_4613887,delisted,,1.19
2026-09-09,storagesense,sense_2322,2322,10x20,sense_4629212,listed,284,1.19
2026-09-09,storagesense,sense_2322,2322,10x20,sense_4626900,listed,351,1.19
2026-09-09,storagesense,sense_2322,2322,10x20,sense_4628307,delisted,284,1.19
2026-09-09,storagesense,sense_2322,2322,10x20,sense_4626909,delisted,319,1.19
2026-09-09,storagesense,sense_2324,2324,10x10,sense_4679534,listed,112,1.19
2026-09-09,storagesense,sense_2324,2324,10x10,sense_4678961,delisted,112,1.19
2026-09-09,storagesense,sense_2326,2326,10x25,sense_4619750,listed,169,1.19
2026-09-09,storagesense,sense_2326,2326,20x20,sense_4621530,listed,261,1.19
2026-09-09,storagesense,sense_2326,2326,10x25,sense_4617180,delisted,169,1.19
2026-09-09,storagesense,sense_2326,2326,20x20,sense_4621598,delisted,261,1.19
2026-09-09,storagesense,sense_2336,2336,10x20,sense_4687261,listed,194,1.19
2026-09-09,storagesense,sense_2336,2336,10x20,sense_4691229,delisted,194,1.19
2026-09-09,storagesense,sense_2339,2339,10x10,sense_4621767,listed,108,1.19
2026-09-09,storagesense,sense_2339,2339,10x10,sense_4617565,listed,125,1.19
2026-09-09,storagesense,sense_2339,2339,10x20,sense_4621573,listed,151,1.19
2026-09-09,storagesense,sense_2339,2339,10x10,sense_5311327,delisted,108,1.19
2026-09-09,storagesense,sense_2339,2339,10x10,sense_4617838,delisted,125,1.19
2026-09-09,storagesense,sense_2339,2339,10x20,sense_4621497,delisted,151,1.19
2026-09-09,storagesense,sense_2341,2341,10x13,sense_4622790,listed,164,1.19
2026-09-09,storagesense,sense_2341,2341,5x15,sense_4622681,listed,119,1.19
2026-09-09,storagesense,sense_2341,2341,10x15,sense_4624199,listed,189,1.19
2026-09-09,storagesense,sense_2341,2341,10x13,sense_4624575,delisted,164,1.19
2026-09-09,storagesense,sense_2341,2341,5x15,sense_4623152,delisted,119,1.19
2026-09-09,storagesense,sense_2341,2341,10x15,sense_4618497,delisted,189,1.19
2026-09-09,storagesense,sense_2346,2346,5x5,sense_4678737,listed,49,1.19
2026-09-09,storagesense,sense_2346,2346,5x10,sense_4683218,listed,74,1.19
2026-09-09,storagesense,sense_2346,2346,10x15,sense_4679731,listed,189,1.19
2026-09-09,storagesense,sense_2346,2346,10x15,sense_4674815,listed,208,1.19
2026-09-09,storagesense,sense_2346,2346,5x5,sense_4676721,delisted,49,1.19
2026-09-09,storagesense,sense_2346,2346,5x10,sense_4684485,delisted,74,1.19
2026-09-09,storagesense,sense_2346,2346,10x15,sense_4679831,delisted,189,1.19
2026-09-09,storagesense,sense_2346,2346,10x15,sense_4674565,delisted,208,1.19
2026-09-09,storagesense,sense_2354,2354,10x15,sense_4612090,listed,165,1.19
2026-09-09,storagesense,sense_2354,2354,10x15,sense_4611834,delisted,79,1.19
2026-09-09,storagesense,sense_2355,2355,5x10,sense_4617131,listed,99,1.19
2026-09-09,storagesense,sense_2355,2355,10x10,sense_4617623,listed,144,1.19
2026-09-09,storagesense,sense_2355,2355,10x15,sense_4618326,listed,165,1.19
2026-09-09,storagesense,sense_2355,2355,10x20,sense_4617945,listed,219,1.19
2026-09-09,storagesense,sense_2355,2355,10x10,sense_4618649,delisted,144,1.19
2026-09-09,storagesense,sense_2355,2355,10x15,sense_4618305,delisted,165,1.19
2026-09-09,storagesense,sense_2355,2355,5x10,sense_4617187,delisted,,1.19
2026-09-09,storagesense,sense_2355,2355,10x20,sense_4617717,delisted,,1.19
2026-09-09,storagesense,sense_2358,2358,5x10,sense_4619469,repriced_from_unpriced,49,1.19
2026-09-09,storagesense,sense_2358,2358,10x10,sense_4618750,listed,79,1.19
2026-09-09,storagesense,sense_2358,2358,10x10,sense_4618983,delisted,79,1.19
2026-09-09,storagesense,sense_2359,2359,5x10,sense_4617154,listed,74,1.19
2026-09-09,storagesense,sense_2359,2359,10x10,sense_4617924,listed,90,1.19
2026-09-09,storagesense,sense_2359,2359,10x15,sense_4615767,listed,112,1.19
2026-09-09,storagesense,sense_2359,2359,10x10,sense_4617400,delisted,90,1.19
2026-09-09,storagesense,sense_2359,2359,5x10,sense_4617206,delisted,,1.19
2026-09-09,storagesense,sense_2359,2359,10x15,sense_4616958,delisted,,1.19
2026-09-09,storagesense,sense_2364,2364,5x10,sense_4627479,listed,64,1.19
2026-09-09,storagesense,sense_2364,2364,5x10,sense_4627419,delisted,64,1.19
2026-09-09,storagesense,sense_2371,2371,5x10,sense_4612558,listed,76,1.19
2026-09-09,storagesense,sense_2371,2371,10x10,sense_4613558,listed,99,1.19
2026-09-09,storagesense,sense_2371,2371,5x10,sense_4614572,delisted,76,1.19
2026-09-09,storagesense,sense_2371,2371,10x10,sense_4614143,delisted,99,1.19
2026-09-09,storagesense,sense_2383,2383,10x15,sense_4622337,listed,259,1.19
2026-09-09,storagesense,sense_2383,2383,10x15,sense_4622546,delisted,259,1.19
2026-09-09,storagesense,sense_2384,2384,5x10,sense_4636914,listed,62,1.19
2026-09-09,storagesense,sense_2384,2384,10x10,sense_4636397,listed,97,1.19
2026-09-09,storagesense,sense_2384,2384,10x20,sense_4965694,listed,109,1.19
2026-09-09,storagesense,sense_2384,2384,10x20,sense_5061255,listed,109,1.19
2026-09-09,storagesense,sense_2384,2384,10x30,sense_4638014,listed,124,1.19
2026-09-09,storagesense,sense_2384,2384,5x10,sense_4636907,delisted,62,1.19
2026-09-09,storagesense,sense_2384,2384,10x10,sense_4638578,delisted,180,1.19
2026-09-09,storagesense,sense_2384,2384,10x20,sense_4637435,delisted,,1.19
2026-09-09,storagesense,sense_2384,2384,10x20,sense_4637428,delisted,,1.19
2026-09-09,storagesense,sense_2384,2384,10x30,sense_4638206,delisted,,1.19
2026-09-09,storagesense,sense_2385,2385,10x20,sense_4630546,listed,111,1.19
2026-09-09,storagesense,sense_2385,2385,10x20,sense_4630555,delisted,99,1.19
2026-09-09,storagesense,sense_2387,2387,12x20,sense_4633237,unpriced,96,1.19
2026-09-09,storagesense,sense_2390,2390,10x20,sense_4634907,listed,112,1.19
2026-09-09,storagesense,sense_2390,2390,10x40,sense_4635258,listed,135,1.19
2026-09-09,storagesense,sense_2390,2390,10x15,sense_5367419,listed,,1.19
2026-09-09,storagesense,sense_2390,2390,10x30,sense_5040373,listed,,1.19
2026-09-09,storagesense,sense_2390,2390,10x30,sense_4635273,delisted,84,1.19
2026-09-09,storagesense,sense_2390,2390,10x40,sense_4635285,delisted,108,1.19
2026-09-09,storagesense,sense_2390,2390,10x20,sense_4635133,delisted,,1.19
2026-09-09,storagesense,sense_2391,2391,5x5,sense_4636318,repriced_from_unpriced,31,1.19
2026-09-09,storagesense,sense_2391,2391,10x20,sense_4636152,unpriced,161,1.19
2026-09-09,storagesense,sense_2392,2392,10x10,sense_5004696,listed,171,1.19
2026-09-09,storagesense,sense_2392,2392,10x10,sense_5004694,delisted,92,1.19
2026-09-09,storagesense,sense_2394,2394,10x20,sense_4889770,listed,141,1.19
2026-09-09,storagesense,sense_2394,2394,10x20,sense_4615267,delisted,158,1.19
2026-09-09,storagesense,sense_2396,2396,10x6,sense_4617812,listed,73,1.19
2026-09-09,storagesense,sense_2396,2396,10x6,sense_4618684,delisted,,1.19
2026-09-09,storagesense,sense_2398,2398,10x10,sense_4627316,listed,64,1.19
2026-09-09,storagesense,sense_2398,2398,10x15,sense_4626470,listed,84,1.19
2026-09-09,storagesense,sense_2398,2398,10x10,sense_4627196,delisted,,1.19
2026-09-09,storagesense,sense_2398,2398,10x15,sense_4626173,delisted,,1.19
2026-09-09,storagesense,sense_2399,2399,5x10,sense_4632043,listed,36,1.19
2026-09-09,storagesense,sense_2399,2399,10x20,sense_4633960,listed,99,1.19
2026-09-09,storagesense,sense_2399,2399,10x20,sense_4633950,delisted,99,1.19
2026-09-09,storagesense,sense_2399,2399,5x10,sense_4632061,delisted,,1.19
2026-09-09,storagesense,sense_2400,2400,9x8,sense_4648433,listed,155,1.19
2026-09-09,storagesense,sense_2400,2400,9x8,sense_4648375,delisted,74,1.19
2026-09-09,storagesense,sense_2402,2402,10x15,sense_4633250,listed,92,1.19
2026-09-09,storagesense,sense_2402,2402,10x20,sense_4633769,listed,42,1.19
2026-09-09,storagesense,sense_2402,2402,10x15,sense_4632595,delisted,92,1.19
2026-09-09,storagesense,sense_2402,2402,10x20,sense_4633786,delisted,42,1.19
2026-09-09,storagesense,sense_2403,2403,10x25,sense_4654811,listed,220,1.19
2026-09-09,storagesense,sense_2403,2403,10x25,sense_4653309,delisted,,1.19
2026-09-09,storagesense,sense_2411,2411,10x15,sense_4661616,listed,59,1.19
2026-09-09,storagesense,sense_2411,2411,10x20,sense_4656063,listed,64,1.19
2026-09-09,storagesense,sense_2411,2411,10x15,sense_4661641,delisted,59,1.19
2026-09-09,storagesense,sense_2411,2411,10x20,sense_4658878,delisted,64,1.19
2026-09-09,storagesense,sense_2417,2417,8x20,sense_4654835,listed,67,1.19
2026-09-09,storagesense,sense_2417,2417,8x40,sense_4654801,listed,112,1.19
2026-09-09,storagesense,sense_2417,2417,8x20,sense_4653518,delisted,67,1.19
2026-09-09,storagesense,sense_2417,2417,8x40,sense_4656070,delisted,234,1.19
2026-09-09,storagesense,sense_2420,2420,5x4,sense_4653817,listed,,1.19
2026-09-09,storagesense,sense_2420,2420,5x4,sense_4652349,delisted,25,1.19
2026-09-09,storagesense,sense_2448,2448,10x20,sense_4643484,listed,206,1.19
2026-09-09,storagesense,sense_2448,2448,10x20,sense_4643954,delisted,206,1.19
2026-09-09,storagesense,sense_2457,2457,10x10,sense_4709382,listed,120,1.19
2026-09-09,storagesense,sense_2457,2457,10x20,sense_4708996,listed,327,1.19
2026-09-09,storagesense,sense_2457,2457,11x30,sense_4711251,listed,104,1.19
2026-09-09,storagesense,sense_2457,2457,10x10,sense_4708762,delisted,120,1.19
2026-09-09,storagesense,sense_2457,2457,10x20,sense_4709764,delisted,209,1.19
2026-09-09,storagesense,sense_2457,2457,11x30,sense_4711130,delisted,104,1.19
2026-09-09,storagesense,sense_2506,2506,5x5,sense_4704849,listed,39,1.19
2026-09-09,storagesense,sense_2506,2506,5x10,sense_4700395,listed,49,1.19
2026-09-09,storagesense,sense_2506,2506,10x30,sense_4703886,listed,89,1.19
2026-09-09,storagesense,sense_2506,2506,5x5,sense_4700573,delisted,39,1.19
2026-09-09,storagesense,sense_2506,2506,10x30,sense_4705038,delisted,112,1.19
2026-09-09,storagesense,sense_2506,2506,5x10,sense_4701676,delisted,,1.19
2026-09-09,storagesense,sense_2507,2507,10x10,sense_5102316,listed,129,1.19
2026-09-09,storagesense,sense_2507,2507,10x10,sense_5102157,delisted,129,1.19
2026-09-09,storagesense,sense_2550,2550,8x18,sense_4839209,listed,54,1.19
2026-09-09,storagesense,sense_2550,2550,8x18,sense_4839222,delisted,,1.19
2026-09-09,storagesense,sense_2556,2556,4x15,sense_4721393,listed,71,1.19
2026-09-09,storagesense,sense_2556,2556,10x10,sense_4721756,listed,59,1.19
2026-09-09,storagesense,sense_2556,2556,4x15,sense_4721448,delisted,34,1.19
2026-09-09,storagesense,sense_2556,2556,10x10,sense_4721706,delisted,59,1.19
2026-09-09,storagesense,sense_2566,2566,5x5,sense_4669907,listed,15,1.19
2026-09-09,storagesense,sense_2566,2566,10x30,sense_4670713,listed,126,1.19
2026-09-09,storagesense,sense_2566,2566,15x30,sense_4674287,repriced_from_unpriced,64,1.19
2026-09-09,storagesense,sense_2566,2566,12x40,sense_4674532,listed,69,1.19
2026-09-09,storagesense,sense_2566,2566,5x5,sense_4669172,delisted,15,1.19
2026-09-09,storagesense,sense_2566,2566,10x30,sense_4670460,delisted,,1.19
2026-09-09,storagesense,sense_2566,2566,12x40,sense_4674552,delisted,,1.19
2026-09-09,storagesense,sense_2592,2592,5x5,sense_4681279,listed,52,1.19
2026-09-09,storagesense,sense_2592,2592,5x10,sense_4680980,listed,96,1.19
2026-09-09,storagesense,sense_2592,2592,4x4,sense_4676653,listed,,1.19
2026-09-09,storagesense,sense_2592,2592,4x4,sense_4676608,delisted,36,1.19
2026-09-09,storagesense,sense_2592,2592,5x5,sense_4678978,delisted,52,1.19
2026-09-09,storagesense,sense_2592,2592,5x10,sense_4680915,delisted,96,1.19
2026-09-09,storagesense,sense_2596,2596,10x10,sense_4639885,listed,84,1.19
2026-09-09,storagesense,sense_2596,2596,5x10,sense_4638972,listed,,1.19
2026-09-09,storagesense,sense_2596,2596,10x10,sense_4640484,listed,,1.19
2026-09-09,storagesense,sense_2596,2596,5x10,sense_4639695,delisted,69,1.19
2026-09-09,storagesense,sense_2596,2596,10x10,sense_4639091,delisted,84,1.19
2026-09-09,storagesense,sense_2596,2596,10x10,sense_4929664,delisted,99,1.19
2026-09-09,storagesense,sense_2597,2597,10x10,sense_4665052,listed,74,1.19
2026-09-09,storagesense,sense_2597,2597,10x10,sense_4668833,delisted,74,1.19
2026-09-09,storagesense,sense_2598,2598,12x40,sense_4638182,listed,220,1.19
2026-09-09,storagesense,sense_2598,2598,12x40,sense_4638169,delisted,220,1.19
2026-09-09,storagesense,sense_2600,2600,10x15,sense_4612591,listed,99,1.19
2026-09-09,storagesense,sense_2600,2600,10x20,sense_4611660,listed,179,1.19
2026-09-09,storagesense,sense_2600,2600,10x15,sense_4612669,delisted,111,1.19
2026-09-09,storagesense,sense_2600,2600,10x20,sense_4612396,delisted,159,1.19
2026-09-09,storagesense,sense_2606,2606,5x5,sense_4684554,listed,44,1.19
2026-09-09,storagesense,sense_2606,2606,5x10,sense_4689898,listed,93,1.19
2026-09-09,storagesense,sense_2606,2606,10x20,sense_4693592,listed,74,1.19
2026-09-09,storagesense,sense_2606,2606,12x40,sense_4870589,repriced_from_unpriced,499,1.19
2026-09-09,storagesense,sense_2606,2606,5x5,sense_4690997,delisted,44,1.19
2026-09-09,storagesense,sense_2606,2606,5x10,sense_4689881,delisted,74,1.19
2026-09-09,storagesense,sense_2606,2606,10x20,sense_4692980,delisted,,1.19
2026-09-09,storagesense,sense_2616,2616,10x10,sense_4673254,listed,149,1.19
2026-09-09,storagesense,sense_2616,2616,10x10,sense_4672465,delisted,149,1.19
2026-09-09,storagesense,sense_2649,2649,12x25,sense_4665611,listed,65,1.19
2026-09-09,storagesense,sense_2649,2649,12x25,sense_4665591,delisted,,1.19
2026-09-09,storagesense,sense_2650,2650,5x15,sense_5169362,listed,26,1.19
2026-09-09,storagesense,sense_2650,2650,5x15,sense_4680959,delisted,26,1.19
2026-09-09,storagesense,sense_2665,2665,10x10,sense_4670957,listed,219,1.19
2026-09-09,storagesense,sense_2665,2665,10x10,sense_4663783,delisted,219,1.19
2026-09-09,storagesense,sense_2668,2668,5x8,sense_5085268,listed,70,1.19
2026-09-09,storagesense,sense_2668,2668,5x8,sense_5085270,delisted,70,1.19
2026-09-09,storagesense,sense_2669,2669,5x10,sense_4640627,listed,133,1.19
2026-09-09,storagesense,sense_2669,2669,10x10,sense_4641292,listed,121,1.19
2026-09-09,storagesense,sense_2669,2669,12x32,sense_4641816,listed,87,1.19
2026-09-09,storagesense,sense_2669,2669,5x10,sense_4640355,delisted,118,1.19
2026-09-09,storagesense,sense_2669,2669,12x32,sense_4641802,delisted,87,1.19
2026-09-09,storagesense,sense_2669,2669,10x10,sense_4641274,delisted,,1.19
2026-09-09,storagesense,sense_2678,2678,7x12,sense_4653431,listed,74,1.19
2026-09-09,storagesense,sense_2678,2678,7x12,sense_4653520,delisted,74,1.19
2026-09-09,storagesense,sense_2690,2690,10x10,sense_5218874,listed,111,1.18
2026-09-09,storagesense,sense_2690,2690,15x10,sense_4675451,listed,75,1.18
2026-09-09,storagesense,sense_2690,2690,12x20,sense_4677037,listed,161,1.18
2026-09-09,storagesense,sense_2690,2690,10x10,sense_4671179,delisted,71,1.18
2026-09-09,storagesense,sense_2690,2690,12x20,sense_4676978,delisted,252,1.18
2026-09-09,storagesense,sense_2690,2690,15x10,sense_4675485,delisted,,1.18
2026-09-09,storagesense,sense_2691,2691,10x15,sense_4698085,listed,99,1.18
2026-09-09,storagesense,sense_2691,2691,10x15,sense_4698097,delisted,99,1.18
2026-09-09,storagesense,sense_2692,2692,5x5,sense_4652121,repriced_from_unpriced,24,1.18
2026-09-09,storagesense,sense_2692,2692,10x20,sense_4650921,listed,123,1.18
2026-09-09,storagesense,sense_2692,2692,10x20,sense_4651269,delisted,123,1.18
2026-09-09,storagesense,sense_2698,2698,5x10,sense_4702619,listed,99,1.18
2026-09-09,storagesense,sense_2698,2698,5x15,sense_4699162,listed,74,1.18
2026-09-09,storagesense,sense_2698,2698,10x15,sense_4702667,listed,174,1.18
2026-09-09,storagesense,sense_2698,2698,10x20,sense_5347533,listed,169,1.18
2026-09-09,storagesense,sense_2698,2698,10x10,sense_4700096,listed,,1.18
2026-09-09,storagesense,sense_2698,2698,5x10,sense_4702352,delisted,99,1.18
2026-09-09,storagesense,sense_2698,2698,5x15,sense_4703603,delisted,74,1.18
2026-09-09,storagesense,sense_2698,2698,10x10,sense_4700229,delisted,124,1.18
2026-09-09,storagesense,sense_2698,2698,10x15,sense_4701561,delisted,174,1.18
2026-09-09,storagesense,sense_2698,2698,10x20,sense_4702966,delisted,169,1.18
2026-09-09,storagesense,sense_2751,2751,5x5,sense_4693727,listed,,1.18
2026-09-09,storagesense,sense_2751,2751,5x5,sense_4693617,delisted,33,1.18
2026-09-09,storagesense,sense_2782,2782,5x15,sense_4791087,listed,,1.18
2026-09-09,storagesense,sense_2782,2782,8x10,sense_4791182,unpriced,124,1.18
2026-09-09,storagesense,sense_2782,2782,5x15,sense_4791085,delisted,114,1.18
2026-09-09,storagesense,sense_2789,2789,10x10,sense_4837528,listed,89,1.18
2026-09-09,storagesense,sense_2789,2789,10x10,sense_4837335,delisted,89,1.18
2026-09-09,storagesense,sense_2793,2793,10x20,sense_4714119,listed,166,1.18
2026-09-09,storagesense,sense_2793,2793,10x20,sense_4714170,delisted,,1.18
2026-09-09,storagesense,sense_2797,2797,10x20,sense_4707592,listed,125,1.18
2026-09-09,storagesense,sense_2797,2797,10x20,sense_5197049,delisted,,1.18
2026-09-09,storagesense,sense_2804,2804,10x20,sense_4712404,listed,106,1.18
2026-09-09,storagesense,sense_2804,2804,10x20,sense_4712585,delisted,119,1.18
2026-09-09,storagesense,sense_2805,2805,10x20,sense_4839680,listed,113,1.18
2026-09-09,storagesense,sense_2805,2805,11x11,sense_4839849,unpriced,95,1.18
2026-09-09,storagesense,sense_2805,2805,10x20,sense_4839671,delisted,189,1.18
2026-09-09,storagesense,sense_2819,2819,14x45,sense_4610218,listed,159,1.18
2026-09-09,storagesense,sense_2819,2819,14x45,sense_4610220,delisted,,1.18
2026-09-09,storagesense,sense_820,820,5x10,sense_4688742,listed,55,1.18
2026-09-09,storagesense,sense_820,820,5x10,sense_4688639,delisted,49,1.18
2026-09-09,storagesense,sense_831,831,5x10,sense_4637362,listed,34,1.18
2026-09-09,storagesense,sense_831,831,9x18,sense_4639398,listed,59,1.18
2026-09-09,storagesense,sense_831,831,5x10,sense_4639131,listed,44,1.18
2026-09-09,storagesense,sense_831,831,10x20,sense_4636141,listed,154,1.18
2026-09-09,storagesense,sense_831,831,5x10,sense_4637414,delisted,44,1.18
2026-09-09,storagesense,sense_831,831,9x18,sense_4639303,delisted,59,1.18
2026-09-09,storagesense,sense_831,831,5x10,sense_4639259,delisted,39,1.18
2026-09-09,storagesense,sense_831,831,10x20,sense_4636232,delisted,154,1.18
2026-09-09,storagesense,sense_834,834,5x10,sense_4706900,listed,39,1.18
2026-09-09,storagesense,sense_834,834,10x10,sense_4705740,listed,66,1.18
2026-09-09,storagesense,sense_834,834,10x20,sense_4706530,listed,124,1.18
2026-09-09,storagesense,sense_834,834,10x15,sense_4706299,listed,,1.18
2026-09-09,storagesense,sense_834,834,5x10,sense_4706871,delisted,39,1.18
2026-09-09,storagesense,sense_834,834,10x10,sense_4705933,delisted,66,1.18
2026-09-09,storagesense,sense_834,834,10x15,sense_4706263,delisted,79,1.18
2026-09-09,storagesense,sense_834,834,10x20,sense_4706160,delisted,124,1.18
2026-09-09,storagesense,sense_836,836,10x20,sense_4620911,listed,120,1.18
2026-09-09,storagesense,sense_836,836,10x20,sense_4617860,delisted,120,1.18
2026-09-09,storagesense,sense_838,838,10x10,sense_4646115,listed,139,1.18
2026-09-09,storagesense,sense_838,838,10x20,sense_4640476,listed,199,1.18
2026-09-09,storagesense,sense_838,838,10x10,sense_4646158,delisted,139,1.18
2026-09-09,storagesense,sense_838,838,10x20,sense_4641101,delisted,199,1.18
2026-09-09,storagesense,sense_844,844,10x25,sense_4620946,listed,60,1.18
2026-09-09,storagesense,sense_844,844,10x25,sense_4621196,delisted,60,1.18
2026-09-09,storagesense,sense_845,845,10x20,sense_5333653,listed,219,1.18
2026-09-09,storagesense,sense_845,845,10x20,sense_5341111,delisted,213,1.18
2026-09-09,storagesense,sense_847,847,5x10,sense_4681913,listed,90,1.18
2026-09-09,storagesense,sense_847,847,10x15,sense_4689795,listed,150,1.18
2026-09-09,storagesense,sense_847,847,10x20,sense_4692726,listed,165,1.18
2026-09-09,storagesense,sense_847,847,5x10,sense_4682014,delisted,90,1.18
2026-09-09,storagesense,sense_847,847,10x15,sense_4689531,delisted,150,1.18
2026-09-09,storagesense,sense_847,847,10x20,sense_4693324,delisted,165,1.18
2026-09-09,storagesense,sense_848,848,7x14,sense_4704946,listed,85,1.18
2026-09-09,storagesense,sense_848,848,10x15,sense_4703695,listed,130,1.18
2026-09-09,storagesense,sense_848,848,7x14,sense_4705893,delisted,85,1.18
2026-09-09,storagesense,sense_848,848,10x15,sense_4703923,delisted,130,1.18
2026-09-09,storagesense,sense_851,851,10x15,sense_4648163,repriced_from_unpriced,334,1.18
2026-09-09,storagesense,sense_851,851,10x20,sense_4647178,listed,259,1.18
2026-09-09,storagesense,sense_851,851,10x30,sense_4645043,listed,299,1.18
2026-09-09,storagesense,sense_851,851,11x40,sense_4650646,listed,159,1.18
2026-09-09,storagesense,sense_851,851,10x30,sense_4645065,delisted,299,1.18
2026-09-09,storagesense,sense_851,851,11x40,sense_4650922,delisted,159,1.18
2026-09-09,storagesense,sense_851,851,10x20,sense_4647160,delisted,,1.18
2026-09-09,storagesense,sense_852,852,10x30,sense_5363770,listed,447,1.18
2026-09-09,storagesense,sense_856,856,5x10,sense_4681112,listed,22,1.18
2026-09-09,storagesense,sense_856,856,5x10,sense_4675360,listed,24,1.18
2026-09-09,storagesense,sense_856,856,10x10,sense_4677897,listed,42,1.18
2026-09-09,storagesense,sense_856,856,10x10,sense_5323711,listed,59,1.18
2026-09-09,storagesense,sense_856,856,10x15,sense_4681466,listed,45,1.18
2026-09-09,storagesense,sense_856,856,5x10,sense_4682355,delisted,19,1.18
2026-09-09,storagesense,sense_856,856,5x10,sense_4675190,delisted,50,1.18
2026-09-09,storagesense,sense_856,856,10x10,sense_4676296,delisted,59,1.18
2026-09-09,storagesense,sense_856,856,10x15,sense_4678906,delisted,45,1.18
2026-09-09,storagesense,sense_856,856,10x10,sense_4680447,delisted,,1.18
2026-09-09,storagesense,sense_857,857,10x20,sense_4662003,listed,,1.18
2026-09-09,storagesense,sense_857,857,10x20,sense_4661981,delisted,104,1.18
2026-09-09,storagesense,sense_859,859,10x15,sense_4643592,listed,209,1.18
2026-09-09,storagesense,sense_859,859,10x15,sense_4643827,delisted,186,1.18
2026-09-09,storagesense,sense_860,860,10x40,sense_4625845,listed,85,1.18
2026-09-09,storagesense,sense_860,860,10x40,sense_4625867,delisted,,1.18
2026-09-09,storagesense,sense_861,861,10x20,sense_4627819,listed,178,1.18
2026-09-09,storagesense,sense_861,861,10x20,sense_4629176,delisted,178,1.18
2026-09-09,storagesense,sense_862,862,8x7,sense_4648061,repriced_from_unpriced,45,1.18
2026-09-09,storagesense,sense_862,862,10x20,sense_4650742,listed,,1.18
2026-09-09,storagesense,sense_862,862,10x20,sense_4650769,delisted,30,1.18
2026-09-09,storagesense,sense_863,863,5x10,sense_4658927,listed,56,1.18
2026-09-09,storagesense,sense_863,863,5x12,sense_4654050,listed,89,1.18
2026-09-09,storagesense,sense_863,863,8x10,sense_4656310,listed,93,1.18
2026-09-09,storagesense,sense_863,863,10x13,sense_4653492,listed,123,1.18
2026-09-09,storagesense,sense_863,863,5x10,sense_5199744,delisted,56,1.18
2026-09-09,storagesense,sense_863,863,8x10,sense_5000458,delisted,93,1.18
2026-09-09,storagesense,sense_863,863,10x13,sense_4654090,delisted,138,1.18
2026-09-09,storagesense,sense_863,863,5x12,sense_4654058,delisted,,1.18
2026-09-09,storagesense,sense_864,864,10x35,sense_4684171,listed,179,1.18
2026-09-09,storagesense,sense_864,864,10x35,sense_4684117,delisted,224,1.18
2026-09-09,storagesense,sense_865,865,10x10,sense_4640766,repriced_from_unpriced,128,1.18
2026-09-09,storagesense,sense_865,865,10x20,sense_4640223,listed,220,1.18
2026-09-09,storagesense,sense_865,865,10x20,sense_4641484,delisted,220,1.18
2026-09-09,storagesense,sense_866,866,10x17,sense_4645445,listed,139,1.18
2026-09-09,storagesense,sense_866,866,12x15,sense_4644993,repriced_from_unpriced,189,1.18
2026-09-09,storagesense,sense_866,866,10x17,sense_4647090,delisted,,1.18
2026-09-09,storagesense,sense_867,867,5x5,sense_4656520,listed,22,1.18
2026-09-09,storagesense,sense_867,867,10x15,sense_4657372,repriced_from_unpriced,79,1.18
2026-09-09,storagesense,sense_867,867,5x5,sense_4657034,delisted,22,1.18
2026-09-09,storagesense,sense_871,871,10x10,sense_4706303,listed,,1.18
2026-09-09,storagesense,sense_871,871,10x10,sense_4706123,delisted,73,1.18
2026-09-09,storagesense,sense_874,874,10x15,sense_4633972,listed,202,1.18
2026-09-09,storagesense,sense_874,874,10x20,sense_4633507,listed,295,1.18
2026-09-09,storagesense,sense_874,874,10x15,sense_4634640,delisted,202,1.18
2026-09-09,storagesense,sense_874,874,10x20,sense_4633513,delisted,263,1.18
2026-09-09,storagesense,sense_879,879,10x10,sense_4641510,listed,199,1.18
2026-09-09,storagesense,sense_879,879,10x20,sense_4642645,listed,265,1.18
2026-09-09,storagesense,sense_879,879,10x10,sense_4641879,delisted,199,1.18
2026-09-09,storagesense,sense_879,879,10x20,sense_4642622,delisted,265,1.18
2026-09-09,storagesense,sense_912,912,12x45,sense_4704040,listed,154,1.18
2026-09-09,storagesense,sense_912,912,12x35,sense_4702223,repriced_from_unpriced,199,1.18
2026-09-09,storagesense,sense_912,912,10x15,sense_4698736,unpriced,89,1.18
2026-09-09,storagesense,sense_912,912,12x45,sense_4703995,delisted,,1.18
2026-09-09,storagesense,sense_913,913,5x5,sense_4715698,listed,16,1.18
2026-09-09,storagesense,sense_913,913,5x5,sense_4715732,delisted,16,1.18
2026-09-09,storagesense,sense_978,978,17x20,sense_4710588,repriced_from_unpriced,154,1.18
2026-09-09,storagesense,sense_978,978,10x10,sense_4709565,listed,,1.18
2026-09-09,storagesense,sense_978,978,10x10,sense_4710030,delisted,54,1.18
2026-09-09,storagesense,sense_992,992,10x10,sense_4723863,listed,99,1.18
2026-09-09,storagesense,sense_992,992,10x20,sense_4724216,listed,132,1.18
2026-09-09,storagesense,sense_992,992,10x20,sense_4724198,delisted,132,1.18
2026-09-09,storagesense,sense_992,992,10x10,sense_4866764,delisted,,1.18
2026-09-09,storagesense,sense_1010,1010,10x20,sense_4717392,listed,119,1.18
2026-09-09,storagesense,sense_1010,1010,10x20,sense_4716768,delisted,119,1.18
2026-09-09,storagesense,sense_1014,1014,10x10,sense_4721060,listed,109,1.18
2026-09-09,storagesense,sense_1014,1014,10x15,sense_4720216,listed,129,1.18
2026-09-09,storagesense,sense_1014,1014,10x15,sense_4720235,listed,129,1.18
2026-09-09,storagesense,sense_1014,1014,10x15,sense_4719272,unpriced,239,1.18
2026-09-09,storagesense,sense_1014,1014,10x10,sense_4720850,delisted,109,1.18
2026-09-09,storagesense,sense_1014,1014,10x15,sense_4720053,delisted,129,1.18
2026-09-09,storagesense,sense_1014,1014,10x15,sense_4720209,delisted,129,1.18
2026-09-09,storagesense,sense_1015,1015,5x10,sense_4714587,listed,120,1.18
2026-09-09,storagesense,sense_1015,1015,5x10,sense_4714601,delisted,109,1.18
2026-09-09,storagesense,sense_1016,1016,10x10,sense_4837849,listed,119,1.18
2026-09-09,storagesense,sense_1016,1016,10x10,sense_4837816,delisted,119,1.18
2026-09-09,storagesense,sense_1017,1017,10x10,sense_4838085,repriced_from_unpriced,95,1.18
2026-09-09,storagesense,sense_1029,1029,10x10,sense_4656023,listed,79,1.18
2026-09-09,storagesense,sense_1029,1029,10x10,sense_4655070,delisted,79,1.18
2026-09-09,storagesense,sense_1030,1030,5x5,sense_4640712,repriced_from_unpriced,14,1.18
2026-09-09,storagesense,sense_1030,1030,12x35,sense_4640245,repriced_from_unpriced,150,1.18
2026-09-09,storagesense,sense_1031,1031,10x10,sense_4667012,listed,48,1.18
2026-09-09,storagesense,sense_1031,1031,10x10,sense_4673917,listed,72,1.18
2026-09-09,storagesense,sense_1031,1031,10x15,sense_4676692,listed,89,1.18
2026-09-09,storagesense,sense_1031,1031,5x5,sense_4667391,listed,,1.18
2026-09-09,storagesense,sense_1031,1031,10x20,sense_4666824,listed,,1.18
2026-09-09,storagesense,sense_1031,1031,10x20,sense_4670975,listed,,1.18
2026-09-09,storagesense,sense_1031,1031,15x20,sense_4679143,listed,,1.18
2026-09-09,storagesense,sense_1031,1031,5x5,sense_4667367,delisted,18,1.18
2026-09-09,storagesense,sense_1031,1031,10x15,sense_4676953,delisted,186,1.18
2026-09-09,storagesense,sense_1031,1031,10x20,sense_4678694,delisted,19,1.18
2026-09-09,storagesense,sense_1031,1031,10x20,sense_4681249,delisted,99,1.18
2026-09-09,storagesense,sense_1031,1031,15x20,sense_4679111,delisted,24,1.18
2026-09-09,storagesense,sense_1031,1031,10x10,sense_4666868,delisted,,1.18
2026-09-09,storagesense,sense_1031,1031,10x10,sense_4685300,delisted,,1.18
2026-09-09,storagesense,sense_1050,1050,10x30,sense_4917551,listed,77,1.18
2026-09-09,storagesense,sense_1050,1050,10x30,sense_4917550,delisted,77,1.18
2026-09-09,storagesense,sense_1056,1056,5x10,sense_4614835,listed,26,1.19
2026-09-09,storagesense,sense_1056,1056,10x20,sense_4612095,listed,,1.19
2026-09-09,storagesense,sense_1056,1056,5x10,sense_4614991,delisted,26,1.19
2026-09-09,storagesense,sense_1056,1056,10x20,sense_4612072,delisted,149,1.19
2026-09-09,storagesense,sense_1057,1057,10x10,sense_4703200,listed,111,1.19
2026-09-09,storagesense,sense_1057,1057,10x10,sense_4701940,delisted,,1.19
2026-09-09,storagesense,sense_1059,1059,20x10,sense_4630634,repriced_from_unpriced,97,1.19
2026-09-09,storagesense,sense_1059,1059,10x20,sense_4628198,listed,109,1.19
2026-09-09,storagesense,sense_1059,1059,20x10,sense_4631759,listed,161,1.19
2026-09-09,storagesense,sense_1059,1059,10x20,sense_4628327,delisted,97,1.19
2026-09-09,storagesense,sense_1059,1059,20x10,sense_4631295,delisted,,1.19
2026-09-09,storagesense,sense_1077,1077,5x10,sense_4625365,listed,47,1.19
2026-09-09,storagesense,sense_1077,1077,8x10,sense_4626620,listed,73,1.19
2026-09-09,storagesense,sense_1077,1077,10x10,sense_4625376,listed,88,1.19
2026-09-09,storagesense,sense_1077,1077,10x15,sense_4623548,listed,101,1.19
2026-09-09,storagesense,sense_1077,1077,5x10,sense_4628182,delisted,47,1.19
2026-09-09,storagesense,sense_1077,1077,8x10,sense_4627137,delisted,73,1.19
2026-09-09,storagesense,sense_1077,1077,10x10,sense_4624863,delisted,88,1.19
2026-09-09,storagesense,sense_1077,1077,10x15,sense_4627710,delisted,,1.19
2026-09-09,storagesense,sense_1089,1089,10x20,sense_4668802,listed,111,1.19
2026-09-09,storagesense,sense_1089,1089,10x20,sense_4670763,delisted,111,1.19
2026-09-09,storagesense,sense_1090,1090,5x5,sense_4694470,listed,52,1.19
2026-09-09,storagesense,sense_1090,1090,5x10,sense_4692680,repriced_from_unpriced,58,1.19
2026-09-09,storagesense,sense_1090,1090,5x10,sense_4696395,listed,58,1.19
2026-09-09,storagesense,sense_1090,1090,10x10,sense_4699390,listed,67,1.19
2026-09-09,storagesense,sense_1090,1090,11x30,sense_4690731,listed,51,1.19
2026-09-09,storagesense,sense_1090,1090,5x5,sense_4688120,listed,,1.19
2026-09-09,storagesense,sense_1090,1090,5x5,sense_4688161,delisted,34,1.19
2026-09-09,storagesense,sense_1090,1090,5x5,sense_4694392,delisted,52,1.19
2026-09-09,storagesense,sense_1090,1090,10x10,sense_4695278,delisted,67,1.19
2026-09-09,storagesense,sense_1090,1090,11x30,sense_4690178,delisted,51,1.19
2026-09-09,storagesense,sense_1090,1090,5x10,sense_4693235,delisted,,1.19
2026-09-09,storagesense,sense_1117,1117,10x10,sense_4677617,listed,112,1.19
2026-09-09,storagesense,sense_1117,1117,10x10,sense_4676967,listed,114,1.19
2026-09-09,storagesense,sense_1117,1117,10x15,sense_4679019,listed,155,1.19
2026-09-09,storagesense,sense_1117,1117,10x25,sense_4675199,listed,177,1.19
2026-09-09,storagesense,sense_1117,1117,10x15,sense_4672511,listed,,1.19
2026-09-09,storagesense,sense_1117,1117,10x10,sense_4675861,delisted,112,1.19
2026-09-09,storagesense,sense_1117,1117,10x10,sense_4677373,delisted,114,1.19
2026-09-09,storagesense,sense_1117,1117,10x15,sense_4672629,delisted,134,1.19
2026-09-09,storagesense,sense_1117,1117,10x15,sense_4670974,delisted,,1.19
2026-09-09,storagesense,sense_1117,1117,10x25,sense_4675568,delisted,,1.19
2026-09-09,storagesense,sense_1118,1118,10x10,sense_4923102,listed,87,1.19
2026-09-09,storagesense,sense_1118,1118,10x10,sense_4638565,listed,107,1.19
2026-09-09,storagesense,sense_1118,1118,10x20,sense_5067289,listed,165,1.19
2026-09-09,storagesense,sense_1118,1118,10x10,sense_5061840,delisted,87,1.19
2026-09-09,storagesense,sense_1118,1118,10x10,sense_4638541,delisted,134,1.19
2026-09-09,storagesense,sense_1118,1118,10x20,sense_4885789,delisted,207,1.19
2026-09-09,storagesense,sense_1119,1119,5x5,sense_4695640,listed,30,1.19
2026-09-09,storagesense,sense_1119,1119,10x10,sense_4693681,listed,72,1.19
2026-09-09,storagesense,sense_1119,1119,10x20,sense_4698300,listed,199,1.19
2026-09-09,storagesense,sense_1119,1119,10x10,sense_4930047,listed,,1.19
2026-09-09,storagesense,sense_1119,1119,5x5,sense_4695601,delisted,30,1.19
2026-09-09,storagesense,sense_1119,1119,10x10,sense_5357884,delisted,100,1.19
2026-09-09,storagesense,sense_1119,1119,10x20,sense_5027773,delisted,199,1.19
2026-09-09,storagesense,sense_1119,1119,10x10,sense_4983038,delisted,,1.19
2026-09-09,storagesense,sense_1120,1120,10x40,sense_4671268,listed,89,1.19
2026-09-09,storagesense,sense_1120,1120,10x15,sense_4678159,listed,90,1.19
2026-09-09,storagesense,sense_1120,1120,10x40,sense_4670386,delisted,89,1.19
2026-09-09,storagesense,sense_1120,1120,10x15,sense_4678143,delisted,,1.19
2026-09-09,storagesense,sense_1245,1245,5x5,sense_4719504,listed,69,1.19
2026-09-09,storagesense,sense_1245,1245,10x10,sense_4719269,listed,89,1.19
2026-09-09,storagesense,sense_1245,1245,10x10,sense_4720376,listed,106,1.19
2026-09-09,storagesense,sense_1245,1245,10x15,sense_4719480,listed,114,1.19
2026-09-09,storagesense,sense_1245,1245,10x10,sense_4719858,delisted,79,1.19
2026-09-09,storagesense,sense_1245,1245,10x10,sense_4719556,delisted,106,1.19
2026-09-09,storagesense,sense_1245,1245,10x15,sense_4719457,delisted,114,1.19
2026-09-09,storagesense,sense_1245,1245,5x5,sense_4719328,delisted,,1.19
2026-09-09,storagesense,sense_1247,1247,5x10,sense_4723184,listed,55,1.19
2026-09-09,storagesense,sense_1247,1247,10x10,sense_4724236,listed,76,1.19
2026-09-09,storagesense,sense_1247,1247,10x5,sense_4724169,listed,,1.19
2026-09-09,storagesense,sense_1247,1247,5x10,sense_4723803,delisted,55,1.19
2026-09-09,storagesense,sense_1247,1247,10x5,sense_4724137,delisted,65,1.19
2026-09-09,storagesense,sense_1247,1247,10x10,sense_4723937,delisted,76,1.19
2026-09-09,storagesense,sense_1278,1278,10x20,sense_4723965,listed,,1.19
2026-09-09,storagesense,sense_1278,1278,10x20,sense_4723885,delisted,79,1.19
2026-09-09,storagesense,sense_1280,1280,10x20,sense_4611707,listed,198,1.19
2026-09-09,storagesense,sense_1280,1280,10x20,sense_4619402,delisted,176,1.19
2026-09-09,storagesense,sense_1292,1292,20x30,sense_4611849,repriced_from_unpriced,329,1.19
2026-09-09,storagesense,sense_1305,1305,5x10,sense_4616173,listed,24,1.19
2026-09-09,storagesense,sense_1305,1305,5x10,sense_4616442,delisted,24,1.19
2026-09-09,storagesense,sense_1307,1307,5x10,sense_4617166,listed,54,1.19
2026-09-09,storagesense,sense_1307,1307,5x5,sense_4616162,listed,29,1.19
2026-09-09,storagesense,sense_1307,1307,5x10,sense_4619808,listed,61,1.19
2026-09-09,storagesense,sense_1307,1307,5x10,sense_4619981,delisted,85,1.19
2026-09-09,storagesense,sense_1307,1307,5x5,sense_4620894,delisted,29,1.19
2026-09-09,storagesense,sense_1307,1307,5x10,sense_4619932,delisted,54,1.19
2026-09-09,storagesense,sense_1337,1337,8x10,sense_4630450,listed,112,1.19
2026-09-09,storagesense,sense_1337,1337,8x10,sense_4630305,delisted,112,1.19
2026-09-09,storagesense,sense_1369,1369,5x5,sense_4695911,listed,45,1.19
2026-09-09,storagesense,sense_1369,1369,10x20,sense_4692136,listed,145,1.19
2026-09-09,storagesense,sense_1369,1369,10x30,sense_4699053,listed,93,1.19
2026-09-09,storagesense,sense_1369,1369,10x15,sense_4692725,listed,,1.19
2026-09-09,storagesense,sense_1369,1369,10x15,sense_4691088,delisted,114,1.19
2026-09-09,storagesense,sense_1369,1369,5x5,sense_4696811,delisted,,1.19
2026-09-09,storagesense,sense_1369,1369,10x20,sense_4693499,delisted,,1.19
2026-09-09,storagesense,sense_1369,1369,10x30,sense_4698874,delisted,,1.19
2026-09-09,storagesense,sense_1373,1373,5x10,sense_4684296,listed,80,1.19
2026-09-09,storagesense,sense_1373,1373,7x10,sense_4683293,listed,74,1.19
2026-09-09,storagesense,sense_1373,1373,5x15,sense_4685162,repriced_from_unpriced,74,1.19
2026-09-09,storagesense,sense_1373,1373,5x10,sense_4683820,delisted,64,1.19
2026-09-09,storagesense,sense_1373,1373,7x10,sense_4683177,delisted,74,1.19
2026-09-09,storagesense,sense_1375,1375,5x10,sense_5347778,listed,39,1.19
2026-09-09,storagesense,sense_1375,1375,10x15,sense_4647738,listed,72,1.19
2026-09-09,storagesense,sense_1375,1375,5x10,sense_5347777,delisted,39,1.19
2026-09-09,storagesense,sense_1375,1375,10x15,sense_4647686,delisted,72,1.19
2026-09-09,storagesense,sense_1377,1377,10x10,sense_4676210,listed,77,1.19
2026-09-09,storagesense,sense_1377,1377,10x20,sense_4675230,listed,102,1.19
2026-09-09,storagesense,sense_1377,1377,10x15,sense_4677629,listed,,1.19
2026-09-09,storagesense,sense_1377,1377,10x10,sense_4676193,delisted,77,1.19
2026-09-09,storagesense,sense_1377,1377,10x15,sense_4677067,delisted,85,1.19
2026-09-09,storagesense,sense_1377,1377,10x20,sense_4673522,delisted,,1.19
2026-09-09,storagesense,sense_1387,1387,5x10,sense_4639125,listed,45,1.19
2026-09-09,storagesense,sense_1387,1387,10x10,sense_4639050,listed,71,1.19
2026-09-09,storagesense,sense_1387,1387,10x10,sense_4640617,listed,75,1.19
2026-09-09,storagesense,sense_1387,1387,10x15,sense_4639523,listed,100,1.19
2026-09-09,storagesense,sense_1387,1387,5x10,sense_4639732,delisted,51,1.19
2026-09-09,storagesense,sense_1387,1387,10x10,sense_4639691,delisted,71,1.19
2026-09-09,storagesense,sense_1387,1387,10x10,sense_4639347,delisted,75,1.19
2026-09-09,storagesense,sense_1387,1387,10x15,sense_4641698,delisted,100,1.19
2026-09-09,storagesense,sense_1465,1465,10x20,sense_4709136,listed,109,1.19
2026-09-09,storagesense,sense_1465,1465,10x20,sense_5355481,delisted,,1.19
2026-09-09,storagesense,sense_1557,1557,10x10,sense_4666941,listed,82,1.19
2026-09-09,storagesense,sense_1557,1557,10x10,sense_4666930,delisted,73,1.19
2026-09-09,storagesense,sense_1558,1558,10x15,sense_5364138,listed,73,1.19
2026-09-09,storagesense,sense_1558,1558,10x20,sense_5364141,listed,73,1.19
2026-09-09,storagesense,sense_1558,1558,10x15,sense_5202481,delisted,82,1.19
2026-09-09,storagesense,sense_1558,1558,10x20,sense_4633287,delisted,153,1.19
2026-09-09,storagesense,sense_163706,163706,10x15,sense_4707389,listed,79,1.19
2026-09-09,storagesense,sense_163706,163706,5x5,sense_4975413,unpriced,30,1.19
2026-09-09,storagesense,sense_163706,163706,10x20,sense_4707834,listed,,1.19
2026-09-09,storagesense,sense_163706,163706,10x15,sense_4707323,delisted,79,1.19
2026-09-09,storagesense,sense_163706,163706,10x20,sense_4707747,delisted,155,1.19
2026-09-09,storagesense,sense_163709,163709,15x45,sense_4661558,listed,184,1.19
2026-09-09,storagesense,sense_163709,163709,15x45,sense_4661468,delisted,184,1.19
2026-09-09,storagesense,sense_163714,163714,5x5,sense_4660872,listed,59,1.19
2026-09-09,storagesense,sense_163714,163714,5x5,sense_4660908,delisted,59,1.19
2026-09-09,storagesense,sense_163719,163719,10x15,sense_4657996,listed,84,1.19
2026-09-09,storagesense,sense_163719,163719,10x15,sense_5235237,delisted,84,1.19
2026-09-09,storagesense,sense_163756,163756,10x20,sense_4695736,listed,129,1.19
2026-09-09,storagesense,sense_163756,163756,15x20,sense_4696877,listed,174,1.19
2026-09-09,storagesense,sense_163756,163756,10x20,sense_4695198,delisted,129,1.19
2026-09-09,storagesense,sense_163756,163756,15x20,sense_4699379,delisted,,1.19
2026-09-09,storagesense,sense_163759,163759,15x10,sense_4667870,listed,99,1.19
2026-09-09,storagesense,sense_163759,163759,15x10,sense_4673141,listed,124,1.19
2026-09-09,storagesense,sense_163759,163759,15x12,sense_4674736,repriced_from_unpriced,139,1.19
2026-09-09,storagesense,sense_163759,163759,15x10,sense_4666532,delisted,99,1.19
2026-09-09,storagesense,sense_163759,163759,15x10,sense_4669878,delisted,124,1.19
2026-09-10,storagesense,sense_164254,164254,10x10,sense_5366165,listed,139,0.8
2026-09-10,storagesense,sense_164254,164254,10x10,sense_5366013,delisted,139,0.8
2026-09-10,storagesense,sense_164255,164255,10x5,sense_5367030,listed,79,0.8
2026-09-10,storagesense,sense_164255,164255,10x20,sense_5366780,listed,79,0.8
2026-09-10,storagesense,sense_164255,164255,10x20,sense_5367688,listed,89,0.8
2026-09-10,storagesense,sense_164255,164255,10x5,sense_5367032,delisted,79,0.8
2026-09-10,storagesense,sense_164255,164255,10x20,sense_5366782,delisted,79,0.8
2026-09-10,storagesense,sense_163726,163726,10x30,sense_4918015,listed,,0.8
2026-09-10,storagesense,sense_163726,163726,10x30,sense_4918014,delisted,149,0.8
2026-09-10,storagesense,sense_163794,163794,10x20,sense_4727533,listed,,0.8
2026-09-10,storagesense,sense_163794,163794,10x20,sense_4727427,delisted,78,0.8
2026-09-10,storagesense,sense_163797,163797,10x10,sense_4724990,listed,,0.8
2026-09-10,storagesense,sense_163797,163797,10x10,sense_4725122,delisted,29,0.8
2026-09-10,storagesense,sense_163798,163798,5x10,sense_4724007,listed,29,0.8
2026-09-10,storagesense,sense_163798,163798,10x10,sense_4724870,listed,76,0.8
2026-09-10,storagesense,sense_163798,163798,10x40,sense_4725802,listed,,0.8
2026-09-10,storagesense,sense_163798,163798,5x10,sense_4725039,delisted,29,0.8
2026-09-10,storagesense,sense_163798,163798,10x10,sense_4725330,delisted,76,0.8
2026-09-10,storagesense,sense_163798,163798,10x40,sense_4725763,delisted,199,0.8
2026-09-10,storagesense,sense_163883,163883,8x9,sense_5267013,listed,115,0.8
2026-09-10,storagesense,sense_163883,163883,8x9,sense_5267087,delisted,115,0.8
2026-09-10,storagesense,sense_163993,163993,10x10,sense_4924159,listed,,0.8
2026-09-10,storagesense,sense_163993,163993,10x10,sense_4924174,delisted,60,0.8
2026-09-10,storagesense,sense_164021,164021,5x5,sense_4959133,listed,,0.8
2026-09-10,storagesense,sense_164021,164021,5x5,sense_4959371,delisted,,0.8
2026-09-10,storagesense,sense_164023,164023,5x12,sense_4961410,listed,,0.8
2026-09-10,storagesense,sense_164023,164023,10x10,sense_4961650,listed,,0.8
2026-09-10,storagesense,sense_164023,164023,5x12,sense_4961369,delisted,32,0.8
2026-09-10,storagesense,sense_164023,164023,10x10,sense_4961648,delisted,82,0.8
2026-09-10,storagesense,sense_164053,164053,5x5,sense_4977089,listed,27,0.8
2026-09-10,storagesense,sense_164053,164053,10x10,sense_4977139,listed,,0.8
2026-09-10,storagesense,sense_164053,164053,10x10,sense_4977162,delisted,59,0.8
2026-09-10,storagesense,sense_164053,164053,5x5,sense_4977092,delisted,,0.8
2026-09-10,storagesense,sense_164054,164054,5x10,sense_4977302,listed,24,0.8
2026-09-10,storagesense,sense_164054,164054,10x15,sense_4977289,listed,,0.8
2026-09-10,storagesense,sense_164054,164054,5x10,sense_5364364,delisted,24,0.8
2026-09-10,storagesense,sense_164054,164054,10x15,sense_4977286,delisted,66,0.8
2026-09-10,storagesense,sense_164069,164069,10x15,sense_4984565,listed,204,0.8
2026-09-10,storagesense,sense_164069,164069,10x15,sense_4984564,delisted,204,0.8
2026-09-10,storagesense,sense_164070,164070,10x10,sense_4985779,listed,99,0.8
2026-09-10,storagesense,sense_164070,164070,10x10,sense_4985780,delisted,99,0.8
2026-09-10,storagesense,sense_164072,164072,10x25,sense_4987064,listed,92,0.8
2026-09-10,storagesense,sense_164072,164072,10x25,sense_4987072,delisted,,0.8
2026-09-10,storagesense,sense_164100,164100,5x10,sense_5007866,listed,87,0.8
2026-09-10,storagesense,sense_164100,164100,10x5,sense_5007692,listed,99,0.8
2026-09-10,storagesense,sense_164100,164100,5x15,sense_5007871,listed,95,0.8
2026-09-10,storagesense,sense_164100,164100,10x10,sense_5007761,listed,143,0.8
2026-09-10,storagesense,sense_164100,164100,10x12,sense_5007822,listed,155,0.8
2026-09-10,storagesense,sense_164100,164100,10x20,sense_5008063,listed,224,0.8
2026-09-10,storagesense,sense_164100,164100,10x30,sense_5007998,listed,289,0.8
2026-09-10,storagesense,sense_164100,164100,5x10,sense_5007856,delisted,69,0.8
2026-09-10,storagesense,sense_164100,164100,10x5,sense_5007679,delisted,79,0.8
2026-09-10,storagesense,sense_164100,164100,5x15,sense_5007824,delisted,76,0.8
2026-09-10,storagesense,sense_164100,164100,10x10,sense_5007718,delisted,114,0.8
2026-09-10,storagesense,sense_164100,164100,10x12,sense_5007947,delisted,124,0.8
2026-09-10,storagesense,sense_164100,164100,10x20,sense_5008055,delisted,179,0.8
2026-09-10,storagesense,sense_164111,164111,12x30,sense_5016686,listed,149,0.8
2026-09-10,storagesense,sense_164111,164111,12x30,sense_5016693,delisted,119,0.8
2026-09-10,storagesense,sense_164135,164135,5x5,sense_5036528,listed,49,0.8
2026-09-10,storagesense,sense_164135,164135,10x5,sense_5036638,listed,79,0.8
2026-09-10,storagesense,sense_164135,164135,5x5,sense_5036456,delisted,49,0.8
2026-09-10,storagesense,sense_164135,164135,10x5,sense_5036382,delisted,79,0.8
2026-09-10,storagesense,sense_164196,164196,10x15,sense_5116104,listed,,0.8
2026-09-10,storagesense,sense_164196,164196,10x25,sense_5115540,delisted,159,0.8
2026-09-10,storagesense,sense_164196,164196,10x15,sense_5116083,delisted,,0.8
2026-09-10,storagesense,sense_164229,164229,12x35,sense_5221007,listed,161,0.8
2026-09-10,storagesense,sense_164229,164229,12x35,sense_5221008,delisted,161,0.8
2026-09-10,storagesense,sense_164248,164248,15x5,sense_5335784,listed,59,0.8
2026-09-10,storagesense,sense_164248,164248,15x5,sense_5335782,delisted,59,0.8
2026-09-10,storagesense,sense_164249,164249,24x12,sense_5336121,listed,199,0.8
2026-09-10,storagesense,sense_164249,164249,24x12,sense_5336123,delisted,,0.8
2026-09-10,storagesense,sense_16966,16966,5x5,sense_4620514,listed,5,0.8
2026-09-10,storagesense,sense_16966,16966,5x8,sense_4621983,listed,18,0.8
2026-09-10,storagesense,sense_16966,16966,5x5,sense_4622588,delisted,5,0.8
2026-09-10,storagesense,sense_16966,16966,5x8,sense_4623220,delisted,18,0.8
2026-09-10,storagesense,sense_16997,16997,5x5,sense_4624637,listed,,0.8
2026-09-10,storagesense,sense_16997,16997,5x5,sense_4624010,delisted,29,0.8
2026-09-10,storagesense,sense_17038,17038,5x8,sense_5101724,listed,34,0.8
2026-09-10,storagesense,sense_17038,17038,5x8,sense_5101712,delisted,34,0.8
2026-09-10,storagesense,sense_17040,17040,10x24,sense_4650481,listed,,0.8
2026-09-10,storagesense,sense_17040,17040,10x24,sense_4648545,delisted,155,0.8
2026-09-10,storagesense,sense_17057,17057,5x6,sense_4873537,listed,46,0.8
2026-09-10,storagesense,sense_17057,17057,10x10,sense_4928942,listed,83,0.8
2026-09-10,storagesense,sense_17057,17057,10x15,sense_4928915,listed,89,0.8
2026-09-10,storagesense,sense_17057,17057,5x6,sense_5061816,delisted,22,0.8
2026-09-10,storagesense,sense_17057,17057,10x10,sense_4928882,delisted,74,0.8
2026-09-10,storagesense,sense_17057,17057,10x15,sense_4928902,delisted,89,0.8
2026-09-10,storagesense,sense_17057,17057,10x15,sense_5367259,delisted,100,0.8
2026-09-10,storagesense,sense_17086,17086,10x10,sense_4704698,listed,134,0.8
2026-09-10,storagesense,sense_17086,17086,10x10,sense_4704680,delisted,134,0.8
2026-09-10,storagesense,sense_17098,17098,5x5,sense_4715155,listed,66,0.8
2026-09-10,storagesense,sense_17098,17098,5x5,sense_4715720,delisted,66,0.8
2026-09-10,storagesense,sense_17162,17162,8x10,sense_4612540,unpriced,46,0.8
2026-09-10,storagesense,sense_17182,17182,5x10,sense_4618807,listed,60,0.8
2026-09-10,storagesense,sense_17182,17182,5x10,sense_4617719,delisted,60,0.8
2026-09-10,storagesense,sense_17207,17207,10x15,sense_4610456,listed,136,0.8
2026-09-10,storagesense,sense_17207,17207,10x15,sense_4610468,delisted,136,0.8
2026-09-10,storagesense,sense_17208,17208,10x15,sense_4626927,listed,169,0.8
2026-09-10,storagesense,sense_17208,17208,10x15,sense_4627065,delisted,169,0.8
2026-09-10,storagesense,sense_17392,17392,5x10,sense_4791228,listed,89,0.8
2026-09-10,storagesense,sense_17392,17392,5x10,sense_4791268,delisted,,0.8
2026-09-10,storagesense,sense_17405,17405,8x14,sense_5030238,unpriced,129,0.8
2026-09-10,storagesense,sense_1892,1892,10x20,sense_4691946,listed,203,0.8
2026-09-10,storagesense,sense_1892,1892,10x5,sense_4690293,listed,91,0.8
2026-09-10,storagesense,sense_1892,1892,10x20,sense_4689908,delisted,203,0.8
2026-09-10,storagesense,sense_1892,1892,10x5,sense_4690379,delisted,91,0.8
2026-09-10,storagesense,sense_1915,1915,10x10,sense_5159711,listed,50,0.8
2026-09-10,storagesense,sense_1915,1915,10x10,sense_4649727,delisted,50,0.8
2026-09-10,storagesense,sense_1918,1918,10x15,sense_4697264,repriced_from_unpriced,120,0.8
2026-09-10,storagesense,sense_2100,2100,10x10,sense_4674305,listed,45,0.8
2026-09-10,storagesense,sense_2100,2100,10x10,sense_4673851,delisted,45,0.8
2026-09-10,storagesense,sense_2114,2114,10x15,sense_5083489,unpriced,149,0.8
2026-09-10,storagesense,sense_2114,2114,10x15,sense_4693747,delisted,,0.8
2026-09-10,storagesense,sense_2116,2116,10x30,sense_4627453,listed,,0.8
2026-09-10,storagesense,sense_2116,2116,10x30,sense_5187888,delisted,259,0.8
2026-09-10,storagesense,sense_2117,2117,5x10,sense_4663226,listed,59,0.8
2026-09-10,storagesense,sense_2117,2117,5x10,sense_4662203,delisted,59,0.8
2026-09-10,storagesense,sense_2121,2121,10x15,sense_4668513,listed,299,0.8
2026-09-10,storagesense,sense_2121,2121,10x15,sense_4668573,delisted,299,0.8
2026-09-10,storagesense,sense_2130,2130,10x15,sense_4693964,listed,113,0.8
2026-09-10,storagesense,sense_2130,2130,10x20,sense_4685943,listed,107,0.8
2026-09-10,storagesense,sense_2130,2130,10x15,sense_4695649,delisted,113,0.8
2026-09-10,storagesense,sense_2130,2130,10x20,sense_4685876,delisted,107,0.8
2026-09-10,storagesense,sense_2136,2136,8x10,sense_4670939,listed,86,0.8
2026-09-10,storagesense,sense_2136,2136,10x30,sense_4671743,listed,,0.8
2026-09-10,storagesense,sense_2136,2136,10x30,sense_4672064,delisted,187,0.8
2026-09-10,storagesense,sense_2136,2136,8x10,sense_4672740,delisted,,0.8
2026-09-10,storagesense,sense_2137,2137,10x10,sense_4670743,listed,80,0.8
2026-09-10,storagesense,sense_2137,2137,10x40,sense_4677109,listed,76,0.8
2026-09-10,storagesense,sense_2137,2137,10x40,sense_4673662,listed,239,0.8
2026-09-10,storagesense,sense_2137,2137,10x10,sense_4672309,delisted,80,0.8
2026-09-10,storagesense,sense_2137,2137,10x40,sense_4677174,delisted,76,0.8
2026-09-10,storagesense,sense_2137,2137,10x40,sense_4677348,delisted,239,0.8
2026-09-10,storagesense,sense_2140,2140,5x5,sense_4631860,listed,55,0.8
2026-09-10,storagesense,sense_2140,2140,5x5,sense_5337053,listed,55,0.8
2026-09-10,storagesense,sense_2140,2140,5x5,sense_5012320,delisted,55,0.8
2026-09-10,storagesense,sense_2140,2140,5x5,sense_4632451,delisted,,0.8
2026-09-10,storagesense,sense_2141,2141,5x10,sense_4635717,listed,66,0.8
2026-09-10,storagesense,sense_2141,2141,5x10,sense_4635047,delisted,66,0.8
2026-09-10,storagesense,sense_2142,2142,10x10,sense_4693970,listed,96,0.8
2026-09-10,storagesense,sense_2142,2142,10x10,sense_4695439,delisted,96,0.8
2026-09-10,storagesense,sense_2144,2144,10x30,sense_4685388,listed,198,0.8
2026-09-10,storagesense,sense_2144,2144,10x30,sense_4685468,delisted,,0.8
2026-09-10,storagesense,sense_2151,2151,5x5,sense_4700608,listed,39,0.8
2026-09-10,storagesense,sense_2151,2151,5x5,sense_4700547,delisted,44,0.8
2026-09-10,storagesense,sense_2152,2152,5x10,sense_4695532,listed,120,0.8
2026-09-10,storagesense,sense_2152,2152,10x10,sense_4696059,listed,187,0.8
2026-09-10,storagesense,sense_2152,2152,10x15,sense_4701316,listed,176,0.8
2026-09-10,storagesense,sense_2152,2152,10x20,sense_4699889,listed,237,0.8
2026-09-10,storagesense,sense_2152,2152,10x20,sense_4701171,listed,237,0.8
2026-09-10,storagesense,sense_2152,2152,10x25,sense_4699806,listed,262,0.8
2026-09-10,storagesense,sense_2152,2152,10x30,sense_4696188,listed,349,0.8
2026-09-10,storagesense,sense_2152,2152,10x40,sense_4702090,listed,205,0.8
2026-09-10,storagesense,sense_2152,2152,5x10,sense_4697738,delisted,96,0.8
2026-09-10,storagesense,sense_2152,2152,10x10,sense_4700044,delisted,149,0.8
2026-09-10,storagesense,sense_2152,2152,10x15,sense_4699638,delisted,176,0.8
2026-09-10,storagesense,sense_2152,2152,10x20,sense_4697246,delisted,189,0.8
2026-09-10,storagesense,sense_2152,2152,10x20,sense_4698071,delisted,189,0.8
2026-09-10,storagesense,sense_2152,2152,10x25,sense_4696630,delisted,209,0.8
2026-09-10,storagesense,sense_2152,2152,10x30,sense_4698173,delisted,279,0.8
2026-09-10,storagesense,sense_2166,2166,10x20,sense_4714559,listed,120,0.8
2026-09-10,storagesense,sense_2166,2166,10x20,sense_4714962,delisted,,0.8
2026-09-10,storagesense,sense_2171,2171,10x10,sense_4665995,listed,39,0.8
2026-09-10,storagesense,sense_2171,2171,10x10,sense_4666215,delisted,39,0.8
2026-09-10,storagesense,sense_2242,2242,10x10,sense_4722246,listed,107,0.8
2026-09-10,storagesense,sense_2242,2242,10x10,sense_4722368,delisted,107,0.8
2026-09-10,storagesense,sense_2267,2267,12x40,sense_4793282,listed,159,0.8
2026-09-10,storagesense,sense_2267,2267,12x40,sense_4793269,delisted,159,0.8
2026-09-10,storagesense,sense_2307,2307,5x10,sense_4649891,listed,90,0.8
2026-09-10,storagesense,sense_2307,2307,12.5x40.7,sense_4647673,listed,,0.8
2026-09-10,storagesense,sense_2307,2307,5x10,sense_4651454,delisted,80,0.8
2026-09-10,storagesense,sense_2307,2307,12.5x40.7,sense_4647683,delisted,266,0.8
2026-09-10,storagesense,sense_2316,2316,12x25,sense_4616042,repriced_from_unpriced,111,0.8
2026-09-10,storagesense,sense_2322,2322,5x5,sense_5031047,listed,,0.8
2026-09-10,storagesense,sense_2322,2322,5x5,sense_5031008,delisted,110,0.8
2026-09-10,storagesense,sense_2324,2324,10x20,sense_4681581,listed,124,0.8
2026-09-10,storagesense,sense_2324,2324,10x20,sense_4683143,delisted,124,0.8
2026-09-10,storagesense,sense_2325,2325,10x10,sense_4668997,listed,108,0.8
2026-09-10,storagesense,sense_2325,2325,10x10,sense_5171095,delisted,108,0.8
2026-09-10,storagesense,sense_2326,2326,10x10,sense_4613584,listed,,0.8
2026-09-10,storagesense,sense_2326,2326,10x10,sense_4613538,delisted,116,0.8
2026-09-10,storagesense,sense_2336,2336,10x10,sense_4694070,listed,117,0.8
2026-09-10,storagesense,sense_2336,2336,10x20,sense_4687930,listed,194,0.8
2026-09-10,storagesense,sense_2336,2336,10x10,sense_4692070,delisted,117,0.8
2026-09-10,storagesense,sense_2336,2336,10x20,sense_4687261,delisted,194,0.8
2026-09-10,storagesense,sense_2339,2339,10x10,sense_4617838,listed,157,0.8
2026-09-10,storagesense,sense_2339,2339,10x10,sense_4617565,delisted,125,0.8
2026-09-10,storagesense,sense_2340,2340,12x40,sense_5225683,listed,79,0.8
2026-09-10,storagesense,sense_2340,2340,12x40,sense_5225694,delisted,,0.8
2026-09-10,storagesense,sense_2346,2346,10x15,sense_4678494,listed,212,0.8
2026-09-10,storagesense,sense_2346,2346,10x20,sense_4673293,listed,264,0.8
2026-09-10,storagesense,sense_2346,2346,10x15,sense_4679731,delisted,189,0.8
2026-09-10,storagesense,sense_2346,2346,10x20,sense_4674952,delisted,264,0.8
2026-09-10,storagesense,sense_2355,2355,5x10,sense_4617205,listed,99,0.8
2026-09-10,storagesense,sense_2355,2355,5x10,sense_4617371,delisted,99,0.8
2026-09-10,storagesense,sense_2359,2359,10x10,sense_4617400,listed,90,0.8
2026-09-10,storagesense,sense_2359,2359,10x10,sense_4617924,delisted,90,0.8
2026-09-10,storagesense,sense_2364,2364,10x10,sense_4625497,listed,157,0.8
2026-09-10,storagesense,sense_2364,2364,10x10,sense_4625618,delisted,75,0.8
2026-09-10,storagesense,sense_2371,2371,10x20,sense_4614620,listed,164,0.8
2026-09-10,storagesense,sense_2371,2371,10x20,sense_4614535,delisted,164,0.8
2026-09-10,storagesense,sense_2384,2384,10x10,sense_4638429,listed,86,0.8
2026-09-10,storagesense,sense_2384,2384,10x15,sense_4638458,listed,,0.8
2026-09-10,storagesense,sense_2384,2384,10x20,sense_4637435,listed,,0.8
2026-09-10,storagesense,sense_2384,2384,10x20,sense_4637428,listed,,0.8
2026-09-10,storagesense,sense_2384,2384,10x10,sense_4636397,delisted,97,0.8
2026-09-10,storagesense,sense_2384,2384,10x15,sense_5301268,delisted,94,0.8
2026-09-10,storagesense,sense_2384,2384,10x20,sense_4965694,delisted,109,0.8
2026-09-10,storagesense,sense_2384,2384,10x20,sense_5061255,delisted,109,0.8
2026-09-10,storagesense,sense_2385,2385,5x5,sense_4630656,listed,45,0.8
2026-09-10,storagesense,sense_2385,2385,12x30,sense_4631627,listed,29,0.8
2026-09-10,storagesense,sense_2385,2385,12x30,sense_4631963,delisted,29,0.8
2026-09-10,storagesense,sense_2385,2385,5x5,sense_4628707,delisted,,0.8
2026-09-10,storagesense,sense_2386,2386,5x10,sense_4619065,listed,72,0.8
2026-09-10,storagesense,sense_2386,2386,5x15,sense_4620319,listed,99,0.8
2026-09-10,storagesense,sense_2386,2386,5x10,sense_4619572,delisted,72,0.8
2026-09-10,storagesense,sense_2386,2386,5x15,sense_4620521,delisted,99,0.8
2026-09-10,storagesense,sense_2389,2389,5x5,sense_4622476,listed,36,0.8
2026-09-10,storagesense,sense_2389,2389,5x5,sense_4623753,delisted,36,0.8
2026-09-10,storagesense,sense_2390,2390,10x15,sense_5367419,delisted,,0.8
2026-09-10,storagesense,sense_2391,2391,10x20,sense_4636032,listed,161,0.8
2026-09-10,storagesense,sense_2391,2391,10x25,sense_4636051,listed,166,0.8
2026-09-10,storagesense,sense_2391,2391,5x5,sense_4636318,unpriced,31,0.8
2026-09-10,storagesense,sense_2391,2391,10x25,sense_4636273,delisted,166,0.8
2026-09-10,storagesense,sense_2391,2391,10x20,sense_4636152,delisted,,0.8
2026-09-10,storagesense,sense_2403,2403,4x3,sense_4654059,listed,27,0.8
2026-09-10,storagesense,sense_2403,2403,4x3,sense_4654067,delisted,27,0.8
2026-09-10,storagesense,sense_2411,2411,10x20,sense_4661792,listed,79,0.8
2026-09-10,storagesense,sense_2411,2411,10x30,sense_4656012,repriced_from_unpriced,116,0.8
2026-09-10,storagesense,sense_2411,2411,10x20,sense_4661806,delisted,79,0.8
2026-09-10,storagesense,sense_2420,2420,5x4,sense_4652349,listed,20,0.8
2026-09-10,storagesense,sense_2420,2420,8x10,sense_4652548,listed,109,0.8
2026-09-10,storagesense,sense_2420,2420,8x40,sense_4650157,listed,274,0.8
2026-09-10,storagesense,sense_2420,2420,8x20,sense_4653311,listed,,0.8
2026-09-10,storagesense,sense_2420,2420,8x10,sense_4652591,delisted,109,0.8
2026-09-10,storagesense,sense_2420,2420,8x20,sense_4651613,delisted,165,0.8
2026-09-10,storagesense,sense_2420,2420,5x4,sense_4653817,delisted,,0.8
2026-09-10,storagesense,sense_2420,2420,8x40,sense_4651261,delisted,,0.8
2026-09-10,storagesense,sense_2457,2457,10x20,sense_4708090,listed,179,0.8
2026-09-10,storagesense,sense_2457,2457,10x20,sense_4708095,delisted,,0.8
2026-09-10,storagesense,sense_2507,2507,10x10,sense_5102281,listed,99,0.8
2026-09-10,storagesense,sense_2507,2507,5x10,sense_5102206,listed,79,0.8
2026-09-10,storagesense,sense_2507,2507,10x10,sense_5102278,delisted,99,0.8
2026-09-10,storagesense,sense_2507,2507,5x10,sense_5102209,delisted,79,0.8
2026-09-10,storagesense,sense_2550,2550,5x8,sense_4839203,listed,33,0.8
2026-09-10,storagesense,sense_2550,2550,5x8,sense_4839299,delisted,29,0.8
2026-09-10,storagesense,sense_2566,2566,10x10,sense_4672611,listed,54,0.8
2026-09-10,storagesense,sense_2566,2566,10x30,sense_4670460,listed,,0.8
2026-09-10,storagesense,sense_2566,2566,15x30,sense_4674287,unpriced,64,0.8
2026-09-10,storagesense,sense_2566,2566,10x10,sense_4672593,delisted,54,0.8
2026-09-10,storagesense,sense_2566,2566,10x30,sense_4670713,delisted,126,0.8
2026-09-10,storagesense,sense_2596,2596,10x10,sense_4639091,listed,84,0.8
2026-09-10,storagesense,sense_2596,2596,10x10,sense_4639885,delisted,84,0.8
2026-09-10,storagesense,sense_2600,2600,10x15,sense_4612669,listed,99,0.8
2026-09-10,storagesense,sense_2600,2600,10x15,sense_4612591,delisted,99,0.8
2026-09-10,storagesense,sense_2606,2606,5x5,sense_4689846,listed,44,0.8
2026-09-10,storagesense,sense_2606,2606,5x5,sense_4684554,delisted,44,0.8
2026-09-10,storagesense,sense_2649,2649,12x25,sense_4665591,listed,,0.8
2026-09-10,storagesense,sense_2649,2649,12x25,sense_4665611,delisted,65,0.8
2026-09-10,storagesense,sense_2669,2669,12x32,sense_4641802,listed,98,0.8
2026-09-10,storagesense,sense_2669,2669,12x32,sense_4641816,delisted,87,0.8
2026-09-10,storagesense,sense_2679,2679,3x4,sense_4683425,listed,5,0.8
2026-09-10,storagesense,sense_2679,2679,3x4,sense_4683186,delisted,5,0.8
2026-09-10,storagesense,sense_2680,2680,5x5,sense_4657502,listed,43,0.8
2026-09-10,storagesense,sense_2680,2680,5x5,sense_4658370,delisted,43,0.8
2026-09-10,storagesense,sense_2690,2690,5x15,sense_4911399,listed,50,0.8
2026-09-10,storagesense,sense_2690,2690,10x10,sense_4673344,listed,71,0.8
2026-09-10,storagesense,sense_2690,2690,5x15,sense_4680698,delisted,50,0.8
2026-09-10,storagesense,sense_2690,2690,10x10,sense_5218874,delisted,111,0.8
2026-09-10,storagesense,sense_2698,2698,10x15,sense_4701561,listed,174,0.8
2026-09-10,storagesense,sense_2698,2698,10x15,sense_4702667,delisted,174,0.8
2026-09-10,storagesense,sense_2792,2792,5x15,sense_4709081,listed,54,0.8
2026-09-10,storagesense,sense_2792,2792,5x15,sense_4709076,delisted,54,0.8
2026-09-10,storagesense,sense_2805,2805,10x10,sense_4839785,listed,153,0.8
2026-09-10,storagesense,sense_2805,2805,10x20,sense_4839671,listed,189,0.8
2026-09-10,storagesense,sense_2805,2805,10x10,sense_4839611,delisted,73,0.8
2026-09-10,storagesense,sense_2805,2805,10x20,sense_4839680,delisted,113,0.8
2026-09-10,storagesense,sense_2813,2813,10x10,sense_4716776,listed,134,0.8
2026-09-10,storagesense,sense_2813,2813,10x20,sense_4718723,listed,139,0.8
2026-09-10,storagesense,sense_2813,2813,10x10,sense_4715504,delisted,134,0.8
2026-09-10,storagesense,sense_2813,2813,10x20,sense_4718257,delisted,139,0.8
2026-09-10,storagesense,sense_820,820,12x25,sense_4693395,listed,24,0.8
2026-09-10,storagesense,sense_820,820,12x25,sense_4693357,delisted,24,0.8
2026-09-10,storagesense,sense_831,831,5x10,sense_4637414,listed,44,0.8
2026-09-10,storagesense,sense_831,831,5x10,sense_4639127,listed,49,0.8
2026-09-10,storagesense,sense_831,831,5x10,sense_4637362,delisted,34,0.8
2026-09-10,storagesense,sense_831,831,5x10,sense_4639131,delisted,44,0.8
2026-09-10,storagesense,sense_845,845,5x5,sense_5341115,listed,44,0.8
2026-09-10,storagesense,sense_845,845,10x10,sense_5347327,listed,109,0.8
2026-09-10,storagesense,sense_845,845,5x5,sense_5331692,delisted,44,0.8
2026-09-10,storagesense,sense_845,845,10x10,sense_4959484,delisted,109,0.8
2026-09-10,storagesense,sense_863,863,10x10,sense_4654280,listed,,0.8
2026-09-10,storagesense,sense_863,863,10x10,sense_5357700,delisted,106,0.8
2026-09-10,storagesense,sense_864,864,10x35,sense_4684117,listed,179,0.8
2026-09-10,storagesense,sense_864,864,10x35,sense_4684171,delisted,179,0.8
2026-09-10,storagesense,sense_866,866,10x13,sense_4644912,unpriced,99,0.8
2026-09-10,storagesense,sense_872,872,10x10,sense_4645359,listed,86,0.8
2026-09-10,storagesense,sense_872,872,10x10,sense_4645368,delisted,,0.8
2026-09-10,storagesense,sense_874,874,10x10,sense_4635067,listed,145,0.8
2026-09-10,storagesense,sense_874,874,10x10,sense_4634364,delisted,145,0.8
2026-09-10,storagesense,sense_913,913,10x18,sense_4716786,listed,,0.8
2026-09-10,storagesense,sense_913,913,10x18,sense_4717094,delisted,79,0.8
2026-09-10,storagesense,sense_914,914,5x10,sense_4650193,listed,,0.8
2026-09-10,storagesense,sense_914,914,5x10,sense_4646807,delisted,34,0.8
2026-09-10,storagesense,sense_992,992,5x5,sense_4722391,listed,84,0.8
2026-09-10,storagesense,sense_992,992,10x5,sense_5084547,listed,65,0.8
2026-09-10,storagesense,sense_992,992,10x10,sense_4723824,listed,99,0.8
2026-09-10,storagesense,sense_992,992,5x5,sense_4722394,delisted,84,0.8
2026-09-10,storagesense,sense_992,992,10x5,sense_4723798,delisted,65,0.8
2026-09-10,storagesense,sense_992,992,10x10,sense_4723863,delisted,99,0.8
2026-09-10,storagesense,sense_1030,1030,10x25,sense_4645443,listed,195,0.8
2026-09-10,storagesense,sense_1030,1030,10x25,sense_4645066,delisted,195,0.8
2026-09-10,storagesense,sense_1031,1031,10x10,sense_4666868,listed,,0.8
2026-09-10,storagesense,sense_1031,1031,10x10,sense_4667012,delisted,48,0.8
2026-09-10,storagesense,sense_1050,1050,5x5,sense_4631847,listed,45,0.8
2026-09-10,storagesense,sense_1050,1050,10x10,sense_4632473,listed,126,0.8
2026-09-10,storagesense,sense_1050,1050,10x15,sense_4630094,listed,131,0.8
2026-09-10,storagesense,sense_1050,1050,10x30,sense_4917550,listed,77,0.8
2026-09-10,storagesense,sense_1050,1050,5x5,sense_4632709,delisted,45,0.8
2026-09-10,storagesense,sense_1050,1050,10x10,sense_4632299,delisted,126,0.8
2026-09-10,storagesense,sense_1050,1050,10x15,sense_4628549,delisted,205,0.8
2026-09-10,storagesense,sense_1050,1050,10x30,sense_4917551,delisted,77,0.8
2026-09-10,storagesense,sense_1056,1056,10x10,sense_4613114,listed,,0.8
2026-09-10,storagesense,sense_1056,1056,10x10,sense_4612663,delisted,57,0.8
2026-09-10,storagesense,sense_1077,1077,10x15,sense_4628488,listed,141,0.8
2026-09-10,storagesense,sense_1077,1077,10x15,sense_4617879,delisted,141,0.8
2026-09-10,storagesense,sense_1117,1117,5x10,sense_4679377,listed,81,0.8
2026-09-10,storagesense,sense_1117,1117,10x10,sense_4675861,listed,112,0.8
2026-09-10,storagesense,sense_1117,1117,5x10,sense_4673751,delisted,81,0.8
2026-09-10,storagesense,sense_1117,1117,10x10,sense_4677617,delisted,112,0.8
2026-09-10,storagesense,sense_1118,1118,5x10,sense_5029172,listed,57,0.8
2026-09-10,storagesense,sense_1118,1118,5x10,sense_5029091,delisted,57,0.8
2026-09-10,storagesense,sense_1120,1120,10x25,sense_4677108,listed,,0.8
2026-09-10,storagesense,sense_1120,1120,10x25,sense_4678596,delisted,140,0.8
2026-09-10,storagesense,sense_1245,1245,5x5,sense_4720270,listed,69,0.8
2026-09-10,storagesense,sense_1245,1245,10x10,sense_4718635,listed,106,0.8
2026-09-10,storagesense,sense_1245,1245,10x20,sense_4719217,listed,114,0.8
2026-09-10,storagesense,sense_1245,1245,5x5,sense_4719504,delisted,69,0.8
2026-09-10,storagesense,sense_1245,1245,10x10,sense_4720364,delisted,106,0.8
2026-09-10,storagesense,sense_1245,1245,10x20,sense_4717838,delisted,128,0.8
2026-09-10,storagesense,sense_1278,1278,10x10,sense_4724507,listed,60,0.8
2026-09-10,storagesense,sense_1278,1278,10x10,sense_4724566,delisted,60,0.8
2026-09-10,storagesense,sense_1280,1280,10x10,sense_4614513,listed,156,0.8
2026-09-10,storagesense,sense_1280,1280,8x20,sense_5081603,listed,111,0.8
2026-09-10,storagesense,sense_1280,1280,10x10,sense_4614837,delisted,156,0.8
2026-09-10,storagesense,sense_1280,1280,8x20,sense_5081604,delisted,111,0.8
2026-09-10,storagesense,sense_1307,1307,5x5,sense_4617335,listed,29,0.8
2026-09-10,storagesense,sense_1307,1307,5x5,sense_4616162,delisted,29,0.8
2026-09-10,storagesense,sense_1369,1369,10x10,sense_4692855,listed,91,0.8
2026-09-10,storagesense,sense_1369,1369,10x10,sense_4692954,delisted,91,0.8
2026-09-10,storagesense,sense_1373,1373,5x10,sense_4683929,listed,64,0.8
2026-09-10,storagesense,sense_1373,1373,5x10,sense_4684731,delisted,64,0.8
2026-09-10,storagesense,sense_1465,1465,5x10,sense_4710853,listed,52,0.8
2026-09-10,storagesense,sense_1465,1465,10x10,sense_4710593,listed,66,0.8
2026-09-10,storagesense,sense_1465,1465,5x10,sense_4711417,delisted,52,0.8
2026-09-10,storagesense,sense_1465,1465,10x10,sense_4711384,delisted,66,0.8
2026-09-10,storagesense,sense_1557,1557,10x15,sense_4666158,listed,93,0.8
2026-09-10,storagesense,sense_1557,1557,10x15,sense_4666244,delisted,93,0.8
2026-09-10,storagesense,sense_163756,163756,5x5,sense_4697823,listed,26,0.8
2026-09-10,storagesense,sense_163756,163756,5x5,sense_4697065,delisted,,0.8
2026-09-10,storagesense,sense_163759,163759,15x10,sense_4673231,listed,124,0.8
2026-09-10,storagesense,sense_163759,163759,15x10,sense_4673252,delisted,124,0.8
2026-09-11,storagesense,sense_164254,164254,1x1,sense_5366523,listed,12,0.97
2026-09-11,storagesense,sense_164254,164254,3x3,sense_5366655,listed,14,0.97
2026-09-11,storagesense,sense_164254,164254,6x3,sense_5366642,listed,39,0.97
2026-09-11,storagesense,sense_164254,164254,10x10,sense_5366159,listed,139,0.97
2026-09-11,storagesense,sense_164254,164254,1x1,sense_5366527,delisted,12,0.97
2026-09-11,storagesense,sense_164254,164254,3x3,sense_5366661,delisted,14,0.97
2026-09-11,storagesense,sense_164254,164254,6x3,sense_5366657,delisted,39,0.97
2026-09-11,storagesense,sense_164254,164254,10x10,sense_5366165,delisted,139,0.97
2026-09-11,storagesense,sense_164255,164255,10x20,sense_5367688,unpriced,89,0.97
2026-09-11,storagesense,sense_163726,163726,10x20,sense_4647257,listed,100,0.97
2026-09-11,storagesense,sense_163726,163726,10x20,sense_4646813,delisted,113,0.97
2026-09-11,storagesense,sense_163763,163763,20x10,sense_4717026,listed,,0.97
2026-09-11,storagesense,sense_163763,163763,20x10,sense_4716885,delisted,199,0.97
2026-09-11,storagesense,sense_163764,163764,5x5,sense_4685709,listed,16,0.97
2026-09-11,storagesense,sense_163764,163764,15x30,sense_4697036,listed,,0.97
2026-09-11,storagesense,sense_163764,163764,5x5,sense_4688883,delisted,16,0.97
2026-09-11,storagesense,sense_163764,163764,15x30,sense_4996165,delisted,426,0.97
2026-09-11,storagesense,sense_163794,163794,10x20,sense_4727433,listed,88,0.97
2026-09-11,storagesense,sense_163794,163794,10x20,sense_4727533,delisted,,0.97
2026-09-11,storagesense,sense_163796,163796,10x20,sense_4716475,listed,120,0.97
2026-09-11,storagesense,sense_163796,163796,10x20,sense_4716626,delisted,120,0.97
2026-09-11,storagesense,sense_163797,163797,10x15,sense_4724884,listed,53,0.97
2026-09-11,storagesense,sense_163797,163797,10x15,sense_4725419,listed,74,0.97
2026-09-11,storagesense,sense_163797,163797,10x15,sense_4725729,delisted,53,0.97
2026-09-11,storagesense,sense_163797,163797,10x15,sense_4724478,delisted,,0.97
2026-09-11,storagesense,sense_163798,163798,10x15,sense_4725303,listed,119,0.97
2026-09-11,storagesense,sense_163798,163798,10x20,sense_4725759,listed,,0.97
2026-09-11,storagesense,sense_163798,163798,10x15,sense_4724371,delisted,119,0.97
2026-09-11,storagesense,sense_163798,163798,10x20,sense_4725751,delisted,109,0.97
2026-09-11,storagesense,sense_163810,163810,10x30,sense_4711579,listed,,0.97
2026-09-11,storagesense,sense_163810,163810,10x30,sense_4710360,delisted,,0.97
2026-09-11,storagesense,sense_163884,163884,10x10,sense_4621489,listed,64,0.97
2026-09-11,storagesense,sense_163884,163884,10x10,sense_4621449,delisted,72,0.97
2026-09-11,storagesense,sense_163886,163886,5x10,sense_4616020,listed,99,0.97
2026-09-11,storagesense,sense_163886,163886,5x10,sense_4617247,listed,215,0.97
2026-09-11,storagesense,sense_163886,163886,10x30,sense_4616135,listed,499,0.97
2026-09-11,storagesense,sense_163886,163886,5x10,sense_4616036,delisted,99,0.97
2026-09-11,storagesense,sense_163886,163886,10x30,sense_4616243,delisted,499,0.97
2026-09-11,storagesense,sense_163886,163886,5x10,sense_4616872,delisted,,0.97
2026-09-11,storagesense,sense_163937,163937,5x10,sense_4871841,listed,86,0.97
2026-09-11,storagesense,sense_163937,163937,5x10,sense_4871921,delisted,86,0.97
2026-09-11,storagesense,sense_163993,163993,5x5,sense_4924299,listed,27,0.97
2026-09-11,storagesense,sense_163993,163993,10x15,sense_4924056,listed,90,0.97
2026-09-11,storagesense,sense_163993,163993,5x5,sense_4924277,delisted,27,0.97
2026-09-11,storagesense,sense_163993,163993,10x15,sense_4924261,delisted,90,0.97
2026-09-11,storagesense,sense_164023,164023,10x10,sense_4961648,listed,82,0.97
2026-09-11,storagesense,sense_164023,164023,10x10,sense_4961650,delisted,,0.97
2026-09-11,storagesense,sense_164057,164057,5x5,sense_4979792,listed,27,0.97
2026-09-11,storagesense,sense_164057,164057,10x20,sense_4979590,listed,135,0.97
2026-09-11,storagesense,sense_164057,164057,5x5,sense_4979626,delisted,27,0.97
2026-09-11,storagesense,sense_164057,164057,10x20,sense_4979542,delisted,135,0.97
2026-09-11,storagesense,sense_164069,164069,10x20,sense_4984530,listed,235,0.97
2026-09-11,storagesense,sense_164069,164069,10x20,sense_4984513,delisted,235,0.97
2026-09-11,storagesense,sense_164072,164072,10x10,sense_4986998,listed,50,0.97
2026-09-11,storagesense,sense_164072,164072,10x10,sense_4986903,delisted,44,0.97
2026-09-11,storagesense,sense_164085,164085,10x25,sense_4997943,listed,,0.97
2026-09-11,storagesense,sense_164085,164085,10x25,sense_4998051,delisted,,0.97
2026-09-11,storagesense,sense_164100,164100,5x5,sense_5008050,listed,44,0.97
2026-09-11,storagesense,sense_164100,164100,5x10,sense_5007856,listed,69,0.97
2026-09-11,storagesense,sense_164100,164100,10x5,sense_5007679,listed,79,0.97
2026-09-11,storagesense,sense_164100,164100,5x15,sense_5007824,listed,76,0.97
2026-09-11,storagesense,sense_164100,164100,10x10,sense_5007718,listed,114,0.97
2026-09-11,storagesense,sense_164100,164100,10x15,sense_5007672,listed,169,0.97
2026-09-11,storagesense,sense_164100,164100,10x20,sense_5008055,listed,179,0.97
2026-09-11,storagesense,sense_164100,164100,5x5,sense_5007852,delisted,44,0.97
2026-09-11,storagesense,sense_164100,164100,5x10,sense_5007866,delisted,87,0.97
2026-09-11,storagesense,sense_164100,164100,10x5,sense_5007692,delisted,99,0.97
2026-09-11,storagesense,sense_164100,164100,5x15,sense_5007871,delisted,95,0.97
2026-09-11,storagesense,sense_164100,164100,10x10,sense_5007761,delisted,143,0.97
2026-09-11,storagesense,sense_164100,164100,10x20,sense_5008063,delisted,224,0.97
2026-09-11,storagesense,sense_164100,164100,10x15,sense_5007754,delisted,,0.97
2026-09-11,storagesense,sense_164111,164111,10x15,sense_5016471,listed,124,0.97
2026-09-11,storagesense,sense_164111,164111,12x30,sense_5016693,listed,119,0.97
2026-09-11,storagesense,sense_164111,164111,12x30,sense_5017007,listed,59,0.97
2026-09-11,storagesense,sense_164111,164111,10x15,sense_5016445,delisted,155,0.97
2026-09-11,storagesense,sense_164111,164111,12x30,sense_5016686,delisted,149,0.97
2026-09-11,storagesense,sense_164111,164111,12x30,sense_5017001,delisted,74,0.97
2026-09-11,storagesense,sense_164135,164135,5x5,sense_5036455,listed,49,0.97
2026-09-11,storagesense,sense_164135,164135,5x5,sense_5036528,delisted,49,0.97
2026-09-11,storagesense,sense_164187,164187,15x10,sense_5090034,listed,49,0.97
2026-09-11,storagesense,sense_164187,164187,15x10,sense_5090028,delisted,49,0.97
2026-09-11,storagesense,sense_164223,164223,5x5,sense_5187629,listed,65,0.97
2026-09-11,storagesense,sense_164223,164223,5x10,sense_5187562,listed,79,0.97
2026-09-11,storagesense,sense_164223,164223,5x10,sense_5187533,delisted,79,0.97
2026-09-11,storagesense,sense_164223,164223,5x5,sense_5187578,delisted,,0.97
2026-09-11,storagesense,sense_164229,164229,12x35,sense_5221008,listed,,0.97
2026-09-11,storagesense,sense_164247,164247,40x20,sense_5335722,listed,675,0.97
2026-09-11,storagesense,sense_164247,164247,40x20,sense_5335723,delisted,675,0.97
2026-09-11,storagesense,sense_16966,16966,10x20,sense_4620238,listed,102,0.97
2026-09-11,storagesense,sense_16966,16966,10x20,sense_4619858,delisted,102,0.97
2026-09-11,storagesense,sense_16996,16996,10x10,sense_4638161,listed,96,0.97
2026-09-11,storagesense,sense_16996,16996,10x15,sense_4638689,listed,149,0.97
2026-09-11,storagesense,sense_16996,16996,10x10,sense_4638644,delisted,120,0.97
2026-09-11,storagesense,sense_16996,16996,10x15,sense_4638719,delisted,,0.97
2026-09-11,storagesense,sense_16997,16997,10x20,sense_4626568,listed,169,0.97
2026-09-11,storagesense,sense_16997,16997,10x20,sense_4627392,delisted,169,0.97
2026-09-11,storagesense,sense_16998,16998,10x20,sense_4710399,listed,,0.97
2026-09-11,storagesense,sense_16998,16998,10x20,sense_4710480,delisted,99,0.97
2026-09-11,storagesense,sense_17038,17038,5x10,sense_4707239,listed,44,0.97
2026-09-11,storagesense,sense_17038,17038,5x10,sense_4707460,delisted,44,0.97
2026-09-11,storagesense,sense_17057,17057,5x10,sense_4631234,listed,49,0.97
2026-09-11,storagesense,sense_17057,17057,10x10,sense_4928882,listed,74,0.97
2026-09-11,storagesense,sense_17057,17057,5x10,sense_4869958,delisted,49,0.97
2026-09-11,storagesense,sense_17057,17057,10x10,sense_4928942,delisted,83,0.97
2026-09-11,storagesense,sense_17080,17080,10x10,sense_4671206,listed,169,0.97
2026-09-11,storagesense,sense_17080,17080,10x10,sense_4676320,delisted,169,0.97
2026-09-11,storagesense,sense_17088,17088,10x20,sense_4700220,listed,139,0.97
2026-09-11,storagesense,sense_17088,17088,10x20,sense_5030896,delisted,139,0.97
2026-09-11,storagesense,sense_17098,17098,10x10,sense_4721648,listed,139,0.97
2026-09-11,storagesense,sense_17098,17098,10x15,sense_4721924,listed,189,0.97
2026-09-11,storagesense,sense_17098,17098,10x10,sense_4718716,delisted,139,0.97
2026-09-11,storagesense,sense_17098,17098,10x15,sense_4721573,delisted,189,0.97
2026-09-11,storagesense,sense_17123,17123,5x10,sense_4840585,listed,64,0.97
2026-09-11,storagesense,sense_17123,17123,10x20,sense_4840354,listed,174,0.97
2026-09-11,storagesense,sense_17123,17123,5x10,sense_4840600,delisted,,0.97
2026-09-11,storagesense,sense_17123,17123,10x20,sense_4840619,delisted,,0.97
2026-09-11,storagesense,sense_17124,17124,10x15,sense_4716750,listed,135,0.97
2026-09-11,storagesense,sense_17124,17124,10x15,sense_4717656,delisted,120,0.97
2026-09-11,storagesense,sense_17161,17161,10x20,sense_4636915,listed,109,0.97
2026-09-11,storagesense,sense_17161,17161,10x20,sense_4636909,delisted,109,0.97
2026-09-11,storagesense,sense_17172,17172,10x15,sense_4658923,listed,100,0.97
2026-09-11,storagesense,sense_17172,17172,10x15,sense_4659167,delisted,89,0.97
2026-09-11,storagesense,sense_17256,17256,10x10,sense_5370171,listed,129,0.97
2026-09-11,storagesense,sense_17256,17256,8x20,sense_5370173,listed,214,0.97
2026-09-11,storagesense,sense_17256,17256,10x10,sense_4635934,delisted,162,0.97
2026-09-11,storagesense,sense_17256,17256,8x20,sense_4636920,delisted,,0.97
2026-09-11,storagesense,sense_17284,17284,5x10,sense_4649435,listed,53,0.97
2026-09-11,storagesense,sense_17284,17284,10x10,sense_4651153,listed,93,0.97
2026-09-11,storagesense,sense_17284,17284,5x10,sense_4649464,delisted,53,0.97
2026-09-11,storagesense,sense_17284,17284,10x10,sense_4651174,delisted,93,0.97
2026-09-11,storagesense,sense_17359,17359,5x10,sense_4711694,listed,,0.97
2026-09-11,storagesense,sense_17359,17359,10x15,sense_4711659,listed,,0.97
2026-09-11,storagesense,sense_17359,17359,10x15,sense_4711651,delisted,,0.97
2026-09-11,storagesense,sense_17359,17359,5x10,sense_4711676,delisted,,0.97
2026-09-11,storagesense,sense_17392,17392,5x5,sense_4925944,listed,,0.97
2026-09-11,storagesense,sense_17392,17392,5x5,sense_4791440,delisted,55,0.97
2026-09-11,storagesense,sense_17404,17404,10x10,sense_4840808,listed,120,0.97
2026-09-11,storagesense,sense_17404,17404,10x10,sense_4840701,delisted,120,0.97
2026-09-11,storagesense,sense_17405,17405,8x10,sense_4959735,unpriced,96,0.97
2026-09-11,storagesense,sense_17409,17409,5x5,sense_4644328,listed,59,0.97
2026-09-11,storagesense,sense_17409,17409,10x10,sense_4644810,listed,119,0.97
2026-09-11,storagesense,sense_17409,17409,5x5,sense_4644346,delisted,76,0.97
2026-09-11,storagesense,sense_17409,17409,10x10,sense_4645612,delisted,129,0.97
2026-09-11,storagesense,sense_1892,1892,10x10,sense_4687205,listed,173,0.97
2026-09-11,storagesense,sense_1892,1892,10x10,sense_4690141,delisted,173,0.97
2026-09-11,storagesense,sense_1915,1915,5x15,sense_4645550,listed,45,0.97
2026-09-11,storagesense,sense_1915,1915,20x20,sense_4650558,unpriced,226,0.97
2026-09-11,storagesense,sense_1915,1915,5x15,sense_4645559,delisted,45,0.97
2026-09-11,storagesense,sense_1918,1918,10x15,sense_4697264,unpriced,120,0.97
2026-09-11,storagesense,sense_1976,1976,10x20,sense_4717297,listed,187,0.97
2026-09-11,storagesense,sense_1976,1976,10x20,sense_4719348,delisted,187,0.97
2026-09-11,storagesense,sense_1977,1977,10x20,sense_4688155,listed,268,0.97
2026-09-11,storagesense,sense_1977,1977,10x20,sense_4691986,delisted,335,0.97
2026-09-11,storagesense,sense_1983,1983,5x5,sense_4712316,listed,36,0.97
2026-09-11,storagesense,sense_1983,1983,5x5,sense_4712939,delisted,36,0.97
2026-09-11,storagesense,sense_2114,2114,10x15,sense_5083489,repriced_from_unpriced,149,0.97
2026-09-11,storagesense,sense_2114,2114,5x5,sense_4875883,listed,,0.97
2026-09-11,storagesense,sense_2114,2114,10x15,sense_4693747,listed,,0.97
2026-09-11,storagesense,sense_2114,2114,5x5,sense_4875882,delisted,95,0.97
2026-09-11,storagesense,sense_2115,2115,10x10,sense_4691453,repriced_from_unpriced,99,0.97
2026-09-11,storagesense,sense_2115,2115,11x35,sense_4690142,listed,,0.97
2026-09-11,storagesense,sense_2115,2115,11x35,sense_4690068,delisted,289,0.97
2026-09-11,storagesense,sense_2119,2119,10x10,sense_4683643,listed,105,0.97
2026-09-11,storagesense,sense_2119,2119,5x10,sense_4681462,listed,,0.97
2026-09-11,storagesense,sense_2119,2119,5x10,sense_4679637,delisted,78,0.97
2026-09-11,storagesense,sense_2119,2119,10x10,sense_4678907,delisted,,0.97
2026-09-11,storagesense,sense_2121,2121,5x10,sense_4671221,listed,,0.97
2026-09-11,storagesense,sense_2121,2121,10x10,sense_4666108,listed,,0.97
2026-09-11,storagesense,sense_2121,2121,5x10,sense_4670731,delisted,149,0.97
2026-09-11,storagesense,sense_2121,2121,10x10,sense_4666170,delisted,269,0.97
2026-09-11,storagesense,sense_2130,2130,5x5,sense_4689754,listed,37,0.97
2026-09-11,storagesense,sense_2130,2130,5x10,sense_4689721,listed,43,0.97
2026-09-11,storagesense,sense_2130,2130,5x5,sense_4688361,delisted,37,0.97
2026-09-11,storagesense,sense_2130,2130,5x10,sense_4693724,delisted,43,0.97
2026-09-11,storagesense,sense_2136,2136,10x15,sense_4671947,listed,112,0.97
2026-09-11,storagesense,sense_2136,2136,5x10,sense_4676228,listed,96,0.97
2026-09-11,storagesense,sense_2136,2136,10x15,sense_4673954,delisted,112,0.97
2026-09-11,storagesense,sense_2136,2136,5x10,sense_4676252,delisted,69,0.97
2026-09-11,storagesense,sense_2137,2137,10x10,sense_4671602,listed,100,0.97
2026-09-11,storagesense,sense_2137,2137,10x10,sense_4671469,delisted,,0.97
2026-09-11,storagesense,sense_2138,2138,10x10,sense_4679374,listed,109,0.97
2026-09-11,storagesense,sense_2138,2138,10x20,sense_4682239,listed,142,0.97
2026-09-11,storagesense,sense_2138,2138,10x20,sense_4685270,delisted,142,0.97
2026-09-11,storagesense,sense_2138,2138,10x10,sense_4681721,delisted,,0.97
2026-09-11,storagesense,sense_2151,2151,10x15,sense_4700126,listed,169,0.97
2026-09-11,storagesense,sense_2151,2151,10x25,sense_4703716,listed,59,0.97
2026-09-11,storagesense,sense_2151,2151,10x15,sense_4700056,delisted,169,0.97
2026-09-11,storagesense,sense_2151,2151,10x25,sense_4703477,delisted,59,0.97
2026-09-11,storagesense,sense_2152,2152,5x10,sense_4697738,listed,96,0.97
2026-09-11,storagesense,sense_2152,2152,10x10,sense_4700044,listed,149,0.97
2026-09-11,storagesense,sense_2152,2152,10x20,sense_4697246,listed,189,0.97
2026-09-11,storagesense,sense_2152,2152,10x20,sense_4701152,listed,189,0.97
2026-09-11,storagesense,sense_2152,2152,10x25,sense_4696630,listed,209,0.97
2026-09-11,storagesense,sense_2152,2152,10x30,sense_4698173,listed,279,0.97
2026-09-11,storagesense,sense_2152,2152,5x10,sense_4695532,delisted,120,0.97
2026-09-11,storagesense,sense_2152,2152,10x10,sense_4696059,delisted,187,0.97
2026-09-11,storagesense,sense_2152,2152,10x20,sense_4699889,delisted,237,0.97
2026-09-11,storagesense,sense_2152,2152,10x20,sense_4701171,delisted,237,0.97
2026-09-11,storagesense,sense_2152,2152,10x25,sense_4699806,delisted,262,0.97
2026-09-11,storagesense,sense_2152,2152,10x30,sense_4696188,delisted,349,0.97
2026-09-11,storagesense,sense_2165,2165,10x10,sense_4689906,listed,114,0.97
2026-09-11,storagesense,sense_2165,2165,10x10,sense_4690849,delisted,114,0.97
2026-09-11,storagesense,sense_2166,2166,5x5,sense_4716957,listed,40,0.97
2026-09-11,storagesense,sense_2166,2166,5x5,sense_4716323,delisted,40,0.97
2026-09-11,storagesense,sense_2170,2170,5x20,sense_4685896,listed,50,0.97
2026-09-11,storagesense,sense_2170,2170,5x20,sense_4685929,delisted,24,0.97
2026-09-11,storagesense,sense_2230,2230,10x10,sense_4689089,listed,101,0.97
2026-09-11,storagesense,sense_2230,2230,10x10,sense_4690382,delisted,101,0.97
2026-09-11,storagesense,sense_2267,2267,12x20,sense_4793324,listed,129,0.97
2026-09-11,storagesense,sense_2267,2267,12x20,sense_4793320,delisted,129,0.97
2026-09-11,storagesense,sense_2290,2290,10x30,sense_4726392,listed,237,0.97
2026-09-11,storagesense,sense_2290,2290,10x30,sense_4726395,delisted,189,0.97
2026-09-11,storagesense,sense_2306,2306,10x10,sense_4681644,listed,,0.97
2026-09-11,storagesense,sense_2306,2306,10x15,sense_4686587,listed,,0.97
2026-09-11,storagesense,sense_2306,2306,10x10,sense_4686895,delisted,99,0.97
2026-09-11,storagesense,sense_2306,2306,10x15,sense_4686524,delisted,109,0.97
2026-09-11,storagesense,sense_2307,2307,10x10,sense_4651718,listed,116,0.97
2026-09-11,storagesense,sense_2307,2307,10x10,sense_4651742,delisted,116,0.97
2026-09-11,storagesense,sense_2315,2315,10x15,sense_4613786,listed,129,0.97
2026-09-11,storagesense,sense_2315,2315,10x15,sense_4611946,delisted,129,0.97
2026-09-11,storagesense,sense_2322,2322,5x5,sense_5031008,listed,110,0.97
2026-09-11,storagesense,sense_2322,2322,5x10,sense_5031025,listed,124,0.97
2026-09-11,storagesense,sense_2322,2322,5x5,sense_5031047,delisted,,0.97
2026-09-11,storagesense,sense_2322,2322,5x10,sense_5031042,delisted,,0.97
2026-09-11,storagesense,sense_2325,2325,5x10,sense_4672743,listed,60,0.97
2026-09-11,storagesense,sense_2325,2325,10x10,sense_4670283,listed,108,0.97
2026-09-11,storagesense,sense_2325,2325,5x10,sense_4668699,delisted,60,0.97
2026-09-11,storagesense,sense_2325,2325,10x10,sense_4668997,delisted,108,0.97
2026-09-11,storagesense,sense_2326,2326,10x25,sense_4617180,listed,169,0.97
2026-09-11,storagesense,sense_2326,2326,10x25,sense_4619750,delisted,169,0.97
2026-09-11,storagesense,sense_2336,2336,10x15,sense_4688269,listed,170,0.97
2026-09-11,storagesense,sense_2336,2336,10x10,sense_4692722,listed,,0.97
2026-09-11,storagesense,sense_2336,2336,10x10,sense_4688334,listed,,0.97
2026-09-11,storagesense,sense_2336,2336,10x20,sense_4694768,listed,,0.97
2026-09-11,storagesense,sense_2336,2336,15x15,sense_4689728,unpriced,372,0.97
2026-09-11,storagesense,sense_2336,2336,10x10,sense_4694070,delisted,117,0.97
2026-09-11,storagesense,sense_2336,2336,10x10,sense_4692041,delisted,147,0.97
2026-09-11,storagesense,sense_2336,2336,10x15,sense_4692786,delisted,170,0.97
2026-09-11,storagesense,sense_2336,2336,10x20,sense_4688915,delisted,259,0.97
2026-09-11,storagesense,sense_2340,2340,10x20,sense_4705580,listed,127,0.97
2026-09-11,storagesense,sense_2340,2340,10x20,sense_4701771,delisted,127,0.97
2026-09-11,storagesense,sense_2341,2341,10x15,sense_4618497,listed,189,0.97
2026-09-11,storagesense,sense_2341,2341,10x15,sense_4624199,delisted,189,0.97
2026-09-11,storagesense,sense_2355,2355,10x20,sense_4617717,listed,,0.97
2026-09-11,storagesense,sense_2355,2355,10x20,sense_4617664,delisted,219,0.97
2026-09-11,storagesense,sense_2356,2356,5x15,sense_4623384,listed,99,0.97
2026-09-11,storagesense,sense_2356,2356,10x10,sense_4622467,listed,119,0.97
2026-09-11,storagesense,sense_2356,2356,5x15,sense_4623339,delisted,,0.97
2026-09-11,storagesense,sense_2356,2356,10x10,sense_4621565,delisted,,0.97
2026-09-11,storagesense,sense_2357,2357,5x10,sense_4627719,listed,29,0.97
2026-09-11,storagesense,sense_2357,2357,5x10,sense_4628663,delisted,29,0.97
2026-09-11,storagesense,sense_2358,2358,10x10,sense_4618983,listed,124,0.97
2026-09-11,storagesense,sense_2358,2358,10x10,sense_4618750,delisted,79,0.97
2026-09-11,storagesense,sense_2384,2384,10x10,sense_4638231,listed,86,0.97
2026-09-11,storagesense,sense_2384,2384,10x15,sense_4994519,listed,,0.97
2026-09-11,storagesense,sense_2384,2384,10x15,sense_4987739,delisted,94,0.97
2026-09-11,storagesense,sense_2384,2384,10x10,sense_4636832,delisted,,0.97
2026-09-11,storagesense,sense_2385,2385,8x10,sense_4632026,listed,62,0.97
2026-09-11,storagesense,sense_2385,2385,8x10,sense_4632051,delisted,62,0.97
2026-09-11,storagesense,sense_2386,2386,5x15,sense_4620543,listed,,0.97
2026-09-11,storagesense,sense_2386,2386,5x15,sense_4620319,delisted,99,0.97
2026-09-11,storagesense,sense_2388,2388,10x10,sense_4633617,listed,79,0.97
2026-09-11,storagesense,sense_2388,2388,10x10,sense_4633579,delisted,89,0.97
2026-09-11,storagesense,sense_2389,2389,10x10,sense_4621144,listed,80,0.97
2026-09-11,storagesense,sense_2389,2389,10x10,sense_5028861,delisted,,0.97
2026-09-11,storagesense,sense_2390,2390,10x15,sense_4634859,listed,86,0.97
2026-09-11,storagesense,sense_2390,2390,10x15,sense_4633060,delisted,86,0.97
2026-09-11,storagesense,sense_2391,2391,5x5,sense_4636318,repriced_from_unpriced,31,0.97
2026-09-11,storagesense,sense_2391,2391,10x40,sense_4636345,listed,,0.97
2026-09-11,storagesense,sense_2391,2391,10x40,sense_4637044,delisted,201,0.97
2026-09-11,storagesense,sense_2393,2393,10x10,sense_4629533,listed,71,0.97
2026-09-11,storagesense,sense_2393,2393,10x10,sense_4629513,listed,71,0.97
2026-09-11,storagesense,sense_2393,2393,10x20,sense_4627871,listed,96,0.97
2026-09-11,storagesense,sense_2393,2393,10x10,sense_4628961,delisted,80,0.97
2026-09-11,storagesense,sense_2393,2393,10x10,sense_4627684,delisted,80,0.97
2026-09-11,storagesense,sense_2393,2393,10x20,sense_4627372,delisted,96,0.97
2026-09-11,storagesense,sense_2397,2397,10x50,sense_4625125,listed,74,0.97
2026-09-11,storagesense,sense_2397,2397,10x30,sense_4626564,listed,34,0.97
2026-09-11,storagesense,sense_2397,2397,10x50,sense_4625135,delisted,74,0.97
2026-09-11,storagesense,sense_2397,2397,10x30,sense_4626596,delisted,,0.97
2026-09-11,storagesense,sense_2403,2403,5x10,sense_4654268,listed,49,0.97
2026-09-11,storagesense,sense_2403,2403,10x22,sense_5011916,repriced_from_unpriced,90,0.97
2026-09-11,storagesense,sense_2403,2403,10x15,sense_4652993,listed,,0.97
2026-09-11,storagesense,sense_2403,2403,5x10,sense_4654286,delisted,49,0.97
2026-09-11,storagesense,sense_2403,2403,10x15,sense_4999208,delisted,149,0.97
2026-09-11,storagesense,sense_2417,2417,8x10,sense_4653947,listed,35,0.97
2026-09-11,storagesense,sense_2417,2417,8x10,sense_4653814,delisted,35,0.97
2026-09-11,storagesense,sense_2420,2420,8x15,sense_4652191,listed,99,0.97
2026-09-11,storagesense,sense_2420,2420,5x4,sense_4653817,listed,,0.97
2026-09-11,storagesense,sense_2420,2420,5x4,sense_4652349,delisted,20,0.97
2026-09-11,storagesense,sense_2420,2420,8x15,sense_4653493,delisted,99,0.97
2026-09-11,storagesense,sense_2457,2457,10x20,sense_4708093,listed,179,0.97
2026-09-11,storagesense,sense_2457,2457,11x25,sense_4710910,listed,99,0.97
2026-09-11,storagesense,sense_2457,2457,10x10,sense_4712171,listed,,0.97
2026-09-11,storagesense,sense_2457,2457,10x10,sense_4712051,delisted,134,0.97
2026-09-11,storagesense,sense_2457,2457,10x20,sense_4708090,delisted,179,0.97
2026-09-11,storagesense,sense_2457,2457,11x25,sense_4710891,delisted,99,0.97
2026-09-11,storagesense,sense_2506,2506,5x10,sense_4704917,listed,49,0.97
2026-09-11,storagesense,sense_2506,2506,10x5,sense_4700406,listed,49,0.97
2026-09-11,storagesense,sense_2506,2506,10x10,sense_4702454,listed,69,0.97
2026-09-11,storagesense,sense_2506,2506,10x10,sense_4700377,listed,109,0.97
2026-09-11,storagesense,sense_2506,2506,10x5,sense_4700433,delisted,49,0.97
2026-09-11,storagesense,sense_2506,2506,10x10,sense_4702673,delisted,69,0.97
2026-09-11,storagesense,sense_2506,2506,5x10,sense_4701949,delisted,,0.97
2026-09-11,storagesense,sense_2506,2506,10x10,sense_4700159,delisted,,0.97
2026-09-11,storagesense,sense_2507,2507,5x5,sense_5102153,listed,59,0.97
2026-09-11,storagesense,sense_2507,2507,10x10,sense_5102180,listed,129,0.97
2026-09-11,storagesense,sense_2507,2507,5x10,sense_5236975,listed,,0.97
2026-09-11,storagesense,sense_2507,2507,5x5,sense_5102145,delisted,59,0.97
2026-09-11,storagesense,sense_2507,2507,5x10,sense_5221612,delisted,66,0.97
2026-09-11,storagesense,sense_2507,2507,10x10,sense_5102186,delisted,129,0.97
2026-09-11,storagesense,sense_2513,2513,10x15,sense_4720892,listed,,0.97
2026-09-11,storagesense,sense_2513,2513,10x15,sense_4719347,delisted,156,0.97
2026-09-11,storagesense,sense_2519,2519,10x10,sense_4792300,listed,121,0.97
2026-09-11,storagesense,sense_2519,2519,10x10,sense_4792251,delisted,121,0.97
2026-09-11,storagesense,sense_2556,2556,10x10,sense_4721991,listed,36,0.97
2026-09-11,storagesense,sense_2556,2556,5x20,sense_4721854,listed,59,0.97
2026-09-11,storagesense,sense_2556,2556,5x5,sense_4722077,listed,,0.97
2026-09-11,storagesense,sense_2556,2556,5x5,sense_4722072,delisted,29,0.97
2026-09-11,storagesense,sense_2556,2556,10x10,sense_4722139,delisted,36,0.97
2026-09-11,storagesense,sense_2556,2556,5x20,sense_4722244,delisted,59,0.97
2026-09-11,storagesense,sense_2566,2566,10x10,sense_4672593,listed,54,0.97
2026-09-11,storagesense,sense_2566,2566,15x30,sense_4674287,repriced_from_unpriced,64,0.97
2026-09-11,storagesense,sense_2566,2566,10x10,sense_4672611,delisted,54,0.97
2026-09-11,storagesense,sense_2592,2592,5x5,sense_4681528,listed,52,0.97
2026-09-11,storagesense,sense_2592,2592,5x5,sense_4681279,delisted,52,0.97
2026-09-11,storagesense,sense_2596,2596,10x10,sense_4640436,listed,99,0.97
2026-09-11,storagesense,sense_2596,2596,10x10,sense_4640444,delisted,99,0.97
2026-09-11,storagesense,sense_2598,2598,12x40,sense_4637933,listed,220,0.97
2026-09-11,storagesense,sense_2598,2598,12x40,sense_4638182,delisted,220,0.97
2026-09-11,storagesense,sense_2599,2599,10x10,sense_4656040,listed,109,0.97
2026-09-11,storagesense,sense_2599,2599,10x10,sense_4654602,delisted,109,0.97
2026-09-11,storagesense,sense_2616,2616,5x5,sense_4662740,listed,49,0.97
2026-09-11,storagesense,sense_2616,2616,5x10,sense_4663245,listed,76,0.97
2026-09-11,storagesense,sense_2616,2616,5x10,sense_4675522,listed,94,0.97
2026-09-11,storagesense,sense_2616,2616,10x15,sense_4670959,listed,199,0.97
2026-09-11,storagesense,sense_2616,2616,5x5,sense_4662766,delisted,49,0.97
2026-09-11,storagesense,sense_2616,2616,5x10,sense_4668107,delisted,76,0.97
2026-09-11,storagesense,sense_2616,2616,5x10,sense_4662486,delisted,94,0.97
2026-09-11,storagesense,sense_2616,2616,10x15,sense_4674954,delisted,199,0.97
2026-09-11,storagesense,sense_2665,2665,10x10,sense_4665512,listed,249,0.97
2026-09-11,storagesense,sense_2665,2665,10x10,sense_4664661,delisted,249,0.97
2026-09-11,storagesense,sense_2668,2668,12x25,sense_4676902,listed,127,0.97
2026-09-11,storagesense,sense_2668,2668,12x25,sense_4676334,delisted,,0.97
2026-09-11,storagesense,sense_2669,2669,5x10,sense_4640780,listed,148,0.97
2026-09-11,storagesense,sense_2669,2669,10x20,sense_4640903,listed,226,0.97
2026-09-11,storagesense,sense_2669,2669,5x10,sense_4640627,delisted,133,0.97
2026-09-11,storagesense,sense_2669,2669,10x20,sense_5116902,delisted,201,0.97
2026-09-11,storagesense,sense_2678,2678,7x12,sense_4656507,listed,74,0.97
2026-09-11,storagesense,sense_2678,2678,12x12,sense_4653229,listed,139,0.97
2026-09-11,storagesense,sense_2678,2678,7x12,sense_4653431,delisted,74,0.97
2026-09-11,storagesense,sense_2678,2678,12x12,sense_4656618,delisted,,0.97
2026-09-11,storagesense,sense_2680,2680,10x15,sense_4658630,listed,172,0.97
2026-09-11,storagesense,sense_2680,2680,10x20,sense_4659838,listed,253,0.97
2026-09-11,storagesense,sense_2680,2680,10x15,sense_4657150,delisted,172,0.97
2026-09-11,storagesense,sense_2680,2680,10x20,sense_4659676,delisted,,0.97
2026-09-11,storagesense,sense_2690,2690,10x10,sense_5142527,listed,,0.97
2026-09-11,storagesense,sense_2690,2690,10x10,sense_4676686,delisted,70,0.97
2026-09-11,storagesense,sense_2690,2690,10x20,sense_5142535,delisted,74,0.97
2026-09-11,storagesense,sense_2698,2698,10x10,sense_4699240,listed,124,0.97
2026-09-11,storagesense,sense_2698,2698,10x20,sense_4697535,listed,167,0.97
2026-09-11,storagesense,sense_2698,2698,10x10,sense_5188323,delisted,99,0.97
2026-09-11,storagesense,sense_2698,2698,10x20,sense_5250661,delisted,167,0.97
2026-09-11,storagesense,sense_2751,2751,15x10,sense_4692411,listed,155,0.97
2026-09-11,storagesense,sense_2751,2751,5x10,sense_4694009,listed,,0.97
2026-09-11,storagesense,sense_2751,2751,5x10,sense_4693285,delisted,47,0.97
2026-09-11,storagesense,sense_2751,2751,15x10,sense_4692435,delisted,,0.97
2026-09-11,storagesense,sense_2789,2789,10x10,sense_4837517,listed,89,0.97
2026-09-11,storagesense,sense_2789,2789,10x30,sense_4837375,listed,,0.97
2026-09-11,storagesense,sense_2789,2789,10x10,sense_4837528,delisted,89,0.97
2026-09-11,storagesense,sense_2789,2789,10x30,sense_4837365,delisted,156,0.97
2026-09-11,storagesense,sense_2813,2813,10x10,sense_4715726,listed,106,0.97
2026-09-11,storagesense,sense_2813,2813,10x30,sense_4718832,listed,169,0.97
2026-09-11,storagesense,sense_2813,2813,10x10,sense_4715758,delisted,,0.97
2026-09-11,storagesense,sense_2813,2813,10x30,sense_4718839,delisted,,0.97
2026-09-11,storagesense,sense_2818,2818,5x10,sense_4614498,listed,29,0.97
2026-09-11,storagesense,sense_2818,2818,5x10,sense_4614515,delisted,29,0.97
2026-09-11,storagesense,sense_2819,2819,5x10,sense_4610284,listed,16,0.97
2026-09-11,storagesense,sense_2819,2819,5x10,sense_4610293,delisted,16,0.97
2026-09-11,storagesense,sense_820,820,10x30,sense_4688343,listed,199,0.97
2026-09-11,storagesense,sense_820,820,10x30,sense_4688173,delisted,199,0.97
2026-09-11,storagesense,sense_825,825,10x15,sense_4619380,listed,112,0.97
2026-09-11,storagesense,sense_825,825,10x15,sense_4622839,delisted,,0.97
2026-09-11,storagesense,sense_831,831,5x10,sense_4637362,listed,44,0.97
2026-09-11,storagesense,sense_831,831,5x10,sense_4637414,delisted,44,0.97
2026-09-11,storagesense,sense_838,838,10x40,sense_4646692,listed,119,0.97
2026-09-11,storagesense,sense_838,838,10x40,sense_4646763,delisted,,0.97
2026-09-11,storagesense,sense_844,844,10x25,sense_4621196,listed,60,0.97
2026-09-11,storagesense,sense_844,844,10x25,sense_4620946,delisted,60,0.97
2026-09-11,storagesense,sense_847,847,5x15,sense_4687010,listed,110,0.97
2026-09-11,storagesense,sense_847,847,5x15,sense_4692279,delisted,110,0.97
2026-09-11,storagesense,sense_851,851,11x18,sense_4650732,listed,99,0.97
2026-09-11,storagesense,sense_851,851,10x30,sense_4645158,listed,299,0.97
2026-09-11,storagesense,sense_851,851,10x30,sense_4645043,delisted,299,0.97
2026-09-11,storagesense,sense_851,851,11x18,sense_4650743,delisted,,0.97
2026-09-11,storagesense,sense_856,856,10x10,sense_4680447,listed,,0.97
2026-09-11,storagesense,sense_856,856,10x10,sense_4677897,delisted,42,0.97
2026-09-11,storagesense,sense_861,861,10x20,sense_4629518,listed,61,0.97
2026-09-11,storagesense,sense_861,861,10x20,sense_4629176,listed,178,0.97
2026-09-11,storagesense,sense_861,861,10x20,sense_4629604,delisted,61,0.97
2026-09-11,storagesense,sense_861,861,10x20,sense_5026561,delisted,178,0.97
2026-09-11,storagesense,sense_862,862,10x5,sense_4648089,listed,33,0.97
2026-09-11,storagesense,sense_862,862,10x15,sense_4647786,listed,95,0.97
2026-09-11,storagesense,sense_862,862,10x20,sense_4650723,listed,30,0.97
2026-09-11,storagesense,sense_862,862,10x5,sense_4648130,delisted,33,0.97
2026-09-11,storagesense,sense_862,862,8x7,sense_4648061,delisted,45,0.97
2026-09-11,storagesense,sense_862,862,10x15,sense_4647443,delisted,95,0.97
2026-09-11,storagesense,sense_862,862,10x20,sense_4650742,delisted,,0.97
2026-09-11,storagesense,sense_864,864,10x10,sense_4679675,listed,,0.97
2026-09-11,storagesense,sense_864,864,10x10,sense_4676855,delisted,99,0.97
2026-09-11,storagesense,sense_866,866,5x5,sense_4646560,listed,32,0.97
2026-09-11,storagesense,sense_866,866,5x5,sense_4647314,delisted,32,0.97
2026-09-11,storagesense,sense_872,872,5x10,sense_4645529,listed,45,0.97
2026-09-11,storagesense,sense_872,872,7x10,sense_4644780,listed,70,0.97
2026-09-11,storagesense,sense_872,872,10x30,sense_4641268,listed,234,0.97
2026-09-11,storagesense,sense_872,872,7x10,sense_4645096,delisted,56,0.97
2026-09-11,storagesense,sense_872,872,10x30,sense_4645746,delisted,293,0.97
2026-09-11,storagesense,sense_872,872,5x10,sense_4642046,delisted,,0.97
2026-09-11,storagesense,sense_912,912,10x25,sense_4705548,listed,99,0.97
2026-09-11,storagesense,sense_912,912,12x45,sense_4703995,listed,,0.97
2026-09-11,storagesense,sense_912,912,12x45,sense_4704040,delisted,154,0.97
2026-09-11,storagesense,sense_912,912,10x25,sense_4705504,delisted,99,0.97
2026-09-11,storagesense,sense_914,914,5x10,sense_4646807,listed,34,0.97
2026-09-11,storagesense,sense_914,914,10x15,sense_4649745,listed,49,0.97
2026-09-11,storagesense,sense_914,914,5x10,sense_4650193,delisted,,0.97
2026-09-11,storagesense,sense_914,914,10x15,sense_4649979,delisted,,0.97
2026-09-11,storagesense,sense_992,992,5x10,sense_4722360,listed,109,0.97
2026-09-11,storagesense,sense_992,992,10x30,sense_4721990,listed,200,0.97
2026-09-11,storagesense,sense_992,992,10x48,sense_4723709,repriced_from_unpriced,82,0.97
2026-09-11,storagesense,sense_992,992,5x10,sense_4722348,delisted,109,0.97
2026-09-11,storagesense,sense_992,992,10x30,sense_4723956,delisted,,0.97
2026-09-11,storagesense,sense_1010,1010,10x10,sense_5250280,listed,80,0.97
2026-09-11,storagesense,sense_1010,1010,10x20,sense_4716768,listed,119,0.97
2026-09-11,storagesense,sense_1010,1010,10x20,sense_4717392,delisted,119,0.97
2026-09-11,storagesense,sense_1010,1010,10x10,sense_4715261,delisted,,0.97
2026-09-11,storagesense,sense_1029,1029,10x20,sense_4663247,listed,154,0.97
2026-09-11,storagesense,sense_1029,1029,10x20,sense_4656770,listed,159,0.97
2026-09-11,storagesense,sense_1029,1029,10x20,sense_4659197,delisted,,0.97
2026-09-11,storagesense,sense_1029,1029,10x20,sense_4656842,delisted,,0.97
2026-09-11,storagesense,sense_1049,1049,5x10,sense_4690545,listed,54,0.97
2026-09-11,storagesense,sense_1049,1049,5x10,sense_4690096,delisted,54,0.97
2026-09-11,storagesense,sense_1050,1050,5x5,sense_4631047,listed,50,0.97
2026-09-11,storagesense,sense_1050,1050,10x15,sense_4628549,listed,205,0.97
2026-09-11,storagesense,sense_1050,1050,10x30,sense_4633051,listed,77,0.97
2026-09-11,storagesense,sense_1050,1050,5x5,sense_4631024,delisted,50,0.97
2026-09-11,storagesense,sense_1050,1050,10x15,sense_4630094,delisted,131,0.97
2026-09-11,storagesense,sense_1050,1050,10x30,sense_4917550,delisted,77,0.97
2026-09-11,storagesense,sense_1051,1051,10x20,sense_4663584,repriced_from_unpriced,100,0.97
2026-09-11,storagesense,sense_1051,1051,10x15,sense_4665853,listed,,0.97
2026-09-11,storagesense,sense_1051,1051,10x20,sense_4664827,listed,,0.97
2026-09-11,storagesense,sense_1051,1051,10x15,sense_4662724,delisted,84,0.97
2026-09-11,storagesense,sense_1051,1051,10x20,sense_4663370,delisted,100,0.97
2026-09-11,storagesense,sense_1057,1057,10x10,sense_4706039,listed,70,0.97
2026-09-11,storagesense,sense_1057,1057,10x10,sense_4705919,delisted,70,0.97
2026-09-11,storagesense,sense_1077,1077,5x10,sense_4628728,listed,47,0.97
2026-09-11,storagesense,sense_1077,1077,10x15,sense_4622929,listed,101,0.97
2026-09-11,storagesense,sense_1077,1077,5x10,sense_4625365,delisted,47,0.97
2026-09-11,storagesense,sense_1077,1077,10x15,sense_4623548,delisted,101,0.97
2026-09-11,storagesense,sense_1089,1089,10x10,sense_4997859,listed,55,0.97
2026-09-11,storagesense,sense_1089,1089,10x20,sense_4670459,listed,,0.97
2026-09-11,storagesense,sense_1089,1089,10x10,sense_4667716,delisted,55,0.97
2026-09-11,storagesense,sense_1089,1089,10x20,sense_4668802,delisted,111,0.97
2026-09-11,storagesense,sense_1090,1090,10x10,sense_4691376,listed,,0.97
2026-09-11,storagesense,sense_1090,1090,10x10,sense_4692633,delisted,88,0.97
2026-09-11,storagesense,sense_1117,1117,5x10,sense_4676809,listed,81,0.97
2026-09-11,storagesense,sense_1117,1117,10x10,sense_5370161,listed,114,0.97
2026-09-11,storagesense,sense_1117,1117,5x10,sense_4679377,delisted,81,0.97
2026-09-11,storagesense,sense_1117,1117,10x10,sense_4676967,delisted,114,0.97
2026-09-11,storagesense,sense_1118,1118,10x25,sense_5370414,listed,199,0.97
2026-09-11,storagesense,sense_1118,1118,10x15,sense_4637168,listed,,0.97
2026-09-11,storagesense,sense_1118,1118,10x15,sense_5329746,delisted,109,0.97
2026-09-11,storagesense,sense_1118,1118,10x25,sense_4867183,delisted,249,0.97
2026-09-11,storagesense,sense_1119,1119,10x10,sense_4696830,listed,48,0.97
2026-09-11,storagesense,sense_1119,1119,5x15,sense_4695283,listed,,0.97
2026-09-11,storagesense,sense_1119,1119,10x10,sense_4983038,listed,,0.97
2026-09-11,storagesense,sense_1119,1119,5x15,sense_4934255,delisted,54,0.97
2026-09-11,storagesense,sense_1119,1119,10x10,sense_4693681,delisted,72,0.97
2026-09-11,storagesense,sense_1119,1119,10x10,sense_4930047,delisted,,0.97
2026-09-11,storagesense,sense_1120,1120,10x30,sense_4676731,listed,394,0.97
2026-09-11,storagesense,sense_1120,1120,10x20,sense_4668257,listed,120,0.97
2026-09-11,storagesense,sense_1120,1120,10x30,sense_4676792,delisted,189,0.97
2026-09-11,storagesense,sense_1120,1120,10x20,sense_4668415,delisted,,0.97
2026-09-11,storagesense,sense_1245,1245,5x10,sense_4716423,repriced_from_unpriced,69,0.97
2026-09-11,storagesense,sense_1245,1245,5x10,sense_4716289,listed,108,0.97
2026-09-11,storagesense,sense_1245,1245,10x15,sense_4719431,listed,128,0.97
2026-09-11,storagesense,sense_1245,1245,5x10,sense_4716306,delisted,69,0.97
2026-09-11,storagesense,sense_1245,1245,10x15,sense_4719480,delisted,114,0.97
2026-09-11,storagesense,sense_1247,1247,10x10,sense_4722887,listed,122,0.97
2026-09-11,storagesense,sense_1247,1247,10x15,sense_4722666,listed,,0.97
2026-09-11,storagesense,sense_1247,1247,10x10,sense_4724061,delisted,122,0.97
2026-09-11,storagesense,sense_1247,1247,10x15,sense_4722985,delisted,151,0.97
2026-09-11,storagesense,sense_1291,1291,10x25,sense_4617313,listed,114,0.97
2026-09-11,storagesense,sense_1291,1291,10x25,sense_4617367,delisted,,0.97
2026-09-11,storagesense,sense_1305,1305,5x10,sense_4616442,listed,24,0.97
2026-09-11,storagesense,sense_1305,1305,10x20,sense_4613860,listed,90,0.97
2026-09-11,storagesense,sense_1305,1305,5x10,sense_4616173,delisted,24,0.97
2026-09-11,storagesense,sense_1305,1305,10x20,sense_4613083,delisted,90,0.97
2026-09-11,storagesense,sense_1307,1307,10x15,sense_4918574,listed,99,0.97
2026-09-11,storagesense,sense_1307,1307,10x10,sense_4617982,listed,,0.97
2026-09-11,storagesense,sense_1307,1307,10x10,sense_5357699,delisted,84,0.97
2026-09-11,storagesense,sense_1307,1307,10x15,sense_5227728,delisted,99,0.97
2026-09-11,storagesense,sense_1337,1337,10x20,sense_4631277,listed,163,0.97
2026-09-11,storagesense,sense_1337,1337,10x20,sense_4632501,delisted,163,0.97
2026-09-11,storagesense,sense_1369,1369,5x5,sense_4695939,listed,45,0.97
2026-09-11,storagesense,sense_1369,1369,5x10,sense_4691549,listed,59,0.97
2026-09-11,storagesense,sense_1369,1369,5x5,sense_4695911,delisted,45,0.97
2026-09-11,storagesense,sense_1369,1369,5x10,sense_4698107,delisted,,0.97
2026-09-11,storagesense,sense_1375,1375,5x5,sense_4934180,listed,34,0.97
2026-09-11,storagesense,sense_1375,1375,10x15,sense_4647686,listed,81,0.97
2026-09-11,storagesense,sense_1375,1375,13x15,sense_4650533,listed,165,0.97
2026-09-11,storagesense,sense_1375,1375,30x10,sense_4649942,listed,,0.97
2026-09-11,storagesense,sense_1375,1375,5x5,sense_5347713,delisted,34,0.97
2026-09-11,storagesense,sense_1375,1375,10x15,sense_4647738,delisted,72,0.97
2026-09-11,storagesense,sense_1375,1375,13x15,sense_5085568,delisted,79,0.97
2026-09-11,storagesense,sense_1375,1375,30x10,sense_4934183,delisted,139,0.97
2026-09-11,storagesense,sense_1387,1387,5x5,sense_4638507,listed,30,0.97
2026-09-11,storagesense,sense_1387,1387,5x10,sense_4639970,listed,45,0.97
2026-09-11,storagesense,sense_1387,1387,10x15,sense_4639484,listed,,0.97
2026-09-11,storagesense,sense_1387,1387,5x10,sense_4639125,delisted,45,0.97
2026-09-11,storagesense,sense_1387,1387,10x15,sense_4639523,delisted,100,0.97
2026-09-11,storagesense,sense_1387,1387,5x5,sense_4639228,delisted,,0.97
2026-09-11,storagesense,sense_1429,1429,10x10,sense_4640354,listed,179,0.97
2026-09-11,storagesense,sense_1429,1429,10x17,sense_4639538,listed,,0.97
2026-09-11,storagesense,sense_1429,1429,10x17,sense_4639532,delisted,289,0.97
2026-09-11,storagesense,sense_1429,1429,10x10,sense_5025274,delisted,,0.97
2026-09-11,storagesense,sense_1465,1465,10x20,sense_5355481,listed,,0.97
2026-09-11,storagesense,sense_1465,1465,10x20,sense_4709136,delisted,109,0.97
2026-09-11,storagesense,sense_1557,1557,5x10,sense_4664802,listed,43,0.97
2026-09-11,storagesense,sense_1557,1557,5x10,sense_4892899,repriced_from_unpriced,43,0.97
2026-09-11,storagesense,sense_1557,1557,10x30,sense_4669814,listed,123,0.97
2026-09-11,storagesense,sense_1557,1557,12x40,sense_4934510,listed,80,0.97
2026-09-11,storagesense,sense_1557,1557,10x30,sense_4669638,delisted,138,0.97
2026-09-11,storagesense,sense_1557,1557,12x40,sense_4667450,delisted,80,0.97
2026-09-11,storagesense,sense_1557,1557,5x10,sense_4669432,delisted,,0.97
2026-09-11,storagesense,sense_163706,163706,5x5,sense_4975413,repriced_from_unpriced,30,0.97
2026-09-11,storagesense,sense_163706,163706,10x20,sense_4880427,listed,99,0.97
2026-09-11,storagesense,sense_163706,163706,10x30,sense_4896025,listed,165,0.97
2026-09-11,storagesense,sense_163706,163706,10x30,sense_4706166,delisted,165,0.97
2026-09-11,storagesense,sense_163706,163706,10x20,sense_4707834,delisted,,0.97
2026-09-11,storagesense,sense_163709,163709,10x10,sense_4660761,listed,49,0.97
2026-09-11,storagesense,sense_163709,163709,10x10,sense_4660723,delisted,49,0.97
2026-09-11,storagesense,sense_163714,163714,10x15,sense_4661966,listed,119,0.97
2026-09-11,storagesense,sense_163714,163714,10x20,sense_4662427,unpriced,139,0.97
2026-09-11,storagesense,sense_163714,163714,10x15,sense_4662014,delisted,,0.97
2026-09-11,storagesense,sense_163719,163719,5x5,sense_4657049,listed,44,0.97
2026-09-11,storagesense,sense_163719,163719,10x20,sense_5235274,listed,149,0.97
2026-09-11,storagesense,sense_163719,163719,10x20,sense_5235266,listed,,0.97
2026-09-11,storagesense,sense_163719,163719,5x5,sense_4657176,delisted,92,0.97
2026-09-11,storagesense,sense_163719,163719,10x20,sense_5235268,delisted,149,0.97
2026-09-11,storagesense,sense_163719,163719,10x20,sense_5235264,delisted,174,0.97
2026-09-11,storagesense,sense_163756,163756,10x20,sense_4695198,listed,129,0.97
2026-09-11,storagesense,sense_163756,163756,10x20,sense_4695736,delisted,129,0.97
2026-09-11,storagesense,sense_163759,163759,10x10,sense_4668911,listed,84,0.97
2026-09-11,storagesense,sense_163759,163759,10x10,sense_4669101,delisted,84,0.97
2026-09-12,storagesense,sense_164255,164255,10x5,sense_5367032,listed,79,0.97
2026-09-12,storagesense,sense_164255,164255,10x5,sense_5367030,delisted,79,0.97
2026-09-12,storagesense,sense_163726,163726,10x30,sense_4918016,listed,149,0.97
2026-09-12,storagesense,sense_163726,163726,10x20,sense_4645371,listed,,0.97
2026-09-12,storagesense,sense_163726,163726,10x20,sense_4645543,delisted,121,0.97
2026-09-12,storagesense,sense_163726,163726,10x30,sense_4918015,delisted,,0.97
2026-09-12,storagesense,sense_163764,163764,10x10,sense_4689641,listed,75,0.97
2026-09-12,storagesense,sense_163764,163764,10x20,sense_4687031,listed,166,0.97
2026-09-12,storagesense,sense_163764,163764,10x20,sense_4683883,listed,172,0.97
2026-09-12,storagesense,sense_163764,163764,15x30,sense_4996165,listed,426,0.97
2026-09-12,storagesense,sense_163764,163764,10x10,sense_4689291,delisted,75,0.97
2026-09-12,storagesense,sense_163764,163764,10x20,sense_4687061,delisted,166,0.97
2026-09-12,storagesense,sense_163764,163764,10x20,sense_4683773,delisted,,0.97
2026-09-12,storagesense,sense_163764,163764,15x30,sense_4697036,delisted,,0.97
2026-09-12,storagesense,sense_163796,163796,10x20,sense_4716383,listed,250,0.97
2026-09-12,storagesense,sense_163796,163796,10x20,sense_4716475,delisted,120,0.97
2026-09-12,storagesense,sense_163798,163798,5x10,sense_4724442,listed,,0.97
2026-09-12,storagesense,sense_163798,163798,5x10,sense_4725539,delisted,59,0.97
2026-09-12,storagesense,sense_163810,163810,10x10,sense_5372999,listed,,0.97
2026-09-12,storagesense,sense_163810,163810,10x10,sense_4872687,listed,,0.97
2026-09-12,storagesense,sense_163810,163810,10x15,sense_4996998,listed,,0.97
2026-09-12,storagesense,sense_163810,163810,10x20,sense_4997018,listed,,0.97
2026-09-12,storagesense,sense_163810,163810,10x20,sense_4997021,delisted,,0.97
2026-09-12,storagesense,sense_163810,163810,5x10,sense_4710182,delisted,,0.97
2026-09-12,storagesense,sense_163810,163810,10x10,sense_5031619,delisted,,0.97
2026-09-12,storagesense,sense_163810,163810,10x10,sense_4872685,delisted,,0.97
2026-09-12,storagesense,sense_163810,163810,10x15,sense_4996988,delisted,,0.97
2026-09-12,storagesense,sense_163839,163839,10x10,sense_4842660,listed,127,0.97
2026-09-12,storagesense,sense_163839,163839,10x10,sense_4842195,delisted,,0.97
2026-09-12,storagesense,sense_163868,163868,10x20,sense_4619440,listed,114,0.97
2026-09-12,storagesense,sense_163868,163868,10x20,sense_4619775,delisted,,0.97
2026-09-12,storagesense,sense_163882,163882,10x15,sense_4632831,listed,,0.97
2026-09-12,storagesense,sense_163882,163882,10x15,sense_4632699,delisted,142,0.97
2026-09-12,storagesense,sense_163883,163883,12x50,sense_4610840,listed,290,0.97
2026-09-12,storagesense,sense_163883,163883,12x50,sense_4610854,delisted,290,0.97
2026-09-12,storagesense,sense_163885,163885,10x20,sense_4619743,listed,94,0.97
2026-09-12,storagesense,sense_163885,163885,10x20,sense_4619763,delisted,94,0.97
2026-09-12,storagesense,sense_163987,163987,10x10,sense_4920477,listed,60,0.97
2026-09-12,storagesense,sense_163987,163987,10x10,sense_4920705,delisted,60,0.97
2026-09-12,storagesense,sense_163993,163993,10x10,sense_4924037,listed,60,0.97
2026-09-12,storagesense,sense_163993,163993,10x10,sense_4924159,delisted,,0.97
2026-09-12,storagesense,sense_164021,164021,10x10,sense_4959186,listed,,0.97
2026-09-12,storagesense,sense_164021,164021,10x10,sense_4959187,delisted,,0.97
2026-09-12,storagesense,sense_164023,164023,12x15,sense_4961637,unpriced,99,0.97
2026-09-12,storagesense,sense_164023,164023,10x27,sense_4961535,listed,,0.97
2026-09-12,storagesense,sense_164023,164023,10x27,sense_4961532,delisted,104,0.97
2026-09-12,storagesense,sense_164051,164051,10x10,sense_4976583,listed,,0.97
2026-09-12,storagesense,sense_164051,164051,10x10,sense_4976587,delisted,,0.97
2026-09-12,storagesense,sense_164052,164052,10x20,sense_4976892,listed,,0.97
2026-09-12,storagesense,sense_164052,164052,10x20,sense_4976903,delisted,182,0.97
2026-09-12,storagesense,sense_164054,164054,10x10,sense_4977659,listed,52,0.97
2026-09-12,storagesense,sense_164054,164054,10x30,sense_4977561,listed,138,0.97
2026-09-12,storagesense,sense_164054,164054,10x10,sense_4977621,delisted,52,0.97
2026-09-12,storagesense,sense_164054,164054,10x30,sense_4977572,delisted,,0.97
2026-09-12,storagesense,sense_164067,164067,10x15,sense_4983402,listed,199,0.97
2026-09-12,storagesense,sense_164067,164067,15x18,sense_4983539,listed,284,0.97
2026-09-12,storagesense,sense_164067,164067,10x15,sense_4983234,delisted,199,0.97
2026-09-12,storagesense,sense_164067,164067,15x18,sense_4983284,delisted,,0.97
2026-09-12,storagesense,sense_164070,164070,25x50,sense_5080824,unpriced,1099,0.97
2026-09-12,storagesense,sense_164072,164072,5x5,sense_4987046,repriced_from_unpriced,19,0.97
2026-09-12,storagesense,sense_164072,164072,10x8,sense_4987003,listed,36,0.97
2026-09-12,storagesense,sense_164072,164072,10x8,sense_4987040,delisted,41,0.97
2026-09-12,storagesense,sense_164085,164085,10x10,sense_4998005,listed,,0.97
2026-09-12,storagesense,sense_164085,164085,10x25,sense_4998056,listed,,0.97
2026-09-12,storagesense,sense_164085,164085,10x10,sense_4998009,delisted,,0.97
2026-09-12,storagesense,sense_164085,164085,10x25,sense_4997943,delisted,,0.97
2026-09-12,storagesense,sense_164135,164135,5x5,sense_5036528,listed,49,0.97
2026-09-12,storagesense,sense_164135,164135,5x5,sense_5036282,listed,59,0.97
2026-09-12,storagesense,sense_164135,164135,10x10,sense_5036279,listed,151,0.97
2026-09-12,storagesense,sense_164135,164135,10x15,sense_5036698,listed,201,0.97
2026-09-12,storagesense,sense_164135,164135,5x5,sense_5036455,delisted,49,0.97
2026-09-12,storagesense,sense_164135,164135,5x5,sense_5036277,delisted,59,0.97
2026-09-12,storagesense,sense_164135,164135,10x10,sense_5036271,delisted,151,0.97
2026-09-12,storagesense,sense_164135,164135,10x15,sense_5036213,delisted,201,0.97
2026-09-12,storagesense,sense_164247,164247,40x20,sense_5335723,listed,,0.97
2026-09-12,storagesense,sense_164247,164247,40x20,sense_5335722,delisted,675,0.97
2026-09-12,storagesense,sense_1680,1680,5x10,sense_4644655,listed,48,0.97
2026-09-12,storagesense,sense_1680,1680,5x10,sense_4642810,delisted,54,0.97
2026-09-12,storagesense,sense_16996,16996,10x30,sense_4639205,repriced_from_unpriced,265,0.97
2026-09-12,storagesense,sense_16997,16997,10x5,sense_4628423,listed,52,0.97
2026-09-12,storagesense,sense_16997,16997,10x10,sense_4628196,listed,79,0.97
2026-09-12,storagesense,sense_16997,16997,10x20,sense_5198925,listed,89,0.97
2026-09-12,storagesense,sense_16997,16997,10x10,sense_4626343,delisted,79,0.97
2026-09-12,storagesense,sense_16997,16997,10x20,sense_5198924,delisted,79,0.97
2026-09-12,storagesense,sense_16998,16998,5x15,sense_4910591,listed,,0.97
2026-09-12,storagesense,sense_16998,16998,5x15,sense_4709856,delisted,59,0.97
2026-09-12,storagesense,sense_17038,17038,10x10,sense_4707782,listed,89,0.97
2026-09-12,storagesense,sense_17038,17038,10x10,sense_4707575,delisted,,0.97
2026-09-12,storagesense,sense_17040,17040,10x20,sense_4996277,listed,,0.97
2026-09-12,storagesense,sense_17040,17040,10x20,sense_4650022,delisted,42,0.97
2026-09-12,storagesense,sense_17053,17053,10x10,sense_4691560,listed,89,0.97
2026-09-12,storagesense,sense_17053,17053,10x10,sense_4693167,delisted,79,0.97
2026-09-12,storagesense,sense_17057,17057,5x10,sense_4631158,listed,42,0.97
2026-09-12,storagesense,sense_17057,17057,10x10,sense_5061178,listed,95,0.97
2026-09-12,storagesense,sense_17057,17057,10x15,sense_5367259,listed,100,0.97
2026-09-12,storagesense,sense_17057,17057,10x10,sense_4631402,delisted,84,0.97
2026-09-12,storagesense,sense_17057,17057,10x15,sense_5213792,delisted,89,0.97
2026-09-12,storagesense,sense_17057,17057,5x10,sense_4631281,delisted,,0.97
2026-09-12,storagesense,sense_17060,17060,10x20,sense_4680724,listed,74,0.97
2026-09-12,storagesense,sense_17060,17060,10x20,sense_4680707,delisted,74,0.97
2026-09-12,storagesense,sense_17080,17080,10x15,sense_4676606,listed,,0.97
2026-09-12,storagesense,sense_17080,17080,10x15,sense_4679220,delisted,179,0.97
2026-09-12,storagesense,sense_17086,17086,10x5,sense_4705452,listed,79,0.97
2026-09-12,storagesense,sense_17086,17086,5x10,sense_5372527,listed,79,0.97
2026-09-12,storagesense,sense_17086,17086,5x10,sense_5319290,listed,114,0.97
2026-09-12,storagesense,sense_17086,17086,10x10,sense_5372669,listed,89,0.97
2026-09-12,storagesense,sense_17086,17086,10x15,sense_5372666,listed,106,0.97
2026-09-12,storagesense,sense_17086,17086,10x15,sense_5372670,listed,119,0.97
2026-09-12,storagesense,sense_17086,17086,10x15,sense_5372671,listed,139,0.97
2026-09-12,storagesense,sense_17086,17086,20x20,sense_4705834,repriced_from_unpriced,239,0.97
2026-09-12,storagesense,sense_17086,17086,10x10,sense_4703976,listed,,0.97
2026-09-12,storagesense,sense_17086,17086,10x5,sense_4705444,delisted,79,0.97
2026-09-12,storagesense,sense_17086,17086,10x10,sense_4704698,delisted,134,0.97
2026-09-12,storagesense,sense_17086,17086,10x10,sense_5180644,delisted,140,0.97
2026-09-12,storagesense,sense_17086,17086,10x15,sense_4704632,delisted,139,0.97
2026-09-12,storagesense,sense_17086,17086,10x15,sense_4705733,delisted,166,0.97
2026-09-12,storagesense,sense_17086,17086,10x15,sense_4705727,delisted,166,0.97
2026-09-12,storagesense,sense_17086,17086,5x10,sense_4703958,delisted,,0.97
2026-09-12,storagesense,sense_17086,17086,5x10,sense_4704714,delisted,,0.97
2026-09-12,storagesense,sense_17122,17122,10x10,sense_4839380,listed,79,0.97
2026-09-12,storagesense,sense_17122,17122,10x15,sense_4839863,listed,129,0.97
2026-09-12,storagesense,sense_17122,17122,10x10,sense_4839353,delisted,79,0.97
2026-09-12,storagesense,sense_17122,17122,10x15,sense_4839769,delisted,129,0.97
2026-09-12,storagesense,sense_17124,17124,10x15,sense_4717656,listed,120,0.97
2026-09-12,storagesense,sense_17124,17124,10x15,sense_4716750,delisted,135,0.97
2026-09-12,storagesense,sense_17161,17161,5x10,sense_4635624,listed,44,0.97
2026-09-12,storagesense,sense_17161,17161,5x10,sense_4638183,delisted,44,0.97
2026-09-12,storagesense,sense_17172,17172,5x10,sense_4658595,listed,44,0.97
2026-09-12,storagesense,sense_17172,17172,10x20,sense_4658417,listed,,0.97
2026-09-12,storagesense,sense_17172,17172,10x20,sense_4658938,listed,,0.97
2026-09-12,storagesense,sense_17172,17172,5x10,sense_4658177,delisted,44,0.97
2026-09-12,storagesense,sense_17172,17172,10x20,sense_4657744,delisted,99,0.97
2026-09-12,storagesense,sense_17172,17172,10x20,sense_4659025,delisted,132,0.97
2026-09-12,storagesense,sense_17206,17206,5x10,sense_4640499,listed,72,0.97
2026-09-12,storagesense,sense_17206,17206,5x10,sense_5250856,delisted,65,0.97
2026-09-12,storagesense,sense_17207,17207,10x15,sense_4610442,listed,136,0.97
2026-09-12,storagesense,sense_17207,17207,10x15,sense_4610564,delisted,136,0.97
2026-09-12,storagesense,sense_17208,17208,10x40,sense_4627961,listed,358,0.97
2026-09-12,storagesense,sense_17208,17208,10x10,sense_4626293,repriced_from_unpriced,134,0.97
2026-09-12,storagesense,sense_17208,17208,10x20,sense_4625069,unpriced,349,0.97
2026-09-12,storagesense,sense_17208,17208,10x40,sense_4875215,delisted,334,0.97
2026-09-12,storagesense,sense_17209,17209,5x10,sense_4624051,listed,29,0.97
2026-09-12,storagesense,sense_17209,17209,5x10,sense_4624092,delisted,29,0.97
2026-09-12,storagesense,sense_17238,17238,10x7,sense_4693219,listed,106,0.97
2026-09-12,storagesense,sense_17238,17238,5x5,sense_4689633,listed,76,0.97
2026-09-12,storagesense,sense_17238,17238,15x20,sense_4692515,listed,254,0.97
2026-09-12,storagesense,sense_17238,17238,10x20,sense_4685566,listed,,0.97
2026-09-12,storagesense,sense_17238,17238,10x7,sense_4687654,delisted,106,0.97
2026-09-12,storagesense,sense_17238,17238,5x5,sense_4692661,delisted,76,0.97
2026-09-12,storagesense,sense_17238,17238,10x20,sense_4685358,delisted,309,0.97
2026-09-12,storagesense,sense_17238,17238,15x20,sense_4694565,delisted,,0.97
2026-09-12,storagesense,sense_17256,17256,10x10,sense_5370172,listed,145,0.97
2026-09-12,storagesense,sense_17256,17256,5x10,sense_5363939,listed,89,0.97
2026-09-12,storagesense,sense_17256,17256,10x20,sense_5370363,listed,251,0.97
2026-09-12,storagesense,sense_17256,17256,10x10,sense_5370171,delisted,129,0.97
2026-09-12,storagesense,sense_17256,17256,5x10,sense_5311332,delisted,89,0.97
2026-09-12,storagesense,sense_17256,17256,10x20,sense_4635816,delisted,224,0.97
2026-09-12,storagesense,sense_17284,17284,5x10,sense_4651328,listed,81,0.97
2026-09-12,storagesense,sense_17284,17284,10x15,sense_4649571,listed,87,0.97
2026-09-12,storagesense,sense_17284,17284,5x10,sense_4647397,delisted,81,0.97
2026-09-12,storagesense,sense_17284,17284,10x15,sense_4651699,delisted,87,0.97
2026-09-12,storagesense,sense_17359,17359,10x20,sense_4710752,listed,,0.97
2026-09-12,storagesense,sense_17359,17359,10x20,sense_4710903,delisted,,0.97
2026-09-12,storagesense,sense_17392,17392,10x10,sense_4791273,listed,165,0.97
2026-09-12,storagesense,sense_17392,17392,10x20,sense_4791261,listed,,0.97
2026-09-12,storagesense,sense_17392,17392,10x10,sense_4791251,delisted,132,0.97
2026-09-12,storagesense,sense_17392,17392,10x20,sense_4791313,delisted,240,0.97
2026-09-12,storagesense,sense_17403,17403,10x10,sense_4838476,listed,101,0.97
2026-09-12,storagesense,sense_17403,17403,10x10,sense_5355978,delisted,90,0.97
2026-09-12,storagesense,sense_17405,17405,8x10,sense_4959735,repriced_from_unpriced,96,0.97
2026-09-12,storagesense,sense_17405,17405,10x15,sense_5004700,listed,173,0.97
2026-09-12,storagesense,sense_17405,17405,12x40,sense_4934113,listed,,0.97
2026-09-12,storagesense,sense_17405,17405,26x40,sense_4918502,unpriced,414,0.97
2026-09-12,storagesense,sense_17405,17405,10x15,sense_4840936,delisted,154,0.97
2026-09-12,storagesense,sense_17405,17405,12x40,sense_4841245,delisted,299,0.97
2026-09-12,storagesense,sense_17409,17409,10x10,sense_4642761,listed,119,0.97
2026-09-12,storagesense,sense_17409,17409,10x10,sense_4644810,delisted,119,0.97
2026-09-12,storagesense,sense_1892,1892,10x10,sense_4690141,listed,194,0.97
2026-09-12,storagesense,sense_1892,1892,10x10,sense_4687205,delisted,173,0.97
2026-09-12,storagesense,sense_1915,1915,5x10,sense_4646387,listed,,0.97
2026-09-12,storagesense,sense_1915,1915,5x10,sense_4646215,delisted,40,0.97
2026-09-12,storagesense,sense_1918,1918,5x10,sense_5060897,listed,65,0.97
2026-09-12,storagesense,sense_1918,1918,15x20,sense_4695111,listed,219,0.97
2026-09-12,storagesense,sense_1918,1918,10x20,sense_4701177,listed,,0.97
2026-09-12,storagesense,sense_1918,1918,10x20,sense_5276518,delisted,49,0.97
2026-09-12,storagesense,sense_1918,1918,5x10,sense_4694279,delisted,65,0.97
2026-09-12,storagesense,sense_1918,1918,15x20,sense_4691947,delisted,,0.97
2026-09-12,storagesense,sense_1976,1976,10x15,sense_4718536,listed,144,0.97
2026-09-12,storagesense,sense_1976,1976,10x15,sense_4853375,delisted,144,0.97
2026-09-12,storagesense,sense_1983,1983,10x10,sense_4710007,listed,97,0.97
2026-09-12,storagesense,sense_1983,1983,13x25,sense_4710656,repriced_from_unpriced,258,0.97
2026-09-12,storagesense,sense_1983,1983,10x10,sense_4711542,delisted,97,0.97
2026-09-12,storagesense,sense_2114,2114,5x5,sense_4875882,listed,95,0.97
2026-09-12,storagesense,sense_2114,2114,10x10,sense_4686003,listed,184,0.97
2026-09-12,storagesense,sense_2114,2114,10x15,sense_5083489,unpriced,149,0.97
2026-09-12,storagesense,sense_2114,2114,10x10,sense_4689195,delisted,184,0.97
2026-09-12,storagesense,sense_2114,2114,10x30,sense_4687370,delisted,199,0.97
2026-09-12,storagesense,sense_2114,2114,5x5,sense_4875883,delisted,,0.97
2026-09-12,storagesense,sense_2114,2114,10x15,sense_4693747,delisted,,0.97
2026-09-12,storagesense,sense_2115,2115,10x20,sense_4688676,listed,149,0.97
2026-09-12,storagesense,sense_2115,2115,10x20,sense_4688124,delisted,,0.97
2026-09-12,storagesense,sense_2116,2116,10x30,sense_4630441,listed,41,0.97
2026-09-12,storagesense,sense_2116,2116,10x30,sense_4627638,listed,259,0.97
2026-09-12,storagesense,sense_2116,2116,10x30,sense_4630396,delisted,36,0.97
2026-09-12,storagesense,sense_2116,2116,10x30,sense_4627453,delisted,,0.97
2026-09-12,storagesense,sense_2117,2117,10x10,sense_4662751,listed,74,0.97
2026-09-12,storagesense,sense_2117,2117,10x10,sense_4662966,delisted,74,0.97
2026-09-12,storagesense,sense_2119,2119,10x10,sense_4678907,listed,,0.97
2026-09-12,storagesense,sense_2119,2119,10x10,sense_4683643,delisted,105,0.97
2026-09-12,storagesense,sense_2121,2121,10x20,sense_4665594,listed,,0.97
2026-09-12,storagesense,sense_2121,2121,10x20,sense_4665765,delisted,365,0.97
2026-09-12,storagesense,sense_2130,2130,10x10,sense_4689651,listed,67,0.97
2026-09-12,storagesense,sense_2130,2130,10x15,sense_4695649,listed,113,0.97
2026-09-12,storagesense,sense_2130,2130,10x10,sense_4688570,delisted,67,0.97
2026-09-12,storagesense,sense_2130,2130,10x15,sense_4693964,delisted,113,0.97
2026-09-12,storagesense,sense_2137,2137,10x10,sense_4675332,listed,80,0.97
2026-09-12,storagesense,sense_2137,2137,10x10,sense_4674349,delisted,79,0.97
2026-09-12,storagesense,sense_2138,2138,12x40,sense_4686010,listed,64,0.97
2026-09-12,storagesense,sense_2138,2138,12x40,sense_4687037,delisted,64,0.97
2026-09-12,storagesense,sense_2139,2139,10x10,sense_4677307,listed,81,0.97
2026-09-12,storagesense,sense_2139,2139,10x10,sense_4674272,delisted,72,0.97
2026-09-12,storagesense,sense_2144,2144,5x10,sense_4678835,listed,111,0.97
2026-09-12,storagesense,sense_2144,2144,10x15,sense_4684086,listed,129,0.97
2026-09-12,storagesense,sense_2144,2144,10x30,sense_4685434,listed,198,0.97
2026-09-12,storagesense,sense_2144,2144,5x10,sense_4682455,delisted,53,0.97
2026-09-12,storagesense,sense_2144,2144,10x30,sense_4685388,delisted,198,0.97
2026-09-12,storagesense,sense_2144,2144,10x15,sense_4680184,delisted,,0.97
2026-09-12,storagesense,sense_2152,2152,5x10,sense_4700360,listed,96,0.97
2026-09-12,storagesense,sense_2152,2152,10x10,sense_4695091,listed,149,0.97
2026-09-12,storagesense,sense_2152,2152,10x25,sense_4694789,listed,209,0.97
2026-09-12,storagesense,sense_2152,2152,10x15,sense_4694462,listed,,0.97
2026-09-12,storagesense,sense_2152,2152,10x40,sense_4702090,unpriced,164,0.97
2026-09-12,storagesense,sense_2152,2152,5x10,sense_4697738,delisted,96,0.97
2026-09-12,storagesense,sense_2152,2152,10x10,sense_4700044,delisted,149,0.97
2026-09-12,storagesense,sense_2152,2152,10x15,sense_4694560,delisted,176,0.97
2026-09-12,storagesense,sense_2152,2152,10x25,sense_4699902,delisted,,0.97
2026-09-12,storagesense,sense_2165,2165,10x10,sense_4693985,listed,102,0.97
2026-09-12,storagesense,sense_2165,2165,10x10,sense_4694189,delisted,102,0.97
2026-09-12,storagesense,sense_2166,2166,5x10,sense_4716785,listed,,0.97
2026-09-12,storagesense,sense_2166,2166,5x10,sense_4716485,delisted,45,0.97
2026-09-12,storagesense,sense_2170,2170,10x20,sense_4685321,listed,144,0.97
2026-09-12,storagesense,sense_2170,2170,10x20,sense_4685355,delisted,69,0.97
2026-09-12,storagesense,sense_2238,2238,5x10,sense_4688783,listed,80,0.97
2026-09-12,storagesense,sense_2238,2238,5x10,sense_4688104,delisted,80,0.97
2026-09-12,storagesense,sense_2242,2242,10x20,sense_4721763,listed,165,0.97
2026-09-12,storagesense,sense_2242,2242,10x20,sense_4721913,delisted,,0.97
2026-09-12,storagesense,sense_2281,2281,10x20,sense_4841563,listed,139,0.97
2026-09-12,storagesense,sense_2281,2281,10x20,sense_4934155,delisted,124,0.97
2026-09-12,storagesense,sense_2291,2291,10x30,sense_4726420,listed,64,0.97
2026-09-12,storagesense,sense_2291,2291,5x10,sense_4726094,listed,125,0.97
2026-09-12,storagesense,sense_2291,2291,10x30,sense_4726488,delisted,64,0.97
2026-09-12,storagesense,sense_2291,2291,5x10,sense_4726179,delisted,60,0.97
2026-09-12,storagesense,sense_2306,2306,5x15,sense_5030961,repriced_from_unpriced,89,0.97
2026-09-12,storagesense,sense_2306,2306,10x10,sense_4684356,listed,44,0.97
2026-09-12,storagesense,sense_2306,2306,10x10,sense_4686895,listed,99,0.97
2026-09-12,storagesense,sense_2306,2306,10x15,sense_4679932,listed,66,0.97
2026-09-12,storagesense,sense_2306,2306,5x10,sense_4684020,listed,,0.97
2026-09-12,storagesense,sense_2306,2306,10x15,sense_4686065,listed,,0.97
2026-09-12,storagesense,sense_2306,2306,10x20,sense_4685822,listed,,0.97
2026-09-12,storagesense,sense_2306,2306,5x10,sense_4684245,delisted,39,0.97
2026-09-12,storagesense,sense_2306,2306,10x15,sense_4687074,delisted,66,0.97
2026-09-12,storagesense,sense_2306,2306,10x15,sense_4684621,delisted,119,0.97
2026-09-12,storagesense,sense_2306,2306,10x20,sense_4680637,delisted,99,0.97
2026-09-12,storagesense,sense_2306,2306,10x10,sense_4684281,delisted,,0.97
2026-09-12,storagesense,sense_2306,2306,10x10,sense_4681644,delisted,,0.97
2026-09-12,storagesense,sense_2323,2323,5x5,sense_4664563,listed,,0.97
2026-09-12,storagesense,sense_2323,2323,5x5,sense_4666694,delisted,79,0.97
2026-09-12,storagesense,sense_2326,2326,10x10,sense_4615721,listed,91,0.97
2026-09-12,storagesense,sense_2326,2326,10x15,sense_4620003,listed,112,0.97
2026-09-12,storagesense,sense_2326,2326,20x20,sense_4621598,listed,261,0.97
2026-09-12,storagesense,sense_2326,2326,5x10,sense_4618214,listed,,0.97
2026-09-12,storagesense,sense_2326,2326,5x10,sense_4618368,delisted,95,0.97
2026-09-12,storagesense,sense_2326,2326,10x10,sense_4615754,delisted,91,0.97
2026-09-12,storagesense,sense_2326,2326,10x15,sense_4616517,delisted,112,0.97
2026-09-12,storagesense,sense_2326,2326,10x30,sense_4612887,delisted,180,0.97
2026-09-12,storagesense,sense_2326,2326,20x20,sense_4621530,delisted,261,0.97
2026-09-12,storagesense,sense_2326,2326,5x5,sense_4614896,delisted,,0.97
2026-09-12,storagesense,sense_2326,2326,15x15,sense_4612504,delisted,,0.97
2026-09-12,storagesense,sense_2339,2339,10x10,sense_4617388,listed,125,0.97
2026-09-12,storagesense,sense_2339,2339,10x10,sense_4617838,delisted,157,0.97
2026-09-12,storagesense,sense_2341,2341,10x15,sense_4618639,listed,189,0.97
2026-09-12,storagesense,sense_2341,2341,10x15,sense_4618497,delisted,189,0.97
2026-09-12,storagesense,sense_2355,2355,10x10,sense_4618798,listed,162,0.97
2026-09-12,storagesense,sense_2355,2355,5x10,sense_4617205,unpriced,99,0.97
2026-09-12,storagesense,sense_2355,2355,10x10,sense_4617623,delisted,144,0.97
2026-09-12,storagesense,sense_2364,2364,5x10,sense_4627419,listed,134,0.97
2026-09-12,storagesense,sense_2364,2364,10x10,sense_4625594,listed,75,0.97
2026-09-12,storagesense,sense_2364,2364,5x10,sense_4627479,delisted,64,0.97
2026-09-12,storagesense,sense_2364,2364,10x10,sense_4625497,delisted,75,0.97
2026-09-12,storagesense,sense_2371,2371,10x10,sense_4614143,listed,99,0.97
2026-09-12,storagesense,sense_2371,2371,10x20,sense_4614717,listed,184,0.97
2026-09-12,storagesense,sense_2371,2371,10x10,sense_4613558,delisted,99,0.97
2026-09-12,storagesense,sense_2371,2371,10x20,sense_4614620,delisted,164,0.97
2026-09-12,storagesense,sense_2382,2382,10x20,sense_4655298,listed,116,0.97
2026-09-12,storagesense,sense_2382,2382,10x20,sense_4654997,delisted,116,0.97
2026-09-12,storagesense,sense_2383,2383,10x15,sense_4619485,listed,259,0.97
2026-09-12,storagesense,sense_2383,2383,10x15,sense_4622337,delisted,259,0.97
2026-09-12,storagesense,sense_2384,2384,10x15,sense_4638561,listed,94,0.97
2026-09-12,storagesense,sense_2384,2384,10x30,sense_4967607,listed,124,0.97
2026-09-12,storagesense,sense_2384,2384,10x30,sense_4638014,delisted,124,0.97
2026-09-12,storagesense,sense_2384,2384,10x15,sense_4638458,delisted,,0.97
2026-09-12,storagesense,sense_2386,2386,5x5,sense_4618049,listed,61,0.97
2026-09-12,storagesense,sense_2386,2386,5x10,sense_4617318,listed,99,0.97
2026-09-12,storagesense,sense_2386,2386,10x30,sense_4918562,listed,249,0.97
2026-09-12,storagesense,sense_2386,2386,5x5,sense_4618099,delisted,54,0.97
2026-09-12,storagesense,sense_2386,2386,5x10,sense_4620029,delisted,79,0.97
2026-09-12,storagesense,sense_2386,2386,10x30,sense_4873727,delisted,199,0.97
2026-09-12,storagesense,sense_2388,2388,10x10,sense_4633579,listed,89,0.97
2026-09-12,storagesense,sense_2388,2388,10x15,sense_4634942,unpriced,44,0.97
2026-09-12,storagesense,sense_2388,2388,10x20,sense_4632291,listed,,0.97
2026-09-12,storagesense,sense_2388,2388,10x10,sense_4633617,delisted,79,0.97
2026-09-12,storagesense,sense_2388,2388,10x20,sense_4632270,delisted,129,0.97
2026-09-12,storagesense,sense_2389,2389,8x10,sense_4625361,listed,74,0.97
2026-09-12,storagesense,sense_2389,2389,10x15,sense_4623528,listed,109,0.97
2026-09-12,storagesense,sense_2389,2389,8x10,sense_4625321,delisted,66,0.97
2026-09-12,storagesense,sense_2389,2389,10x15,sense_4622253,delisted,109,0.97
2026-09-12,storagesense,sense_2390,2390,12x20,sense_4634078,listed,142,0.97
2026-09-12,storagesense,sense_2390,2390,15x20,sense_4632700,listed,367,0.97
2026-09-12,storagesense,sense_2390,2390,12x20,sense_5237301,delisted,126,0.97
2026-09-12,storagesense,sense_2390,2390,15x20,sense_4632851,delisted,176,0.97
2026-09-12,storagesense,sense_2391,2391,10x20,sense_4636076,listed,181,0.97
2026-09-12,storagesense,sense_2391,2391,10x20,sense_4636032,delisted,161,0.97
2026-09-12,storagesense,sense_2392,2392,5x10,sense_5004626,listed,48,0.97
2026-09-12,storagesense,sense_2392,2392,5x10,sense_5004459,delisted,54,0.97
2026-09-12,storagesense,sense_2393,2393,10x20,sense_4627372,listed,96,0.97
2026-09-12,storagesense,sense_2393,2393,10x20,sense_4627871,delisted,96,0.97
2026-09-12,storagesense,sense_2397,2397,10x20,sense_4624511,listed,101,0.97
2026-09-12,storagesense,sense_2397,2397,10x20,sense_4624770,delisted,90,0.97
2026-09-12,storagesense,sense_2399,2399,5x10,sense_4632215,listed,36,0.97
2026-09-12,storagesense,sense_2399,2399,5x10,sense_4632043,delisted,36,0.97
2026-09-12,storagesense,sense_2402,2402,10x20,sense_4633078,repriced_from_unpriced,183,0.97
2026-09-12,storagesense,sense_2411,2411,12x30,sense_5038781,unpriced,66,0.97
2026-09-12,storagesense,sense_2417,2417,8x10,sense_4656051,listed,35,0.97
2026-09-12,storagesense,sense_2417,2417,8x30,sense_4653199,listed,211,0.97
2026-09-12,storagesense,sense_2417,2417,8x10,sense_4653947,delisted,35,0.97
2026-09-12,storagesense,sense_2417,2417,8x30,sense_4656105,delisted,114,0.97
2026-09-12,storagesense,sense_2420,2420,5x4,sense_4653604,listed,20,0.97
2026-09-12,storagesense,sense_2420,2420,8x45,sense_4651873,listed,287,0.97
2026-09-12,storagesense,sense_2420,2420,5x4,sense_4653817,delisted,,0.97
2026-09-12,storagesense,sense_2420,2420,8x45,sense_4652515,delisted,,0.97
2026-09-12,storagesense,sense_2457,2457,10x10,sense_4712051,listed,134,0.97
2026-09-12,storagesense,sense_2457,2457,10x10,sense_4712188,unpriced,134,0.97
2026-09-12,storagesense,sense_2457,2457,10x10,sense_4712171,delisted,,0.97
2026-09-12,storagesense,sense_2507,2507,5x5,sense_5102240,listed,59,0.97
2026-09-12,storagesense,sense_2507,2507,5x5,sense_5102153,delisted,59,0.97
2026-09-12,storagesense,sense_2550,2550,12x20,sense_4839413,listed,,0.97
2026-09-12,storagesense,sense_2550,2550,12x20,sense_4839455,delisted,92,0.97
2026-09-12,storagesense,sense_2556,2556,10x20,sense_4721223,listed,76,0.97
2026-09-12,storagesense,sense_2556,2556,10x20,sense_4720978,delisted,76,0.97
2026-09-12,storagesense,sense_2566,2566,5x10,sense_4668621,listed,59,0.97
2026-09-12,storagesense,sense_2566,2566,15x30,sense_4674287,unpriced,64,0.97
2026-09-12,storagesense,sense_2566,2566,5x10,sense_4671548,delisted,26,0.97
2026-09-12,storagesense,sense_2592,2592,5x8,sense_4678639,listed,,0.97
2026-09-12,storagesense,sense_2592,2592,5x8,sense_4678957,delisted,72,0.97
2026-09-12,storagesense,sense_2596,2596,10x15,sense_4640161,listed,109,0.97
2026-09-12,storagesense,sense_2596,2596,10x15,sense_4640255,delisted,,0.97
2026-09-12,storagesense,sense_2599,2599,10x25,sense_4654471,listed,,0.97
2026-09-12,storagesense,sense_2599,2599,10x25,sense_4653371,delisted,189,0.97
2026-09-12,storagesense,sense_2600,2600,10x20,sense_4611813,listed,179,0.97
2026-09-12,storagesense,sense_2600,2600,10x20,sense_4611660,delisted,159,0.97
2026-09-12,storagesense,sense_2606,2606,10x30,sense_4693093,listed,89,0.97
2026-09-12,storagesense,sense_2606,2606,10x20,sense_4692980,listed,,0.97
2026-09-12,storagesense,sense_2606,2606,10x25,sense_4686306,listed,,0.97
2026-09-12,storagesense,sense_2606,2606,10x20,sense_4693592,delisted,79,0.97
2026-09-12,storagesense,sense_2606,2606,10x25,sense_4688680,delisted,289,0.97
2026-09-12,storagesense,sense_2606,2606,10x30,sense_4692009,delisted,89,0.97
2026-09-12,storagesense,sense_2616,2616,5x5,sense_4664796,listed,55,0.97
2026-09-12,storagesense,sense_2616,2616,5x10,sense_4668916,listed,94,0.97
2026-09-12,storagesense,sense_2616,2616,10x10,sense_4667545,listed,129,0.97
2026-09-12,storagesense,sense_2616,2616,5x5,sense_4662780,delisted,55,0.97
2026-09-12,storagesense,sense_2616,2616,5x10,sense_4675522,delisted,94,0.97
2026-09-12,storagesense,sense_2616,2616,10x10,sense_4662859,delisted,129,0.97
2026-09-12,storagesense,sense_2649,2649,10x30,sense_5350717,listed,215,0.97
2026-09-12,storagesense,sense_2649,2649,10x30,sense_4661639,delisted,215,0.97
2026-09-12,storagesense,sense_2650,2650,10x15,sense_4681711,listed,34,0.97
2026-09-12,storagesense,sense_2650,2650,10x20,sense_4681977,listed,39,0.97
2026-09-12,storagesense,sense_2650,2650,10x15,sense_4683256,delisted,,0.97
2026-09-12,storagesense,sense_2650,2650,10x20,sense_4682495,delisted,,0.97
2026-09-12,storagesense,sense_2665,2665,5x10,sense_4667350,listed,139,0.97
2026-09-12,storagesense,sense_2665,2665,5x10,sense_4663538,delisted,139,0.97
2026-09-12,storagesense,sense_2668,2668,5x5,sense_4670696,listed,44,0.97
2026-09-12,storagesense,sense_2668,2668,5x8,sense_5085270,listed,79,0.97
2026-09-12,storagesense,sense_2668,2668,5x8,sense_5085268,delisted,70,0.97
2026-09-12,storagesense,sense_2668,2668,5x5,sense_4670714,delisted,,0.97
2026-09-12,storagesense,sense_2669,2669,10x10,sense_4640707,listed,136,0.97
2026-09-12,storagesense,sense_2669,2669,10x10,sense_4641292,delisted,121,0.97
2026-09-12,storagesense,sense_2679,2679,8x12,sense_4688755,listed,79,0.97
2026-09-12,storagesense,sense_2679,2679,8x12,sense_4688183,delisted,79,0.97
2026-09-12,storagesense,sense_2680,2680,10x20,sense_4659391,listed,253,0.97
2026-09-12,storagesense,sense_2680,2680,10x20,sense_4659838,delisted,253,0.97
2026-09-12,storagesense,sense_2690,2690,10x10,sense_4665927,listed,71,0.97
2026-09-12,storagesense,sense_2690,2690,12x25,sense_4677330,listed,186,0.97
2026-09-12,storagesense,sense_2690,2690,10x10,sense_4673344,delisted,71,0.97
2026-09-12,storagesense,sense_2690,2690,12x25,sense_4677079,delisted,186,0.97
2026-09-12,storagesense,sense_2691,2691,5x10,sense_4694941,listed,55,0.97
2026-09-12,storagesense,sense_2691,2691,5x10,sense_4698654,delisted,49,0.97
2026-09-12,storagesense,sense_2698,2698,10x10,sense_4700229,listed,124,0.97
2026-09-12,storagesense,sense_2698,2698,10x10,sense_4700096,delisted,,0.97
2026-09-12,storagesense,sense_2793,2793,10x10,sense_4713563,listed,123,0.97
2026-09-12,storagesense,sense_2793,2793,10x20,sense_4713575,listed,139,0.97
2026-09-12,storagesense,sense_2793,2793,10x10,sense_4713549,delisted,98,0.97
2026-09-12,storagesense,sense_2793,2793,10x20,sense_4713126,delisted,139,0.97
2026-09-12,storagesense,sense_2797,2797,10x20,sense_4707606,listed,125,0.97
2026-09-12,storagesense,sense_2797,2797,5x10,sense_4707550,listed,,0.97
2026-09-12,storagesense,sense_2797,2797,5x10,sense_5035893,delisted,58,0.97
2026-09-12,storagesense,sense_2797,2797,10x20,sense_4707592,delisted,125,0.97
2026-09-12,storagesense,sense_2802,2802,5x10,sense_4837551,listed,34,0.97
2026-09-12,storagesense,sense_2802,2802,5x10,sense_4837748,delisted,34,0.97
2026-09-12,storagesense,sense_2805,2805,10x20,sense_4839659,listed,113,0.97
2026-09-12,storagesense,sense_2805,2805,10x30,sense_4839899,listed,100,0.97
2026-09-12,storagesense,sense_2805,2805,10x24,sense_4839937,listed,,0.97
2026-09-12,storagesense,sense_2805,2805,12x22,sense_4839917,listed,,0.97
2026-09-12,storagesense,sense_2805,2805,12x40,sense_4839928,listed,,0.97
2026-09-12,storagesense,sense_2805,2805,10x20,sense_4839476,delisted,113,0.97
2026-09-12,storagesense,sense_2805,2805,10x30,sense_4839890,delisted,48,0.97
2026-09-12,storagesense,sense_2805,2805,10x24,sense_4839946,delisted,,0.97
2026-09-12,storagesense,sense_2805,2805,12x22,sense_4839926,delisted,,0.97
2026-09-12,storagesense,sense_2805,2805,12x40,sense_4839931,delisted,,0.97
2026-09-12,storagesense,sense_820,820,10x20,sense_4688476,listed,124,0.97
2026-09-12,storagesense,sense_820,820,10x20,sense_4685555,unpriced,124,0.97
2026-09-12,storagesense,sense_820,820,10x20,sense_4687794,delisted,124,0.97
2026-09-12,storagesense,sense_825,825,5x10,sense_4622685,listed,67,0.97
2026-09-12,storagesense,sense_825,825,5x10,sense_4619117,delisted,59,0.97
2026-09-12,storagesense,sense_826,826,5x10,sense_4629637,listed,117,0.97
2026-09-12,storagesense,sense_826,826,10x20,sense_4629033,listed,207,0.97
2026-09-12,storagesense,sense_826,826,5x10,sense_4629436,delisted,104,0.97
2026-09-12,storagesense,sense_826,826,10x20,sense_4628983,delisted,184,0.97
2026-09-12,storagesense,sense_834,834,10x15,sense_4706249,listed,79,0.97
2026-09-12,storagesense,sense_834,834,10x25,sense_4706047,listed,,0.97
2026-09-12,storagesense,sense_834,834,10x25,sense_4706025,delisted,154,0.97
2026-09-12,storagesense,sense_834,834,10x15,sense_4706299,delisted,,0.97
2026-09-12,storagesense,sense_835,835,5x10,sense_4611869,listed,,0.97
2026-09-12,storagesense,sense_835,835,8x10,sense_4612017,listed,,0.97
2026-09-12,storagesense,sense_835,835,10x10,sense_4611266,listed,,0.97
2026-09-12,storagesense,sense_835,835,10x15,sense_4611511,listed,,0.97
2026-09-12,storagesense,sense_835,835,10x18,sense_5002903,listed,,0.97
2026-09-12,storagesense,sense_835,835,5x10,sense_4612658,delisted,49,0.97
2026-09-12,storagesense,sense_835,835,8x10,sense_5316227,delisted,69,0.97
2026-09-12,storagesense,sense_835,835,10x10,sense_5336848,delisted,72,0.97
2026-09-12,storagesense,sense_835,835,10x15,sense_4611383,delisted,76,0.97
2026-09-12,storagesense,sense_835,835,10x18,sense_4612325,delisted,,0.97
2026-09-12,storagesense,sense_838,838,10x25,sense_4641038,listed,324,0.97
2026-09-12,storagesense,sense_838,838,10x25,sense_4641047,delisted,259,0.97
2026-09-12,storagesense,sense_844,844,10x20,sense_4622298,repriced_from_unpriced,80,0.97
2026-09-12,storagesense,sense_847,847,5x5,sense_4686998,listed,45,0.97
2026-09-12,storagesense,sense_847,847,12x30,sense_4688867,listed,339,0.97
2026-09-12,storagesense,sense_847,847,5x5,sense_4686835,delisted,,0.97
2026-09-12,storagesense,sense_847,847,12x30,sense_4688885,delisted,,0.97
2026-09-12,storagesense,sense_848,848,10x10,sense_4702628,listed,59,0.97
2026-09-12,storagesense,sense_848,848,10x10,sense_4702462,delisted,59,0.97
2026-09-12,storagesense,sense_851,851,15x20,sense_4648670,listed,320,0.97
2026-09-12,storagesense,sense_851,851,11x18,sense_4650743,listed,,0.97
2026-09-12,storagesense,sense_851,851,11x18,sense_4650732,delisted,99,0.97
2026-09-12,storagesense,sense_851,851,15x20,sense_4645503,delisted,299,0.97
2026-09-12,storagesense,sense_852,852,10x20,sense_4669473,listed,162,0.97
2026-09-12,storagesense,sense_852,852,10x20,sense_5345532,unpriced,119,0.97
2026-09-12,storagesense,sense_852,852,10x20,sense_5221619,delisted,,0.97
2026-09-12,storagesense,sense_857,857,5x10,sense_4661581,listed,39,0.97
2026-09-12,storagesense,sense_857,857,5x10,sense_4661752,delisted,,0.97
2026-09-12,storagesense,sense_862,862,10x20,sense_4650742,listed,,0.97
2026-09-12,storagesense,sense_862,862,10x20,sense_4650723,delisted,30,0.97
2026-09-12,storagesense,sense_863,863,5x5,sense_4659184,listed,,0.97
2026-09-12,storagesense,sense_863,863,5x5,sense_4659374,delisted,39,0.97
2026-09-12,storagesense,sense_864,864,10x10,sense_4681603,listed,99,0.97
2026-09-12,storagesense,sense_864,864,10x15,sense_4677102,listed,114,0.97
2026-09-12,storagesense,sense_864,864,10x20,sense_4683976,listed,179,0.97
2026-09-12,storagesense,sense_864,864,10x25,sense_4683462,listed,,0.97
2026-09-12,storagesense,sense_864,864,20x20,sense_4676820,listed,,0.97
2026-09-12,storagesense,sense_864,864,10x15,sense_4678437,delisted,114,0.97
2026-09-12,storagesense,sense_864,864,10x20,sense_4683695,delisted,179,0.97
2026-09-12,storagesense,sense_864,864,10x25,sense_4683447,delisted,209,0.97
2026-09-12,storagesense,sense_864,864,20x20,sense_4676777,delisted,399,0.97
2026-09-12,storagesense,sense_864,864,10x10,sense_4679675,delisted,,0.97
2026-09-12,storagesense,sense_866,866,10x10,sense_4646632,listed,99,0.97
2026-09-12,storagesense,sense_866,866,10x10,sense_4646838,delisted,99,0.97
2026-09-12,storagesense,sense_867,867,10x20,sense_4657918,listed,,0.97
2026-09-12,storagesense,sense_867,867,10x20,sense_4657446,delisted,106,0.97
2026-09-12,storagesense,sense_871,871,10x25,sense_4705686,listed,357,0.97
2026-09-12,storagesense,sense_871,871,10x10,sense_5011175,listed,,0.97
2026-09-12,storagesense,sense_871,871,10x10,sense_4705322,delisted,119,0.97
2026-09-12,storagesense,sense_871,871,10x25,sense_4705760,delisted,228,0.97
2026-09-12,storagesense,sense_874,874,10x30,sense_4634959,listed,384,0.97
2026-09-12,storagesense,sense_874,874,10x30,sense_4634605,delisted,,0.97
2026-09-12,storagesense,sense_913,913,5x18,sense_4716667,unpriced,54,0.97
2026-09-12,storagesense,sense_1010,1010,5x5,sense_4718840,listed,,0.97
2026-09-12,storagesense,sense_1010,1010,5x5,sense_4718894,delisted,53,0.97
2026-09-12,storagesense,sense_1014,1014,10x20,sense_4720378,listed,149,0.97
2026-09-12,storagesense,sense_1014,1014,10x20,sense_4720311,delisted,149,0.97
2026-09-12,storagesense,sense_1015,1015,10x30,sense_4714216,listed,199,0.97
2026-09-12,storagesense,sense_1015,1015,10x30,sense_4714432,delisted,199,0.97
2026-09-12,storagesense,sense_1017,1017,5x10,sense_4838131,listed,70,0.97
2026-09-12,storagesense,sense_1017,1017,5x15,sense_4838072,listed,84,0.97
2026-09-12,storagesense,sense_1017,1017,5x15,sense_4838071,delisted,84,0.97
2026-09-12,storagesense,sense_1017,1017,5x10,sense_4838137,delisted,,0.97
2026-09-12,storagesense,sense_1030,1030,5x5,sense_4640712,unpriced,14,0.97
2026-09-12,storagesense,sense_1031,1031,10x15,sense_4676953,listed,186,0.97
2026-09-12,storagesense,sense_1031,1031,12x40,sense_4679643,repriced_from_unpriced,49,0.97
2026-09-12,storagesense,sense_1031,1031,10x15,sense_4676692,delisted,89,0.97
2026-09-12,storagesense,sense_1049,1049,10x10,sense_4682182,listed,151,0.97
2026-09-12,storagesense,sense_1049,1049,5x10,sense_4684079,listed,73,0.97
2026-09-12,storagesense,sense_1049,1049,10x10,sense_4681442,delisted,134,0.97
2026-09-12,storagesense,sense_1049,1049,5x10,sense_4683762,delisted,65,0.97
2026-09-12,storagesense,sense_1056,1056,10x10,sense_4613838,listed,79,0.97
2026-09-12,storagesense,sense_1056,1056,10x10,sense_4613090,delisted,57,0.97
2026-09-12,storagesense,sense_1057,1057,10x20,sense_4703486,listed,154,0.97
2026-09-12,storagesense,sense_1057,1057,10x20,sense_4702423,delisted,154,0.97
2026-09-12,storagesense,sense_1077,1077,10x15,sense_4628584,listed,141,0.97
2026-09-12,storagesense,sense_1077,1077,10x30,sense_4623973,repriced_from_unpriced,195,0.97
2026-09-12,storagesense,sense_1077,1077,10x15,sense_4628488,delisted,141,0.97
2026-09-12,storagesense,sense_1089,1089,5x10,sense_4668897,listed,37,0.97
2026-09-12,storagesense,sense_1089,1089,10x20,sense_4668173,listed,180,0.97
2026-09-12,storagesense,sense_1089,1089,5x10,sense_4669605,delisted,37,0.97
2026-09-12,storagesense,sense_1089,1089,10x20,sense_4668393,delisted,86,0.97
2026-09-12,storagesense,sense_1117,1117,10x10,sense_4677617,listed,126,0.97
2026-09-12,storagesense,sense_1117,1117,10x10,sense_4675861,delisted,112,0.97
2026-09-12,storagesense,sense_1119,1119,5x10,sense_4692588,listed,39,0.97
2026-09-12,storagesense,sense_1119,1119,10x10,sense_4696721,listed,100,0.97
2026-09-12,storagesense,sense_1119,1119,10x20,sense_5027773,listed,223,0.97
2026-09-12,storagesense,sense_1119,1119,10x10,sense_4696830,delisted,48,0.97
2026-09-12,storagesense,sense_1119,1119,10x20,sense_4698300,delisted,199,0.97
2026-09-12,storagesense,sense_1119,1119,5x10,sense_4692467,delisted,,0.97
2026-09-12,storagesense,sense_1120,1120,10x20,sense_4671302,listed,200,0.97
2026-09-12,storagesense,sense_1120,1120,7x10,sense_4677837,unpriced,60,0.97
2026-09-12,storagesense,sense_1120,1120,10x20,sense_4668257,delisted,120,0.97
2026-09-12,storagesense,sense_1165,1165,5x5,sense_4643635,listed,55,0.97
2026-09-12,storagesense,sense_1165,1165,10x15,sense_4642935,listed,177,0.97
2026-09-12,storagesense,sense_1165,1165,7x10,sense_4844036,unpriced,90,0.97
2026-09-12,storagesense,sense_1165,1165,5x5,sense_4642813,delisted,69,0.97
2026-09-12,storagesense,sense_1165,1165,10x15,sense_4643022,delisted,177,0.97
2026-09-12,storagesense,sense_1245,1245,5x5,sense_4719504,listed,108,0.97
2026-09-12,storagesense,sense_1245,1245,10x10,sense_4717232,listed,119,0.97
2026-09-12,storagesense,sense_1245,1245,10x15,sense_4720077,listed,,0.97
2026-09-12,storagesense,sense_1245,1245,5x5,sense_4720270,delisted,69,0.97
2026-09-12,storagesense,sense_1245,1245,10x10,sense_4718635,delisted,106,0.97
2026-09-12,storagesense,sense_1245,1245,10x15,sense_4720033,delisted,99,0.97
2026-09-12,storagesense,sense_1247,1247,10x5,sense_4723310,listed,62,0.97
2026-09-12,storagesense,sense_1247,1247,10x5,sense_4723318,delisted,55,0.97
2026-09-12,storagesense,sense_1278,1278,10x10,sense_4724987,listed,44,0.97
2026-09-12,storagesense,sense_1278,1278,10x20,sense_4723926,listed,165,0.97
2026-09-12,storagesense,sense_1278,1278,8x10,sense_4724932,listed,88,0.97
2026-09-12,storagesense,sense_1278,1278,10x15,sense_4724369,listed,165,0.97
2026-09-12,storagesense,sense_1278,1278,5x10,sense_4724707,listed,,0.97
2026-09-12,storagesense,sense_1278,1278,10x10,sense_4724591,listed,,0.97
2026-09-12,storagesense,sense_1278,1278,10x15,sense_4724214,listed,,0.97
2026-09-12,storagesense,sense_1278,1278,10x10,sense_4724554,delisted,149,0.97
2026-09-12,storagesense,sense_1278,1278,10x20,sense_4723976,delisted,150,0.97
2026-09-12,storagesense,sense_1278,1278,5x10,sense_4724748,delisted,44,0.97
2026-09-12,storagesense,sense_1278,1278,10x10,sense_4724328,delisted,123,0.97
2026-09-12,storagesense,sense_1278,1278,10x15,sense_4724143,delisted,136,0.97
2026-09-12,storagesense,sense_1278,1278,8x10,sense_4724913,delisted,,0.97
2026-09-12,storagesense,sense_1278,1278,10x15,sense_4724455,delisted,,0.97
2026-09-12,storagesense,sense_1280,1280,10x10,sense_4614282,listed,131,0.97
2026-09-12,storagesense,sense_1280,1280,10x20,sense_4611264,listed,201,0.97
2026-09-12,storagesense,sense_1280,1280,10x20,sense_4611214,delisted,201,0.97
2026-09-12,storagesense,sense_1280,1280,10x10,sense_4614141,delisted,,0.97
2026-09-12,storagesense,sense_1292,1292,5x5,sense_4612273,listed,24,0.97
2026-09-12,storagesense,sense_1292,1292,5x5,sense_5006902,repriced_from_unpriced,24,0.97
2026-09-12,storagesense,sense_1292,1292,5x5,sense_4613541,delisted,24,0.97
2026-09-12,storagesense,sense_1305,1305,10x25,sense_4613027,listed,108,0.97
2026-09-12,storagesense,sense_1305,1305,10x25,sense_4613370,delisted,,0.97
2026-09-12,storagesense,sense_1307,1307,5x10,sense_4617153,listed,61,0.97
2026-09-12,storagesense,sense_1307,1307,5x10,sense_4617166,delisted,54,0.97
2026-09-12,storagesense,sense_1337,1337,10x30,sense_4631544,listed,304,0.97
2026-09-12,storagesense,sense_1337,1337,10x30,sense_4630987,delisted,194,0.97
2026-09-12,storagesense,sense_1369,1369,5x5,sense_4696811,listed,45,0.97
2026-09-12,storagesense,sense_1369,1369,10x10,sense_4692976,listed,,0.97
2026-09-12,storagesense,sense_1369,1369,5x5,sense_4695939,delisted,45,0.97
2026-09-12,storagesense,sense_1369,1369,10x10,sense_4692855,delisted,91,0.97
2026-09-12,storagesense,sense_1429,1429,10x10,sense_4640363,listed,179,0.97
2026-09-12,storagesense,sense_1429,1429,10x15,sense_4640745,listed,,0.97
2026-09-12,storagesense,sense_1429,1429,10x10,sense_4640354,delisted,179,0.97
2026-09-12,storagesense,sense_1429,1429,10x15,sense_4639285,delisted,209,0.97
2026-09-12,storagesense,sense_1465,1465,10x15,sense_4709531,repriced_from_unpriced,89,0.97
2026-09-12,storagesense,sense_1465,1465,10x20,sense_4709561,listed,109,0.97
2026-09-12,storagesense,sense_1465,1465,10x20,sense_5355481,delisted,,0.97
2026-09-12,storagesense,sense_163706,163706,12x20,sense_4707790,listed,,0.97
2026-09-12,storagesense,sense_163706,163706,12x20,sense_4707784,delisted,,0.97
2026-09-12,storagesense,sense_163759,163759,15x15,sense_4673729,listed,136,0.97
2026-09-12,storagesense,sense_163759,163759,30x10,sense_4674958,unpriced,209,0.97
2026-09-12,storagesense,sense_163759,163759,15x15,sense_4673433,delisted,136,0.97
2026-09-13,storagesense,sense_163794,163794,10x20,sense_4727533,listed,,1.14
2026-09-13,storagesense,sense_163794,163794,10x20,sense_4727433,delisted,88,1.14
2026-09-13,storagesense,sense_163796,163796,6x10,sense_4718305,listed,45,1.14
2026-09-13,storagesense,sense_163796,163796,10x10,sense_4717814,listed,53,1.14
2026-09-13,storagesense,sense_163796,163796,6x10,sense_4717932,delisted,45,1.14
2026-09-13,storagesense,sense_163796,163796,10x10,sense_4716844,delisted,53,1.14
2026-09-13,storagesense,sense_163797,163797,5x10,sense_4725581,listed,32,1.14
2026-09-13,storagesense,sense_163797,163797,10x15,sense_4725082,unpriced,53,1.14
2026-09-13,storagesense,sense_163797,163797,10x15,sense_4724478,listed,,1.14
2026-09-13,storagesense,sense_163797,163797,5x10,sense_4725596,delisted,32,1.14
2026-09-13,storagesense,sense_163797,163797,10x15,sense_4725419,delisted,74,1.14
2026-09-13,storagesense,sense_163798,163798,10x20,sense_4724222,listed,,1.14
2026-09-13,storagesense,sense_163798,163798,10x20,sense_4725384,delisted,149,1.14
2026-09-13,storagesense,sense_163810,163810,5x10,sense_4710182,listed,,1.14
2026-09-13,storagesense,sense_163810,163810,10x10,sense_4872685,listed,,1.14
2026-09-13,storagesense,sense_163810,163810,5x10,sense_4711175,delisted,,1.14
2026-09-13,storagesense,sense_163810,163810,10x10,sense_5372999,delisted,,1.14
2026-09-13,storagesense,sense_163810,163810,10x10,sense_4872672,delisted,,1.14
2026-09-13,storagesense,sense_163839,163839,10x15,sense_4842127,listed,58,1.14
2026-09-13,storagesense,sense_163839,163839,10x15,sense_4842118,delisted,58,1.14
2026-09-13,storagesense,sense_163879,163879,10x30,sense_4619557,listed,202,1.14
2026-09-13,storagesense,sense_163879,163879,10x45,sense_4622049,listed,182,1.14
2026-09-13,storagesense,sense_163879,163879,10x38,sense_4621705,unpriced,157,1.14
2026-09-13,storagesense,sense_163879,163879,10x30,sense_4618220,delisted,,1.14
2026-09-13,storagesense,sense_163879,163879,10x45,sense_4621803,delisted,,1.14
2026-09-13,storagesense,sense_163882,163882,5x5,sense_4633635,listed,76,1.14
2026-09-13,storagesense,sense_163882,163882,5x5,sense_4632364,unpriced,52,1.14
2026-09-13,storagesense,sense_163882,163882,5x5,sense_4634076,delisted,76,1.14
2026-09-13,storagesense,sense_163883,163883,5x8,sense_5267084,listed,85,1.14
2026-09-13,storagesense,sense_163883,163883,10x20,sense_5266887,listed,180,1.14
2026-09-13,storagesense,sense_163883,163883,10x30,sense_5266883,listed,260,1.14
2026-09-13,storagesense,sense_163883,163883,5x8,sense_5266978,delisted,85,1.14
2026-09-13,storagesense,sense_163883,163883,10x20,sense_5266898,delisted,180,1.14
2026-09-13,storagesense,sense_163883,163883,10x30,sense_5266880,delisted,260,1.14
2026-09-13,storagesense,sense_163886,163886,10x15,sense_4616149,listed,165,1.14
2026-09-13,storagesense,sense_163886,163886,10x15,sense_4616163,delisted,,1.14
2026-09-13,storagesense,sense_163958,163958,15x20,sense_4895641,repriced_from_unpriced,204,1.14
2026-09-13,storagesense,sense_163987,163987,10x10,sense_4921080,listed,39,1.14
2026-09-13,storagesense,sense_163987,163987,10x20,sense_4920583,listed,78,1.14
2026-09-13,storagesense,sense_163987,163987,10x10,sense_5364209,delisted,39,1.14
2026-09-13,storagesense,sense_163987,163987,10x20,sense_4920997,delisted,78,1.14
2026-09-13,storagesense,sense_163993,163993,10x10,sense_4924159,listed,,1.14
2026-09-13,storagesense,sense_163993,163993,10x10,sense_4924037,delisted,60,1.14
2026-09-13,storagesense,sense_164021,164021,10x10,sense_4959070,listed,,1.14
2026-09-13,storagesense,sense_164021,164021,10x10,sense_4959072,delisted,,1.14
2026-09-13,storagesense,sense_164023,164023,10x15,sense_4961562,listed,78,1.14
2026-09-13,storagesense,sense_164023,164023,10x15,sense_4961560,delisted,78,1.14
2026-09-13,storagesense,sense_164054,164054,10x10,sense_4977617,listed,52,1.14
2026-09-13,storagesense,sense_164054,164054,10x20,sense_4977225,listed,74,1.14
2026-09-13,storagesense,sense_164054,164054,10x20,sense_4977657,listed,,1.14
2026-09-13,storagesense,sense_164054,164054,10x10,sense_4977659,delisted,52,1.14
2026-09-13,storagesense,sense_164054,164054,10x20,sense_4977296,delisted,74,1.14
2026-09-13,storagesense,sense_164054,164054,10x20,sense_4977889,delisted,150,1.14
2026-09-13,storagesense,sense_164057,164057,5x5,sense_4979626,listed,27,1.14
2026-09-13,storagesense,sense_164057,164057,5x10,sense_4980084,listed,40,1.14
2026-09-13,storagesense,sense_164057,164057,5x5,sense_4979792,delisted,27,1.14
2026-09-13,storagesense,sense_164057,164057,5x10,sense_4980085,delisted,40,1.14
2026-09-13,storagesense,sense_164067,164067,8x10,sense_4983155,listed,129,1.14
2026-09-13,storagesense,sense_164067,164067,8x10,sense_4983249,delisted,129,1.14
2026-09-13,storagesense,sense_164069,164069,5x10,sense_4984536,listed,72,1.14
2026-09-13,storagesense,sense_164069,164069,5x10,sense_4984534,delisted,72,1.14
2026-09-13,storagesense,sense_164072,164072,5x5,sense_4987300,unpriced,16,1.14
2026-09-13,storagesense,sense_164111,164111,12x40,sense_5016831,listed,,1.14
2026-09-13,storagesense,sense_164111,164111,12x40,sense_5016846,delisted,134,1.14
2026-09-13,storagesense,sense_164130,164130,10x15,sense_5027002,listed,96,1.14
2026-09-13,storagesense,sense_164130,164130,10x15,sense_5027042,delisted,96,1.14
2026-09-13,storagesense,sense_164135,164135,5x10,sense_5036697,listed,92,1.14
2026-09-13,storagesense,sense_164135,164135,10x10,sense_5036286,listed,151,1.14
2026-09-13,storagesense,sense_164135,164135,5x10,sense_5036258,delisted,92,1.14
2026-09-13,storagesense,sense_164135,164135,10x10,sense_5036279,delisted,151,1.14
2026-09-13,storagesense,sense_164196,164196,10x10,sense_5116159,listed,,1.14
2026-09-13,storagesense,sense_164246,164246,10x5,sense_5335542,listed,92,1.14
2026-09-13,storagesense,sense_164246,164246,15x10,sense_5335477,listed,148,1.14
2026-09-13,storagesense,sense_164246,164246,10x5,sense_5335544,delisted,92,1.14
2026-09-13,storagesense,sense_164246,164246,15x10,sense_5335478,delisted,148,1.14
2026-09-13,storagesense,sense_16996,16996,5x5,sense_4639128,listed,59,1.14
2026-09-13,storagesense,sense_16996,16996,5x5,sense_4638452,delisted,59,1.14
2026-09-13,storagesense,sense_16997,16997,10x15,sense_4625988,listed,124,1.14
2026-09-13,storagesense,sense_16997,16997,10x15,sense_4624843,delisted,155,1.14
2026-09-13,storagesense,sense_17038,17038,5x10,sense_4707266,listed,50,1.14
2026-09-13,storagesense,sense_17038,17038,5x10,sense_4707239,delisted,44,1.14
2026-09-13,storagesense,sense_17040,17040,10x20,sense_4651063,listed,142,1.14
2026-09-13,storagesense,sense_17040,17040,10x30,sense_4650124,listed,57,1.14
2026-09-13,storagesense,sense_17040,17040,10x30,sense_5364125,delisted,57,1.14
2026-09-13,storagesense,sense_17040,17040,10x20,sense_4651221,delisted,,1.14
2026-09-13,storagesense,sense_17053,17053,10x10,sense_4693249,listed,79,1.14
2026-09-13,storagesense,sense_17053,17053,10x10,sense_4691560,delisted,89,1.14
2026-09-13,storagesense,sense_17080,17080,10x20,sense_4671506,listed,256,1.14
2026-09-13,storagesense,sense_17080,17080,10x20,sense_4670541,delisted,256,1.14
2026-09-13,storagesense,sense_17086,17086,5x10,sense_4704788,listed,74,1.14
2026-09-13,storagesense,sense_17086,17086,5x10,sense_4704341,delisted,79,1.14
2026-09-13,storagesense,sense_17087,17087,10x20,sense_5257444,listed,69,1.14
2026-09-13,storagesense,sense_17087,17087,10x20,sense_5339166,delisted,144,1.14
2026-09-13,storagesense,sense_17098,17098,7x10,sense_4716437,unpriced,119,1.14
2026-09-13,storagesense,sense_17123,17123,10x20,sense_4840619,listed,,1.14
2026-09-13,storagesense,sense_17123,17123,10x20,sense_4840354,delisted,174,1.14
2026-09-13,storagesense,sense_17161,17161,10x20,sense_5005772,listed,109,1.14
2026-09-13,storagesense,sense_17161,17161,10x20,sense_4636915,delisted,109,1.14
2026-09-13,storagesense,sense_17162,17162,10x15,sense_4616756,listed,79,1.14
2026-09-13,storagesense,sense_17162,17162,10x20,sense_4610743,listed,89,1.14
2026-09-13,storagesense,sense_17162,17162,10x15,sense_4615998,delisted,79,1.14
2026-09-13,storagesense,sense_17162,17162,10x20,sense_4610754,delisted,89,1.14
2026-09-13,storagesense,sense_17207,17207,10x15,sense_4610564,listed,136,1.14
2026-09-13,storagesense,sense_17207,17207,10x15,sense_4610442,delisted,136,1.14
2026-09-13,storagesense,sense_17208,17208,10x40,sense_4627313,listed,334,1.14
2026-09-13,storagesense,sense_17208,17208,10x40,sense_4627961,delisted,358,1.14
2026-09-13,storagesense,sense_17209,17209,5x10,sense_4624044,listed,29,1.14
2026-09-13,storagesense,sense_17209,17209,5x10,sense_4624092,listed,29,1.14
2026-09-13,storagesense,sense_17209,17209,10x20,sense_4624639,listed,,1.14
2026-09-13,storagesense,sense_17209,17209,10x20,sense_4621012,delisted,99,1.14
2026-09-13,storagesense,sense_17209,17209,5x10,sense_4624347,delisted,29,1.14
2026-09-13,storagesense,sense_17209,17209,5x10,sense_4624051,delisted,29,1.14
2026-09-13,storagesense,sense_17238,17238,10x5,sense_4690084,listed,86,1.14
2026-09-13,storagesense,sense_17238,17238,10x10,sense_4694944,listed,164,1.14
2026-09-13,storagesense,sense_17238,17238,10x20,sense_4685307,listed,309,1.14
2026-09-13,storagesense,sense_17238,17238,10x5,sense_4688850,delisted,86,1.14
2026-09-13,storagesense,sense_17238,17238,10x10,sense_4688312,delisted,164,1.14
2026-09-13,storagesense,sense_17238,17238,10x20,sense_4685566,delisted,,1.14
2026-09-13,storagesense,sense_17256,17256,10x10,sense_5370171,listed,129,1.14
2026-09-13,storagesense,sense_17256,17256,10x10,sense_5311333,delisted,129,1.14
2026-09-13,storagesense,sense_17392,17392,14x40,sense_4791629,listed,94,1.14
2026-09-13,storagesense,sense_17392,17392,10x10,sense_4791458,listed,165,1.14
2026-09-13,storagesense,sense_17392,17392,10x10,sense_4791405,listed,165,1.14
2026-09-13,storagesense,sense_17392,17392,10x15,sense_4791259,listed,184,1.14
2026-09-13,storagesense,sense_17392,17392,14x40,sense_4791671,delisted,94,1.14
2026-09-13,storagesense,sense_17392,17392,10x10,sense_4791455,delisted,165,1.14
2026-09-13,storagesense,sense_17392,17392,10x10,sense_4791321,delisted,165,1.14
2026-09-13,storagesense,sense_17392,17392,10x15,sense_4791267,delisted,,1.14
2026-09-13,storagesense,sense_17403,17403,10x10,sense_4838457,listed,130,1.14
2026-09-13,storagesense,sense_17403,17403,10x10,sense_4838253,delisted,130,1.14
2026-09-13,storagesense,sense_17404,17404,10x10,sense_4961745,listed,90,1.14
2026-09-13,storagesense,sense_17404,17404,10x10,sense_5000436,delisted,,1.14
2026-09-13,storagesense,sense_17405,17405,12x40,sense_4841245,listed,299,1.14
2026-09-13,storagesense,sense_17405,17405,12x40,sense_4934113,delisted,,1.14
2026-09-13,storagesense,sense_17409,17409,5x5,sense_4644346,listed,59,1.14
2026-09-13,storagesense,sense_17409,17409,5x5,sense_4644328,delisted,59,1.14
2026-09-13,storagesense,sense_1918,1918,5x5,sense_4694459,listed,59,1.14
2026-09-13,storagesense,sense_1918,1918,5x5,sense_4693885,delisted,47,1.14
2026-09-13,storagesense,sense_1983,1983,5x10,sense_4712129,listed,62,1.14
2026-09-13,storagesense,sense_1983,1983,10x10,sense_4711542,listed,97,1.14
2026-09-13,storagesense,sense_1983,1983,13x25,sense_4710656,unpriced,258,1.14
2026-09-13,storagesense,sense_1983,1983,5x10,sense_4712374,delisted,62,1.14
2026-09-13,storagesense,sense_1983,1983,10x10,sense_4710007,delisted,97,1.14
2026-09-13,storagesense,sense_2114,2114,10x10,sense_4689195,listed,184,1.14
2026-09-13,storagesense,sense_2114,2114,10x10,sense_4686003,delisted,184,1.14
2026-09-13,storagesense,sense_2115,2115,10x20,sense_4690466,listed,149,1.14
2026-09-13,storagesense,sense_2115,2115,10x20,sense_4688676,delisted,149,1.14
2026-09-13,storagesense,sense_2116,2116,10x30,sense_4630396,listed,36,1.14
2026-09-13,storagesense,sense_2116,2116,10x30,sense_4630441,delisted,41,1.14
2026-09-13,storagesense,sense_2119,2119,10x10,sense_4680146,listed,105,1.14
2026-09-13,storagesense,sense_2119,2119,10x20,sense_4679397,listed,147,1.14
2026-09-13,storagesense,sense_2119,2119,10x20,sense_4680406,listed,,1.14
2026-09-13,storagesense,sense_2119,2119,10x10,sense_4685217,delisted,105,1.14
2026-09-13,storagesense,sense_2119,2119,10x20,sense_4682301,delisted,147,1.14
2026-09-13,storagesense,sense_2119,2119,10x20,sense_4680349,delisted,109,1.14
2026-09-13,storagesense,sense_2121,2121,10x10,sense_4670098,listed,219,1.14
2026-09-13,storagesense,sense_2121,2121,10x15,sense_4873879,unpriced,299,1.14
2026-09-13,storagesense,sense_2121,2121,10x10,sense_4670547,delisted,219,1.14
2026-09-13,storagesense,sense_2136,2136,5x10,sense_4677948,listed,82,1.14
2026-09-13,storagesense,sense_2136,2136,5x10,sense_4676744,delisted,52,1.14
2026-09-13,storagesense,sense_2138,2138,12x40,sense_4686347,listed,64,1.14
2026-09-13,storagesense,sense_2138,2138,10x10,sense_4681721,listed,,1.14
2026-09-13,storagesense,sense_2138,2138,10x10,sense_4679374,delisted,109,1.14
2026-09-13,storagesense,sense_2138,2138,12x40,sense_4686010,delisted,64,1.14
2026-09-13,storagesense,sense_2139,2139,5x15,sense_4672205,listed,66,1.14
2026-09-13,storagesense,sense_2139,2139,10x20,sense_4676890,listed,120,1.14
2026-09-13,storagesense,sense_2139,2139,10x10,sense_4671982,listed,,1.14
2026-09-13,storagesense,sense_2139,2139,5x15,sense_4672443,delisted,66,1.14
2026-09-13,storagesense,sense_2139,2139,10x10,sense_4671941,delisted,79,1.14
2026-09-13,storagesense,sense_2139,2139,10x20,sense_4676580,delisted,120,1.14
2026-09-13,storagesense,sense_2140,2140,5x5,sense_4632451,listed,,1.14
2026-09-13,storagesense,sense_2140,2140,5x5,sense_4631860,delisted,55,1.14
2026-09-13,storagesense,sense_2142,2142,10x10,sense_4696487,listed,94,1.14
2026-09-13,storagesense,sense_2142,2142,10x15,sense_4695454,listed,149,1.14
2026-09-13,storagesense,sense_2142,2142,10x10,sense_4693970,delisted,94,1.14
2026-09-13,storagesense,sense_2142,2142,10x15,sense_4691198,delisted,149,1.14
2026-09-13,storagesense,sense_2144,2144,5x10,sense_4679597,listed,53,1.14
2026-09-13,storagesense,sense_2144,2144,10x30,sense_4685388,listed,198,1.14
2026-09-13,storagesense,sense_2144,2144,5x10,sense_4678835,delisted,111,1.14
2026-09-13,storagesense,sense_2144,2144,10x30,sense_4685434,delisted,198,1.14
2026-09-13,storagesense,sense_2151,2151,10x25,sense_4703697,listed,59,1.14
2026-09-13,storagesense,sense_2151,2151,10x25,sense_4703716,delisted,59,1.14
2026-09-13,storagesense,sense_2152,2152,5x10,sense_4697738,listed,96,1.14
2026-09-13,storagesense,sense_2152,2152,10x15,sense_4699638,listed,176,1.14
2026-09-13,storagesense,sense_2152,2152,10x20,sense_4701544,listed,189,1.14
2026-09-13,storagesense,sense_2152,2152,10x30,sense_4696188,listed,279,1.14
2026-09-13,storagesense,sense_2152,2152,5x10,sense_4700360,delisted,96,1.14
2026-09-13,storagesense,sense_2152,2152,10x20,sense_4697246,delisted,189,1.14
2026-09-13,storagesense,sense_2152,2152,10x15,sense_4694462,delisted,,1.14
2026-09-13,storagesense,sense_2152,2152,10x30,sense_4698319,delisted,,1.14
2026-09-13,storagesense,sense_2165,2165,5x5,sense_4688213,listed,58,1.14
2026-09-13,storagesense,sense_2165,2165,10x10,sense_4693738,listed,110,1.14
2026-09-13,storagesense,sense_2165,2165,10x10,sense_4694555,listed,126,1.14
2026-09-13,storagesense,sense_2165,2165,5x5,sense_5068254,delisted,58,1.14
2026-09-13,storagesense,sense_2165,2165,10x10,sense_4693755,delisted,98,1.14
2026-09-13,storagesense,sense_2165,2165,10x10,sense_4695031,delisted,126,1.14
2026-09-13,storagesense,sense_2170,2170,10x10,sense_4686063,listed,27,1.14
2026-09-13,storagesense,sense_2170,2170,5x20,sense_4685929,listed,,1.14
2026-09-13,storagesense,sense_2170,2170,10x10,sense_4688575,delisted,24,1.14
2026-09-13,storagesense,sense_2170,2170,5x20,sense_4685896,delisted,50,1.14
2026-09-13,storagesense,sense_2171,2171,10x20,sense_4666878,listed,,1.14
2026-09-13,storagesense,sense_2171,2171,10x20,sense_4665278,delisted,99,1.14
2026-09-13,storagesense,sense_2230,2230,10x15,sense_4692281,listed,110,1.14
2026-09-13,storagesense,sense_2230,2230,10x15,sense_4689011,delisted,110,1.14
2026-09-13,storagesense,sense_2267,2267,8x20,sense_4794098,listed,89,1.14
2026-09-13,storagesense,sense_2267,2267,8x20,sense_4792562,delisted,89,1.14
2026-09-13,storagesense,sense_2280,2280,10x20,sense_4839622,listed,129,1.14
2026-09-13,storagesense,sense_2280,2280,10x20,sense_4839404,delisted,129,1.14
2026-09-13,storagesense,sense_2291,2291,10x10,sense_4726217,listed,,1.14
2026-09-13,storagesense,sense_2291,2291,10x10,sense_4726133,delisted,78,1.14
2026-09-13,storagesense,sense_2306,2306,10x15,sense_4687074,listed,66,1.14
2026-09-13,storagesense,sense_2306,2306,5x15,sense_5030961,unpriced,89,1.14
2026-09-13,storagesense,sense_2306,2306,10x10,sense_4681644,listed,,1.14
2026-09-13,storagesense,sense_2306,2306,10x10,sense_4686895,delisted,99,1.14
2026-09-13,storagesense,sense_2306,2306,10x15,sense_4679932,delisted,66,1.14
2026-09-13,storagesense,sense_2307,2307,5x5,sense_4647146,listed,48,1.14
2026-09-13,storagesense,sense_2307,2307,10x10,sense_4651937,listed,116,1.14
2026-09-13,storagesense,sense_2307,2307,10x15,sense_4651519,listed,,1.14
2026-09-13,storagesense,sense_2307,2307,5x5,sense_4646903,delisted,48,1.14
2026-09-13,storagesense,sense_2307,2307,10x10,sense_4651718,delisted,116,1.14
2026-09-13,storagesense,sense_2307,2307,10x15,sense_4651700,delisted,145,1.14
2026-09-13,storagesense,sense_2316,2316,10x15,sense_4610785,listed,142,1.14
2026-09-13,storagesense,sense_2316,2316,10x15,sense_4610787,delisted,142,1.14
2026-09-13,storagesense,sense_2322,2322,10x10,sense_4628670,listed,169,1.14
2026-09-13,storagesense,sense_2322,2322,10x10,sense_4628955,delisted,169,1.14
2026-09-13,storagesense,sense_2323,2323,10x10,sense_4663527,listed,,1.14
2026-09-13,storagesense,sense_2323,2323,10x10,sense_5331564,delisted,179,1.14
2026-09-13,storagesense,sense_2325,2325,10x30,sense_4669353,unpriced,200,1.14
2026-09-13,storagesense,sense_2326,2326,10x20,sense_4621227,listed,116,1.14
2026-09-13,storagesense,sense_2326,2326,10x30,sense_4612887,listed,180,1.14
2026-09-13,storagesense,sense_2326,2326,10x10,sense_4616185,listed,,1.14
2026-09-13,storagesense,sense_2326,2326,10x20,sense_4616984,delisted,116,1.14
2026-09-13,storagesense,sense_2326,2326,10x10,sense_4615721,delisted,91,1.14
2026-09-13,storagesense,sense_2326,2326,10x30,sense_4616220,delisted,180,1.14
2026-09-13,storagesense,sense_2336,2336,10x15,sense_4690286,listed,210,1.14
2026-09-13,storagesense,sense_2336,2336,10x15,sense_4690207,delisted,210,1.14
2026-09-13,storagesense,sense_2339,2339,10x10,sense_4617838,listed,125,1.14
2026-09-13,storagesense,sense_2339,2339,10x10,sense_4617388,delisted,125,1.14
2026-09-13,storagesense,sense_2346,2346,5x5,sense_4683544,listed,49,1.14
2026-09-13,storagesense,sense_2346,2346,10x15,sense_4674565,listed,208,1.14
2026-09-13,storagesense,sense_2346,2346,10x25,sense_4681492,listed,380,1.14
2026-09-13,storagesense,sense_2346,2346,5x5,sense_4678737,delisted,49,1.14
2026-09-13,storagesense,sense_2346,2346,10x15,sense_4674815,delisted,208,1.14
2026-09-13,storagesense,sense_2346,2346,10x25,sense_4682024,delisted,380,1.14
2026-09-13,storagesense,sense_2354,2354,5x10,sense_4611369,listed,44,1.14
2026-09-13,storagesense,sense_2354,2354,5x10,sense_4611359,delisted,44,1.14
2026-09-13,storagesense,sense_2364,2364,20x15,sense_4628784,listed,218,1.14
2026-09-13,storagesense,sense_2364,2364,7x10,sense_4629502,listed,,1.14
2026-09-13,storagesense,sense_2364,2364,7x10,sense_4629544,delisted,86,1.14
2026-09-13,storagesense,sense_2364,2364,20x15,sense_4631090,delisted,,1.14
2026-09-13,storagesense,sense_2371,2371,10x20,sense_4617656,listed,94,1.14
2026-09-13,storagesense,sense_2371,2371,10x20,sense_4614535,listed,164,1.14
2026-09-13,storagesense,sense_2371,2371,10x20,sense_4616953,delisted,94,1.14
2026-09-13,storagesense,sense_2371,2371,10x20,sense_4614717,delisted,184,1.14
2026-09-13,storagesense,sense_2382,2382,10x20,sense_4655234,listed,116,1.14
2026-09-13,storagesense,sense_2382,2382,10x20,sense_4655298,delisted,116,1.14
2026-09-13,storagesense,sense_2383,2383,10x10,sense_4620387,listed,174,1.14
2026-09-13,storagesense,sense_2383,2383,10x15,sense_4622337,listed,259,1.14
2026-09-13,storagesense,sense_2383,2383,10x10,sense_4620482,delisted,174,1.14
2026-09-13,storagesense,sense_2383,2383,10x15,sense_4619485,delisted,259,1.14
2026-09-13,storagesense,sense_2384,2384,10x10,sense_4636397,listed,97,1.14
2026-09-13,storagesense,sense_2384,2384,10x10,sense_4638429,delisted,86,1.14
2026-09-13,storagesense,sense_2385,2385,10x30,sense_4629247,listed,,1.14
2026-09-13,storagesense,sense_2385,2385,10x30,sense_4629265,delisted,119,1.14
2026-09-13,storagesense,sense_2386,2386,10x20,sense_4615247,repriced_from_unpriced,159,1.14
2026-09-13,storagesense,sense_2386,2386,5x10,sense_4620029,listed,,1.14
2026-09-13,storagesense,sense_2386,2386,5x10,sense_4617318,delisted,99,1.14
2026-09-13,storagesense,sense_2387,2387,10x40,sense_4634764,listed,,1.14
2026-09-13,storagesense,sense_2387,2387,10x40,sense_4634705,delisted,32,1.14
2026-09-13,storagesense,sense_2389,2389,5x5,sense_4624068,listed,36,1.14
2026-09-13,storagesense,sense_2389,2389,10x15,sense_4622786,listed,109,1.14
2026-09-13,storagesense,sense_2389,2389,10x30,sense_4620416,listed,162,1.14
2026-09-13,storagesense,sense_2389,2389,5x5,sense_4622476,delisted,36,1.14
2026-09-13,storagesense,sense_2389,2389,10x15,sense_4623528,delisted,109,1.14
2026-09-13,storagesense,sense_2389,2389,10x30,sense_4620485,delisted,162,1.14
2026-09-13,storagesense,sense_2390,2390,10x15,sense_4633060,listed,86,1.14
2026-09-13,storagesense,sense_2390,2390,10x15,sense_4634859,delisted,86,1.14
2026-09-13,storagesense,sense_2394,2394,10x20,sense_4613625,listed,141,1.14
2026-09-13,storagesense,sense_2394,2394,10x20,sense_4613597,delisted,141,1.14
2026-09-13,storagesense,sense_2395,2395,10x20,sense_4623325,listed,83,1.14
2026-09-13,storagesense,sense_2395,2395,10x20,sense_4623341,delisted,83,1.14
2026-09-13,storagesense,sense_2396,2396,5x10,sense_4619283,listed,56,1.14
2026-09-13,storagesense,sense_2396,2396,5x10,sense_5319162,delisted,,1.14
2026-09-13,storagesense,sense_2398,2398,8x20,sense_4628413,listed,96,1.14
2026-09-13,storagesense,sense_2398,2398,8x20,sense_4628321,delisted,96,1.14
2026-09-13,storagesense,sense_2399,2399,5x10,sense_4632911,listed,36,1.14
2026-09-13,storagesense,sense_2399,2399,8x10,sense_4633976,listed,32,1.14
2026-09-13,storagesense,sense_2399,2399,5x10,sense_4632215,delisted,36,1.14
2026-09-13,storagesense,sense_2399,2399,8x10,sense_4634086,delisted,,1.14
2026-09-13,storagesense,sense_2400,2400,9x8,sense_4648375,listed,74,1.14
2026-09-13,storagesense,sense_2400,2400,9x8,sense_4648433,delisted,74,1.14
2026-09-13,storagesense,sense_2411,2411,10x30,sense_5038830,listed,,1.14
2026-09-13,storagesense,sense_2411,2411,10x30,sense_5038954,delisted,79,1.14
2026-09-13,storagesense,sense_2417,2417,8x30,sense_4653307,listed,,1.14
2026-09-13,storagesense,sense_2417,2417,8x40,sense_4653561,listed,,1.14
2026-09-13,storagesense,sense_2417,2417,8x30,sense_4653199,delisted,211,1.14
2026-09-13,storagesense,sense_2417,2417,8x40,sense_4654801,delisted,112,1.14
2026-09-13,storagesense,sense_2420,2420,8x35,sense_4655903,listed,232,1.14
2026-09-13,storagesense,sense_2420,2420,5x4,sense_4653817,listed,,1.14
2026-09-13,storagesense,sense_2420,2420,8x45,sense_4652515,listed,,1.14
2026-09-13,storagesense,sense_2420,2420,5x4,sense_4653604,delisted,20,1.14
2026-09-13,storagesense,sense_2420,2420,8x45,sense_4651873,delisted,287,1.14
2026-09-13,storagesense,sense_2420,2420,8x35,sense_4655869,delisted,,1.14
2026-09-13,storagesense,sense_2448,2448,10x10,sense_4643458,listed,129,1.14
2026-09-13,storagesense,sense_2448,2448,10x20,sense_4643867,listed,199,1.14
2026-09-13,storagesense,sense_2448,2448,10x10,sense_4643272,delisted,136,1.14
2026-09-13,storagesense,sense_2448,2448,10x20,sense_4642296,delisted,206,1.14
2026-09-13,storagesense,sense_2457,2457,10x10,sense_4710216,listed,94,1.14
2026-09-13,storagesense,sense_2457,2457,10x10,sense_4709972,listed,120,1.14
2026-09-13,storagesense,sense_2457,2457,10x10,sense_4708542,delisted,94,1.14
2026-09-13,storagesense,sense_2457,2457,10x10,sense_4709382,delisted,120,1.14
2026-09-13,storagesense,sense_2506,2506,10x10,sense_4702673,listed,69,1.14
2026-09-13,storagesense,sense_2506,2506,10x25,sense_4703512,listed,144,1.14
2026-09-13,storagesense,sense_2506,2506,10x10,sense_4702454,delisted,69,1.14
2026-09-13,storagesense,sense_2506,2506,10x25,sense_4703516,delisted,,1.14
2026-09-13,storagesense,sense_2507,2507,10x15,sense_4715416,listed,126,1.14
2026-09-13,storagesense,sense_2507,2507,10x20,sense_4714217,listed,164,1.14
2026-09-13,storagesense,sense_2507,2507,10x15,sense_4714238,delisted,126,1.14
2026-09-13,storagesense,sense_2507,2507,10x20,sense_4714226,delisted,,1.14
2026-09-13,storagesense,sense_2513,2513,5x5,sense_4720549,listed,39,1.14
2026-09-13,storagesense,sense_2513,2513,3x10,sense_4720169,listed,44,1.14
2026-09-13,storagesense,sense_2513,2513,5x5,sense_4719466,delisted,39,1.14
2026-09-13,storagesense,sense_2513,2513,3x10,sense_4720109,delisted,44,1.14
2026-09-13,storagesense,sense_2556,2556,5x10,sense_4721977,listed,29,1.14
2026-09-13,storagesense,sense_2556,2556,5x10,sense_4722167,delisted,29,1.14
2026-09-13,storagesense,sense_2567,2567,10x10,sense_5118150,listed,99,1.14
2026-09-13,storagesense,sense_2567,2567,10x10,sense_5243825,delisted,99,1.14
2026-09-13,storagesense,sense_2597,2597,10x5,sense_4663290,listed,49,1.14
2026-09-13,storagesense,sense_2597,2597,10x10,sense_4667621,listed,74,1.14
2026-09-13,storagesense,sense_2597,2597,10x5,sense_4663274,delisted,49,1.14
2026-09-13,storagesense,sense_2597,2597,10x10,sense_4665052,delisted,74,1.14
2026-09-13,storagesense,sense_2606,2606,10x20,sense_4693592,listed,79,1.14
2026-09-13,storagesense,sense_2606,2606,10x25,sense_4688680,listed,289,1.14
2026-09-13,storagesense,sense_2606,2606,10x20,sense_4692980,delisted,,1.14
2026-09-13,storagesense,sense_2606,2606,10x25,sense_4686306,delisted,,1.14
2026-09-13,storagesense,sense_2616,2616,5x10,sense_4668107,listed,76,1.14
2026-09-13,storagesense,sense_2616,2616,5x10,sense_4663245,delisted,76,1.14
2026-09-13,storagesense,sense_2649,2649,10x10,sense_4663028,listed,65,1.14
2026-09-13,storagesense,sense_2649,2649,10x10,sense_4663501,delisted,65,1.14
2026-09-13,storagesense,sense_2650,2650,10x15,sense_4683548,listed,34,1.14
2026-09-13,storagesense,sense_2650,2650,10x20,sense_4682036,listed,39,1.14
2026-09-13,storagesense,sense_2650,2650,10x30,sense_4682367,listed,109,1.14
2026-09-13,storagesense,sense_2650,2650,10x15,sense_4681711,delisted,34,1.14
2026-09-13,storagesense,sense_2650,2650,10x20,sense_4681977,delisted,39,1.14
2026-09-13,storagesense,sense_2650,2650,10x30,sense_5169356,delisted,109,1.14
2026-09-13,storagesense,sense_2668,2668,15x15,sense_4672204,repriced_from_unpriced,160,1.14
2026-09-13,storagesense,sense_2679,2679,5x10,sense_4684138,listed,42,1.14
2026-09-13,storagesense,sense_2679,2679,8x12,sense_4688183,listed,79,1.14
2026-09-13,storagesense,sense_2679,2679,8x12,sense_4688755,delisted,79,1.14
2026-09-13,storagesense,sense_2679,2679,5x10,sense_4684006,delisted,,1.14
2026-09-13,storagesense,sense_2680,2680,5x10,sense_4658036,listed,75,1.14
2026-09-13,storagesense,sense_2680,2680,5x10,sense_4659126,delisted,75,1.14
2026-09-13,storagesense,sense_2690,2690,10x10,sense_4673344,listed,71,1.14
2026-09-13,storagesense,sense_2690,2690,10x15,sense_4671855,listed,91,1.14
2026-09-13,storagesense,sense_2690,2690,10x15,sense_4680202,listed,111,1.14
2026-09-13,storagesense,sense_2690,2690,10x20,sense_4665432,listed,121,1.14
2026-09-13,storagesense,sense_2690,2690,10x10,sense_4665927,delisted,71,1.14
2026-09-13,storagesense,sense_2690,2690,10x15,sense_4680433,delisted,91,1.14
2026-09-13,storagesense,sense_2690,2690,10x15,sense_4679771,delisted,,1.14
2026-09-13,storagesense,sense_2690,2690,10x20,sense_4670876,delisted,,1.14
2026-09-13,storagesense,sense_2691,2691,10x15,sense_4699222,listed,99,1.14
2026-09-13,storagesense,sense_2691,2691,10x15,sense_4699250,delisted,,1.14
2026-09-13,storagesense,sense_2692,2692,10x15,sense_4652320,listed,99,1.14
2026-09-13,storagesense,sense_2692,2692,5x5,sense_4652121,unpriced,24,1.14
2026-09-13,storagesense,sense_2692,2692,10x15,sense_4652300,delisted,99,1.14
2026-09-13,storagesense,sense_2698,2698,10x15,sense_4699917,listed,174,1.14
2026-09-13,storagesense,sense_2698,2698,5x15,sense_5168380,listed,,1.14
2026-09-13,storagesense,sense_2698,2698,5x15,sense_4699162,delisted,74,1.14
2026-09-13,storagesense,sense_2698,2698,10x15,sense_4701677,delisted,,1.14
2026-09-13,storagesense,sense_2782,2782,10x15,sense_4791124,listed,214,1.14
2026-09-13,storagesense,sense_2782,2782,10x15,sense_4791190,delisted,214,1.14
2026-09-13,storagesense,sense_2784,2784,5x10,sense_4838706,listed,87,1.14
2026-09-13,storagesense,sense_2784,2784,5x10,sense_4838625,delisted,87,1.14
2026-09-13,storagesense,sense_2802,2802,5x10,sense_4837749,listed,34,1.14
2026-09-13,storagesense,sense_2802,2802,5x10,sense_4837551,delisted,34,1.14
2026-09-13,storagesense,sense_2803,2803,10x10,sense_4838300,listed,49,1.14
2026-09-13,storagesense,sense_2803,2803,10x20,sense_4838242,listed,84,1.14
2026-09-13,storagesense,sense_2803,2803,10x10,sense_4838357,delisted,49,1.14
2026-09-13,storagesense,sense_2803,2803,10x20,sense_4838244,delisted,84,1.14
2026-09-13,storagesense,sense_2805,2805,10x20,sense_4839476,listed,113,1.14
2026-09-13,storagesense,sense_2805,2805,10x25,sense_4839949,repriced_from_unpriced,65,1.14
2026-09-13,storagesense,sense_2805,2805,10x20,sense_4839659,delisted,113,1.14
2026-09-13,storagesense,sense_2813,2813,15x30,sense_4716886,listed,269,1.14
2026-09-13,storagesense,sense_2813,2813,5x10,sense_4716536,listed,,1.14
2026-09-13,storagesense,sense_2813,2813,5x10,sense_4716277,delisted,89,1.14
2026-09-13,storagesense,sense_2813,2813,15x30,sense_4716854,delisted,269,1.14
2026-09-13,storagesense,sense_2818,2818,5x10,sense_4614948,listed,29,1.14
2026-09-13,storagesense,sense_2818,2818,5x10,sense_4614498,delisted,29,1.14
2026-09-13,storagesense,sense_2819,2819,10x15,sense_4610491,listed,56,1.14
2026-09-13,storagesense,sense_2819,2819,10x15,sense_4610449,listed,56,1.14
2026-09-13,storagesense,sense_2819,2819,10x15,sense_5031630,delisted,56,1.14
2026-09-13,storagesense,sense_2819,2819,10x15,sense_4610487,delisted,56,1.14
2026-09-13,storagesense,sense_820,820,12x25,sense_4693357,listed,24,1.14
2026-09-13,storagesense,sense_820,820,12x25,sense_4693395,delisted,24,1.14
2026-09-13,storagesense,sense_834,834,5x10,sense_4706207,listed,36,1.14
2026-09-13,storagesense,sense_834,834,10x15,sense_4706228,listed,79,1.14
2026-09-13,storagesense,sense_834,834,10x30,sense_4706556,listed,,1.14
2026-09-13,storagesense,sense_834,834,5x10,sense_4706214,delisted,36,1.14
2026-09-13,storagesense,sense_834,834,10x15,sense_4706249,delisted,79,1.14
2026-09-13,storagesense,sense_834,834,10x30,sense_4706582,delisted,259,1.14
2026-09-13,storagesense,sense_835,835,5x5,sense_5083519,listed,39,1.14
2026-09-13,storagesense,sense_835,835,5x10,sense_4612658,listed,46,1.14
2026-09-13,storagesense,sense_835,835,8x10,sense_5316227,listed,69,1.14
2026-09-13,storagesense,sense_835,835,5x10,sense_4611945,delisted,46,1.14
2026-09-13,storagesense,sense_835,835,8x10,sense_4611068,delisted,69,1.14
2026-09-13,storagesense,sense_835,835,5x5,sense_4612855,delisted,,1.14
2026-09-13,storagesense,sense_836,836,10x10,sense_4618745,listed,,1.14
2026-09-13,storagesense,sense_836,836,10x10,sense_4618768,delisted,75,1.14
2026-09-13,storagesense,sense_838,838,5x10,sense_4641381,listed,89,1.14
2026-09-13,storagesense,sense_838,838,10x30,sense_4646817,listed,106,1.14
2026-09-13,storagesense,sense_838,838,5x10,sense_4641354,delisted,89,1.14
2026-09-13,storagesense,sense_838,838,10x30,sense_4646863,delisted,106,1.14
2026-09-13,storagesense,sense_845,845,5x10,sense_5374456,listed,59,1.14
2026-09-13,storagesense,sense_845,845,5x5,sense_5374458,listed,44,1.14
2026-09-13,storagesense,sense_845,845,10x15,sense_5374449,listed,164,1.14
2026-09-13,storagesense,sense_845,845,10x20,sense_5374454,listed,219,1.14
2026-09-13,storagesense,sense_845,845,5x7,sense_5341125,unpriced,89,1.14
2026-09-13,storagesense,sense_845,845,5x10,sense_5084096,delisted,59,1.14
2026-09-13,storagesense,sense_845,845,5x5,sense_5341115,delisted,44,1.14
2026-09-13,storagesense,sense_845,845,10x20,sense_5333653,delisted,219,1.14
2026-09-13,storagesense,sense_845,845,10x15,sense_4996863,delisted,,1.14
2026-09-13,storagesense,sense_847,847,5x10,sense_4694347,listed,99,1.14
2026-09-13,storagesense,sense_847,847,5x10,sense_4694419,delisted,99,1.14
2026-09-13,storagesense,sense_848,848,7x10,sense_4706375,listed,55,1.14
2026-09-13,storagesense,sense_848,848,7x10,sense_4706221,delisted,,1.14
2026-09-13,storagesense,sense_852,852,10x10,sense_5335208,listed,92,1.14
2026-09-13,storagesense,sense_852,852,10x10,sense_5002932,delisted,92,1.14
2026-09-13,storagesense,sense_856,856,10x10,sense_4676296,listed,123,1.14
2026-09-13,storagesense,sense_856,856,10x10,sense_5323711,delisted,59,1.14
2026-09-13,storagesense,sense_863,863,8x10,sense_4654033,unpriced,102,1.14
2026-09-13,storagesense,sense_864,864,10x15,sense_4683005,listed,114,1.14
2026-09-13,storagesense,sense_864,864,10x15,sense_4677102,delisted,114,1.14
2026-09-13,storagesense,sense_871,871,10x10,sense_4706329,listed,73,1.14
2026-09-13,storagesense,sense_871,871,10x30,sense_4706806,listed,,1.14
2026-09-13,storagesense,sense_871,871,10x30,sense_4706766,delisted,82,1.14
2026-09-13,storagesense,sense_871,871,10x10,sense_4706303,delisted,,1.14
2026-09-13,storagesense,sense_872,872,10x10,sense_4646220,listed,86,1.14
2026-09-13,storagesense,sense_872,872,10x10,sense_4642238,listed,86,1.14
2026-09-13,storagesense,sense_872,872,10x15,sense_4642008,listed,112,1.14
2026-09-13,storagesense,sense_872,872,10x10,sense_4645359,delisted,86,1.14
2026-09-13,storagesense,sense_872,872,10x10,sense_4643565,delisted,86,1.14
2026-09-13,storagesense,sense_872,872,10x15,sense_4641449,delisted,112,1.14
2026-09-13,storagesense,sense_874,874,10x20,sense_4633499,listed,263,1.14
2026-09-13,storagesense,sense_874,874,10x20,sense_4633507,delisted,263,1.14
2026-09-13,storagesense,sense_879,879,10x20,sense_4642622,listed,265,1.14
2026-09-13,storagesense,sense_879,879,5x5,sense_4640156,listed,40,1.14
2026-09-13,storagesense,sense_879,879,10x20,sense_4642645,delisted,265,1.14
2026-09-13,storagesense,sense_879,879,5x5,sense_4644020,delisted,40,1.14
2026-09-13,storagesense,sense_912,912,12x45,sense_4704215,listed,154,1.14
2026-09-13,storagesense,sense_912,912,12x45,sense_4703995,delisted,,1.14
2026-09-13,storagesense,sense_914,914,10x15,sense_4649979,listed,,1.14
2026-09-13,storagesense,sense_914,914,10x20,sense_4649471,listed,,1.14
2026-09-13,storagesense,sense_914,914,10x15,sense_4649745,delisted,49,1.14
2026-09-13,storagesense,sense_914,914,10x20,sense_4647677,delisted,89,1.14
2026-09-13,storagesense,sense_1014,1014,10x10,sense_4720553,listed,109,1.14
2026-09-13,storagesense,sense_1014,1014,10x20,sense_4720311,listed,149,1.14
2026-09-13,storagesense,sense_1014,1014,10x10,sense_4721060,delisted,109,1.14
2026-09-13,storagesense,sense_1014,1014,10x20,sense_4720378,delisted,149,1.14
2026-09-13,storagesense,sense_1015,1015,10x30,sense_4714472,listed,199,1.14
2026-09-13,storagesense,sense_1015,1015,5x10,sense_4714729,listed,,1.14
2026-09-13,storagesense,sense_1015,1015,5x10,sense_4714587,delisted,109,1.14
2026-09-13,storagesense,sense_1015,1015,10x30,sense_4714216,delisted,199,1.14
2026-09-13,storagesense,sense_1029,1029,10x10,sense_4655070,listed,79,1.14
2026-09-13,storagesense,sense_1029,1029,10x15,sense_4664066,listed,99,1.14
2026-09-13,storagesense,sense_1029,1029,10x25,sense_4661666,listed,213,1.14
2026-09-13,storagesense,sense_1029,1029,10x10,sense_4656023,delisted,79,1.14
2026-09-13,storagesense,sense_1029,1029,10x15,sense_4660734,delisted,,1.14
2026-09-13,storagesense,sense_1029,1029,10x25,sense_4659956,delisted,,1.14
2026-09-13,storagesense,sense_1030,1030,5x10,sense_4646869,listed,24,1.14
2026-09-13,storagesense,sense_1030,1030,10x10,sense_4643069,listed,54,1.14
2026-09-13,storagesense,sense_1030,1030,15x15,sense_4645075,repriced_from_unpriced,189,1.14
2026-09-13,storagesense,sense_1030,1030,5x10,sense_4644333,delisted,24,1.14
2026-09-13,storagesense,sense_1030,1030,10x10,sense_4649711,delisted,54,1.14
2026-09-13,storagesense,sense_1031,1031,5x5,sense_4675320,listed,15,1.14
2026-09-13,storagesense,sense_1031,1031,10x25,sense_4674996,listed,120,1.14
2026-09-13,storagesense,sense_1031,1031,12x45,sense_4679607,listed,54,1.14
2026-09-13,storagesense,sense_1031,1031,5x5,sense_4678489,delisted,15,1.14
2026-09-13,storagesense,sense_1031,1031,12x45,sense_4679400,delisted,54,1.14
2026-09-13,storagesense,sense_1031,1031,10x25,sense_4682230,delisted,,1.14
2026-09-13,storagesense,sense_1050,1050,10x10,sense_4628738,listed,100,1.14
2026-09-13,storagesense,sense_1050,1050,10x15,sense_4631443,repriced_from_unpriced,181,1.14
2026-09-13,storagesense,sense_1050,1050,10x10,sense_4629503,delisted,,1.14
2026-09-13,storagesense,sense_1051,1051,10x10,sense_4662112,listed,69,1.14
2026-09-13,storagesense,sense_1051,1051,10x10,sense_4662126,delisted,69,1.14
2026-09-13,storagesense,sense_1057,1057,10x15,sense_4706472,listed,141,1.14
2026-09-13,storagesense,sense_1057,1057,10x15,sense_4704581,delisted,141,1.14
2026-09-13,storagesense,sense_1077,1077,16x10,sense_4626659,unpriced,162,1.14
2026-09-13,storagesense,sense_1090,1090,5x5,sense_4694492,listed,52,1.14
2026-09-13,storagesense,sense_1090,1090,11x40,sense_4690314,listed,59,1.14
2026-09-13,storagesense,sense_1090,1090,5x5,sense_4694470,delisted,52,1.14
2026-09-13,storagesense,sense_1090,1090,11x40,sense_4690121,delisted,52,1.14
2026-09-13,storagesense,sense_1117,1117,10x10,sense_4677373,listed,114,1.14
2026-09-13,storagesense,sense_1117,1117,10x10,sense_5370161,delisted,114,1.14
2026-09-13,storagesense,sense_1118,1118,5x10,sense_4892355,listed,49,1.14
2026-09-13,storagesense,sense_1118,1118,10x10,sense_4915383,listed,87,1.14
2026-09-13,storagesense,sense_1118,1118,5x10,sense_5061850,delisted,49,1.14
2026-09-13,storagesense,sense_1118,1118,10x10,sense_4923102,delisted,87,1.14
2026-09-13,storagesense,sense_1119,1119,10x10,sense_5040425,listed,150,1.14
2026-09-13,storagesense,sense_1119,1119,10x20,sense_4690988,listed,111,1.14
2026-09-13,storagesense,sense_1119,1119,10x5,sense_4696262,listed,,1.14
2026-09-13,storagesense,sense_1119,1119,10x5,sense_4696246,delisted,51,1.14
2026-09-13,storagesense,sense_1119,1119,10x10,sense_4983038,delisted,,1.14
2026-09-13,storagesense,sense_1119,1119,10x20,sense_4691449,delisted,,1.14
2026-09-13,storagesense,sense_1120,1120,10x40,sense_4670899,listed,149,1.14
2026-09-13,storagesense,sense_1120,1120,5x10,sense_4668895,listed,75,1.14
2026-09-13,storagesense,sense_1120,1120,5x15,sense_4667984,listed,130,1.14
2026-09-13,storagesense,sense_1120,1120,10x40,sense_4671268,delisted,149,1.14
2026-09-13,storagesense,sense_1120,1120,5x10,sense_4671679,delisted,75,1.14
2026-09-13,storagesense,sense_1120,1120,5x15,sense_4667956,delisted,130,1.14
2026-09-13,storagesense,sense_1165,1165,5x5,sense_4641273,listed,,1.14
2026-09-13,storagesense,sense_1165,1165,5x5,sense_4641264,delisted,36,1.14
2026-09-13,storagesense,sense_1245,1245,10x10,sense_4717581,listed,79,1.14
2026-09-13,storagesense,sense_1245,1245,10x15,sense_4716723,listed,99,1.14
2026-09-13,storagesense,sense_1245,1245,10x10,sense_4719269,delisted,89,1.14
2026-09-13,storagesense,sense_1245,1245,10x15,sense_4716654,delisted,99,1.14
2026-09-13,storagesense,sense_1247,1247,5x15,sense_4724268,listed,66,1.14
2026-09-13,storagesense,sense_1247,1247,5x15,sense_4723874,delisted,,1.14
2026-09-13,storagesense,sense_1278,1278,10x10,sense_4724554,listed,120,1.14
2026-09-13,storagesense,sense_1278,1278,8x10,sense_4724890,listed,42,1.14
2026-09-13,storagesense,sense_1278,1278,8x10,sense_4724859,listed,49,1.14
2026-09-13,storagesense,sense_1278,1278,10x15,sense_4724143,listed,130,1.14
2026-09-13,storagesense,sense_1278,1278,10x10,sense_4724507,delisted,60,1.14
2026-09-13,storagesense,sense_1278,1278,8x10,sense_4724882,delisted,48,1.14
2026-09-13,storagesense,sense_1278,1278,8x10,sense_4724932,delisted,88,1.14
2026-09-13,storagesense,sense_1278,1278,10x15,sense_4724048,delisted,130,1.14
2026-09-13,storagesense,sense_1280,1280,10x20,sense_4614679,listed,176,1.14
2026-09-13,storagesense,sense_1280,1280,10x20,sense_4611707,delisted,176,1.14
2026-09-13,storagesense,sense_1305,1305,10x25,sense_4613370,listed,,1.14
2026-09-13,storagesense,sense_1305,1305,10x25,sense_4613027,delisted,108,1.14
2026-09-13,storagesense,sense_1307,1307,10x15,sense_5321369,listed,99,1.14
2026-09-13,storagesense,sense_1307,1307,10x15,sense_4918574,delisted,99,1.14
2026-09-13,storagesense,sense_1337,1337,5x10,sense_4631045,listed,56,1.14
2026-09-13,storagesense,sense_1337,1337,8x10,sense_4632041,listed,68,1.14
2026-09-13,storagesense,sense_1337,1337,10x10,sense_4630079,listed,80,1.14
2026-09-13,storagesense,sense_1337,1337,5x10,sense_4631083,delisted,56,1.14
2026-09-13,storagesense,sense_1337,1337,8x10,sense_4632059,delisted,,1.14
2026-09-13,storagesense,sense_1337,1337,10x10,sense_4633087,delisted,,1.14
2026-09-13,storagesense,sense_1373,1373,5x5,sense_4684788,listed,,1.14
2026-09-13,storagesense,sense_1373,1373,5x5,sense_4683964,delisted,,1.14
2026-09-13,storagesense,sense_1375,1375,5x5,sense_4649972,listed,,1.14
2026-09-13,storagesense,sense_1375,1375,5x5,sense_4934180,delisted,34,1.14
2026-09-13,storagesense,sense_1377,1377,10x15,sense_4677067,listed,85,1.14
2026-09-13,storagesense,sense_1377,1377,10x15,sense_4677629,delisted,,1.14
2026-09-13,storagesense,sense_1387,1387,10x10,sense_5055158,listed,148,1.14
2026-09-13,storagesense,sense_1387,1387,10x10,sense_4639050,delisted,71,1.14
2026-09-13,storagesense,sense_1429,1429,10x10,sense_4640354,listed,179,1.14
2026-09-13,storagesense,sense_1429,1429,10x10,sense_4640363,delisted,179,1.14
2026-09-13,storagesense,sense_1557,1557,5x10,sense_4666430,listed,90,1.14
2026-09-13,storagesense,sense_1557,1557,12x25,sense_4934501,listed,59,1.14
2026-09-13,storagesense,sense_1557,1557,5x10,sense_4664802,delisted,43,1.14
2026-09-13,storagesense,sense_1557,1557,12x25,sense_4934503,delisted,59,1.14
2026-09-13,storagesense,sense_1558,1558,5x5,sense_4632166,listed,15,1.14
2026-09-13,storagesense,sense_1558,1558,5x5,sense_4632140,delisted,15,1.14
2026-09-13,storagesense,sense_163706,163706,10x20,sense_4707834,listed,,1.14
2026-09-13,storagesense,sense_163706,163706,10x20,sense_4880427,delisted,99,1.14
2026-09-13,storagesense,sense_163709,163709,10x20,sense_4661077,listed,89,1.14
2026-09-13,storagesense,sense_163709,163709,10x20,sense_4660733,delisted,,1.14
2026-09-13,storagesense,sense_163756,163756,20x20,sense_4695002,repriced_from_unpriced,234,1.14
2026-09-13,storagesense,sense_163759,163759,10x5,sense_4670205,listed,,1.14
2026-09-13,storagesense,sense_163759,163759,10x5,sense_4670132,delisted,54,1.14
2026-09-14,storagesense,sense_163726,163726,10x15,sense_4646420,listed,90,0.89
2026-09-14,storagesense,sense_163726,163726,10x30,sense_4647346,listed,170,0.89
2026-09-14,storagesense,sense_163726,163726,10x30,sense_4647943,delisted,151,0.89
2026-09-14,storagesense,sense_163726,163726,10x15,sense_4646379,delisted,,0.89
2026-09-14,storagesense,sense_163764,163764,8x10,sense_4689821,listed,52,0.89
2026-09-14,storagesense,sense_163764,163764,10x10,sense_4689291,listed,75,0.89
2026-09-14,storagesense,sense_163764,163764,10x15,sense_4684681,listed,88,0.89
2026-09-14,storagesense,sense_163764,163764,8x10,sense_4689045,delisted,52,0.89
2026-09-14,storagesense,sense_163764,163764,10x10,sense_4689641,delisted,75,0.89
2026-09-14,storagesense,sense_163764,163764,10x15,sense_4687268,delisted,88,0.89
2026-09-14,storagesense,sense_163879,163879,10x40,sense_4621208,listed,167,0.89
2026-09-14,storagesense,sense_163879,163879,10x40,sense_4620868,delisted,167,0.89
2026-09-14,storagesense,sense_163884,163884,10x20,sense_4626910,listed,159,0.89
2026-09-14,storagesense,sense_163884,163884,10x10,sense_4620798,listed,,0.89
2026-09-14,storagesense,sense_163884,163884,10x15,sense_4627702,listed,,0.89
2026-09-14,storagesense,sense_163884,163884,10x10,sense_4624935,delisted,94,0.89
2026-09-14,storagesense,sense_163884,163884,10x15,sense_4625202,delisted,119,0.89
2026-09-14,storagesense,sense_163884,163884,10x20,sense_4626855,delisted,159,0.89
2026-09-14,storagesense,sense_164021,164021,5x10,sense_4959197,listed,,0.89
2026-09-14,storagesense,sense_164021,164021,5x10,sense_4959200,delisted,,0.89
2026-09-14,storagesense,sense_164057,164057,7x10,sense_4979963,listed,,0.89
2026-09-14,storagesense,sense_164057,164057,7x10,sense_4979759,delisted,43,0.89
2026-09-14,storagesense,sense_164067,164067,15x18,sense_4983284,listed,,0.89
2026-09-14,storagesense,sense_164067,164067,15x18,sense_4983539,delisted,284,0.89
2026-09-14,storagesense,sense_164069,164069,10x10,sense_5168603,listed,113,0.89
2026-09-14,storagesense,sense_164069,164069,10x30,sense_4984450,listed,306,0.89
2026-09-14,storagesense,sense_164069,164069,10x30,sense_4984493,listed,422,0.89
2026-09-14,storagesense,sense_164069,164069,10x10,sense_5168607,delisted,113,0.89
2026-09-14,storagesense,sense_164069,164069,10x30,sense_4984469,delisted,337,0.89
2026-09-14,storagesense,sense_164069,164069,10x30,sense_4984458,delisted,,0.89
2026-09-14,storagesense,sense_164135,164135,5x5,sense_5036455,listed,49,0.89
2026-09-14,storagesense,sense_164135,164135,10x10,sense_5036279,listed,151,0.89
2026-09-14,storagesense,sense_164135,164135,5x5,sense_5036528,delisted,49,0.89
2026-09-14,storagesense,sense_164135,164135,10x10,sense_5036286,delisted,151,0.89
2026-09-14,storagesense,sense_164187,164187,15x10,sense_5090033,listed,49,0.89
2026-09-14,storagesense,sense_164187,164187,15x10,sense_5090034,delisted,49,0.89
2026-09-14,storagesense,sense_164246,164246,15x10,sense_5335478,listed,148,0.89
2026-09-14,storagesense,sense_164246,164246,15x10,sense_5335477,delisted,148,0.89
2026-09-14,storagesense,sense_1679,1679,5x15,sense_4645675,listed,105,0.89
2026-09-14,storagesense,sense_1679,1679,5x15,sense_5039845,delisted,57,0.89
2026-09-14,storagesense,sense_16996,16996,5x5,sense_4637103,listed,74,0.89
2026-09-14,storagesense,sense_16996,16996,5x5,sense_4637477,delisted,59,0.89
2026-09-14,storagesense,sense_17040,17040,10x20,sense_4649088,unpriced,167,0.89
2026-09-14,storagesense,sense_17086,17086,5x10,sense_5296495,listed,83,0.89
2026-09-14,storagesense,sense_17086,17086,5x10,sense_4704788,delisted,74,0.89
2026-09-14,storagesense,sense_17088,17088,10x20,sense_4701154,listed,,0.89
2026-09-14,storagesense,sense_17088,17088,10x20,sense_4701291,delisted,134,0.89
2026-09-14,storagesense,sense_17122,17122,10x15,sense_4839933,listed,,0.89
2026-09-14,storagesense,sense_17122,17122,10x15,sense_4839812,delisted,129,0.89
2026-09-14,storagesense,sense_17123,17123,10x10,sense_4840332,repriced_from_unpriced,89,0.89
2026-09-14,storagesense,sense_17161,17161,10x10,sense_4636477,listed,64,0.89
2026-09-14,storagesense,sense_17161,17161,10x10,sense_4637203,delisted,64,0.89
2026-09-14,storagesense,sense_17162,17162,10x15,sense_4616768,listed,29,0.89
2026-09-14,storagesense,sense_17162,17162,10x15,sense_4616799,delisted,29,0.89
2026-09-14,storagesense,sense_17173,17173,5x9,sense_4613580,listed,,0.89
2026-09-14,storagesense,sense_17173,17173,5x9,sense_4613559,delisted,60,0.89
2026-09-14,storagesense,sense_17209,17209,10x25,sense_4622744,listed,112,0.89
2026-09-14,storagesense,sense_17209,17209,10x25,sense_4623034,delisted,112,0.89
2026-09-14,storagesense,sense_17392,17392,5x10,sense_4791555,listed,34,0.89
2026-09-14,storagesense,sense_17392,17392,12x40,sense_4791579,listed,84,0.89
2026-09-14,storagesense,sense_17392,17392,5x10,sense_4791554,delisted,34,0.89
2026-09-14,storagesense,sense_17392,17392,12x40,sense_4791580,delisted,,0.89
2026-09-14,storagesense,sense_1892,1892,10x10,sense_4692731,listed,,0.89
2026-09-14,storagesense,sense_1892,1892,10x10,sense_4692873,delisted,112,0.89
2026-09-14,storagesense,sense_1976,1976,10x20,sense_4719613,listed,,0.89
2026-09-14,storagesense,sense_1976,1976,10x20,sense_4719670,delisted,124,0.89
2026-09-14,storagesense,sense_1977,1977,5x8,sense_4692938,listed,,0.89
2026-09-14,storagesense,sense_1977,1977,5x8,sense_4691105,delisted,45,0.89
2026-09-14,storagesense,sense_2130,2130,10x20,sense_4696520,listed,107,0.89
2026-09-14,storagesense,sense_2130,2130,10x20,sense_4685943,delisted,107,0.89
2026-09-14,storagesense,sense_2139,2139,10x10,sense_4671941,listed,79,0.89
2026-09-14,storagesense,sense_2139,2139,10x10,sense_4671982,delisted,,0.89
2026-09-14,storagesense,sense_2151,2151,10x25,sense_4701870,listed,199,0.89
2026-09-14,storagesense,sense_2151,2151,10x30,sense_4701793,listed,239,0.89
2026-09-14,storagesense,sense_2151,2151,10x25,sense_4699834,delisted,199,0.89
2026-09-14,storagesense,sense_2151,2151,10x30,sense_4701768,delisted,239,0.89
2026-09-14,storagesense,sense_2165,2165,10x10,sense_4693710,listed,98,0.89
2026-09-14,storagesense,sense_2165,2165,5x10,sense_4689391,listed,,0.89
2026-09-14,storagesense,sense_2165,2165,10x35,sense_4689620,listed,,0.89
2026-09-14,storagesense,sense_2165,2165,5x10,sense_5068263,delisted,82,0.89
2026-09-14,storagesense,sense_2165,2165,10x10,sense_4693738,delisted,110,0.89
2026-09-14,storagesense,sense_2165,2165,10x35,sense_4689584,delisted,338,0.89
2026-09-14,storagesense,sense_2170,2170,10x10,sense_4689279,listed,24,0.89
2026-09-14,storagesense,sense_2170,2170,10x10,sense_4686063,delisted,27,0.89
2026-09-14,storagesense,sense_2171,2171,10x20,sense_4665278,listed,99,0.89
2026-09-14,storagesense,sense_2171,2171,10x30,sense_4665852,listed,,0.89
2026-09-14,storagesense,sense_2171,2171,10x30,sense_4665649,delisted,144,0.89
2026-09-14,storagesense,sense_2171,2171,10x20,sense_4666878,delisted,,0.89
2026-09-14,storagesense,sense_2280,2280,10x10,sense_4840102,listed,111,0.89
2026-09-14,storagesense,sense_2280,2280,10x10,sense_4840099,delisted,99,0.89
2026-09-14,storagesense,sense_2290,2290,5x10,sense_4726725,listed,64,0.89
2026-09-14,storagesense,sense_2290,2290,5x10,sense_4726770,delisted,64,0.89
2026-09-14,storagesense,sense_2307,2307,10x10,sense_4651925,listed,116,0.89
2026-09-14,storagesense,sense_2307,2307,10x10,sense_4651937,delisted,116,0.89
2026-09-14,storagesense,sense_2315,2315,5x10,sense_4611838,listed,,0.89
2026-09-14,storagesense,sense_2315,2315,5x10,sense_4611859,delisted,69,0.89
2026-09-14,storagesense,sense_2341,2341,10x10,sense_4623576,listed,142,0.89
2026-09-14,storagesense,sense_2341,2341,10x10,sense_4623846,delisted,142,0.89
2026-09-14,storagesense,sense_2384,2384,10x10,sense_4636805,listed,86,0.89
2026-09-14,storagesense,sense_2384,2384,10x10,sense_4636397,delisted,97,0.89
2026-09-14,storagesense,sense_2385,2385,10x15,sense_4629745,listed,89,0.89
2026-09-14,storagesense,sense_2385,2385,12x15,sense_4632004,unpriced,19,0.89
2026-09-14,storagesense,sense_2385,2385,10x40,sense_4631519,unpriced,70,0.89
2026-09-14,storagesense,sense_2385,2385,10x15,sense_4629704,delisted,89,0.89
2026-09-14,storagesense,sense_2386,2386,5x10,sense_4617318,listed,99,0.89
2026-09-14,storagesense,sense_2386,2386,5x10,sense_4620029,delisted,,0.89
2026-09-14,storagesense,sense_2390,2390,5x10,sense_4634615,listed,,0.89
2026-09-14,storagesense,sense_2390,2390,10x25,sense_4634868,listed,,0.89
2026-09-14,storagesense,sense_2390,2390,5x10,sense_4635090,delisted,,0.89
2026-09-14,storagesense,sense_2390,2390,10x25,sense_4635058,delisted,,0.89
2026-09-14,storagesense,sense_2391,2391,10x20,sense_4636158,listed,,0.89
2026-09-14,storagesense,sense_2391,2391,10x20,sense_4635980,delisted,161,0.89
2026-09-14,storagesense,sense_2393,2393,10x20,sense_4627871,listed,96,0.89
2026-09-14,storagesense,sense_2393,2393,10x20,sense_4627372,delisted,96,0.89
2026-09-14,storagesense,sense_2403,2403,10x10,sense_4654301,unpriced,82,0.89
2026-09-14,storagesense,sense_2457,2457,10x15,sense_4712337,listed,135,0.89
2026-09-14,storagesense,sense_2457,2457,10x15,sense_4709814,delisted,135,0.89
2026-09-14,storagesense,sense_2507,2507,5x5,sense_5102153,listed,59,0.89
2026-09-14,storagesense,sense_2507,2507,5x5,sense_5102240,delisted,59,0.89
2026-09-14,storagesense,sense_2513,2513,3x10,sense_4720109,listed,50,0.89
2026-09-14,storagesense,sense_2513,2513,3x10,sense_4720169,delisted,44,0.89
2026-09-14,storagesense,sense_2592,2592,5x5,sense_4679186,listed,52,0.89
2026-09-14,storagesense,sense_2592,2592,5x5,sense_4676782,listed,56,0.89
2026-09-14,storagesense,sense_2592,2592,5x5,sense_4681528,delisted,52,0.89
2026-09-14,storagesense,sense_2592,2592,5x5,sense_4678067,delisted,56,0.89
2026-09-14,storagesense,sense_2597,2597,10x5,sense_4660375,listed,55,0.89
2026-09-14,storagesense,sense_2597,2597,10x5,sense_4663290,delisted,49,0.89
2026-09-14,storagesense,sense_2598,2598,12x70,sense_4636352,unpriced,149,0.89
2026-09-14,storagesense,sense_2606,2606,10x25,sense_4686306,listed,,0.89
2026-09-14,storagesense,sense_2606,2606,10x25,sense_4688680,delisted,289,0.89
2026-09-14,storagesense,sense_2650,2650,10x25,sense_4680403,listed,,0.89
2026-09-14,storagesense,sense_2650,2650,10x30,sense_4682475,listed,,0.89
2026-09-14,storagesense,sense_2650,2650,10x40,sense_4680427,listed,,0.89
2026-09-14,storagesense,sense_2650,2650,10x25,sense_4680347,delisted,99,0.89
2026-09-14,storagesense,sense_2650,2650,10x30,sense_4682367,delisted,109,0.89
2026-09-14,storagesense,sense_2650,2650,10x40,sense_5241617,delisted,139,0.89
2026-09-14,storagesense,sense_2678,2678,7x12,sense_4653431,listed,74,0.89
2026-09-14,storagesense,sense_2678,2678,7x12,sense_4656507,delisted,74,0.89
2026-09-14,storagesense,sense_2774,2774,5x10,sense_5287489,listed,27,0.89
2026-09-14,storagesense,sense_2774,2774,5x10,sense_5287491,delisted,27,0.89
2026-09-14,storagesense,sense_2793,2793,10x20,sense_4714170,listed,,0.89
2026-09-14,storagesense,sense_2793,2793,10x20,sense_4714119,delisted,166,0.89
2026-09-14,storagesense,sense_2797,2797,10x10,sense_4707666,listed,83,0.89
2026-09-14,storagesense,sense_2797,2797,10x10,sense_4707477,delisted,83,0.89
2026-09-14,storagesense,sense_2813,2813,10x30,sense_4718749,listed,169,0.89
2026-09-14,storagesense,sense_2813,2813,10x30,sense_4718832,delisted,169,0.89
2026-09-14,storagesense,sense_820,820,5x5,sense_4690140,listed,99,0.89
2026-09-14,storagesense,sense_820,820,5x5,sense_4693016,delisted,99,0.89
2026-09-14,storagesense,sense_836,836,12x30,sense_4622841,listed,,0.89
2026-09-14,storagesense,sense_836,836,12x30,sense_4622960,delisted,246,0.89
2026-09-14,storagesense,sense_838,838,5x10,sense_4646133,listed,,0.89
2026-09-14,storagesense,sense_838,838,5x10,sense_4646283,delisted,99,0.89
2026-09-14,storagesense,sense_848,848,10x20,sense_5319043,listed,,0.89
2026-09-14,storagesense,sense_848,848,10x20,sense_4701766,delisted,201,0.89
2026-09-14,storagesense,sense_851,851,5x15,sense_4648174,listed,,0.89
2026-09-14,storagesense,sense_856,856,5x5,sense_4676505,listed,34,0.89
2026-09-14,storagesense,sense_856,856,5x10,sense_5144136,listed,40,0.89
2026-09-14,storagesense,sense_856,856,5x10,sense_4675190,listed,50,0.89
2026-09-14,storagesense,sense_856,856,10x15,sense_4682204,listed,45,0.89
2026-09-14,storagesense,sense_856,856,5x5,sense_4675402,listed,,0.89
2026-09-14,storagesense,sense_856,856,10x10,sense_4677897,listed,,0.89
2026-09-14,storagesense,sense_856,856,10x10,sense_4676346,listed,,0.89
2026-09-14,storagesense,sense_856,856,10x15,sense_4675453,listed,,0.89
2026-09-14,storagesense,sense_856,856,10x20,sense_4681208,listed,,0.89
2026-09-14,storagesense,sense_856,856,10x30,sense_4677357,listed,,0.89
2026-09-14,storagesense,sense_863,863,10x13,sense_4654303,listed,123,0.89
2026-09-14,storagesense,sense_863,863,10x13,sense_4653492,delisted,123,0.89
2026-09-14,storagesense,sense_865,865,5x10,sense_4642124,listed,108,0.89
2026-09-14,storagesense,sense_865,865,5x15,sense_4642263,listed,,0.89
2026-09-14,storagesense,sense_865,865,10x15,sense_4641017,listed,,0.89
2026-09-14,storagesense,sense_865,865,5x15,sense_4640991,delisted,121,0.89
2026-09-14,storagesense,sense_871,871,10x40,sense_4706599,listed,89,0.89
2026-09-14,storagesense,sense_871,871,10x40,sense_4706551,delisted,89,0.89
2026-09-14,storagesense,sense_1010,1010,10x10,sense_4715261,listed,,0.89
2026-09-14,storagesense,sense_1010,1010,10x10,sense_5250280,delisted,80,0.89
2026-09-14,storagesense,sense_1029,1029,10x15,sense_4660734,listed,,0.89
2026-09-14,storagesense,sense_1029,1029,10x15,sense_4664066,delisted,99,0.89
2026-09-14,storagesense,sense_1030,1030,5x5,sense_4640712,repriced_from_unpriced,14,0.89
2026-09-14,storagesense,sense_1030,1030,5x10,sense_4643012,listed,,0.89
2026-09-14,storagesense,sense_1030,1030,5x10,sense_4642946,delisted,24,0.89
2026-09-14,storagesense,sense_1031,1031,10x25,sense_4668155,listed,,0.89
2026-09-14,storagesense,sense_1031,1031,10x25,sense_4668213,unpriced,89,0.89
2026-09-14,storagesense,sense_1031,1031,10x25,sense_4668245,delisted,89,0.89
2026-09-14,storagesense,sense_1056,1056,10x15,sense_4613224,unpriced,125,0.89
2026-09-14,storagesense,sense_1119,1119,5x10,sense_4692467,listed,,0.89
2026-09-14,storagesense,sense_1119,1119,5x10,sense_4692588,delisted,39,0.89
2026-09-14,storagesense,sense_1369,1369,5x10,sense_4698107,listed,,0.89
2026-09-14,storagesense,sense_1369,1369,5x10,sense_4691549,delisted,59,0.89
2026-09-14,storagesense,sense_1387,1387,10x10,sense_4639065,listed,80,0.89
2026-09-14,storagesense,sense_1387,1387,10x10,sense_5055158,delisted,148,0.89
2026-09-14,storagesense,sense_1465,1465,5x10,sense_4711340,listed,59,0.89
2026-09-14,storagesense,sense_1465,1465,5x10,sense_4710853,delisted,52,0.89
2026-09-14,storagesense,sense_1557,1557,5x10,sense_4892899,unpriced,43,0.89
2026-09-14,storagesense,sense_163709,163709,10x20,sense_4660733,listed,89,0.89
2026-09-14,storagesense,sense_163709,163709,5x5,sense_4660953,listed,39,0.89
2026-09-14,storagesense,sense_163709,163709,10x15,sense_4659709,listed,94,0.89
2026-09-14,storagesense,sense_163709,163709,10x20,sense_4661077,delisted,89,0.89
2026-09-14,storagesense,sense_163709,163709,10x15,sense_4659877,delisted,94,0.89
2026-09-14,storagesense,sense_163709,163709,5x5,sense_4660475,delisted,,0.89
2026-09-14,storagesense,sense_163714,163714,10x20,sense_4662427,repriced_from_unpriced,139,0.89
2026-09-14,storagesense,sense_163756,163756,10x5,sense_4698798,listed,59,0.89
2026-09-14,storagesense,sense_163756,163756,10x5,sense_4692501,delisted,59,0.89
2026-09-14,storagesense,sense_163759,163759,32.5x10,sense_4670740,listed,209,0.89
2026-09-14,storagesense,sense_163759,163759,32.5x10,sense_4670400,delisted,209,0.89
2026-09-15,storagesense,sense_164254,164254,10x15,sense_5366091,listed,169,1.02
2026-09-15,storagesense,sense_164254,164254,10x15,sense_5366093,delisted,169,1.02
2026-09-15,storagesense,sense_163726,163726,5x10,sense_4648584,listed,31,1.02
2026-09-15,storagesense,sense_163726,163726,10x15,sense_4647195,listed,90,1.02
2026-09-15,storagesense,sense_163726,163726,5x5,sense_4647388,listed,,1.02
2026-09-15,storagesense,sense_163726,163726,5x5,sense_4647612,delisted,20,1.02
2026-09-15,storagesense,sense_163726,163726,5x10,sense_4647667,delisted,31,1.02
2026-09-15,storagesense,sense_163726,163726,10x15,sense_4648449,delisted,80,1.02
2026-09-15,storagesense,sense_163764,163764,10x15,sense_4687268,listed,88,1.02
2026-09-15,storagesense,sense_163764,163764,10x20,sense_4687571,listed,166,1.02
2026-09-15,storagesense,sense_163764,163764,10x20,sense_4683773,listed,,1.02
2026-09-15,storagesense,sense_163764,163764,10x15,sense_4684681,delisted,88,1.02
2026-09-15,storagesense,sense_163764,163764,10x20,sense_4687031,delisted,166,1.02
2026-09-15,storagesense,sense_163764,163764,10x20,sense_4683883,delisted,172,1.02
2026-09-15,storagesense,sense_163794,163794,5x10,sense_4727236,listed,34,1.02
2026-09-15,storagesense,sense_163794,163794,5x10,sense_4727239,delisted,34,1.02
2026-09-15,storagesense,sense_163794,163794,5x10,sense_4727148,delisted,,1.02
2026-09-15,storagesense,sense_163794,163794,5x10,sense_4727490,delisted,,1.02
2026-09-15,storagesense,sense_163794,163794,10x10,sense_4727694,delisted,,1.02
2026-09-15,storagesense,sense_163794,163794,10x10,sense_4727648,delisted,,1.02
2026-09-15,storagesense,sense_163794,163794,10x20,sense_4727439,delisted,,1.02
2026-09-15,storagesense,sense_163794,163794,10x30,sense_4727100,delisted,,1.02
2026-09-15,storagesense,sense_163796,163796,10x18,sense_4715491,listed,,1.02
2026-09-15,storagesense,sense_163796,163796,10x18,sense_4718022,delisted,110,1.02
2026-09-15,storagesense,sense_163797,163797,5x5,sense_4726252,repriced_from_unpriced,14,1.02
2026-09-15,storagesense,sense_163810,163810,10x10,sense_4872687,delisted,,1.02
2026-09-15,storagesense,sense_163810,163810,10x15,sense_4996998,delisted,,1.02
2026-09-15,storagesense,sense_163810,163810,10x20,sense_4997018,delisted,,1.02
2026-09-15,storagesense,sense_163839,163839,10x10,sense_4841949,listed,79,1.02
2026-09-15,storagesense,sense_163839,163839,10x15,sense_4841983,listed,,1.02
2026-09-15,storagesense,sense_163839,163839,10x10,sense_4841924,delisted,79,1.02
2026-09-15,storagesense,sense_163839,163839,10x10,sense_4842215,delisted,109,1.02
2026-09-15,storagesense,sense_163839,163839,10x15,sense_4841891,delisted,119,1.02
2026-09-15,storagesense,sense_163839,163839,5x5,sense_4842454,delisted,,1.02
2026-09-15,storagesense,sense_163839,163839,5x10,sense_4842518,delisted,,1.02
2026-09-15,storagesense,sense_163839,163839,10x15,sense_4842353,delisted,,1.02
2026-09-15,storagesense,sense_163839,163839,10x20,sense_4842386,delisted,,1.02
2026-09-15,storagesense,sense_163868,163868,10x15,sense_4619253,listed,110,1.02
2026-09-15,storagesense,sense_163868,163868,10x15,sense_4619097,delisted,110,1.02
2026-09-15,storagesense,sense_163879,163879,5x10,sense_4617198,listed,77,1.02
2026-09-15,storagesense,sense_163879,163879,10x10,sense_4618844,repriced_from_unpriced,96,1.02
2026-09-15,storagesense,sense_163879,163879,5x10,sense_5302582,delisted,77,1.02
2026-09-15,storagesense,sense_163882,163882,5x10,sense_4635465,listed,66,1.02
2026-09-15,storagesense,sense_163882,163882,10x10,sense_4635124,listed,127,1.02
2026-09-15,storagesense,sense_163882,163882,10x10,sense_4635433,delisted,127,1.02
2026-09-15,storagesense,sense_163882,163882,5x10,sense_4635374,delisted,,1.02
2026-09-15,storagesense,sense_163883,163883,5x6,sense_5267101,repriced_from_unpriced,75,1.02
2026-09-15,storagesense,sense_163883,163883,8x8,sense_5267031,listed,138,1.02
2026-09-15,storagesense,sense_163883,163883,8x9,sense_5267015,listed,129,1.02
2026-09-15,storagesense,sense_163883,163883,8x8,sense_5267009,delisted,124,1.02
2026-09-15,storagesense,sense_163883,163883,8x9,sense_5267013,delisted,115,1.02
2026-09-15,storagesense,sense_163884,163884,10x10,sense_4620452,listed,64,1.02
2026-09-15,storagesense,sense_163884,163884,10x15,sense_4625202,listed,119,1.02
2026-09-15,storagesense,sense_163884,163884,10x20,sense_4627452,listed,,1.02
2026-09-15,storagesense,sense_163884,163884,10x10,sense_4620432,delisted,64,1.02
2026-09-15,storagesense,sense_163884,163884,10x20,sense_4626910,delisted,159,1.02
2026-09-15,storagesense,sense_163884,163884,10x15,sense_4627702,delisted,,1.02
2026-09-15,storagesense,sense_163886,163886,10x10,sense_4616732,listed,132,1.02
2026-09-15,storagesense,sense_163886,163886,10x10,sense_4616516,delisted,132,1.02
2026-09-15,storagesense,sense_163958,163958,10x25,sense_4895094,listed,159,1.02
2026-09-15,storagesense,sense_163958,163958,10x25,sense_4895405,delisted,179,1.02
2026-09-15,storagesense,sense_163987,163987,5x10,sense_4920756,delisted,,1.02
2026-09-15,storagesense,sense_163987,163987,10x10,sense_4920561,delisted,,1.02
2026-09-15,storagesense,sense_163987,163987,10x10,sense_4920769,delisted,,1.02
2026-09-15,storagesense,sense_163987,163987,10x15,sense_4920732,delisted,,1.02
2026-09-15,storagesense,sense_163987,163987,10x15,sense_4920762,delisted,,1.02
2026-09-15,storagesense,sense_163987,163987,10x20,sense_4920574,delisted,,1.02
2026-09-15,storagesense,sense_163987,163987,10x20,sense_4920879,delisted,,1.02
2026-09-15,storagesense,sense_163987,163987,10x25,sense_4921010,delisted,,1.02
2026-09-15,storagesense,sense_163987,163987,10x30,sense_4920905,delisted,,1.02
2026-09-15,storagesense,sense_163987,163987,10x30,sense_4920454,delisted,,1.02
2026-09-15,storagesense,sense_163987,163987,15x30,sense_4920813,delisted,,1.02
2026-09-15,storagesense,sense_163993,163993,5x10,sense_4924047,listed,30,1.02
2026-09-15,storagesense,sense_163993,163993,5x10,sense_4924102,delisted,30,1.02
2026-09-15,storagesense,sense_164050,164050,10x20,sense_4976407,listed,179,1.02
2026-09-15,storagesense,sense_164050,164050,10x20,sense_4976370,delisted,,1.02
2026-09-15,storagesense,sense_164051,164051,10x10,sense_4976609,listed,,1.02
2026-09-15,storagesense,sense_164051,164051,10x20,sense_4976633,listed,,1.02
2026-09-15,storagesense,sense_164051,164051,10x10,sense_4976583,delisted,,1.02
2026-09-15,storagesense,sense_164051,164051,10x20,sense_4976622,delisted,,1.02
2026-09-15,storagesense,sense_164053,164053,5x10,sense_4977140,listed,,1.02
2026-09-15,storagesense,sense_164053,164053,5x10,sense_4977125,delisted,34,1.02
2026-09-15,storagesense,sense_164054,164054,5x5,sense_4977653,listed,24,1.02
2026-09-15,storagesense,sense_164054,164054,5x5,sense_4977661,delisted,,1.02
2026-09-15,storagesense,sense_164057,164057,10x20,sense_4979723,listed,219,1.02
2026-09-15,storagesense,sense_164057,164057,10x25,sense_4979580,listed,156,1.02
2026-09-15,storagesense,sense_164057,164057,10x15,sense_4979967,listed,,1.02
2026-09-15,storagesense,sense_164057,164057,10x15,sense_5363772,delisted,71,1.02
2026-09-15,storagesense,sense_164057,164057,10x20,sense_4979638,delisted,105,1.02
2026-09-15,storagesense,sense_164057,164057,10x25,sense_4979599,delisted,,1.02
2026-09-15,storagesense,sense_164069,164069,10x20,sense_4984524,listed,264,1.02
2026-09-15,storagesense,sense_164069,164069,10x30,sense_4984492,listed,,1.02
2026-09-15,storagesense,sense_164069,164069,10x20,sense_4984530,delisted,235,1.02
2026-09-15,storagesense,sense_164069,164069,10x30,sense_4984493,delisted,422,1.02
2026-09-15,storagesense,sense_164072,164072,10x8,sense_4987040,listed,41,1.02
2026-09-15,storagesense,sense_164072,164072,15x15,sense_4986949,repriced_from_unpriced,89,1.02
2026-09-15,storagesense,sense_164072,164072,10x8,sense_4987003,delisted,36,1.02
2026-09-15,storagesense,sense_164130,164130,10x7.5,sense_5027050,listed,49,1.02
2026-09-15,storagesense,sense_164130,164130,10x10,sense_5026902,listed,54,1.02
2026-09-15,storagesense,sense_164130,164130,10x7.5,sense_5027052,delisted,51,1.02
2026-09-15,storagesense,sense_164130,164130,10x10,sense_5026948,delisted,54,1.02
2026-09-15,storagesense,sense_164135,164135,5x5,sense_5036458,listed,49,1.02
2026-09-15,storagesense,sense_164135,164135,5x5,sense_5036455,delisted,49,1.02
2026-09-15,storagesense,sense_164187,164187,10x30,sense_5089946,listed,99,1.02
2026-09-15,storagesense,sense_164187,164187,10x30,sense_5089947,delisted,99,1.02
2026-09-15,storagesense,sense_164223,164223,10x15,sense_5187647,listed,219,1.02
2026-09-15,storagesense,sense_164223,164223,10x15,sense_5187551,delisted,,1.02
2026-09-15,storagesense,sense_164246,164246,10x5,sense_5335544,listed,92,1.02
2026-09-15,storagesense,sense_164246,164246,10x5,sense_5335542,delisted,92,1.02
2026-09-15,storagesense,sense_16996,16996,10x10,sense_4638644,listed,120,1.02
2026-09-15,storagesense,sense_16996,16996,10x10,sense_4638161,delisted,96,1.02
2026-09-15,storagesense,sense_16997,16997,10x20,sense_5198926,listed,99,1.02
2026-09-15,storagesense,sense_16997,16997,10x20,sense_5198925,delisted,79,1.02
2026-09-15,storagesense,sense_17038,17038,5x10,sense_4707219,listed,44,1.02
2026-09-15,storagesense,sense_17038,17038,5x10,sense_4707266,delisted,50,1.02
2026-09-15,storagesense,sense_17040,17040,10x24,sense_4650379,listed,155,1.02
2026-09-15,storagesense,sense_17040,17040,10x50,sense_4651003,listed,,1.02
2026-09-15,storagesense,sense_17040,17040,10x50,sense_4651012,delisted,72,1.02
2026-09-15,storagesense,sense_17040,17040,10x24,sense_4650481,delisted,,1.02
2026-09-15,storagesense,sense_17057,17057,10x20,sense_4928924,listed,134,1.02
2026-09-15,storagesense,sense_17057,17057,10x20,sense_4930137,delisted,134,1.02
2026-09-15,storagesense,sense_17080,17080,5x10,sense_4681723,listed,116,1.02
2026-09-15,storagesense,sense_17080,17080,10x15,sense_4680775,listed,179,1.02
2026-09-15,storagesense,sense_17080,17080,10x5,sense_4678695,delisted,99,1.02
2026-09-15,storagesense,sense_17080,17080,5x10,sense_4682757,delisted,116,1.02
2026-09-15,storagesense,sense_17080,17080,10x10,sense_4680876,delisted,169,1.02
2026-09-15,storagesense,sense_17080,17080,8x30,sense_4678405,delisted,299,1.02
2026-09-15,storagesense,sense_17080,17080,5x5,sense_4680539,delisted,,1.02
2026-09-15,storagesense,sense_17080,17080,5x8,sense_4679192,delisted,,1.02
2026-09-15,storagesense,sense_17080,17080,5x10,sense_4681978,delisted,,1.02
2026-09-15,storagesense,sense_17080,17080,10x8,sense_4679131,delisted,,1.02
2026-09-15,storagesense,sense_17080,17080,10x15,sense_4680285,delisted,,1.02
2026-09-15,storagesense,sense_17080,17080,10x15,sense_4676606,delisted,,1.02
2026-09-15,storagesense,sense_17098,17098,5x5,sense_4715720,listed,74,1.02
2026-09-15,storagesense,sense_17098,17098,10x15,sense_4721557,listed,216,1.02
2026-09-15,storagesense,sense_17098,17098,10x15,sense_4714725,listed,224,1.02
2026-09-15,storagesense,sense_17098,17098,10x25,sense_4715978,listed,359,1.02
2026-09-15,storagesense,sense_17098,17098,5x5,sense_4715155,delisted,66,1.02
2026-09-15,storagesense,sense_17098,17098,10x15,sense_4721924,delisted,189,1.02
2026-09-15,storagesense,sense_17098,17098,10x15,sense_4715263,delisted,,1.02
2026-09-15,storagesense,sense_17098,17098,10x25,sense_4716539,delisted,,1.02
2026-09-15,storagesense,sense_17123,17123,10x10,sense_4840564,listed,100,1.02
2026-09-15,storagesense,sense_17123,17123,10x15,sense_4840388,listed,249,1.02
2026-09-15,storagesense,sense_17123,17123,10x10,sense_4840545,delisted,89,1.02
2026-09-15,storagesense,sense_17123,17123,10x15,sense_4840412,delisted,199,1.02
2026-09-15,storagesense,sense_17124,17124,10x22,sense_4716793,listed,,1.02
2026-09-15,storagesense,sense_17124,17124,10x22,sense_4716825,delisted,162,1.02
2026-09-15,storagesense,sense_17162,17162,10x10,sense_4610767,listed,34,1.02
2026-09-15,storagesense,sense_17162,17162,10x15,sense_4616799,listed,29,1.02
2026-09-15,storagesense,sense_17162,17162,10x30,sense_4611839,listed,,1.02
2026-09-15,storagesense,sense_17162,17162,10x10,sense_4610773,delisted,34,1.02
2026-09-15,storagesense,sense_17162,17162,10x15,sense_4616768,delisted,29,1.02
2026-09-15,storagesense,sense_17162,17162,10x30,sense_4611814,delisted,106,1.02
2026-09-15,storagesense,sense_17173,17173,10x10,sense_4614324,listed,93,1.02
2026-09-15,storagesense,sense_17173,17173,10x19,sense_5382108,listed,117,1.02
2026-09-15,storagesense,sense_17173,17173,11x19,sense_5382107,listed,129,1.02
2026-09-15,storagesense,sense_17173,17173,10x10,sense_4614399,delisted,,1.02
2026-09-15,storagesense,sense_17173,17173,10x19,sense_4613371,delisted,,1.02
2026-09-15,storagesense,sense_17173,17173,11x19,sense_4613508,delisted,,1.02
2026-09-15,storagesense,sense_17207,17207,10x15,sense_4610680,listed,154,1.02
2026-09-15,storagesense,sense_17207,17207,10x20,sense_4610388,listed,214,1.02
2026-09-15,storagesense,sense_17207,17207,10x15,sense_4610564,delisted,136,1.02
2026-09-15,storagesense,sense_17207,17207,10x20,sense_4610508,delisted,189,1.02
2026-09-15,storagesense,sense_17208,17208,10x20,sense_4625649,listed,224,1.02
2026-09-15,storagesense,sense_17208,17208,10x30,sense_4628223,listed,,1.02
2026-09-15,storagesense,sense_17208,17208,10x20,sense_4625875,delisted,226,1.02
2026-09-15,storagesense,sense_17208,17208,10x30,sense_4625165,delisted,276,1.02
2026-09-15,storagesense,sense_17238,17238,15x20,sense_4694565,listed,,1.02
2026-09-15,storagesense,sense_17238,17238,15x20,sense_4692515,delisted,254,1.02
2026-09-15,storagesense,sense_17280,17280,10x15,sense_4929210,listed,114,1.02
2026-09-15,storagesense,sense_17280,17280,12x40,sense_4917493,listed,159,1.02
2026-09-15,storagesense,sense_17280,17280,10x15,sense_4688331,delisted,114,1.02
2026-09-15,storagesense,sense_17280,17280,12x40,sense_4917484,delisted,159,1.02
2026-09-15,storagesense,sense_17284,17284,10x10,sense_4651022,listed,121,1.02
2026-09-15,storagesense,sense_17284,17284,10x10,sense_4651006,delisted,,1.02
2026-09-15,storagesense,sense_17392,17392,8x10,sense_4791508,listed,65,1.02
2026-09-15,storagesense,sense_17392,17392,8x8,sense_4791695,listed,57,1.02
2026-09-15,storagesense,sense_17392,17392,8x10,sense_4933224,delisted,65,1.02
2026-09-15,storagesense,sense_17392,17392,8x8,sense_4933212,delisted,57,1.02
2026-09-15,storagesense,sense_17403,17403,5x10,sense_5378286,listed,74,1.02
2026-09-15,storagesense,sense_17403,17403,10x15,sense_5378287,listed,105,1.02
2026-09-15,storagesense,sense_17403,17403,5x10,sense_4838275,delisted,74,1.02
2026-09-15,storagesense,sense_17403,17403,10x15,sense_5355941,delisted,118,1.02
2026-09-15,storagesense,sense_17405,17405,10x13,sense_5030236,listed,229,1.02
2026-09-15,storagesense,sense_17405,17405,10x30,sense_4840916,listed,234,1.02
2026-09-15,storagesense,sense_17405,17405,10x13,sense_5030237,delisted,146,1.02
2026-09-15,storagesense,sense_17405,17405,10x30,sense_4840414,delisted,234,1.02
2026-09-15,storagesense,sense_17409,17409,10x10,sense_4645619,listed,119,1.02
2026-09-15,storagesense,sense_17409,17409,10x10,sense_4642761,delisted,119,1.02
2026-09-15,storagesense,sense_1852,1852,5x5,sense_5055622,listed,94,1.02
2026-09-15,storagesense,sense_1852,1852,10x10,sense_4709868,listed,129,1.02
2026-09-15,storagesense,sense_1852,1852,10x10,sense_5304809,delisted,129,1.02
2026-09-15,storagesense,sense_1852,1852,5x5,sense_4710125,delisted,,1.02
2026-09-15,storagesense,sense_1892,1892,10x20,sense_4693052,listed,133,1.02
2026-09-15,storagesense,sense_1892,1892,10x20,sense_4693183,delisted,,1.02
2026-09-15,storagesense,sense_1915,1915,5x5,sense_4647601,listed,21,1.02
2026-09-15,storagesense,sense_1915,1915,5x15,sense_4643748,repriced_from_unpriced,30,1.02
2026-09-15,storagesense,sense_1915,1915,10x10,sense_4650847,listed,50,1.02
2026-09-15,storagesense,sense_1915,1915,10x30,sense_4644095,listed,,1.02
2026-09-15,storagesense,sense_1915,1915,10x10,sense_5159711,delisted,50,1.02
2026-09-15,storagesense,sense_1915,1915,10x30,sense_4644075,delisted,130,1.02
2026-09-15,storagesense,sense_1915,1915,5x5,sense_4644348,delisted,,1.02
2026-09-15,storagesense,sense_1918,1918,10x10,sense_4694559,listed,99,1.02
2026-09-15,storagesense,sense_1918,1918,10x30,sense_4698229,listed,149,1.02
2026-09-15,storagesense,sense_1918,1918,10x30,sense_4697854,delisted,149,1.02
2026-09-15,storagesense,sense_1918,1918,10x10,sense_4693501,delisted,,1.02
2026-09-15,storagesense,sense_1983,1983,5x5,sense_4712111,listed,36,1.02
2026-09-15,storagesense,sense_1983,1983,10x10,sense_4709797,listed,203,1.02
2026-09-15,storagesense,sense_1983,1983,10x15,sense_4710437,listed,116,1.02
2026-09-15,storagesense,sense_1983,1983,10x30,sense_4711093,listed,242,1.02
2026-09-15,storagesense,sense_1983,1983,13x25,sense_4710656,repriced_from_unpriced,258,1.02
2026-09-15,storagesense,sense_1983,1983,5x5,sense_4712316,delisted,36,1.02
2026-09-15,storagesense,sense_1983,1983,10x10,sense_4711542,delisted,97,1.02
2026-09-15,storagesense,sense_1983,1983,10x30,sense_4712709,delisted,242,1.02
2026-09-15,storagesense,sense_1983,1983,10x15,sense_4712191,delisted,,1.02
2026-09-15,storagesense,sense_2100,2100,10x20,sense_4671970,listed,135,1.02
2026-09-15,storagesense,sense_2100,2100,10x30,sense_4675071,listed,,1.02
2026-09-15,storagesense,sense_2100,2100,20x30,sense_4672435,listed,,1.02
2026-09-15,storagesense,sense_2100,2100,10x30,sense_4672291,delisted,165,1.02
2026-09-15,storagesense,sense_2100,2100,20x30,sense_4672415,delisted,200,1.02
2026-09-15,storagesense,sense_2100,2100,10x20,sense_4677372,delisted,,1.02
2026-09-15,storagesense,sense_2114,2114,10x15,sense_4687272,listed,149,1.02
2026-09-15,storagesense,sense_2117,2117,5x10,sense_4662203,listed,59,1.02
2026-09-15,storagesense,sense_2117,2117,10x10,sense_4662966,listed,74,1.02
2026-09-15,storagesense,sense_2117,2117,5x10,sense_4663226,delisted,59,1.02
2026-09-15,storagesense,sense_2117,2117,10x10,sense_4662751,delisted,74,1.02
2026-09-15,storagesense,sense_2121,2121,10x10,sense_4666143,listed,269,1.02
2026-09-15,storagesense,sense_2121,2121,10x10,sense_4666108,delisted,,1.02
2026-09-15,storagesense,sense_2130,2130,5x5,sense_5378225,listed,37,1.02
2026-09-15,storagesense,sense_2130,2130,10x15,sense_5378226,listed,100,1.02
2026-09-15,storagesense,sense_2130,2130,5x5,sense_4689754,delisted,37,1.02
2026-09-15,storagesense,sense_2130,2130,10x15,sense_4695649,delisted,113,1.02
2026-09-15,storagesense,sense_2136,2136,5x10,sense_4676744,listed,52,1.02
2026-09-15,storagesense,sense_2136,2136,10x20,sense_4679210,listed,187,1.02
2026-09-15,storagesense,sense_2136,2136,8x10,sense_4678627,listed,,1.02
2026-09-15,storagesense,sense_2136,2136,10x10,sense_4676001,unpriced,91,1.02
2026-09-15,storagesense,sense_2136,2136,5x10,sense_4677948,delisted,82,1.02
2026-09-15,storagesense,sense_2136,2136,8x10,sense_4677766,delisted,81,1.02
2026-09-15,storagesense,sense_2136,2136,10x20,sense_4677616,delisted,,1.02
2026-09-15,storagesense,sense_2137,2137,5x10,sense_4677599,listed,44,1.02
2026-09-15,storagesense,sense_2137,2137,10x10,sense_4672309,listed,79,1.02
2026-09-15,storagesense,sense_2137,2137,10x10,sense_4674139,listed,79,1.02
2026-09-15,storagesense,sense_2137,2137,5x10,sense_4670271,delisted,45,1.02
2026-09-15,storagesense,sense_2137,2137,10x10,sense_4675332,delisted,79,1.02
2026-09-15,storagesense,sense_2137,2137,10x10,sense_4670743,delisted,80,1.02
2026-09-15,storagesense,sense_2138,2138,10x20,sense_4686516,listed,44,1.02
2026-09-15,storagesense,sense_2138,2138,10x20,sense_4686329,delisted,,1.02
2026-09-15,storagesense,sense_2140,2140,10x10,sense_4630763,listed,147,1.02
2026-09-15,storagesense,sense_2140,2140,5x10,sense_5337054,unpriced,95,1.02
2026-09-15,storagesense,sense_2140,2140,10x10,sense_4631294,delisted,,1.02
2026-09-15,storagesense,sense_2143,2143,10x10,sense_4678549,listed,203,1.02
2026-09-15,storagesense,sense_2143,2143,10x10,sense_4676987,delisted,182,1.02
2026-09-15,storagesense,sense_2151,2151,5x10,sense_4701358,listed,79,1.02
2026-09-15,storagesense,sense_2151,2151,10x25,sense_4703477,listed,74,1.02
2026-09-15,storagesense,sense_2151,2151,5x10,sense_4701410,delisted,84,1.02
2026-09-15,storagesense,sense_2151,2151,10x25,sense_4703697,delisted,59,1.02
2026-09-15,storagesense,sense_2152,2152,10x30,sense_4698319,listed,279,1.02
2026-09-15,storagesense,sense_2152,2152,10x30,sense_4698173,delisted,279,1.02
2026-09-15,storagesense,sense_2165,2165,5x10,sense_5068263,listed,82,1.02
2026-09-15,storagesense,sense_2165,2165,5x10,sense_4689391,delisted,,1.02
2026-09-15,storagesense,sense_2170,2170,10x30,sense_4691390,listed,54,1.02
2026-09-15,storagesense,sense_2170,2170,10x30,sense_4691625,delisted,54,1.02
2026-09-15,storagesense,sense_2171,2171,10x20,sense_4666964,listed,111,1.02
2026-09-15,storagesense,sense_2171,2171,10x20,sense_4666862,delisted,99,1.02
2026-09-15,storagesense,sense_2230,2230,10x10,sense_4691611,delisted,101,1.02
2026-09-15,storagesense,sense_2230,2230,10x15,sense_4692281,delisted,110,1.02
2026-09-15,storagesense,sense_2230,2230,5x10,sense_4690898,delisted,,1.02
2026-09-15,storagesense,sense_2230,2230,8x10,sense_4691435,delisted,,1.02
2026-09-15,storagesense,sense_2230,2230,8x10,sense_4689715,delisted,,1.02
2026-09-15,storagesense,sense_2230,2230,10x10,sense_4690961,delisted,,1.02
2026-09-15,storagesense,sense_2230,2230,10x15,sense_4691125,delisted,,1.02
2026-09-15,storagesense,sense_2238,2238,8x20,sense_5207290,listed,133,1.02
2026-09-15,storagesense,sense_2238,2238,10x20,sense_4688232,listed,147,1.02
2026-09-15,storagesense,sense_2238,2238,8x20,sense_4688635,delisted,,1.02
2026-09-15,storagesense,sense_2238,2238,10x20,sense_4688335,delisted,,1.02
2026-09-15,storagesense,sense_2280,2280,10x30,sense_4840112,listed,169,1.02
2026-09-15,storagesense,sense_2280,2280,10x30,sense_4840127,listed,169,1.02
2026-09-15,storagesense,sense_2280,2280,10x10,sense_4840125,listed,89,1.02
2026-09-15,storagesense,sense_2280,2280,10x15,sense_4840094,listed,109,1.02
2026-09-15,storagesense,sense_2280,2280,10x20,sense_4840227,listed,,1.02
2026-09-15,storagesense,sense_2280,2280,10x30,sense_4840091,delisted,169,1.02
2026-09-15,storagesense,sense_2280,2280,10x30,sense_4839571,delisted,169,1.02
2026-09-15,storagesense,sense_2280,2280,10x10,sense_4840102,delisted,111,1.02
2026-09-15,storagesense,sense_2280,2280,10x15,sense_4840117,delisted,114,1.02
2026-09-15,storagesense,sense_2280,2280,10x20,sense_5025905,delisted,,1.02
2026-09-15,storagesense,sense_2290,2290,5x10,sense_4726770,listed,64,1.02
2026-09-15,storagesense,sense_2290,2290,5x10,sense_4726725,delisted,64,1.02
2026-09-15,storagesense,sense_2291,2291,5x10,sense_4726179,listed,,1.02
2026-09-15,storagesense,sense_2291,2291,10x20,sense_4726271,listed,,1.02
2026-09-15,storagesense,sense_2291,2291,5x10,sense_4726094,delisted,60,1.02
2026-09-15,storagesense,sense_2291,2291,10x20,sense_4725853,delisted,120,1.02
2026-09-15,storagesense,sense_2306,2306,10x20,sense_4680637,listed,99,1.02
2026-09-15,storagesense,sense_2306,2306,5x10,sense_5030966,delisted,,1.02
2026-09-15,storagesense,sense_2306,2306,5x10,sense_5030963,delisted,,1.02
2026-09-15,storagesense,sense_2306,2306,5x10,sense_5030969,delisted,,1.02
2026-09-15,storagesense,sense_2306,2306,5x15,sense_5030961,delisted,,1.02
2026-09-15,storagesense,sense_2306,2306,10x10,sense_4681644,delisted,,1.02
2026-09-15,storagesense,sense_2306,2306,10x15,sense_4683860,delisted,,1.02
2026-09-15,storagesense,sense_2306,2306,10x15,sense_4687057,delisted,,1.02
2026-09-15,storagesense,sense_2306,2306,10x15,sense_4686065,delisted,,1.02
2026-09-15,storagesense,sense_2306,2306,10x20,sense_4685822,delisted,,1.02
2026-09-15,storagesense,sense_2306,2306,10x20,sense_5030967,delisted,,1.02
2026-09-15,storagesense,sense_2306,2306,10x20,sense_4683564,delisted,,1.02
2026-09-15,storagesense,sense_2306,2306,10x20,sense_4681049,delisted,,1.02
2026-09-15,storagesense,sense_2307,2307,5x10,sense_4651961,listed,72,1.02
2026-09-15,storagesense,sense_2307,2307,10x10,sense_4651937,listed,116,1.02
2026-09-15,storagesense,sense_2307,2307,10x30,sense_4647761,unpriced,182,1.02
2026-09-15,storagesense,sense_2307,2307,5x10,sense_4651841,delisted,72,1.02
2026-09-15,storagesense,sense_2307,2307,10x10,sense_4651925,delisted,116,1.02
2026-09-15,storagesense,sense_2323,2323,5x5,sense_4664216,listed,79,1.02
2026-09-15,storagesense,sense_2323,2323,10x10,sense_5331564,listed,179,1.02
2026-09-15,storagesense,sense_2323,2323,5x5,sense_4664563,delisted,,1.02
2026-09-15,storagesense,sense_2323,2323,10x10,sense_4663527,delisted,,1.02
2026-09-15,storagesense,sense_2324,2324,10x30,sense_4684549,listed,185,1.02
2026-09-15,storagesense,sense_2324,2324,10x30,sense_4684527,delisted,,1.02
2026-09-15,storagesense,sense_2325,2325,10x20,sense_4673007,unpriced,88,1.02
2026-09-15,storagesense,sense_2326,2326,10x10,sense_4615721,listed,91,1.02
2026-09-15,storagesense,sense_2326,2326,10x15,sense_4616517,listed,175,1.02
2026-09-15,storagesense,sense_2326,2326,20x20,sense_4616967,listed,293,1.02
2026-09-15,storagesense,sense_2326,2326,10x15,sense_4620003,delisted,112,1.02
2026-09-15,storagesense,sense_2326,2326,20x20,sense_4621598,delisted,261,1.02
2026-09-15,storagesense,sense_2326,2326,5x10,sense_4618214,delisted,,1.02
2026-09-15,storagesense,sense_2326,2326,10x10,sense_4616185,delisted,,1.02
2026-09-15,storagesense,sense_2326,2326,10x10,sense_4615957,delisted,,1.02
2026-09-15,storagesense,sense_2326,2326,10x10,sense_4613584,delisted,,1.02
2026-09-15,storagesense,sense_2326,2326,10x15,sense_4616369,delisted,,1.02
2026-09-15,storagesense,sense_2326,2326,10x15,sense_4616309,delisted,,1.02
2026-09-15,storagesense,sense_2326,2326,10x20,sense_4621055,delisted,,1.02
2026-09-15,storagesense,sense_2326,2326,10x20,sense_4613474,delisted,,1.02
2026-09-15,storagesense,sense_2336,2336,10x10,sense_4686567,delisted,145,1.02
2026-09-15,storagesense,sense_2336,2336,10x15,sense_4690286,delisted,210,1.02
2026-09-15,storagesense,sense_2336,2336,15x20,sense_4691831,delisted,348,1.02
2026-09-15,storagesense,sense_2336,2336,5x10,sense_4688016,delisted,,1.02
2026-09-15,storagesense,sense_2336,2336,10x10,sense_4688334,delisted,,1.02
2026-09-15,storagesense,sense_2336,2336,10x20,sense_4691250,delisted,,1.02
2026-09-15,storagesense,sense_2336,2336,10x25,sense_4690978,delisted,,1.02
2026-09-15,storagesense,sense_2336,2336,20x20,sense_4687720,delisted,,1.02
2026-09-15,storagesense,sense_2340,2340,10x10,sense_4921851,listed,64,1.02
2026-09-15,storagesense,sense_2340,2340,20x15,sense_5225613,listed,286,1.02
2026-09-15,storagesense,sense_2340,2340,10x10,sense_4705011,listed,,1.02
2026-09-15,storagesense,sense_2340,2340,10x20,sense_4700873,unpriced,179,1.02
2026-09-15,storagesense,sense_2340,2340,10x10,sense_4699386,delisted,64,1.02
2026-09-15,storagesense,sense_2340,2340,10x10,sense_4699171,delisted,84,1.02
2026-09-15,storagesense,sense_2340,2340,20x15,sense_4696809,delisted,137,1.02
2026-09-15,storagesense,sense_2346,2346,10x20,sense_4674219,listed,264,1.02
2026-09-15,storagesense,sense_2346,2346,10x20,sense_4673293,delisted,264,1.02
2026-09-15,storagesense,sense_2356,2356,10x10,sense_4621565,listed,,1.02
2026-09-15,storagesense,sense_2356,2356,10x10,sense_4622467,delisted,119,1.02
2026-09-15,storagesense,sense_2364,2364,5x5,sense_4628254,listed,27,1.02
2026-09-15,storagesense,sense_2364,2364,10x10,sense_4625606,listed,75,1.02
2026-09-15,storagesense,sense_2364,2364,11x38,sense_4630486,listed,99,1.02
2026-09-15,storagesense,sense_2364,2364,5x5,sense_4627166,delisted,31,1.02
2026-09-15,storagesense,sense_2364,2364,10x10,sense_4625594,delisted,75,1.02
2026-09-15,storagesense,sense_2364,2364,11x38,sense_4630989,delisted,99,1.02
2026-09-15,storagesense,sense_2371,2371,10x20,sense_4616166,listed,94,1.02
2026-09-15,storagesense,sense_2371,2371,10x20,sense_4613855,listed,164,1.02
2026-09-15,storagesense,sense_2371,2371,10x20,sense_4617656,delisted,94,1.02
2026-09-15,storagesense,sense_2371,2371,10x20,sense_4614535,delisted,164,1.02
2026-09-15,storagesense,sense_2383,2383,10x15,sense_4622360,listed,259,1.02
2026-09-15,storagesense,sense_2383,2383,10x15,sense_4622337,delisted,259,1.02
2026-09-15,storagesense,sense_2384,2384,10x15,sense_4994519,repriced_from_unpriced,94,1.02
2026-09-15,storagesense,sense_2385,2385,10x40,sense_4631519,repriced_from_unpriced,70,1.02
2026-09-15,storagesense,sense_2385,2385,5x5,sense_4628707,listed,,1.02
2026-09-15,storagesense,sense_2385,2385,5x5,sense_4630656,delisted,45,1.02
2026-09-15,storagesense,sense_2386,2386,5x5,sense_4617765,listed,61,1.02
2026-09-15,storagesense,sense_2386,2386,10x10,sense_4615148,listed,137,1.02
2026-09-15,storagesense,sense_2386,2386,5x5,sense_4618049,delisted,54,1.02
2026-09-15,storagesense,sense_2386,2386,10x10,sense_4615069,delisted,109,1.02
2026-09-15,storagesense,sense_2388,2388,10x15,sense_4633937,listed,99,1.02
2026-09-15,storagesense,sense_2388,2388,10x15,sense_4634752,delisted,,1.02
2026-09-15,storagesense,sense_2389,2389,10x10,sense_4624878,listed,167,1.02
2026-09-15,storagesense,sense_2389,2389,10x10,sense_4621144,delisted,80,1.02
2026-09-15,storagesense,sense_2390,2390,5x10,sense_4635090,listed,,1.02
2026-09-15,storagesense,sense_2390,2390,10x12,sense_4633783,listed,,1.02
2026-09-15,storagesense,sense_2390,2390,10x15,sense_4633048,listed,,1.02
2026-09-15,storagesense,sense_2390,2390,10x25,sense_4635058,listed,,1.02
2026-09-15,storagesense,sense_2390,2390,10x15,sense_4632985,delisted,86,1.02
2026-09-15,storagesense,sense_2390,2390,5x10,sense_4634615,delisted,,1.02
2026-09-15,storagesense,sense_2390,2390,10x12,sense_4634110,delisted,,1.02
2026-09-15,storagesense,sense_2390,2390,10x25,sense_4634868,delisted,,1.02
2026-09-15,storagesense,sense_2390,2390,20x20,sense_4634982,delisted,,1.02
2026-09-15,storagesense,sense_2393,2393,5x5,sense_4627191,listed,61,1.02
2026-09-15,storagesense,sense_2393,2393,5x10,sense_4629086,listed,67,1.02
2026-09-15,storagesense,sense_2393,2393,10x20,sense_4629784,listed,96,1.02
2026-09-15,storagesense,sense_2393,2393,5x5,sense_4628228,delisted,61,1.02
2026-09-15,storagesense,sense_2393,2393,5x10,sense_4629588,delisted,67,1.02
2026-09-15,storagesense,sense_2393,2393,10x20,sense_4627871,delisted,96,1.02
2026-09-15,storagesense,sense_2394,2394,10x15,sense_4614246,listed,151,1.02
2026-09-15,storagesense,sense_2394,2394,10x15,sense_4613330,delisted,134,1.02
2026-09-15,storagesense,sense_2396,2396,10x7,sense_4616296,delisted,77,1.02
2026-09-15,storagesense,sense_2396,2396,5x15,sense_4619259,delisted,80,1.02
2026-09-15,storagesense,sense_2396,2396,10x15,sense_4618961,delisted,107,1.02
2026-09-15,storagesense,sense_2396,2396,5x6,sense_4619299,delisted,,1.02
2026-09-15,storagesense,sense_2396,2396,10x12,sense_4617062,delisted,,1.02
2026-09-15,storagesense,sense_2396,2396,10x13,sense_4617093,delisted,,1.02
2026-09-15,storagesense,sense_2397,2397,10x40,sense_4625974,listed,69,1.02
2026-09-15,storagesense,sense_2397,2397,10x40,sense_4625404,delisted,,1.02
2026-09-15,storagesense,sense_2399,2399,5x5,sense_4632290,listed,,1.02
2026-09-15,storagesense,sense_2399,2399,10x10,sense_4632942,listed,,1.02
2026-09-15,storagesense,sense_2399,2399,10x20,sense_4633476,listed,,1.02
2026-09-15,storagesense,sense_2399,2399,10x25,sense_4632529,listed,,1.02
2026-09-15,storagesense,sense_2399,2399,5x5,sense_4632101,delisted,40,1.02
2026-09-15,storagesense,sense_2399,2399,10x10,sense_4633832,delisted,52,1.02
2026-09-15,storagesense,sense_2399,2399,10x20,sense_4633536,delisted,159,1.02
2026-09-15,storagesense,sense_2399,2399,10x25,sense_4632570,delisted,,1.02
2026-09-15,storagesense,sense_2402,2402,5x10,sense_4631952,delisted,114,1.02
2026-09-15,storagesense,sense_2402,2402,10x10,sense_4632458,delisted,110,1.02
2026-09-15,storagesense,sense_2402,2402,10x10,sense_4632334,delisted,175,1.02
2026-09-15,storagesense,sense_2402,2402,10x20,sense_4633318,delisted,217,1.02
2026-09-15,storagesense,sense_2403,2403,12x10,sense_4653026,repriced_from_unpriced,199,1.02
2026-09-15,storagesense,sense_2403,2403,12x40,sense_5028973,listed,175,1.02
2026-09-15,storagesense,sense_2403,2403,12x40,sense_4655904,delisted,140,1.02
2026-09-15,storagesense,sense_2411,2411,5x10,sense_4655518,delisted,19,1.02
2026-09-15,storagesense,sense_2411,2411,5x15,sense_5039067,delisted,19,1.02
2026-09-15,storagesense,sense_2411,2411,5x15,sense_4657843,delisted,24,1.02
2026-09-15,storagesense,sense_2411,2411,10x15,sense_4659210,delisted,79,1.02
2026-09-15,storagesense,sense_2411,2411,10x30,sense_4661281,delisted,116,1.02
2026-09-15,storagesense,sense_2411,2411,10x10,sense_5032956,delisted,,1.02
2026-09-15,storagesense,sense_2411,2411,10x20,sense_4661839,delisted,,1.02
2026-09-15,storagesense,sense_2411,2411,10x20,sense_4659105,delisted,,1.02
2026-09-15,storagesense,sense_2411,2411,15x20,sense_4655232,delisted,,1.02
2026-09-15,storagesense,sense_2411,2411,20x45,sense_4659850,delisted,,1.02
2026-09-15,storagesense,sense_2417,2417,8x5,sense_4656147,listed,23,1.02
2026-09-15,storagesense,sense_2417,2417,8x20,sense_4653674,listed,76,1.02
2026-09-15,storagesense,sense_2417,2417,8x5,sense_4653829,delisted,23,1.02
2026-09-15,storagesense,sense_2417,2417,8x20,sense_4654835,delisted,67,1.02
2026-09-15,storagesense,sense_2448,2448,10x15,sense_4641841,listed,176,1.02
2026-09-15,storagesense,sense_2448,2448,10x15,sense_4642231,delisted,164,1.02
2026-09-15,storagesense,sense_2457,2457,10x5,sense_4712226,listed,84,1.02
2026-09-15,storagesense,sense_2457,2457,15x20,sense_4708195,listed,215,1.02
2026-09-15,storagesense,sense_2457,2457,10x5,sense_4712136,delisted,,1.02
2026-09-15,storagesense,sense_2457,2457,15x20,sense_4708207,delisted,,1.02
2026-09-15,storagesense,sense_2507,2507,8x8,sense_5102233,repriced_from_unpriced,109,1.02
2026-09-15,storagesense,sense_2519,2519,10x30,sense_4791735,listed,289,1.02
2026-09-15,storagesense,sense_2519,2519,10x30,sense_4791763,delisted,,1.02
2026-09-15,storagesense,sense_2550,2550,4x5,sense_4839098,listed,22,1.02
2026-09-15,storagesense,sense_2550,2550,4x7,sense_4839241,listed,26,1.02
2026-09-15,storagesense,sense_2550,2550,8x12,sense_4839121,listed,52,1.02
2026-09-15,storagesense,sense_2550,2550,6x10,sense_4839410,listed,,1.02
2026-09-15,storagesense,sense_2550,2550,4x7,sense_4839245,delisted,26,1.02
2026-09-15,storagesense,sense_2550,2550,6x10,sense_4839385,delisted,,1.02
2026-09-15,storagesense,sense_2550,2550,8x12,sense_4839131,delisted,,1.02
2026-09-15,storagesense,sense_2556,2556,10x20,sense_4722190,listed,72,1.02
2026-09-15,storagesense,sense_2556,2556,10x20,sense_4722186,delisted,64,1.02
2026-09-15,storagesense,sense_2566,2566,5x15,sense_4668281,listed,73,1.02
2026-09-15,storagesense,sense_2566,2566,10x10,sense_4669566,listed,99,1.02
2026-09-15,storagesense,sense_2566,2566,5x15,sense_4668108,delisted,65,1.02
2026-09-15,storagesense,sense_2566,2566,10x10,sense_4672593,delisted,99,1.02
2026-09-15,storagesense,sense_2567,2567,10x10,sense_5025049,listed,111,1.02
2026-09-15,storagesense,sense_2567,2567,10x10,sense_5118150,delisted,99,1.02
2026-09-15,storagesense,sense_2596,2596,5x10,sense_4638972,repriced_from_unpriced,44,1.02
2026-09-15,storagesense,sense_2596,2596,10x20,sense_4640543,listed,174,1.02
2026-09-15,storagesense,sense_2596,2596,10x20,sense_4929670,listed,174,1.02
2026-09-15,storagesense,sense_2596,2596,10x10,sense_4639207,listed,,1.02
2026-09-15,storagesense,sense_2596,2596,10x10,sense_4640436,delisted,99,1.02
2026-09-15,storagesense,sense_2596,2596,10x20,sense_4639217,delisted,,1.02
2026-09-15,storagesense,sense_2596,2596,10x20,sense_4639227,delisted,,1.02
2026-09-15,storagesense,sense_2597,2597,10x5,sense_4663290,listed,49,1.02
2026-09-15,storagesense,sense_2597,2597,10x20,sense_4666079,listed,111,1.02
2026-09-15,storagesense,sense_2597,2597,10x5,sense_4660375,delisted,55,1.02
2026-09-15,storagesense,sense_2597,2597,10x20,sense_4665553,delisted,99,1.02
2026-09-15,storagesense,sense_2606,2606,10x20,sense_4689590,listed,174,1.02
2026-09-15,storagesense,sense_2606,2606,10x30,sense_4690687,listed,,1.02
2026-09-15,storagesense,sense_2606,2606,10x20,sense_4686732,delisted,174,1.02
2026-09-15,storagesense,sense_2606,2606,10x30,sense_5349970,delisted,387,1.02
2026-09-15,storagesense,sense_2616,2616,10x15,sense_4674954,listed,199,1.02
2026-09-15,storagesense,sense_2616,2616,10x15,sense_4670959,delisted,199,1.02
2026-09-15,storagesense,sense_2649,2649,12x15,sense_4664433,listed,109,1.02
2026-09-15,storagesense,sense_2649,2649,10x20,sense_4664044,listed,132,1.02
2026-09-15,storagesense,sense_2649,2649,20x20,sense_4663543,repriced_from_unpriced,332,1.02
2026-09-15,storagesense,sense_2649,2649,10x20,sense_4661671,delisted,132,1.02
2026-09-15,storagesense,sense_2649,2649,12x15,sense_4664447,delisted,,1.02
2026-09-15,storagesense,sense_2668,2668,5x8,sense_4674922,delisted,,1.02
2026-09-15,storagesense,sense_2668,2668,5x10,sense_4673200,delisted,,1.02
2026-09-15,storagesense,sense_2668,2668,10x10,sense_4672436,delisted,,1.02
2026-09-15,storagesense,sense_2668,2668,8x14,sense_4671990,delisted,,1.02
2026-09-15,storagesense,sense_2668,2668,10x15,sense_4675732,delisted,,1.02
2026-09-15,storagesense,sense_2668,2668,15x15,sense_4671483,delisted,,1.02
2026-09-15,storagesense,sense_2669,2669,10x20,sense_4640548,listed,201,1.02
2026-09-15,storagesense,sense_2669,2669,10x10,sense_4641274,listed,,1.02
2026-09-15,storagesense,sense_2669,2669,10x20,sense_4640962,listed,,1.02
2026-09-15,storagesense,sense_2669,2669,10x10,sense_4640707,delisted,152,1.02
2026-09-15,storagesense,sense_2669,2669,10x20,sense_4640903,delisted,226,1.02
2026-09-15,storagesense,sense_2669,2669,10x20,sense_5085276,delisted,252,1.02
2026-09-15,storagesense,sense_2678,2678,7x12,sense_4653520,listed,83,1.02
2026-09-15,storagesense,sense_2678,2678,7x12,sense_4653431,delisted,74,1.02
2026-09-15,storagesense,sense_2679,2679,8x12,sense_4688964,listed,89,1.02
2026-09-15,storagesense,sense_2679,2679,5x10,sense_4684006,listed,,1.02
2026-09-15,storagesense,sense_2679,2679,5x10,sense_4684138,delisted,42,1.02
2026-09-15,storagesense,sense_2679,2679,8x12,sense_4688183,delisted,79,1.02
2026-09-15,storagesense,sense_2680,2680,5x15,sense_4657272,listed,95,1.02
2026-09-15,storagesense,sense_2680,2680,10x20,sense_4659838,listed,253,1.02
2026-09-15,storagesense,sense_2680,2680,10x20,sense_4659391,delisted,253,1.02
2026-09-15,storagesense,sense_2680,2680,5x15,sense_4658418,delisted,,1.02
2026-09-15,storagesense,sense_2690,2690,5x10,sense_4674364,listed,65,1.02
2026-09-15,storagesense,sense_2690,2690,20x10,sense_4677735,listed,161,1.02
2026-09-15,storagesense,sense_2690,2690,5x10,sense_5142525,delisted,65,1.02
2026-09-15,storagesense,sense_2690,2690,20x10,sense_5250208,delisted,161,1.02
2026-09-15,storagesense,sense_2691,2691,5x10,sense_4694941,delisted,55,1.02
2026-09-15,storagesense,sense_2691,2691,10x15,sense_4699222,delisted,99,1.02
2026-09-15,storagesense,sense_2691,2691,10x20,sense_4699530,delisted,139,1.02
2026-09-15,storagesense,sense_2691,2691,10x25,sense_4695562,delisted,149,1.02
2026-09-15,storagesense,sense_2691,2691,10x10,sense_4695986,delisted,,1.02
2026-09-15,storagesense,sense_2692,2692,10x20,sense_5164371,listed,109,1.02
2026-09-15,storagesense,sense_2692,2692,10x20,sense_4651965,listed,134,1.02
2026-09-15,storagesense,sense_2692,2692,10x20,sense_4652386,delisted,119,1.02
2026-09-15,storagesense,sense_2692,2692,10x20,sense_5214178,delisted,,1.02
2026-09-15,storagesense,sense_2698,2698,10x10,sense_4700652,listed,99,1.02
2026-09-15,storagesense,sense_2698,2698,10x20,sense_4698434,listed,174,1.02
2026-09-15,storagesense,sense_2698,2698,10x30,sense_4703009,listed,330,1.02
2026-09-15,storagesense,sense_2698,2698,5x15,sense_4703174,listed,,1.02
2026-09-15,storagesense,sense_2698,2698,5x15,sense_4703151,delisted,74,1.02
2026-09-15,storagesense,sense_2698,2698,10x10,sense_4699742,delisted,99,1.02
2026-09-15,storagesense,sense_2698,2698,10x20,sense_4697535,delisted,167,1.02
2026-09-15,storagesense,sense_2698,2698,10x30,sense_4703070,delisted,264,1.02
2026-09-15,storagesense,sense_2751,2751,5x10,sense_4693285,listed,47,1.02
2026-09-15,storagesense,sense_2751,2751,5x10,sense_4694009,delisted,,1.02
2026-09-15,storagesense,sense_2774,2774,10x20,sense_5054409,listed,83,1.02
2026-09-15,storagesense,sense_2774,2774,10x20,sense_4992507,delisted,83,1.02
2026-09-15,storagesense,sense_2782,2782,5x5,sense_4791049,delisted,89,1.02
2026-09-15,storagesense,sense_2782,2782,5x10,sense_4791160,delisted,,1.02
2026-09-15,storagesense,sense_2782,2782,5x15,sense_4791058,delisted,,1.02
2026-09-15,storagesense,sense_2782,2782,8x10,sense_4791164,delisted,,1.02
2026-09-15,storagesense,sense_2782,2782,10x10,sense_4791183,delisted,,1.02
2026-09-15,storagesense,sense_2782,2782,10x15,sense_4791040,delisted,,1.02
2026-09-15,storagesense,sense_2782,2782,10x20,sense_4791175,delisted,,1.02
2026-09-15,storagesense,sense_2783,2783,5x10,sense_4790917,delisted,,1.02
2026-09-15,storagesense,sense_2783,2783,10x10,sense_4790958,delisted,,1.02
2026-09-15,storagesense,sense_2783,2783,10x20,sense_4791017,delisted,,1.02
2026-09-15,storagesense,sense_2783,2783,10x25,sense_4791028,delisted,,1.02
2026-09-15,storagesense,sense_2784,2784,5x10,sense_5382112,listed,87,1.02
2026-09-15,storagesense,sense_2784,2784,5x10,sense_4838706,delisted,87,1.02
2026-09-15,storagesense,sense_2784,2784,5x10,sense_4838829,delisted,87,1.02
2026-09-15,storagesense,sense_2784,2784,10x15,sense_4838646,delisted,,1.02
2026-09-15,storagesense,sense_2789,2789,10x25,sense_4837435,listed,132,1.02
2026-09-15,storagesense,sense_2789,2789,10x25,sense_4837384,delisted,132,1.02
2026-09-15,storagesense,sense_2792,2792,10x15,sense_5381759,listed,72,1.02
2026-09-15,storagesense,sense_2792,2792,5x10,sense_5381758,listed,62,1.02
2026-09-15,storagesense,sense_2792,2792,10x20,sense_4934201,listed,99,1.02
2026-09-15,storagesense,sense_2792,2792,5x10,sense_4709882,delisted,,1.02
2026-09-15,storagesense,sense_2792,2792,10x15,sense_4709118,delisted,,1.02
2026-09-15,storagesense,sense_2792,2792,10x20,sense_4709628,delisted,,1.02
2026-09-15,storagesense,sense_2793,2793,10x20,sense_4713137,listed,,1.02
2026-09-15,storagesense,sense_2793,2793,10x20,sense_4713575,delisted,139,1.02
2026-09-15,storagesense,sense_2802,2802,10x20,sense_4837626,listed,79,1.02
2026-09-15,storagesense,sense_2802,2802,10x20,sense_4837589,delisted,79,1.02
2026-09-15,storagesense,sense_2804,2804,10x10,sense_4712618,listed,72,1.02
2026-09-15,storagesense,sense_2804,2804,10x10,sense_4712840,delisted,72,1.02
2026-09-15,storagesense,sense_2805,2805,5x10,sense_4839757,listed,60,1.02
2026-09-15,storagesense,sense_2805,2805,11x12,sense_4839797,unpriced,96,1.02
2026-09-15,storagesense,sense_2805,2805,5x10,sense_4839727,delisted,60,1.02
2026-09-15,storagesense,sense_2813,2813,10x10,sense_4714959,listed,156,1.02
2026-09-15,storagesense,sense_2813,2813,10x30,sense_4718839,listed,,1.02
2026-09-15,storagesense,sense_2813,2813,10x10,sense_4715215,delisted,139,1.02
2026-09-15,storagesense,sense_2813,2813,10x30,sense_4718749,delisted,169,1.02
2026-09-15,storagesense,sense_820,820,10x12,sense_4681932,listed,95,1.02
2026-09-15,storagesense,sense_820,820,10x12,sense_4692132,delisted,84,1.02
2026-09-15,storagesense,sense_825,825,5x10,sense_4622705,listed,59,1.02
2026-09-15,storagesense,sense_825,825,10x10,sense_4616858,listed,75,1.02
2026-09-15,storagesense,sense_825,825,5x10,sense_4622685,delisted,59,1.02
2026-09-15,storagesense,sense_825,825,10x10,sense_4617234,delisted,75,1.02
2026-09-15,storagesense,sense_831,831,10x10,sense_4638902,listed,80,1.02
2026-09-15,storagesense,sense_831,831,10x5,sense_4638930,listed,34,1.02
2026-09-15,storagesense,sense_831,831,10x10,sense_4638960,delisted,90,1.02
2026-09-15,storagesense,sense_831,831,10x5,sense_4639198,delisted,,1.02
2026-09-15,storagesense,sense_835,835,10x18,sense_4612235,listed,99,1.02
2026-09-15,storagesense,sense_835,835,10x18,sense_4612172,delisted,99,1.02
2026-09-15,storagesense,sense_835,835,5x10,sense_4611869,delisted,,1.02
2026-09-15,storagesense,sense_835,835,8x10,sense_4612017,delisted,,1.02
2026-09-15,storagesense,sense_835,835,10x10,sense_4611266,delisted,,1.02
2026-09-15,storagesense,sense_835,835,10x15,sense_4611511,delisted,,1.02
2026-09-15,storagesense,sense_835,835,10x18,sense_5002903,delisted,,1.02
2026-09-15,storagesense,sense_835,835,10x20,sense_5004253,delisted,,1.02
2026-09-15,storagesense,sense_835,835,10x25,sense_4613038,delisted,,1.02
2026-09-15,storagesense,sense_835,835,10x30,sense_5120912,delisted,,1.02
2026-09-15,storagesense,sense_836,836,10x10,sense_4617127,listed,157,1.02
2026-09-15,storagesense,sense_836,836,10x10,sense_4618745,delisted,,1.02
2026-09-15,storagesense,sense_838,838,10x10,sense_4645809,listed,128,1.02
2026-09-15,storagesense,sense_838,838,10x30,sense_4646863,listed,106,1.02
2026-09-15,storagesense,sense_838,838,10x10,sense_4643356,delisted,109,1.02
2026-09-15,storagesense,sense_838,838,10x30,sense_4646817,delisted,106,1.02
2026-09-15,storagesense,sense_844,844,5x10,sense_4956077,listed,67,1.02
2026-09-15,storagesense,sense_844,844,10x20,sense_5032997,listed,172,1.02
2026-09-15,storagesense,sense_844,844,5x10,sense_4620132,delisted,59,1.02
2026-09-15,storagesense,sense_844,844,10x20,sense_4619519,delisted,,1.02
2026-09-15,storagesense,sense_847,847,10x30,sense_4693403,listed,299,1.02
2026-09-15,storagesense,sense_847,847,10x10,sense_4689401,listed,,1.02
2026-09-15,storagesense,sense_847,847,10x20,sense_4692726,unpriced,199,1.02
2026-09-15,storagesense,sense_847,847,10x10,sense_4689237,delisted,132,1.02
2026-09-15,storagesense,sense_847,847,10x30,sense_4693494,delisted,,1.02
2026-09-15,storagesense,sense_848,848,10x10,sense_4705966,listed,89,1.02
2026-09-15,storagesense,sense_848,848,10x15,sense_4703714,listed,130,1.02
2026-09-15,storagesense,sense_848,848,10x10,sense_4706000,delisted,89,1.02
2026-09-15,storagesense,sense_848,848,10x15,sense_4703695,delisted,130,1.02
2026-09-15,storagesense,sense_851,851,5x15,sense_4646362,listed,104,1.02
2026-09-15,storagesense,sense_851,851,10x15,sense_4645964,listed,256,1.02
2026-09-15,storagesense,sense_851,851,10x30,sense_4645032,listed,320,1.02
2026-09-15,storagesense,sense_851,851,10x20,sense_4647160,listed,,1.02
2026-09-15,storagesense,sense_852,852,10x10,sense_5315825,listed,230,1.02
2026-09-15,storagesense,sense_852,852,10x10,sense_4873553,delisted,110,1.02
2026-09-15,storagesense,sense_856,856,10x10,sense_4677042,listed,42,1.02
2026-09-15,storagesense,sense_856,856,10x10,sense_4680447,delisted,,1.02
2026-09-15,storagesense,sense_857,857,5x10,sense_4661752,listed,,1.02
2026-09-15,storagesense,sense_857,857,5x10,sense_4661581,delisted,39,1.02
2026-09-15,storagesense,sense_860,860,10x10,sense_4627443,listed,67,1.02
2026-09-15,storagesense,sense_860,860,10x10,sense_4628954,delisted,67,1.02
2026-09-15,storagesense,sense_861,861,10x20,sense_4629484,listed,178,1.02
2026-09-15,storagesense,sense_861,861,10x20,sense_4629176,delisted,178,1.02
2026-09-15,storagesense,sense_862,862,10x10,sense_5382106,listed,56,1.02
2026-09-15,storagesense,sense_862,862,10x10,sense_4649971,delisted,63,1.02
2026-09-15,storagesense,sense_863,863,13x20,sense_4655233,listed,202,1.02
2026-09-15,storagesense,sense_863,863,13x20,sense_5325621,delisted,202,1.02
2026-09-15,storagesense,sense_864,864,10x35,sense_4684243,listed,179,1.02
2026-09-15,storagesense,sense_864,864,10x35,sense_4684117,delisted,179,1.02
2026-09-15,storagesense,sense_866,866,10x15,sense_4645025,listed,114,1.02
2026-09-15,storagesense,sense_866,866,10x15,sense_4644827,delisted,,1.02
2026-09-15,storagesense,sense_871,871,10x30,sense_4706766,listed,82,1.02
2026-09-15,storagesense,sense_871,871,10x40,sense_4706551,listed,89,1.02
2026-09-15,storagesense,sense_871,871,5x5,sense_4705802,delisted,20,1.02
2026-09-15,storagesense,sense_871,871,10x15,sense_4704899,delisted,173,1.02
2026-09-15,storagesense,sense_871,871,10x22,sense_4704578,delisted,236,1.02
2026-09-15,storagesense,sense_871,871,10x40,sense_4706599,delisted,89,1.02
2026-09-15,storagesense,sense_871,871,5x10,sense_4706012,delisted,,1.02
2026-09-15,storagesense,sense_871,871,5x10,sense_4705426,delisted,,1.02
2026-09-15,storagesense,sense_871,871,8x10,sense_4704421,delisted,,1.02
2026-09-15,storagesense,sense_871,871,10x10,sense_4704473,delisted,,1.02
2026-09-15,storagesense,sense_871,871,10x10,sense_4705454,delisted,,1.02
2026-09-15,storagesense,sense_871,871,10x12,sense_4705392,delisted,,1.02
2026-09-15,storagesense,sense_871,871,10x15,sense_4705482,delisted,,1.02
2026-09-15,storagesense,sense_871,871,10x18,sense_4704704,delisted,,1.02
2026-09-15,storagesense,sense_871,871,10x20,sense_4704743,delisted,,1.02
2026-09-15,storagesense,sense_871,871,10x20,sense_4705442,delisted,,1.02
2026-09-15,storagesense,sense_871,871,10x30,sense_4706806,delisted,,1.02
2026-09-15,storagesense,sense_872,872,10x20,sense_4645972,listed,152,1.02
2026-09-15,storagesense,sense_872,872,7x10,sense_4644606,listed,,1.02
2026-09-15,storagesense,sense_872,872,7x10,sense_4644780,delisted,70,1.02
2026-09-15,storagesense,sense_872,872,10x10,sense_4646220,delisted,86,1.02
2026-09-15,storagesense,sense_872,872,10x20,sense_4645965,delisted,152,1.02
2026-09-15,storagesense,sense_872,872,7x7,sense_4643310,delisted,,1.02
2026-09-15,storagesense,sense_872,872,5x10,sense_4641900,delisted,,1.02
2026-09-15,storagesense,sense_872,872,7x10,sense_4641870,delisted,,1.02
2026-09-15,storagesense,sense_872,872,10x30,sense_4645728,delisted,,1.02
2026-09-15,storagesense,sense_898,898,5x5,sense_4672189,listed,39,1.02
2026-09-15,storagesense,sense_898,898,10x20,sense_4845474,listed,184,1.02
2026-09-15,storagesense,sense_898,898,5x5,sense_4677324,delisted,39,1.02
2026-09-15,storagesense,sense_898,898,10x20,sense_4677869,delisted,184,1.02
2026-09-15,storagesense,sense_912,912,10x25,sense_4705532,listed,99,1.02
2026-09-15,storagesense,sense_912,912,10x25,sense_4705548,delisted,99,1.02
2026-09-15,storagesense,sense_992,992,5x10,sense_4722382,listed,109,1.02
2026-09-15,storagesense,sense_992,992,8x10,sense_4722896,listed,129,1.02
2026-09-15,storagesense,sense_992,992,5x5,sense_4722409,listed,,1.02
2026-09-15,storagesense,sense_992,992,5x5,sense_4722836,delisted,75,1.02
2026-09-15,storagesense,sense_992,992,5x5,sense_4722400,delisted,84,1.02
2026-09-15,storagesense,sense_992,992,5x5,sense_4722391,delisted,84,1.02
2026-09-15,storagesense,sense_992,992,10x5,sense_4723773,delisted,65,1.02
2026-09-15,storagesense,sense_992,992,5x10,sense_4723221,delisted,89,1.02
2026-09-15,storagesense,sense_992,992,5x10,sense_4722360,delisted,109,1.02
2026-09-15,storagesense,sense_992,992,8x10,sense_4723534,delisted,129,1.02
2026-09-15,storagesense,sense_992,992,8x10,sense_4722876,delisted,129,1.02
2026-09-15,storagesense,sense_992,992,10x10,sense_4723030,delisted,144,1.02
2026-09-15,storagesense,sense_992,992,10x10,sense_4722306,delisted,179,1.02
2026-09-15,storagesense,sense_992,992,10x15,sense_4723374,delisted,159,1.02
2026-09-15,storagesense,sense_992,992,10x20,sense_4723687,delisted,249,1.02
2026-09-15,storagesense,sense_992,992,5x10,sense_4722376,delisted,,1.02
2026-09-15,storagesense,sense_992,992,8x10,sense_4722090,delisted,,1.02
2026-09-15,storagesense,sense_992,992,10x15,sense_4724050,delisted,,1.02
2026-09-15,storagesense,sense_1010,1010,7x10,sense_4719696,listed,93,1.02
2026-09-15,storagesense,sense_1010,1010,7x10,sense_4719064,delisted,,1.02
2026-09-15,storagesense,sense_1029,1029,10x15,sense_4657556,listed,99,1.02
2026-09-15,storagesense,sense_1029,1029,10x15,sense_4660734,delisted,,1.02
2026-09-15,storagesense,sense_1030,1030,10x10,sense_4649711,listed,54,1.02
2026-09-15,storagesense,sense_1030,1030,10x10,sense_4643069,delisted,54,1.02
2026-09-15,storagesense,sense_1031,1031,5x5,sense_4671525,listed,29,1.02
2026-09-15,storagesense,sense_1031,1031,10x15,sense_4666787,listed,14,1.02
2026-09-15,storagesense,sense_1031,1031,10x20,sense_4677355,listed,99,1.02
2026-09-15,storagesense,sense_1031,1031,5x5,sense_4675320,delisted,15,1.02
2026-09-15,storagesense,sense_1031,1031,10x15,sense_4666764,delisted,14,1.02
2026-09-15,storagesense,sense_1031,1031,10x20,sense_4670975,delisted,,1.02
2026-09-15,storagesense,sense_1050,1050,10x25,sense_4630273,listed,186,1.02
2026-09-15,storagesense,sense_1050,1050,10x25,sense_4628368,delisted,186,1.02
2026-09-15,storagesense,sense_1051,1051,5x5,sense_4666239,listed,26,1.02
2026-09-15,storagesense,sense_1051,1051,10x10,sense_4664180,listed,78,1.02
2026-09-15,storagesense,sense_1051,1051,5x5,sense_4663668,delisted,26,1.02
2026-09-15,storagesense,sense_1051,1051,10x10,sense_4662112,delisted,69,1.02
2026-09-15,storagesense,sense_1057,1057,10x15,sense_4705266,listed,141,1.02
2026-09-15,storagesense,sense_1057,1057,10x15,sense_4703099,listed,146,1.02
2026-09-15,storagesense,sense_1057,1057,24x40,sense_4703601,unpriced,899,1.02
2026-09-15,storagesense,sense_1057,1057,10x10,sense_5300003,delisted,70,1.02
2026-09-15,storagesense,sense_1057,1057,10x15,sense_4706932,delisted,117,1.02
2026-09-15,storagesense,sense_1057,1057,10x15,sense_4706472,delisted,141,1.02
2026-09-15,storagesense,sense_1057,1057,10x20,sense_4707278,delisted,158,1.02
2026-09-15,storagesense,sense_1057,1057,10x20,sense_4704210,delisted,242,1.02
2026-09-15,storagesense,sense_1057,1057,10x10,sense_4705275,delisted,,1.02
2026-09-15,storagesense,sense_1057,1057,10x15,sense_4706296,delisted,,1.02
2026-09-15,storagesense,sense_1057,1057,10x15,sense_4702655,delisted,,1.02
2026-09-15,storagesense,sense_1057,1057,10x20,sense_4701767,delisted,,1.02
2026-09-15,storagesense,sense_1089,1089,10x25,sense_4663223,listed,154,1.02
2026-09-15,storagesense,sense_1089,1089,10x25,sense_4663475,delisted,137,1.02
2026-09-15,storagesense,sense_1090,1090,10x10,sense_4694954,listed,99,1.02
2026-09-15,storagesense,sense_1090,1090,10x10,sense_4696047,delisted,88,1.02
2026-09-15,storagesense,sense_1117,1117,5x10,sense_5379803,listed,64,1.02
2026-09-15,storagesense,sense_1117,1117,10x15,sense_4671534,listed,118,1.02
2026-09-15,storagesense,sense_1117,1117,5x10,sense_4670438,delisted,64,1.02
2026-09-15,storagesense,sense_1117,1117,10x15,sense_4675041,delisted,,1.02
2026-09-15,storagesense,sense_1118,1118,5x10,sense_4867526,listed,57,1.02
2026-09-15,storagesense,sense_1118,1118,5x10,sense_5029172,delisted,57,1.02
2026-09-15,storagesense,sense_1119,1119,10x15,sense_4690203,listed,87,1.02
2026-09-15,storagesense,sense_1119,1119,10x15,sense_5378285,listed,90,1.02
2026-09-15,storagesense,sense_1119,1119,10x20,sense_5381928,listed,111,1.02
2026-09-15,storagesense,sense_1119,1119,10x20,sense_4690988,delisted,111,1.02
2026-09-15,storagesense,sense_1119,1119,10x15,sense_5175803,delisted,,1.02
2026-09-15,storagesense,sense_1119,1119,10x15,sense_4696575,delisted,,1.02
2026-09-15,storagesense,sense_1165,1165,10x10,sense_4642700,listed,162,1.02
2026-09-15,storagesense,sense_1165,1165,10x35,sense_4642131,listed,302,1.02
2026-09-15,storagesense,sense_1165,1165,10x10,sense_4642688,delisted,162,1.02
2026-09-15,storagesense,sense_1165,1165,10x35,sense_4642289,delisted,302,1.02
2026-09-15,storagesense,sense_1245,1245,10x10,sense_4719689,listed,106,1.02
2026-09-15,storagesense,sense_1245,1245,10x10,sense_4717232,delisted,119,1.02
2026-09-15,storagesense,sense_1278,1278,10x50,sense_4725546,listed,269,1.02
2026-09-15,storagesense,sense_1278,1278,10x50,sense_4723865,delisted,129,1.02
2026-09-15,storagesense,sense_1280,1280,5x10,sense_4619127,delisted,121,1.02
2026-09-15,storagesense,sense_1280,1280,10x15,sense_4618784,delisted,174,1.02
2026-09-15,storagesense,sense_1280,1280,12x14,sense_4613360,delisted,176,1.02
2026-09-15,storagesense,sense_1280,1280,10x20,sense_4611717,delisted,176,1.02
2026-09-15,storagesense,sense_1280,1280,8x10,sense_4615515,delisted,,1.02
2026-09-15,storagesense,sense_1280,1280,10x10,sense_4616895,delisted,,1.02
2026-09-15,storagesense,sense_1280,1280,10x20,sense_4611240,delisted,,1.02
2026-09-15,storagesense,sense_1280,1280,10x30,sense_4616231,delisted,,1.02
2026-09-15,storagesense,sense_1292,1292,10x15,sense_4613068,delisted,62,1.02
2026-09-15,storagesense,sense_1292,1292,10x20,sense_4993370,delisted,64,1.02
2026-09-15,storagesense,sense_1292,1292,5x5,sense_5006902,delisted,24,1.02
2026-09-15,storagesense,sense_1292,1292,10x10,sense_4615771,delisted,59,1.02
2026-09-15,storagesense,sense_1292,1292,10x25,sense_4619925,delisted,116,1.02
2026-09-15,storagesense,sense_1292,1292,10x30,sense_4611969,delisted,,1.02
2026-09-15,storagesense,sense_1307,1307,5x10,sense_4616699,listed,,1.02
2026-09-15,storagesense,sense_1307,1307,10x15,sense_4621817,listed,,1.02
2026-09-15,storagesense,sense_1307,1307,5x10,sense_4617153,delisted,61,1.02
2026-09-15,storagesense,sense_1307,1307,10x15,sense_5321369,delisted,99,1.02
2026-09-15,storagesense,sense_1337,1337,5x10,sense_4631875,listed,56,1.02
2026-09-15,storagesense,sense_1337,1337,5x10,sense_4631045,delisted,56,1.02
2026-09-15,storagesense,sense_1369,1369,10x15,sense_5382335,listed,99,1.02
2026-09-15,storagesense,sense_1369,1369,10x20,sense_4698481,listed,139,1.02
2026-09-15,storagesense,sense_1369,1369,10x20,sense_4698381,delisted,124,1.02
2026-09-15,storagesense,sense_1369,1369,10x15,sense_4696574,delisted,,1.02
2026-09-15,storagesense,sense_1373,1373,5x10,sense_4683820,listed,59,1.02
2026-09-15,storagesense,sense_1373,1373,10x10,sense_4680180,listed,79,1.02
2026-09-15,storagesense,sense_1373,1373,5x15,sense_4685162,unpriced,74,1.02
2026-09-15,storagesense,sense_1373,1373,5x10,sense_4684296,delisted,59,1.02
2026-09-15,storagesense,sense_1373,1373,10x10,sense_4679716,delisted,79,1.02
2026-09-15,storagesense,sense_1375,1375,10x30,sense_4650735,listed,22,1.02
2026-09-15,storagesense,sense_1375,1375,10x30,sense_4651146,delisted,19,1.02
2026-09-15,storagesense,sense_1377,1377,10x25,sense_4674433,listed,228,1.02
2026-09-15,storagesense,sense_1377,1377,10x15,sense_4677629,listed,,1.02
2026-09-15,storagesense,sense_1377,1377,10x15,sense_4677067,delisted,85,1.02
2026-09-15,storagesense,sense_1377,1377,10x25,sense_4674355,delisted,182,1.02
2026-09-15,storagesense,sense_1387,1387,10x10,sense_5038705,listed,75,1.02
2026-09-15,storagesense,sense_1387,1387,10x15,sense_4639523,listed,100,1.02
2026-09-15,storagesense,sense_1387,1387,5x10,sense_4639453,delisted,57,1.02
2026-09-15,storagesense,sense_1387,1387,10x10,sense_4640617,delisted,75,1.02
2026-09-15,storagesense,sense_1387,1387,10x10,sense_4639065,delisted,80,1.02
2026-09-15,storagesense,sense_1387,1387,5x5,sense_4639727,delisted,,1.02
2026-09-15,storagesense,sense_1387,1387,5x10,sense_4638294,delisted,,1.02
2026-09-15,storagesense,sense_1387,1387,10x10,sense_4638696,delisted,,1.02
2026-09-15,storagesense,sense_1387,1387,10x15,sense_4639479,delisted,,1.02
2026-09-15,storagesense,sense_1387,1387,10x15,sense_4639484,delisted,,1.02
2026-09-15,storagesense,sense_1387,1387,10x20,sense_4640761,delisted,,1.02
2026-09-15,storagesense,sense_1387,1387,10x20,sense_4640953,delisted,,1.02
2026-09-15,storagesense,sense_1387,1387,15x15,sense_5109119,delisted,,1.02
2026-09-15,storagesense,sense_1387,1387,10x25,sense_4641970,delisted,,1.02
2026-09-15,storagesense,sense_1387,1387,10x30,sense_4641111,delisted,,1.02
2026-09-15,storagesense,sense_1387,1387,10x30,sense_4640571,delisted,,1.02
2026-09-15,storagesense,sense_1429,1429,5x5,sense_4639214,listed,149,1.02
2026-09-15,storagesense,sense_1429,1429,5x10,sense_4639718,listed,169,1.02
2026-09-15,storagesense,sense_1429,1429,10x10,sense_4639890,listed,179,1.02
2026-09-15,storagesense,sense_1429,1429,10x12,sense_4639821,listed,239,1.02
2026-09-15,storagesense,sense_1429,1429,10x15,sense_4639290,listed,209,1.02
2026-09-15,storagesense,sense_1429,1429,5x5,sense_4640760,delisted,149,1.02
2026-09-15,storagesense,sense_1429,1429,5x10,sense_4640117,delisted,169,1.02
2026-09-15,storagesense,sense_1429,1429,10x10,sense_4640354,delisted,179,1.02
2026-09-15,storagesense,sense_1429,1429,10x12,sense_4639782,delisted,239,1.02
2026-09-15,storagesense,sense_1429,1429,10x15,sense_4640745,delisted,,1.02
2026-09-15,storagesense,sense_1465,1465,10x10,sense_4710115,listed,66,1.02
2026-09-15,storagesense,sense_1465,1465,10x30,sense_4711558,listed,64,1.02
2026-09-15,storagesense,sense_1465,1465,15x20,sense_4711283,listed,111,1.02
2026-09-15,storagesense,sense_1465,1465,5x5,sense_4710386,listed,,1.02
2026-09-15,storagesense,sense_1465,1465,5x5,sense_4711307,delisted,46,1.02
2026-09-15,storagesense,sense_1465,1465,10x10,sense_4710593,delisted,66,1.02
2026-09-15,storagesense,sense_1465,1465,10x30,sense_4711580,delisted,,1.02
2026-09-15,storagesense,sense_1465,1465,15x20,sense_4711399,delisted,,1.02
2026-09-15,storagesense,sense_1558,1558,12x40,sense_4634619,listed,,1.02
2026-09-15,storagesense,sense_1558,1558,12x40,sense_4634307,delisted,84,1.02
2026-09-15,storagesense,sense_163709,163709,10x20,sense_4657355,repriced_from_unpriced,159,1.02
2026-09-15,storagesense,sense_163709,163709,10x35,sense_4661400,unpriced,149,1.02
2026-09-15,storagesense,sense_163714,163714,12x30,sense_4661260,listed,79,1.02
2026-09-15,storagesense,sense_163714,163714,12x30,sense_4661233,delisted,79,1.02
2026-09-15,storagesense,sense_163719,163719,5x10,sense_4657377,listed,103,1.02
2026-09-15,storagesense,sense_163719,163719,10x10,sense_4657405,listed,,1.02
2026-09-15,storagesense,sense_163719,163719,5x10,sense_4657371,delisted,49,1.02
2026-09-15,storagesense,sense_163719,163719,10x10,sense_4657397,delisted,84,1.02
2026-09-15,storagesense,sense_163756,163756,10x15,sense_4696253,listed,69,1.02
2026-09-15,storagesense,sense_163756,163756,10x9,sense_4699096,listed,64,1.02
2026-09-15,storagesense,sense_163756,163756,10x30,sense_4694164,listed,179,1.02
2026-09-15,storagesense,sense_163756,163756,10x15,sense_4691820,delisted,69,1.02
2026-09-15,storagesense,sense_163756,163756,10x9,sense_4699027,delisted,64,1.02
2026-09-15,storagesense,sense_163756,163756,10x30,sense_4694257,delisted,,1.02
2026-09-15,storagesense,sense_163759,163759,10x5,sense_4670594,listed,54,1.02
2026-09-15,storagesense,sense_163759,163759,15x10,sense_4666532,listed,99,1.02
2026-09-15,storagesense,sense_163759,163759,20x10,sense_4675904,listed,164,1.02
2026-09-15,storagesense,sense_163759,163759,15x10,sense_4667870,delisted,99,1.02
2026-09-15,storagesense,sense_163759,163759,10x5,sense_4670205,delisted,,1.02
2026-09-16,storagesense,sense_164254,164254,1x1,sense_5366527,listed,12,0.98
2026-09-16,storagesense,sense_164254,164254,3x3,sense_5366661,listed,14,0.98
2026-09-16,storagesense,sense_164254,164254,6x3,sense_5366657,listed,39,0.98
2026-09-16,storagesense,sense_164254,164254,1x1,sense_5366523,delisted,12,0.98
2026-09-16,storagesense,sense_164254,164254,3x3,sense_5366655,delisted,14,0.98
2026-09-16,storagesense,sense_164254,164254,6x3,sense_5366642,delisted,39,0.98
2026-09-16,storagesense,sense_163726,163726,5x10,sense_4648594,listed,31,0.98
2026-09-16,storagesense,sense_163726,163726,10x15,sense_4646345,listed,80,0.98
2026-09-16,storagesense,sense_163726,163726,10x30,sense_4647943,listed,151,0.98
2026-09-16,storagesense,sense_163726,163726,10x15,sense_4649122,listed,,0.98
2026-09-16,storagesense,sense_163726,163726,5x10,sense_4648584,delisted,31,0.98
2026-09-16,storagesense,sense_163726,163726,10x15,sense_4646420,delisted,90,0.98
2026-09-16,storagesense,sense_163726,163726,10x15,sense_5283144,delisted,167,0.98
2026-09-16,storagesense,sense_163726,163726,10x30,sense_4647336,delisted,151,0.98
2026-09-16,storagesense,sense_163798,163798,10x10,sense_4724635,listed,45,0.98
2026-09-16,storagesense,sense_163798,163798,10x20,sense_4725384,listed,149,0.98
2026-09-16,storagesense,sense_163798,163798,10x10,sense_4724671,delisted,45,0.98
2026-09-16,storagesense,sense_163798,163798,10x20,sense_4724222,delisted,,0.98
2026-09-16,storagesense,sense_163839,163839,10x10,sense_4842215,listed,109,0.98
2026-09-16,storagesense,sense_163839,163839,10x7,sense_4842338,listed,84,0.98
2026-09-16,storagesense,sense_163839,163839,10x10,sense_4841924,listed,79,0.98
2026-09-16,storagesense,sense_163839,163839,10x20,sense_4842150,listed,54,0.98
2026-09-16,storagesense,sense_163839,163839,12x20,sense_4842629,listed,144,0.98
2026-09-16,storagesense,sense_163839,163839,10x10,sense_4842660,delisted,101,0.98
2026-09-16,storagesense,sense_163839,163839,10x7,sense_4842341,delisted,84,0.98
2026-09-16,storagesense,sense_163839,163839,10x10,sense_4841949,delisted,79,0.98
2026-09-16,storagesense,sense_163839,163839,12x20,sense_4842633,delisted,144,0.98
2026-09-16,storagesense,sense_163839,163839,10x20,sense_4842154,delisted,,0.98
2026-09-16,storagesense,sense_163879,163879,10x20,sense_4619805,listed,176,0.98
2026-09-16,storagesense,sense_163879,163879,10x27,sense_4623005,listed,123,0.98
2026-09-16,storagesense,sense_163879,163879,10x30,sense_5319705,listed,155,0.98
2026-09-16,storagesense,sense_163879,163879,10x20,sense_4619880,delisted,167,0.98
2026-09-16,storagesense,sense_163879,163879,10x27,sense_4623321,delisted,117,0.98
2026-09-16,storagesense,sense_163879,163879,10x30,sense_4623161,delisted,147,0.98
2026-09-16,storagesense,sense_163883,163883,8x9,sense_5266995,listed,115,0.98
2026-09-16,storagesense,sense_163883,163883,10x18,sense_5267095,listed,165,0.98
2026-09-16,storagesense,sense_163883,163883,8x9,sense_5267015,delisted,129,0.98
2026-09-16,storagesense,sense_163883,163883,10x18,sense_5267099,delisted,165,0.98
2026-09-16,storagesense,sense_163884,163884,10x10,sense_4624810,listed,94,0.98
2026-09-16,storagesense,sense_163884,163884,10x20,sense_4627290,listed,159,0.98
2026-09-16,storagesense,sense_163884,163884,10x25,sense_4627098,listed,184,0.98
2026-09-16,storagesense,sense_163884,163884,10x10,sense_4626153,delisted,94,0.98
2026-09-16,storagesense,sense_163884,163884,10x25,sense_4627127,delisted,184,0.98
2026-09-16,storagesense,sense_163884,163884,10x20,sense_4627452,delisted,,0.98
2026-09-16,storagesense,sense_163885,163885,10x10,sense_4620394,listed,84,0.98
2026-09-16,storagesense,sense_163885,163885,10x10,sense_4620493,delisted,,0.98
2026-09-16,storagesense,sense_163886,163886,10x15,sense_4616163,listed,,0.98
2026-09-16,storagesense,sense_163886,163886,10x15,sense_4616149,delisted,165,0.98
2026-09-16,storagesense,sense_163993,163993,5x5,sense_4924202,listed,27,0.98
2026-09-16,storagesense,sense_163993,163993,5x5,sense_4924226,delisted,27,0.98
2026-09-16,storagesense,sense_164023,164023,10x12,sense_4961285,listed,89,0.98
2026-09-16,storagesense,sense_164023,164023,10x12,sense_4961444,delisted,,0.98
2026-09-16,storagesense,sense_164050,164050,10x10,sense_4976336,listed,119,0.98
2026-09-16,storagesense,sense_164050,164050,10x10,sense_4976339,delisted,119,0.98
2026-09-16,storagesense,sense_164051,164051,10x15,sense_4976717,listed,,0.98
2026-09-16,storagesense,sense_164051,164051,10x20,sense_4976536,listed,,0.98
2026-09-16,storagesense,sense_164051,164051,10x25,sense_4992500,listed,,0.98
2026-09-16,storagesense,sense_164051,164051,10x15,sense_4976577,delisted,,0.98
2026-09-16,storagesense,sense_164051,164051,10x25,sense_4976590,delisted,,0.98
2026-09-16,storagesense,sense_164051,164051,10x20,sense_4976633,delisted,,0.98
2026-09-16,storagesense,sense_164053,164053,10x10,sense_4977124,listed,59,0.98
2026-09-16,storagesense,sense_164053,164053,10x10,sense_4977139,delisted,,0.98
2026-09-16,storagesense,sense_164054,164054,10x25,sense_4977293,listed,120,0.98
2026-09-16,storagesense,sense_164054,164054,10x25,sense_4977363,delisted,,0.98
2026-09-16,storagesense,sense_164057,164057,5x10,sense_4979504,listed,56,0.98
2026-09-16,storagesense,sense_164057,164057,0x55,sense_5384317,listed,82,0.98
2026-09-16,storagesense,sense_164057,164057,10x10,sense_4979489,listed,84,0.98
2026-09-16,storagesense,sense_164057,164057,10x10,sense_4979506,delisted,84,0.98
2026-09-16,storagesense,sense_164057,164057,5x10,sense_4979586,delisted,,0.98
2026-09-16,storagesense,sense_164057,164057,0x55,sense_4980182,delisted,,0.98
2026-09-16,storagesense,sense_164069,164069,5x10,sense_5168638,listed,46,0.98
2026-09-16,storagesense,sense_164069,164069,10x10,sense_4984665,listed,138,0.98
2026-09-16,storagesense,sense_164069,164069,10x20,sense_4984509,listed,235,0.98
2026-09-16,storagesense,sense_164069,164069,5x10,sense_5168637,delisted,46,0.98
2026-09-16,storagesense,sense_164069,164069,10x10,sense_4984666,delisted,138,0.98
2026-09-16,storagesense,sense_164069,164069,10x20,sense_4984524,delisted,264,0.98
2026-09-16,storagesense,sense_164072,164072,5x5,sense_4986919,listed,9,0.98
2026-09-16,storagesense,sense_164072,164072,5x10,sense_4987299,listed,26,0.98
2026-09-16,storagesense,sense_164072,164072,5x10,sense_4987020,unpriced,32,0.98
2026-09-16,storagesense,sense_164072,164072,5x5,sense_4986915,delisted,9,0.98
2026-09-16,storagesense,sense_164072,164072,5x10,sense_4987350,delisted,26,0.98
2026-09-16,storagesense,sense_164104,164104,15x20,sense_5012931,listed,179,0.98
2026-09-16,storagesense,sense_164104,164104,15x20,sense_5012932,delisted,179,0.98
2026-09-16,storagesense,sense_164111,164111,12x40,sense_5384262,listed,99,0.98
2026-09-16,storagesense,sense_164130,164130,10x7.5,sense_5027057,listed,49,0.98
2026-09-16,storagesense,sense_164130,164130,10x20,sense_5026774,listed,119,0.98
2026-09-16,storagesense,sense_164130,164130,10x7.5,sense_5027050,delisted,49,0.98
2026-09-16,storagesense,sense_164130,164130,10x20,sense_5026783,delisted,,0.98
2026-09-16,storagesense,sense_164135,164135,5x5,sense_5036453,listed,49,0.98
2026-09-16,storagesense,sense_164135,164135,5x5,sense_5036458,delisted,49,0.98
2026-09-16,storagesense,sense_164187,164187,10x10,sense_5089784,listed,50,0.98
2026-09-16,storagesense,sense_164187,164187,10x20,sense_5089765,listed,50,0.98
2026-09-16,storagesense,sense_164187,164187,20x15,sense_5090000,listed,50,0.98
2026-09-16,storagesense,sense_164196,164196,10x15,sense_5383731,listed,119,0.98
2026-09-16,storagesense,sense_164196,164196,10x15,sense_5128031,delisted,,0.98
2026-09-16,storagesense,sense_1679,1679,5x15,sense_4960247,listed,57,0.98
2026-09-16,storagesense,sense_1679,1679,5x15,sense_4645675,delisted,105,0.98
2026-09-16,storagesense,sense_1680,1680,10x15,sense_4645229,listed,99,0.98
2026-09-16,storagesense,sense_1680,1680,10x30,sense_4642553,listed,,0.98
2026-09-16,storagesense,sense_1680,1680,10x15,sense_4644707,delisted,99,0.98
2026-09-16,storagesense,sense_1680,1680,10x30,sense_4642500,delisted,137,0.98
2026-09-16,storagesense,sense_16997,16997,10x15,sense_4623535,listed,159,0.98
2026-09-16,storagesense,sense_16997,16997,8x10,sense_4624381,listed,,0.98
2026-09-16,storagesense,sense_16997,16997,8x10,sense_4624342,delisted,69,0.98
2026-09-16,storagesense,sense_16997,16997,10x15,sense_4623591,delisted,,0.98
2026-09-16,storagesense,sense_17038,17038,5x8,sense_5101687,listed,72,0.98
2026-09-16,storagesense,sense_17038,17038,10x10,sense_4707725,listed,149,0.98
2026-09-16,storagesense,sense_17038,17038,5x8,sense_5101724,delisted,34,0.98
2026-09-16,storagesense,sense_17038,17038,10x10,sense_4707782,delisted,89,0.98
2026-09-16,storagesense,sense_17053,17053,5x10,sense_4982607,listed,49,0.98
2026-09-16,storagesense,sense_17053,17053,10x25,sense_5301265,listed,194,0.98
2026-09-16,storagesense,sense_17053,17053,5x10,sense_4982674,delisted,49,0.98
2026-09-16,storagesense,sense_17053,17053,10x25,sense_4983620,delisted,194,0.98
2026-09-16,storagesense,sense_17057,17057,10x20,sense_4631437,listed,109,0.98
2026-09-16,storagesense,sense_17057,17057,10x20,sense_4928930,listed,134,0.98
2026-09-16,storagesense,sense_17057,17057,10x20,sense_5276250,delisted,109,0.98
2026-09-16,storagesense,sense_17057,17057,10x20,sense_4928924,delisted,134,0.98
2026-09-16,storagesense,sense_17080,17080,10x20,sense_4679674,listed,,0.98
2026-09-16,storagesense,sense_17080,17080,10x20,sense_4671506,delisted,256,0.98
2026-09-16,storagesense,sense_17086,17086,10x5,sense_4705769,listed,,0.98
2026-09-16,storagesense,sense_17086,17086,10x5,sense_4705452,delisted,74,0.98
2026-09-16,storagesense,sense_17087,17087,10x15,sense_4705945,listed,59,0.98
2026-09-16,storagesense,sense_17087,17087,10x15,sense_4706146,delisted,59,0.98
2026-09-16,storagesense,sense_17098,17098,10x10,sense_4720041,listed,186,0.98
2026-09-16,storagesense,sense_17098,17098,5x5,sense_4715727,listed,74,0.98
2026-09-16,storagesense,sense_17098,17098,10x10,sense_4722058,listed,169,0.98
2026-09-16,storagesense,sense_17098,17098,14x10,sense_4720874,listed,,0.98
2026-09-16,storagesense,sense_17098,17098,10x15,sense_4715263,listed,,0.98
2026-09-16,storagesense,sense_17098,17098,10x25,sense_4716539,listed,,0.98
2026-09-16,storagesense,sense_17098,17098,10x10,sense_4721648,delisted,169,0.98
2026-09-16,storagesense,sense_17098,17098,5x5,sense_4714672,delisted,74,0.98
2026-09-16,storagesense,sense_17098,17098,10x10,sense_4720188,delisted,169,0.98
2026-09-16,storagesense,sense_17098,17098,14x10,sense_4721672,delisted,186,0.98
2026-09-16,storagesense,sense_17098,17098,10x15,sense_4722128,delisted,224,0.98
2026-09-16,storagesense,sense_17098,17098,10x25,sense_4716016,delisted,,0.98
2026-09-16,storagesense,sense_17123,17123,5x10,sense_4840327,listed,64,0.98
2026-09-16,storagesense,sense_17123,17123,10x10,sense_4840567,listed,89,0.98
2026-09-16,storagesense,sense_17123,17123,5x10,sense_4840336,delisted,64,0.98
2026-09-16,storagesense,sense_17123,17123,10x10,sense_4840564,delisted,100,0.98
2026-09-16,storagesense,sense_17124,17124,5x10,sense_4718993,listed,,0.98
2026-09-16,storagesense,sense_17124,17124,5x10,sense_4719195,delisted,72,0.98
2026-09-16,storagesense,sense_17162,17162,5x10,sense_4611058,listed,14,0.98
2026-09-16,storagesense,sense_17162,17162,5x10,sense_4610959,delisted,14,0.98
2026-09-16,storagesense,sense_17172,17172,10x10,sense_4656473,listed,84,0.98
2026-09-16,storagesense,sense_17172,17172,10x15,sense_4657182,listed,66,0.98
2026-09-16,storagesense,sense_17172,17172,10x10,sense_4659526,delisted,84,0.98
2026-09-16,storagesense,sense_17172,17172,10x15,sense_4657119,delisted,66,0.98
2026-09-16,storagesense,sense_17173,17173,10x10,sense_4614399,listed,,0.98
2026-09-16,storagesense,sense_17173,17173,10x10,sense_4614324,delisted,93,0.98
2026-09-16,storagesense,sense_17182,17182,5x10,sense_4617719,listed,61,0.98
2026-09-16,storagesense,sense_17182,17182,5x5,sense_4618216,listed,,0.98
2026-09-16,storagesense,sense_17182,17182,10x15,sense_4617461,listed,,0.98
2026-09-16,storagesense,sense_17182,17182,5x5,sense_4619049,delisted,56,0.98
2026-09-16,storagesense,sense_17182,17182,5x10,sense_4618807,delisted,60,0.98
2026-09-16,storagesense,sense_17182,17182,10x15,sense_4617477,delisted,148,0.98
2026-09-16,storagesense,sense_17208,17208,10x15,sense_4626829,listed,169,0.98
2026-09-16,storagesense,sense_17208,17208,10x15,sense_4626927,delisted,169,0.98
2026-09-16,storagesense,sense_17256,17256,5x10,sense_5383914,listed,76,0.98
2026-09-16,storagesense,sense_17256,17256,5x10,sense_4636553,delisted,76,0.98
2026-09-16,storagesense,sense_17280,17280,10x10,sense_4874986,listed,109,0.98
2026-09-16,storagesense,sense_17280,17280,10x10,sense_4875002,delisted,109,0.98
2026-09-16,storagesense,sense_17359,17359,10x10,sense_4711081,listed,,0.98
2026-09-16,storagesense,sense_17359,17359,10x10,sense_4711062,delisted,,0.98
2026-09-16,storagesense,sense_17392,17392,8x10,sense_4933224,listed,65,0.98
2026-09-16,storagesense,sense_17392,17392,8x8,sense_4933212,listed,57,0.98
2026-09-16,storagesense,sense_17392,17392,10x10,sense_4791251,listed,149,0.98
2026-09-16,storagesense,sense_17392,17392,8x10,sense_4791508,delisted,65,0.98
2026-09-16,storagesense,sense_17392,17392,8x8,sense_4791695,delisted,57,0.98
2026-09-16,storagesense,sense_17392,17392,10x10,sense_4791273,delisted,132,0.98
2026-09-16,storagesense,sense_17405,17405,8x10,sense_4959735,unpriced,96,0.98
2026-09-16,storagesense,sense_17409,17409,5x10,sense_4643019,listed,84,0.98
2026-09-16,storagesense,sense_17409,17409,10x10,sense_4645612,listed,119,0.98
2026-09-16,storagesense,sense_17409,17409,5x10,sense_4645149,delisted,84,0.98
2026-09-16,storagesense,sense_17409,17409,10x10,sense_4645619,delisted,119,0.98
2026-09-16,storagesense,sense_1915,1915,5x15,sense_4646815,listed,45,0.98
2026-09-16,storagesense,sense_1915,1915,5x5,sense_4644348,listed,,0.98
2026-09-16,storagesense,sense_1915,1915,5x5,sense_4647601,delisted,21,0.98
2026-09-16,storagesense,sense_1915,1915,5x15,sense_4645550,delisted,45,0.98
2026-09-16,storagesense,sense_1918,1918,5x5,sense_4689828,listed,39,0.98
2026-09-16,storagesense,sense_1918,1918,5x5,sense_4694459,delisted,59,0.98
2026-09-16,storagesense,sense_1977,1977,5x10,sense_4692806,listed,101,0.98
2026-09-16,storagesense,sense_1977,1977,5x10,sense_4693498,delisted,,0.98
2026-09-16,storagesense,sense_1983,1983,12x25,sense_4711860,listed,94,0.98
2026-09-16,storagesense,sense_1983,1983,10x30,sense_4712709,listed,242,0.98
2026-09-16,storagesense,sense_1983,1983,12x25,sense_4712995,delisted,94,0.98
2026-09-16,storagesense,sense_1983,1983,10x30,sense_4711093,delisted,242,0.98
2026-09-16,storagesense,sense_2100,2100,10x25,sense_5250204,listed,145,0.98
2026-09-16,storagesense,sense_2100,2100,10x25,sense_4670553,delisted,145,0.98
2026-09-16,storagesense,sense_2114,2114,5x10,sense_4694726,listed,89,0.98
2026-09-16,storagesense,sense_2114,2114,10x10,sense_5384407,listed,171,0.98
2026-09-16,storagesense,sense_2114,2114,10x20,sense_4686667,listed,159,0.98
2026-09-16,storagesense,sense_2114,2114,5x10,sense_4693546,delisted,98,0.98
2026-09-16,storagesense,sense_2114,2114,10x10,sense_4916337,delisted,,0.98
2026-09-16,storagesense,sense_2116,2116,10x10,sense_4628204,listed,149,0.98
2026-09-16,storagesense,sense_2116,2116,12x45,sense_4630600,listed,49,0.98
2026-09-16,storagesense,sense_2116,2116,10x10,sense_4628190,delisted,149,0.98
2026-09-16,storagesense,sense_2116,2116,12x45,sense_4630639,delisted,49,0.98
2026-09-16,storagesense,sense_2119,2119,5x10,sense_4679637,listed,78,0.98
2026-09-16,storagesense,sense_2119,2119,10x10,sense_4680659,listed,74,0.98
2026-09-16,storagesense,sense_2119,2119,10x10,sense_4686232,delisted,74,0.98
2026-09-16,storagesense,sense_2119,2119,5x10,sense_4681462,delisted,,0.98
2026-09-16,storagesense,sense_2121,2121,5x10,sense_4669480,listed,135,0.98
2026-09-16,storagesense,sense_2121,2121,10x15,sense_4665513,listed,,0.98
2026-09-16,storagesense,sense_2121,2121,10x15,sense_4664701,delisted,299,0.98
2026-09-16,storagesense,sense_2121,2121,5x10,sense_4671221,delisted,,0.98
2026-09-16,storagesense,sense_2130,2130,5x5,sense_4689754,listed,37,0.98
2026-09-16,storagesense,sense_2130,2130,10x17,sense_4686396,unpriced,152,0.98
2026-09-16,storagesense,sense_2130,2130,5x5,sense_5378225,delisted,37,0.98
2026-09-16,storagesense,sense_2136,2136,10x15,sense_4673882,listed,114,0.98
2026-09-16,storagesense,sense_2136,2136,10x10,sense_4676001,repriced_from_unpriced,92,0.98
2026-09-16,storagesense,sense_2136,2136,10x15,sense_4671947,delisted,112,0.98
2026-09-16,storagesense,sense_2137,2137,10x10,sense_4673210,listed,79,0.98
2026-09-16,storagesense,sense_2137,2137,10x30,sense_4674210,listed,179,0.98
2026-09-16,storagesense,sense_2137,2137,10x40,sense_4677174,listed,99,0.98
2026-09-16,storagesense,sense_2137,2137,10x10,sense_4672309,delisted,79,0.98
2026-09-16,storagesense,sense_2137,2137,10x30,sense_4672591,delisted,179,0.98
2026-09-16,storagesense,sense_2137,2137,10x40,sense_4677109,delisted,99,0.98
2026-09-16,storagesense,sense_2138,2138,12x40,sense_4686846,listed,,0.98
2026-09-16,storagesense,sense_2138,2138,12x40,sense_4686347,delisted,64,0.98
2026-09-16,storagesense,sense_2139,2139,5x10,sense_4678797,listed,49,0.98
2026-09-16,storagesense,sense_2139,2139,5x5,sense_4675640,repriced_from_unpriced,52,0.98
2026-09-16,storagesense,sense_2139,2139,10x10,sense_4675619,listed,79,0.98
2026-09-16,storagesense,sense_2139,2139,5x10,sense_4678544,delisted,49,0.98
2026-09-16,storagesense,sense_2139,2139,10x10,sense_4671941,delisted,79,0.98
2026-09-16,storagesense,sense_2140,2140,5x10,sense_4631740,listed,100,0.98
2026-09-16,storagesense,sense_2140,2140,10x10,sense_5381965,listed,155,0.98
2026-09-16,storagesense,sense_2140,2140,10x25,sense_4632020,listed,,0.98
2026-09-16,storagesense,sense_2140,2140,5x10,sense_4631729,delisted,119,0.98
2026-09-16,storagesense,sense_2140,2140,10x10,sense_4630763,delisted,147,0.98
2026-09-16,storagesense,sense_2140,2140,10x25,sense_5350380,delisted,243,0.98
2026-09-16,storagesense,sense_2141,2141,15x20,sense_4635683,listed,193,0.98
2026-09-16,storagesense,sense_2141,2141,15x20,sense_4635106,delisted,,0.98
2026-09-16,storagesense,sense_2142,2142,10x15,sense_4696881,listed,154,0.98
2026-09-16,storagesense,sense_2142,2142,10x20,sense_4693584,listed,184,0.98
2026-09-16,storagesense,sense_2142,2142,10x20,sense_4693487,delisted,184,0.98
2026-09-16,storagesense,sense_2142,2142,10x15,sense_4690684,delisted,,0.98
2026-09-16,storagesense,sense_2144,2144,5x10,sense_4679494,listed,53,0.98
2026-09-16,storagesense,sense_2144,2144,10x15,sense_4680184,listed,,0.98
2026-09-16,storagesense,sense_2144,2144,5x10,sense_4679597,delisted,53,0.98
2026-09-16,storagesense,sense_2144,2144,10x15,sense_4684086,delisted,129,0.98
2026-09-16,storagesense,sense_2152,2152,10x20,sense_4702144,listed,109,0.98
2026-09-16,storagesense,sense_2152,2152,10x25,sense_4699348,listed,209,0.98
2026-09-16,storagesense,sense_2152,2152,10x20,sense_4702212,delisted,109,0.98
2026-09-16,storagesense,sense_2152,2152,10x25,sense_4694789,delisted,209,0.98
2026-09-16,storagesense,sense_2165,2165,5x10,sense_4694286,listed,74,0.98
2026-09-16,storagesense,sense_2165,2165,5x10,sense_4685122,delisted,74,0.98
2026-09-16,storagesense,sense_2166,2166,10x10,sense_4714218,listed,44,0.98
2026-09-16,storagesense,sense_2166,2166,5x5,sense_4716361,listed,30,0.98
2026-09-16,storagesense,sense_2166,2166,10x10,sense_4715253,delisted,44,0.98
2026-09-16,storagesense,sense_2166,2166,5x5,sense_4716996,delisted,30,0.98
2026-09-16,storagesense,sense_2170,2170,10x10,sense_4686063,listed,24,0.98
2026-09-16,storagesense,sense_2170,2170,10x15,sense_4689434,listed,24,0.98
2026-09-16,storagesense,sense_2170,2170,10x10,sense_4689279,delisted,24,0.98
2026-09-16,storagesense,sense_2170,2170,10x15,sense_4685527,delisted,,0.98
2026-09-16,storagesense,sense_2230,2230,8x10,sense_4690543,listed,104,0.98
2026-09-16,storagesense,sense_2230,2230,10x10,sense_4691242,listed,113,0.98
2026-09-16,storagesense,sense_2230,2230,10x15,sense_4692281,listed,113,0.98
2026-09-16,storagesense,sense_2230,2230,10x15,sense_4688989,delisted,110,0.98
2026-09-16,storagesense,sense_2230,2230,8x10,sense_4690585,delisted,,0.98
2026-09-16,storagesense,sense_2230,2230,10x10,sense_4691179,delisted,,0.98
2026-09-16,storagesense,sense_2242,2242,12x10,sense_4722431,listed,,0.98
2026-09-16,storagesense,sense_2242,2242,10x20,sense_4721913,listed,,0.98
2026-09-16,storagesense,sense_2242,2242,12x10,sense_4722455,delisted,115,0.98
2026-09-16,storagesense,sense_2242,2242,10x20,sense_4721763,delisted,165,0.98
2026-09-16,storagesense,sense_2280,2280,10x20,sense_4840178,listed,129,0.98
2026-09-16,storagesense,sense_2280,2280,10x20,sense_4839622,delisted,129,0.98
2026-09-16,storagesense,sense_2290,2290,10x10,sense_4726981,listed,84,0.98
2026-09-16,storagesense,sense_2290,2290,10x10,sense_4726979,delisted,84,0.98
2026-09-16,storagesense,sense_2291,2291,10x20,sense_4726384,listed,120,0.98
2026-09-16,storagesense,sense_2291,2291,10x20,sense_4726271,delisted,,0.98
2026-09-16,storagesense,sense_2306,2306,10x10,sense_4684281,listed,,0.98
2026-09-16,storagesense,sense_2306,2306,10x10,sense_4684542,listed,,0.98
2026-09-16,storagesense,sense_2306,2306,10x10,sense_4684356,delisted,44,0.98
2026-09-16,storagesense,sense_2306,2306,10x10,sense_4681769,delisted,192,0.98
2026-09-16,storagesense,sense_2307,2307,5x5,sense_4646903,listed,48,0.98
2026-09-16,storagesense,sense_2307,2307,5x5,sense_4647146,delisted,48,0.98
2026-09-16,storagesense,sense_2315,2315,5x5,sense_4614509,listed,64,0.98
2026-09-16,storagesense,sense_2315,2315,5x5,sense_4614566,delisted,64,0.98
2026-09-16,storagesense,sense_2316,2316,5x10,sense_5082200,listed,65,0.98
2026-09-16,storagesense,sense_2316,2316,5x10,sense_4611071,listed,,0.98
2026-09-16,storagesense,sense_2316,2316,10x15,sense_4611324,listed,,0.98
2026-09-16,storagesense,sense_2316,2316,5x10,sense_4611255,delisted,65,0.98
2026-09-16,storagesense,sense_2316,2316,10x15,sense_4990957,delisted,147,0.98
2026-09-16,storagesense,sense_2316,2316,5x10,sense_4612294,delisted,,0.98
2026-09-16,storagesense,sense_2322,2322,10x20,sense_4626882,listed,349,0.98
2026-09-16,storagesense,sense_2322,2322,10x20,sense_4626920,delisted,316,0.98
2026-09-16,storagesense,sense_2324,2324,10x10,sense_4682109,listed,80,0.98
2026-09-16,storagesense,sense_2324,2324,10x10,sense_4682801,delisted,80,0.98
2026-09-16,storagesense,sense_2326,2326,10x20,sense_4621175,listed,118,0.98
2026-09-16,storagesense,sense_2326,2326,10x20,sense_4621227,delisted,116,0.98
2026-09-16,storagesense,sense_2336,2336,10x10,sense_4693826,listed,145,0.98
2026-09-16,storagesense,sense_2336,2336,10x15,sense_4690137,listed,210,0.98
2026-09-16,storagesense,sense_2336,2336,10x25,sense_4686372,listed,271,0.98
2026-09-16,storagesense,sense_2336,2336,10x10,sense_4690018,delisted,145,0.98
2026-09-16,storagesense,sense_2336,2336,10x15,sense_4690640,delisted,210,0.98
2026-09-16,storagesense,sense_2336,2336,10x25,sense_4692987,delisted,,0.98
2026-09-16,storagesense,sense_2339,2339,10x20,sense_4624425,listed,151,0.98
2026-09-16,storagesense,sense_2339,2339,10x20,sense_4621573,delisted,151,0.98
2026-09-16,storagesense,sense_2340,2340,10x10,sense_4699171,listed,84,0.98
2026-09-16,storagesense,sense_2340,2340,10x20,sense_4701771,listed,127,0.98
2026-09-16,storagesense,sense_2340,2340,10x20,sense_4705580,delisted,127,0.98
2026-09-16,storagesense,sense_2340,2340,10x10,sense_4705011,delisted,,0.98
2026-09-16,storagesense,sense_2346,2346,5x5,sense_4683526,listed,49,0.98
2026-09-16,storagesense,sense_2346,2346,5x5,sense_4683544,delisted,49,0.98
2026-09-16,storagesense,sense_2357,2357,10x10,sense_4628206,listed,,0.98
2026-09-16,storagesense,sense_2357,2357,10x10,sense_4628496,delisted,39,0.98
2026-09-16,storagesense,sense_2359,2359,5x10,sense_4617206,listed,,0.98
2026-09-16,storagesense,sense_2359,2359,5x10,sense_4617154,delisted,74,0.98
2026-09-16,storagesense,sense_2364,2364,5x5,sense_4627166,listed,27,0.98
2026-09-16,storagesense,sense_2364,2364,11x38,sense_4630989,listed,99,0.98
2026-09-16,storagesense,sense_2364,2364,5x5,sense_4628254,delisted,27,0.98
2026-09-16,storagesense,sense_2364,2364,11x38,sense_4630486,delisted,99,0.98
2026-09-16,storagesense,sense_2371,2371,10x20,sense_4617656,listed,96,0.98
2026-09-16,storagesense,sense_2371,2371,10x20,sense_4614620,listed,169,0.98
2026-09-16,storagesense,sense_2371,2371,10x20,sense_4616166,delisted,94,0.98
2026-09-16,storagesense,sense_2371,2371,10x20,sense_4613855,delisted,164,0.98
2026-09-16,storagesense,sense_2383,2383,5x10,sense_4625555,listed,136,0.98
2026-09-16,storagesense,sense_2383,2383,10x10,sense_4626142,listed,176,0.98
2026-09-16,storagesense,sense_2383,2383,10x15,sense_4622337,listed,249,0.98
2026-09-16,storagesense,sense_2383,2383,10x20,sense_4619952,listed,298,0.98
2026-09-16,storagesense,sense_2383,2383,5x10,sense_4623723,delisted,136,0.98
2026-09-16,storagesense,sense_2383,2383,10x10,sense_4625526,delisted,169,0.98
2026-09-16,storagesense,sense_2383,2383,10x15,sense_4622360,delisted,259,0.98
2026-09-16,storagesense,sense_2383,2383,10x20,sense_4622313,delisted,299,0.98
2026-09-16,storagesense,sense_2384,2384,5x10,sense_4636907,listed,62,0.98
2026-09-16,storagesense,sense_2384,2384,10x15,sense_5006190,listed,94,0.98
2026-09-16,storagesense,sense_2384,2384,5x10,sense_4636914,delisted,62,0.98
2026-09-16,storagesense,sense_2384,2384,10x15,sense_4638561,delisted,94,0.98
2026-09-16,storagesense,sense_2385,2385,10x20,sense_4630555,listed,99,0.98
2026-09-16,storagesense,sense_2385,2385,10x20,sense_4630539,listed,99,0.98
2026-09-16,storagesense,sense_2385,2385,10x20,sense_4630546,delisted,99,0.98
2026-09-16,storagesense,sense_2385,2385,10x20,sense_4630502,delisted,,0.98
2026-09-16,storagesense,sense_2386,2386,5x15,sense_4620521,listed,99,0.98
2026-09-16,storagesense,sense_2386,2386,5x15,sense_4620543,delisted,,0.98
2026-09-16,storagesense,sense_2387,2387,10x35,sense_4634677,listed,49,0.98
2026-09-16,storagesense,sense_2387,2387,10x35,sense_4634650,delisted,49,0.98
2026-09-16,storagesense,sense_2390,2390,15x20,sense_4632851,listed,176,0.98
2026-09-16,storagesense,sense_2390,2390,10x12,sense_4634110,listed,,0.98
2026-09-16,storagesense,sense_2390,2390,10x40,sense_4635297,listed,,0.98
2026-09-16,storagesense,sense_2390,2390,20x20,sense_4634982,listed,,0.98
2026-09-16,storagesense,sense_2390,2390,10x12,sense_5237300,delisted,64,0.98
2026-09-16,storagesense,sense_2390,2390,15x20,sense_4632700,delisted,176,0.98
2026-09-16,storagesense,sense_2390,2390,10x40,sense_4635258,delisted,108,0.98
2026-09-16,storagesense,sense_2390,2390,20x20,sense_4635166,delisted,189,0.98
2026-09-16,storagesense,sense_2392,2392,10x15,sense_5004686,listed,99,0.98
2026-09-16,storagesense,sense_2392,2392,10x30,sense_5004537,listed,,0.98
2026-09-16,storagesense,sense_2392,2392,10x15,sense_5004632,delisted,99,0.98
2026-09-16,storagesense,sense_2392,2392,10x30,sense_5004435,delisted,137,0.98
2026-09-16,storagesense,sense_2393,2393,5x10,sense_4627708,listed,76,0.98
2026-09-16,storagesense,sense_2393,2393,5x10,sense_4629086,delisted,67,0.98
2026-09-16,storagesense,sense_2396,2396,10x3,sense_4618645,unpriced,53,0.98
2026-09-16,storagesense,sense_2397,2397,10x10,sense_4624105,repriced_from_unpriced,84,0.98
2026-09-16,storagesense,sense_2397,2397,10x40,sense_4625404,listed,,0.98
2026-09-16,storagesense,sense_2397,2397,10x40,sense_4625974,delisted,69,0.98
2026-09-16,storagesense,sense_2399,2399,10x20,sense_4632362,listed,79,0.98
2026-09-16,storagesense,sense_2399,2399,10x15,sense_4632546,listed,,0.98
2026-09-16,storagesense,sense_2399,2399,8x20,sense_4634111,listed,,0.98
2026-09-16,storagesense,sense_2399,2399,10x15,sense_4632672,delisted,66,0.98
2026-09-16,storagesense,sense_2399,2399,8x20,sense_4634101,delisted,69,0.98
2026-09-16,storagesense,sense_2399,2399,10x20,sense_4633850,delisted,,0.98
2026-09-16,storagesense,sense_2411,2411,5x15,sense_5039067,listed,19,0.98
2026-09-16,storagesense,sense_2411,2411,10x15,sense_4661641,listed,59,0.98
2026-09-16,storagesense,sense_2411,2411,10x30,sense_4661281,listed,116,0.98
2026-09-16,storagesense,sense_2411,2411,5x15,sense_5038743,delisted,16,0.98
2026-09-16,storagesense,sense_2411,2411,10x15,sense_4661616,delisted,59,0.98
2026-09-16,storagesense,sense_2411,2411,10x30,sense_4656012,delisted,116,0.98
2026-09-16,storagesense,sense_2417,2417,8x10,sense_4653947,listed,35,0.98
2026-09-16,storagesense,sense_2417,2417,8x20,sense_4654835,listed,67,0.98
2026-09-16,storagesense,sense_2417,2417,8x40,sense_4967473,listed,112,0.98
2026-09-16,storagesense,sense_2417,2417,8x10,sense_4656051,delisted,35,0.98
2026-09-16,storagesense,sense_2417,2417,8x20,sense_4653674,delisted,76,0.98
2026-09-16,storagesense,sense_2417,2417,8x40,sense_4653561,delisted,,0.98
2026-09-16,storagesense,sense_2420,2420,8x10,sense_4651760,listed,65,0.98
2026-09-16,storagesense,sense_2420,2420,8x10,sense_4652014,delisted,65,0.98
2026-09-16,storagesense,sense_2448,2448,10x20,sense_5039896,listed,84,0.98
2026-09-16,storagesense,sense_2448,2448,5x10,sense_4644039,listed,,0.98
2026-09-16,storagesense,sense_2448,2448,5x10,sense_4644078,delisted,109,0.98
2026-09-16,storagesense,sense_2448,2448,10x10,sense_4643127,delisted,129,0.98
2026-09-16,storagesense,sense_2448,2448,10x15,sense_4641841,delisted,176,0.98
2026-09-16,storagesense,sense_2448,2448,10x20,sense_5039915,delisted,84,0.98
2026-09-16,storagesense,sense_2448,2448,10x20,sense_4643867,delisted,199,0.98
2026-09-16,storagesense,sense_2457,2457,10x10,sense_4709726,listed,94,0.98
2026-09-16,storagesense,sense_2457,2457,10x15,sense_4712686,listed,209,0.98
2026-09-16,storagesense,sense_2457,2457,10x10,sense_4710216,delisted,94,0.98
2026-09-16,storagesense,sense_2457,2457,10x15,sense_4712697,delisted,,0.98
2026-09-16,storagesense,sense_2519,2519,10x5,sense_4792019,listed,65,0.98
2026-09-16,storagesense,sense_2519,2519,10x10,sense_4791736,listed,129,0.98
2026-09-16,storagesense,sense_2519,2519,10x20,sense_4792291,listed,205,0.98
2026-09-16,storagesense,sense_2519,2519,10x10,sense_4791781,delisted,129,0.98
2026-09-16,storagesense,sense_2519,2519,10x20,sense_4792292,delisted,205,0.98
2026-09-16,storagesense,sense_2519,2519,10x5,sense_4792319,delisted,,0.98
2026-09-16,storagesense,sense_2550,2550,4x7,sense_4839250,listed,26,0.98
2026-09-16,storagesense,sense_2550,2550,4x7,sense_4839245,listed,26,0.98
2026-09-16,storagesense,sense_2550,2550,4x5,sense_4839098,unpriced,22,0.98
2026-09-16,storagesense,sense_2550,2550,4x7,sense_4839241,delisted,26,0.98
2026-09-16,storagesense,sense_2550,2550,4x7,sense_4839248,delisted,26,0.98
2026-09-16,storagesense,sense_2556,2556,5x10,sense_4720762,listed,24,0.98
2026-09-16,storagesense,sense_2556,2556,5x10,sense_4722086,listed,36,0.98
2026-09-16,storagesense,sense_2556,2556,10x10,sense_4722139,listed,39,0.98
2026-09-16,storagesense,sense_2556,2556,10x20,sense_4721883,listed,69,0.98
2026-09-16,storagesense,sense_2556,2556,10x20,sense_4721771,listed,114,0.98
2026-09-16,storagesense,sense_2556,2556,5x10,sense_4720363,delisted,29,0.98
2026-09-16,storagesense,sense_2556,2556,5x10,sense_4721977,delisted,29,0.98
2026-09-16,storagesense,sense_2556,2556,10x10,sense_4721991,delisted,36,0.98
2026-09-16,storagesense,sense_2556,2556,10x20,sense_4722190,delisted,72,0.98
2026-09-16,storagesense,sense_2556,2556,10x20,sense_4721635,delisted,,0.98
2026-09-16,storagesense,sense_2566,2566,10x10,sense_4672593,listed,99,0.98
2026-09-16,storagesense,sense_2566,2566,10x10,sense_4669566,delisted,99,0.98
2026-09-16,storagesense,sense_2567,2567,5x10,sense_4661686,listed,59,0.98
2026-09-16,storagesense,sense_2567,2567,10x10,sense_5095913,listed,99,0.98
2026-09-16,storagesense,sense_2567,2567,10x20,sense_5058636,listed,189,0.98
2026-09-16,storagesense,sense_2567,2567,10x10,sense_5025049,delisted,111,0.98
2026-09-16,storagesense,sense_2567,2567,10x20,sense_5315971,delisted,189,0.98
2026-09-16,storagesense,sense_2567,2567,5x10,sense_4661750,delisted,,0.98
2026-09-16,storagesense,sense_2596,2596,10x10,sense_4639607,listed,84,0.98
2026-09-16,storagesense,sense_2596,2596,10x20,sense_4639655,listed,139,0.98
2026-09-16,storagesense,sense_2596,2596,5x10,sense_4638972,unpriced,44,0.98
2026-09-16,storagesense,sense_2596,2596,10x10,sense_5303153,delisted,84,0.98
2026-09-16,storagesense,sense_2596,2596,10x20,sense_4639789,delisted,139,0.98
2026-09-16,storagesense,sense_2597,2597,10x15,sense_4661269,listed,84,0.98
2026-09-16,storagesense,sense_2597,2597,10x20,sense_4668375,listed,99,0.98
2026-09-16,storagesense,sense_2597,2597,10x15,sense_4660193,delisted,84,0.98
2026-09-16,storagesense,sense_2597,2597,10x20,sense_4666079,delisted,111,0.98
2026-09-16,storagesense,sense_2598,2598,12x40,sense_4638182,listed,220,0.98
2026-09-16,storagesense,sense_2598,2598,12x50,sense_4638420,listed,244,0.98
2026-09-16,storagesense,sense_2598,2598,12x40,sense_4637933,delisted,220,0.98
2026-09-16,storagesense,sense_2598,2598,12x50,sense_4638426,delisted,244,0.98
2026-09-16,storagesense,sense_2599,2599,5x5,sense_4655123,listed,44,0.98
2026-09-16,storagesense,sense_2599,2599,5x5,sense_4655168,delisted,44,0.98
2026-09-16,storagesense,sense_2600,2600,10x20,sense_4611824,listed,159,0.98
2026-09-16,storagesense,sense_2600,2600,10x20,sense_4611813,delisted,159,0.98
2026-09-16,storagesense,sense_2606,2606,5x5,sense_4690997,listed,44,0.98
2026-09-16,storagesense,sense_2606,2606,10x20,sense_4686732,listed,174,0.98
2026-09-16,storagesense,sense_2606,2606,5x5,sense_4689846,delisted,44,0.98
2026-09-16,storagesense,sense_2606,2606,10x20,sense_4689590,delisted,174,0.98
2026-09-16,storagesense,sense_2616,2616,8x10,sense_4669415,listed,129,0.98
2026-09-16,storagesense,sense_2616,2616,10x10,sense_4665317,listed,129,0.98
2026-09-16,storagesense,sense_2616,2616,8x10,sense_4672273,unpriced,129,0.98
2026-09-16,storagesense,sense_2616,2616,8x10,sense_4669310,delisted,129,0.98
2026-09-16,storagesense,sense_2616,2616,10x10,sense_4667545,delisted,129,0.98
2026-09-16,storagesense,sense_2668,2668,5x10,sense_5384109,listed,69,0.98
2026-09-16,storagesense,sense_2668,2668,5x5,sense_4670714,listed,,0.98
2026-09-16,storagesense,sense_2668,2668,5x5,sense_4670696,delisted,44,0.98
2026-09-16,storagesense,sense_2668,2668,5x10,sense_4675224,delisted,69,0.98
2026-09-16,storagesense,sense_2669,2669,10x20,sense_5085276,listed,201,0.98
2026-09-16,storagesense,sense_2669,2669,10x20,sense_4640548,delisted,201,0.98
2026-09-16,storagesense,sense_2678,2678,5x10,sense_4654415,listed,52,0.98
2026-09-16,storagesense,sense_2678,2678,5x10,sense_4654405,delisted,52,0.98
2026-09-16,storagesense,sense_2679,2679,5x5,sense_4687083,listed,8,0.98
2026-09-16,storagesense,sense_2679,2679,5x5,sense_4686832,delisted,8,0.98
2026-09-16,storagesense,sense_2680,2680,5x10,sense_4659028,listed,73,0.98
2026-09-16,storagesense,sense_2680,2680,5x10,sense_4996859,listed,82,0.98
2026-09-16,storagesense,sense_2680,2680,10x25,sense_4658122,listed,223,0.98
2026-09-16,storagesense,sense_2680,2680,5x10,sense_4658942,delisted,75,0.98
2026-09-16,storagesense,sense_2680,2680,5x10,sense_4659898,delisted,75,0.98
2026-09-16,storagesense,sense_2680,2680,10x25,sense_4657123,delisted,229,0.98
2026-09-16,storagesense,sense_2690,2690,10x30,sense_4667751,listed,146,0.98
2026-09-16,storagesense,sense_2690,2690,10x30,sense_5004390,delisted,146,0.98
2026-09-16,storagesense,sense_2691,2691,5x10,sense_5197048,listed,49,0.98
2026-09-16,storagesense,sense_2691,2691,5x10,sense_4698365,delisted,49,0.98
2026-09-16,storagesense,sense_2692,2692,5x5,sense_4652121,repriced_from_unpriced,24,0.98
2026-09-16,storagesense,sense_2692,2692,10x15,sense_4649880,listed,94,0.98
2026-09-16,storagesense,sense_2692,2692,10x20,sense_4651269,listed,109,0.98
2026-09-16,storagesense,sense_2692,2692,10x15,sense_4651471,delisted,94,0.98
2026-09-16,storagesense,sense_2692,2692,10x20,sense_4650921,delisted,123,0.98
2026-09-16,storagesense,sense_2698,2698,5x10,sense_4697052,listed,80,0.98
2026-09-16,storagesense,sense_2698,2698,5x10,sense_5247932,listed,80,0.98
2026-09-16,storagesense,sense_2698,2698,5x15,sense_5183647,listed,93,0.98
2026-09-16,storagesense,sense_2698,2698,10x10,sense_4699100,listed,124,0.98
2026-09-16,storagesense,sense_2698,2698,10x15,sense_4700415,listed,212,0.98
2026-09-16,storagesense,sense_2698,2698,10x20,sense_4702966,listed,218,0.98
2026-09-16,storagesense,sense_2698,2698,10x20,sense_4697535,listed,218,0.98
2026-09-16,storagesense,sense_2698,2698,5x10,sense_4697005,delisted,64,0.98
2026-09-16,storagesense,sense_2698,2698,5x10,sense_4703287,delisted,64,0.98
2026-09-16,storagesense,sense_2698,2698,10x10,sense_4699240,delisted,124,0.98
2026-09-16,storagesense,sense_2698,2698,10x15,sense_4701561,delisted,169,0.98
2026-09-16,storagesense,sense_2698,2698,10x20,sense_5347533,delisted,174,0.98
2026-09-16,storagesense,sense_2698,2698,10x20,sense_4698434,delisted,174,0.98
2026-09-16,storagesense,sense_2698,2698,5x15,sense_4703174,delisted,,0.98
2026-09-16,storagesense,sense_2751,2751,5x12,sense_4693214,listed,,0.98
2026-09-16,storagesense,sense_2751,2751,5x12,sense_4693796,delisted,67,0.98
2026-09-16,storagesense,sense_2774,2774,10x20,sense_5016179,listed,83,0.98
2026-09-16,storagesense,sense_2774,2774,10x10,sense_5384808,listed,60,0.98
2026-09-16,storagesense,sense_2774,2774,10x20,sense_5384811,listed,83,0.98
2026-09-16,storagesense,sense_2774,2774,10x20,sense_5054409,delisted,83,0.98
2026-09-16,storagesense,sense_2782,2782,5x5,sense_4791077,listed,81,0.98
2026-09-16,storagesense,sense_2782,2782,10x10,sense_4791168,listed,121,0.98
2026-09-16,storagesense,sense_2782,2782,10x15,sense_4791038,listed,153,0.98
2026-09-16,storagesense,sense_2782,2782,10x15,sense_4791189,listed,193,0.98
2026-09-16,storagesense,sense_2782,2782,5x5,sense_4791051,delisted,89,0.98
2026-09-16,storagesense,sense_2782,2782,10x10,sense_4791178,delisted,134,0.98
2026-09-16,storagesense,sense_2782,2782,10x15,sense_4791148,delisted,169,0.98
2026-09-16,storagesense,sense_2782,2782,10x15,sense_4791124,delisted,214,0.98
2026-09-16,storagesense,sense_2789,2789,10x25,sense_4837384,listed,132,0.98
2026-09-16,storagesense,sense_2789,2789,10x25,sense_4837435,delisted,132,0.98
2026-09-16,storagesense,sense_2792,2792,10x15,sense_5381756,listed,72,0.98
2026-09-16,storagesense,sense_2792,2792,5x15,sense_5381764,listed,61,0.98
2026-09-16,storagesense,sense_2792,2792,10x20,sense_5383730,listed,99,0.98
2026-09-16,storagesense,sense_2792,2792,10x15,sense_5381759,delisted,72,0.98
2026-09-16,storagesense,sense_2792,2792,5x15,sense_4709081,delisted,54,0.98
2026-09-16,storagesense,sense_2792,2792,10x20,sense_4934201,delisted,99,0.98
2026-09-16,storagesense,sense_2802,2802,10x10,sense_4837609,listed,59,0.98
2026-09-16,storagesense,sense_2802,2802,10x10,sense_4837751,delisted,62,0.98
2026-09-16,storagesense,sense_2803,2803,10x20,sense_4838248,listed,84,0.98
2026-09-16,storagesense,sense_2803,2803,10x20,sense_4838242,delisted,84,0.98
2026-09-16,storagesense,sense_2804,2804,10x10,sense_4712840,listed,72,0.98
2026-09-16,storagesense,sense_2804,2804,10x10,sense_4712618,delisted,72,0.98
2026-09-16,storagesense,sense_2805,2805,5x10,sense_4839727,listed,60,0.98
2026-09-16,storagesense,sense_2805,2805,5x11,sense_4839822,listed,71,0.98
2026-09-16,storagesense,sense_2805,2805,10x30,sense_4840000,listed,56,0.98
2026-09-16,storagesense,sense_2805,2805,10x25,sense_4839949,unpriced,65,0.98
2026-09-16,storagesense,sense_2805,2805,5x10,sense_4839757,delisted,60,0.98
2026-09-16,storagesense,sense_2805,2805,5x11,sense_4839825,delisted,63,0.98
2026-09-16,storagesense,sense_2805,2805,10x30,sense_4840009,delisted,56,0.98
2026-09-16,storagesense,sense_2817,2817,10x20,sense_4657620,listed,199,0.98
2026-09-16,storagesense,sense_2817,2817,10x20,sense_4657630,delisted,,0.98
2026-09-16,storagesense,sense_2818,2818,5x10,sense_4614498,listed,34,0.98
2026-09-16,storagesense,sense_2818,2818,5x10,sense_4614948,delisted,29,0.98
2026-09-16,storagesense,sense_2820,2820,12x30,sense_4616609,listed,193,0.98
2026-09-16,storagesense,sense_2820,2820,12x30,sense_4616645,delisted,193,0.98
2026-09-16,storagesense,sense_820,820,10x10,sense_4691163,listed,74,0.98
2026-09-16,storagesense,sense_820,820,10x12,sense_4682310,listed,84,0.98
2026-09-16,storagesense,sense_820,820,10x10,sense_4690834,delisted,74,0.98
2026-09-16,storagesense,sense_820,820,10x12,sense_4681932,delisted,95,0.98
2026-09-16,storagesense,sense_825,825,5x10,sense_4622685,listed,59,0.98
2026-09-16,storagesense,sense_825,825,10x10,sense_4617234,listed,75,0.98
2026-09-16,storagesense,sense_825,825,5x10,sense_4622705,delisted,59,0.98
2026-09-16,storagesense,sense_825,825,10x10,sense_4616858,delisted,75,0.98
2026-09-16,storagesense,sense_831,831,10x10,sense_4638960,listed,90,0.98
2026-09-16,storagesense,sense_831,831,9x18,sense_4639299,listed,59,0.98
2026-09-16,storagesense,sense_831,831,10x10,sense_4638902,delisted,80,0.98
2026-09-16,storagesense,sense_831,831,9x18,sense_4639398,delisted,59,0.98
2026-09-16,storagesense,sense_834,834,10x10,sense_4706399,listed,64,0.98
2026-09-16,storagesense,sense_834,834,10x10,sense_4705397,delisted,64,0.98
2026-09-16,storagesense,sense_835,835,10x10,sense_4611280,listed,72,0.98
2026-09-16,storagesense,sense_835,835,10x25,sense_4612777,listed,144,0.98
2026-09-16,storagesense,sense_835,835,10x10,sense_5083445,delisted,72,0.98
2026-09-16,storagesense,sense_835,835,10x25,sense_4612933,delisted,144,0.98
2026-09-16,storagesense,sense_836,836,5x10,sense_4617556,listed,66,0.98
2026-09-16,storagesense,sense_836,836,5x10,sense_4618237,delisted,,0.98
2026-09-16,storagesense,sense_845,845,10x10,sense_4959484,listed,109,0.98
2026-09-16,storagesense,sense_845,845,10x10,sense_5347327,delisted,109,0.98
2026-09-16,storagesense,sense_847,847,10x30,sense_4687498,listed,100,0.98
2026-09-16,storagesense,sense_847,847,10x10,sense_4692611,listed,139,0.98
2026-09-16,storagesense,sense_847,847,10x15,sense_4689981,listed,179,0.98
2026-09-16,storagesense,sense_847,847,5x5,sense_4686835,listed,,0.98
2026-09-16,storagesense,sense_847,847,5x5,sense_4686998,delisted,45,0.98
2026-09-16,storagesense,sense_847,847,10x30,sense_4687603,delisted,100,0.98
2026-09-16,storagesense,sense_847,847,10x15,sense_4689795,delisted,179,0.98
2026-09-16,storagesense,sense_847,847,10x10,sense_4688637,delisted,,0.98
2026-09-16,storagesense,sense_848,848,10x10,sense_4703166,listed,89,0.98
2026-09-16,storagesense,sense_848,848,10x10,sense_4702670,listed,59,0.98
2026-09-16,storagesense,sense_848,848,10x15,sense_4705775,listed,,0.98
2026-09-16,storagesense,sense_848,848,10x10,sense_4705966,delisted,89,0.98
2026-09-16,storagesense,sense_848,848,10x10,sense_4702628,delisted,59,0.98
2026-09-16,storagesense,sense_848,848,10x15,sense_4705370,delisted,120,0.98
2026-09-16,storagesense,sense_851,851,10x30,sense_4651004,repriced_from_unpriced,119,0.98
2026-09-16,storagesense,sense_852,852,10x10,sense_5384307,listed,98,0.98
2026-09-16,storagesense,sense_852,852,10x10,sense_5384306,listed,,0.98
2026-09-16,storagesense,sense_852,852,10x15,sense_5384305,listed,,0.98
2026-09-16,storagesense,sense_856,856,10x15,sense_4677844,listed,45,0.98
2026-09-16,storagesense,sense_856,856,10x20,sense_4680695,unpriced,60,0.98
2026-09-16,storagesense,sense_856,856,10x30,sense_4677302,unpriced,263,0.98
2026-09-16,storagesense,sense_856,856,10x15,sense_4681466,delisted,45,0.98
2026-09-16,storagesense,sense_862,862,10x10,sense_4648838,listed,75,0.98
2026-09-16,storagesense,sense_862,862,8x5,sense_4648070,unpriced,33,0.98
2026-09-16,storagesense,sense_862,862,10x10,sense_4966119,delisted,75,0.98
2026-09-16,storagesense,sense_863,863,10x13,sense_4654314,listed,123,0.98
2026-09-16,storagesense,sense_863,863,13x20,sense_5325621,listed,202,0.98
2026-09-16,storagesense,sense_863,863,10x13,sense_4654303,delisted,123,0.98
2026-09-16,storagesense,sense_863,863,13x20,sense_4655233,delisted,202,0.98
2026-09-16,storagesense,sense_864,864,10x30,sense_4681679,unpriced,299,0.98
2026-09-16,storagesense,sense_867,867,5x10,sense_4656168,listed,29,0.98
2026-09-16,storagesense,sense_867,867,10x10,sense_4658430,listed,,0.98
2026-09-16,storagesense,sense_867,867,10x15,sense_4657372,unpriced,79,0.98
2026-09-16,storagesense,sense_867,867,10x10,sense_4658507,delisted,59,0.98
2026-09-16,storagesense,sense_867,867,5x10,sense_4657407,delisted,,0.98
2026-09-16,storagesense,sense_871,871,10x30,sense_4706773,listed,82,0.98
2026-09-16,storagesense,sense_871,871,10x18,sense_4704735,unpriced,190,0.98
2026-09-16,storagesense,sense_871,871,10x30,sense_4706766,delisted,82,0.98
2026-09-16,storagesense,sense_872,872,5x10,sense_4645888,listed,45,0.98
2026-09-16,storagesense,sense_872,872,10x10,sense_4646220,listed,86,0.98
2026-09-16,storagesense,sense_872,872,10x30,sense_4645746,listed,234,0.98
2026-09-16,storagesense,sense_872,872,5x10,sense_4645529,delisted,45,0.98
2026-09-16,storagesense,sense_872,872,10x10,sense_4642238,delisted,86,0.98
2026-09-16,storagesense,sense_872,872,10x30,sense_4641268,delisted,234,0.98
2026-09-16,storagesense,sense_874,874,10x30,sense_4634605,listed,,0.98
2026-09-16,storagesense,sense_874,874,10x30,sense_4634959,delisted,384,0.98
2026-09-16,storagesense,sense_879,879,10x13,sense_4644063,listed,249,0.98
2026-09-16,storagesense,sense_879,879,10x13,sense_4644141,delisted,199,0.98
2026-09-16,storagesense,sense_898,898,10x5,sense_4671391,listed,66,0.98
2026-09-16,storagesense,sense_898,898,10x5,sense_4674540,delisted,66,0.98
2026-09-16,storagesense,sense_912,912,10x25,sense_4705548,listed,99,0.98
2026-09-16,storagesense,sense_912,912,12x40,sense_4702198,listed,,0.98
2026-09-16,storagesense,sense_912,912,10x25,sense_4705532,delisted,99,0.98
2026-09-16,storagesense,sense_912,912,12x40,sense_4702207,delisted,,0.98
2026-09-16,storagesense,sense_913,913,10x20,sense_4714878,listed,49,0.98
2026-09-16,storagesense,sense_913,913,12x40,sense_4716372,listed,99,0.98
2026-09-16,storagesense,sense_913,913,10x20,sense_4713664,delisted,49,0.98
2026-09-16,storagesense,sense_913,913,12x40,sense_4716286,delisted,,0.98
2026-09-16,storagesense,sense_914,914,10x15,sense_4649584,listed,49,0.98
2026-09-16,storagesense,sense_914,914,10x15,sense_4649979,delisted,,0.98
2026-09-16,storagesense,sense_992,992,5x5,sense_5384651,listed,75,0.98
2026-09-16,storagesense,sense_992,992,5x5,sense_5384646,listed,84,0.98
2026-09-16,storagesense,sense_992,992,10x5,sense_5384661,listed,65,0.98
2026-09-16,storagesense,sense_992,992,5x10,sense_5384653,listed,89,0.98
2026-09-16,storagesense,sense_992,992,5x10,sense_4722360,listed,109,0.98
2026-09-16,storagesense,sense_992,992,8x10,sense_5384658,listed,129,0.98
2026-09-16,storagesense,sense_992,992,10x10,sense_5384652,listed,144,0.98
2026-09-16,storagesense,sense_992,992,10x10,sense_5384644,listed,179,0.98
2026-09-16,storagesense,sense_992,992,10x15,sense_5384657,listed,159,0.98
2026-09-16,storagesense,sense_992,992,10x15,sense_4723401,listed,159,0.98
2026-09-16,storagesense,sense_992,992,10x20,sense_5384660,listed,249,0.98
2026-09-16,storagesense,sense_992,992,5x10,sense_4722382,delisted,109,0.98
2026-09-16,storagesense,sense_992,992,10x15,sense_4723397,delisted,159,0.98
2026-09-16,storagesense,sense_1010,1010,10x10,sense_4718650,listed,124,0.98
2026-09-16,storagesense,sense_1010,1010,10x10,sense_4719294,listed,128,0.98
2026-09-16,storagesense,sense_1010,1010,10x10,sense_4718403,delisted,124,0.98
2026-09-16,storagesense,sense_1010,1010,10x10,sense_4719302,delisted,128,0.98
2026-09-16,storagesense,sense_1016,1016,5x10,sense_4837860,listed,106,0.98
2026-09-16,storagesense,sense_1016,1016,5x10,sense_4837800,delisted,99,0.98
2026-09-16,storagesense,sense_1029,1029,10x15,sense_4660734,listed,,0.98
2026-09-16,storagesense,sense_1029,1029,10x15,sense_4657556,delisted,99,0.98
2026-09-16,storagesense,sense_1030,1030,5x10,sense_4642986,listed,24,0.98
2026-09-16,storagesense,sense_1030,1030,10x10,sense_4641010,listed,54,0.98
2026-09-16,storagesense,sense_1030,1030,10x15,sense_4647009,listed,92,0.98
2026-09-16,storagesense,sense_1030,1030,5x10,sense_4646869,delisted,24,0.98
2026-09-16,storagesense,sense_1030,1030,10x10,sense_4649711,delisted,54,0.98
2026-09-16,storagesense,sense_1030,1030,10x15,sense_4648701,delisted,,0.98
2026-09-16,storagesense,sense_1031,1031,5x5,sense_4668565,listed,9,0.98
2026-09-16,storagesense,sense_1031,1031,5x10,sense_4684531,listed,34,0.98
2026-09-16,storagesense,sense_1031,1031,10x15,sense_4669548,listed,89,0.98
2026-09-16,storagesense,sense_1031,1031,5x5,sense_4668595,delisted,9,0.98
2026-09-16,storagesense,sense_1031,1031,5x10,sense_4676862,delisted,34,0.98
2026-09-16,storagesense,sense_1031,1031,10x15,sense_4676953,delisted,89,0.98
2026-09-16,storagesense,sense_1057,1057,10x15,sense_4705247,listed,141,0.98
2026-09-16,storagesense,sense_1057,1057,20x10,sense_4707622,unpriced,126,0.98
2026-09-16,storagesense,sense_1057,1057,10x15,sense_4705266,delisted,141,0.98
2026-09-16,storagesense,sense_1077,1077,5x10,sense_4625388,listed,47,0.98
2026-09-16,storagesense,sense_1077,1077,5x10,sense_4628728,delisted,47,0.98
2026-09-16,storagesense,sense_1089,1089,10x25,sense_4663425,listed,137,0.98
2026-09-16,storagesense,sense_1089,1089,10x25,sense_4663223,delisted,154,0.98
2026-09-16,storagesense,sense_1090,1090,5x15,sense_4697757,listed,49,0.98
2026-09-16,storagesense,sense_1090,1090,10x20,sense_4698479,listed,94,0.98
2026-09-16,storagesense,sense_1090,1090,5x15,sense_4697768,delisted,55,0.98
2026-09-16,storagesense,sense_1090,1090,10x20,sense_4698303,delisted,94,0.98
2026-09-16,storagesense,sense_1117,1117,5x5,sense_4675689,listed,74,0.98
2026-09-16,storagesense,sense_1117,1117,5x10,sense_4673581,listed,64,0.98
2026-09-16,storagesense,sense_1117,1117,10x10,sense_4866693,listed,112,0.98
2026-09-16,storagesense,sense_1117,1117,5x5,sense_4675723,delisted,74,0.98
2026-09-16,storagesense,sense_1117,1117,5x10,sense_5379803,delisted,64,0.98
2026-09-16,storagesense,sense_1117,1117,10x10,sense_4677617,delisted,112,0.98
2026-09-16,storagesense,sense_1118,1118,10x10,sense_5016308,listed,,0.98
2026-09-16,storagesense,sense_1118,1118,10x10,sense_4638565,delisted,107,0.98
2026-09-16,storagesense,sense_1119,1119,10x20,sense_4691449,listed,,0.98
2026-09-16,storagesense,sense_1119,1119,10x20,sense_5381928,delisted,111,0.98
2026-09-16,storagesense,sense_1245,1245,10x10,sense_4716455,listed,79,0.98
2026-09-16,storagesense,sense_1245,1245,10x10,sense_4717209,listed,106,0.98
2026-09-16,storagesense,sense_1245,1245,10x20,sense_4718655,listed,199,0.98
2026-09-16,storagesense,sense_1245,1245,10x30,sense_4719772,listed,164,0.98
2026-09-16,storagesense,sense_1245,1245,10x10,sense_4717581,delisted,79,0.98
2026-09-16,storagesense,sense_1245,1245,10x10,sense_4719689,delisted,106,0.98
2026-09-16,storagesense,sense_1245,1245,10x20,sense_4718458,delisted,199,0.98
2026-09-16,storagesense,sense_1245,1245,10x30,sense_4719820,delisted,164,0.98
2026-09-16,storagesense,sense_1247,1247,5x5,sense_4723837,listed,46,0.98
2026-09-16,storagesense,sense_1247,1247,10x5,sense_4722847,listed,62,0.98
2026-09-16,storagesense,sense_1247,1247,10x20,sense_4722950,listed,302,0.98
2026-09-16,storagesense,sense_1247,1247,10x5,sense_4723310,delisted,55,0.98
2026-09-16,storagesense,sense_1247,1247,10x20,sense_4722927,delisted,302,0.98
2026-09-16,storagesense,sense_1247,1247,5x5,sense_4723845,delisted,,0.98
2026-09-16,storagesense,sense_1278,1278,10x15,sense_4724127,listed,65,0.98
2026-09-16,storagesense,sense_1278,1278,10x15,sense_4724214,delisted,,0.98
2026-09-16,storagesense,sense_1280,1280,5x10,sense_4611527,listed,121,0.98
2026-09-16,storagesense,sense_1280,1280,8x10,sense_4613159,listed,126,0.98
2026-09-16,storagesense,sense_1280,1280,10x20,sense_4611755,listed,176,0.98
2026-09-16,storagesense,sense_1280,1280,10x10,sense_4614141,listed,,0.98
2026-09-16,storagesense,sense_1280,1280,5x10,sense_4617445,delisted,121,0.98
2026-09-16,storagesense,sense_1280,1280,10x10,sense_4614282,delisted,131,0.98
2026-09-16,storagesense,sense_1280,1280,10x20,sense_4614679,delisted,176,0.98
2026-09-16,storagesense,sense_1280,1280,8x10,sense_4615670,delisted,,0.98
2026-09-16,storagesense,sense_1292,1292,10x15,sense_4612337,listed,62,0.98
2026-09-16,storagesense,sense_1292,1292,10x10,sense_4615771,listed,59,0.98
2026-09-16,storagesense,sense_1292,1292,10x25,sense_4619925,listed,74,0.98
2026-09-16,storagesense,sense_1292,1292,10x15,sense_4618740,delisted,62,0.98
2026-09-16,storagesense,sense_1292,1292,10x10,sense_4615906,delisted,59,0.98
2026-09-16,storagesense,sense_1292,1292,10x25,sense_4915820,delisted,74,0.98
2026-09-16,storagesense,sense_1337,1337,8x10,sense_4630347,listed,112,0.98
2026-09-16,storagesense,sense_1337,1337,8x10,sense_4630450,delisted,112,0.98
2026-09-16,storagesense,sense_1369,1369,5x10,sense_4696450,listed,52,0.98
2026-09-16,storagesense,sense_1369,1369,5x10,sense_4694773,listed,62,0.98
2026-09-16,storagesense,sense_1369,1369,10x10,sense_4692421,listed,79,0.98
2026-09-16,storagesense,sense_1369,1369,10x20,sense_4698771,listed,54,0.98
2026-09-16,storagesense,sense_1369,1369,5x10,sense_4696970,delisted,52,0.98
2026-09-16,storagesense,sense_1369,1369,5x10,sense_4694752,delisted,62,0.98
2026-09-16,storagesense,sense_1369,1369,10x10,sense_4695048,delisted,79,0.98
2026-09-16,storagesense,sense_1369,1369,10x20,sense_5218685,delisted,,0.98
2026-09-16,storagesense,sense_1373,1373,10x20,sense_4685845,listed,149,0.98
2026-09-16,storagesense,sense_1373,1373,10x20,sense_4685773,delisted,149,0.98
2026-09-16,storagesense,sense_1375,1375,10x15,sense_4650458,listed,150,0.98
2026-09-16,storagesense,sense_1375,1375,10x30,sense_4651146,listed,19,0.98
2026-09-16,storagesense,sense_1375,1375,10x15,sense_4647686,delisted,81,0.98
2026-09-16,storagesense,sense_1375,1375,10x30,sense_4650735,delisted,22,0.98
2026-09-16,storagesense,sense_1377,1377,10x15,sense_4677485,listed,85,0.98
2026-09-16,storagesense,sense_1377,1377,10x15,sense_4677629,delisted,,0.98
2026-09-16,storagesense,sense_1387,1387,5x10,sense_4639453,listed,45,0.98
2026-09-16,storagesense,sense_1387,1387,10x10,sense_4639333,listed,75,0.98
2026-09-16,storagesense,sense_1387,1387,10x20,sense_4641081,listed,141,0.98
2026-09-16,storagesense,sense_1387,1387,5x10,sense_4639970,delisted,45,0.98
2026-09-16,storagesense,sense_1387,1387,10x10,sense_5038705,delisted,75,0.98
2026-09-16,storagesense,sense_1387,1387,10x20,sense_4641782,delisted,,0.98
2026-09-16,storagesense,sense_1429,1429,5x5,sense_4639224,listed,149,0.98
2026-09-16,storagesense,sense_1429,1429,5x10,sense_4639406,listed,169,0.98
2026-09-16,storagesense,sense_1429,1429,10x12,sense_4639782,listed,239,0.98
2026-09-16,storagesense,sense_1429,1429,5x5,sense_4639214,delisted,149,0.98
2026-09-16,storagesense,sense_1429,1429,5x10,sense_4639718,delisted,169,0.98
2026-09-16,storagesense,sense_1429,1429,10x12,sense_4639821,delisted,239,0.98
2026-09-16,storagesense,sense_1465,1465,10x10,sense_5355482,listed,74,0.98
2026-09-16,storagesense,sense_1465,1465,10x20,sense_4709769,listed,109,0.98
2026-09-16,storagesense,sense_1465,1465,10x10,sense_5355483,unpriced,74,0.98
2026-09-16,storagesense,sense_1465,1465,10x10,sense_4709170,delisted,83,0.98
2026-09-16,storagesense,sense_1465,1465,10x20,sense_4709561,delisted,109,0.98
2026-09-16,storagesense,sense_1557,1557,10x30,sense_4669638,listed,123,0.98
2026-09-16,storagesense,sense_1557,1557,10x30,sense_4669814,delisted,123,0.98
2026-09-16,storagesense,sense_1558,1558,10x20,sense_5364140,listed,73,0.98
2026-09-16,storagesense,sense_1558,1558,10x20,sense_5364141,delisted,73,0.98
2026-09-16,storagesense,sense_163706,163706,5x10,sense_4706585,listed,44,0.98
2026-09-16,storagesense,sense_163706,163706,10x20,sense_4880425,listed,99,0.98
2026-09-16,storagesense,sense_163706,163706,5x10,sense_5120913,delisted,61,0.98
2026-09-16,storagesense,sense_163706,163706,10x20,sense_4707834,delisted,,0.98
2026-09-16,storagesense,sense_163719,163719,10x15,sense_5235247,listed,134,0.98
2026-09-16,storagesense,sense_163719,163719,10x15,sense_5235245,delisted,134,0.98
2026-09-16,storagesense,sense_163756,163756,10x5,sense_4692501,listed,59,0.98
2026-09-16,storagesense,sense_163756,163756,10x9,sense_4699027,listed,64,0.98
2026-09-16,storagesense,sense_163756,163756,10x5,sense_4698798,delisted,59,0.98
2026-09-16,storagesense,sense_163756,163756,10x9,sense_4699096,delisted,64,0.98
2026-09-16,storagesense,sense_163759,163759,20x10,sense_4675855,delisted,154,0.98
2026-09-17,storagesense,sense_164254,164254,10x20,sense_5365984,listed,200,0.97
2026-09-17,storagesense,sense_164254,164254,12x30,sense_5366269,listed,289,0.97
2026-09-17,storagesense,sense_164254,164254,10x20,sense_5365994,listed,,0.97
2026-09-17,storagesense,sense_164254,164254,10x20,sense_5366054,delisted,249,0.97
2026-09-17,storagesense,sense_164254,164254,12x30,sense_5366292,delisted,289,0.97
2026-09-17,storagesense,sense_163763,163763,5x10,sense_4718472,listed,54,0.97
2026-09-17,storagesense,sense_163763,163763,5x10,sense_4717512,delisted,54,0.97
2026-09-17,storagesense,sense_163764,163764,10x30,sense_4688228,listed,,0.97
2026-09-17,storagesense,sense_163764,163764,10x30,sense_4688129,delisted,306,0.97
2026-09-17,storagesense,sense_163797,163797,10x20,sense_4724757,listed,105,0.97
2026-09-17,storagesense,sense_163797,163797,10x20,sense_4724735,delisted,,0.97
2026-09-17,storagesense,sense_163798,163798,10x15,sense_4724371,listed,119,0.97
2026-09-17,storagesense,sense_163798,163798,10x15,sense_4725303,delisted,119,0.97
2026-09-17,storagesense,sense_163810,163810,10x20,sense_4997017,listed,,0.97
2026-09-17,storagesense,sense_163810,163810,10x20,sense_4997016,delisted,,0.97
2026-09-17,storagesense,sense_163868,163868,12x32,sense_4622335,listed,65,0.97
2026-09-17,storagesense,sense_163868,163868,12x50,sense_4621145,listed,140,0.97
2026-09-17,storagesense,sense_163868,163868,12x32,sense_4622076,delisted,65,0.97
2026-09-17,storagesense,sense_163868,163868,12x50,sense_4621050,delisted,,0.97
2026-09-17,storagesense,sense_163879,163879,10x20,sense_4619842,listed,198,0.97
2026-09-17,storagesense,sense_163879,163879,10x40,sense_4621311,listed,176,0.97
2026-09-17,storagesense,sense_163879,163879,10x20,sense_4619805,delisted,176,0.97
2026-09-17,storagesense,sense_163879,163879,10x40,sense_4621208,delisted,176,0.97
2026-09-17,storagesense,sense_163884,163884,5x10,sense_4622321,listed,49,0.97
2026-09-17,storagesense,sense_163884,163884,10x10,sense_4997298,listed,94,0.97
2026-09-17,storagesense,sense_163884,163884,10x15,sense_4627702,listed,,0.97
2026-09-17,storagesense,sense_163884,163884,5x10,sense_4620716,delisted,49,0.97
2026-09-17,storagesense,sense_163884,163884,10x15,sense_4625202,delisted,119,0.97
2026-09-17,storagesense,sense_163884,163884,10x10,sense_4620798,delisted,,0.97
2026-09-17,storagesense,sense_163886,163886,10x20,sense_4616119,listed,449,0.97
2026-09-17,storagesense,sense_163886,163886,10x30,sense_4615405,listed,499,0.97
2026-09-17,storagesense,sense_163886,163886,10x20,sense_4615598,delisted,449,0.97
2026-09-17,storagesense,sense_163886,163886,10x30,sense_4616135,delisted,499,0.97
2026-09-17,storagesense,sense_164021,164021,5x5,sense_4959371,listed,,0.97
2026-09-17,storagesense,sense_164021,164021,5x5,sense_4959133,delisted,,0.97
2026-09-17,storagesense,sense_164054,164054,10x20,sense_4977406,listed,,0.97
2026-09-17,storagesense,sense_164054,164054,10x20,sense_4977225,delisted,74,0.97
2026-09-17,storagesense,sense_164057,164057,10x20,sense_4979638,listed,105,0.97
2026-09-17,storagesense,sense_164057,164057,10x20,sense_4979723,delisted,105,0.97
2026-09-17,storagesense,sense_164069,164069,10x10,sense_4984532,repriced_from_unpriced,193,0.97
2026-09-17,storagesense,sense_164069,164069,10x20,sense_4984527,listed,235,0.97
2026-09-17,storagesense,sense_164069,164069,10x20,sense_4984572,listed,295,0.97
2026-09-17,storagesense,sense_164069,164069,10x20,sense_4984509,delisted,235,0.97
2026-09-17,storagesense,sense_164069,164069,10x20,sense_4984571,delisted,295,0.97
2026-09-17,storagesense,sense_164072,164072,10x8,sense_4987022,listed,41,0.97
2026-09-17,storagesense,sense_164072,164072,10x8,sense_4987040,delisted,36,0.97
2026-09-17,storagesense,sense_164085,164085,10x15,sense_4998201,listed,,0.97
2026-09-17,storagesense,sense_164085,164085,10x15,sense_4998211,delisted,,0.97
2026-09-17,storagesense,sense_164100,164100,10x10,sense_5007712,listed,114,0.97
2026-09-17,storagesense,sense_164100,164100,10x10,sense_5007718,delisted,114,0.97
2026-09-17,storagesense,sense_164104,164104,10x10,sense_5013162,listed,59,0.97
2026-09-17,storagesense,sense_164104,164104,10x10,sense_5013163,delisted,59,0.97
2026-09-17,storagesense,sense_164130,164130,5x10,sense_5027020,listed,44,0.97
2026-09-17,storagesense,sense_164130,164130,10x10,sense_5026963,listed,54,0.97
2026-09-17,storagesense,sense_164130,164130,10x15,sense_5026943,listed,99,0.97
2026-09-17,storagesense,sense_164130,164130,10x20,sense_5026701,listed,119,0.97
2026-09-17,storagesense,sense_164130,164130,10x20,sense_5027010,listed,129,0.97
2026-09-17,storagesense,sense_164130,164130,5x10,sense_5026877,delisted,44,0.97
2026-09-17,storagesense,sense_164130,164130,10x10,sense_5026902,delisted,54,0.97
2026-09-17,storagesense,sense_164130,164130,10x20,sense_5026774,delisted,119,0.97
2026-09-17,storagesense,sense_164130,164130,10x20,sense_5027011,delisted,129,0.97
2026-09-17,storagesense,sense_164130,164130,10x15,sense_5026757,delisted,,0.97
2026-09-17,storagesense,sense_164135,164135,5x5,sense_5036277,listed,59,0.97
2026-09-17,storagesense,sense_164135,164135,10x20,sense_5036392,listed,252,0.97
2026-09-17,storagesense,sense_164135,164135,5x5,sense_5036282,delisted,59,0.97
2026-09-17,storagesense,sense_164135,164135,10x20,sense_5036400,delisted,252,0.97
2026-09-17,storagesense,sense_164187,164187,10x20,sense_5089954,listed,,0.97
2026-09-17,storagesense,sense_164196,164196,10x20,sense_5116132,listed,149,0.97
2026-09-17,storagesense,sense_164196,164196,10x15,sense_5116075,listed,164,0.97
2026-09-17,storagesense,sense_164196,164196,10x20,sense_5116270,delisted,149,0.97
2026-09-17,storagesense,sense_164196,164196,10x15,sense_5116104,delisted,,0.97
2026-09-17,storagesense,sense_164246,164246,10x20,sense_5335671,listed,186,0.97
2026-09-17,storagesense,sense_164246,164246,10x10,sense_5335551,listed,,0.97
2026-09-17,storagesense,sense_164246,164246,20x10,sense_5335509,listed,,0.97
2026-09-17,storagesense,sense_164248,164248,10x10,sense_5335914,listed,85,0.97
2026-09-17,storagesense,sense_164248,164248,10x10,sense_5335915,delisted,85,0.97
2026-09-17,storagesense,sense_164250,164250,5x5,sense_5336315,listed,36,0.97
2026-09-17,storagesense,sense_164250,164250,5x5,sense_5336316,unpriced,43,0.97
2026-09-17,storagesense,sense_16997,16997,5x10,sense_4623861,repriced_from_unpriced,69,0.97
2026-09-17,storagesense,sense_16997,16997,10x20,sense_5198924,listed,79,0.97
2026-09-17,storagesense,sense_16997,16997,10x20,sense_4625573,listed,169,0.97
2026-09-17,storagesense,sense_16997,16997,10x20,sense_5198926,delisted,79,0.97
2026-09-17,storagesense,sense_16997,16997,10x20,sense_4626568,delisted,169,0.97
2026-09-17,storagesense,sense_16998,16998,5x10,sense_4709462,listed,49,0.97
2026-09-17,storagesense,sense_16998,16998,10x10,sense_4708970,listed,79,0.97
2026-09-17,storagesense,sense_16998,16998,5x10,sense_4710176,delisted,39,0.97
2026-09-17,storagesense,sense_16998,16998,10x10,sense_4710375,delisted,79,0.97
2026-09-17,storagesense,sense_17038,17038,5x8,sense_5101712,listed,57,0.97
2026-09-17,storagesense,sense_17038,17038,5x10,sense_4707239,listed,74,0.97
2026-09-17,storagesense,sense_17038,17038,5x8,sense_5101687,delisted,72,0.97
2026-09-17,storagesense,sense_17038,17038,5x10,sense_4707219,delisted,74,0.97
2026-09-17,storagesense,sense_17040,17040,10x40,sense_4647420,repriced_from_unpriced,63,0.97
2026-09-17,storagesense,sense_17053,17053,5x10,sense_4982673,listed,55,0.97
2026-09-17,storagesense,sense_17053,17053,5x10,sense_5386754,listed,155,0.97
2026-09-17,storagesense,sense_17053,17053,10x15,sense_4692287,listed,89,0.97
2026-09-17,storagesense,sense_17053,17053,10x15,sense_4693771,listed,89,0.97
2026-09-17,storagesense,sense_17053,17053,10x25,sense_4983620,listed,,0.97
2026-09-17,storagesense,sense_17053,17053,5x10,sense_4982607,delisted,49,0.97
2026-09-17,storagesense,sense_17053,17053,10x15,sense_4692323,delisted,89,0.97
2026-09-17,storagesense,sense_17053,17053,10x15,sense_4693733,delisted,89,0.97
2026-09-17,storagesense,sense_17057,17057,10x25,sense_5386174,listed,218,0.97
2026-09-17,storagesense,sense_17057,17057,10x25,sense_4928858,delisted,,0.97
2026-09-17,storagesense,sense_17060,17060,10x15,sense_4679994,listed,154,0.97
2026-09-17,storagesense,sense_17060,17060,8x18,sense_5017573,unpriced,162,0.97
2026-09-17,storagesense,sense_17060,17060,15x20,sense_4847582,unpriced,284,0.97
2026-09-17,storagesense,sense_17060,17060,10x15,sense_4678128,delisted,154,0.97
2026-09-17,storagesense,sense_17080,17080,5x5,sense_4671090,listed,79,0.97
2026-09-17,storagesense,sense_17080,17080,10x8,sense_4678370,listed,139,0.97
2026-09-17,storagesense,sense_17080,17080,8x30,sense_5386238,listed,299,0.97
2026-09-17,storagesense,sense_17080,17080,5x5,sense_4677521,delisted,79,0.97
2026-09-17,storagesense,sense_17080,17080,10x8,sense_4672407,delisted,139,0.97
2026-09-17,storagesense,sense_17098,17098,10x10,sense_4719774,listed,181,0.97
2026-09-17,storagesense,sense_17098,17098,5x5,sense_4714672,listed,74,0.97
2026-09-17,storagesense,sense_17098,17098,20x10,sense_4719850,listed,284,0.97
2026-09-17,storagesense,sense_17098,17098,10x10,sense_4720041,delisted,186,0.97
2026-09-17,storagesense,sense_17098,17098,5x5,sense_4715727,delisted,74,0.97
2026-09-17,storagesense,sense_17098,17098,20x10,sense_4721898,delisted,,0.97
2026-09-17,storagesense,sense_17124,17124,10x20,sense_4715942,listed,138,0.97
2026-09-17,storagesense,sense_17124,17124,10x20,sense_4716567,delisted,138,0.97
2026-09-17,storagesense,sense_17161,17161,10x10,sense_4636127,listed,64,0.97
2026-09-17,storagesense,sense_17161,17161,10x10,sense_4637203,listed,64,0.97
2026-09-17,storagesense,sense_17161,17161,10x10,sense_4636900,delisted,64,0.97
2026-09-17,storagesense,sense_17161,17161,10x10,sense_4636477,delisted,64,0.97
2026-09-17,storagesense,sense_17162,17162,10x20,sense_4612862,listed,119,0.97
2026-09-17,storagesense,sense_17162,17162,10x20,sense_4612781,delisted,119,0.97
2026-09-17,storagesense,sense_17172,17172,10x10,sense_4656123,listed,,0.97
2026-09-17,storagesense,sense_17172,17172,10x15,sense_4657403,listed,,0.97
2026-09-17,storagesense,sense_17172,17172,10x10,sense_4656170,delisted,60,0.97
2026-09-17,storagesense,sense_17172,17172,10x15,sense_4657182,delisted,66,0.97
2026-09-17,storagesense,sense_17173,17173,10x15,sense_4614474,listed,142,0.97
2026-09-17,storagesense,sense_17173,17173,10x15,sense_4614139,delisted,,0.97
2026-09-17,storagesense,sense_17209,17209,10x10,sense_4625038,listed,32,0.97
2026-09-17,storagesense,sense_17209,17209,10x10,sense_4625151,delisted,,0.97
2026-09-17,storagesense,sense_17238,17238,10x10,sense_4686548,listed,149,0.97
2026-09-17,storagesense,sense_17238,17238,10x10,sense_4686298,delisted,149,0.97
2026-09-17,storagesense,sense_17280,17280,5x5,sense_4688994,listed,50,0.97
2026-09-17,storagesense,sense_17280,17280,5x5,sense_4688087,delisted,44,0.97
2026-09-17,storagesense,sense_17284,17284,10x10,sense_4651006,listed,,0.97
2026-09-17,storagesense,sense_17284,17284,10x10,sense_4651022,delisted,121,0.97
2026-09-17,storagesense,sense_17359,17359,10x10,sense_4711409,listed,,0.97
2026-09-17,storagesense,sense_17359,17359,10x15,sense_4711651,listed,,0.97
2026-09-17,storagesense,sense_17359,17359,12x18,sense_4710696,listed,,0.97
2026-09-17,storagesense,sense_17359,17359,10x15,sense_4711659,delisted,,0.97
2026-09-17,storagesense,sense_17359,17359,12x18,sense_4710703,delisted,,0.97
2026-09-17,storagesense,sense_17359,17359,10x10,sense_4711423,delisted,,0.97
2026-09-17,storagesense,sense_17392,17392,10x20,sense_4791284,listed,300,0.97
2026-09-17,storagesense,sense_17392,17392,12x35,sense_4791593,listed,,0.97
2026-09-17,storagesense,sense_17392,17392,12x35,sense_4791588,delisted,75,0.97
2026-09-17,storagesense,sense_17392,17392,10x20,sense_4791295,delisted,,0.97
2026-09-17,storagesense,sense_17403,17403,10x10,sense_5381966,listed,90,0.97
2026-09-17,storagesense,sense_17403,17403,10x10,sense_4838476,delisted,90,0.97
2026-09-17,storagesense,sense_17409,17409,5x10,sense_4644713,listed,84,0.97
2026-09-17,storagesense,sense_17409,17409,5x10,sense_4643019,delisted,84,0.97
2026-09-17,storagesense,sense_1852,1852,5x10,sense_4710287,listed,99,0.97
2026-09-17,storagesense,sense_1852,1852,5x10,sense_4710100,delisted,,0.97
2026-09-17,storagesense,sense_1915,1915,10x10,sense_5159711,listed,50,0.97
2026-09-17,storagesense,sense_1915,1915,10x30,sense_4643969,unpriced,79,0.97
2026-09-17,storagesense,sense_1915,1915,10x10,sense_4650847,delisted,50,0.97
2026-09-17,storagesense,sense_1977,1977,10x10,sense_4687250,listed,159,0.97
2026-09-17,storagesense,sense_1977,1977,10x15,sense_4690256,listed,218,0.97
2026-09-17,storagesense,sense_1977,1977,10x15,sense_4690000,delisted,218,0.97
2026-09-17,storagesense,sense_1977,1977,10x10,sense_4690175,delisted,,0.97
2026-09-17,storagesense,sense_1983,1983,10x15,sense_4710085,listed,116,0.97
2026-09-17,storagesense,sense_1983,1983,10x25,sense_4711280,listed,181,0.97
2026-09-17,storagesense,sense_1983,1983,10x30,sense_4711093,listed,505,0.97
2026-09-17,storagesense,sense_1983,1983,10x15,sense_4710437,delisted,116,0.97
2026-09-17,storagesense,sense_1983,1983,10x25,sense_4711293,delisted,181,0.97
2026-09-17,storagesense,sense_1983,1983,10x30,sense_4712709,delisted,242,0.97
2026-09-17,storagesense,sense_2117,2117,5x10,sense_4663226,listed,59,0.97
2026-09-17,storagesense,sense_2117,2117,10x20,sense_4662307,listed,149,0.97
2026-09-17,storagesense,sense_2117,2117,5x10,sense_4662203,delisted,59,0.97
2026-09-17,storagesense,sense_2117,2117,10x20,sense_4663828,delisted,149,0.97
2026-09-17,storagesense,sense_2119,2119,10x15,sense_4679275,listed,132,0.97
2026-09-17,storagesense,sense_2119,2119,10x15,sense_4681816,delisted,132,0.97
2026-09-17,storagesense,sense_2121,2121,5x5,sense_5082093,listed,117,0.97
2026-09-17,storagesense,sense_2121,2121,10x10,sense_4666170,listed,269,0.97
2026-09-17,storagesense,sense_2121,2121,5x5,sense_4673207,delisted,117,0.97
2026-09-17,storagesense,sense_2121,2121,10x10,sense_4666143,delisted,269,0.97
2026-09-17,storagesense,sense_2130,2130,5x10,sense_4692219,listed,31,0.97
2026-09-17,storagesense,sense_2130,2130,10x10,sense_4692993,listed,70,0.97
2026-09-17,storagesense,sense_2130,2130,5x10,sense_4692948,delisted,31,0.97
2026-09-17,storagesense,sense_2130,2130,10x10,sense_4694153,delisted,70,0.97
2026-09-17,storagesense,sense_2136,2136,5x10,sense_4677948,listed,83,0.97
2026-09-17,storagesense,sense_2136,2136,5x10,sense_4676744,delisted,60,0.97
2026-09-17,storagesense,sense_2137,2137,5x10,sense_4670271,listed,44,0.97
2026-09-17,storagesense,sense_2137,2137,10x10,sense_4670743,listed,79,0.97
2026-09-17,storagesense,sense_2137,2137,10x10,sense_4675332,listed,79,0.97
2026-09-17,storagesense,sense_2137,2137,10x20,sense_4671943,listed,176,0.97
2026-09-17,storagesense,sense_2137,2137,10x30,sense_4672392,listed,179,0.97
2026-09-17,storagesense,sense_2137,2137,5x10,sense_4677599,delisted,44,0.97
2026-09-17,storagesense,sense_2137,2137,10x10,sense_4673210,delisted,79,0.97
2026-09-17,storagesense,sense_2137,2137,10x10,sense_4674139,delisted,79,0.97
2026-09-17,storagesense,sense_2137,2137,10x30,sense_4674210,delisted,179,0.97
2026-09-17,storagesense,sense_2137,2137,10x20,sense_4671991,delisted,,0.97
2026-09-17,storagesense,sense_2138,2138,10x20,sense_4681251,listed,142,0.97
2026-09-17,storagesense,sense_2138,2138,10x20,sense_4682239,delisted,142,0.97
2026-09-17,storagesense,sense_2139,2139,5x15,sense_4672443,listed,66,0.97
2026-09-17,storagesense,sense_2139,2139,5x5,sense_5241379,listed,45,0.97
2026-09-17,storagesense,sense_2139,2139,5x15,sense_4672205,delisted,66,0.97
2026-09-17,storagesense,sense_2139,2139,5x5,sense_4677875,delisted,45,0.97
2026-09-17,storagesense,sense_2140,2140,5x5,sense_4632451,repriced_from_unpriced,58,0.97
2026-09-17,storagesense,sense_2142,2142,10x10,sense_4689618,listed,94,0.97
2026-09-17,storagesense,sense_2142,2142,10x15,sense_4696806,listed,154,0.97
2026-09-17,storagesense,sense_2142,2142,10x10,sense_4690985,delisted,94,0.97
2026-09-17,storagesense,sense_2142,2142,10x15,sense_4696881,delisted,154,0.97
2026-09-17,storagesense,sense_2144,2144,5x10,sense_4680690,listed,53,0.97
2026-09-17,storagesense,sense_2144,2144,5x10,sense_4679494,delisted,53,0.97
2026-09-17,storagesense,sense_2151,2151,5x10,sense_4701410,listed,79,0.97
2026-09-17,storagesense,sense_2151,2151,10x15,sense_4702701,listed,169,0.97
2026-09-17,storagesense,sense_2151,2151,5x10,sense_4701358,delisted,79,0.97
2026-09-17,storagesense,sense_2151,2151,10x15,sense_4700126,delisted,169,0.97
2026-09-17,storagesense,sense_2152,2152,10x10,sense_4698970,listed,144,0.97
2026-09-17,storagesense,sense_2152,2152,10x20,sense_4696492,listed,184,0.97
2026-09-17,storagesense,sense_2152,2152,10x15,sense_4699638,unpriced,174,0.97
2026-09-17,storagesense,sense_2152,2152,10x10,sense_4695091,delisted,144,0.97
2026-09-17,storagesense,sense_2152,2152,10x20,sense_4701544,delisted,184,0.97
2026-09-17,storagesense,sense_2165,2165,5x5,sense_4689275,listed,58,0.97
2026-09-17,storagesense,sense_2165,2165,5x10,sense_4690252,listed,82,0.97
2026-09-17,storagesense,sense_2165,2165,10x10,sense_4693738,listed,98,0.97
2026-09-17,storagesense,sense_2165,2165,5x5,sense_4688213,delisted,58,0.97
2026-09-17,storagesense,sense_2165,2165,5x10,sense_4688723,delisted,129,0.97
2026-09-17,storagesense,sense_2165,2165,10x10,sense_4693710,delisted,98,0.97
2026-09-17,storagesense,sense_2166,2166,5x10,sense_4715764,listed,45,0.97
2026-09-17,storagesense,sense_2166,2166,5x10,sense_4715180,delisted,45,0.97
2026-09-17,storagesense,sense_2170,2170,5x20,sense_4685896,listed,24,0.97
2026-09-17,storagesense,sense_2170,2170,5x20,sense_4685929,delisted,,0.97
2026-09-17,storagesense,sense_2238,2238,10x20,sense_4688335,listed,,0.97
2026-09-17,storagesense,sense_2238,2238,10x20,sense_4688232,delisted,147,0.97
2026-09-17,storagesense,sense_2280,2280,10x10,sense_4839458,listed,89,0.97
2026-09-17,storagesense,sense_2280,2280,10x15,sense_4840117,listed,109,0.97
2026-09-17,storagesense,sense_2280,2280,10x20,sense_4839885,listed,129,0.97
2026-09-17,storagesense,sense_2280,2280,10x10,sense_4840125,delisted,89,0.97
2026-09-17,storagesense,sense_2280,2280,10x15,sense_4840094,delisted,109,0.97
2026-09-17,storagesense,sense_2280,2280,10x20,sense_4840178,delisted,129,0.97
2026-09-17,storagesense,sense_2290,2290,10x10,sense_4726560,listed,66,0.97
2026-09-17,storagesense,sense_2290,2290,10x20,sense_4726660,listed,134,0.97
2026-09-17,storagesense,sense_2290,2290,10x10,sense_4726443,delisted,69,0.97
2026-09-17,storagesense,sense_2290,2290,10x20,sense_4726648,delisted,136,0.97
2026-09-17,storagesense,sense_2291,2291,10x10,sense_4726212,listed,,0.97
2026-09-17,storagesense,sense_2291,2291,10x10,sense_4726052,delisted,163,0.97
2026-09-17,storagesense,sense_2307,2307,10x15,sense_4651769,listed,145,0.97
2026-09-17,storagesense,sense_2307,2307,10x15,sense_4651519,delisted,,0.97
2026-09-17,storagesense,sense_2315,2315,10x30,sense_4613312,listed,324,0.97
2026-09-17,storagesense,sense_2315,2315,10x30,sense_4615407,delisted,,0.97
2026-09-17,storagesense,sense_2316,2316,5x10,sense_4615275,listed,85,0.97
2026-09-17,storagesense,sense_2316,2316,5x10,sense_4612882,delisted,85,0.97
2026-09-17,storagesense,sense_2323,2323,10x10,sense_4663527,listed,,0.97
2026-09-17,storagesense,sense_2323,2323,10x10,sense_5331564,delisted,181,0.97
2026-09-17,storagesense,sense_2324,2324,10x15,sense_4684026,listed,,0.97
2026-09-17,storagesense,sense_2324,2324,10x15,sense_4684103,delisted,90,0.97
2026-09-17,storagesense,sense_2326,2326,5x5,sense_4619418,listed,69,0.97
2026-09-17,storagesense,sense_2326,2326,10x30,sense_4621951,listed,204,0.97
2026-09-17,storagesense,sense_2326,2326,5x5,sense_4618128,delisted,69,0.97
2026-09-17,storagesense,sense_2326,2326,10x30,sense_4612887,delisted,182,0.97
2026-09-17,storagesense,sense_2336,2336,5x10,sense_4692473,listed,72,0.97
2026-09-17,storagesense,sense_2336,2336,10x10,sense_5386752,listed,117,0.97
2026-09-17,storagesense,sense_2336,2336,10x10,sense_5386750,listed,145,0.97
2026-09-17,storagesense,sense_2336,2336,5x10,sense_4694436,delisted,72,0.97
2026-09-17,storagesense,sense_2336,2336,10x10,sense_4693826,delisted,145,0.97
2026-09-17,storagesense,sense_2336,2336,10x10,sense_4692722,delisted,,0.97
2026-09-17,storagesense,sense_2346,2346,10x25,sense_4682024,listed,380,0.97
2026-09-17,storagesense,sense_2346,2346,10x25,sense_4681492,delisted,380,0.97
2026-09-17,storagesense,sense_2356,2356,5x10,sense_4622731,listed,69,0.97
2026-09-17,storagesense,sense_2356,2356,5x10,sense_4622223,delisted,69,0.97
2026-09-17,storagesense,sense_2359,2359,10x10,sense_4617952,listed,90,0.97
2026-09-17,storagesense,sense_2359,2359,10x10,sense_4617400,delisted,90,0.97
2026-09-17,storagesense,sense_2364,2364,5x5,sense_4625997,repriced_from_unpriced,27,0.97
2026-09-17,storagesense,sense_2383,2383,12x45,sense_4622727,listed,69,0.97
2026-09-17,storagesense,sense_2383,2383,12x45,sense_4622838,delisted,,0.97
2026-09-17,storagesense,sense_2384,2384,10x20,sense_4965694,listed,109,0.97
2026-09-17,storagesense,sense_2384,2384,5x5,sense_4637869,listed,,0.97
2026-09-17,storagesense,sense_2384,2384,5x5,sense_5014585,delisted,43,0.97
2026-09-17,storagesense,sense_2384,2384,10x20,sense_4637435,delisted,,0.97
2026-09-17,storagesense,sense_2385,2385,10x15,sense_4629704,listed,89,0.97
2026-09-17,storagesense,sense_2385,2385,10x15,sense_4629745,delisted,89,0.97
2026-09-17,storagesense,sense_2386,2386,5x5,sense_4617637,listed,61,0.97
2026-09-17,storagesense,sense_2386,2386,5x5,sense_4617765,delisted,54,0.97
2026-09-17,storagesense,sense_2387,2387,10x15,sense_4634064,listed,,0.97
2026-09-17,storagesense,sense_2387,2387,10x15,sense_4634055,delisted,89,0.97
2026-09-17,storagesense,sense_2391,2391,5x10,sense_4636498,listed,43,0.97
2026-09-17,storagesense,sense_2391,2391,10x40,sense_4637044,listed,201,0.97
2026-09-17,storagesense,sense_2391,2391,5x5,sense_4636318,unpriced,31,0.97
2026-09-17,storagesense,sense_2391,2391,10x15,sense_4636923,unpriced,122,0.97
2026-09-17,storagesense,sense_2391,2391,5x10,sense_4637094,delisted,43,0.97
2026-09-17,storagesense,sense_2391,2391,10x40,sense_4636345,delisted,,0.97
2026-09-17,storagesense,sense_2394,2394,10x20,sense_4615267,listed,158,0.97
2026-09-17,storagesense,sense_2394,2394,10x20,sense_4889770,delisted,141,0.97
2026-09-17,storagesense,sense_2395,2395,10x20,sense_4623428,listed,83,0.97
2026-09-17,storagesense,sense_2395,2395,10x20,sense_4623325,delisted,83,0.97
2026-09-17,storagesense,sense_2397,2397,10x50,sense_4625635,listed,74,0.97
2026-09-17,storagesense,sense_2397,2397,10x10,sense_4623921,listed,70,0.97
2026-09-17,storagesense,sense_2397,2397,10x50,sense_4625125,delisted,74,0.97
2026-09-17,storagesense,sense_2397,2397,10x10,sense_4623804,delisted,70,0.97
2026-09-17,storagesense,sense_2399,2399,5x5,sense_4632101,listed,55,0.97
2026-09-17,storagesense,sense_2399,2399,5x5,sense_4633392,delisted,26,0.97
2026-09-17,storagesense,sense_2402,2402,10x10,sense_5386247,listed,69,0.97
2026-09-17,storagesense,sense_2402,2402,10x10,sense_4633658,delisted,69,0.97
2026-09-17,storagesense,sense_2411,2411,10x15,sense_4657399,listed,56,0.97
2026-09-17,storagesense,sense_2411,2411,10x30,sense_5038954,listed,79,0.97
2026-09-17,storagesense,sense_2411,2411,10x20,sense_4659113,unpriced,99,0.97
2026-09-17,storagesense,sense_2411,2411,20x30,sense_4656568,listed,,0.97
2026-09-17,storagesense,sense_2411,2411,10x15,sense_4656810,delisted,56,0.97
2026-09-17,storagesense,sense_2411,2411,20x30,sense_4660493,delisted,299,0.97
2026-09-17,storagesense,sense_2411,2411,10x30,sense_5038830,delisted,,0.97
2026-09-17,storagesense,sense_2417,2417,8x20,sense_4655955,listed,76,0.97
2026-09-17,storagesense,sense_2417,2417,8x15,sense_4653806,listed,,0.97
2026-09-17,storagesense,sense_2417,2417,8x15,sense_4656303,delisted,56,0.97
2026-09-17,storagesense,sense_2417,2417,8x20,sense_4654835,delisted,67,0.97
2026-09-17,storagesense,sense_2420,2420,5x4,sense_4653604,listed,20,0.97
2026-09-17,storagesense,sense_2420,2420,8x20,sense_4652119,listed,132,0.97
2026-09-17,storagesense,sense_2420,2420,8x35,sense_4652161,listed,232,0.97
2026-09-17,storagesense,sense_2420,2420,8x35,sense_4655903,delisted,232,0.97
2026-09-17,storagesense,sense_2420,2420,5x4,sense_4653817,delisted,,0.97
2026-09-17,storagesense,sense_2420,2420,8x20,sense_4653311,delisted,,0.97
2026-09-17,storagesense,sense_2457,2457,10x5,sense_4712762,listed,84,0.97
2026-09-17,storagesense,sense_2457,2457,10x5,sense_4712226,delisted,84,0.97
2026-09-17,storagesense,sense_2507,2507,5x10,sense_5102309,listed,79,0.97
2026-09-17,storagesense,sense_2507,2507,5x10,sense_5102206,delisted,79,0.97
2026-09-17,storagesense,sense_2566,2566,10x15,sense_4667073,listed,119,0.97
2026-09-17,storagesense,sense_2566,2566,10x15,sense_4667896,delisted,,0.97
2026-09-17,storagesense,sense_2596,2596,8x10,sense_4640151,listed,,0.97
2026-09-17,storagesense,sense_2596,2596,10x20,sense_4639227,listed,,0.97
2026-09-17,storagesense,sense_2596,2596,8x10,sense_4929672,delisted,140,0.97
2026-09-17,storagesense,sense_2596,2596,10x20,sense_4929670,delisted,174,0.97
2026-09-17,storagesense,sense_2597,2597,10x5,sense_4660375,listed,54,0.97
2026-09-17,storagesense,sense_2597,2597,10x15,sense_4661298,listed,79,0.97
2026-09-17,storagesense,sense_2597,2597,10x20,sense_4668390,listed,99,0.97
2026-09-17,storagesense,sense_2597,2597,10x5,sense_4663290,delisted,49,0.97
2026-09-17,storagesense,sense_2597,2597,10x15,sense_4661269,delisted,84,0.97
2026-09-17,storagesense,sense_2597,2597,10x20,sense_4668375,delisted,99,0.97
2026-09-17,storagesense,sense_2598,2598,12x20,sense_4636443,listed,99,0.97
2026-09-17,storagesense,sense_2598,2598,12x20,sense_4636878,delisted,99,0.97
2026-09-17,storagesense,sense_2599,2599,10x10,sense_4653859,listed,109,0.97
2026-09-17,storagesense,sense_2599,2599,10x10,sense_4655656,delisted,109,0.97
2026-09-17,storagesense,sense_2600,2600,10x30,sense_4612539,listed,,0.97
2026-09-17,storagesense,sense_2600,2600,10x30,sense_4612186,delisted,199,0.97
2026-09-17,storagesense,sense_2606,2606,10x20,sense_5349969,listed,174,0.97
2026-09-17,storagesense,sense_2606,2606,10x20,sense_4686732,delisted,174,0.97
2026-09-17,storagesense,sense_2649,2649,12x15,sense_4664447,listed,,0.97
2026-09-17,storagesense,sense_2649,2649,12x15,sense_4664433,delisted,109,0.97
2026-09-17,storagesense,sense_2650,2650,10x10,sense_4681163,listed,29,0.97
2026-09-17,storagesense,sense_2650,2650,12x35,sense_4684024,listed,,0.97
2026-09-17,storagesense,sense_2650,2650,12x35,sense_4684002,delisted,39,0.97
2026-09-17,storagesense,sense_2650,2650,10x10,sense_4681206,delisted,,0.97
2026-09-17,storagesense,sense_2665,2665,5x5,sense_4670329,unpriced,109,0.97
2026-09-17,storagesense,sense_2680,2680,5x15,sense_4658418,listed,,0.97
2026-09-17,storagesense,sense_2680,2680,5x15,sense_4657272,delisted,93,0.97
2026-09-17,storagesense,sense_2698,2698,5x10,sense_4697005,listed,64,0.97
2026-09-17,storagesense,sense_2698,2698,5x10,sense_4703287,listed,64,0.97
2026-09-17,storagesense,sense_2698,2698,10x10,sense_4699742,listed,99,0.97
2026-09-17,storagesense,sense_2698,2698,10x15,sense_4701561,listed,169,0.97
2026-09-17,storagesense,sense_2698,2698,10x20,sense_5347533,listed,174,0.97
2026-09-17,storagesense,sense_2698,2698,10x20,sense_4698434,listed,174,0.97
2026-09-17,storagesense,sense_2698,2698,5x10,sense_4697052,delisted,80,0.97
2026-09-17,storagesense,sense_2698,2698,5x10,sense_5247932,delisted,80,0.97
2026-09-17,storagesense,sense_2698,2698,10x10,sense_4700652,delisted,124,0.97
2026-09-17,storagesense,sense_2698,2698,10x15,sense_4700415,delisted,212,0.97
2026-09-17,storagesense,sense_2698,2698,10x20,sense_4702966,delisted,218,0.97
2026-09-17,storagesense,sense_2698,2698,10x20,sense_4697535,delisted,218,0.97
2026-09-17,storagesense,sense_2774,2774,10x20,sense_4707387,listed,35,0.97
2026-09-17,storagesense,sense_2774,2774,10x20,sense_4707405,delisted,31,0.97
2026-09-17,storagesense,sense_2793,2793,10x10,sense_4714214,listed,101,0.97
2026-09-17,storagesense,sense_2793,2793,10x10,sense_4714319,delisted,101,0.97
2026-09-17,storagesense,sense_2805,2805,10x10,sense_4839779,listed,153,0.97
2026-09-17,storagesense,sense_2805,2805,10x10,sense_4839614,delisted,73,0.97
2026-09-17,storagesense,sense_2813,2813,5x5,sense_4717608,listed,59,0.97
2026-09-17,storagesense,sense_2813,2813,10x10,sense_4717048,listed,156,0.97
2026-09-17,storagesense,sense_2813,2813,10x30,sense_4718784,listed,169,0.97
2026-09-17,storagesense,sense_2813,2813,10x10,sense_4714959,delisted,139,0.97
2026-09-17,storagesense,sense_2813,2813,5x5,sense_4717023,delisted,,0.97
2026-09-17,storagesense,sense_2813,2813,10x30,sense_4718839,delisted,,0.97
2026-09-17,storagesense,sense_2816,2816,10x10,sense_4614862,listed,64,0.97
2026-09-17,storagesense,sense_2816,2816,10x10,sense_4614084,delisted,64,0.97
2026-09-17,storagesense,sense_2820,2820,10x20,sense_4616175,listed,130,0.97
2026-09-17,storagesense,sense_2820,2820,12x30,sense_4616645,listed,193,0.97
2026-09-17,storagesense,sense_2820,2820,10x20,sense_4613971,delisted,130,0.97
2026-09-17,storagesense,sense_2820,2820,12x30,sense_4616609,delisted,193,0.97
2026-09-17,storagesense,sense_826,826,10x10,sense_5011817,listed,152,0.97
2026-09-17,storagesense,sense_826,826,10x10,sense_4628403,delisted,152,0.97
2026-09-17,storagesense,sense_831,831,5x5,sense_4638832,listed,15,0.97
2026-09-17,storagesense,sense_831,831,5x5,sense_4639229,delisted,,0.97
2026-09-17,storagesense,sense_838,838,10x20,sense_4641101,listed,189,0.97
2026-09-17,storagesense,sense_838,838,10x20,sense_4640476,delisted,189,0.97
2026-09-17,storagesense,sense_844,844,10x35,sense_4621810,listed,129,0.97
2026-09-17,storagesense,sense_844,844,10x35,sense_4621665,delisted,129,0.97
2026-09-17,storagesense,sense_847,847,10x10,sense_4682140,listed,142,0.97
2026-09-17,storagesense,sense_847,847,10x25,sense_4683841,listed,384,0.97
2026-09-17,storagesense,sense_847,847,10x10,sense_4685553,delisted,142,0.97
2026-09-17,storagesense,sense_847,847,10x25,sense_4683881,delisted,384,0.97
2026-09-17,storagesense,sense_848,848,5x10,sense_4701642,listed,45,0.97
2026-09-17,storagesense,sense_848,848,10x10,sense_4702628,listed,59,0.97
2026-09-17,storagesense,sense_848,848,10x10,sense_4702670,delisted,59,0.97
2026-09-17,storagesense,sense_848,848,5x10,sense_4706297,delisted,,0.97
2026-09-17,storagesense,sense_856,856,5x10,sense_4674039,listed,,0.97
2026-09-17,storagesense,sense_856,856,5x10,sense_4675360,delisted,24,0.97
2026-09-17,storagesense,sense_860,860,10x15,sense_4626619,listed,132,0.97
2026-09-17,storagesense,sense_860,860,10x20,sense_4626560,listed,180,0.97
2026-09-17,storagesense,sense_860,860,10x15,sense_4628045,delisted,132,0.97
2026-09-17,storagesense,sense_860,860,10x20,sense_5216716,delisted,180,0.97
2026-09-17,storagesense,sense_863,863,13x20,sense_4654887,listed,227,0.97
2026-09-17,storagesense,sense_863,863,13x20,sense_5325621,delisted,202,0.97
2026-09-17,storagesense,sense_864,864,15x10,sense_4682561,listed,124,0.97
2026-09-17,storagesense,sense_864,864,10x20,sense_4685442,listed,129,0.97
2026-09-17,storagesense,sense_864,864,10x20,sense_4684282,delisted,129,0.97
2026-09-17,storagesense,sense_864,864,15x10,sense_4682577,delisted,,0.97
2026-09-17,storagesense,sense_865,865,5x15,sense_4641182,listed,80,0.97
2026-09-17,storagesense,sense_865,865,5x15,sense_4642907,listed,108,0.97
2026-09-17,storagesense,sense_865,865,5x15,sense_4641241,delisted,80,0.97
2026-09-17,storagesense,sense_865,865,5x15,sense_4642263,delisted,,0.97
2026-09-17,storagesense,sense_866,866,10x15,sense_4644827,listed,,0.97
2026-09-17,storagesense,sense_866,866,10x15,sense_4645025,delisted,114,0.97
2026-09-17,storagesense,sense_871,871,5x10,sense_4997041,listed,105,0.97
2026-09-17,storagesense,sense_871,871,5x10,sense_4997042,delisted,93,0.97
2026-09-17,storagesense,sense_872,872,5x10,sense_4643808,listed,57,0.97
2026-09-17,storagesense,sense_872,872,5x10,sense_4645888,delisted,45,0.97
2026-09-17,storagesense,sense_879,879,10x13,sense_4644141,listed,199,0.97
2026-09-17,storagesense,sense_879,879,10x13,sense_4644063,delisted,249,0.97
2026-09-17,storagesense,sense_898,898,10x15,sense_4845450,listed,119,0.97
2026-09-17,storagesense,sense_898,898,10x15,sense_4670960,delisted,119,0.97
2026-09-17,storagesense,sense_912,912,14x50,sense_4705376,listed,239,0.97
2026-09-17,storagesense,sense_912,912,14x50,sense_4705272,delisted,,0.97
2026-09-17,storagesense,sense_992,992,10x10,sense_5384647,listed,144,0.97
2026-09-17,storagesense,sense_992,992,10x15,sense_4722173,listed,,0.97
2026-09-17,storagesense,sense_992,992,10x48,sense_4723709,unpriced,82,0.97
2026-09-17,storagesense,sense_992,992,5x5,sense_5384651,delisted,75,0.97
2026-09-17,storagesense,sense_992,992,10x5,sense_5084547,delisted,65,0.97
2026-09-17,storagesense,sense_992,992,5x10,sense_4723183,delisted,89,0.97
2026-09-17,storagesense,sense_992,992,8x10,sense_4722896,delisted,129,0.97
2026-09-17,storagesense,sense_992,992,10x10,sense_4723109,delisted,144,0.97
2026-09-17,storagesense,sense_992,992,10x10,sense_5384652,delisted,144,0.97
2026-09-17,storagesense,sense_992,992,10x10,sense_4722284,delisted,179,0.97
2026-09-17,storagesense,sense_992,992,10x15,sense_4723401,delisted,159,0.97
2026-09-17,storagesense,sense_992,992,10x15,sense_4722210,delisted,189,0.97
2026-09-17,storagesense,sense_992,992,5x5,sense_4722409,delisted,,0.97
2026-09-17,storagesense,sense_992,992,10x20,sense_4723682,delisted,,0.97
2026-09-17,storagesense,sense_1016,1016,5x10,sense_4837800,listed,99,0.97
2026-09-17,storagesense,sense_1016,1016,10x15,sense_4837887,listed,179,0.97
2026-09-17,storagesense,sense_1016,1016,10x20,sense_4837874,listed,199,0.97
2026-09-17,storagesense,sense_1016,1016,10x20,sense_4837938,listed,219,0.97
2026-09-17,storagesense,sense_1016,1016,5x10,sense_4837860,delisted,106,0.97
2026-09-17,storagesense,sense_1016,1016,10x15,sense_4837916,delisted,192,0.97
2026-09-17,storagesense,sense_1016,1016,10x20,sense_4837869,delisted,199,0.97
2026-09-17,storagesense,sense_1016,1016,10x20,sense_4837898,delisted,199,0.97
2026-09-17,storagesense,sense_1029,1029,10x15,sense_4666382,listed,99,0.97
2026-09-17,storagesense,sense_1029,1029,10x15,sense_4660734,delisted,,0.97
2026-09-17,storagesense,sense_1030,1030,10x25,sense_4645066,listed,195,0.97
2026-09-17,storagesense,sense_1030,1030,10x27,sense_4640771,listed,239,0.97
2026-09-17,storagesense,sense_1030,1030,10x25,sense_4645443,delisted,195,0.97
2026-09-17,storagesense,sense_1030,1030,10x27,sense_4640756,delisted,,0.97
2026-09-17,storagesense,sense_1050,1050,5x10,sense_4627937,listed,65,0.97
2026-09-17,storagesense,sense_1050,1050,10x10,sense_4631765,listed,126,0.97
2026-09-17,storagesense,sense_1050,1050,5x10,sense_4630240,delisted,65,0.97
2026-09-17,storagesense,sense_1050,1050,10x10,sense_4632473,delisted,126,0.97
2026-09-17,storagesense,sense_1051,1051,10x10,sense_4667105,listed,69,0.97
2026-09-17,storagesense,sense_1051,1051,10x10,sense_4664180,delisted,69,0.97
2026-09-17,storagesense,sense_1056,1056,5x10,sense_4611832,listed,26,0.97
2026-09-17,storagesense,sense_1056,1056,5x10,sense_4614835,delisted,26,0.97
2026-09-17,storagesense,sense_1077,1077,8x10,sense_4627137,listed,73,0.97
2026-09-17,storagesense,sense_1077,1077,10x15,sense_4873345,listed,101,0.97
2026-09-17,storagesense,sense_1077,1077,8x10,sense_4626620,delisted,73,0.97
2026-09-17,storagesense,sense_1077,1077,10x15,sense_4622929,delisted,101,0.97
2026-09-17,storagesense,sense_1089,1089,5x10,sense_4669605,listed,37,0.97
2026-09-17,storagesense,sense_1089,1089,5x10,sense_4668897,delisted,37,0.97
2026-09-17,storagesense,sense_1090,1090,5x10,sense_4692432,listed,58,0.97
2026-09-17,storagesense,sense_1090,1090,10x10,sense_4696372,listed,88,0.97
2026-09-17,storagesense,sense_1090,1090,10x20,sense_4692099,listed,94,0.97
2026-09-17,storagesense,sense_1090,1090,10x20,sense_4688890,listed,,0.97
2026-09-17,storagesense,sense_1090,1090,5x10,sense_4696395,delisted,58,0.97
2026-09-17,storagesense,sense_1090,1090,10x10,sense_4694954,delisted,99,0.97
2026-09-17,storagesense,sense_1090,1090,10x20,sense_4698479,delisted,94,0.97
2026-09-17,storagesense,sense_1090,1090,10x20,sense_4691804,delisted,94,0.97
2026-09-17,storagesense,sense_1117,1117,5x10,sense_5079720,listed,72,0.97
2026-09-17,storagesense,sense_1117,1117,10x5,sense_4669838,listed,81,0.97
2026-09-17,storagesense,sense_1117,1117,10x10,sense_4673975,listed,128,0.97
2026-09-17,storagesense,sense_1117,1117,10x20,sense_4670227,listed,149,0.97
2026-09-17,storagesense,sense_1117,1117,5x10,sense_4673581,delisted,64,0.97
2026-09-17,storagesense,sense_1117,1117,10x5,sense_4676851,delisted,81,0.97
2026-09-17,storagesense,sense_1117,1117,10x10,sense_4677373,delisted,114,0.97
2026-09-17,storagesense,sense_1117,1117,10x20,sense_4670192,delisted,,0.97
2026-09-17,storagesense,sense_1118,1118,10x20,sense_4987835,listed,165,0.97
2026-09-17,storagesense,sense_1118,1118,10x20,sense_5067289,delisted,165,0.97
2026-09-17,storagesense,sense_1120,1120,10x20,sense_4668257,listed,200,0.97
2026-09-17,storagesense,sense_1120,1120,10x20,sense_4671302,delisted,200,0.97
2026-09-17,storagesense,sense_1165,1165,10x15,sense_4642665,listed,191,0.97
2026-09-17,storagesense,sense_1165,1165,10x35,sense_4642289,listed,,0.97
2026-09-17,storagesense,sense_1165,1165,10x35,sense_4642131,delisted,302,0.97
2026-09-17,storagesense,sense_1165,1165,10x15,sense_4642543,delisted,,0.97
2026-09-17,storagesense,sense_1245,1245,10x10,sense_4717581,listed,84,0.97
2026-09-17,storagesense,sense_1245,1245,10x20,sense_4718458,listed,199,0.97
2026-09-17,storagesense,sense_1245,1245,10x10,sense_4716455,delisted,79,0.97
2026-09-17,storagesense,sense_1245,1245,10x20,sense_4718655,delisted,199,0.97
2026-09-17,storagesense,sense_1278,1278,10x10,sense_4724328,listed,59,0.97
2026-09-17,storagesense,sense_1278,1278,10x15,sense_4724455,listed,,0.97
2026-09-17,storagesense,sense_1278,1278,10x10,sense_4724987,delisted,59,0.97
2026-09-17,storagesense,sense_1278,1278,10x15,sense_4724369,delisted,79,0.97
2026-09-17,storagesense,sense_1307,1307,10x20,sense_4623614,listed,,0.97
2026-09-17,storagesense,sense_1307,1307,10x20,sense_4618751,delisted,,0.97
2026-09-17,storagesense,sense_1369,1369,10x10,sense_4695048,listed,89,0.97
2026-09-17,storagesense,sense_1369,1369,10x30,sense_4699041,listed,93,0.97
2026-09-17,storagesense,sense_1369,1369,10x15,sense_4696574,listed,,0.97
2026-09-17,storagesense,sense_1369,1369,10x10,sense_4692421,delisted,79,0.97
2026-09-17,storagesense,sense_1369,1369,10x15,sense_5382335,delisted,99,0.97
2026-09-17,storagesense,sense_1369,1369,10x30,sense_4699053,delisted,93,0.97
2026-09-17,storagesense,sense_1373,1373,5x15,sense_4679181,listed,,0.97
2026-09-17,storagesense,sense_1373,1373,5x15,sense_4680978,delisted,,0.97
2026-09-17,storagesense,sense_1429,1429,10x10,sense_4641009,listed,179,0.97
2026-09-17,storagesense,sense_1429,1429,10x20,sense_4639997,listed,,0.97
2026-09-17,storagesense,sense_1429,1429,10x10,sense_4639890,delisted,179,0.97
2026-09-17,storagesense,sense_1429,1429,10x20,sense_4641078,delisted,299,0.97
2026-09-17,storagesense,sense_1465,1465,10x10,sense_4710593,listed,66,0.97
2026-09-17,storagesense,sense_1465,1465,10x15,sense_4710454,listed,74,0.97
2026-09-17,storagesense,sense_1465,1465,10x10,sense_4710115,delisted,66,0.97
2026-09-17,storagesense,sense_1465,1465,10x15,sense_5025741,delisted,83,0.97
2026-09-17,storagesense,sense_1557,1557,10x15,sense_4669111,listed,83,0.97
2026-09-17,storagesense,sense_1557,1557,10x20,sense_4665283,listed,97,0.97
2026-09-17,storagesense,sense_1557,1557,10x15,sense_4666158,delisted,93,0.97
2026-09-17,storagesense,sense_1557,1557,10x20,sense_4668323,delisted,97,0.97
2026-09-17,storagesense,sense_1558,1558,10x20,sense_5364139,listed,82,0.97
2026-09-17,storagesense,sense_1558,1558,10x20,sense_5364140,delisted,73,0.97
2026-09-17,storagesense,sense_163706,163706,5x10,sense_4707280,listed,39,0.97
2026-09-17,storagesense,sense_163706,163706,5x10,sense_4706585,delisted,44,0.97
2026-09-17,storagesense,sense_163714,163714,12x30,sense_4661126,listed,89,0.97
2026-09-17,storagesense,sense_163714,163714,12x30,sense_4661260,delisted,79,0.97
2026-09-17,storagesense,sense_163756,163756,10x5,sense_4697077,repriced_from_unpriced,39,0.97
2026-09-17,storagesense,sense_163756,163756,10x30,sense_4694257,listed,,0.97
2026-09-17,storagesense,sense_163756,163756,10x30,sense_4694164,delisted,179,0.97
2026-09-17,storagesense,sense_163759,163759,32.5x10,sense_4670425,listed,,0.97
2026-09-17,storagesense,sense_163759,163759,32.5x10,sense_4670740,delisted,209,0.97
2026-09-18,storagesense,sense_163796,163796,10x10,sense_4716844,listed,53,1.05
2026-09-18,storagesense,sense_163796,163796,10x10,sense_4717814,delisted,53,1.05
2026-09-18,storagesense,sense_163797,163797,5x5,sense_4726252,unpriced,14,1.05
2026-09-18,storagesense,sense_163798,163798,10x10,sense_4725330,listed,76,1.05
2026-09-18,storagesense,sense_163798,163798,10x10,sense_4724870,delisted,76,1.05
2026-09-18,storagesense,sense_163839,163839,6x10,sense_4842398,listed,79,1.05
2026-09-18,storagesense,sense_163839,163839,6x10,sense_4842228,delisted,,1.05
2026-09-18,storagesense,sense_163868,163868,12x32,sense_4620392,listed,109,1.05
2026-09-18,storagesense,sense_163868,163868,12x32,sense_4620763,delisted,,1.05
2026-09-18,storagesense,sense_163879,163879,10x15,sense_4620341,listed,135,1.05
2026-09-18,storagesense,sense_163879,163879,10x20,sense_4894284,listed,96,1.05
2026-09-18,storagesense,sense_163879,163879,10x40,sense_4621208,listed,176,1.05
2026-09-18,storagesense,sense_163879,163879,10x20,sense_4622893,delisted,96,1.05
2026-09-18,storagesense,sense_163879,163879,10x40,sense_4621311,delisted,176,1.05
2026-09-18,storagesense,sense_163879,163879,10x15,sense_4620622,delisted,,1.05
2026-09-18,storagesense,sense_163882,163882,5x10,sense_4635009,listed,65,1.05
2026-09-18,storagesense,sense_163882,163882,5x10,sense_4635102,delisted,65,1.05
2026-09-18,storagesense,sense_163883,163883,5x5,sense_4611188,listed,70,1.05
2026-09-18,storagesense,sense_163883,163883,4x5,sense_5267103,unpriced,65,1.05
2026-09-18,storagesense,sense_163883,163883,5x5,sense_4611409,delisted,70,1.05
2026-09-18,storagesense,sense_163884,163884,5x10,sense_4625620,listed,67,1.05
2026-09-18,storagesense,sense_163884,163884,10x20,sense_4627233,listed,114,1.05
2026-09-18,storagesense,sense_163884,163884,10x10,sense_4620798,listed,,1.05
2026-09-18,storagesense,sense_163884,163884,5x10,sense_4923100,delisted,59,1.05
2026-09-18,storagesense,sense_163884,163884,10x10,sense_4997298,delisted,94,1.05
2026-09-18,storagesense,sense_163884,163884,10x20,sense_4627194,delisted,,1.05
2026-09-18,storagesense,sense_163885,163885,5x10,sense_4622260,listed,99,1.05
2026-09-18,storagesense,sense_163885,163885,10x10,sense_4620472,repriced_from_unpriced,84,1.05
2026-09-18,storagesense,sense_163885,163885,5x10,sense_4622277,delisted,99,1.05
2026-09-18,storagesense,sense_163937,163937,5x10,sense_4871945,listed,89,1.05
2026-09-18,storagesense,sense_163937,163937,5x10,sense_4871841,delisted,89,1.05
2026-09-18,storagesense,sense_163987,163987,10x10,sense_5364209,listed,39,1.05
2026-09-18,storagesense,sense_163987,163987,10x10,sense_4920670,listed,68,1.05
2026-09-18,storagesense,sense_163987,163987,10x10,sense_4921080,delisted,39,1.05
2026-09-18,storagesense,sense_163987,163987,10x10,sense_4920477,delisted,60,1.05
2026-09-18,storagesense,sense_163993,163993,5x5,sense_4924301,listed,,1.05
2026-09-18,storagesense,sense_163993,163993,5x5,sense_4924202,delisted,27,1.05
2026-09-18,storagesense,sense_164023,164023,10x12,sense_4961444,listed,,1.05
2026-09-18,storagesense,sense_164023,164023,10x17,sense_4961638,listed,,1.05
2026-09-18,storagesense,sense_164023,164023,10x12,sense_4961285,delisted,89,1.05
2026-09-18,storagesense,sense_164023,164023,10x17,sense_4961590,delisted,83,1.05
2026-09-18,storagesense,sense_164035,164035,10x20,sense_4968140,listed,246,1.05
2026-09-18,storagesense,sense_164035,164035,10x20,sense_4968152,delisted,,1.05
2026-09-18,storagesense,sense_164051,164051,10x10,sense_4976816,listed,,1.05
2026-09-18,storagesense,sense_164051,164051,10x10,sense_4976800,delisted,,1.05
2026-09-18,storagesense,sense_164052,164052,12x25,sense_4976824,listed,82,1.05
2026-09-18,storagesense,sense_164052,164052,12x25,sense_4976823,delisted,82,1.05
2026-09-18,storagesense,sense_164053,164053,10x5,sense_4976958,listed,30,1.05
2026-09-18,storagesense,sense_164053,164053,10x5,sense_4976979,delisted,30,1.05
2026-09-18,storagesense,sense_164057,164057,0x55,sense_5384311,listed,82,1.05
2026-09-18,storagesense,sense_164057,164057,10x30,sense_4979553,listed,214,1.05
2026-09-18,storagesense,sense_164057,164057,10x25,sense_4979599,listed,,1.05
2026-09-18,storagesense,sense_164057,164057,0x55,sense_5384317,delisted,82,1.05
2026-09-18,storagesense,sense_164057,164057,10x25,sense_4979580,delisted,156,1.05
2026-09-18,storagesense,sense_164057,164057,10x30,sense_4979591,delisted,,1.05
2026-09-18,storagesense,sense_164070,164070,10x10,sense_4985775,listed,99,1.05
2026-09-18,storagesense,sense_164070,164070,10x10,sense_4985779,delisted,99,1.05
2026-09-18,storagesense,sense_164104,164104,14x45,sense_5013336,listed,437,1.05
2026-09-18,storagesense,sense_164104,164104,14x45,sense_5013337,delisted,437,1.05
2026-09-18,storagesense,sense_164130,164130,10x20,sense_5026849,listed,129,1.05
2026-09-18,storagesense,sense_164130,164130,10x15,sense_5026757,listed,,1.05
2026-09-18,storagesense,sense_164130,164130,10x15,sense_5026943,delisted,99,1.05
2026-09-18,storagesense,sense_164130,164130,10x20,sense_5027010,delisted,129,1.05
2026-09-18,storagesense,sense_164187,164187,15x10,sense_5090028,listed,64,1.05
2026-09-18,storagesense,sense_164187,164187,10x10,sense_5089874,delisted,60,1.05
2026-09-18,storagesense,sense_164187,164187,15x10,sense_5090033,delisted,50,1.05
2026-09-18,storagesense,sense_164187,164187,10x20,sense_5089954,delisted,,1.05
2026-09-18,storagesense,sense_164196,164196,10x10,sense_5116162,listed,89,1.05
2026-09-18,storagesense,sense_164196,164196,10x10,sense_5116159,delisted,,1.05
2026-09-18,storagesense,sense_164247,164247,20x10,sense_5335726,unpriced,74,1.05
2026-09-18,storagesense,sense_164248,164248,10x10,sense_5335915,listed,72,1.05
2026-09-18,storagesense,sense_164248,164248,10x10,sense_5335984,listed,,1.05
2026-09-18,storagesense,sense_164248,164248,20x10,sense_5335789,listed,,1.05
2026-09-18,storagesense,sense_164248,164248,10x10,sense_5335914,delisted,85,1.05
2026-09-18,storagesense,sense_164250,164250,5x5,sense_5336316,repriced_from_unpriced,43,1.05
2026-09-18,storagesense,sense_16890,16890,12x30,sense_5388225,listed,162,1.05
2026-09-18,storagesense,sense_16890,16890,12x35,sense_5388226,listed,174,1.05
2026-09-18,storagesense,sense_16890,16890,12x40,sense_5388229,listed,187,1.05
2026-09-18,storagesense,sense_16890,16890,96x84,sense_5388221,listed,2000,1.05
2026-09-18,storagesense,sense_16890,16890,12x30,sense_4721661,delisted,,1.05
2026-09-18,storagesense,sense_16890,16890,12x35,sense_4722174,delisted,,1.05
2026-09-18,storagesense,sense_16890,16890,12x40,sense_4722684,delisted,,1.05
2026-09-18,storagesense,sense_16996,16996,10x20,sense_4638909,listed,162,1.05
2026-09-18,storagesense,sense_16996,16996,10x20,sense_4638974,delisted,,1.05
2026-09-18,storagesense,sense_16998,16998,5x10,sense_4709374,listed,,1.05
2026-09-18,storagesense,sense_16998,16998,10x10,sense_4709115,listed,,1.05
2026-09-18,storagesense,sense_16998,16998,5x10,sense_4709462,delisted,49,1.05
2026-09-18,storagesense,sense_16998,16998,10x10,sense_4708970,delisted,79,1.05
2026-09-18,storagesense,sense_17038,17038,5x8,sense_5101717,listed,57,1.05
2026-09-18,storagesense,sense_17038,17038,5x10,sense_4707460,listed,74,1.05
2026-09-18,storagesense,sense_17038,17038,10x10,sense_4707575,listed,,1.05
2026-09-18,storagesense,sense_17038,17038,5x8,sense_5101712,delisted,57,1.05
2026-09-18,storagesense,sense_17038,17038,5x10,sense_4707239,delisted,74,1.05
2026-09-18,storagesense,sense_17038,17038,10x10,sense_4707725,delisted,149,1.05
2026-09-18,storagesense,sense_17040,17040,10x20,sense_4649088,repriced_from_unpriced,167,1.05
2026-09-18,storagesense,sense_17057,17057,10x10,sense_4928886,listed,155,1.05
2026-09-18,storagesense,sense_17057,17057,10x10,sense_4928882,delisted,74,1.05
2026-09-18,storagesense,sense_17059,17059,10x20,sense_4697165,listed,130,1.05
2026-09-18,storagesense,sense_17059,17059,10x20,sense_4695868,delisted,130,1.05
2026-09-18,storagesense,sense_17080,17080,5x5,sense_4674553,listed,,1.05
2026-09-18,storagesense,sense_17080,17080,5x5,sense_4671090,delisted,79,1.05
2026-09-18,storagesense,sense_17086,17086,5x10,sense_4705590,listed,74,1.05
2026-09-18,storagesense,sense_17086,17086,10x10,sense_5180644,listed,84,1.05
2026-09-18,storagesense,sense_17086,17086,10x30,sense_5082185,listed,249,1.05
2026-09-18,storagesense,sense_17086,17086,5x10,sense_5296495,delisted,83,1.05
2026-09-18,storagesense,sense_17086,17086,10x10,sense_5372669,delisted,84,1.05
2026-09-18,storagesense,sense_17086,17086,10x30,sense_5058420,delisted,,1.05
2026-09-18,storagesense,sense_17087,17087,12x30,sense_4982779,listed,124,1.05
2026-09-18,storagesense,sense_17087,17087,12x30,sense_4996223,delisted,124,1.05
2026-09-18,storagesense,sense_17088,17088,10x10,sense_4700631,listed,89,1.05
2026-09-18,storagesense,sense_17088,17088,10x10,sense_4700668,delisted,,1.05
2026-09-18,storagesense,sense_17123,17123,5x10,sense_4840600,listed,,1.05
2026-09-18,storagesense,sense_17123,17123,5x10,sense_4840585,delisted,64,1.05
2026-09-18,storagesense,sense_17124,17124,10x20,sense_4716534,listed,,1.05
2026-09-18,storagesense,sense_17124,17124,10x20,sense_4715942,delisted,138,1.05
2026-09-18,storagesense,sense_17161,17161,30x20,sense_4635424,listed,399,1.05
2026-09-18,storagesense,sense_17161,17161,30x20,sense_4635897,delisted,,1.05
2026-09-18,storagesense,sense_17172,17172,10x10,sense_4657844,listed,60,1.05
2026-09-18,storagesense,sense_17172,17172,10x15,sense_4657236,listed,66,1.05
2026-09-18,storagesense,sense_17172,17172,10x15,sense_4658379,listed,186,1.05
2026-09-18,storagesense,sense_17172,17172,10x20,sense_4658006,listed,99,1.05
2026-09-18,storagesense,sense_17172,17172,10x15,sense_4658923,delisted,89,1.05
2026-09-18,storagesense,sense_17172,17172,10x10,sense_4656123,delisted,,1.05
2026-09-18,storagesense,sense_17172,17172,10x15,sense_4657403,delisted,,1.05
2026-09-18,storagesense,sense_17172,17172,10x20,sense_4658417,delisted,,1.05
2026-09-18,storagesense,sense_17173,17173,10x15,sense_4614139,listed,,1.05
2026-09-18,storagesense,sense_17173,17173,10x15,sense_4614474,delisted,142,1.05
2026-09-18,storagesense,sense_17207,17207,10x15,sense_4610468,listed,154,1.05
2026-09-18,storagesense,sense_17207,17207,10x15,sense_4610456,delisted,154,1.05
2026-09-18,storagesense,sense_17280,17280,5x5,sense_4929175,listed,44,1.05
2026-09-18,storagesense,sense_17280,17280,5x5,sense_4688994,delisted,50,1.05
2026-09-18,storagesense,sense_17359,17359,10x10,sense_4711145,listed,,1.05
2026-09-18,storagesense,sense_17359,17359,5x10,sense_4711676,listed,,1.05
2026-09-18,storagesense,sense_17359,17359,10x20,sense_4710903,listed,,1.05
2026-09-18,storagesense,sense_17359,17359,10x10,sense_4711081,delisted,,1.05
2026-09-18,storagesense,sense_17359,17359,10x20,sense_4710752,delisted,,1.05
2026-09-18,storagesense,sense_17359,17359,5x10,sense_4711694,delisted,,1.05
2026-09-18,storagesense,sense_17392,17392,14x40,sense_4791582,listed,94,1.05
2026-09-18,storagesense,sense_17392,17392,10x20,sense_4791691,listed,65,1.05
2026-09-18,storagesense,sense_17392,17392,14x40,sense_4791629,delisted,94,1.05
2026-09-18,storagesense,sense_17392,17392,10x20,sense_4791683,delisted,65,1.05
2026-09-18,storagesense,sense_17403,17403,5x5,sense_4838328,listed,,1.05
2026-09-18,storagesense,sense_17403,17403,5x5,sense_5355942,delisted,35,1.05
2026-09-18,storagesense,sense_17409,17409,20x20,sense_4645487,listed,,1.05
2026-09-18,storagesense,sense_17409,17409,20x20,sense_4645463,delisted,359,1.05
2026-09-18,storagesense,sense_1852,1852,5x10,sense_5388832,listed,99,1.05
2026-09-18,storagesense,sense_1852,1852,5x10,sense_4710287,delisted,99,1.05
2026-09-18,storagesense,sense_1892,1892,5x10,sense_4693204,listed,138,1.05
2026-09-18,storagesense,sense_1892,1892,5x5,sense_4685282,listed,,1.05
2026-09-18,storagesense,sense_1892,1892,5x5,sense_4685251,delisted,86,1.05
2026-09-18,storagesense,sense_1892,1892,5x10,sense_4692990,delisted,142,1.05
2026-09-18,storagesense,sense_1918,1918,10x10,sense_4693501,listed,,1.05
2026-09-18,storagesense,sense_1918,1918,10x10,sense_4694559,delisted,149,1.05
2026-09-18,storagesense,sense_1976,1976,10x20,sense_4716056,listed,187,1.05
2026-09-18,storagesense,sense_1976,1976,10x20,sense_4717297,delisted,187,1.05
2026-09-18,storagesense,sense_1977,1977,10x10,sense_4690832,listed,99,1.05
2026-09-18,storagesense,sense_1977,1977,10x10,sense_4690637,delisted,99,1.05
2026-09-18,storagesense,sense_2100,2100,10x10,sense_5004108,listed,77,1.05
2026-09-18,storagesense,sense_2100,2100,5x10,sense_4672216,listed,,1.05
2026-09-18,storagesense,sense_2100,2100,5x10,sense_4670186,listed,,1.05
2026-09-18,storagesense,sense_2100,2100,5x10,sense_4676218,delisted,30,1.05
2026-09-18,storagesense,sense_2100,2100,5x10,sense_4670156,delisted,37,1.05
2026-09-18,storagesense,sense_2100,2100,10x10,sense_4670044,delisted,161,1.05
2026-09-18,storagesense,sense_2114,2114,10x20,sense_4686667,delisted,159,1.05
2026-09-18,storagesense,sense_2115,2115,11x30,sense_4689962,listed,285,1.05
2026-09-18,storagesense,sense_2115,2115,11x30,sense_4689918,delisted,,1.05
2026-09-18,storagesense,sense_2119,2119,5x10,sense_4681384,listed,78,1.05
2026-09-18,storagesense,sense_2119,2119,10x20,sense_4681572,listed,165,1.05
2026-09-18,storagesense,sense_2119,2119,5x10,sense_4681403,delisted,78,1.05
2026-09-18,storagesense,sense_2119,2119,10x20,sense_4679397,delisted,147,1.05
2026-09-18,storagesense,sense_2121,2121,10x10,sense_4666143,listed,269,1.05
2026-09-18,storagesense,sense_2121,2121,10x15,sense_4668573,listed,270,1.05
2026-09-18,storagesense,sense_2121,2121,10x10,sense_4666108,listed,,1.05
2026-09-18,storagesense,sense_2121,2121,10x15,sense_4664826,listed,,1.05
2026-09-18,storagesense,sense_2121,2121,10x15,sense_4666860,listed,,1.05
2026-09-18,storagesense,sense_2121,2121,10x10,sense_4666170,delisted,269,1.05
2026-09-18,storagesense,sense_2121,2121,10x10,sense_4666339,delisted,,1.05
2026-09-18,storagesense,sense_2121,2121,10x15,sense_4873879,delisted,,1.05
2026-09-18,storagesense,sense_2121,2121,10x15,sense_4665513,delisted,,1.05
2026-09-18,storagesense,sense_2121,2121,10x15,sense_4666355,delisted,,1.05
2026-09-18,storagesense,sense_2130,2130,5x5,sense_5378225,listed,42,1.05
2026-09-18,storagesense,sense_2130,2130,10x10,sense_4688570,listed,67,1.05
2026-09-18,storagesense,sense_2130,2130,10x15,sense_4695649,listed,113,1.05
2026-09-18,storagesense,sense_2130,2130,5x5,sense_4689754,delisted,37,1.05
2026-09-18,storagesense,sense_2130,2130,10x10,sense_4689651,delisted,67,1.05
2026-09-18,storagesense,sense_2130,2130,10x15,sense_5378226,delisted,113,1.05
2026-09-18,storagesense,sense_2136,2136,5x7.5,sense_4674181,listed,37,1.05
2026-09-18,storagesense,sense_2136,2136,5x7.5,sense_4674224,delisted,,1.05
2026-09-18,storagesense,sense_2137,2137,10x10,sense_4672309,listed,89,1.05
2026-09-18,storagesense,sense_2137,2137,10x10,sense_4670743,delisted,79,1.05
2026-09-18,storagesense,sense_2139,2139,5x15,sense_4672346,listed,74,1.05
2026-09-18,storagesense,sense_2139,2139,5x15,sense_4672443,delisted,66,1.05
2026-09-18,storagesense,sense_2142,2142,10x15,sense_4691198,listed,149,1.05
2026-09-18,storagesense,sense_2142,2142,10x15,sense_4695454,delisted,149,1.05
2026-09-18,storagesense,sense_2143,2143,10x30,sense_4679935,listed,,1.05
2026-09-18,storagesense,sense_2143,2143,10x30,sense_4679851,delisted,359,1.05
2026-09-18,storagesense,sense_2152,2152,5x10,sense_4700323,listed,89,1.05
2026-09-18,storagesense,sense_2152,2152,10x15,sense_4699718,listed,174,1.05
2026-09-18,storagesense,sense_2152,2152,5x10,sense_4697738,delisted,89,1.05
2026-09-18,storagesense,sense_2152,2152,10x15,sense_4701316,delisted,174,1.05
2026-09-18,storagesense,sense_2166,2166,10x20,sense_4714962,listed,,1.05
2026-09-18,storagesense,sense_2166,2166,10x20,sense_4714559,delisted,120,1.05
2026-09-18,storagesense,sense_2238,2238,10x20,sense_4688232,listed,147,1.05
2026-09-18,storagesense,sense_2238,2238,10x10,sense_5033162,listed,,1.05
2026-09-18,storagesense,sense_2238,2238,10x10,sense_4687403,delisted,113,1.05
2026-09-18,storagesense,sense_2238,2238,10x20,sense_4688335,delisted,,1.05
2026-09-18,storagesense,sense_2291,2291,10x10,sense_4726331,listed,72,1.05
2026-09-18,storagesense,sense_2291,2291,10x10,sense_4726109,listed,78,1.05
2026-09-18,storagesense,sense_2291,2291,10x10,sense_4726348,delisted,72,1.05
2026-09-18,storagesense,sense_2291,2291,10x10,sense_4726217,delisted,,1.05
2026-09-18,storagesense,sense_2306,2306,10x20,sense_4685822,listed,,1.05
2026-09-18,storagesense,sense_2306,2306,10x20,sense_4680637,delisted,99,1.05
2026-09-18,storagesense,sense_2307,2307,10x20,sense_4652216,listed,145,1.05
2026-09-18,storagesense,sense_2307,2307,10x20,sense_4652219,delisted,145,1.05
2026-09-18,storagesense,sense_2315,2315,10x20,sense_4614271,listed,159,1.05
2026-09-18,storagesense,sense_2315,2315,10x20,sense_4614240,delisted,159,1.05
2026-09-18,storagesense,sense_2316,2316,10x20,sense_5082276,listed,,1.05
2026-09-18,storagesense,sense_2316,2316,10x20,sense_5082251,delisted,217,1.05
2026-09-18,storagesense,sense_2322,2322,5x10,sense_5031042,listed,,1.05
2026-09-18,storagesense,sense_2322,2322,5x10,sense_5031025,delisted,125,1.05
2026-09-18,storagesense,sense_2324,2324,10x15,sense_4684154,listed,90,1.05
2026-09-18,storagesense,sense_2324,2324,10x10,sense_4682487,listed,80,1.05
2026-09-18,storagesense,sense_2324,2324,10x10,sense_4682109,delisted,80,1.05
2026-09-18,storagesense,sense_2324,2324,10x15,sense_4684026,delisted,,1.05
2026-09-18,storagesense,sense_2336,2336,10x15,sense_4690640,listed,329,1.05
2026-09-18,storagesense,sense_2336,2336,10x15,sense_4690137,delisted,210,1.05
2026-09-18,storagesense,sense_2339,2339,10x10,sense_5311327,listed,108,1.05
2026-09-18,storagesense,sense_2339,2339,10x10,sense_4617565,listed,125,1.05
2026-09-18,storagesense,sense_2339,2339,10x10,sense_4621767,delisted,108,1.05
2026-09-18,storagesense,sense_2339,2339,10x10,sense_4617838,delisted,125,1.05
2026-09-18,storagesense,sense_2340,2340,12x30,sense_4697919,listed,69,1.05
2026-09-18,storagesense,sense_2340,2340,12x40,sense_5225694,listed,,1.05
2026-09-18,storagesense,sense_2340,2340,12x40,sense_5225683,delisted,79,1.05
2026-09-18,storagesense,sense_2340,2340,12x30,sense_4697850,delisted,,1.05
2026-09-18,storagesense,sense_2341,2341,10x13,sense_4624575,listed,164,1.05
2026-09-18,storagesense,sense_2341,2341,5x10,sense_4620234,listed,99,1.05
2026-09-18,storagesense,sense_2341,2341,10x13,sense_4622790,delisted,164,1.05
2026-09-18,storagesense,sense_2341,2341,5x10,sense_4621792,delisted,99,1.05
2026-09-18,storagesense,sense_2346,2346,10x10,sense_4679545,listed,154,1.05
2026-09-18,storagesense,sense_2346,2346,10x10,sense_4684152,delisted,154,1.05
2026-09-18,storagesense,sense_2354,2354,5x10,sense_4611873,listed,44,1.05
2026-09-18,storagesense,sense_2354,2354,5x10,sense_4611883,delisted,44,1.05
2026-09-18,storagesense,sense_2355,2355,5x10,sense_4617452,listed,99,1.05
2026-09-18,storagesense,sense_2355,2355,5x10,sense_4617205,delisted,,1.05
2026-09-18,storagesense,sense_2357,2357,10x10,sense_4628496,listed,39,1.05
2026-09-18,storagesense,sense_2357,2357,10x10,sense_4628206,delisted,,1.05
2026-09-18,storagesense,sense_2359,2359,5x10,sense_4617154,listed,74,1.05
2026-09-18,storagesense,sense_2359,2359,5x10,sense_4617206,delisted,,1.05
2026-09-18,storagesense,sense_2360,2360,10x10,sense_4622079,listed,,1.05
2026-09-18,storagesense,sense_2360,2360,10x10,sense_4622852,delisted,110,1.05
2026-09-18,storagesense,sense_2364,2364,5x10,sense_4627532,listed,64,1.05
2026-09-18,storagesense,sense_2364,2364,20x10,sense_4625642,listed,138,1.05
2026-09-18,storagesense,sense_2364,2364,10x20,sense_4627687,listed,138,1.05
2026-09-18,storagesense,sense_2364,2364,5x10,sense_4627419,delisted,134,1.05
2026-09-18,storagesense,sense_2364,2364,20x10,sense_4628215,delisted,,1.05
2026-09-18,storagesense,sense_2364,2364,10x20,sense_4626664,delisted,,1.05
2026-09-18,storagesense,sense_2371,2371,10x20,sense_4616953,listed,96,1.05
2026-09-18,storagesense,sense_2371,2371,10x20,sense_4617656,delisted,96,1.05
2026-09-18,storagesense,sense_2385,2385,5x5,sense_4630656,listed,45,1.05
2026-09-18,storagesense,sense_2385,2385,5x10,sense_4629002,listed,54,1.05
2026-09-18,storagesense,sense_2385,2385,10x15,sense_4629745,listed,100,1.05
2026-09-18,storagesense,sense_2385,2385,5x10,sense_4628990,delisted,54,1.05
2026-09-18,storagesense,sense_2385,2385,10x15,sense_4629704,delisted,89,1.05
2026-09-18,storagesense,sense_2385,2385,5x5,sense_4628707,delisted,,1.05
2026-09-18,storagesense,sense_2387,2387,10x30,sense_4634835,listed,57,1.05
2026-09-18,storagesense,sense_2387,2387,10x30,sense_4634710,delisted,27,1.05
2026-09-18,storagesense,sense_2389,2389,8x10,sense_4625645,listed,66,1.05
2026-09-18,storagesense,sense_2389,2389,8x10,sense_4625361,delisted,74,1.05
2026-09-18,storagesense,sense_2390,2390,10x12,sense_5237300,listed,64,1.05
2026-09-18,storagesense,sense_2390,2390,10x12,sense_4634110,delisted,,1.05
2026-09-18,storagesense,sense_2399,2399,8x10,sense_4634244,listed,67,1.05
2026-09-18,storagesense,sense_2399,2399,10x20,sense_4633950,listed,99,1.05
2026-09-18,storagesense,sense_2399,2399,8x10,sense_4633976,delisted,32,1.05
2026-09-18,storagesense,sense_2399,2399,10x20,sense_4633960,delisted,99,1.05
2026-09-18,storagesense,sense_2403,2403,4x3,sense_4654067,listed,27,1.05
2026-09-18,storagesense,sense_2403,2403,10x10,sense_4654301,repriced_from_unpriced,82,1.05
2026-09-18,storagesense,sense_2403,2403,10x10,sense_4654517,listed,172,1.05
2026-09-18,storagesense,sense_2403,2403,12x10,sense_4653026,unpriced,199,1.05
2026-09-18,storagesense,sense_2403,2403,13x60,sense_4656633,listed,,1.05
2026-09-18,storagesense,sense_2403,2403,4x3,sense_4654059,delisted,27,1.05
2026-09-18,storagesense,sense_2403,2403,13x60,sense_4656738,delisted,165,1.05
2026-09-18,storagesense,sense_2403,2403,10x10,sense_4652797,delisted,,1.05
2026-09-18,storagesense,sense_2411,2411,5x5,sense_5038835,listed,16,1.05
2026-09-18,storagesense,sense_2411,2411,15x10,sense_4658637,listed,59,1.05
2026-09-18,storagesense,sense_2411,2411,10x30,sense_5038830,listed,,1.05
2026-09-18,storagesense,sense_2411,2411,5x5,sense_5038907,delisted,16,1.05
2026-09-18,storagesense,sense_2411,2411,15x10,sense_4658229,delisted,59,1.05
2026-09-18,storagesense,sense_2411,2411,10x30,sense_5038954,delisted,79,1.05
2026-09-18,storagesense,sense_2417,2417,8x20,sense_4655935,listed,67,1.05
2026-09-18,storagesense,sense_2417,2417,14x40,sense_4656322,listed,,1.05
2026-09-18,storagesense,sense_2417,2417,8x20,sense_4655955,delisted,76,1.05
2026-09-18,storagesense,sense_2417,2417,14x40,sense_4656387,delisted,57,1.05
2026-09-18,storagesense,sense_2420,2420,5x4,sense_4653817,listed,,1.05
2026-09-18,storagesense,sense_2420,2420,5x4,sense_4653604,delisted,20,1.05
2026-09-18,storagesense,sense_2457,2457,5x5,sense_4710244,listed,34,1.05
2026-09-18,storagesense,sense_2457,2457,12x35,sense_4711595,listed,209,1.05
2026-09-18,storagesense,sense_2457,2457,10x20,sense_4710109,listed,,1.05
2026-09-18,storagesense,sense_2457,2457,10x20,sense_4708996,delisted,327,1.05
2026-09-18,storagesense,sense_2457,2457,12x35,sense_4711840,delisted,209,1.05
2026-09-18,storagesense,sense_2457,2457,5x5,sense_4710129,delisted,,1.05
2026-09-18,storagesense,sense_2519,2519,10x10,sense_4792061,listed,136,1.05
2026-09-18,storagesense,sense_2519,2519,5x5,sense_4792003,listed,57,1.05
2026-09-18,storagesense,sense_2519,2519,5x10,sense_4791905,listed,111,1.05
2026-09-18,storagesense,sense_2519,2519,10x15,sense_4792188,listed,153,1.05
2026-09-18,storagesense,sense_2519,2519,10x15,sense_4791882,listed,240,1.05
2026-09-18,storagesense,sense_2519,2519,10x20,sense_4792043,listed,230,1.05
2026-09-18,storagesense,sense_2519,2519,5x5,sense_4791802,listed,,1.05
2026-09-18,storagesense,sense_2519,2519,5x12,sense_4791991,listed,,1.05
2026-09-18,storagesense,sense_2519,2519,10x10,sense_4791805,listed,,1.05
2026-09-18,storagesense,sense_2519,2519,10x30,sense_4791763,listed,,1.05
2026-09-18,storagesense,sense_2519,2519,5x12,sense_4791986,delisted,81,1.05
2026-09-18,storagesense,sense_2519,2519,10x15,sense_4792196,delisted,153,1.05
2026-09-18,storagesense,sense_2556,2556,5x10,sense_4721615,listed,34,1.05
2026-09-18,storagesense,sense_2556,2556,5x10,sense_4721973,listed,36,1.05
2026-09-18,storagesense,sense_2556,2556,5x10,sense_4721372,delisted,34,1.05
2026-09-18,storagesense,sense_2556,2556,5x10,sense_4722086,delisted,36,1.05
2026-09-18,storagesense,sense_2566,2566,5x15,sense_4668297,listed,73,1.05
2026-09-18,storagesense,sense_2566,2566,5x15,sense_4668281,delisted,65,1.05
2026-09-18,storagesense,sense_2567,2567,5x10,sense_4661789,listed,59,1.05
2026-09-18,storagesense,sense_2567,2567,10x10,sense_4660056,listed,99,1.05
2026-09-18,storagesense,sense_2567,2567,5x10,sense_4661686,delisted,59,1.05
2026-09-18,storagesense,sense_2567,2567,10x10,sense_5095913,delisted,99,1.05
2026-09-18,storagesense,sense_2592,2592,5x5,sense_4681474,listed,53,1.05
2026-09-18,storagesense,sense_2592,2592,5x5,sense_4679186,delisted,53,1.05
2026-09-18,storagesense,sense_2596,2596,10x15,sense_4640255,listed,,1.05
2026-09-18,storagesense,sense_2596,2596,10x20,sense_4639217,listed,,1.05
2026-09-18,storagesense,sense_2596,2596,10x15,sense_4640161,delisted,109,1.05
2026-09-18,storagesense,sense_2596,2596,10x20,sense_4640543,delisted,174,1.05
2026-09-18,storagesense,sense_2597,2597,10x20,sense_5004038,listed,162,1.05
2026-09-18,storagesense,sense_2597,2597,10x20,sense_4669173,listed,,1.05
2026-09-18,storagesense,sense_2597,2597,10x20,sense_4669549,delisted,114,1.05
2026-09-18,storagesense,sense_2597,2597,10x20,sense_5004039,delisted,129,1.05
2026-09-18,storagesense,sense_2598,2598,10x20,sense_4637334,listed,94,1.05
2026-09-18,storagesense,sense_2598,2598,10x20,sense_4637030,delisted,94,1.05
2026-09-18,storagesense,sense_2599,2599,10x10,sense_4655656,listed,109,1.05
2026-09-18,storagesense,sense_2599,2599,10x10,sense_4653859,delisted,109,1.05
2026-09-18,storagesense,sense_2600,2600,10x15,sense_4612591,listed,111,1.05
2026-09-18,storagesense,sense_2600,2600,10x15,sense_4612669,delisted,99,1.05
2026-09-18,storagesense,sense_2606,2606,5x10,sense_4684690,listed,74,1.05
2026-09-18,storagesense,sense_2606,2606,10x20,sense_4684962,listed,174,1.05
2026-09-18,storagesense,sense_2606,2606,10x30,sense_4688241,listed,387,1.05
2026-09-18,storagesense,sense_2606,2606,5x10,sense_4689898,delisted,74,1.05
2026-09-18,storagesense,sense_2606,2606,10x20,sense_5349969,delisted,174,1.05
2026-09-18,storagesense,sense_2606,2606,10x30,sense_4690687,delisted,,1.05
2026-09-18,storagesense,sense_2650,2650,10x20,sense_4681977,listed,82,1.05
2026-09-18,storagesense,sense_2650,2650,10x20,sense_4682036,delisted,39,1.05
2026-09-18,storagesense,sense_2665,2665,5x5,sense_4670329,repriced_from_unpriced,109,1.05
2026-09-18,storagesense,sense_2665,2665,10x8,sense_4661226,repriced_from_unpriced,180,1.05
2026-09-18,storagesense,sense_2668,2668,10x15,sense_4673446,listed,127,1.05
2026-09-18,storagesense,sense_2668,2668,10x15,sense_4673527,delisted,,1.05
2026-09-18,storagesense,sense_2679,2679,5x10,sense_4686149,listed,42,1.05
2026-09-18,storagesense,sense_2679,2679,5x10,sense_4684006,delisted,,1.05
2026-09-18,storagesense,sense_2690,2690,10x20,sense_4679998,listed,121,1.05
2026-09-18,storagesense,sense_2690,2690,12x20,sense_4676978,listed,252,1.05
2026-09-18,storagesense,sense_2690,2690,10x30,sense_5004390,listed,146,1.05
2026-09-18,storagesense,sense_2690,2690,10x15,sense_4677887,unpriced,91,1.05
2026-09-18,storagesense,sense_2690,2690,10x20,sense_4668913,delisted,121,1.05
2026-09-18,storagesense,sense_2690,2690,12x20,sense_4677037,delisted,161,1.05
2026-09-18,storagesense,sense_2690,2690,10x30,sense_4667751,delisted,146,1.05
2026-09-18,storagesense,sense_2698,2698,10x10,sense_4700096,listed,,1.05
2026-09-18,storagesense,sense_2698,2698,10x10,sense_4700229,delisted,124,1.05
2026-09-18,storagesense,sense_2774,2774,10x20,sense_4707382,listed,31,1.05
2026-09-18,storagesense,sense_2774,2774,10x40,sense_4706921,listed,170,1.05
2026-09-18,storagesense,sense_2774,2774,10x20,sense_4707387,delisted,35,1.05
2026-09-18,storagesense,sense_2774,2774,10x40,sense_5287492,delisted,170,1.05
2026-09-18,storagesense,sense_2782,2782,10x10,sense_4791178,listed,121,1.05
2026-09-18,storagesense,sense_2782,2782,5x15,sense_4791110,unpriced,103,1.05
2026-09-18,storagesense,sense_2782,2782,10x10,sense_4791168,delisted,121,1.05
2026-09-18,storagesense,sense_2784,2784,10x10,sense_4838679,listed,109,1.05
2026-09-18,storagesense,sense_2784,2784,10x10,sense_4838775,delisted,109,1.05
2026-09-18,storagesense,sense_2802,2802,5x10,sense_4837748,listed,34,1.05
2026-09-18,storagesense,sense_2802,2802,10x10,sense_4837751,listed,59,1.05
2026-09-18,storagesense,sense_2802,2802,5x10,sense_4837749,delisted,34,1.05
2026-09-18,storagesense,sense_2802,2802,10x10,sense_4837609,delisted,59,1.05
2026-09-18,storagesense,sense_2805,2805,10x10,sense_4839614,listed,73,1.05
2026-09-18,storagesense,sense_2805,2805,10x30,sense_4839952,listed,117,1.05
2026-09-18,storagesense,sense_2805,2805,10x10,sense_4839647,listed,,1.05
2026-09-18,storagesense,sense_2805,2805,10x10,sense_4839785,delisted,73,1.05
2026-09-18,storagesense,sense_2805,2805,10x10,sense_4839779,delisted,153,1.05
2026-09-18,storagesense,sense_2805,2805,10x30,sense_4840000,delisted,56,1.05
2026-09-18,storagesense,sense_2813,2813,10x10,sense_4716321,listed,139,1.05
2026-09-18,storagesense,sense_2813,2813,10x30,sense_4718839,listed,,1.05
2026-09-18,storagesense,sense_2813,2813,10x10,sense_4717048,delisted,156,1.05
2026-09-18,storagesense,sense_2813,2813,10x30,sense_4718784,delisted,169,1.05
2026-09-18,storagesense,sense_2816,2816,10x10,sense_4614804,listed,64,1.05
2026-09-18,storagesense,sense_2816,2816,10x10,sense_4614862,delisted,64,1.05
2026-09-18,storagesense,sense_2817,2817,10x20,sense_4657630,listed,,1.05
2026-09-18,storagesense,sense_2817,2817,10x20,sense_4657620,delisted,199,1.05
2026-09-18,storagesense,sense_2818,2818,10x15,sense_4615675,listed,,1.05
2026-09-18,storagesense,sense_2818,2818,10x15,sense_4615693,delisted,54,1.05
2026-09-18,storagesense,sense_820,820,10x5,sense_4693056,listed,124,1.05
2026-09-18,storagesense,sense_820,820,10x12,sense_4682442,listed,84,1.05
2026-09-18,storagesense,sense_820,820,10x12,sense_4682310,delisted,84,1.05
2026-09-18,storagesense,sense_820,820,10x5,sense_4693465,delisted,,1.05
2026-09-18,storagesense,sense_825,825,10x10,sense_4618454,listed,75,1.05
2026-09-18,storagesense,sense_825,825,11x25,sense_4622496,repriced_from_unpriced,305,1.05
2026-09-18,storagesense,sense_825,825,10x30,sense_4616182,listed,,1.05
2026-09-18,storagesense,sense_825,825,10x10,sense_4617234,delisted,75,1.05
2026-09-18,storagesense,sense_825,825,10x30,sense_4619543,delisted,322,1.05
2026-09-18,storagesense,sense_826,826,10x25,sense_4629727,listed,293,1.05
2026-09-18,storagesense,sense_826,826,10x25,sense_4629719,delisted,293,1.05
2026-09-18,storagesense,sense_831,831,10x20,sense_4638421,listed,199,1.05
2026-09-18,storagesense,sense_831,831,20x20,sense_4637074,listed,320,1.05
2026-09-18,storagesense,sense_831,831,10x20,sense_4638289,delisted,199,1.05
2026-09-18,storagesense,sense_831,831,20x20,sense_4637133,delisted,,1.05
2026-09-18,storagesense,sense_834,834,10x10,sense_4705933,listed,66,1.05
2026-09-18,storagesense,sense_834,834,10x10,sense_4705740,delisted,66,1.05
2026-09-18,storagesense,sense_836,836,10x20,sense_4617893,listed,120,1.05
2026-09-18,storagesense,sense_836,836,10x20,sense_4620911,delisted,120,1.05
2026-09-18,storagesense,sense_838,838,5x10,sense_4643838,listed,74,1.05
2026-09-18,storagesense,sense_838,838,10x10,sense_4643945,listed,114,1.05
2026-09-18,storagesense,sense_838,838,5x10,sense_4645058,delisted,74,1.05
2026-09-18,storagesense,sense_838,838,10x10,sense_4645809,delisted,128,1.05
2026-09-18,storagesense,sense_844,844,10x10,sense_4616643,listed,99,1.05
2026-09-18,storagesense,sense_844,844,10x20,sense_4619519,listed,,1.05
2026-09-18,storagesense,sense_844,844,10x10,sense_4994748,delisted,99,1.05
2026-09-18,storagesense,sense_844,844,10x20,sense_5032997,delisted,172,1.05
2026-09-18,storagesense,sense_847,847,5x10,sense_4690590,listed,75,1.05
2026-09-18,storagesense,sense_847,847,5x10,sense_4690387,delisted,75,1.05
2026-09-18,storagesense,sense_848,848,10x12,sense_4701338,listed,109,1.05
2026-09-18,storagesense,sense_848,848,7x10,sense_4705091,listed,62,1.05
2026-09-18,storagesense,sense_848,848,5x10,sense_4706297,listed,,1.05
2026-09-18,storagesense,sense_848,848,10x12,sense_4701371,delisted,109,1.05
2026-09-18,storagesense,sense_848,848,5x10,sense_4701642,delisted,45,1.05
2026-09-18,storagesense,sense_848,848,7x10,sense_4705212,delisted,62,1.05
2026-09-18,storagesense,sense_856,856,5x10,sense_4682355,listed,32,1.05
2026-09-18,storagesense,sense_856,856,10x10,sense_4677897,repriced_from_unpriced,71,1.05
2026-09-18,storagesense,sense_856,856,5x10,sense_5144136,delisted,32,1.05
2026-09-18,storagesense,sense_860,860,10x10,sense_4625623,listed,67,1.05
2026-09-18,storagesense,sense_860,860,10x10,sense_4627443,delisted,67,1.05
2026-09-18,storagesense,sense_861,861,10x15,sense_4629494,listed,,1.05
2026-09-18,storagesense,sense_861,861,10x15,sense_5239861,delisted,162,1.05
2026-09-18,storagesense,sense_862,862,10x15,sense_4647843,listed,95,1.05
2026-09-18,storagesense,sense_862,862,10x15,sense_4647786,delisted,95,1.05
2026-09-18,storagesense,sense_863,863,10x10,sense_4654280,repriced_from_unpriced,106,1.05
2026-09-18,storagesense,sense_863,863,8x10,sense_4656120,listed,,1.05
2026-09-18,storagesense,sense_863,863,8x10,sense_4656310,delisted,93,1.05
2026-09-18,storagesense,sense_864,864,10x15,sense_4686240,listed,124,1.05
2026-09-18,storagesense,sense_864,864,10x15,sense_4686057,delisted,124,1.05
2026-09-18,storagesense,sense_865,865,10x15,sense_4642999,unpriced,216,1.05
2026-09-18,storagesense,sense_867,867,5x5,sense_4656729,unpriced,22,1.05
2026-09-18,storagesense,sense_867,867,25x30,sense_4656860,listed,,1.05
2026-09-18,storagesense,sense_867,867,25x30,sense_4656554,delisted,434,1.05
2026-09-18,storagesense,sense_871,871,5x8,sense_4704611,listed,23,1.05
2026-09-18,storagesense,sense_871,871,5x8,sense_4706504,delisted,,1.05
2026-09-18,storagesense,sense_872,872,5x10,sense_4645482,listed,45,1.05
2026-09-18,storagesense,sense_872,872,5x5,sense_4642034,unpriced,50,1.05
2026-09-18,storagesense,sense_872,872,5x10,sense_4643808,delisted,57,1.05
2026-09-18,storagesense,sense_912,912,12x50,sense_4704415,listed,179,1.05
2026-09-18,storagesense,sense_912,912,10x20,sense_4705582,listed,59,1.05
2026-09-18,storagesense,sense_912,912,10x30,sense_4703372,listed,179,1.05
2026-09-18,storagesense,sense_912,912,12x40,sense_5388218,listed,179,1.05
2026-09-18,storagesense,sense_912,912,12x50,sense_4704327,delisted,179,1.05
2026-09-18,storagesense,sense_912,912,10x20,sense_4705523,delisted,,1.05
2026-09-18,storagesense,sense_912,912,10x30,sense_4703392,delisted,,1.05
2026-09-18,storagesense,sense_912,912,12x40,sense_4702198,delisted,,1.05
2026-09-18,storagesense,sense_1010,1010,5x10,sense_4717568,listed,67,1.05
2026-09-18,storagesense,sense_1010,1010,5x10,sense_4718583,delisted,,1.05
2026-09-18,storagesense,sense_1015,1015,5x10,sense_4714587,listed,109,1.05
2026-09-18,storagesense,sense_1015,1015,5x10,sense_4714729,delisted,,1.05
2026-09-18,storagesense,sense_1031,1031,5x10,sense_4676862,listed,34,1.05
2026-09-18,storagesense,sense_1031,1031,10x15,sense_4667989,listed,49,1.05
2026-09-18,storagesense,sense_1031,1031,10x15,sense_4671231,listed,,1.05
2026-09-18,storagesense,sense_1031,1031,5x10,sense_4684531,delisted,34,1.05
2026-09-18,storagesense,sense_1031,1031,10x15,sense_4669548,delisted,89,1.05
2026-09-18,storagesense,sense_1031,1031,10x15,sense_4667898,delisted,,1.05
2026-09-18,storagesense,sense_1049,1049,10x10,sense_4683525,listed,134,1.05
2026-09-18,storagesense,sense_1049,1049,10x15,sense_4691357,listed,130,1.05
2026-09-18,storagesense,sense_1049,1049,10x10,sense_4682182,delisted,151,1.05
2026-09-18,storagesense,sense_1049,1049,10x15,sense_4686519,delisted,130,1.05
2026-09-18,storagesense,sense_1051,1051,10x10,sense_4663869,listed,69,1.05
2026-09-18,storagesense,sense_1051,1051,10x10,sense_4663905,delisted,,1.05
2026-09-18,storagesense,sense_1089,1089,5x10,sense_4666537,listed,37,1.05
2026-09-18,storagesense,sense_1089,1089,10x10,sense_4667549,listed,55,1.05
2026-09-18,storagesense,sense_1089,1089,10x25,sense_4663223,listed,154,1.05
2026-09-18,storagesense,sense_1089,1089,10x30,sense_4665057,listed,222,1.05
2026-09-18,storagesense,sense_1089,1089,10x20,sense_4670973,listed,,1.05
2026-09-18,storagesense,sense_1089,1089,10x10,sense_4997859,delisted,55,1.05
2026-09-18,storagesense,sense_1089,1089,10x10,sense_4667475,delisted,61,1.05
2026-09-18,storagesense,sense_1089,1089,10x25,sense_4663425,delisted,137,1.05
2026-09-18,storagesense,sense_1089,1089,10x30,sense_4672005,delisted,222,1.05
2026-09-18,storagesense,sense_1089,1089,10x20,sense_4670459,delisted,,1.05
2026-09-18,storagesense,sense_1090,1090,10x20,sense_4699102,listed,94,1.05
2026-09-18,storagesense,sense_1090,1090,10x15,sense_4693278,unpriced,116,1.05
2026-09-18,storagesense,sense_1090,1090,10x20,sense_4692099,delisted,94,1.05
2026-09-18,storagesense,sense_1117,1117,10x10,sense_4677373,listed,114,1.05
2026-09-18,storagesense,sense_1117,1117,10x15,sense_4678438,listed,134,1.05
2026-09-18,storagesense,sense_1117,1117,10x10,sense_4673975,delisted,128,1.05
2026-09-18,storagesense,sense_1117,1117,10x15,sense_4672511,delisted,,1.05
2026-09-18,storagesense,sense_1118,1118,10x20,sense_5067289,listed,165,1.05
2026-09-18,storagesense,sense_1118,1118,10x20,sense_4987835,delisted,165,1.05
2026-09-18,storagesense,sense_1119,1119,10x10,sense_5388121,listed,72,1.05
2026-09-18,storagesense,sense_1119,1119,10x15,sense_4696575,listed,,1.05
2026-09-18,storagesense,sense_1119,1119,10x10,sense_5040425,delisted,150,1.05
2026-09-18,storagesense,sense_1119,1119,10x15,sense_5378285,delisted,90,1.05
2026-09-18,storagesense,sense_1245,1245,10x10,sense_4719833,listed,84,1.05
2026-09-18,storagesense,sense_1245,1245,10x15,sense_4719341,listed,,1.05
2026-09-18,storagesense,sense_1245,1245,10x10,sense_4717581,delisted,84,1.05
2026-09-18,storagesense,sense_1245,1245,10x15,sense_4719422,delisted,114,1.05
2026-09-18,storagesense,sense_1247,1247,10x5,sense_4723647,listed,69,1.05
2026-09-18,storagesense,sense_1247,1247,10x20,sense_4723472,listed,131,1.05
2026-09-18,storagesense,sense_1247,1247,10x5,sense_4722847,delisted,62,1.05
2026-09-18,storagesense,sense_1247,1247,10x20,sense_4723450,delisted,131,1.05
2026-09-18,storagesense,sense_1280,1280,5x5,sense_4611498,listed,100,1.05
2026-09-18,storagesense,sense_1280,1280,10x10,sense_4614837,listed,156,1.05
2026-09-18,storagesense,sense_1280,1280,5x5,sense_4611557,delisted,100,1.05
2026-09-18,storagesense,sense_1280,1280,10x10,sense_4614513,delisted,156,1.05
2026-09-18,storagesense,sense_1307,1307,5x10,sense_4619727,listed,54,1.05
2026-09-18,storagesense,sense_1307,1307,10x20,sense_5388391,listed,124,1.05
2026-09-18,storagesense,sense_1307,1307,5x10,sense_4616699,delisted,,1.05
2026-09-18,storagesense,sense_1307,1307,10x20,sense_4623614,delisted,,1.05
2026-09-18,storagesense,sense_1337,1337,10x20,sense_4630662,listed,88,1.05
2026-09-18,storagesense,sense_1337,1337,10x20,sense_4633285,delisted,,1.05
2026-09-18,storagesense,sense_1369,1369,10x20,sense_4692578,listed,124,1.05
2026-09-18,storagesense,sense_1369,1369,10x40,sense_4699156,listed,132,1.05
2026-09-18,storagesense,sense_1369,1369,10x20,sense_4698771,unpriced,54,1.05
2026-09-18,storagesense,sense_1369,1369,10x20,sense_4698481,delisted,124,1.05
2026-09-18,storagesense,sense_1369,1369,10x40,sense_4699010,delisted,105,1.05
2026-09-18,storagesense,sense_1375,1375,10x10,sense_5388551,listed,64,1.05
2026-09-18,storagesense,sense_1375,1375,10x15,sense_4650799,listed,72,1.05
2026-09-18,storagesense,sense_1375,1375,10x15,sense_4650458,delisted,150,1.05
2026-09-18,storagesense,sense_1375,1375,10x10,sense_4646655,delisted,,1.05
2026-09-18,storagesense,sense_1377,1377,5x10,sense_4674944,listed,67,1.05
2026-09-18,storagesense,sense_1377,1377,10x20,sense_4678032,listed,235,1.05
2026-09-18,storagesense,sense_1377,1377,10x20,sense_4674013,unpriced,102,1.05
2026-09-18,storagesense,sense_1377,1377,5x10,sense_4676391,delisted,67,1.05
2026-09-18,storagesense,sense_1377,1377,10x20,sense_4680189,delisted,,1.05
2026-09-18,storagesense,sense_1387,1387,10x15,sense_4639484,listed,,1.05
2026-09-18,storagesense,sense_1387,1387,10x15,sense_4639523,delisted,100,1.05
2026-09-18,storagesense,sense_1429,1429,5x10,sense_4640232,listed,169,1.05
2026-09-18,storagesense,sense_1429,1429,10x10,sense_4639868,repriced_from_unpriced,179,1.05
2026-09-18,storagesense,sense_1429,1429,5x10,sense_4639406,delisted,169,1.05
2026-09-18,storagesense,sense_1465,1465,10x10,sense_4709170,listed,74,1.05
2026-09-18,storagesense,sense_1465,1465,10x20,sense_5031668,listed,132,1.05
2026-09-18,storagesense,sense_1465,1465,10x10,sense_5355482,delisted,74,1.05
2026-09-18,storagesense,sense_1465,1465,10x20,sense_5025745,delisted,132,1.05
2026-09-18,storagesense,sense_1557,1557,10x20,sense_4668323,listed,203,1.05
2026-09-18,storagesense,sense_1557,1557,10x20,sense_4665283,delisted,97,1.05
2026-09-18,storagesense,sense_163709,163709,10x10,sense_4660805,listed,103,1.05
2026-09-18,storagesense,sense_163709,163709,10x20,sense_4661077,listed,89,1.05
2026-09-18,storagesense,sense_163709,163709,10x10,sense_4660761,delisted,49,1.05
2026-09-18,storagesense,sense_163709,163709,10x20,sense_4660733,delisted,89,1.05
2026-09-18,storagesense,sense_163714,163714,5x10,sense_5084506,listed,74,1.05
2026-09-18,storagesense,sense_163714,163714,5x10,sense_4664795,delisted,72,1.05
2026-09-18,storagesense,sense_163719,163719,10x10,sense_4657397,listed,84,1.05
2026-09-18,storagesense,sense_163719,163719,10x20,sense_4656702,listed,89,1.05
2026-09-18,storagesense,sense_163719,163719,10x10,sense_4657405,delisted,,1.05
2026-09-18,storagesense,sense_163719,163719,10x20,sense_4656807,delisted,,1.05
2026-09-18,storagesense,sense_163756,163756,10x20,sense_4695118,listed,129,1.05
2026-09-18,storagesense,sense_163756,163756,10x20,sense_4695198,delisted,129,1.05
2026-09-18,storagesense,sense_163759,163759,20x10,sense_4667800,listed,124,1.05
2026-09-18,storagesense,sense_163759,163759,20x10,sense_4668062,delisted,124,1.05
