date,brand,store_id,site_number,size,sku,field,old,new
2026-09-05,uhaul,uhaul_700025,700025,5x10,uhaul_99be02bcff59435a8f0629709b0a31fe,count,4,5
2026-09-05,uhaul,uhaul_700045,700045,10x10,uhaul_b19c50c509364b6686e88e86121ad669,count,1,2
2026-09-05,uhaul,uhaul_700045,700045,7.3x23.5,uhaul_4b45ecc236e5440aa9e0640c66e90ed9,count,3,2
2026-09-05,uhaul,uhaul_700066,700066,5x5,uhaul_3de423d84e2245e1ae7d803953a898f1,count,5,6
2026-09-05,uhaul,uhaul_700071,700071,5x10,uhaul_221a64d4644344f4bb4d674d8a40501e,count,14,15
2026-09-05,uhaul,uhaul_700071,700071,10x10,uhaul_73fb22d27ab94dfe92c06029a87c017b,count,15,14
2026-09-05,uhaul,uhaul_700076,700076,10x10,uhaul_a94aa0eead60427d960239e93d1cf994,count,2,1
2026-09-05,uhaul,uhaul_700076,700076,10x15,uhaul_8a9198e5943f4dab862a2333d7c32c6d,count,5,4
2026-09-05,uhaul,uhaul_700076,700076,10x20,uhaul_6f3c8a92476b496d9c94da6243bd622f,count,5,6
2026-09-05,uhaul,uhaul_700076,700076,5x9,uhaul_5c0d2ea1bcee49eaa337440cd4d72697,count,4,5
2026-09-05,uhaul,uhaul_700078,700078,5x10,uhaul_5210be87f08e4b92a8a7d24e2c31d0dd,count,8,7
2026-09-05,uhaul,uhaul_701031,701031,5x5,uhaul_0239e65417ed4487affc3019935b0d59,promo,,Free Lock
2026-09-05,uhaul,uhaul_701031,701031,5x8,uhaul_d76bbf89579040f3b7eb6df0a9c36a7e,count,3,2
2026-09-05,uhaul,uhaul_701031,701031,5x10,uhaul_1564298467e043d9a568dcbfe1a8c717,count,28,29
2026-09-05,uhaul,uhaul_701031,701031,5x10,uhaul_4d3d30bff6e84736866dff82fb0e664f,promo,,Free Lock
2026-09-05,uhaul,uhaul_701031,701031,5x10,uhaul_4d3d30bff6e84736866dff82fb0e664f,count,1,2
2026-09-05,uhaul,uhaul_701031,701031,10x7.4,uhaul_8606d2178237440bbbb01dd5dd7e4afe,promo,,Free Lock
2026-09-05,uhaul,uhaul_701043,701043,5x10,uhaul_c268fba2f13c4eb5a5353710633db82b,count,13,14
2026-09-05,uhaul,uhaul_701043,701043,10x10,uhaul_4ba3fba54841458fbaeadfe61dea90c2,count,1,2
2026-09-05,uhaul,uhaul_701065,701065,5x10,uhaul_739b49c92b834a80bd9ab1dd294c5d79,count,9,10
2026-09-05,uhaul,uhaul_701072,701072,7x10,uhaul_4430cee55bf748b6bf9c1183a90dd98d,count,10,11
2026-09-05,uhaul,uhaul_701072,701072,8x10,uhaul_5b9d39cd9ce944f2bf1f215987a6d41c,count,36,35
2026-09-05,uhaul,uhaul_701072,701072,8x10,uhaul_a7684328c3fc4221a0169519120c20ab,count,15,16
2026-09-05,uhaul,uhaul_701072,701072,10x12,uhaul_f819a48839c84849bcd1663431406818,count,12,11
2026-09-05,uhaul,uhaul_702027,702027,5x9,uhaul_437171358af140d5944ab0649334f768,count,18,19
2026-09-05,uhaul,uhaul_702027,702027,5x10,uhaul_8956214728064591bf404013703e8a79,count,1,2
2026-09-05,uhaul,uhaul_702027,702027,5x15,uhaul_9205df284ec74e989ab06c1874611e6b,promo,Free Lock,
2026-09-05,uhaul,uhaul_702027,702027,5x15,uhaul_fef9694e810c4c338e11ad22acb9b159,promo,,Free Lock
2026-09-05,uhaul,uhaul_702027,702027,5x15,uhaul_fef9694e810c4c338e11ad22acb9b159,count,1,3
2026-09-05,uhaul,uhaul_702029,702029,5x5,uhaul_e47c746adf2445e3a5e0ea4553cf388e,count,9,8
2026-09-05,uhaul,uhaul_702079,702079,5x5,uhaul_c40bbe7151d64d5997d0a68e5cd7efc6,count,7,6
2026-09-05,uhaul,uhaul_702080,702080,5x5,uhaul_6e7b6f4787a248929c67f1214126fa44,count,7,8
2026-09-05,uhaul,uhaul_702080,702080,5x8,uhaul_007e1541fc6d4e71b3b02c0ab85d4114,count,1,2
2026-09-05,uhaul,uhaul_702080,702080,5x10,uhaul_de1f7c860d904b23a4587a14481fb719,count,1,2
2026-09-05,uhaul,uhaul_702080,702080,10x10,uhaul_79aa0feac91c40339a4453b34170fcf5,count,2,3
2026-09-05,uhaul,uhaul_702080,702080,10x20,uhaul_51d2a343b1e44a4abf97fa6784e1f2e3,count,1,2
2026-09-05,uhaul,uhaul_702083,702083,7x8,uhaul_c29224ed24944116af2db7e983adb819,count,1,2
2026-09-05,uhaul,uhaul_703023,703023,5x5,uhaul_65ca42910eeb4462840d73a90a7a1968,count,2,1
2026-09-05,uhaul,uhaul_703023,703023,10x20,uhaul_14c640a071614ba693a937c50c467a56,count,1,2
2026-09-05,uhaul,uhaul_703050,703050,8x10,uhaul_469534172ac14eea87c58a44f35eb8b3,promo,,Free Lock
2026-09-05,uhaul,uhaul_703064,703064,8x10,uhaul_4e3d1d0c0b9844bfac061e6ffa8e63fb,count,3,4
2026-09-05,uhaul,uhaul_703071,703071,5x10,uhaul_c74849444452482b8f525f1629bd9a13,count,2,3
2026-09-05,uhaul,uhaul_703071,703071,5x10,uhaul_e541722905ad42c88f5840ecf043fb0d,count,3,2
2026-09-05,uhaul,uhaul_703071,703071,5x10,uhaul_4f42316a408a48d5a78a3bc07383dd65,count,15,14
2026-09-05,uhaul,uhaul_703071,703071,10x10,uhaul_9b5d0b5aa2674c3284a17de7de7cf431,count,4,5
2026-09-05,uhaul,uhaul_703071,703071,10x10,uhaul_83c09c01a0a642f88926f9c15ccd93a5,count,1,2
2026-09-05,uhaul,uhaul_703071,703071,10x10,uhaul_5cddfc4116174f599c13ce2a6726e99b,count,2,1
2026-09-05,uhaul,uhaul_703071,703071,10x15,uhaul_d27af727b1fd4e4a89e934b1d3bdbbe5,count,8,7
2026-09-05,uhaul,uhaul_703072,703072,5x10,uhaul_8db5ed9a4ed1461fa4ff8beb323367cc,count,14,13
2026-09-05,uhaul,uhaul_703072,703072,10x10,uhaul_ff4c439c5a6d4128bcea0c050a3a05ff,count,2,3
2026-09-05,uhaul,uhaul_703072,703072,10x15,uhaul_cffbc182089344fcbd530e4d401b80fc,count,3,1
2026-09-05,uhaul,uhaul_703072,703072,10x15,uhaul_0a7a68f7a77a46f0a273bf80a4fdc373,count,3,4
2026-09-05,uhaul,uhaul_703075,703075,5x5,uhaul_edea9868318c47cd87fb61a17efb2f4f,count,12,11
2026-09-05,uhaul,uhaul_703075,703075,10x15,uhaul_85b8e3b39c06470fa691a3316c1c3819,count,10,11
2026-09-05,uhaul,uhaul_703078,703078,10x10,uhaul_7d7b259dfd9e401488cae18f1cfa375f,count,147,146
2026-09-05,uhaul,uhaul_703083,703083,10x10,uhaul_e6881aeb6a954d9e9a3cdc4731764514,promo,,Free Lock
2026-09-05,uhaul,uhaul_703083,703083,10x10,uhaul_3595547ed9824342aa3e0a8aea47ce31,count,4,3
2026-09-05,uhaul,uhaul_703086,703086,10x10,uhaul_47cc13615d7f4885b2eb0fe2e95306a6,count,28,29
2026-09-05,uhaul,uhaul_703087,703087,5x10,uhaul_e5ba38a60da540cc82528fba57ee9d03,count,17,16
2026-09-05,uhaul,uhaul_704024,704024,5x10,uhaul_10db0d4dfd5a43ac9539aa83c90eefd1,count,17,19
2026-09-05,uhaul,uhaul_704024,704024,10x10,uhaul_3bc2cd33c19f42a8832e5a67a0c63b8e,count,11,13
2026-09-05,uhaul,uhaul_704024,704024,10x15,uhaul_a5df2480b8054cefba27eff3c4b8f1b6,count,2,3
2026-09-05,uhaul,uhaul_704024,704024,5x10,uhaul_4addbc63aaec4f3c8d764722f2cfb73d,count,11,12
2026-09-05,uhaul,uhaul_704024,704024,10x10,uhaul_1df5e2198ce8440e9024dc660dbb3021,count,1,2
2026-09-05,uhaul,uhaul_704024,704024,5x5,uhaul_8f28f7be69d04f90b4a9e954be32a4a6,count,5,3
2026-09-05,uhaul,uhaul_704024,704024,5x5,uhaul_5496f821f422462eb1b6f237454005f5,count,3,2
2026-09-05,uhaul,uhaul_704026,704026,10x10,uhaul_f1bf610f1d164e88b0514d54db566fb8,promo,,Free Lock
2026-09-05,uhaul,uhaul_704026,704026,10x10,uhaul_f1bf610f1d164e88b0514d54db566fb8,count,1,2
2026-09-05,uhaul,uhaul_704042,704042,5x8,uhaul_451e3dd477e34c8891ea459d7b570514,promo,,Free Lock
2026-09-05,uhaul,uhaul_704074,704074,5x10,uhaul_82870ff423d84f609a7df148bf4d95e2,count,4,3
2026-09-05,uhaul,uhaul_704074,704074,5x10,uhaul_a92f3d067030424c90afc1cac7ccfb60,count,2,3
2026-09-05,uhaul,uhaul_704074,704074,10x10,uhaul_f2050a8bacde4c58817991ede7bce099,count,3,2
2026-09-05,uhaul,uhaul_705071,705071,5x5,uhaul_31d2f62d90a5411e9076a0e00c10b899,count,14,15
2026-09-05,uhaul,uhaul_705071,705071,5x10,uhaul_db40bec18fb04dd2908205503c0b16f1,count,17,18
2026-09-05,uhaul,uhaul_705071,705071,5x10,uhaul_398056cbb1a343a780bc463361ca5f98,count,44,43
2026-09-05,uhaul,uhaul_705071,705071,10x10,uhaul_3174648dbcf341cf84c26b15fd93ad5e,count,68,69
2026-09-05,uhaul,uhaul_705071,705071,10x10,uhaul_6a7e06c54abb4c06ae575e7550a078ee,count,19,20
2026-09-05,uhaul,uhaul_705071,705071,10x15,uhaul_60e636c84e414796a036d217b5a300ba,count,13,15
2026-09-05,uhaul,uhaul_705071,705071,10x15,uhaul_270e2a3bba9c49aeb904ecd3c49e73fd,count,1,2
2026-09-05,uhaul,uhaul_705071,705071,5x5,uhaul_e87b258d62b04f72b98c085395a7513b,count,6,7
2026-09-05,uhaul,uhaul_705071,705071,5x15,uhaul_31e57eac3d4043cb83e873e1ac6d3442,count,2,3
2026-09-05,uhaul,uhaul_705073,705073,5x5,uhaul_6221fc3fc34346e9beae5741a9597519,count,28,27
2026-09-05,uhaul,uhaul_705073,705073,5x5,uhaul_6efce84154214d32aaf6fcb93fbfa7f9,count,2,3
2026-09-05,uhaul,uhaul_705073,705073,5x7,uhaul_e1707bcb66a844c2b37321b4e59cfdc4,count,21,20
2026-09-05,uhaul,uhaul_706046,706046,5x10,uhaul_ec1ca36dac74448d8a2c5ced35d6b658,count,41,44
2026-09-05,uhaul,uhaul_706046,706046,7x10,uhaul_6d469011f87449f8a173abb47b98718b,promo,,Free Lock
2026-09-05,uhaul,uhaul_706046,706046,10x10,uhaul_ef9f44b1a403479a9ac28f93c8a01c08,count,14,15
2026-09-05,uhaul,uhaul_706046,706046,10x10,uhaul_a1831230f546432a9e4eccb2f57fee52,count,20,19
2026-09-05,uhaul,uhaul_706046,706046,10x15,uhaul_13f64f98435244acab01a7661fdec0b3,count,5,2
2026-09-05,uhaul,uhaul_706067,706067,5x10,uhaul_e80987888e2e47eba9104d2d8caa060c,count,35,36
2026-09-05,uhaul,uhaul_706068,706068,5x10,uhaul_dacc33df484244acb333c26a00c89a48,count,2,6
2026-09-05,uhaul,uhaul_706071,706071,10x5,uhaul_da7c4ab6575342909e1ae1e6c5267ba1,count,15,14
2026-09-05,uhaul,uhaul_706071,706071,10x10,uhaul_9f9dc0da75ce4ad1a362e16443f0a4cd,count,20,21
2026-09-05,uhaul,uhaul_706071,706071,10x10,uhaul_1edcb81e39154e5aa5b0d20ce6b871cd,count,17,18
2026-09-05,uhaul,uhaul_706071,706071,10x15,uhaul_df466d5f633f4679af412c3778c2cd4c,count,4,5
2026-09-05,uhaul,uhaul_706073,706073,5x10,uhaul_87ef7d5873364e57a3d204db695182f4,count,4,3
2026-09-05,uhaul,uhaul_706073,706073,10x10,uhaul_1435b11cb6094f44abed67a834967707,count,4,3
2026-09-05,uhaul,uhaul_706073,706073,10x15,uhaul_1dcb3bc84cab436eacbb85a7d49305c1,count,9,8
2026-09-05,uhaul,uhaul_706075,706075,5x5,uhaul_44f7eb972bc64318b4a8bbd2cdd811d9,count,9,8
2026-09-05,uhaul,uhaul_706075,706075,5x5,uhaul_76a8770dd12f40108f2718e4ed4aa944,count,1,2
2026-09-05,uhaul,uhaul_706075,706075,5x10,uhaul_3cd9cedec8ec4b7197a6d1c606105af7,count,15,17
2026-09-05,uhaul,uhaul_706075,706075,10x10,uhaul_62e5f87a23d64f1faedeef2e9e34f2da,count,12,13
2026-09-05,uhaul,uhaul_706075,706075,10x15,uhaul_b5730e9b0c8545d0829a545b587f7e9f,count,14,13
2026-09-05,uhaul,uhaul_706075,706075,10x20,uhaul_f3dddb03d2f843ec984832a260d42d94,count,1,3
2026-09-05,uhaul,uhaul_707028,707028,5x10,uhaul_561326c78c7b40beb6787114379ff0c7,promo,Free Lock,
2026-09-05,uhaul,uhaul_707028,707028,5x10,uhaul_561326c78c7b40beb6787114379ff0c7,count,5,4
2026-09-05,uhaul,uhaul_707028,707028,10x15,uhaul_aca3f1de8bfa4c79a14aa05b28b24367,count,2,3
2026-09-05,uhaul,uhaul_707028,707028,5x5,uhaul_2a36e470d10c405db829a96678b6101d,count,31,30
2026-09-05,uhaul,uhaul_707028,707028,5x10,uhaul_3c8315e2b0344b6bb8e0296bbffb1832,count,64,63
2026-09-05,uhaul,uhaul_707028,707028,10x10,uhaul_81812414888d473a940b75c0d46c9a74,count,21,19
2026-09-05,uhaul,uhaul_707028,707028,10x15,uhaul_bf2c60890c3b4fdca3fc271dba87ef24,count,3,4
2026-09-05,uhaul,uhaul_707028,707028,5x5,uhaul_24f55e5aeb22427e929856ff1f9b0d17,count,4,3
2026-09-05,uhaul,uhaul_707028,707028,5x7,uhaul_05fbc79eb835401c98c05ada23541682,count,8,7
2026-09-05,uhaul,uhaul_707075,707075,5x5,uhaul_76b23b1f33704528aadc49061feb4318,count,4,5
2026-09-05,uhaul,uhaul_708021,708021,10x5,uhaul_8e2317daac424c6aa0a2bfd5884d0765,count,19,20
2026-09-05,uhaul,uhaul_708021,708021,5x7,uhaul_c18900a4dd3742f1bb4f9df875ecc28d,count,1,2
2026-09-05,uhaul,uhaul_708021,708021,5x7,uhaul_e4222f7d601342448079f73f907a3ff9,count,13,14
2026-09-05,uhaul,uhaul_708066,708066,4x8,uhaul_8cdabca4c3904a96b85739343a71c715,count,3,2
2026-09-05,uhaul,uhaul_708066,708066,4x8,uhaul_4bd91f5a805547ec816093883975ad11,count,17,16
2026-09-05,uhaul,uhaul_708066,708066,3x3,uhaul_af76f57d3bf84c6ea4651241f70b1270,count,2,1
2026-09-05,uhaul,uhaul_708066,708066,4x7,uhaul_ea15721f8d8d48bba0277c69bb8afa45,count,2,3
2026-09-05,uhaul,uhaul_709022,709022,10x10,uhaul_54b63484dbb745399794404a6a118819,count,2,3
2026-09-05,uhaul,uhaul_709022,709022,5x10,uhaul_881315950f80421db2ee9130a094e03d,count,30,31
2026-09-05,uhaul,uhaul_709022,709022,10x10,uhaul_60ddfae498834a29b2971c870e234c62,count,19,21
2026-09-05,uhaul,uhaul_709022,709022,10x15,uhaul_491cd2e052244056a731a8ca6cf5644d,count,11,10
2026-09-05,uhaul,uhaul_709026,709026,5x10,uhaul_2e66967db25a4c70b14692f300300a2f,count,1,2
2026-09-05,uhaul,uhaul_709059,709059,5x15,uhaul_931c9b6140374287948bc407767fdb07,count,3,2
2026-09-05,uhaul,uhaul_709059,709059,10x15,uhaul_13a3cfbbd4d24a0190ee692942ca75d9,count,13,12
2026-09-05,uhaul,uhaul_709073,709073,5x5,uhaul_ec4ef35da43f4c0a8e15e3b67a6b67d8,count,2,1
2026-09-05,uhaul,uhaul_709073,709073,5x10,uhaul_8818b146481a453aba2f037f92b935be,count,68,69
2026-09-05,uhaul,uhaul_709073,709073,10x10,uhaul_e0364339db024d31af4695e5893bf7e8,count,13,12
2026-09-05,uhaul,uhaul_710021,710021,10x10,uhaul_d4ad1dc2cb2043f89862da49ae6b6bd7,count,12,9
2026-09-05,uhaul,uhaul_710021,710021,5x5,uhaul_c31e50ab7ed54469a6bc1582b8e9fd35,count,18,17
2026-09-05,uhaul,uhaul_710023,710023,5x10,uhaul_9825c10ef8b54b8282b696078573222a,count,1,2
2026-09-05,uhaul,uhaul_710023,710023,10x10,uhaul_067ee723d44a46b9b6efc9753bd5933d,count,2,4
2026-09-05,uhaul,uhaul_710069,710069,7.3x23.5,uhaul_56d756eb551449b9a57d67d3e7b43d30,count,2,1
2026-09-05,uhaul,uhaul_710072,710072,5x10,uhaul_5afcac8ebb51499998b9d8ff9549f1a0,count,8,7
2026-09-05,uhaul,uhaul_710075,710075,5x10,uhaul_a25e8cbc8d104e1280f3d77e9b7f5bc9,count,41,40
2026-09-05,uhaul,uhaul_710075,710075,10x10,uhaul_5b0ad2f11a4844c9a8229e18327b53a1,promo,,Free Lock
2026-09-05,uhaul,uhaul_710075,710075,10x10,uhaul_5b0ad2f11a4844c9a8229e18327b53a1,count,1,2
2026-09-05,uhaul,uhaul_710075,710075,10x15,uhaul_aac62d738fd04611aa9eecc04c5adec8,count,3,2
2026-09-05,uhaul,uhaul_710075,710075,10x15,uhaul_cebd5d25e2034f0f8d32b52cd8f560d3,count,13,12
2026-09-05,uhaul,uhaul_710078,710078,5x10,uhaul_088eb7f965184740923fdcbb5f0ab76d,count,68,66
2026-09-05,uhaul,uhaul_710078,710078,10x10,uhaul_763b193c69924cfc9faf941046b6e21d,count,38,37
2026-09-05,uhaul,uhaul_710083,710083,10x10,uhaul_5b84145381034381b3b5c9d627784e89,count,12,10
2026-09-05,uhaul,uhaul_710083,710083,10x20,uhaul_d7e5137ec0654c4e93ef601b3b36f134,count,7,6
2026-09-05,uhaul,uhaul_711026,711026,5x5,uhaul_a6a52a64da3d44fe8c70aa44e96badb1,count,11,10
2026-09-05,uhaul,uhaul_711080,711080,5x5,uhaul_f921f5f95e504f9cbe531e98d55bfa14,count,14,15
2026-09-05,uhaul,uhaul_711085,711085,5x10,uhaul_904d641b16324c699ca320bd32af8cff,count,3,2
2026-09-05,uhaul,uhaul_713025,713025,8x10,uhaul_ce65f9ec687f4e939da3383cc40f2f03,promo,Free Lock,
2026-09-05,uhaul,uhaul_713025,713025,8x10,uhaul_ce65f9ec687f4e939da3383cc40f2f03,count,2,1
2026-09-05,uhaul,uhaul_713026,713026,10x10,uhaul_ef57df5f7cba4c9ab52fc166b17f04ee,count,13,14
2026-09-05,uhaul,uhaul_713044,713044,5x10,uhaul_d86249336c8b4685a8a12ffffa0c414a,count,3,2
2026-09-05,uhaul,uhaul_713053,713053,10x10,uhaul_e674ccd4b55c46e18e27ee53cb498d5c,count,4,3
2026-09-05,uhaul,uhaul_713053,713053,10x10,uhaul_84d58e4135614608b8c8883aa977b0a6,count,3,4
2026-09-05,uhaul,uhaul_713059,713059,5x10,uhaul_cc78e9facff0479489b62ffec63c3f16,count,2,3
2026-09-05,uhaul,uhaul_714029,714029,5x5,uhaul_6b1fac547806483796d61ac8d485a4f3,count,3,2
2026-09-05,uhaul,uhaul_714042,714042,5x7,uhaul_14e91d8facd14cb6bd4a9e3cf5674813,promo,Free Lock,
2026-09-05,uhaul,uhaul_714062,714062,7x11,uhaul_d1cc883ed811484a91d881e6e1449bd3,promo,,Free Lock
2026-09-05,uhaul,uhaul_714062,714062,7.3x23.5,uhaul_f756d7315ec64d39abcb947879323161,promo,,Free Lock
2026-09-05,uhaul,uhaul_714071,714071,10x10,uhaul_7eeb52345c3c47089419968239589c65,count,6,5
2026-09-05,uhaul,uhaul_714071,714071,10x15,uhaul_7c68270a47644854af5a710e61b304a6,count,2,1
2026-09-05,uhaul,uhaul_714089,714089,5x10,uhaul_e60aa6d327e1464899308169f583896f,count,2,3
2026-09-05,uhaul,uhaul_715058,715058,5x10,uhaul_525dfd241e8e45368b4978518875fc4c,count,3,2
2026-09-05,uhaul,uhaul_715071,715071,5x8,uhaul_6d8419330737447895ff52e1b1c3eae6,count,6,8
2026-09-05,uhaul,uhaul_715080,715080,5x10,uhaul_95ec7e2e1d674d67926c9f6cdc6a5ddc,promo,,Free Lock
2026-09-05,uhaul,uhaul_715087,715087,5x7,uhaul_b74af2b002804024b23d13818bfb9c6b,count,13,14
2026-09-05,uhaul,uhaul_715087,715087,10x10,uhaul_0fa191ac229f4a519b03801ab78ee16b,count,6,5
2026-09-05,uhaul,uhaul_716025,716025,5x10,uhaul_271a7fd03e694c109ec700597b24cbd6,count,9,8
2026-09-05,uhaul,uhaul_716036,716036,10x10,uhaul_4696dd4aca5b47f99fb24c025eebbb10,count,5,4
2026-09-05,uhaul,uhaul_716036,716036,20x10,uhaul_d3608acc2b7f42bebe6002bf314d82d7,count,11,10
2026-09-05,uhaul,uhaul_716036,716036,20x12,uhaul_8fb65b5bc1254261a98958d30f88a250,count,2,1
2026-09-05,uhaul,uhaul_716036,716036,7.3x23.5,uhaul_c81b333558474cc8af3f05989c3945be,count,51,50
2026-09-05,uhaul,uhaul_716058,716058,4x4,uhaul_a4268f2a42fc477599876c77b4e77222,count,2,3
2026-09-05,uhaul,uhaul_716059,716059,4x8,uhaul_cc1f013b9b044c1d82efe5bf3d429550,count,9,8
2026-09-05,uhaul,uhaul_716071,716071,8x10,uhaul_e008a720c0cb4b8185b5cc2335cd6e02,count,4,3
2026-09-05,uhaul,uhaul_716071,716071,7x11,uhaul_2cff24010848470ab9536de2233dec37,count,3,2
2026-09-05,uhaul,uhaul_716072,716072,5x5,uhaul_fc729faf0df74c15a724d0aceab0b4fa,count,9,8
2026-09-05,uhaul,uhaul_716074,716074,5x5,uhaul_1a0cddee68bf42cf951895efb09aca3a,count,5,3
2026-09-05,uhaul,uhaul_717028,717028,5x10,uhaul_546e9b715f4942858db977be6f43a474,count,23,21
2026-09-05,uhaul,uhaul_717028,717028,10x10,uhaul_3e0fa47c52ac461a9264b3ffe7e6de29,count,8,9
2026-09-05,uhaul,uhaul_717068,717068,4x5,uhaul_4259cebc333343fab022791424c9f83c,count,9,10
2026-09-05,uhaul,uhaul_717068,717068,4x4,uhaul_cd21e2ea62d746cba5fe06ec617d3635,count,7,8
2026-09-05,uhaul,uhaul_717070,717070,4x8,uhaul_98e1edb5812b4e338fc6a9d423b45a62,count,7,6
2026-09-05,uhaul,uhaul_718051,718051,7x20,uhaul_25ec9d51cbee465c8a46eff2759fa967,count,2,1
2026-09-05,uhaul,uhaul_718053,718053,5x10,uhaul_5857547396444b3ebcb9f94e450d207d,count,5,4
2026-09-05,uhaul,uhaul_718053,718053,10x15,uhaul_7b71436e327a468cadf4927ae04cd2af,count,13,12
2026-09-05,uhaul,uhaul_718054,718054,8x10,uhaul_eb440e92ae2f46b2afef19112bbb6cdb,count,3,4
2026-09-05,uhaul,uhaul_718054,718054,7.3x23.5,uhaul_49ec7e4f03c947e88984982fad1494c0,count,34,35
2026-09-05,uhaul,uhaul_718055,718055,3x5,uhaul_e8e6f793732b464ba526e1bc6e0e4bdd,count,2,1
2026-09-05,uhaul,uhaul_718055,718055,4x10,uhaul_939e4eb4989049a6aabde460c67495de,promo,,Free Lock
2026-09-05,uhaul,uhaul_718055,718055,9x14,uhaul_b479b7ddbdc14f5995a253bed1658fc9,promo,,Free Lock
2026-09-05,uhaul,uhaul_718071,718071,5x5,uhaul_cedbc6fd6937499fa33ac0732a04ef4d,count,6,5
2026-09-05,uhaul,uhaul_718071,718071,10x10,uhaul_628e9b72e58c47b9a9ee63584460c5fc,count,1,2
2026-09-05,uhaul,uhaul_718071,718071,10x10,uhaul_947cfb3dacef4eb5bf7a48048ebb46f3,count,15,16
2026-09-05,uhaul,uhaul_718072,718072,5x5,uhaul_f39c0d09885848b186a967985594d19e,count,49,50
2026-09-05,uhaul,uhaul_718072,718072,10x10,uhaul_c331aa0b7e454f2580fd759b162922c6,count,15,14
2026-09-05,uhaul,uhaul_718072,718072,10x10,uhaul_8087bf6e061941b08a49d9f06be0fe83,count,17,16
2026-09-05,uhaul,uhaul_718072,718072,10x15,uhaul_b3cb4dd46fee4576836c50be96da5103,count,6,5
2026-09-05,uhaul,uhaul_718073,718073,5x5,uhaul_2f6f94f2ced541d9b8698011e855571d,count,3,2
2026-09-05,uhaul,uhaul_718073,718073,5x10,uhaul_b7d9f0e47a7646e98fc7ea20924fef40,count,15,17
2026-09-05,uhaul,uhaul_718074,718074,5x10,uhaul_48d66c5140c34b4e9634b535c61aaa56,count,19,18
2026-09-05,uhaul,uhaul_718074,718074,10x10,uhaul_db3ae15cb0da4083877d16826e53ac9c,count,19,20
2026-09-05,uhaul,uhaul_718075,718075,5x10,uhaul_f353d4020c5845f1aed8dbea1e977669,count,14,13
2026-09-05,uhaul,uhaul_718075,718075,10x20,uhaul_0b5453054cf24b1aa532104924b9f7ef,count,13,12
2026-09-05,uhaul,uhaul_718077,718077,10x10,uhaul_8b343fbca6214c10a11f0345550c2007,count,10,12
2026-09-05,uhaul,uhaul_718078,718078,10x10,uhaul_449e8a0357974f8f9752e67e2afd1fc9,count,10,9
2026-09-05,uhaul,uhaul_718081,718081,5x10,uhaul_efe6a0dab8b549538361793c41954eef,count,2,4
2026-09-05,uhaul,uhaul_718081,718081,10x10,uhaul_ecdebe7531ae47f68044b2229e0ed461,count,79,80
2026-09-05,uhaul,uhaul_718081,718081,10x20,uhaul_ecdca962f8b84418803ac95c632cfca5,count,14,15
2026-09-05,uhaul,uhaul_719029,719029,5x5,uhaul_a2846210d17b4b9e989101bc3f1d78be,count,5,7
2026-09-05,uhaul,uhaul_719029,719029,5x10,uhaul_03059b2da1674738bba9b604a43cacc7,count,10,9
2026-09-05,uhaul,uhaul_719029,719029,5x10,uhaul_d91d5a8e643242508a0dd99496c10f40,count,4,3
2026-09-05,uhaul,uhaul_719029,719029,10x10,uhaul_c4d0c93b05ee4c52a8e32de3ac34cacb,count,4,5
2026-09-05,uhaul,uhaul_719029,719029,10x20,uhaul_1d2c859e15a044f580300b132e62a24e,promo,Free Lock,
2026-09-05,uhaul,uhaul_719054,719054,5x5,uhaul_507dd0408eec41b1a8229d28a2051fb2,count,19,18
2026-09-05,uhaul,uhaul_719067,719067,5x10,uhaul_8f77a190d3c742fa977f2d0a7d0c19b4,count,3,2
2026-09-05,uhaul,uhaul_719067,719067,10x10,uhaul_cfb0823b259d48fb936b43cdb96f142d,count,5,4
2026-09-05,uhaul,uhaul_719067,719067,5x10,uhaul_3d7e5476dc8f430eb956e781547eec7f,count,4,6
2026-09-05,uhaul,uhaul_719074,719074,5x5,uhaul_188d92ec37044508a12684dcda01fe97,count,3,4
2026-09-05,uhaul,uhaul_719074,719074,5x5,uhaul_f000c61c23644e4ea3913df2ffc07acb,count,4,5
2026-09-05,uhaul,uhaul_719074,719074,10x5,uhaul_eba043e5a4cb412189104f203ea1f17c,count,4,5
2026-09-05,uhaul,uhaul_719074,719074,5x10,uhaul_c519059c954d43ee80781ab245337542,count,5,6
2026-09-05,uhaul,uhaul_719074,719074,10x5,uhaul_5f48e5e8de4c42679573b4186a7f7df9,count,5,6
2026-09-05,uhaul,uhaul_719074,719074,10x7.5,uhaul_38d4f230eb7e40879936bf55d0e3d4f0,count,2,3
2026-09-05,uhaul,uhaul_719074,719074,10x20,uhaul_0736147285f94203a90e4d77162753cf,count,5,6
2026-09-05,uhaul,uhaul_719076,719076,5x5,uhaul_b749ea38651148e8842280fd3401f2e9,count,7,8
2026-09-05,uhaul,uhaul_719076,719076,5x8,uhaul_3a4ff02c5c1744aa99ec7c67b67e2472,count,1,2
2026-09-05,uhaul,uhaul_719076,719076,5x10,uhaul_bd68607a894b4568b22404415db3612f,count,7,10
2026-09-05,uhaul,uhaul_719076,719076,5x10,uhaul_3eeb027274c344e183c936cf94766636,count,63,64
2026-09-05,uhaul,uhaul_719076,719076,10x10,uhaul_80ff044da6fc47528e9cdd197660cb3b,count,13,17
2026-09-05,uhaul,uhaul_719076,719076,10x15,uhaul_e8f67874b9694f3ab95e7bca04dbeaea,count,9,10
2026-09-05,uhaul,uhaul_720053,720053,4x8,uhaul_ece727ca10c24cddbe74fa8d17051658,count,24,25
2026-09-05,uhaul,uhaul_720059,720059,10x10,uhaul_77951af14a0b4a509cbbe847e02c2127,count,3,2
2026-09-05,uhaul,uhaul_720067,720067,5x5,uhaul_0f617b37647d44268e8399cade644933,count,19,18
2026-09-05,uhaul,uhaul_720067,720067,5x10,uhaul_39c101eb7df24151b4d552a75a4a6e5a,count,53,52
2026-09-05,uhaul,uhaul_720067,720067,10x10,uhaul_8fc8bd7abbf34230bd7afd98a125e4cf,count,18,17
2026-09-05,uhaul,uhaul_720067,720067,10x15,uhaul_6ef8ed5da1a34425afa215d1bea46ef0,count,8,5
2026-09-05,uhaul,uhaul_720072,720072,5x5,uhaul_ac8b932afe7f4a28afb302e0f49610cf,count,44,43
2026-09-05,uhaul,uhaul_720072,720072,5x10,uhaul_a17d0690ac294ae99ed6be814dc9f822,count,49,50
2026-09-05,uhaul,uhaul_720077,720077,5x5,uhaul_7ca19b5aaae34bc287e0dda6d959154f,count,9,10
2026-09-05,uhaul,uhaul_720077,720077,5x10,uhaul_e4af11f21fd94f8fa4adf6964f2061ae,count,4,2
2026-09-05,uhaul,uhaul_720082,720082,10x15,uhaul_767e082b48aa49dea40aef003180948e,count,1,2
2026-09-05,uhaul,uhaul_721030,721030,10x10,uhaul_c6131b1d609140888c86f2ef3e3677f7,count,41,40
2026-09-05,uhaul,uhaul_721030,721030,10x25,uhaul_ddff786bf46f4c71ac62b7bd9ef7e63c,count,6,5
2026-09-05,uhaul,uhaul_721037,721037,5x5,uhaul_31dab872a39c43ca97ff6c706bb15a92,count,6,7
2026-09-05,uhaul,uhaul_721037,721037,5x10,uhaul_eeb657c614d64c9791118551379f7229,count,6,5
2026-09-05,uhaul,uhaul_721037,721037,10x10,uhaul_1ac1e7c6c76945c5af5582c88b552bd5,count,15,18
2026-09-05,uhaul,uhaul_721037,721037,7.3x23.5,uhaul_8d49029854c740a3a3cb15be22b82cef,count,12,11
2026-09-05,uhaul,uhaul_721041,721041,5x5,uhaul_4140cc55fddb4d7a9d5dd5536e94146d,count,15,14
2026-09-05,uhaul,uhaul_721041,721041,5x10,uhaul_7efb938831474f4ab523d2e0ef3d0830,count,12,11
2026-09-05,uhaul,uhaul_721041,721041,10x10,uhaul_4b4f96e053fa4045a7ddb0f1a1232b92,count,24,23
2026-09-05,uhaul,uhaul_721056,721056,5x5,uhaul_3e19fe67786e4398ba98b6f798b9d4d3,count,21,20
2026-09-05,uhaul,uhaul_721056,721056,5x10,uhaul_289559d5dc0a4b9b8028fa69a254dd81,count,40,39
2026-09-05,uhaul,uhaul_721058,721058,10x14,uhaul_e54d0187dc4c423788701e84c5adfb8f,count,7,9
2026-09-05,uhaul,uhaul_721064,721064,5x10,uhaul_2baed060a00944e3b369667766d17edc,count,4,5
2026-09-05,uhaul,uhaul_721071,721071,5x5,uhaul_8dfd8e76faf842fbbbfcd9a3ce64d1a3,count,7,11
2026-09-05,uhaul,uhaul_721071,721071,5x10,uhaul_a0ddda9eba424b7db593b50b5331100d,count,19,22
2026-09-05,uhaul,uhaul_721071,721071,8x10,uhaul_2953c2bce6e243218a38d2ff6d8d17f7,count,3,6
2026-09-05,uhaul,uhaul_721071,721071,10x10,uhaul_ecd91ce23eab4cf9ad9160c13513b43f,count,9,11
2026-09-05,uhaul,uhaul_721071,721071,5x10,uhaul_330cbd52b5cb450ca567fd9e49b4b11d,count,9,10
2026-09-05,uhaul,uhaul_721073,721073,5x5,uhaul_c4b2ae5494704fe793e47fbad6c19838,count,4,6
2026-09-05,uhaul,uhaul_721073,721073,5x10,uhaul_c195648707e6439685200070eddea9de,count,2,3
2026-09-05,uhaul,uhaul_721084,721084,5x10,uhaul_427c336d353c4966b6e70a519c40769b,count,24,26
2026-09-05,uhaul,uhaul_721084,721084,10x15,uhaul_3f3ebaf8ecb144c5be816e11aa3511b7,count,43,44
2026-09-05,uhaul,uhaul_722029,722029,5x5,uhaul_34025c5761704984b7b7b40f69e5c50e,count,6,5
2026-09-05,uhaul,uhaul_722029,722029,5x10,uhaul_520fa074549b4c8fa308b3c48018bcab,count,10,11
2026-09-05,uhaul,uhaul_722029,722029,10x10,uhaul_f736ee333cba45a59512c3dabdd9a4c8,count,6,9
2026-09-05,uhaul,uhaul_722029,722029,10x10,uhaul_a74ba4fe2d414ee5bcfdf74cd34f4943,count,4,3
2026-09-05,uhaul,uhaul_722029,722029,5x5,uhaul_10c2592846b14da69eeb5d52879039f3,promo,Free Lock,
2026-09-05,uhaul,uhaul_722043,722043,5x5,uhaul_20b3d50156254b22bd4e933ed56d3437,count,6,5
2026-09-05,uhaul,uhaul_722043,722043,5x10,uhaul_099dd8193a5e48ac8d41baa1eb6b1fc6,count,7,6
2026-09-05,uhaul,uhaul_722075,722075,5x5,uhaul_433fa1fc9da24cd5baf8f199cc6da544,count,9,8
2026-09-05,uhaul,uhaul_722075,722075,5x10,uhaul_fd297e832d8c42ae8799d954af78f2dc,count,10,9
2026-09-05,uhaul,uhaul_722075,722075,5x10,uhaul_063bf23fc6bc4183af5a925f5cd22b71,count,40,41
2026-09-05,uhaul,uhaul_722075,722075,10x15,uhaul_56c2f3a1380e4c8d882d80a33f1469cb,count,5,6
2026-09-05,uhaul,uhaul_722075,722075,10x10,uhaul_9e5ac5627efa4853bf21fb3dbd820747,count,9,7
2026-09-05,uhaul,uhaul_722075,722075,10x20,uhaul_5cde924ea6e94d4fb814ec8c2ea34f4d,count,2,3
2026-09-05,uhaul,uhaul_722084,722084,10x15,uhaul_7da31f10d3cd4a95886e8618caabb023,count,16,15
2026-09-05,uhaul,uhaul_722084,722084,12x25,uhaul_578ceb32da554f9598806266b3e3303a,promo,Free Lock,
2026-09-05,uhaul,uhaul_722084,722084,12x25,uhaul_578ceb32da554f9598806266b3e3303a,count,2,1
2026-09-05,uhaul,uhaul_723056,723056,5x10,uhaul_01989e1133854b48ac77af643d689864,count,9,10
2026-09-05,uhaul,uhaul_723056,723056,10x10,uhaul_4260623017fd49ae93730431e1aa26f9,count,6,5
2026-09-05,uhaul,uhaul_723058,723058,5x10,uhaul_8790c3eac04249cebd15acdc1e11dc8f,count,20,19
2026-09-05,uhaul,uhaul_723061,723061,5x5,uhaul_6b668ffc27c3425e9c4d72f423e6bd89,count,17,26
2026-09-05,uhaul,uhaul_723061,723061,5x10,uhaul_bc15467e2fb24e5087bc81541e7d064d,count,9,12
2026-09-05,uhaul,uhaul_723066,723066,5x10,uhaul_c8df33225c244efab03924c12563dc13,count,14,13
2026-09-05,uhaul,uhaul_723066,723066,10x10,uhaul_82a90a3291644aedbcd9628c30dfb529,count,43,44
2026-09-05,uhaul,uhaul_723073,723073,10x5,uhaul_2b66ba04ac9b4c3b805f9fe558134f0c,count,2,4
2026-09-05,uhaul,uhaul_723073,723073,10x10,uhaul_1a3fd0dfc26a40d18963073c1d550694,count,11,10
2026-09-05,uhaul,uhaul_723074,723074,10x10,uhaul_95364993bd1b482bbd2135adbba940db,count,1,2
2026-09-05,uhaul,uhaul_723076,723076,5x5,uhaul_a2455d906cec40e1bce0c3019586c36f,count,8,9
2026-09-05,uhaul,uhaul_723076,723076,10x10,uhaul_f4c19b40a3584f06b3c59eeb43a0d2b0,count,2,1
2026-09-05,uhaul,uhaul_723076,723076,10x15,uhaul_266387b2fe314410932503fac931cdd0,count,6,5
2026-09-05,uhaul,uhaul_723076,723076,12x35,uhaul_8af142797e844ec1803271f06f67f77f,count,5,4
2026-09-05,uhaul,uhaul_723076,723076,12x40,uhaul_dcf4e071e286474ca1b345895cfa802d,count,11,12
2026-09-05,uhaul,uhaul_724026,724026,5x5,uhaul_079c4f02c74e4c079fb1a6977f5294e5,count,3,2
2026-09-05,uhaul,uhaul_724026,724026,5x8,uhaul_856b4dd55f194fb4aaa610f958fc4213,count,1,2
2026-09-05,uhaul,uhaul_724030,724030,10x10,uhaul_b91e2b4b39154601aafff50c4254d8ca,count,6,4
2026-09-05,uhaul,uhaul_724030,724030,5x10,uhaul_9ec0cb84e8994b05ae0fd0d13cf4e8c9,count,20,19
2026-09-05,uhaul,uhaul_724051,724051,10x10,uhaul_3d81c5ec6e4c4567bc1c9a42cbfcd145,count,4,3
2026-09-05,uhaul,uhaul_724072,724072,5x10,uhaul_f46ae489d77b48719c080bfc43ea626e,count,22,23
2026-09-05,uhaul,uhaul_724072,724072,5x10,uhaul_270b72d3bf5146b6b8072ad0b615c305,count,3,4
2026-09-05,uhaul,uhaul_724072,724072,10x10,uhaul_8393b0b1fc2147d29b2b903c577f4b9e,count,2,3
2026-09-05,uhaul,uhaul_724072,724072,10x10,uhaul_3bbeb4c73dd6401b87b134a2ced8068c,count,2,3
2026-09-05,uhaul,uhaul_724074,724074,10x15,uhaul_a0fe1c9e87164124b0435e16ae22f707,count,6,5
2026-09-05,uhaul,uhaul_724077,724077,5x10,uhaul_c9c9c3729a7c458f95ab6cb56a2aad1f,count,4,5
2026-09-05,uhaul,uhaul_724077,724077,5x10,uhaul_6e03fffb74cf4dad93c087d0af74015a,count,40,41
2026-09-05,uhaul,uhaul_724077,724077,10x10,uhaul_909dd88313c84cafb7add29e7ac127d7,count,7,8
2026-09-05,uhaul,uhaul_724077,724077,10x20,uhaul_ef5df233865540c6ae733627d6a1207d,count,1,2
2026-09-05,uhaul,uhaul_724079,724079,5x5,uhaul_db665e8814ce4043bf12babc71c8b520,promo,,Free Lock
2026-09-05,uhaul,uhaul_724079,724079,10x8,uhaul_c7e0180aaa134842adb636aee12df873,count,8,7
2026-09-05,uhaul,uhaul_724079,724079,10x12,uhaul_43126c8e5af9423ea916cc26b10a4e6c,promo,,Free Lock
2026-09-05,uhaul,uhaul_724079,724079,10x15,uhaul_adfdb42a794b4f4ca7f92d3f95327922,promo,,Free Lock
2026-09-05,uhaul,uhaul_724080,724080,10x10,uhaul_3a555c6161fc4e71a1b3737853a093f0,count,7,6
2026-09-05,uhaul,uhaul_724080,724080,10x10,uhaul_a9e0e090c3bb43afb69ab9fe8ba23a6a,count,14,11
2026-09-05,uhaul,uhaul_725027,725027,10x10,uhaul_5402c0bb95c04f54897eb7eb43bbe235,count,6,5
2026-09-05,uhaul,uhaul_725027,725027,10x10,uhaul_0f6c6cd6b61e4ed0ac8b416f6c5cffd1,count,7,6
2026-09-05,uhaul,uhaul_725030,725030,5x10,uhaul_bf77eb905af44b308a19f1ae954976c3,count,16,17
2026-09-05,uhaul,uhaul_725030,725030,10x10,uhaul_c27f70f7371544d684187b7d461de0f6,count,4,3
2026-09-05,uhaul,uhaul_725037,725037,10x15,uhaul_09fe8c3012364c5389fd939f0cfca66e,count,8,7
2026-09-05,uhaul,uhaul_725037,725037,10x20,uhaul_e2a4222277b847b4ae33809aaa22b6ad,count,13,12
2026-09-05,uhaul,uhaul_725041,725041,5x5,uhaul_ac0e7024c26e48b6a9403bf8468da573,promo,,Free Lock
2026-09-05,uhaul,uhaul_725041,725041,5x10,uhaul_a5fc7b5b741f4dc8afac3f1fa82ec46b,promo,,Free Lock
2026-09-05,uhaul,uhaul_725041,725041,5x10,uhaul_79d573b69895477eadd393ee74e8f7c9,count,4,8
2026-09-05,uhaul,uhaul_725049,725049,5x5,uhaul_a3fd79703b714f49bada2fbed0bee47e,count,5,3
2026-09-05,uhaul,uhaul_725049,725049,5x4,uhaul_4c16e486ee694fd0b1458e9bba7358fa,promo,,Free Lock
2026-09-05,uhaul,uhaul_725049,725049,5x5,uhaul_7f885fa284564c72bcc47b42780b9e25,count,9,8
2026-09-05,uhaul,uhaul_725049,725049,5x8,uhaul_c30d3a8abfa54bcdb34e52de299a42f6,count,2,4
2026-09-05,uhaul,uhaul_725049,725049,5x5,uhaul_0cebc3c1db154cc3a650cdb2aa4fb438,count,2,1
2026-09-05,uhaul,uhaul_725050,725050,10x10,uhaul_ee3e655007154cdda06dc29605fa0ebe,promo,Free Lock,
2026-09-05,uhaul,uhaul_725071,725071,5x5,uhaul_025d0379694741ec8b1d4392881cacb5,count,11,12
2026-09-05,uhaul,uhaul_725071,725071,5x10,uhaul_e6f9ff419c514d91a5e03a43da0f67fc,count,12,13
2026-09-05,uhaul,uhaul_725071,725071,5x10,uhaul_b965e9f853aa48eaa5064c29dba6c164,count,7,8
2026-09-05,uhaul,uhaul_725072,725072,5x10,uhaul_cbc7761f50284ca4ab37a3ce5e6d02d6,count,13,14
2026-09-05,uhaul,uhaul_725073,725073,10x10,uhaul_78636b809e56407b80263c4349514f84,count,3,2
2026-09-05,uhaul,uhaul_725073,725073,10x15,uhaul_d0a0a247bada4b7791c86970e03cf880,count,18,17
2026-09-05,uhaul,uhaul_725074,725074,5x5,uhaul_056aebd0fba44490a83c2d0b671c952c,count,13,12
2026-09-05,uhaul,uhaul_725074,725074,5x10,uhaul_15f95716eb8b4061a56c411f47433a49,count,17,14
2026-09-05,uhaul,uhaul_725074,725074,10x15,uhaul_1087bccdaa004aa089f4cf9f5c24cbb2,count,4,5
2026-09-05,uhaul,uhaul_725074,725074,10x10,uhaul_de07954cf8b243b48098eaff1d9c9320,count,52,53
2026-09-05,uhaul,uhaul_725075,725075,5x5,uhaul_e53ae8ce22924b0dbbf7ea43d8d689c8,count,8,9
2026-09-05,uhaul,uhaul_725075,725075,10x5,uhaul_808f7fe48eab4f92a9a24bd63de5eb60,count,3,4
2026-09-05,uhaul,uhaul_725076,725076,5x5,uhaul_b9fa2c4ac4ea414d9af47c1aea37471e,count,3,4
2026-09-05,uhaul,uhaul_725076,725076,5x10,uhaul_4bf4551b81c2461a857287ddc8aa25cb,count,49,50
2026-09-05,uhaul,uhaul_725076,725076,5x10,uhaul_be779647a33146ebbb71cf2fa7415e34,count,7,6
2026-09-05,uhaul,uhaul_725076,725076,10x7,uhaul_049ec46971c04206b82b78a0d0ff26c3,count,2,3
2026-09-05,uhaul,uhaul_725076,725076,10x10,uhaul_2b06bae9faa343468f3c8012aeff9281,count,13,12
2026-09-05,uhaul,uhaul_725077,725077,5x5,uhaul_4edf24af95bd4cd9b2b8c7caed713175,count,4,3
2026-09-05,uhaul,uhaul_726031,726031,5x5,uhaul_5c1275c387914f879e0b058f6f4390f9,count,26,25
2026-09-05,uhaul,uhaul_726031,726031,10x10,uhaul_645fe47d41ca432db465a7a7995e88a1,count,33,32
2026-09-05,uhaul,uhaul_726051,726051,5x10,uhaul_529de4cdb7a84c5b970e3832262e054a,count,3,2
2026-09-05,uhaul,uhaul_726051,726051,10x10,uhaul_08856439d4204315806e7327cb6dc3fc,count,2,3
2026-09-05,uhaul,uhaul_726051,726051,10x10,uhaul_9177fdbad82744f0af2363547a54757d,count,2,1
2026-09-05,uhaul,uhaul_726065,726065,5x10,uhaul_49c907daec9d42669805eded8e0caa1b,count,17,16
2026-09-05,uhaul,uhaul_726065,726065,10x10,uhaul_2b3284fc21ac49ea8c3fdfb9b7b2b479,count,1,2
2026-09-05,uhaul,uhaul_726072,726072,5x5,uhaul_18ef1d21809e4d40b3d0c87dc508572c,count,2,4
2026-09-05,uhaul,uhaul_726072,726072,5x5,uhaul_07233ff7913b42f98f0f713670c3c8b7,count,22,23
2026-09-05,uhaul,uhaul_726072,726072,5x10,uhaul_079446faac0a4195aaa99832fb8780ce,count,5,2
2026-09-05,uhaul,uhaul_726072,726072,5x10,uhaul_582acc7ad7d946fd857943591827c78b,count,13,12
2026-09-05,uhaul,uhaul_726072,726072,10x30,uhaul_70aa99025a544bcc813d5d99e1d69604,count,2,1
2026-09-05,uhaul,uhaul_726073,726073,5x5,uhaul_472ad73f09f54374996f710f62e481d6,count,33,34
2026-09-05,uhaul,uhaul_726073,726073,5x10,uhaul_9f4feff4126e4a118ecc593b7c44f81a,count,17,16
2026-09-05,uhaul,uhaul_726074,726074,5x5,uhaul_23c671f3281a4af492dc4a5468d24bab,count,3,4
2026-09-05,uhaul,uhaul_726074,726074,5x10,uhaul_8fc0d9e6247f4c0ba704a1705568a7bc,promo,,Free Lock
2026-09-05,uhaul,uhaul_726074,726074,8x10,uhaul_a2ab32674f464d66931002e7a00b2ca3,promo,,Free Lock
2026-09-05,uhaul,uhaul_726074,726074,10x10,uhaul_6baeda5515ac402d934dd9ffd099aaf4,count,10,11
2026-09-05,uhaul,uhaul_726074,726074,10x10,uhaul_2d643431fbb9487bacfb4d8cfdcbc613,promo,,Free Lock
2026-09-05,uhaul,uhaul_726075,726075,5x5,uhaul_2cc81ce1dd4e42cb8ea58386c4d42484,count,5,6
2026-09-05,uhaul,uhaul_726075,726075,5x10,uhaul_72ec5217edc6449e9606dcb98dc72604,count,2,1
2026-09-05,uhaul,uhaul_726078,726078,5x5,uhaul_e1c8fd61791d43d18151622636dc8b2c,count,1,2
2026-09-05,uhaul,uhaul_726078,726078,5x12,uhaul_96ba483d38034757a748547e64979199,count,1,2
2026-09-05,uhaul,uhaul_726080,726080,5x5,uhaul_ca8f6d35b29e4640ad22768b87d64900,count,11,12
2026-09-05,uhaul,uhaul_726080,726080,5x10,uhaul_6d74c1d0076e44f0a1e2ef497af7b6c5,count,3,4
2026-09-05,uhaul,uhaul_726080,726080,5x10,uhaul_6669914d64e84ff5a9b6806539de2abb,count,23,24
2026-09-05,uhaul,uhaul_726080,726080,5x10,uhaul_abe65ec09b1f4e9ca0e854b9a0445fb8,count,4,6
2026-09-05,uhaul,uhaul_726080,726080,10x10,uhaul_c69a7b9d0aa2453b857cb52d75775eb3,count,1,3
2026-09-05,uhaul,uhaul_726080,726080,10x10,uhaul_888f5411d23f48aa8d539eecbae9e860,count,14,16
2026-09-05,uhaul,uhaul_726081,726081,10x10,uhaul_4fef6801f785420da3e689b36508fedf,count,54,55
2026-09-05,uhaul,uhaul_726082,726082,5x5,uhaul_9a132a3acdd949e4bafda599e8db6c69,count,1,2
2026-09-05,uhaul,uhaul_726082,726082,5x10,uhaul_1c72d8c6ea564f1e969212b5b716ee4e,count,1,2
2026-09-05,uhaul,uhaul_726082,726082,10x10,uhaul_fa1dc7ca68d740df993d885335cf296e,count,2,1
2026-09-05,uhaul,uhaul_729023,729023,5x5,uhaul_e3279e318d414062babd13c654d41b3e,count,23,22
2026-09-05,uhaul,uhaul_729027,729027,5x10,uhaul_a0c68b2aca1e44f790da3399e86b9b43,count,18,20
2026-09-05,uhaul,uhaul_729033,729033,5x5,uhaul_c1677ac9675d43ceac01a6dc5b981b76,count,70,71
2026-09-05,uhaul,uhaul_729033,729033,10x5,uhaul_d6a77e4742ce44c69301c8c0160ad3ef,promo,,Free Lock
2026-09-05,uhaul,uhaul_729033,729033,5x10,uhaul_d35e438a0e8a4aee9fb8f74f0225e436,count,2,3
2026-09-05,uhaul,uhaul_729033,729033,10x10,uhaul_07b9b3704a9a49a3ab11a38d4beda2d0,promo,,Free Lock
2026-09-05,uhaul,uhaul_729033,729033,10x15,uhaul_1a60e600ae53422bb19b7d8149c40c2b,count,8,9
2026-09-05,uhaul,uhaul_729063,729063,8x10,uhaul_d88bbc237093468fb90e58edc9602304,count,3,2
2026-09-05,uhaul,uhaul_729063,729063,12x20,uhaul_72c23ef9a58a425ea91fede1e1eb1260,count,10,9
2026-09-05,uhaul,uhaul_729063,729063,15x50,uhaul_30fb7e550967451f99caf2d7010833d2,count,2,1
2026-09-05,uhaul,uhaul_729066,729066,10x10,uhaul_4857b30548f74168b14f5ac0ea1ba2b2,count,10,8
2026-09-05,uhaul,uhaul_729072,729072,5x5,uhaul_e4ac318200c7496ebcadec6c7a16e022,count,3,4
2026-09-05,uhaul,uhaul_729073,729073,5x10,uhaul_a85241568ea54607aa24c4e854fa054a,count,3,2
2026-09-05,uhaul,uhaul_729073,729073,10x15,uhaul_da69e107d1454c8c8c3b97bee63f5732,count,4,3
2026-09-05,uhaul,uhaul_729073,729073,10x20,uhaul_eb8684cd2df948c8810fa615ca30002d,count,2,1
2026-09-05,uhaul,uhaul_729074,729074,10x10,uhaul_0438fa42526a4fec8183884704d917a6,count,25,24
2026-09-05,uhaul,uhaul_729075,729075,5x12,uhaul_65ae3627b10248e98e9238dc535c64e5,count,4,3
2026-09-05,uhaul,uhaul_729076,729076,10x15,uhaul_5715537812bb4d4bb55be626cb7fc0aa,count,13,14
2026-09-05,uhaul,uhaul_729083,729083,10x7,uhaul_1220c928a8a1452e867973f884d8066d,count,6,7
2026-09-05,uhaul,uhaul_729083,729083,10x9,uhaul_3c98cec8f9b44ebaaa335c81b0124102,count,1,2
2026-09-05,uhaul,uhaul_729083,729083,10x10,uhaul_9eb8bb6e1224498ba6579322cc49454d,count,4,2
2026-09-05,uhaul,uhaul_729085,729085,5x5,uhaul_1cbe1efd77c6406484b9213a745e6cfe,count,3,2
2026-09-05,uhaul,uhaul_729085,729085,10x5,uhaul_2d97a9d1dbe54a36aee8bb6b3a07c110,count,5,4
2026-09-05,uhaul,uhaul_729085,729085,10x5,uhaul_3e2f7839f9cb48898d4964f6f8bd5b85,count,4,5
2026-09-05,uhaul,uhaul_729085,729085,10x15,uhaul_bfde4e27b00d4fc5ba6a3c626dd47e37,count,8,6
2026-09-05,uhaul,uhaul_730051,730051,10x10,uhaul_c187165f4a204996abbb3f9ffb68bb15,count,11,12
2026-09-05,uhaul,uhaul_730051,730051,7.3x23.5,uhaul_bf7b4e439ae7408982730b9943a8617a,count,4,5
2026-09-05,uhaul,uhaul_730052,730052,5x10,uhaul_194c26adecbc4f63a746781c5f9eb6f7,count,4,3
2026-09-05,uhaul,uhaul_730056,730056,10x10,uhaul_8375f097e21d45ac9a4d781902d81789,count,4,5
2026-09-05,uhaul,uhaul_730056,730056,5x10,uhaul_53844c00679644feac63eb776cca96cc,count,5,4
2026-09-05,uhaul,uhaul_730067,730067,5x5,uhaul_5bf3cfdb15a94d3eb472d2f346c79200,count,4,3
2026-09-05,uhaul,uhaul_730071,730071,10x10,uhaul_973cfe717e6d4f1b84d058ebc3ce6db4,count,9,10
2026-09-05,uhaul,uhaul_730071,730071,10x20,uhaul_2058912896a44b55aedbf1bb37c6fd56,count,10,9
2026-09-05,uhaul,uhaul_730071,730071,5x5,uhaul_92bff5b195594633a2ff833925561dba,count,13,12
2026-09-05,uhaul,uhaul_730071,730071,5x10,uhaul_9d303fdd01174e58ad633bed5a458ae1,count,14,15
2026-09-05,uhaul,uhaul_730072,730072,5x10,uhaul_d86725537902466d811f65f62de293f6,count,12,13
2026-09-05,uhaul,uhaul_730073,730073,5x5,uhaul_784382356ce849f6bf03e82bc1c9c61e,count,5,6
2026-09-05,uhaul,uhaul_730073,730073,5x10,uhaul_5a68c6d42cd44314bad5ac1e3d7c0af4,count,3,4
2026-09-05,uhaul,uhaul_731029,731029,10x10,uhaul_5ab7e43562bc4c43b5517589c04ef0b7,count,5,4
2026-09-05,uhaul,uhaul_731038,731038,5x5,uhaul_4f8bdd8b6a4b408e9e2a9ed34bb7b060,count,4,5
2026-09-05,uhaul,uhaul_731038,731038,5x10,uhaul_94da5788281c40c696398413caa6ab9a,count,16,15
2026-09-05,uhaul,uhaul_731051,731051,5x10,uhaul_25e6fe7603a5488cab1bcc8b79f5a00d,count,5,4
2026-09-05,uhaul,uhaul_731051,731051,10x10,uhaul_bfa12c6d63a9405eaddfdfa6c4f5e4f9,count,18,19
2026-09-05,uhaul,uhaul_731054,731054,10x12.5,uhaul_88ecda2bbc7d4ff8bb7678d8b2158a6e,count,2,1
2026-09-05,uhaul,uhaul_731054,731054,5x5,uhaul_5b2ec7894c294dc4975e46cff2871664,count,10,12
2026-09-05,uhaul,uhaul_731066,731066,5x10,uhaul_c1423744a6a74d9f954a16b35dc8456c,count,2,1
2026-09-05,uhaul,uhaul_731066,731066,10x10,uhaul_cd33001e2f264276aa937feaa7f650b5,count,3,2
2026-09-05,uhaul,uhaul_731068,731068,5x10,uhaul_6ef53c48d71940a1b8362be822110c86,count,14,13
2026-09-05,uhaul,uhaul_731068,731068,10x10,uhaul_e15cac5bab294bdcb508b66e5268147e,count,15,16
2026-09-05,uhaul,uhaul_731071,731071,10x10,uhaul_18f8016c9bb54a49b455c0092761cd26,count,2,3
2026-09-05,uhaul,uhaul_731072,731072,5x10,uhaul_8dc131a63c024a60a4bbc9ed9c2d5d39,count,105,104
2026-09-05,uhaul,uhaul_731072,731072,10x10,uhaul_91f66f74418c4337b604e90c7ebd8ad3,count,55,56
2026-09-05,uhaul,uhaul_731073,731073,10x15,uhaul_6d74e192548248cbad51c25cd039890b,count,16,15
2026-09-05,uhaul,uhaul_731074,731074,5x10,uhaul_a7176827c4c0485fa0f7ecee70c7193d,count,1,2
2026-09-05,uhaul,uhaul_731074,731074,10x10,uhaul_9cd36f8d60d643568844b1b17798b754,promo,,Free Lock
2026-09-05,uhaul,uhaul_731075,731075,10x10,uhaul_ab951712fc924b468d4118d88c2b0aff,count,2,1
2026-09-05,uhaul,uhaul_731079,731079,10x30,uhaul_b46cc467a85045d5b7d5b6b9d0a6c22d,count,4,3
2026-09-05,uhaul,uhaul_731080,731080,10x10,uhaul_842be3cbc9ec4dc08cb44fb8bddad2a5,count,3,4
2026-09-05,uhaul,uhaul_732025,732025,5x10,uhaul_147712aa72924fbca033a60a3764dda8,promo,Free Lock,
2026-09-05,uhaul,uhaul_732025,732025,5x10,uhaul_147712aa72924fbca033a60a3764dda8,count,2,1
2026-09-05,uhaul,uhaul_732029,732029,5x10,uhaul_bd9f1e4a953a4d27b157c809eb8449d0,count,1,2
2026-09-05,uhaul,uhaul_732071,732071,5x10,uhaul_d71f1cae348a471691ab87118c91403d,count,13,15
2026-09-05,uhaul,uhaul_732071,732071,10x10,uhaul_fae157599f7545f28d0a89caaef988d2,count,10,9
2026-09-05,uhaul,uhaul_733022,733022,5x10,uhaul_9d1b39a7c77d48deae75865fbaab69a1,count,19,18
2026-09-05,uhaul,uhaul_733022,733022,10x20,uhaul_5189b64da8b742cfbad70626d7e6b2f5,count,4,3
2026-09-05,uhaul,uhaul_733027,733027,10x10,uhaul_5c249d0503264f438e07c3b92cd1ebf2,count,2,1
2026-09-05,uhaul,uhaul_733030,733030,5x10,uhaul_bea66a26c4e1471f891af434125da64a,count,6,7
2026-09-05,uhaul,uhaul_733034,733034,5x5,uhaul_5d6ab530e7824601ae50118bc27c2ae6,promo,Free Lock,
2026-09-05,uhaul,uhaul_733034,733034,10x10,uhaul_c66cd5e79294484ebcf324a2198a8ae8,count,17,18
2026-09-05,uhaul,uhaul_733034,733034,10x10,uhaul_6ba6a69a091d451a8ff61771cd6c10bd,count,7,6
2026-09-05,uhaul,uhaul_733035,733035,5x10,uhaul_2461a5410e3a4cd2a9fe7f44354ab4d2,count,33,34
2026-09-05,uhaul,uhaul_733035,733035,5x10,uhaul_2e92e77d13294c2c870fd34409428770,count,19,18
2026-09-05,uhaul,uhaul_733035,733035,10x10,uhaul_f1e635df4d6d460c85b2bbd7647a3a60,count,13,12
2026-09-05,uhaul,uhaul_733035,733035,10x10,uhaul_7e3626e4c3cb4d8fbc6f2fb7fcecc3dc,count,10,9
2026-09-05,uhaul,uhaul_733035,733035,5x5,uhaul_5063bb2c23234ad5a0446ade09dd7001,count,42,41
2026-09-05,uhaul,uhaul_733071,733071,10x5,uhaul_83f2e100690147f4851c5c8682e2eeec,count,10,9
2026-09-05,uhaul,uhaul_733071,733071,5x10,uhaul_c9f1fc127abd47a789d446f8c1fa71b8,count,18,17
2026-09-05,uhaul,uhaul_733071,733071,10x10,uhaul_5d3c58142fbe49eeb8fc60b27e266a6a,count,24,23
2026-09-05,uhaul,uhaul_733079,733079,5x10,uhaul_d017ddae8b8e4ea483630a74dfc4a042,count,5,4
2026-09-05,uhaul,uhaul_733079,733079,10x15,uhaul_6783944ab8c348a7badb26bd45602a7c,count,3,4
2026-09-05,uhaul,uhaul_733079,733079,5x10,uhaul_63373e3292eb41b8b59e39f2a8583e7b,count,6,9
2026-09-05,uhaul,uhaul_734024,734024,5x5,uhaul_5ee6b2a3a78443969de385a3d0356b99,count,1,2
2026-09-05,uhaul,uhaul_734024,734024,10x10,uhaul_fa0f65c3b72b4394855d6d526cda3709,count,2,1
2026-09-05,uhaul,uhaul_734052,734052,5x5,uhaul_ef561bf810224939a7f7d5d17561b24e,count,11,12
2026-09-05,uhaul,uhaul_734052,734052,5x5,uhaul_d72e3371e14e4d46b6eeab9a62c92e08,count,3,4
2026-09-05,uhaul,uhaul_734071,734071,5x7,uhaul_ce2f7fbcc9b34b4a88f278702d483d1d,count,1,2
2026-09-05,uhaul,uhaul_734071,734071,11x10,uhaul_2bab84f862f94c48925e18d7f1d85c2a,count,2,3
2026-09-05,uhaul,uhaul_734073,734073,10x10,uhaul_79781888b76c48ecbcb878355a24fc8f,promo,,Free Lock
2026-09-05,uhaul,uhaul_734075,734075,5x5,uhaul_2888906dba504eca830e9e4ee430fc0c,count,27,28
2026-09-05,uhaul,uhaul_734075,734075,10x10,uhaul_ad7e7b0d5f6040c0b59ed19a54118ffb,count,16,15
2026-09-05,uhaul,uhaul_734076,734076,5x5,uhaul_16dd463b69a34b6aa806a8d34b3b5107,count,13,12
2026-09-05,uhaul,uhaul_734076,734076,5x10,uhaul_b754b28e22294a8abf548825159cd898,count,40,39
2026-09-05,uhaul,uhaul_734076,734076,5x10,uhaul_05070ae623534bc6afdcd0038fab806b,count,40,39
2026-09-05,uhaul,uhaul_734076,734076,5x10,uhaul_b2d22d24a93d4d798a7433f576367a00,count,50,49
2026-09-05,uhaul,uhaul_734076,734076,10x10,uhaul_b9713dc454444e87a325ae44ec68e6a7,count,7,4
2026-09-05,uhaul,uhaul_734076,734076,10x10,uhaul_316d8e009b43477cba5d8629eac846bc,count,41,40
2026-09-05,uhaul,uhaul_734076,734076,10x15,uhaul_f2b41bedca094d34830e5eaa3bef45df,count,14,10
2026-09-05,uhaul,uhaul_734076,734076,10x15,uhaul_1a8076074f0149fe9fe406b24f4cc6fd,count,23,21
2026-09-05,uhaul,uhaul_734078,734078,8x10,uhaul_016587380d2f4abaa2c3ebc583606cc0,count,12,11
2026-09-05,uhaul,uhaul_734079,734079,10x7,uhaul_69d03042919e4fc68e4baea00c3e1e8a,count,28,29
2026-09-05,uhaul,uhaul_734084,734084,5x5,uhaul_77cfc052ff4b476fbb5520caf7cfadc9,count,3,4
2026-09-05,uhaul,uhaul_734084,734084,10x10,uhaul_7cb6f41132444995a5838a668f2c3745,count,4,3
2026-09-05,uhaul,uhaul_734084,734084,10x15,uhaul_a617255b93a44d0ca9823b1ea0733bee,promo,Free Lock,
2026-09-05,uhaul,uhaul_734084,734084,10x15,uhaul_a617255b93a44d0ca9823b1ea0733bee,count,2,1
2026-09-05,uhaul,uhaul_734085,734085,10x10,uhaul_cc17c8b91bf94a35895d96d4dc88ef80,count,3,2
2026-09-05,uhaul,uhaul_734085,734085,10x15,uhaul_0cec6f9dbc4d4776a1020d0bbe1b682b,count,2,1
2026-09-05,uhaul,uhaul_735062,735062,5x7,uhaul_49ae1bd867ec418fadc2c83a48361bab,count,1,2
2026-09-05,uhaul,uhaul_735062,735062,6x10,uhaul_8914346cd3ea45c5b29364f1cea5d723,promo,Free Lock,
2026-09-05,uhaul,uhaul_735062,735062,6x10,uhaul_8914346cd3ea45c5b29364f1cea5d723,count,2,1
2026-09-05,uhaul,uhaul_735065,735065,5x10,uhaul_eaf4661bd5e446f49e8d1c8c08ad6c10,count,6,5
2026-09-05,uhaul,uhaul_735065,735065,10x15,uhaul_4f6fc33becf24cb3824fad5c6fb77211,count,5,4
2026-09-05,uhaul,uhaul_735066,735066,10x15,uhaul_5ab55acd36db45f49ffdfe212fe51e2e,count,7,8
2026-09-05,uhaul,uhaul_735072,735072,10x10,uhaul_2bbba364007c4890bb985f35372cde54,count,1,3
2026-09-05,uhaul,uhaul_735075,735075,10x10,uhaul_b2b3c4565d70437ba988ebff91329bcc,count,8,6
2026-09-05,uhaul,uhaul_735075,735075,8x10,uhaul_73c83e5519d846f0a7e43b9954bec5fa,count,3,2
2026-09-05,uhaul,uhaul_735078,735078,10x10,uhaul_f5d699b3c8754770b467b0f786df6513,count,8,9
2026-09-05,uhaul,uhaul_735078,735078,10x10,uhaul_03d954b039d74101b178a00d51f6b8a1,promo,Free Lock,
2026-09-05,uhaul,uhaul_735078,735078,10x10,uhaul_03d954b039d74101b178a00d51f6b8a1,count,17,16
2026-09-05,uhaul,uhaul_735079,735079,10x10,uhaul_421a36fd0b62443786770efe2307657a,count,28,27
2026-09-05,uhaul,uhaul_735081,735081,5x5,uhaul_401ac4750bbc4cdb99c7953ff3334c96,count,9,8
2026-09-05,uhaul,uhaul_735081,735081,5x10,uhaul_9eab598d54254798bc806483e647ffc9,count,23,25
2026-09-05,uhaul,uhaul_735081,735081,10x15,uhaul_055a5a875117483ab6f06161cab85ef2,count,20,19
2026-09-05,uhaul,uhaul_735084,735084,10x15,uhaul_d11d71c02b314c689b02d86a977c9c25,count,1,2
2026-09-05,uhaul,uhaul_735085,735085,8x10,uhaul_47ece77027a3414cb4f43d5fccbfd589,count,5,6
2026-09-05,uhaul,uhaul_735086,735086,10x10,uhaul_42429339027f4418aa72271f0b2acd21,count,6,7
2026-09-05,uhaul,uhaul_735086,735086,10x15,uhaul_e8123bfa3dac4cdb8a755d81194d7c2b,count,15,13
2026-09-05,uhaul,uhaul_735086,735086,10x30,uhaul_4a6b31545b39430db5ff3da9a3605e17,promo,,Free Lock
2026-09-05,uhaul,uhaul_735086,735086,10x30,uhaul_4a6b31545b39430db5ff3da9a3605e17,count,2,3
2026-09-05,uhaul,uhaul_736028,736028,5x5,uhaul_bd7d0cd79db84068afd8e0da0e21df46,count,14,13
2026-09-05,uhaul,uhaul_736028,736028,5x10,uhaul_20edd0f85e424b04b70521ca00857acc,count,25,26
2026-09-05,uhaul,uhaul_736028,736028,5x10,uhaul_1470583513ef4624be04140eb4ed2eda,count,13,11
2026-09-05,uhaul,uhaul_736028,736028,10x10,uhaul_38434b921f38413087688d1e7ae3054c,count,1,2
2026-09-05,uhaul,uhaul_736050,736050,5x10,uhaul_11510fada17543e284a545fab06f0dd9,count,4,3
2026-09-05,uhaul,uhaul_736055,736055,5x10,uhaul_1a91ddd48611429ab281789c3786ec67,count,2,3
2026-09-05,uhaul,uhaul_736063,736063,5x5,uhaul_3580f59db8d3435eb9d42ba7330cab8b,count,2,3
2026-09-05,uhaul,uhaul_736063,736063,5x10,uhaul_8ed2f9796b944c0ab99470d231613713,promo,,Free Lock
2026-09-05,uhaul,uhaul_736063,736063,5x10,uhaul_880c7b974bdf4b07a0a6ce6be0ba91fe,count,3,4
2026-09-05,uhaul,uhaul_736063,736063,7.5x10,uhaul_deaf00203a1e4ab38417a3fd305b2797,promo,,Free Lock
2026-09-05,uhaul,uhaul_736072,736072,5x5,uhaul_c3c9089de3d04e9ab4f96fe99aa7cd0b,count,2,3
2026-09-05,uhaul,uhaul_736072,736072,5x10,uhaul_e3b23c35cea94830bd5bb268c0436924,count,3,2
2026-09-05,uhaul,uhaul_736072,736072,10x5,uhaul_610116d47bf44f728753276a1dc27eea,count,1,2
2026-09-05,uhaul,uhaul_736072,736072,10x10,uhaul_002bc907e89c475c9e91d26e58819286,count,4,5
2026-09-05,uhaul,uhaul_736072,736072,10x10,uhaul_fdd376fca7584455884ca5617fb1ab80,promo,,Free Lock
2026-09-05,uhaul,uhaul_736072,736072,10x10,uhaul_d653537aac584c8bbc22fae0c27b6a27,promo,,Free Lock
2026-09-05,uhaul,uhaul_736072,736072,10x15,uhaul_51273087fe544e2fba94424be7a8d1f1,promo,,Free Lock
2026-09-05,uhaul,uhaul_736078,736078,5x10,uhaul_8722c92702ab4d11bbe59085166b7565,count,12,13
2026-09-05,uhaul,uhaul_736078,736078,7x10,uhaul_d922b0284358442f83b2feb0b9eff0df,count,8,9
2026-09-05,uhaul,uhaul_736078,736078,8x10,uhaul_57d48218ef154baca65330428ec8b51a,count,3,4
2026-09-05,uhaul,uhaul_736078,736078,10x10,uhaul_adccfbb560b74b21b3cd1a49a725447f,count,2,3
2026-09-05,uhaul,uhaul_736078,736078,5x5,uhaul_d68d72235a46410498dd82e7b343d6d7,count,5,6
2026-09-05,uhaul,uhaul_736078,736078,10x10,uhaul_a06e1f46e180421c8efc1c6d5fae7f3d,count,4,2
2026-09-05,uhaul,uhaul_737023,737023,5x5,uhaul_343742f803d444a0905da933c602582e,count,8,7
2026-09-05,uhaul,uhaul_737023,737023,5x10,uhaul_c8c95e68a1f9488780158251cb426b38,count,6,5
2026-09-05,uhaul,uhaul_737023,737023,10x10,uhaul_155472e91c894cd79cea91b56fae3b1e,count,4,3
2026-09-05,uhaul,uhaul_737023,737023,10x10,uhaul_6b172c0ed047460dbfeb5fa41ff565a8,count,3,4
2026-09-05,uhaul,uhaul_737023,737023,10x15,uhaul_d18655bd59694d76a9eb7f31b1738779,count,2,1
2026-09-05,uhaul,uhaul_737025,737025,10x10,uhaul_90572178992842fbaca2bf583310b4e3,count,12,13
2026-09-05,uhaul,uhaul_737025,737025,10x15,uhaul_b7fd17b5372e45b98cf375cc2fb94ff0,count,2,1
2026-09-05,uhaul,uhaul_737044,737044,5x15,uhaul_e71a8f5233424943abc17828e6d2dd03,count,28,27
2026-09-05,uhaul,uhaul_737060,737060,5x5,uhaul_3231ba320be8496694f86ca8e55af463,count,1,2
2026-09-05,uhaul,uhaul_737060,737060,5x10,uhaul_57f33cf2aacc4dbda88730ec1e2f8fa8,count,3,4
2026-09-05,uhaul,uhaul_737060,737060,10x10,uhaul_ae1b8a5755b34d95a2e0b8b01588c68c,count,3,2
2026-09-05,uhaul,uhaul_737071,737071,5x10,uhaul_2e1db4e069a6494686145236b21f1140,count,12,11
2026-09-05,uhaul,uhaul_737071,737071,10x10,uhaul_1b9b375f020c4089b3024cdf3df47bbf,count,8,9
2026-09-05,uhaul,uhaul_737071,737071,10x15,uhaul_14247487c60a49acabd178a7187b84ff,count,2,1
2026-09-05,uhaul,uhaul_737072,737072,10x10,uhaul_425ebba5eea74d2f99e062970c534c9a,count,4,5
2026-09-05,uhaul,uhaul_737072,737072,10x10,uhaul_8c5ded4bb881436e9f20a157f15a3f32,count,3,4
2026-09-05,uhaul,uhaul_737072,737072,10x15,uhaul_34f24d29d9d046b188cc9d4aa96e8348,count,6,7
2026-09-05,uhaul,uhaul_737074,737074,5x10,uhaul_07555bb900004ad58f0e22c7bfcc2727,count,11,13
2026-09-05,uhaul,uhaul_738057,738057,7x10,uhaul_fba9e28755d8411fbdc02bb2a66e2625,count,3,2
2026-09-05,uhaul,uhaul_738057,738057,8x10,uhaul_651ecc3f7cd64414a6d029720c4de356,count,5,4
2026-09-05,uhaul,uhaul_738062,738062,5x10,uhaul_c909ab487c4145b581fa59b7b3a48bb3,count,24,25
2026-09-05,uhaul,uhaul_738072,738072,5x8,uhaul_d9d5370730a54823adca8c8bc1332797,count,7,6
2026-09-05,uhaul,uhaul_738072,738072,5x10,uhaul_bfda91b0391b4c5890230fd33ba2d86c,count,22,21
2026-09-05,uhaul,uhaul_738072,738072,10x10,uhaul_f0eb4f26809f442b96de4f31d47bdbb3,count,8,7
2026-09-05,uhaul,uhaul_738073,738073,5x10,uhaul_5ab63fd0fc2243d8b1091b7a699bbe44,count,30,29
2026-09-05,uhaul,uhaul_738074,738074,5x10,uhaul_c3616f3c3c324129910d9c1f653169bf,count,48,47
2026-09-05,uhaul,uhaul_738074,738074,10x10,uhaul_d3e84bf3a48f4d0ea49a7209a494172a,count,65,64
2026-09-05,uhaul,uhaul_739026,739026,5x10,uhaul_14ee402cd56a486a9e603d332eac357d,count,5,4
2026-09-05,uhaul,uhaul_739026,739026,10x10,uhaul_8e9891a4e55146969106e2685156e16e,count,7,5
2026-09-05,uhaul,uhaul_739027,739027,5x10,uhaul_c9bf6595c3cd4c1cb24990c697ecb543,count,70,69
2026-09-05,uhaul,uhaul_739027,739027,5x10,uhaul_ed55ef9192734f35a4d1303429c24645,count,28,29
2026-09-05,uhaul,uhaul_739027,739027,10x10,uhaul_30f2924c32844ead8fd9e6f288b23935,count,45,44
2026-09-05,uhaul,uhaul_739027,739027,10x15,uhaul_938f9143fa5d452987af6e59d36e57c7,count,16,15
2026-09-05,uhaul,uhaul_739050,739050,10x15,uhaul_246b2c4718714d88b8be863a9b869400,count,3,5
2026-09-05,uhaul,uhaul_739050,739050,10x15,uhaul_3c18ea97bed4463facef6532c087d69e,count,1,2
2026-09-05,uhaul,uhaul_739054,739054,5x10,uhaul_7a1cdb5ee95442ed8c182481a9176ab7,count,4,3
2026-09-05,uhaul,uhaul_739071,739071,5x10,uhaul_f7e2e279e1b442ecb517d32442a58630,count,3,4
2026-09-05,uhaul,uhaul_739071,739071,7.3x16.8,uhaul_567d3b53d17748b4b1d2f501648d3119,count,104,103
2026-09-05,uhaul,uhaul_739073,739073,10x15,uhaul_0795efb7bcca42579f90916f23b01cd4,count,9,10
2026-09-05,uhaul,uhaul_739074,739074,10x20,uhaul_0feebd0ffa1948f59cfec76c2bc7d3e3,count,2,3
2026-09-05,uhaul,uhaul_739079,739079,10x10,uhaul_f723d65f380446518003a8d7f5eb40eb,count,5,6
2026-09-05,uhaul,uhaul_739080,739080,5x10,uhaul_135ba81697c8479ba5a1b55b61c68be0,count,1,2
2026-09-05,uhaul,uhaul_739080,739080,10x10,uhaul_427524ccf9a34f6eb906d69cef3cfcd8,promo,Free Lock,
2026-09-05,uhaul,uhaul_739080,739080,10x10,uhaul_427524ccf9a34f6eb906d69cef3cfcd8,count,2,1
2026-09-05,uhaul,uhaul_739082,739082,10x20,uhaul_303c857d63e04d7fbfb3f2dac0238345,promo,,Free Lock
2026-09-05,uhaul,uhaul_740055,740055,7.3x23.5,uhaul_2f49b8409fb34f98a7c2d8b644b32cdf,count,1,3
2026-09-05,uhaul,uhaul_740062,740062,10x15,uhaul_b93cb8975ce447bc8d221b2b6ce83a57,count,15,13
2026-09-05,uhaul,uhaul_740064,740064,5x10,uhaul_42c99f6e707e423a9e9d20b077f1f094,count,4,3
2026-09-05,uhaul,uhaul_740066,740066,5x5,uhaul_abc9a66db34345f2a6495b7738cc2085,count,15,14
2026-09-05,uhaul,uhaul_740066,740066,5x10,uhaul_25f50f57553a40428ceee80656d2ebf1,count,2,1
2026-09-05,uhaul,uhaul_740066,740066,10x10,uhaul_00bcb9fc982c438d93f3ed47f53eb510,count,39,38
2026-09-05,uhaul,uhaul_740068,740068,10x10,uhaul_e13f799ed4514b1d8d683024a3c584d6,count,15,14
2026-09-05,uhaul,uhaul_740071,740071,5x5,uhaul_56c3a1512b0c4baabdee2350e27ade0d,count,6,5
2026-09-05,uhaul,uhaul_740071,740071,5x10,uhaul_ad5fe45d54da410f8f1262457c456022,count,35,34
2026-09-05,uhaul,uhaul_740071,740071,10x20,uhaul_54253efb476345119d916e07e8ef0ee0,count,8,9
2026-09-05,uhaul,uhaul_740071,740071,10x10,uhaul_e4b5c6ebda4846d29ebf1cc1d5cce21e,count,5,4
2026-09-05,uhaul,uhaul_740072,740072,10x10,uhaul_a609871120da49558c4f434e65814dc9,count,5,6
2026-09-05,uhaul,uhaul_740072,740072,10x10,uhaul_7a558121364d42f9bde6faa81d3496f3,count,17,18
2026-09-05,uhaul,uhaul_740072,740072,10x15,uhaul_74f1fbcea36e4555ae169651ba132b9c,count,16,15
2026-09-05,uhaul,uhaul_740073,740073,5x10,uhaul_cf3a6d2a9c5a4fcd836261d67ccd654e,count,33,32
2026-09-05,uhaul,uhaul_740073,740073,10x10,uhaul_3933d0355d7c4b9ebe3ea43a25e7ead8,count,18,17
2026-09-05,uhaul,uhaul_740073,740073,10x10,uhaul_64a01542091340bd8e920c26c3fc5f31,count,12,14
2026-09-05,uhaul,uhaul_740073,740073,10x15,uhaul_04523c8feb194409bab42fd8b40d6566,count,12,11
2026-09-05,uhaul,uhaul_740073,740073,10x30,uhaul_7f08c050fa5d48f395ae70cab48d3dbe,count,3,2
2026-09-05,uhaul,uhaul_740086,740086,6x13,uhaul_40badb120514487cb4d34a4265735147,count,38,37
2026-09-05,uhaul,uhaul_741028,741028,4x8,uhaul_23f8849b189b4fb69041d999035a1620,count,18,16
2026-09-05,uhaul,uhaul_741052,741052,5x10,uhaul_b5c377d54f7b48d2aa43c43ca1eed4c5,count,9,10
2026-09-05,uhaul,uhaul_741060,741060,5x10,uhaul_bcdaed52cb254af483883b63e878395e,count,19,18
2026-09-05,uhaul,uhaul_741060,741060,5x10,uhaul_5273be29bb04475c95aedbf01f9b8403,count,29,28
2026-09-05,uhaul,uhaul_741060,741060,10x10,uhaul_f61de7063896472d8bbdd70bcdfb5444,count,20,19
2026-09-05,uhaul,uhaul_741060,741060,10x20,uhaul_e0ce0e4e3ff94506b58988645e94c57d,count,6,7
2026-09-05,uhaul,uhaul_741060,741060,10x20,uhaul_5eabbcbbdbd94f468a80388499580d1f,count,6,4
2026-09-05,uhaul,uhaul_741065,741065,5x10,uhaul_01e5cf7b5296494da1d1814b3ea50a05,promo,,Free Lock
2026-09-05,uhaul,uhaul_741065,741065,10x10,uhaul_af1a116d71694775a4dd841ebc3a59eb,count,2,3
2026-09-05,uhaul,uhaul_741065,741065,10x10,uhaul_0c4d6433c5d943a299fc809fc0778d18,promo,,Free Lock
2026-09-05,uhaul,uhaul_741066,741066,10x10,uhaul_0d07bdc0a23b4e61959bf5fdf9840640,count,17,16
2026-09-05,uhaul,uhaul_741066,741066,10x15,uhaul_9e7014fc6c814aa39f4ef256f3bbac17,count,9,8
2026-09-05,uhaul,uhaul_741081,741081,5x10,uhaul_439cea1752f34bc3812f6aa43a0882c8,count,33,32
2026-09-05,uhaul,uhaul_741081,741081,10x10,uhaul_8ec7eee82a2445b6afe63df5cf1d7d79,count,13,12
2026-09-05,uhaul,uhaul_741081,741081,10x10,uhaul_3ec8e434dd77472d813e252fec59f79c,count,9,10
2026-09-05,uhaul,uhaul_741081,741081,10x20,uhaul_97d2ea4e495c4adfbf9bed2f2d5bdde3,count,2,3
2026-09-05,uhaul,uhaul_742028,742028,10x10,uhaul_7cf4855a68f14b97809084b5129c8895,count,6,5
2026-09-05,uhaul,uhaul_742033,742033,5x10,uhaul_9e56919440a94de98002464ae68ade38,count,23,22
2026-09-05,uhaul,uhaul_742033,742033,10x10,uhaul_76e25a2787594bb3a5a0d4b4f98e18f1,count,15,14
2026-09-05,uhaul,uhaul_742033,742033,5x5,uhaul_521dcf53460548f2b34b534c1a854e59,count,33,34
2026-09-05,uhaul,uhaul_742053,742053,5x5,uhaul_fcd5321b009a4f70915a6afbb803c155,count,11,12
2026-09-05,uhaul,uhaul_742054,742054,5x10,uhaul_5101bddffc324045977c3c00f32c049e,count,2,1
2026-09-05,uhaul,uhaul_742054,742054,10x10,uhaul_539d89025e414ff0871f6a1ac373fdf6,count,6,7
2026-09-05,uhaul,uhaul_742055,742055,5x5,uhaul_2c224eb66f5742078ccb6a625bcee2e9,count,11,10
2026-09-05,uhaul,uhaul_742055,742055,5x10,uhaul_d1252c8f77ca4b51955f7feb9e9b33ce,count,14,15
2026-09-05,uhaul,uhaul_742055,742055,5x10,uhaul_a1bcc316ee3c4bca9d5d2448e77c8061,count,62,61
2026-09-05,uhaul,uhaul_742055,742055,10x10,uhaul_7eeccbce0061425b94348c27fb41fa5e,count,17,16
2026-09-05,uhaul,uhaul_742057,742057,4x5,uhaul_016de77a2b904a92ad32b33769a15f01,count,5,4
2026-09-05,uhaul,uhaul_742057,742057,6x12,uhaul_389c5e10d09943bf900bdc2a02ef55ba,count,6,4
2026-09-05,uhaul,uhaul_742059,742059,5x10,uhaul_f5dd20460516437a8ea6be46c0317535,count,4,3
2026-09-05,uhaul,uhaul_742059,742059,10x10,uhaul_0354d5eb3dca4ddcbf315f6bcb1f615f,count,2,3
2026-09-05,uhaul,uhaul_742062,742062,10x20,uhaul_773a894e91fe462f9b4322e923d3be79,promo,Free Lock,
2026-09-05,uhaul,uhaul_742062,742062,10x20,uhaul_773a894e91fe462f9b4322e923d3be79,count,2,1
2026-09-05,uhaul,uhaul_742075,742075,5x10,uhaul_de70958da72847febca4786577e0a57b,count,6,7
2026-09-05,uhaul,uhaul_743033,743033,5x10,uhaul_59ec6c91e1bc499dab3d1cf1fbc162d5,count,28,27
2026-09-05,uhaul,uhaul_743038,743038,10x10,uhaul_40e9536960d149d78400da332fb3a6dd,count,4,3
2026-09-05,uhaul,uhaul_743052,743052,10x10,uhaul_f2e0c2ec6cd24b03b01fe09830191a1e,count,7,8
2026-09-05,uhaul,uhaul_743052,743052,5x10,uhaul_b5572dbabd3f4903a59d550ac8d4dad1,count,6,5
2026-09-05,uhaul,uhaul_743052,743052,10x15,uhaul_cf4f64df2d314d9990094ceb0505d6d5,count,7,6
2026-09-05,uhaul,uhaul_743056,743056,5x5,uhaul_bd931b96b95d4453b9ddc5efdfd43ad4,count,4,5
2026-09-05,uhaul,uhaul_743067,743067,5x5,uhaul_1055536326804e9db7d0f01f9da5f9c1,count,28,29
2026-09-05,uhaul,uhaul_743067,743067,5x10,uhaul_98441604eee8445dab102d0ec97b494a,count,53,52
2026-09-05,uhaul,uhaul_743067,743067,10x10,uhaul_0e09c63fbdfd486a9859dc2b222cffab,count,8,6
2026-09-05,uhaul,uhaul_743067,743067,10x10,uhaul_fc41ee83e1994d1c8d0ebc3297ac8624,count,24,25
2026-09-05,uhaul,uhaul_743071,743071,5x5,uhaul_30eb79a785fe40a4b182e8fe973092f0,count,3,4
2026-09-05,uhaul,uhaul_743071,743071,10x10,uhaul_24cd4d9d516746d88a29e0935c8272bc,count,5,6
2026-09-05,uhaul,uhaul_743071,743071,10x15,uhaul_cb7af26fa4d14df1aa9ebdfa7b1dfcb2,count,14,13
2026-09-05,uhaul,uhaul_743072,743072,5x5,uhaul_7f3a5cf95d644e4f94b70ac2a2d5da76,count,40,41
2026-09-05,uhaul,uhaul_743072,743072,5x5,uhaul_64c6287410214264a66a8ae0cd162117,count,5,6
2026-09-05,uhaul,uhaul_743072,743072,5x10,uhaul_8d7b68848f974d41af480ba44963b33f,count,2,3
2026-09-05,uhaul,uhaul_743072,743072,10x15,uhaul_91d8ec0208f04a1e8fd1617b697e9ff0,count,6,7
2026-09-05,uhaul,uhaul_743072,743072,10x20,uhaul_895520ada1c941ddb143665d723b63f7,count,7,8
2026-09-05,uhaul,uhaul_743075,743075,5x5,uhaul_a5d0c09f887c4d48aada860baf48f2ea,count,13,14
2026-09-05,uhaul,uhaul_743075,743075,5x10,uhaul_c8458e8dccfa4320a59966d63fa4963f,count,10,11
2026-09-05,uhaul,uhaul_743075,743075,10x10,uhaul_85a40310cd7c4958b117de42a4bbe188,count,4,5
2026-09-05,uhaul,uhaul_743075,743075,10x15,uhaul_268cf846ce854413811be348c438c602,count,3,4
2026-09-05,uhaul,uhaul_743081,743081,10x10,uhaul_4e1e671e739d4576af53593435ce4f65,count,2,1
2026-09-05,uhaul,uhaul_743081,743081,10x10,uhaul_95f1475c40c3418e9cc2a16a52450a3c,count,2,1
2026-09-05,uhaul,uhaul_744053,744053,10x10,uhaul_b7f564989c7b4477abac680eb53371e1,count,2,3
2026-09-05,uhaul,uhaul_744068,744068,5x10,uhaul_1413472db18a4dc7b515202a39ac1537,count,19,18
2026-09-05,uhaul,uhaul_744069,744069,5x5,uhaul_7bc8eaccd9e74368b18be834a2351f82,count,5,7
2026-09-05,uhaul,uhaul_744069,744069,5x10,uhaul_b0c007d1d39e423682626f9d3b0af1b6,count,7,5
2026-09-05,uhaul,uhaul_744069,744069,10x10,uhaul_fe8c6a41ddbd4daeb4eae0729e489134,count,8,7
2026-09-05,uhaul,uhaul_744069,744069,12x40,uhaul_5ed9b41c6fbf45d6986b65c12ec4925d,count,34,35
2026-09-05,uhaul,uhaul_744080,744080,5x10,uhaul_7913a3b515b74f5d927a8b68e9a424db,count,14,15
2026-09-05,uhaul,uhaul_744080,744080,10x20,uhaul_dfa07c6b311444a0b8702c18e0a48af7,count,4,5
2026-09-05,uhaul,uhaul_745041,745041,10x10,uhaul_130a393dcadf438d9c03f9c0c1e875dd,count,7,6
2026-09-05,uhaul,uhaul_745043,745043,5x5,uhaul_7c6412bdeda44d6b8f3a20b4a996f0ab,count,7,6
2026-09-05,uhaul,uhaul_745043,745043,10x10,uhaul_8766e71f5d7b4b9eb4286dd32c9a3d70,count,4,3
2026-09-05,uhaul,uhaul_745053,745053,5x10,uhaul_eb3bacd5d7194fb1ad37f2759b0a694f,count,2,1
2026-09-05,uhaul,uhaul_745053,745053,10x20,uhaul_6a9292a785fa4bd196d3f36558c72475,count,4,3
2026-09-05,uhaul,uhaul_745053,745053,10x25,uhaul_f4f780513a9540b687abdbf169a60a53,count,2,1
2026-09-05,uhaul,uhaul_745067,745067,5x10,uhaul_845c2ec53ae54aafbb807e4f000377fd,count,24,23
2026-09-05,uhaul,uhaul_745067,745067,5x10,uhaul_d899a70f6af74470a0fb3950a82f2c21,count,2,3
2026-09-05,uhaul,uhaul_745067,745067,10x10,uhaul_ca9250f16011483aab46cf0341799ab6,count,5,6
2026-09-05,uhaul,uhaul_745067,745067,10x15,uhaul_6266d02dbdc54a7da0ff97b8bcea3efd,count,2,1
2026-09-05,uhaul,uhaul_745067,745067,10x10,uhaul_f966ada396ad4949b4fb6500021a7f45,count,2,4
2026-09-05,uhaul,uhaul_745067,745067,10x20,uhaul_dfd0f1426be54a849c7280a1d2b3d5c9,count,3,4
2026-09-05,uhaul,uhaul_745072,745072,10x10,uhaul_ce62c0d9e5c44721bce9b4d21427ecbf,count,7,6
2026-09-05,uhaul,uhaul_745076,745076,10x10,uhaul_e3725563de2a4509a39cf8fe1bb69425,count,5,4
2026-09-05,uhaul,uhaul_745076,745076,10x10,uhaul_b547bd667c134fd5aed0a532425db667,count,74,73
2026-09-05,uhaul,uhaul_745076,745076,10x10,uhaul_6f92ff6707c24a7b83e87404084b7ce8,count,7,6
2026-09-05,uhaul,uhaul_745079,745079,10x20,uhaul_0abdd9fa3206425a998d4ce527ec3cb3,count,1,2
2026-09-05,uhaul,uhaul_745079,745079,10x10,uhaul_5b25a8cf61124b0eb01b4a2eab69d596,count,47,48
2026-09-05,uhaul,uhaul_745083,745083,5x10,uhaul_3b1d93b9ad9542bfa0d45e3f82a2b7eb,count,12,11
2026-09-05,uhaul,uhaul_745083,745083,10x10,uhaul_cd6f3c1bc16740e39e150522b8ba3279,count,6,5
2026-09-05,uhaul,uhaul_746025,746025,5x5,uhaul_a5f5c6c517a54ace8e18f8d39b806a79,count,31,32
2026-09-05,uhaul,uhaul_746025,746025,5x5,uhaul_8b983ec255254da289fa5fb0a640f9a2,count,27,39
2026-09-05,uhaul,uhaul_746025,746025,5x8,uhaul_4836fe134175407d993fd2974d29b57b,count,1,2
2026-09-05,uhaul,uhaul_746025,746025,5x10,uhaul_ef988b6cbc2546279926ad8a2f0f26c9,count,88,85
2026-09-05,uhaul,uhaul_746025,746025,5x10,uhaul_5829a24e43524f70aa73b5d11927399b,count,17,38
2026-09-05,uhaul,uhaul_746025,746025,10x5,uhaul_c0273a5f965647bc9f4700ba2078a691,count,19,18
2026-09-05,uhaul,uhaul_746025,746025,10x10,uhaul_bd5db56451dd47e4830bcc41f1e4d837,count,18,25
2026-09-05,uhaul,uhaul_746025,746025,10x10,uhaul_82f11b28059c48d1bd7b884365b04523,count,30,33
2026-09-05,uhaul,uhaul_746025,746025,10x15,uhaul_13c6b1803a5b4d7fb3f13049b1d7faa8,count,4,6
2026-09-05,uhaul,uhaul_746025,746025,10x20,uhaul_a5d95a4c3c5047ff8cd258b6a73f4006,count,6,7
2026-09-05,uhaul,uhaul_746025,746025,5x5,uhaul_1993e73307054c41bc882ec466d44506,count,19,20
2026-09-05,uhaul,uhaul_746028,746028,5x5,uhaul_d1187ef4baeb4ed9942565ec8e332ff4,count,23,22
2026-09-05,uhaul,uhaul_746028,746028,5x10,uhaul_83c5f8a0151a4d098c7da0103da0efde,count,48,47
2026-09-05,uhaul,uhaul_746028,746028,10x10,uhaul_7333eee3af52454daed6d09d00c65597,count,21,20
2026-09-05,uhaul,uhaul_746036,746036,5x5,uhaul_428a880d60984503bfb6f4165eebcf6d,count,1,2
2026-09-05,uhaul,uhaul_746036,746036,5x10,uhaul_ce321d56affe4b3597c681e74bfc22eb,count,3,2
2026-09-05,uhaul,uhaul_746036,746036,10x10,uhaul_99bc8ad0ee5041adbbbb166af682ef74,count,6,7
2026-09-05,uhaul,uhaul_746044,746044,5x10,uhaul_87de02733993469cabb2b9618443dcfb,count,6,5
2026-09-05,uhaul,uhaul_746044,746044,5x10,uhaul_0d82617c5a204ec5bab712096b61abb6,count,16,17
2026-09-05,uhaul,uhaul_746044,746044,10x10,uhaul_dd0cb1683db24223957a55f23196dcaa,promo,Free Lock,
2026-09-05,uhaul,uhaul_746044,746044,10x10,uhaul_ba775d45e722459bb8b699f67bd79d70,count,9,10
2026-09-05,uhaul,uhaul_746045,746045,10x10,uhaul_2ce48f1879d144f5abc7f0d9a0fe2b1a,count,32,34
2026-09-05,uhaul,uhaul_746055,746055,10x10,uhaul_f7d2846df2b84226bbd8eaff315039e1,count,10,11
2026-09-05,uhaul,uhaul_746059,746059,10x10,uhaul_a6db8eed7ef14864ab8824b9131f6bd9,count,19,20
2026-09-05,uhaul,uhaul_746059,746059,5x5,uhaul_c8c1ed994a9c41efa60ffba89ed4094e,count,5,6
2026-09-05,uhaul,uhaul_746075,746075,5x10,uhaul_56047f96bdcc42af8a1c7e9bfd82170a,count,17,16
2026-09-05,uhaul,uhaul_746075,746075,10x10,uhaul_15d35f26fd1a4d57bfca6e89eee7eb68,count,10,11
2026-09-05,uhaul,uhaul_746075,746075,10x15,uhaul_71e29803381441219d13f82b7f5565ee,promo,Free Lock,
2026-09-05,uhaul,uhaul_746075,746075,10x15,uhaul_71e29803381441219d13f82b7f5565ee,count,2,1
2026-09-05,uhaul,uhaul_746075,746075,12x40,uhaul_b58e0553f88c4d06844d1c4949a60880,count,1,2
2026-09-05,uhaul,uhaul_746077,746077,5x5,uhaul_8e58653ef07c43d381b35896fe9898e2,count,7,8
2026-09-05,uhaul,uhaul_746077,746077,5x5,uhaul_2930922ebbd146a6984d9d426e373dce,count,3,2
2026-09-05,uhaul,uhaul_746077,746077,5x10,uhaul_fbd577b1bc1b4ff5b2e6d9d82e2858af,count,9,10
2026-09-05,uhaul,uhaul_746077,746077,10x10,uhaul_b2528adf02554abb803f624460099859,count,2,3
2026-09-05,uhaul,uhaul_746077,746077,10x10,uhaul_a814300bb5a841eea7103aa7e013a4f7,promo,,Free Lock
2026-09-05,uhaul,uhaul_746077,746077,10x15,uhaul_c943b560cd504c6ca7bc5712a308d41b,promo,,Free Lock
2026-09-05,uhaul,uhaul_747031,747031,10x20,uhaul_24e0f7ecb02e4dff8984b86ba4d8f270,count,7,5
2026-09-05,uhaul,uhaul_747055,747055,10x12,uhaul_00671399d7cb481f82247b4d731a95b7,count,3,2
2026-09-05,uhaul,uhaul_747067,747067,9x9,uhaul_6450b82c02614efda169ea8908ce5694,count,2,3
2026-09-05,uhaul,uhaul_747070,747070,10x10,uhaul_516f3e9ab4d04bb980f1d84f77727fd3,count,3,5
2026-09-05,uhaul,uhaul_747070,747070,10x20,uhaul_4f5fe115c2ff429c9e32926a961c29f7,count,7,8
2026-09-05,uhaul,uhaul_747073,747073,5x8,uhaul_94477c447b57424b86c7ca426c2a0d28,promo,Free Lock,
2026-09-05,uhaul,uhaul_747073,747073,5x8,uhaul_94477c447b57424b86c7ca426c2a0d28,count,2,1
2026-09-05,uhaul,uhaul_747074,747074,5x5,uhaul_2d79a962b44c480eb574ba6ca80db1f5,count,7,6
2026-09-05,uhaul,uhaul_747074,747074,5x10,uhaul_2f2ad89804914be8918775bd4506208e,count,2,1
2026-09-05,uhaul,uhaul_747074,747074,10x10,uhaul_8d3ce57c056b4b41b4c44941dd061bec,count,2,1
2026-09-05,uhaul,uhaul_747075,747075,5x10,uhaul_e96633c5daf043788ff549fdb5e39e51,count,6,5
2026-09-05,uhaul,uhaul_747076,747076,5x10,uhaul_99599cf6b6aa4d6aa67b4b2d2d082f97,count,2,1
2026-09-05,uhaul,uhaul_747076,747076,10x10,uhaul_115c36e760d84164a68ada5f3ac05c10,count,12,11
2026-09-05,uhaul,uhaul_747084,747084,5x10,uhaul_1b9b258460d24e2aaa89da66e6471cbc,count,9,8
2026-09-05,uhaul,uhaul_748034,748034,10x15,uhaul_d124fa18d4404364adf27ca641027a66,count,4,3
2026-09-05,uhaul,uhaul_748034,748034,10x40,uhaul_ae992d502df24e34b119ccceb59f5e6d,count,5,6
2026-09-05,uhaul,uhaul_748051,748051,5x10,uhaul_f6a997fc95b042d58eb65200e864eb98,count,21,22
2026-09-05,uhaul,uhaul_748055,748055,5x10,uhaul_5464407f859f40f2acd0add07f47de34,count,12,10
2026-09-05,uhaul,uhaul_748057,748057,7x11.3,uhaul_171ceb7e89dd43e7aebbd669c1632060,promo,Free Lock,
2026-09-05,uhaul,uhaul_748057,748057,7x11.3,uhaul_171ceb7e89dd43e7aebbd669c1632060,count,2,1
2026-09-05,uhaul,uhaul_748068,748068,8x8,uhaul_9587e4a8a5914f17a61540ae709a2e74,count,12,11
2026-09-05,uhaul,uhaul_748071,748071,10x10,uhaul_ffc06344253c433dab2f8981601e26b7,count,36,35
2026-09-05,uhaul,uhaul_748074,748074,10x10,uhaul_19f51fa045a94f2c8cb51a78c4f684c1,count,90,89
2026-09-05,uhaul,uhaul_748074,748074,10x30,uhaul_5334f69d85cc4ac3835904659a2e067e,promo,Free Lock,
2026-09-05,uhaul,uhaul_748074,748074,10x30,uhaul_5334f69d85cc4ac3835904659a2e067e,count,5,4
2026-09-05,uhaul,uhaul_749032,749032,5x5,uhaul_d971360c6a8140b18cc862a1f33e5e3a,count,7,6
2026-09-05,uhaul,uhaul_749032,749032,10x15,uhaul_686cdbaf4b2749a5b80971ad2c726450,count,3,1
2026-09-05,uhaul,uhaul_749051,749051,5x5,uhaul_12531781427f4d24af75d798a92f25ca,count,2,3
2026-09-05,uhaul,uhaul_749051,749051,10x10,uhaul_ac235f023c7347ef81519946061f4d0b,count,5,6
2026-09-05,uhaul,uhaul_749052,749052,5x9,uhaul_6f85a3a5b8114f67ac66c140542d2748,count,3,5
2026-09-05,uhaul,uhaul_749052,749052,6x9,uhaul_7eae2009aa1e402bafb85048e6d20832,count,4,5
2026-09-05,uhaul,uhaul_749058,749058,9x10,uhaul_5e3a2fa1325d4a27be3e1922ec922bc8,count,2,1
2026-09-05,uhaul,uhaul_749071,749071,10x5,uhaul_b412bf69a1c241e4868b356a3210bb60,count,2,1
2026-09-05,uhaul,uhaul_749071,749071,5x10,uhaul_384098c1fcb84a5eb3fd12310cc8a515,count,2,1
2026-09-05,uhaul,uhaul_749072,749072,8x8,uhaul_11583760df714cc6b982a36d2c5c17f3,count,2,4
2026-09-05,uhaul,uhaul_749072,749072,10x10,uhaul_048bedc3c13a457bbfcc3427f3e9819b,promo,,Free Lock
2026-09-05,uhaul,uhaul_749073,749073,10x10,uhaul_1aad6f06d241493184529a30b1c76fa8,count,4,5
2026-09-05,uhaul,uhaul_749073,749073,10x10,uhaul_9014c9f622914379aaacfc2ea81a4c85,count,1,2
2026-09-05,uhaul,uhaul_749074,749074,5x10,uhaul_c21c4ca787ea4bccb93a8a51634a6912,count,15,13
2026-09-05,uhaul,uhaul_749075,749075,10x10,uhaul_afe4dddd4fc444159843d9294c9c66f5,promo,,Free Lock
2026-09-05,uhaul,uhaul_749077,749077,5x10,uhaul_e44ee25b7b914530b27a056bd9f3d7ea,count,41,42
2026-09-05,uhaul,uhaul_749078,749078,5x10,uhaul_96b2b0f114004280bce45da0a7234857,count,2,1
2026-09-05,uhaul,uhaul_749080,749080,10x20,uhaul_53588e504e74419caebe7f13e8129ec7,count,4,3
2026-09-05,uhaul,uhaul_749081,749081,10x20,uhaul_e6c31356b68f4020b0588ca0c86b5f86,count,6,5
2026-09-05,uhaul,uhaul_749085,749085,10x15,uhaul_ae83db8d8cc643d8944f8558c68efc35,count,4,3
2026-09-05,uhaul,uhaul_750014,750014,5x8,uhaul_6b2d02b9ca87443c96d3610fef93d3ae,count,5,6
2026-09-05,uhaul,uhaul_750014,750014,5x10,uhaul_24f39699c7b84528b8b64addf43658b6,count,16,17
2026-09-05,uhaul,uhaul_750014,750014,10x10,uhaul_f914986cc5754b7c8dc2b46156316859,count,8,7
2026-09-05,uhaul,uhaul_750014,750014,10x20,uhaul_622752392d324524b76a7ddeb29f085f,count,3,2
2026-09-05,uhaul,uhaul_750014,750014,5x7,uhaul_ffd0ae95dcf44e4a80d9af70e86db1a9,count,11,12
2026-09-05,uhaul,uhaul_750031,750031,10x10,uhaul_6722e3d3656044e395d46765cf57ca0c,promo,Free Lock,
2026-09-05,uhaul,uhaul_750031,750031,10x10,uhaul_6722e3d3656044e395d46765cf57ca0c,count,5,4
2026-09-05,uhaul,uhaul_750031,750031,5x20,uhaul_2c40ec8b0a5844b7add13f30c6ea1d72,count,4,3
2026-09-05,uhaul,uhaul_750031,750031,10x15,uhaul_6198ffd14fa14812862622ed5b49dc3a,promo,Free Lock,
2026-09-05,uhaul,uhaul_750031,750031,10x15,uhaul_6198ffd14fa14812862622ed5b49dc3a,count,7,6
2026-09-05,uhaul,uhaul_750049,750049,10x10,uhaul_a048b7c676dd4cff9b96f9b59148ea3a,count,5,7
2026-09-05,uhaul,uhaul_750073,750073,5x10,uhaul_e2718fa670e843f5b7e9280d8ab26acc,count,22,21
2026-09-05,uhaul,uhaul_750076,750076,10x10,uhaul_4519ed80a5944d1192e38494efd21fb6,promo,,Free Lock
2026-09-05,uhaul,uhaul_750076,750076,10x10,uhaul_4519ed80a5944d1192e38494efd21fb6,count,1,2
2026-09-05,uhaul,uhaul_750077,750077,10x10,uhaul_43039ccd0dce4d5bb52a2532f120b343,count,16,17
2026-09-05,uhaul,uhaul_750080,750080,10x10,uhaul_5b8169707f88420b8f2f6dbb59515911,count,12,13
2026-09-05,uhaul,uhaul_750083,750083,10x10,uhaul_b1ac96de68514de4b3d71e56cf821a3c,count,4,3
2026-09-05,uhaul,uhaul_750084,750084,5x5,uhaul_ef6a777a04f3479abdb0d0bd9e3e3df2,count,51,50
2026-09-05,uhaul,uhaul_750084,750084,5x7,uhaul_8c93950f7bf54f448e10d8466ebb1b17,count,5,4
2026-09-05,uhaul,uhaul_751050,751050,8x8,uhaul_717c9b804f5e4ad0836e5c253bc763ba,count,20,21
2026-09-05,uhaul,uhaul_751051,751051,5x10,uhaul_ceb9ee5f437f45c5ad61d008ae7d967b,count,10,9
2026-09-05,uhaul,uhaul_751051,751051,10x20,uhaul_4770a60a12314ec58c79e0a1f957737a,count,3,2
2026-09-05,uhaul,uhaul_751051,751051,10x35,uhaul_368b733a77f6425b8697ff3da3d5b1b0,count,3,2
2026-09-05,uhaul,uhaul_751053,751053,5x10,uhaul_a54323ab1e074667978c18944a127688,promo,,Free Lock
2026-09-05,uhaul,uhaul_751053,751053,5x5,uhaul_a0ed52aa624d4933ab9c5439c51aece6,count,3,4
2026-09-05,uhaul,uhaul_751067,751067,10x10,uhaul_26bf96ebf3d648868ed70563f8f997d7,count,9,7
2026-09-05,uhaul,uhaul_751071,751071,5x10,uhaul_524693f46a1f4c86a34e1e96bd44d87e,count,17,19
2026-09-05,uhaul,uhaul_751071,751071,10x10,uhaul_86cc9669b6624d88bd63e473b63a1405,count,11,12
2026-09-05,uhaul,uhaul_751072,751072,5x5,uhaul_2218640daef7460cbc8fc51b0c5aeb54,count,3,2
2026-09-05,uhaul,uhaul_751073,751073,5x8,uhaul_1c4636973e8f467b930b206d8de72b56,count,4,3
2026-09-05,uhaul,uhaul_751073,751073,5x10,uhaul_6f27cdac09934f37977eab04342cc30f,count,3,2
2026-09-05,uhaul,uhaul_751073,751073,10x5,uhaul_24d959ca4d7040f7babe99705e9767ca,count,1,3
2026-09-05,uhaul,uhaul_751073,751073,10x10,uhaul_b467f513ee7048018b5e335ec8f6c7ee,count,2,4
2026-09-05,uhaul,uhaul_751073,751073,10x10,uhaul_287c3de9d9a545238ca4097806ed3606,count,3,4
2026-09-05,uhaul,uhaul_751079,751079,5x10,uhaul_7abaff8afbc7408f88fba26154297422,count,16,17
2026-09-05,uhaul,uhaul_751079,751079,5x10,uhaul_fc566ca617d44b9c8af85148aa7b8144,count,12,13
2026-09-05,uhaul,uhaul_751082,751082,5x5,uhaul_3c4b01d949d6429bb84be5fe8050f93c,count,18,17
2026-09-05,uhaul,uhaul_751082,751082,5x10,uhaul_172124f619054d99a00a104517801b09,count,55,54
2026-09-05,uhaul,uhaul_751082,751082,10x35,uhaul_46e6d11b872842f3af7438d319c47369,count,5,4
2026-09-05,uhaul,uhaul_751083,751083,5x5,uhaul_613b06a2faaa43d699b251c5c0834b71,count,9,10
2026-09-05,uhaul,uhaul_751083,751083,10x20,uhaul_f750e6b75572424e930557c30c81934e,count,3,2
2026-09-05,uhaul,uhaul_752023,752023,10x10,uhaul_07005e616ba447e6b15772231b599026,count,5,4
2026-09-05,uhaul,uhaul_752026,752026,10x10,uhaul_7bbff61864164b61a9bcfb1cd56f5f54,count,7,6
2026-09-05,uhaul,uhaul_752026,752026,5x5,uhaul_6720d549d8064275bfa77797f247f1cf,count,1,2
2026-09-05,uhaul,uhaul_752026,752026,4x5,uhaul_e4332d9e784d478b97ac54257eae575e,count,3,4
2026-09-05,uhaul,uhaul_752051,752051,4x4,uhaul_25dbac979d44408881a557fa562291b3,count,4,3
2026-09-05,uhaul,uhaul_752064,752064,5x6,uhaul_c513a4269b4a4092a5e1d22bc92155a1,count,2,1
2026-09-05,uhaul,uhaul_752064,752064,5x4,uhaul_610e3e0ff0464e35991162ac8f1602a0,count,5,6
2026-09-05,uhaul,uhaul_752069,752069,4x8,uhaul_1262ea5e5bbc46ef98c388260f0852d1,count,7,6
2026-09-05,uhaul,uhaul_752069,752069,8x10,uhaul_4039e1de44b84c82a899748db76437bd,count,35,33
2026-09-05,uhaul,uhaul_752069,752069,8x12,uhaul_b3ba7cf348fe4fc5a99b4591f4e2692f,count,3,2
2026-09-05,uhaul,uhaul_752075,752075,5x5,uhaul_5a14f2fdc80a43ceaed45765768b9dda,count,10,9
2026-09-05,uhaul,uhaul_753032,753032,10x10,uhaul_78846591d5094355ab74a48f1aa39fc2,count,1,2
2026-09-05,uhaul,uhaul_753035,753035,10x12.5,uhaul_2ae36d32bbbd4defa7bcf92ec6dd563e,promo,,Free Lock
2026-09-05,uhaul,uhaul_753035,753035,10x12.5,uhaul_2ae36d32bbbd4defa7bcf92ec6dd563e,count,1,2
2026-09-05,uhaul,uhaul_753036,753036,5x10,uhaul_459ddb1235d0446bbf574c5562df4ab7,count,35,34
2026-09-05,uhaul,uhaul_753036,753036,10x10,uhaul_cf78356e48cf4d559c3d43c90a3896f2,count,11,10
2026-09-05,uhaul,uhaul_753036,753036,13x17,uhaul_ab0b25d1c9c248338e127d0667a49440,count,2,1
2026-09-05,uhaul,uhaul_753037,753037,8x5,uhaul_3c83cd429b7843f2b842c1b267acd88e,count,8,9
2026-09-05,uhaul,uhaul_753037,753037,10x10,uhaul_1f91109ab2a4408cbe021acca2f5abb9,count,6,7
2026-09-05,uhaul,uhaul_753057,753057,6x11,uhaul_ac0cef07be834054a76c60dda4d18aa3,count,3,2
2026-09-05,uhaul,uhaul_753065,753065,5x10,uhaul_9953da72085043a4b6af42a5d1088082,count,11,10
2026-09-05,uhaul,uhaul_753072,753072,5x5,uhaul_f8b2040db52c4e8aa7feb95efc43ebcb,count,23,25
2026-09-05,uhaul,uhaul_753072,753072,5x10,uhaul_57a16676301943a59f4d9afe96ac9faf,count,34,36
2026-09-05,uhaul,uhaul_753072,753072,10x10,uhaul_0d86074aacc84393a7dbb4751c13ee4b,count,9,8
2026-09-05,uhaul,uhaul_753076,753076,9.3x10,uhaul_b9d8396f760a4e3780d7d9cc80a5cda6,promo,Free Lock,
2026-09-05,uhaul,uhaul_753077,753077,5x10,uhaul_6709ea38547b42249ebb9a6b11553876,count,32,31
2026-09-05,uhaul,uhaul_753077,753077,10x10,uhaul_bb59154178be4df1b772aa89fd2772ac,count,8,7
2026-09-05,uhaul,uhaul_754024,754024,10x5,uhaul_586e8f46e1254d92abed21df0792a05c,promo,,Free Lock
2026-09-05,uhaul,uhaul_754024,754024,10x10,uhaul_33f97483e580494694ae8c7b7c930a28,count,4,5
2026-09-05,uhaul,uhaul_754024,754024,10x10,uhaul_a57baae082f44881bc52629ead9f7987,count,2,3
2026-09-05,uhaul,uhaul_754024,754024,5x5,uhaul_f934b0a8666a4d1181bf4af842476237,count,9,8
2026-09-05,uhaul,uhaul_754029,754029,5x10,uhaul_1efb940cf3674cfeaa75a18b32f144b6,count,3,4
2026-09-05,uhaul,uhaul_754029,754029,8x10,uhaul_146aa9f2ce1e4b29a9eda7c244b075be,count,4,5
2026-09-05,uhaul,uhaul_754029,754029,10x15,uhaul_7a52913b1166406da8d0499c9e6b019e,count,2,1
2026-09-05,uhaul,uhaul_754030,754030,5x5,uhaul_8e37da995ad44aaf9a2ce6d51b77016e,count,12,11
2026-09-05,uhaul,uhaul_754030,754030,5x10,uhaul_906e5e0ca3f24e7d849d8e6c81e22120,count,7,8
2026-09-05,uhaul,uhaul_754030,754030,10x10,uhaul_89ae44c17d06495ab082a9c016205e33,count,5,6
2026-09-05,uhaul,uhaul_754044,754044,5x12,uhaul_c58a7e2ffdd14ae392a4396a712da2ab,count,19,18
2026-09-05,uhaul,uhaul_754044,754044,10x12,uhaul_5ecd2be03a4a40dc8a7be2e7f2474158,count,13,11
2026-09-05,uhaul,uhaul_754072,754072,5x5,uhaul_e7f2119592e04599ae80d62464d72993,count,16,15
2026-09-05,uhaul,uhaul_754072,754072,10x10,uhaul_5eba24eb1d7e4fe98b9b80a8d2353724,count,5,4
2026-09-05,uhaul,uhaul_754086,754086,5x8,uhaul_8fc74eb2bfbe44c5a1697699300308af,count,4,3
2026-09-05,uhaul,uhaul_755023,755023,10x10,uhaul_556f3c3e514a4727b4cf9de23fed3edd,count,8,9
2026-09-05,uhaul,uhaul_755037,755037,10x10,uhaul_3a79b527426942998450eeddce7a4e8d,count,11,12
2026-09-05,uhaul,uhaul_755037,755037,10x10,uhaul_24e169fc390b43fcab1f9c21fedcd9be,count,11,12
2026-09-05,uhaul,uhaul_755045,755045,10x10,uhaul_b5fa412ca9e44006a806e112e8e5d661,count,1,2
2026-09-05,uhaul,uhaul_755045,755045,5x10,uhaul_46003785b5e14d178ac721499b834bd9,count,1,2
2026-09-05,uhaul,uhaul_755045,755045,10x12.5,uhaul_b58514870b1d488dbd1ea98949824b61,count,11,12
2026-09-05,uhaul,uhaul_755047,755047,10x10,uhaul_e2d02c8d00bf493cb3f0ca1b0755d863,count,23,22
2026-09-05,uhaul,uhaul_755047,755047,10x10,uhaul_39c62839ab7d4687a9f855c742a53068,count,14,16
2026-09-05,uhaul,uhaul_755056,755056,4x10,uhaul_d3e78a7582e246ad822b437f70563fe5,promo,,Free Lock
2026-09-05,uhaul,uhaul_755056,755056,8x10,uhaul_e1a4154a7c4e4ca38b9816e0495ae883,count,3,2
2026-09-05,uhaul,uhaul_755056,755056,8x10,uhaul_ecc311006ad24fa0974409d790f45a4d,count,5,6
2026-09-05,uhaul,uhaul_755057,755057,5x5,uhaul_896726c5ff6d4109b4749a6570059a48,count,15,16
2026-09-05,uhaul,uhaul_755069,755069,5x15,uhaul_c92d1e9d34c040b4a35b0b181ebce72a,count,3,4
2026-09-05,uhaul,uhaul_755081,755081,10x10,uhaul_27c91ae7b5f04b298a12fdc2a4cff570,count,12,11
2026-09-05,uhaul,uhaul_756024,756024,5x10,uhaul_8030dfb4aeb4412b8dc11359fa2cedd6,count,15,16
2026-09-05,uhaul,uhaul_756024,756024,10x10,uhaul_1a430515a7264f64b1d5cf857097422d,count,13,15
2026-09-05,uhaul,uhaul_756024,756024,10x20,uhaul_9f293ee747034fbe9eebbffae3720c4c,count,2,1
2026-09-05,uhaul,uhaul_756028,756028,10x15,uhaul_b029aceaa2f844e18e19b2b9905ff50e,promo,,Free Lock
2026-09-05,uhaul,uhaul_756048,756048,10x15,uhaul_ac954d19184f4debbc107374e60178a3,count,8,9
2026-09-05,uhaul,uhaul_756049,756049,8x9,uhaul_a598be5c6b2644e1bd7fc35efa163b38,count,2,1
2026-09-05,uhaul,uhaul_756049,756049,8x14,uhaul_5ff171f0b53a4b408188507ba61a6e70,count,12,13
2026-09-05,uhaul,uhaul_756049,756049,8x20,uhaul_f4561afd3b6e48118672ccb69b4628d7,count,5,4
2026-09-05,uhaul,uhaul_756056,756056,5x5,uhaul_87fd1109d5a24077b9eae1e7966863f6,count,6,7
2026-09-05,uhaul,uhaul_756056,756056,10x10,uhaul_7ce5f3fb1a6b4bc1b7be72437094c394,count,4,5
2026-09-05,uhaul,uhaul_756056,756056,10x12.5,uhaul_9ffbde0cac144c7eb7c9475abff54deb,promo,Free Lock,
2026-09-05,uhaul,uhaul_756056,756056,10x12.5,uhaul_9ffbde0cac144c7eb7c9475abff54deb,count,2,1
2026-09-05,uhaul,uhaul_756062,756062,10x10,uhaul_2a0616b192f149e79b246e9826c564da,count,2,1
2026-09-05,uhaul,uhaul_756062,756062,10x15,uhaul_2f5e7a752bf6478a8d40a0b85ebd162c,count,9,8
2026-09-05,uhaul,uhaul_756085,756085,6x8,uhaul_d210636d84ac44f8ac92d3bd4e054f5e,count,2,1
2026-09-05,uhaul,uhaul_756085,756085,8x8,uhaul_df54d557e8f2467ba849d084bf46dd2f,count,4,3
2026-09-05,uhaul,uhaul_756087,756087,10x15,uhaul_71ad347e1ee340d5bcda2e148a99e566,count,6,5
2026-09-05,uhaul,uhaul_756088,756088,10x10,uhaul_eae9a6d6e27c493097b51742b616624a,count,4,3
2026-09-05,uhaul,uhaul_756088,756088,5x10,uhaul_ec8a6a4ab54445f8bdc0fdffc457e139,count,45,46
2026-09-05,uhaul,uhaul_756088,756088,10x10,uhaul_433006e310c14ea1817d8554a85caedf,count,46,44
2026-09-05,uhaul,uhaul_757026,757026,5x5,uhaul_19d5411a98fc4280a1f01af11f351074,promo,,Free Lock
2026-09-05,uhaul,uhaul_757026,757026,5x10,uhaul_5f14f2e2f2364e3c9f7956b85163b972,count,6,7
2026-09-05,uhaul,uhaul_757026,757026,7x16.5,uhaul_8420c67e99ea42ceb50d61017a25ad1b,count,6,7
2026-09-05,uhaul,uhaul_757030,757030,5x10,uhaul_b2f8af2c53fc4c7b92ea4ccade2a7ea4,count,32,34
2026-09-05,uhaul,uhaul_757030,757030,10x10,uhaul_2dae61d4d85c4ed0aa47567b098a809d,count,4,3
2026-09-05,uhaul,uhaul_757030,757030,10x10,uhaul_99cab81f44eb49d88ed4b739b4762f70,count,12,11
2026-09-05,uhaul,uhaul_757030,757030,10x10,uhaul_40c4373eeb614032b3f1fe7108871bc9,count,18,17
2026-09-05,uhaul,uhaul_757055,757055,5x10,uhaul_0b6904329fd74705a9664ee1895bcea4,count,1,2
2026-09-05,uhaul,uhaul_757055,757055,10x9,uhaul_891e5aedb5a94ee0b26800211056ae0c,promo,,Free Lock
2026-09-05,uhaul,uhaul_757055,757055,10x15,uhaul_2565711281614bd3896e2956458e2937,count,3,2
2026-09-05,uhaul,uhaul_757057,757057,8x6,uhaul_60d467abff784f18868ce2514172434d,count,1,3
2026-09-05,uhaul,uhaul_757057,757057,12x6,uhaul_b4e6e002ce014a4e97f93666cb3722f3,promo,Free Lock,
2026-09-05,uhaul,uhaul_757057,757057,12x6,uhaul_b4e6e002ce014a4e97f93666cb3722f3,count,3,2
2026-09-05,uhaul,uhaul_757072,757072,5x10,uhaul_719e290705d34571a93bb865476cfe2e,promo,,Free Lock
2026-09-05,uhaul,uhaul_757072,757072,5x10,uhaul_719e290705d34571a93bb865476cfe2e,count,1,2
2026-09-05,uhaul,uhaul_757072,757072,10x15,uhaul_85960758690a456eb6defc9f8651a371,promo,,Free Lock
2026-09-05,uhaul,uhaul_757072,757072,5x10,uhaul_f30ece2796b44c9fb7d000620cea5ca7,count,9,10
2026-09-05,uhaul,uhaul_757072,757072,5x10,uhaul_ae6c239ed85d41d1bb7c048e829f641c,promo,,Free Lock
2026-09-05,uhaul,uhaul_757072,757072,10x10,uhaul_5682ee7ef6854989a473f5abf918ac74,count,1,2
2026-09-05,uhaul,uhaul_757072,757072,10x15,uhaul_ffe5617a37834f7c805d73bc47984505,count,9,10
2026-09-05,uhaul,uhaul_757076,757076,10x9,uhaul_8426b99a93634ab487335668b271e27c,count,2,3
2026-09-05,uhaul,uhaul_757076,757076,10x14,uhaul_987a7ddc351149e192aec07113181b48,count,8,7
2026-09-05,uhaul,uhaul_757085,757085,10x15,uhaul_1a2183b66d854951b98dec9322795e97,count,11,10
2026-09-05,uhaul,uhaul_757085,757085,5x5,uhaul_ba6369a44cf94564990605566eac5794,count,13,14
2026-09-05,uhaul,uhaul_757085,757085,5x5,uhaul_1786a22cd4bb413ca36422e27861c2fe,count,18,19
2026-09-05,uhaul,uhaul_757085,757085,5x7,uhaul_70dbc6fac99e479d8a89b071c8010fbb,count,23,24
2026-09-05,uhaul,uhaul_757085,757085,5x7,uhaul_d89bdd8e660442b9907952dbf40b74f1,count,7,6
2026-09-05,uhaul,uhaul_757088,757088,10x10,uhaul_aad5881fa0514e9fbd8b7cb64c9c0114,count,7,5
2026-09-05,uhaul,uhaul_758028,758028,10x9,uhaul_4ad8ed2e0c5a433c98be5767568f4b15,count,1,2
2026-09-05,uhaul,uhaul_758043,758043,10x10,uhaul_e92feb16cea240bfb68d1b64459ee350,count,2,3
2026-09-05,uhaul,uhaul_758059,758059,7x8,uhaul_59b5b6bd77cc49b580377bbee318f293,count,2,3
2026-09-05,uhaul,uhaul_758059,758059,9x10,uhaul_b161b747560d4c7d920cb2e8a2009d47,count,2,1
2026-09-05,uhaul,uhaul_758059,758059,3x5,uhaul_c54267579ce04a6db2b2c1b96c2f1295,count,2,1
2026-09-05,uhaul,uhaul_758059,758059,3x7,uhaul_1af38e219907452e8b90144164e679b7,count,2,3
2026-09-05,uhaul,uhaul_758059,758059,3x7,uhaul_5d65fdb21ca94820a7169e17ba0b52d9,promo,,Free Lock
2026-09-05,uhaul,uhaul_758059,758059,4x7,uhaul_0d2b94ad74164575a2b2e655dd33682b,count,1,2
2026-09-05,uhaul,uhaul_758059,758059,5x7,uhaul_cc0cea7b97e547048aafda67a6b602a3,count,1,3
2026-09-05,uhaul,uhaul_758059,758059,3x9,uhaul_62e92c495c0345c299df44b42184c65d,count,2,3
2026-09-05,uhaul,uhaul_758059,758059,5x8,uhaul_dd802993f03d49f889e55fc1dd8eb5fc,count,1,3
2026-09-05,uhaul,uhaul_758059,758059,5x7,uhaul_480caf6d2fd44c1b8009771b27c9418d,count,1,4
2026-09-05,uhaul,uhaul_758059,758059,4x4,uhaul_033853802700416fa7922b7ad88c2a50,count,3,4
2026-09-05,uhaul,uhaul_758059,758059,3x7,uhaul_0326506d23674f6bbdb423d2cf2f0626,count,9,15
2026-09-05,uhaul,uhaul_758059,758059,5x5,uhaul_86f2b1f6e80b4828a9a511c133d5a8bf,count,5,6
2026-09-05,uhaul,uhaul_758059,758059,4x9,uhaul_6a7b515dae95434a953e36239acb368d,count,5,8
2026-09-05,uhaul,uhaul_758059,758059,4x10,uhaul_0e07d8ffd3f84b27b26cd58003fcb3c4,count,2,4
2026-09-05,uhaul,uhaul_758059,758059,5x9,uhaul_8d3d455dc3374e3bbed735f1b4ff008f,count,6,7
2026-09-05,uhaul,uhaul_758059,758059,10x10,uhaul_5ea614984c444bb3a5c32755fdbb86d4,count,1,2
2026-09-05,uhaul,uhaul_758059,758059,7x8,uhaul_2ba527d4353f4a8598fe93c884bbec10,count,1,2
2026-09-05,uhaul,uhaul_758059,758059,9x10,uhaul_31e5060c6e8f4958a1d6e26242903845,count,2,3
2026-09-05,uhaul,uhaul_758061,758061,8x8,uhaul_ea256a10717745509fc5b9225b65ec40,count,1,2
2026-09-05,uhaul,uhaul_758061,758061,8x8,uhaul_66d03d16794a4f00bec60aa9e6348b7b,count,1,2
2026-09-05,uhaul,uhaul_758075,758075,5x5,uhaul_80452e353a644be8bdc7e1c1ee5121de,count,4,6
2026-09-05,uhaul,uhaul_758075,758075,5x10,uhaul_7a8a1bdc543d4afd8bf386e21a73c161,promo,,Free Lock
2026-09-05,uhaul,uhaul_758075,758075,5x10,uhaul_7a8a1bdc543d4afd8bf386e21a73c161,count,1,2
2026-09-05,uhaul,uhaul_758075,758075,5x7,uhaul_a0a35e141e3b40c488dbfa79b0ef8168,promo,,Free Lock
2026-09-05,uhaul,uhaul_758075,758075,5x10,uhaul_ad160d1765064979abd1334957423a33,count,3,1
2026-09-05,uhaul,uhaul_758075,758075,10x10,uhaul_59eb94fa66044786bcb3d9b9ace6af9a,count,6,5
2026-09-05,uhaul,uhaul_758075,758075,10x10,uhaul_365a1748f56f47aaa0e89031ffad5fb5,count,7,5
2026-09-05,uhaul,uhaul_758075,758075,10x20,uhaul_19ddab4a1737463f8e0a10ccc59b4c04,count,2,1
2026-09-05,uhaul,uhaul_758078,758078,10x5,uhaul_f8fc3ed514cd4ca2b24e76f0737e016a,count,1,2
2026-09-05,uhaul,uhaul_759051,759051,5x10,uhaul_5ca03ec096884b1085675ee13bb2343d,count,1,2
2026-09-05,uhaul,uhaul_759063,759063,8x16,uhaul_e503a34afb9e469f9583f54497e8eef0,count,3,4
2026-09-05,uhaul,uhaul_759072,759072,10x10,uhaul_85216ecc1570461ea5cb843156844217,promo,Free Lock,
2026-09-05,uhaul,uhaul_759072,759072,5x7.5,uhaul_db859b1b9d634981a6d09a61e436f16e,promo,Free Lock,
2026-09-05,uhaul,uhaul_759072,759072,5x7.5,uhaul_db859b1b9d634981a6d09a61e436f16e,count,2,1
2026-09-05,uhaul,uhaul_759073,759073,5x5,uhaul_195f0fc3c66b4376a50214930e2f5110,count,4,2
2026-09-05,uhaul,uhaul_759073,759073,5x10,uhaul_ad46cbe497b74211abb76586de8301ec,count,7,6
2026-09-05,uhaul,uhaul_759073,759073,10x10,uhaul_3a514632b8094f5799600da63a546892,count,47,53
2026-09-05,uhaul,uhaul_759076,759076,5x5,uhaul_80647a66918f486b95f0585ceb7ca191,count,38,37
2026-09-05,uhaul,uhaul_759076,759076,5x10,uhaul_91291c8f66594f2c84a53ec813d4dc6d,count,50,49
2026-09-05,uhaul,uhaul_759076,759076,10x15,uhaul_ae0027a109674777b4de6fb1c73e4512,count,8,7
2026-09-05,uhaul,uhaul_759076,759076,10x20,uhaul_7e29acead0df4d0aae916cac98bcb4d4,count,7,6
2026-09-05,uhaul,uhaul_759077,759077,5x10,uhaul_2aa8bf0843b04faeb0fdbcaffe4598eb,count,51,52
2026-09-05,uhaul,uhaul_759077,759077,10x10,uhaul_5fc36a2d954d403893264b0e0c48f444,count,24,28
2026-09-05,uhaul,uhaul_759078,759078,5x10,uhaul_86ecd95391414a1b9abddae1fd740f02,count,19,18
2026-09-05,uhaul,uhaul_759078,759078,10x10,uhaul_fe01021d5bbe4f47b7726f5d7a255d9b,count,9,8
2026-09-05,uhaul,uhaul_759078,759078,10x15,uhaul_f2312a1e06a24ea8a00cc158b1210723,count,3,4
2026-09-05,uhaul,uhaul_759078,759078,10x20,uhaul_ddc22980f9de4deab95a0b0691e39780,count,32,31
2026-09-05,uhaul,uhaul_759084,759084,5x10,uhaul_a52ad69496414422b720e7cc651f64fc,count,2,3
2026-09-05,uhaul,uhaul_759084,759084,5x10,uhaul_a9473e6af74e4d3ebe28d28e8d87eaf2,count,10,11
2026-09-05,uhaul,uhaul_759084,759084,10x15,uhaul_0eb2fc495adf493385e1dc48f09f4fce,count,3,2
2026-09-05,uhaul,uhaul_760041,760041,10x15,uhaul_50103d4ef7404ca99956636ba085b4a7,count,27,28
2026-09-05,uhaul,uhaul_760043,760043,5x5,uhaul_769cd6f18b92417ea745c98aef661f69,count,15,16
2026-09-05,uhaul,uhaul_760043,760043,5x10,uhaul_68b0cdaf730b4630885afa3d6f1ef70f,count,19,18
2026-09-05,uhaul,uhaul_760043,760043,10x10,uhaul_a6bf09ed0c684edd8277effc242343a3,count,2,1
2026-09-05,uhaul,uhaul_760043,760043,10x10,uhaul_7815d7cfd4744efd8be7a387d35d60db,count,39,40
2026-09-05,uhaul,uhaul_760043,760043,10x10,uhaul_ae5c7148bdb24c14a18c7a8c5f516807,count,27,28
2026-09-05,uhaul,uhaul_760044,760044,4x10,uhaul_14a87a12be67415fa8aaa1980a16bca3,count,11,12
2026-09-05,uhaul,uhaul_760045,760045,5x5,uhaul_f3d861c770524d0ab887e5369f405cfd,count,25,26
2026-09-05,uhaul,uhaul_760056,760056,10x15,uhaul_1b81fb5375784465900eb70027306b7f,count,33,34
2026-09-05,uhaul,uhaul_760072,760072,10x10,uhaul_87bdeb998fdd4671a38ebe01481650ea,count,112,113
2026-09-05,uhaul,uhaul_760075,760075,5x5,uhaul_709dddce5f4040ceb3f90d58e0c663c5,count,7,6
2026-09-05,uhaul,uhaul_760075,760075,5x10,uhaul_91f8b80b22eb4a51a38d8da77783deeb,count,1,2
2026-09-05,uhaul,uhaul_760075,760075,10x10,uhaul_265efa2f28dd467c91657029f88979cb,count,5,4
2026-09-05,uhaul,uhaul_760075,760075,10x15,uhaul_213e5ac774ad49f1a4e357c1f2f06149,count,1,2
2026-09-05,uhaul,uhaul_760075,760075,10x10,uhaul_e85d567f03e945d7ab4e9bc07b8eb9d4,count,14,13
2026-09-05,uhaul,uhaul_760077,760077,5x5,uhaul_78b6929368c34a0dbd76b73813f0cf98,count,16,17
2026-09-05,uhaul,uhaul_760077,760077,10x15,uhaul_10d04ad762ac42db857ee99780dc3c8b,count,3,2
2026-09-05,uhaul,uhaul_760077,760077,10x15,uhaul_5c74fc235f26440eb912c51be2fef2a8,count,2,1
2026-09-05,uhaul,uhaul_760081,760081,7.3x16.8,uhaul_08bb43c797ad4002b1f3ede578fa8e9b,count,19,18
2026-09-05,uhaul,uhaul_760082,760082,7x7,uhaul_ae68dde3292d494a9f06b424fc9a7db0,count,4,3
2026-09-05,uhaul,uhaul_761028,761028,10x15,uhaul_647ac432382444358a443d7576afe3fa,count,12,11
2026-09-05,uhaul,uhaul_761028,761028,10x25,uhaul_ba21af61f0b74aaeafb1fc4315c39b77,count,3,4
2026-09-05,uhaul,uhaul_761051,761051,10x15,uhaul_4ce462013ee644b58504d18e7e008f54,count,10,9
2026-09-05,uhaul,uhaul_761071,761071,5x10,uhaul_ccca51dac1f642a6befaf733d8082eba,count,2,3
2026-09-05,uhaul,uhaul_761071,761071,10x15,uhaul_dc971122ed0647a0a4ed2f5a2632b812,count,4,3
2026-09-05,uhaul,uhaul_761072,761072,10x15,uhaul_03a49b2459974fc19a15b62350bb8133,count,3,1
2026-09-05,uhaul,uhaul_761072,761072,7x23.5,uhaul_24f5077379654ecaa088bdbdc9deed30,count,8,9
2026-09-05,uhaul,uhaul_761074,761074,5x5,uhaul_91d09e10028640c785e53627096dd2c3,count,4,3
2026-09-05,uhaul,uhaul_761078,761078,10x10,uhaul_b493e210142e485faa96fe76a4d3b7bf,count,4,3
2026-09-05,uhaul,uhaul_761078,761078,10x15,uhaul_7576408c108c4568af8073c452d5d6f4,count,2,3
2026-09-05,uhaul,uhaul_761079,761079,5x12,uhaul_c01aecccb5a84e699ad118a3d861f1ba,count,4,3
2026-09-05,uhaul,uhaul_761079,761079,10x10,uhaul_ffd8c60e47b74a5e88aaebc46cc1a106,count,15,18
2026-09-05,uhaul,uhaul_761084,761084,5x5,uhaul_e225764e402842299891a1bdb6e5756d,count,20,21
2026-09-05,uhaul,uhaul_761084,761084,5x10,uhaul_e563d4a830244877adaf59d36b754c6a,count,34,33
2026-09-05,uhaul,uhaul_762031,762031,5x10,uhaul_a33b9b90bcac4396b9ce217068aac20b,count,36,35
2026-09-05,uhaul,uhaul_762031,762031,10x20,uhaul_a47fce3a968b4f0f9e7b62b3385575c0,count,17,18
2026-09-05,uhaul,uhaul_762032,762032,5x10,uhaul_fe48eb6032394b7aa158f62554f3a4a9,count,18,19
2026-09-05,uhaul,uhaul_762032,762032,10x15,uhaul_80ca52600e33410eb8b47c36a56b84f4,count,5,4
2026-09-05,uhaul,uhaul_762062,762062,8x8,uhaul_8bbac13e7c55442bbc31d1ad84c6688e,count,28,29
2026-09-05,uhaul,uhaul_762067,762067,10x10,uhaul_6819f3568a574017bf20dd7d86719a33,count,3,2
2026-09-05,uhaul,uhaul_762070,762070,5x10,uhaul_9ab9aa413a214e6e9aac16571da70595,count,5,4
2026-09-05,uhaul,uhaul_762072,762072,5x5,uhaul_3f85d0e10df24212aa1effc11c31ef7a,promo,Free Lock,
2026-09-05,uhaul,uhaul_762072,762072,5x10,uhaul_a881c043eb9340a5a2a57f8b39b2dcba,count,16,15
2026-09-05,uhaul,uhaul_762072,762072,5x10,uhaul_cbf7b75d52d7404084e040cfa9ea928e,count,9,10
2026-09-05,uhaul,uhaul_762072,762072,10x10,uhaul_50abdf077da94d07a688ee724c4badd8,count,15,14
2026-09-05,uhaul,uhaul_762073,762073,5x10,uhaul_eddd5d0ac4e4430d8e31f1db320d9e92,count,20,19
2026-09-05,uhaul,uhaul_762073,762073,10x10,uhaul_e2c3856f2ab4475d924786651c81a3a7,count,22,23
2026-09-05,uhaul,uhaul_762073,762073,10x20,uhaul_3e37744952c845deba62775f63de7553,count,3,2
2026-09-05,uhaul,uhaul_762075,762075,10x10,uhaul_086aabc05d8849f6857c97bb9e63e8d4,count,17,18
2026-09-05,uhaul,uhaul_762075,762075,10x15,uhaul_88cb141300df400eb0941c1f8632513e,count,5,6
2026-09-05,uhaul,uhaul_762079,762079,5x10,uhaul_abece69994fb49df96ae75d17cd5e95d,count,28,29
2026-09-05,uhaul,uhaul_762079,762079,10x20,uhaul_3491d0bbfef44eb2a6da6e5978d8efb2,count,9,10
2026-09-05,uhaul,uhaul_763024,763024,5x10,uhaul_65105cf93d9c41a2978f00f55e27c97a,count,5,3
2026-09-05,uhaul,uhaul_763024,763024,5x10,uhaul_3519171c43a4425aab57c3f7ca118dab,count,18,19
2026-09-05,uhaul,uhaul_763024,763024,5x10,uhaul_5119613e315b49f990ed70a0fdfd381f,count,5,4
2026-09-05,uhaul,uhaul_763024,763024,10x10,uhaul_1b5169f4b88947d0b7d110186f3043e3,count,18,17
2026-09-05,uhaul,uhaul_763025,763025,5x10,uhaul_b7c98d2835f24452af33a7b55b340465,count,15,17
2026-09-05,uhaul,uhaul_763025,763025,10x10,uhaul_24620ab239a746c480d2ecdb7643b1bd,count,3,4
2026-09-05,uhaul,uhaul_763025,763025,10x14,uhaul_8e28bad45c3742d1972d12ff81ffbafc,count,7,8
2026-09-05,uhaul,uhaul_763032,763032,5x10,uhaul_9e31065269404222a8914822a0ec5b15,count,23,22
2026-09-05,uhaul,uhaul_763032,763032,10x10,uhaul_5b6868c94cc14421b6d1ea37533b89cb,count,24,23
2026-09-05,uhaul,uhaul_763033,763033,5x10,uhaul_179f7c0def7d447d9f55d3e697a4fb26,count,5,6
2026-09-05,uhaul,uhaul_763033,763033,5x15,uhaul_903aae9bc8aa4c389889ec5ebd1d1949,count,68,67
2026-09-05,uhaul,uhaul_763041,763041,5x5,uhaul_7f465d3e3758413e90096d90ed2511ea,count,9,10
2026-09-05,uhaul,uhaul_763041,763041,5x5,uhaul_ebe25f45cb574ffeae4832b3e4c93640,count,11,10
2026-09-05,uhaul,uhaul_763041,763041,10x15,uhaul_77340561337a4fd4845a35fab16d5ed1,count,3,1
2026-09-05,uhaul,uhaul_763041,763041,10x10,uhaul_308dd0d7329441e98216e036c2ddb8b1,count,25,24
2026-09-05,uhaul,uhaul_763064,763064,10x10,uhaul_8316e754a16e4cf6b2709b5d8dac98da,count,20,21
2026-09-05,uhaul,uhaul_763070,763070,5x5,uhaul_9402167d42884a738386115d43628e25,count,22,21
2026-09-05,uhaul,uhaul_763070,763070,5x5,uhaul_c9929f21a58044168297e0ed7a498014,promo,Free Lock,
2026-09-05,uhaul,uhaul_763070,763070,5x10,uhaul_acb95c5eba50433bab27556b395b0c78,count,20,18
2026-09-05,uhaul,uhaul_763070,763070,10x5,uhaul_4dfe6edec93b4758a9c2d9ea25dde25b,count,6,4
2026-09-05,uhaul,uhaul_763070,763070,5x10,uhaul_75a3df9aa7aa4f6b9c4513448e7cf9db,count,12,13
2026-09-05,uhaul,uhaul_763070,763070,10x10,uhaul_44f6e8b4d13449159b9b265465b0ce52,count,33,32
2026-09-05,uhaul,uhaul_763070,763070,7.3x23.5,uhaul_866f5c4abd9442a4bd44f6d06ae23b92,count,51,50
2026-09-05,uhaul,uhaul_763071,763071,5x5,uhaul_bd963f85e6e24962b5465bcf52c9ba4f,count,10,11
2026-09-05,uhaul,uhaul_763072,763072,5x10,uhaul_35b82fc77ae64774986854e3ec3843ff,count,24,26
2026-09-05,uhaul,uhaul_763072,763072,10x10,uhaul_ab2fa6249ff941b283123d944d9a3f71,count,23,21
2026-09-05,uhaul,uhaul_763073,763073,5x5,uhaul_599c395e36c5464482e0f7b2b30521b0,count,3,4
2026-09-05,uhaul,uhaul_763073,763073,5x10,uhaul_84d484c8eb7945688c61f63e3f36c1c2,count,28,29
2026-09-05,uhaul,uhaul_763073,763073,5x10,uhaul_8fbcf2a2a4674fb7958b0dd5ebe117cd,count,1,2
2026-09-05,uhaul,uhaul_763073,763073,10x10,uhaul_76223532107e4a0baacd049377bd9f66,count,4,5
2026-09-05,uhaul,uhaul_763073,763073,10x15,uhaul_4a44d66c4a2b41a7969a9d80123c3ab2,count,9,8
2026-09-05,uhaul,uhaul_763073,763073,10x15,uhaul_e9cbd00e51114298a1451807071de70c,count,2,3
2026-09-05,uhaul,uhaul_763073,763073,10x10,uhaul_a057e0673c914231bacb0034081b524e,count,12,11
2026-09-05,uhaul,uhaul_763073,763073,10x15,uhaul_16ff7207e8b8486590f1cfa1337aca1e,count,4,5
2026-09-05,uhaul,uhaul_763074,763074,5x10,uhaul_2ca57e84a5c1448e9835e52ee79c2699,count,64,63
2026-09-05,uhaul,uhaul_763074,763074,10x10,uhaul_7631bcf09eb4487a88a68994892abbf3,count,37,36
2026-09-05,uhaul,uhaul_764051,764051,5x5,uhaul_728ea02e135f4ef0b70e2da23ea8d1ad,count,3,2
2026-09-05,uhaul,uhaul_764051,764051,5x10,uhaul_c039dbcc1e5d47bc95ff57b4df91795a,count,3,1
2026-09-05,uhaul,uhaul_764056,764056,5x10,uhaul_5a753d17d8a64d9b9b49f968ad6e32c3,count,17,16
2026-09-05,uhaul,uhaul_764068,764068,10x10,uhaul_c62bf876f6414f21b971a61a5aa04b2e,count,2,1
2026-09-05,uhaul,uhaul_764070,764070,10x10,uhaul_2cd208b2179148fba4a5d253108da5f0,count,2,1
2026-09-05,uhaul,uhaul_764070,764070,5x8,uhaul_c525806b628b4fb3b76f0bd6371e9790,count,21,20
2026-09-05,uhaul,uhaul_764070,764070,5x10,uhaul_b40e74fb90624fddbdd0550adeb59315,count,7,3
2026-09-05,uhaul,uhaul_764077,764077,10x10,uhaul_4fedcfae12ff433d9eaa70bbe6f89cef,count,4,3
2026-09-05,uhaul,uhaul_764077,764077,10x10,uhaul_02a264a73ecf4836a2dffd7a39c4ffca,count,6,4
2026-09-05,uhaul,uhaul_764079,764079,10x15,uhaul_44214257ac464b7088aa0efca96c0b4a,count,4,3
2026-09-05,uhaul,uhaul_765056,765056,5x5,uhaul_249e33b5d57348049106f35f9e055c94,count,9,10
2026-09-05,uhaul,uhaul_765056,765056,10x10,uhaul_cb9a5965ec6a4dd8aa6cef5687b9c0f6,count,23,22
2026-09-05,uhaul,uhaul_765056,765056,10x20,uhaul_c2008d584e084b8b81e8cafa8a113568,count,21,19
2026-09-05,uhaul,uhaul_765072,765072,5x10,uhaul_79bc49b892374e70b485984c83439dd6,count,13,15
2026-09-05,uhaul,uhaul_765072,765072,10x10,uhaul_69c3306718cc444fb4de13bea8d1352c,count,3,2
2026-09-05,uhaul,uhaul_765072,765072,10x10,uhaul_b1adbb92cd8d4ab4ab1a439325c342f1,count,22,20
2026-09-05,uhaul,uhaul_765072,765072,10x13,uhaul_0dd1fbdea8f142b8b33d5461033151c8,count,10,9
2026-09-05,uhaul,uhaul_765074,765074,5x5,uhaul_b3d2d213cd4947a7b3ec179d8775f1a6,count,8,9
2026-09-05,uhaul,uhaul_765074,765074,5x10,uhaul_3ec0655a11ab430caf68d3bd5f008358,count,1,2
2026-09-05,uhaul,uhaul_765074,765074,7x10,uhaul_b1f18855233f44a483b5adb2671b7e3b,promo,,Free Lock
2026-09-05,uhaul,uhaul_765075,765075,5x10,uhaul_65da4f1709934abe8469661efe803edb,count,15,14
2026-09-05,uhaul,uhaul_765077,765077,10x5,uhaul_adf311cee98349799a746538aa731b03,count,2,3
2026-09-05,uhaul,uhaul_765077,765077,10x15,uhaul_60467455258743b0853ababb8504ce2b,count,6,7
2026-09-05,uhaul,uhaul_765080,765080,10x10,uhaul_6c1a4ab17cbf4a69adac0f13094aa5c8,count,1,2
2026-09-05,uhaul,uhaul_765081,765081,10x10,uhaul_3dcec8695c4541a997457550c01aa581,count,27,26
2026-09-05,uhaul,uhaul_765084,765084,5x10,uhaul_4e06fdd43a0045ed96861621eac89d97,count,102,101
2026-09-05,uhaul,uhaul_765084,765084,10x8,uhaul_a82f2cdcad0948da99b2c8c6d4bc7f09,count,9,8
2026-09-05,uhaul,uhaul_765084,765084,10x15,uhaul_0b46c3fac5704d5bb777befcce5ed1dd,count,16,18
2026-09-05,uhaul,uhaul_765085,765085,10x10,uhaul_06a67f3b42cb47de9f1b0c6438b38037,count,53,51
2026-09-05,uhaul,uhaul_765086,765086,10x20,uhaul_7e24dc27feef45619df715ab26129bb1,count,68,67
2026-09-05,uhaul,uhaul_765086,765086,10x30,uhaul_21ad1777e62246d0a2da108002944cb6,count,27,26
2026-09-05,uhaul,uhaul_766029,766029,15x10,uhaul_468c4b7c52b74740a3ba6bfad4095402,count,8,10
2026-09-05,uhaul,uhaul_766053,766053,8x8,uhaul_3a5043b0c2f7417db384f0c35f88690b,count,2,5
2026-09-05,uhaul,uhaul_766053,766053,8x8,uhaul_7e051d54a228449285734f79ef348076,count,28,30
2026-09-05,uhaul,uhaul_766054,766054,5x10,uhaul_a60179ea3abf48cc889a9be5b3a87013,count,3,2
2026-09-05,uhaul,uhaul_766064,766064,10x20,uhaul_f4f1b68d84324cc6b71e2f2945a34983,count,1,2
2026-09-05,uhaul,uhaul_766071,766071,10x10,uhaul_6b43ead62ee5483190e2fc8f7c3a837b,count,17,15
2026-09-05,uhaul,uhaul_766071,766071,10x20,uhaul_77b9e85dc4804803ab217d09e706510e,count,4,3
2026-09-05,uhaul,uhaul_766071,766071,10x10,uhaul_8ac5c86f27d141e1888deaba38d66221,count,9,8
2026-09-05,uhaul,uhaul_766072,766072,5x5,uhaul_261eab029c0c4cdc943e0e2a3c1d5e2c,count,10,9
2026-09-05,uhaul,uhaul_766072,766072,5x10,uhaul_c89e869ee92540c0a3e15712d4b109b0,count,44,45
2026-09-05,uhaul,uhaul_766072,766072,10x5,uhaul_000736ca6f7142578681aa77eabe56d2,count,11,10
2026-09-05,uhaul,uhaul_766072,766072,5x10,uhaul_ae5d70bfa34549f9a1d3517042f79556,count,23,22
2026-09-05,uhaul,uhaul_766072,766072,10x10,uhaul_8f93f6bf25f445f8b60f619bfe93c842,count,21,20
2026-09-05,uhaul,uhaul_766072,766072,10x15,uhaul_fe62879ab77249c0b038dd857489c826,count,3,2
2026-09-05,uhaul,uhaul_766073,766073,5x8,uhaul_b658039eaee743c693a6d4af81b1da5e,count,5,6
2026-09-05,uhaul,uhaul_766074,766074,5x5,uhaul_daf258f2c9684b30bb1765e934f6489d,count,13,12
2026-09-05,uhaul,uhaul_767024,767024,10x10,uhaul_149177968d4244108e51437403bc5805,count,2,3
2026-09-05,uhaul,uhaul_767025,767025,8x9,uhaul_08e13d4e0dea4d65a55ac020104f2434,count,3,4
2026-09-05,uhaul,uhaul_767028,767028,10x10,uhaul_11e8e31e678e408d839b7859a945f4d7,count,14,15
2026-09-05,uhaul,uhaul_767045,767045,5x5,uhaul_6f22bc59702c414caa06858e0d235706,count,3,2
2026-09-05,uhaul,uhaul_767045,767045,10x10,uhaul_9847cce6e7044e41a1a629087f4f42a8,count,2,1
2026-09-05,uhaul,uhaul_767047,767047,10x20,uhaul_ee964580a6f9452a817aa6c059e4e98d,count,13,14
2026-09-05,uhaul,uhaul_767048,767048,10x10,uhaul_f1f4ae7ef8e04634b865a92de286fefb,count,17,16
2026-09-05,uhaul,uhaul_767048,767048,4x10,uhaul_c828c5be38724aa691390683175ea6e0,count,19,18
2026-09-05,uhaul,uhaul_767071,767071,5x8,uhaul_bb4c02c7ecd84e3ab8f2f53d84858e0a,count,1,2
2026-09-05,uhaul,uhaul_767071,767071,5x10,uhaul_2ef9aedbe16e4773b9a68be8ef75cc8c,count,19,18
2026-09-05,uhaul,uhaul_767071,767071,10x10,uhaul_0f909f70d56347de9984071a725b4eb8,count,13,12
2026-09-05,uhaul,uhaul_767072,767072,5x10,uhaul_c8bf3aba41774e888a1fbdca16b85f95,count,76,75
2026-09-05,uhaul,uhaul_767072,767072,10x10,uhaul_c213cc2bd7544ed99be20963c94c47b5,count,22,23
2026-09-05,uhaul,uhaul_767073,767073,10x10,uhaul_5b6a2ddba940452094821877131aa28f,count,6,7
2026-09-05,uhaul,uhaul_767075,767075,8x10,uhaul_c2eab0389d304e738eb3c69d84caeecf,count,2,3
2026-09-05,uhaul,uhaul_768055,768055,10x20,uhaul_c14170ecd6154b049f76104e59a62f47,count,18,17
2026-09-05,uhaul,uhaul_768058,768058,10x10,uhaul_24280b8a20174311a1a4262ba514ac9a,count,2,1
2026-09-05,uhaul,uhaul_768067,768067,10x5,uhaul_06ec2a930ef143f2a9c7e11d493105cb,count,3,4
2026-09-05,uhaul,uhaul_768069,768069,7.3x23.5,uhaul_a4da3408f93a4ea6a517c00acfcf3d1b,count,17,18
2026-09-05,uhaul,uhaul_768070,768070,5x10,uhaul_dba2ed1be324456fb95dbafd97e3e129,count,6,7
2026-09-05,uhaul,uhaul_768074,768074,5x5,uhaul_d229f45653d7480a96d0248adc31d85a,count,8,5
2026-09-05,uhaul,uhaul_768074,768074,10x10,uhaul_8123d035f61e4da4a4adb5d0dc31b49f,count,5,4
2026-09-05,uhaul,uhaul_768074,768074,10x10,uhaul_7c81aa456af34a589325fb713c4d00e7,promo,Free Lock,
2026-09-05,uhaul,uhaul_768074,768074,10x15,uhaul_4b0192b34980448580855575ce0185ca,count,6,5
2026-09-05,uhaul,uhaul_768075,768075,10x10,uhaul_68e1d552f51d44619c653881eb19b26e,count,4,2
2026-09-05,uhaul,uhaul_768075,768075,10x20,uhaul_d3971b55ee6b4c90a1705af2d4ecb256,count,2,1
2026-09-05,uhaul,uhaul_769029,769029,5x10,uhaul_642eb52d45a14d519becb014e206d33c,count,3,2
2026-09-05,uhaul,uhaul_769029,769029,5x15,uhaul_a7b8981469594bffa22d908aa2daee48,count,7,6
2026-09-05,uhaul,uhaul_769032,769032,5x5,uhaul_de8728972d494196beff49d031c5f23c,count,29,28
2026-09-05,uhaul,uhaul_769032,769032,5x10,uhaul_7cc837d543d44ea594afe64a0649ade1,count,62,63
2026-09-05,uhaul,uhaul_769032,769032,10x10,uhaul_8d07dc4df1534845b541e2df342136ba,count,21,22
2026-09-05,uhaul,uhaul_769032,769032,10x20,uhaul_040cee562b4341e9989324b3cd76e841,count,1,2
2026-09-05,uhaul,uhaul_769042,769042,5x10,uhaul_3e4de164ef704a458af9df826141525d,count,4,3
2026-09-05,uhaul,uhaul_769042,769042,10x10,uhaul_b4f1568957fc4bbbb463e00877279f21,count,3,2
2026-09-05,uhaul,uhaul_769053,769053,10x10,uhaul_bd1248f0e7064aeda2c0d16263652f91,count,6,5
2026-09-05,uhaul,uhaul_769053,769053,5x10,uhaul_8d6f47ef5c9448f692a5a37cf445ad3b,count,4,3
2026-09-05,uhaul,uhaul_769053,769053,10x10,uhaul_a8c1e04c9efc41a58ac43abde6481ff0,count,3,2
2026-09-05,uhaul,uhaul_769053,769053,10x15,uhaul_c9e82abeabd040abb6d4e0163ab66dd5,count,2,3
2026-09-05,uhaul,uhaul_769053,769053,10x30,uhaul_79a90c94661a4a79add4d0cbe4b351e8,count,8,7
2026-09-05,uhaul,uhaul_769073,769073,8x10,uhaul_fa287af732114fc186ef9955bd5ccb73,count,15,14
2026-09-05,uhaul,uhaul_770028,770028,5x10,uhaul_71d6c43b5eb34307886411ef397b07f9,count,10,11
2026-09-05,uhaul,uhaul_770028,770028,10x10,uhaul_43c5e9b5cd214be7910256d8e438b42a,count,4,5
2026-09-05,uhaul,uhaul_770050,770050,10x15,uhaul_36e22adb82b04b268596a585bcc7666e,count,12,13
2026-09-05,uhaul,uhaul_770073,770073,5x14,uhaul_2b859882533e4daf80b35eeea50f8e24,count,8,9
2026-09-05,uhaul,uhaul_770074,770074,5x5,uhaul_f19bc7246fce4177a629f14f56373d40,count,4,5
2026-09-05,uhaul,uhaul_770074,770074,5x5,uhaul_6e091b9f3689415f9e0a66cc34f43a31,count,3,5
2026-09-05,uhaul,uhaul_770074,770074,10x5,uhaul_3e925e45b74f4c199c822365d9b1917c,count,1,2
2026-09-05,uhaul,uhaul_770074,770074,5x10,uhaul_5b6c503283054ecb9c04c7e189b77e10,count,4,3
2026-09-05,uhaul,uhaul_770074,770074,10x10,uhaul_884947ae25fa463fa1044f01aa0d8684,count,3,2
2026-09-05,uhaul,uhaul_770075,770075,5x5,uhaul_f125dac029f44974a35d64a7fc62f0ef,count,45,44
2026-09-05,uhaul,uhaul_770075,770075,5x10,uhaul_30323dee342b45c3aba8b4d569a8220e,count,55,57
2026-09-05,uhaul,uhaul_770075,770075,10x6,uhaul_a26ff8330e914e07b5f03a8561423f42,count,7,6
2026-09-05,uhaul,uhaul_770075,770075,10x10,uhaul_98118dd2dcd34406bc410bd16d1501bd,count,30,28
2026-09-05,uhaul,uhaul_770077,770077,5x5,uhaul_614a0f4f786449eb82f815d73dadb8a6,count,33,32
2026-09-05,uhaul,uhaul_770077,770077,5x10,uhaul_4be5229d85f14fb38e7b124b83729503,count,30,31
2026-09-05,uhaul,uhaul_770077,770077,5x10,uhaul_dc09c043912541768ad1e83d91d10334,count,3,4
2026-09-05,uhaul,uhaul_770077,770077,10x10,uhaul_c209c382448a4193800154f06ba32cb5,count,18,16
2026-09-05,uhaul,uhaul_770077,770077,10x10,uhaul_52178f8b5fbb4198b55b38e0c65debd5,promo,,Free Lock
2026-09-05,uhaul,uhaul_770077,770077,10x15,uhaul_621aace424814bd3af70e2254d4ee2a6,promo,,Free Lock
2026-09-05,uhaul,uhaul_770077,770077,10x20,uhaul_e3ea0e2d1c734a7b920bb5ea2d953c81,promo,,Free Lock
2026-09-05,uhaul,uhaul_770077,770077,10x10,uhaul_641c4ce6582946b69a0ed51a4ed098ee,promo,,Free Lock
2026-09-05,uhaul,uhaul_770077,770077,7x23.5,uhaul_dada755e4da24944b6da8b6d9c4618c7,count,7,6
2026-09-05,uhaul,uhaul_770077,770077,10x20,uhaul_8f6291a7fc714687ad6b81f1672c54e2,promo,,Free Lock
2026-09-05,uhaul,uhaul_770078,770078,8x8,uhaul_caed1860ea704876a82d8eca18a22a85,count,2,1
2026-09-05,uhaul,uhaul_770078,770078,8x10,uhaul_8ff63ed9ab6c4f7aa33b67bb82d9f2a7,count,5,6
2026-09-05,uhaul,uhaul_770085,770085,5x10,uhaul_8b82585c91d34ca7b296e1f6f2cb71c3,count,4,5
2026-09-05,uhaul,uhaul_770085,770085,10x10,uhaul_854cd9ad763b4bec965800d0a773e31c,count,1,2
2026-09-05,uhaul,uhaul_771028,771028,5x10,uhaul_8397de3cb3264da9ba5b4d5cc74e2267,promo,Free Lock,
2026-09-05,uhaul,uhaul_771028,771028,8x10,uhaul_3cd878fb25b94f56b89d325aeec93fe0,count,4,5
2026-09-05,uhaul,uhaul_771028,771028,10x10,uhaul_56b28151519344c7b7c7d11b91356ac2,count,3,4
2026-09-05,uhaul,uhaul_771055,771055,8x8,uhaul_0ad0e0e6a3e34dc6a68e8ed24050f8eb,count,12,11
2026-09-05,uhaul,uhaul_771061,771061,10x10,uhaul_883652bce3964f588bfe21203fe2827f,count,3,2
2026-09-05,uhaul,uhaul_771066,771066,5x5,uhaul_1b8b310a783f43b285b8bb372ed21d31,count,2,3
2026-09-05,uhaul,uhaul_771066,771066,10x10,uhaul_f34e89cc28be47ea83cd3975a170c591,count,2,1
2026-09-05,uhaul,uhaul_771067,771067,10x15,uhaul_c2932cbc20ca455d9a23746cfeab21b6,promo,,Free Lock
2026-09-05,uhaul,uhaul_771068,771068,5x10,uhaul_eea28630a91c4bbfbafba2bb1bb7b868,count,41,42
2026-09-05,uhaul,uhaul_771068,771068,10x10,uhaul_2877c992cb9f4f11b1df2482c651a90e,count,14,15
2026-09-05,uhaul,uhaul_771071,771071,10x10,uhaul_44d2d6ed5e0e43828f7dec161bb261eb,count,12,11
2026-09-05,uhaul,uhaul_771071,771071,10x15,uhaul_4a6826273b224d508e732fc662ccc792,count,2,3
2026-09-05,uhaul,uhaul_771072,771072,5x10,uhaul_9aa7154a858a49a5b062fb785257686f,count,6,5
2026-09-05,uhaul,uhaul_771072,771072,10x10,uhaul_38774a7bd16a4ba09c89af78492b168a,count,10,11
2026-09-05,uhaul,uhaul_771072,771072,10x20,uhaul_1025f9f866ea4d0bb1536a31f35fbdfc,count,4,3
2026-09-05,uhaul,uhaul_771073,771073,5x5,uhaul_892a63be8fe04b18bff879877f17b6ce,count,10,9
2026-09-05,uhaul,uhaul_771073,771073,10x15,uhaul_d1efb8ec181748e5940669ccbc6a8ac2,count,13,14
2026-09-05,uhaul,uhaul_771074,771074,10x15,uhaul_6c73038437634136a9dcfba2190d357e,count,120,121
2026-09-05,uhaul,uhaul_771074,771074,10x20,uhaul_645fec6ac15c4f459e59a7ef8a908886,count,31,32
2026-09-05,uhaul,uhaul_771077,771077,5x10,uhaul_0252bc5ca11c46fda9ed44e633348422,count,35,36
2026-09-05,uhaul,uhaul_771078,771078,5x10,uhaul_eb7abc6283f241aab971ac53c7c18260,count,29,28
2026-09-05,uhaul,uhaul_771078,771078,10x10,uhaul_043c15ab7da9499f90b26983c208988b,count,2,1
2026-09-05,uhaul,uhaul_771087,771087,7x10,uhaul_ffbe35b1111a436489a77554ee21dc9c,count,3,2
2026-09-05,uhaul,uhaul_771087,771087,10x10,uhaul_b934fcb9e8384a7cba3694038ab62a0a,count,8,7
2026-09-05,uhaul,uhaul_772021,772021,5x5,uhaul_c3b659ae8aeb4ce696322a09d5e188f5,count,3,4
2026-09-05,uhaul,uhaul_772059,772059,10x15,uhaul_65405b8b12ec4a9ebc15474ff2804f6a,count,11,10
2026-09-05,uhaul,uhaul_772061,772061,10x15,uhaul_fbe66b00c8b4451ba05a11559acd6f7a,count,1,2
2026-09-05,uhaul,uhaul_772069,772069,8x10,uhaul_1d7edf232a9f41c1ab47f1b2d9e2355c,count,9,8
2026-09-05,uhaul,uhaul_772073,772073,5x10,uhaul_15100b397cf1456c853fbcc731b776e4,count,9,8
2026-09-05,uhaul,uhaul_772078,772078,5x10,uhaul_93b8fba7afaf4f2785407ea66e31c8d7,count,10,9
2026-09-05,uhaul,uhaul_772078,772078,12x30,uhaul_446613a9c62947cdae6a678cbe064673,count,2,1
2026-09-05,uhaul,uhaul_772079,772079,5x10,uhaul_7a58f761832745dab417854437039b42,count,2,1
2026-09-05,uhaul,uhaul_772081,772081,5x10,uhaul_3ec54f9523a64e1f8fe238c2db68969b,count,3,1
2026-09-05,uhaul,uhaul_773053,773053,5x5,uhaul_22e5a4d89bad4bc281766e57dc7467e2,count,5,4
2026-09-05,uhaul,uhaul_773053,773053,5x10,uhaul_7eed89786124421ea96f9e316e78977f,count,6,5
2026-09-05,uhaul,uhaul_773053,773053,10x10,uhaul_9f432a2b0717425889c7630aa3a8b867,count,4,5
2026-09-05,uhaul,uhaul_773055,773055,5x10,uhaul_fffcb277982743f98f641e8029e02329,count,6,5
2026-09-05,uhaul,uhaul_773055,773055,10x10,uhaul_16b46658255d407b810929b312cc6b19,count,9,8
2026-09-05,uhaul,uhaul_773072,773072,10x10,uhaul_f23807b8e38044a6bbfa2bb3d81356c9,count,8,10
2026-09-05,uhaul,uhaul_773072,773072,10x15,uhaul_01fe2d26bb64405ca7ed7cdd2efb7d38,count,2,1
2026-09-05,uhaul,uhaul_773073,773073,5x5,uhaul_2102816a74c44b20a886dcec2f77fc3b,count,18,17
2026-09-05,uhaul,uhaul_773073,773073,5x10,uhaul_73b6f2ac0aa64c44adadc15791d87400,count,10,11
2026-09-05,uhaul,uhaul_773074,773074,5x10,uhaul_4f21ee4992f74ee3836e7a0091a2f5e1,count,8,7
2026-09-05,uhaul,uhaul_773075,773075,5x12,uhaul_bdaa8d777d7c42cfb881e076302bde79,count,1,2
2026-09-05,uhaul,uhaul_773075,773075,10x15,uhaul_7f256cb3fb25432e86a86715781d290c,count,10,9
2026-09-05,uhaul,uhaul_773075,773075,15x10,uhaul_34870e19c3c64486bd58060b41ec5520,count,1,2
2026-09-05,uhaul,uhaul_773081,773081,5x10,uhaul_607c3d8b5433436990a07c33833e4281,count,8,7
2026-09-05,uhaul,uhaul_773081,773081,5x10,uhaul_6d687adf0230413d98eebf30926c3fa2,count,4,3
2026-09-05,uhaul,uhaul_773081,773081,10x10,uhaul_63276640e8e541cd99c9f52c44ba1cce,count,3,2
2026-09-05,uhaul,uhaul_773082,773082,10x19,uhaul_06fe6052cd264ed5ab00e0bff48caff7,count,10,9
2026-09-05,uhaul,uhaul_774024,774024,10x10,uhaul_256cba84c2214ae3b6c00a0466d2cc8d,count,3,4
2026-09-05,uhaul,uhaul_774028,774028,5x10,uhaul_42054bb0c0554bd0a76755b702778b33,count,6,7
2026-09-05,uhaul,uhaul_774028,774028,5x10,uhaul_dd992c6f2775465489a998d77607ef6c,count,18,17
2026-09-05,uhaul,uhaul_774028,774028,10x10,uhaul_30e153c3023a4cb482ebcdf71abbaec3,promo,,Free Lock
2026-09-05,uhaul,uhaul_774028,774028,10x10,uhaul_322aeeba85ee4a1ea232d2ba9cff238f,count,6,5
2026-09-05,uhaul,uhaul_774028,774028,10x10,uhaul_1d37c25484da48d7b679cf3af9c379b1,count,3,2
2026-09-05,uhaul,uhaul_774057,774057,5x10,uhaul_d67141fbc36b40788247eacfa35c1e94,count,30,29
2026-09-05,uhaul,uhaul_774057,774057,10x10,uhaul_8af1a51c8de345518fa45fa6ce5e5e61,count,4,2
2026-09-05,uhaul,uhaul_774059,774059,5x10,uhaul_87410add78334594a4327751b1b23ec4,count,2,1
2026-09-05,uhaul,uhaul_774065,774065,4x8,uhaul_ab181be373bb4ca0b38cae25e4bcb59b,count,17,18
2026-09-05,uhaul,uhaul_774065,774065,3x11,uhaul_1712e64049154ff9b6cb284b58feba58,count,6,7
2026-09-05,uhaul,uhaul_774072,774072,5x10,uhaul_d1f946320a6044d5890ad52da1271624,count,17,18
2026-09-05,uhaul,uhaul_774074,774074,10x10,uhaul_415240ac380a4211b1f7c09853ef63b7,count,11,10
2026-09-05,uhaul,uhaul_774075,774075,5x10,uhaul_43393c7a1ade4f5db0e3cce792153c1f,count,11,8
2026-09-05,uhaul,uhaul_774075,774075,10x15,uhaul_33fc55f607ff463486bea5a936f6431b,count,3,4
2026-09-05,uhaul,uhaul_774076,774076,5x10,uhaul_c9789630b63948baaa63e21f5d5189b9,count,7,6
2026-09-05,uhaul,uhaul_775026,775026,12x40,uhaul_c7f01059a7cf44e89faabe7cb673ca94,count,5,4
2026-09-05,uhaul,uhaul_775049,775049,5x10,uhaul_4eed4f06a2fb46db8eea428466d16276,count,8,9
2026-09-05,uhaul,uhaul_775057,775057,5x10,uhaul_34238d24c9484b1da3f1233140e0536a,count,12,13
2026-09-05,uhaul,uhaul_775057,775057,10x15,uhaul_ec416943fd07413b982f5f50ef75a868,count,2,3
2026-09-05,uhaul,uhaul_775072,775072,10x10,uhaul_2eb94716d82f4eaa90f5c7c556b68f36,count,7,6
2026-09-05,uhaul,uhaul_775072,775072,10x20,uhaul_3f39b190163d4196b21f95f132c9f8d7,count,2,3
2026-09-05,uhaul,uhaul_775073,775073,5x10,uhaul_ac2e2e2c8894450db42a87a4a89252ed,count,15,14
2026-09-05,uhaul,uhaul_775073,775073,5x10,uhaul_4c41e94a43994f7581d59bbde00eb072,count,16,15
2026-09-05,uhaul,uhaul_775073,775073,10x15,uhaul_5b96b780f0d34c2d9d0bb4cbca38ef80,count,14,15
2026-09-05,uhaul,uhaul_775075,775075,5x5,uhaul_4d9b207ec66f4bb9905c647039457560,count,53,54
2026-09-05,uhaul,uhaul_775075,775075,5x10,uhaul_38a1ce3fb1b546c5b7ae1e4f19f13a13,count,74,72
2026-09-05,uhaul,uhaul_775075,775075,10x15,uhaul_1bf21e9cf18d4dee8a5ae763940aad41,count,10,11
2026-09-05,uhaul,uhaul_775077,775077,5x5,uhaul_d3501c7b9ace44c8bfb11197700a8020,count,11,12
2026-09-05,uhaul,uhaul_775077,775077,5x10,uhaul_74a5493a9fd442468b715b8d96f16dbf,count,53,51
2026-09-05,uhaul,uhaul_775077,775077,10x10,uhaul_6971c1398fe541a7b5f0eee2ace9cdeb,count,19,20
2026-09-05,uhaul,uhaul_775077,775077,10x20,uhaul_895222d8a2cd4d04962b9aded48f0163,count,4,5
2026-09-05,uhaul,uhaul_775078,775078,5x10,uhaul_8ccc3b8a7445461391367fd364cdf1f7,count,37,36
2026-09-05,uhaul,uhaul_775078,775078,10x10,uhaul_528bc25c3b2040e18db7c1a256aaf509,count,32,31
2026-09-05,uhaul,uhaul_776028,776028,5x5,uhaul_de737b5a59f34c30bd38d24d11cafa97,count,11,12
2026-09-05,uhaul,uhaul_776028,776028,5x10,uhaul_d69e3b9cc0b3496bae5c16f1ba50a9ce,count,48,51
2026-09-05,uhaul,uhaul_776028,776028,10x15,uhaul_07377c54164c46bdaa22dec440d5808c,count,11,12
2026-09-05,uhaul,uhaul_776034,776034,10x15,uhaul_c0a72d6853d64b57a0ff5f2dd6bdf057,count,1,2
2026-09-05,uhaul,uhaul_776035,776035,4x8,uhaul_42cea893bb6b494a972c9e8060b2b3d8,count,1,2
2026-09-05,uhaul,uhaul_776053,776053,16x10,uhaul_ed74269060ae42249b2f82168f1e99cc,count,6,7
2026-09-05,uhaul,uhaul_776053,776053,5x5,uhaul_f9f30a39e91e468cb2de8d3f1a588de2,count,12,13
2026-09-05,uhaul,uhaul_776084,776084,5x5,uhaul_39c5d6c832f54be2be65a7a9c86d476a,promo,Free Lock,
2026-09-05,uhaul,uhaul_776084,776084,5x5,uhaul_39c5d6c832f54be2be65a7a9c86d476a,count,8,7
2026-09-05,uhaul,uhaul_776084,776084,10x10,uhaul_be30897061014313a7fb6e6eb77134c6,count,11,12
2026-09-05,uhaul,uhaul_777027,777027,5x10,uhaul_f44ebbebce494fd2a4e4adc3e7a1fc36,count,5,4
2026-09-05,uhaul,uhaul_777034,777034,5x5,uhaul_bc6340432f824baa91ad7d81e7062c81,count,24,25
2026-09-05,uhaul,uhaul_777034,777034,10x10,uhaul_7c99777d5c0d4ce68fafed559c6ed035,count,5,4
2026-09-05,uhaul,uhaul_777051,777051,5x10,uhaul_772e0240eff74f36ad0aaff54d2c0dc0,count,6,7
2026-09-05,uhaul,uhaul_777072,777072,5x5,uhaul_f7cd8663020f43c1804b110594e11ba3,count,18,17
2026-09-05,uhaul,uhaul_777072,777072,10x10,uhaul_5e74dc7c429043ef802e30513334dbad,count,28,27
2026-09-05,uhaul,uhaul_777072,777072,10x15,uhaul_a36b274e148b430ea0377f7dfeda5e5f,count,2,1
2026-09-05,uhaul,uhaul_777072,777072,10x10,uhaul_6fde965caa674ef2bf616feaf24ac317,count,2,3
2026-09-05,uhaul,uhaul_777073,777073,12x15,uhaul_4b1a52bd5ee94865acfb1afe32d29012,count,3,2
2026-09-05,uhaul,uhaul_777074,777074,5x10,uhaul_6ea9040af2884f81af4180e0f1fc255a,count,83,82
2026-09-05,uhaul,uhaul_777074,777074,10x10,uhaul_8eb4fb0ef4bd4bd8860234bdeb3273c6,count,105,106
2026-09-05,uhaul,uhaul_777074,777074,10x15,uhaul_65837a9e719c427b9bb3436d91945483,count,43,42
2026-09-05,uhaul,uhaul_777074,777074,10x20,uhaul_a74fbf2b00c74618883bb73217df241d,count,20,19
2026-09-05,uhaul,uhaul_777076,777076,10x10,uhaul_1f11f983be7146da9a94034d9ca43cd1,count,21,22
2026-09-05,uhaul,uhaul_778025,778025,5x5,uhaul_a4a01d6b252c49c8b3ae439ce4933461,count,1,3
2026-09-05,uhaul,uhaul_778025,778025,5x5,uhaul_2804c51cd8a94439a416e2e9a7b2a961,count,6,5
2026-09-05,uhaul,uhaul_778025,778025,10x30,uhaul_4265aab754a34460a9f9e1374f5a7ac4,count,5,6
2026-09-05,uhaul,uhaul_778026,778026,5x5,uhaul_cb49d3abcfec45bcb7523cc8df0cb084,count,2,3
2026-09-05,uhaul,uhaul_778050,778050,5x10,uhaul_deed78cc94da41c888a392681b13da3a,count,4,3
2026-09-05,uhaul,uhaul_778050,778050,10x24,uhaul_0b5e21e3d7464576b5712cab8bfe59c9,count,2,3
2026-09-05,uhaul,uhaul_778053,778053,10x10,uhaul_1731538fafb1447bac4e7b31569da432,count,2,3
2026-09-05,uhaul,uhaul_778055,778055,5x10,uhaul_36b58b832b2a4cd1a1217ab9539a3eb7,count,54,55
2026-09-05,uhaul,uhaul_778055,778055,10x10,uhaul_70664801141e4ec48a4fd50d4cac1f5f,count,3,2
2026-09-05,uhaul,uhaul_778061,778061,10x8,uhaul_c9bd4c9590c24aa9aac35a9fc800e3aa,count,1,2
2026-09-05,uhaul,uhaul_778061,778061,10x10,uhaul_8a36a157595a4d2ab8924a9562527a2e,count,3,4
2026-09-05,uhaul,uhaul_778061,778061,10x10,uhaul_dc5700dd39244169b2f7fd2230f67a8b,count,3,2
2026-09-05,uhaul,uhaul_778067,778067,10x10,uhaul_1c97070d624e4ae5b046a16a7844c237,count,5,4
2026-09-05,uhaul,uhaul_778071,778071,5x5,uhaul_d54aea0b764a41d5a8948b2965161e1b,count,16,15
2026-09-05,uhaul,uhaul_778071,778071,10x8,uhaul_1258d9e80551448a9a827c92316fc7ab,count,3,5
2026-09-05,uhaul,uhaul_778071,778071,10x10,uhaul_0f38ce2f086b43778eb473e37675754f,count,6,5
2026-09-05,uhaul,uhaul_778072,778072,10x10,uhaul_431d0ed1ca1a4aa3b69a2c34fd6f54b4,count,84,86
2026-09-05,uhaul,uhaul_778072,778072,10x15,uhaul_57e9bb6d46b446a1aade5ec426d5ab3e,count,21,20
2026-09-05,uhaul,uhaul_778072,778072,10x10,uhaul_125077e248f3493c9b88d2b3cda8a3ed,count,18,19
2026-09-05,uhaul,uhaul_778074,778074,5x5,uhaul_cd526608b0f54d52acf0ea9fb307f951,count,11,12
2026-09-05,uhaul,uhaul_778078,778078,5x10,uhaul_44d7f3bffffb4f10b066dd7468659b04,count,2,3
2026-09-05,uhaul,uhaul_778079,778079,5x10,uhaul_a5ee8d5bef184ef4a6a93fff4384f877,promo,Free Lock,
2026-09-05,uhaul,uhaul_778079,778079,5x10,uhaul_a5ee8d5bef184ef4a6a93fff4384f877,count,6,5
2026-09-05,uhaul,uhaul_778080,778080,10x20,uhaul_045ba29bb3bf4427988701bc6ee8c3ff,count,1,3
2026-09-05,uhaul,uhaul_779053,779053,5x5,uhaul_8918f83e19644664ab6335fb372d9ece,count,2,1
2026-09-05,uhaul,uhaul_779053,779053,10x10,uhaul_b800deae272041cf910a83895dbb310f,count,5,4
2026-09-05,uhaul,uhaul_779055,779055,5x10,uhaul_d51547618e8547458948c2173862b3d5,count,7,6
2026-09-05,uhaul,uhaul_779068,779068,5x10,uhaul_04891689f23241c5926a3f3489fba3ca,count,5,4
2026-09-05,uhaul,uhaul_779071,779071,5x10,uhaul_1a6f96438b2648e6b963823ff49ebaf1,count,14,13
2026-09-05,uhaul,uhaul_779072,779072,7x23.5,uhaul_c70970ac7aca4ad3a484e9c2c4ed66b5,count,4,5
2026-09-05,uhaul,uhaul_779078,779078,10x25,uhaul_a23ec1b0114b4c63a029da8a2e12e22d,count,3,4
2026-09-05,uhaul,uhaul_779080,779080,10x15,uhaul_929408781c9f486fa959cd67b3bd38ac,count,13,12
2026-09-05,uhaul,uhaul_779080,779080,10x20,uhaul_7e61388d24be45179989f7e0940f8167,count,13,12
2026-09-05,uhaul,uhaul_780022,780022,5x10,uhaul_fe27741e1563453dbd3f033fa6dcba63,count,8,7
2026-09-05,uhaul,uhaul_780022,780022,5x10,uhaul_4cea73f623e24852a7f1a2d43e628605,count,19,18
2026-09-05,uhaul,uhaul_780022,780022,10x10,uhaul_d8424c8f638b444f89b504f83dc9d93f,count,5,4
2026-09-05,uhaul,uhaul_780022,780022,10x10,uhaul_d8477a527ce542bbaa7c0ac196dff030,count,7,6
2026-09-05,uhaul,uhaul_780027,780027,10x10,uhaul_f6d2cf8aa281489cb498e127f4b00071,count,7,8
2026-09-05,uhaul,uhaul_780030,780030,5x10,uhaul_f7be3a70d88e4569b2fe5830d402357c,count,16,17
2026-09-05,uhaul,uhaul_780049,780049,10x10,uhaul_5e6b9e597ad84cfba7d119282ccb0df3,count,9,10
2026-09-05,uhaul,uhaul_780049,780049,10x20,uhaul_4af785881f514057b0104d2189465efe,count,5,6
2026-09-05,uhaul,uhaul_780049,780049,10x30,uhaul_e268cd8ed2904821baac3e569f6a3b2a,count,4,3
2026-09-05,uhaul,uhaul_780059,780059,5x10,uhaul_820051ef7da1440fb4fb8c5d9b1153c6,count,9,10
2026-09-05,uhaul,uhaul_780065,780065,10x10,uhaul_159b8e44cfd14af0a2db2d74640d911b,count,8,7
2026-09-05,uhaul,uhaul_780072,780072,5x8,uhaul_4470c7a8183f4156b48de5d2f12a0bf7,count,3,2
2026-09-05,uhaul,uhaul_780072,780072,5x10,uhaul_74d715a9cee148cdad28ff55456fe867,count,32,33
2026-09-05,uhaul,uhaul_780072,780072,10x20,uhaul_b7726c16a0184798a6248e5446debe35,count,4,2
2026-09-05,uhaul,uhaul_780073,780073,5x5,uhaul_6f32cbd59fe9426fa70b3d8fde7078b8,count,2,1
2026-09-05,uhaul,uhaul_780073,780073,5x5,uhaul_737c029643794a3dbda3ba063755d291,count,24,23
2026-09-05,uhaul,uhaul_780073,780073,5x10,uhaul_7fb02d68dabe4452beb120eba0f8b7c4,count,11,12
2026-09-05,uhaul,uhaul_780073,780073,5x10,uhaul_085387acd32b41c88cce81622ed377e6,count,19,20
2026-09-05,uhaul,uhaul_780073,780073,10x10,uhaul_70d1000f2c8f43089593050b0e528af7,count,5,4
2026-09-05,uhaul,uhaul_780073,780073,10x15,uhaul_edb85ada8d11435db005ff5555a4f0c7,count,5,6
2026-09-05,uhaul,uhaul_780074,780074,10x10,uhaul_3034f83dedea4c44a4b11b2cc4bb7c6f,count,11,12
2026-09-05,uhaul,uhaul_780075,780075,5x10,uhaul_a12ccb5c1922465fbe35b57f389a0b36,count,33,32
2026-09-05,uhaul,uhaul_780075,780075,10x15,uhaul_71053d4ac38e4af6bdce911f3762ec92,count,8,7
2026-09-05,uhaul,uhaul_781029,781029,10x10,uhaul_4238ca3bb7ae4042bf1f25c506d51978,count,6,5
2026-09-05,uhaul,uhaul_781059,781059,4x8,uhaul_6534754c3f8f4b5c8c87c8ccc99b0aa6,count,42,43
2026-09-05,uhaul,uhaul_781061,781061,10x10,uhaul_22ed7e081511463cb1ad693b34ccca78,count,10,9
2026-09-05,uhaul,uhaul_781066,781066,8x12,uhaul_a17ecc149f1c4d0989c7a6b01a3387e5,count,4,3
2026-09-05,uhaul,uhaul_781066,781066,8x14,uhaul_b575b913445e40529b2dea5f4a2862f1,count,16,17
2026-09-05,uhaul,uhaul_781071,781071,5x5,uhaul_9e73e86de55945f68f47636a26b9e371,count,17,16
2026-09-05,uhaul,uhaul_781071,781071,5x10,uhaul_ae3dc08facf9435e8724e781532b5fa8,count,45,46
2026-09-05,uhaul,uhaul_781073,781073,5x5,uhaul_550a4ab79c354d85a86438c1d06a13dd,promo,Free Lock,
2026-09-05,uhaul,uhaul_781073,781073,5x5,uhaul_550a4ab79c354d85a86438c1d06a13dd,count,4,3
2026-09-05,uhaul,uhaul_781073,781073,10x15,uhaul_c7ec35efeee24d259a5b2bec989dbe50,promo,Free Lock,
2026-09-05,uhaul,uhaul_781073,781073,10x15,uhaul_4b5d03f3a0614f8e958a9d1220cf39ea,count,30,29
2026-09-05,uhaul,uhaul_781073,781073,10x20,uhaul_777c39a9ec074468ba45c0737db7e0c4,count,2,3
2026-09-05,uhaul,uhaul_781074,781074,5x12,uhaul_845506efd15d4bbbb03fb3404cdb490b,count,7,6
2026-09-05,uhaul,uhaul_782017,782017,10x8,uhaul_e29fd0659ff940658127cea48d0bcc67,count,2,3
2026-09-05,uhaul,uhaul_782021,782021,5x10,uhaul_b5b37bfeae75447dbbcadf599be87e64,count,4,3
2026-09-05,uhaul,uhaul_782028,782028,5x8,uhaul_f148385e1d6840529ccfb1098ba83fa7,promo,,Free Lock
2026-09-05,uhaul,uhaul_782028,782028,5x8,uhaul_f148385e1d6840529ccfb1098ba83fa7,count,1,2
2026-09-05,uhaul,uhaul_782028,782028,5x5,uhaul_5682924a92af4520aea6a2e7668471a5,count,52,51
2026-09-05,uhaul,uhaul_782028,782028,5x5,uhaul_2766608456884f03b8de15e177531331,promo,,Free Lock
2026-09-05,uhaul,uhaul_782028,782028,5x9,uhaul_cd88395e35534a23b4dac36fe7eb030a,count,8,9
2026-09-05,uhaul,uhaul_782028,782028,5x10,uhaul_48e03b1a58de4bb49d7a637ca1edf4a4,count,148,147
2026-09-05,uhaul,uhaul_782028,782028,10x15,uhaul_af18715918bb44e1be718767017c559b,count,3,2
2026-09-05,uhaul,uhaul_782032,782032,5x10,uhaul_4029a9d7a06c4da381539cf1539d1755,count,13,14
2026-09-05,uhaul,uhaul_782032,782032,10x10,uhaul_cab19d787f1b4c14b897916fae82dacb,count,16,15
2026-09-05,uhaul,uhaul_782032,782032,10x15,uhaul_0ab2f90982ee405c97d4fb5d3be38958,count,2,1
2026-09-05,uhaul,uhaul_782050,782050,10x10,uhaul_b7385dff59494f11b90012d960662644,count,3,4
2026-09-05,uhaul,uhaul_782050,782050,10x10,uhaul_1b32b487cab9401688b5bf529edbc28a,count,5,6
2026-09-05,uhaul,uhaul_782059,782059,5x10,uhaul_cb23f15309af4532818d1141b4487ecb,count,23,21
2026-09-05,uhaul,uhaul_782059,782059,10x10,uhaul_fe9513cd88b24131a7187290861f8073,count,19,20
2026-09-05,uhaul,uhaul_782059,782059,10x15,uhaul_06f83336d9d748229e39075c3a1ee498,count,5,6
2026-09-05,uhaul,uhaul_782068,782068,10x10,uhaul_fdaf82fb174a429e9413bdf8a49ddc9f,count,5,4
2026-09-05,uhaul,uhaul_782068,782068,10x10,uhaul_184a5056509543a2908714997818418d,count,3,4
2026-09-05,uhaul,uhaul_782072,782072,5x10,uhaul_b280a37541404f10901dd4438747b047,count,8,7
2026-09-05,uhaul,uhaul_782072,782072,10x10,uhaul_8d975909acfa4dfcb1adfd80fff37eef,count,2,3
2026-09-05,uhaul,uhaul_782078,782078,5x5,uhaul_27a44c5243cf427e8d322ece4143724f,count,11,10
2026-09-05,uhaul,uhaul_782082,782082,5x10,uhaul_d9e895d9dfc84739bf81cb1e9b5f76e1,count,29,30
2026-09-05,uhaul,uhaul_782082,782082,5x15,uhaul_94ab4393cb8b49dba72d3894829f68f2,count,4,5
2026-09-05,uhaul,uhaul_783031,783031,5x10,uhaul_68a8d157886143b8934ce29938454d96,count,4,5
2026-09-05,uhaul,uhaul_783031,783031,10x10,uhaul_689a837579a34c0692ae4f3c3c2c84cc,count,5,4
2026-09-05,uhaul,uhaul_783031,783031,10x25,uhaul_fb0b369ab67941f8b5092e9f9c3bbac8,promo,,Free Lock
2026-09-05,uhaul,uhaul_783032,783032,7.5x10,uhaul_cdecf0b4f82a46dd92046eb3888fa91e,count,6,7
2026-09-05,uhaul,uhaul_783047,783047,10x10,uhaul_7a315580a641433389ecc19a6ef9e04a,count,6,7
2026-09-05,uhaul,uhaul_783062,783062,5x10,uhaul_ee111e2199df4017b313594de85e8942,count,8,7
2026-09-05,uhaul,uhaul_783071,783071,5x10,uhaul_096b5d1a21c94b8eb3aaccc2f918a735,count,24,25
2026-09-05,uhaul,uhaul_783071,783071,10x15,uhaul_77b8b39258184e86b63a41b0cb24297d,count,16,15
2026-09-05,uhaul,uhaul_783073,783073,5x10,uhaul_a6072589b85b4107a61aa85ccd100d4f,count,39,40
2026-09-05,uhaul,uhaul_783073,783073,5x15,uhaul_43a2b2b514e840cb93c90ebbacd2e911,count,17,18
2026-09-05,uhaul,uhaul_783074,783074,5x10,uhaul_9edfde0a8d3b402b8a5c2b4528f75f33,count,13,12
2026-09-05,uhaul,uhaul_783075,783075,5x5,uhaul_6fa21e88b14541aba7a40beb32bba276,count,22,23
2026-09-05,uhaul,uhaul_783075,783075,10x5,uhaul_12d628dee9e14a5d9cac9d8df0bf4a74,count,19,17
2026-09-05,uhaul,uhaul_783075,783075,8x10,uhaul_3d4abd5693844355a20593a0566ab863,promo,Free Lock,
2026-09-05,uhaul,uhaul_783075,783075,8x10,uhaul_3d4abd5693844355a20593a0566ab863,count,3,2
2026-09-05,uhaul,uhaul_783075,783075,10x10,uhaul_1056b6065072412db60f4d3338510970,count,20,19
2026-09-05,uhaul,uhaul_783075,783075,10x15,uhaul_284505c07a5c4e83ad5dddc9678987d2,count,4,3
2026-09-05,uhaul,uhaul_783075,783075,11x30,uhaul_4840e9777ca34d769ff537d3e31bf6f3,promo,Free Lock,
2026-09-05,uhaul,uhaul_783078,783078,5x10,uhaul_81d03ba99e874762ba09055743761ba2,count,9,8
2026-09-05,uhaul,uhaul_783079,783079,10x10,uhaul_535d04213ff541bd8f2394f9bb3a4973,count,5,7
2026-09-05,uhaul,uhaul_783081,783081,10x10,uhaul_5ca7ff31defc4aa0acb72aadac3ff570,count,8,9
2026-09-05,uhaul,uhaul_783083,783083,5x5,uhaul_d33d5ad1730044848cd73f4f993b301f,count,15,14
2026-09-05,uhaul,uhaul_784028,784028,5x10,uhaul_aa983b9e75c74f8591e786f589139262,count,12,13
2026-09-05,uhaul,uhaul_784028,784028,12x30,uhaul_aa5b7a611eb44a3f96089ee06289691f,count,3,2
2026-09-05,uhaul,uhaul_784030,784030,10x10,uhaul_d0e8f73ce01d4858b74d92c8f8039044,count,6,5
2026-09-05,uhaul,uhaul_784030,784030,10x30,uhaul_1cf46ee5bf01419abf755290ee725510,count,1,2
2026-09-05,uhaul,uhaul_784033,784033,5x5,uhaul_6319aaf7e8f442d39b9983432d13b353,promo,,Free Lock
2026-09-05,uhaul,uhaul_784033,784033,5x5,uhaul_6319aaf7e8f442d39b9983432d13b353,count,2,3
2026-09-05,uhaul,uhaul_784033,784033,10x5,uhaul_0ffdde4d1c7b4aa6b5edf0115c85d654,count,8,7
2026-09-05,uhaul,uhaul_784033,784033,10x10,uhaul_78b9d4afeeb9464c93f0498cfe221349,promo,Free Lock,
2026-09-05,uhaul,uhaul_784049,784049,5x5,uhaul_28e2886a06c64df3ab9b9b47f060dacb,count,2,1
2026-09-05,uhaul,uhaul_784049,784049,3x3,uhaul_922a7eaffd5449e59832a8eabe8bfcd1,promo,Free Lock,
2026-09-05,uhaul,uhaul_784051,784051,10x5,uhaul_68a5c79d03974b78b7f9ae1ba96df6d4,count,2,3
2026-09-05,uhaul,uhaul_784051,784051,10x10,uhaul_d2b245b2c5eb48d7af5c9cc92ee8fd3e,count,2,1
2026-09-05,uhaul,uhaul_784054,784054,7x3.5,uhaul_908db74a85364a6780ed72554cafdbef,count,20,19
2026-09-05,uhaul,uhaul_784054,784054,7x11.3,uhaul_daa1607b9fdb4069be7005517729929d,count,1,2
2026-09-05,uhaul,uhaul_784067,784067,5x8,uhaul_5cd4d24aece946a0840c3caa80dcfa95,count,5,4
2026-09-05,uhaul,uhaul_784067,784067,5x10,uhaul_c7a9d5f370ff467dbc5545318f3fac64,count,26,25
2026-09-05,uhaul,uhaul_784072,784072,10x15,uhaul_e17051f87a154a1f878baffa2e581f86,count,5,4
2026-09-05,uhaul,uhaul_784073,784073,5x5,uhaul_2df6005bffb74225b2e2af6fec2a48d9,count,28,27
2026-09-05,uhaul,uhaul_784073,784073,5x10,uhaul_c5a068e7c9264a869a27a81b598bb6ab,count,13,12
2026-09-05,uhaul,uhaul_784073,784073,10x10,uhaul_e3f704f4b8c0426689fc8dd01f8f753f,count,10,11
2026-09-05,uhaul,uhaul_784073,784073,10x15,uhaul_b3e04b9971864a139586807dc9c323cf,count,12,11
2026-09-05,uhaul,uhaul_785025,785025,5x10,uhaul_ddbdd3eaaaa64d6a8844807282597d4e,count,4,5
2026-09-05,uhaul,uhaul_785027,785027,10x30,uhaul_36746ede05954d2a9548cf4fa0aacbf9,count,8,7
2026-09-05,uhaul,uhaul_785030,785030,10x10,uhaul_84ef9713177f46c594bef8bb835a20aa,count,6,5
2026-09-05,uhaul,uhaul_785041,785041,5x10,uhaul_824a3035bb81495c9d8d2e521abe2344,count,4,5
2026-09-05,uhaul,uhaul_785073,785073,5x5,uhaul_a87cbddedeaa4bb191d3f95be2127d24,count,2,1
2026-09-05,uhaul,uhaul_785073,785073,5x10,uhaul_7ed742ea61b940188aef58dc30563c7f,count,8,9
2026-09-05,uhaul,uhaul_785073,785073,5x10,uhaul_7af1264cfb2242fbbdd3dffdbd8636e7,count,3,2
2026-09-05,uhaul,uhaul_785073,785073,10x10,uhaul_c2975d4eff6d46aaacb5d9dff5723b73,count,1,2
2026-09-05,uhaul,uhaul_786042,786042,5x5,uhaul_d6bf33c7261b4bb19cbced8ea503ce56,promo,,Free Lock
2026-09-05,uhaul,uhaul_786042,786042,5x5,uhaul_d6bf33c7261b4bb19cbced8ea503ce56,count,1,2
2026-09-05,uhaul,uhaul_786042,786042,6x5,uhaul_3ee625f682c849a5a83aed7d7ba35699,promo,,Free Lock
2026-09-05,uhaul,uhaul_786042,786042,5x5,uhaul_340bec7c474744b5b6ad21477c1f3667,promo,,Free Lock
2026-09-05,uhaul,uhaul_786042,786042,5x10,uhaul_c869783d948c4bc3abec9d879370828b,promo,,Free Lock
2026-09-05,uhaul,uhaul_786042,786042,10x12,uhaul_47c1a25af3d84e00b10935b3de6ca071,promo,,Free Lock
2026-09-05,uhaul,uhaul_786042,786042,5x10,uhaul_5bdb862c66024077b00cbe8940b7e5b0,promo,,Free Lock
2026-09-05,uhaul,uhaul_786042,786042,10x20,uhaul_8c7c7e4e86484d13ba0793914f0bfe75,promo,,Free Lock
2026-09-05,uhaul,uhaul_786042,786042,5x5,uhaul_3c1d7033e2c84026a4a1084b4aa403aa,count,38,39
2026-09-05,uhaul,uhaul_786046,786046,10x10,uhaul_be339d668ace40cfb7700f85f1bfe62b,count,4,5
2026-09-05,uhaul,uhaul_786046,786046,15x9,uhaul_69b101696a7e4e8e802974003b95329d,promo,,Free Lock
2026-09-05,uhaul,uhaul_786051,786051,5x10,uhaul_e490d9a10b744b668040ef9ac1941dd3,count,2,1
2026-09-05,uhaul,uhaul_786054,786054,7x3,uhaul_573177a8008f4138a73f8ca7b6e4ae5c,promo,,Free Lock
2026-09-05,uhaul,uhaul_786054,786054,6x7,uhaul_277067dc33cd4027a1cb31ff814479bc,promo,,Free Lock
2026-09-05,uhaul,uhaul_786054,786054,8x8,uhaul_a27032c167794f8788d88a5bb4015ca1,promo,,Free Lock
2026-09-05,uhaul,uhaul_786054,786054,8x11,uhaul_1eb93776edc84bf3b8ea12a7af082787,promo,,Free Lock
2026-09-05,uhaul,uhaul_786054,786054,10x10,uhaul_7303f948320748989f87075a163cb06b,promo,,Free Lock
2026-09-05,uhaul,uhaul_786054,786054,4x4,uhaul_406b0d59e6d04b6b897ac3269735e10f,promo,,Free Lock
2026-09-05,uhaul,uhaul_786055,786055,10x10,uhaul_e495bde5c6cd4ad4bb64e31192ab92c6,count,2,1
2026-09-05,uhaul,uhaul_786055,786055,10x15,uhaul_851e90ef375e4b03b5fa058347335136,count,9,8
2026-09-05,uhaul,uhaul_786072,786072,5x5,uhaul_ea1c729a6da44b2bb0afcb8c848293ac,count,22,23
2026-09-05,uhaul,uhaul_786072,786072,10x10,uhaul_383e581a61d44409b044b3d8a741b14b,count,7,8
2026-09-05,uhaul,uhaul_786072,786072,10x10,uhaul_2778fc03b1d34a7eb61ae55bb2245d9f,count,21,22
2026-09-05,uhaul,uhaul_787015,787015,5x10,uhaul_bb096b0b05b4457588d22ae65b88420e,count,9,10
2026-09-05,uhaul,uhaul_787057,787057,5x10,uhaul_13a7491979bd4220a1beb14e1c4cb7e2,count,2,1
2026-09-05,uhaul,uhaul_787057,787057,5x8,uhaul_6424c4d12e134756908a07de6af119c9,count,3,2
2026-09-05,uhaul,uhaul_787067,787067,5x10,uhaul_2229685bbdcf446f905cf836f849a18b,count,5,6
2026-09-05,uhaul,uhaul_787069,787069,5x5,uhaul_0c535e3b776c4a42b3d520c7adad3f39,count,8,9
2026-09-05,uhaul,uhaul_787071,787071,5x10,uhaul_8fa722c3448d41d585621bce647e3b21,promo,Free Lock,
2026-09-05,uhaul,uhaul_787071,787071,5x10,uhaul_8fa722c3448d41d585621bce647e3b21,count,3,1
2026-09-05,uhaul,uhaul_787072,787072,5x5,uhaul_2da64678a3114d08b886b1e58bc6e143,count,1,2
2026-09-05,uhaul,uhaul_787072,787072,10x5,uhaul_0eb46bcdb3a84ac6ac3536ca7a14df0e,count,2,1
2026-09-05,uhaul,uhaul_787075,787075,5x5,uhaul_a2154de39cea494ebae36bfadcdab263,count,3,4
2026-09-05,uhaul,uhaul_787075,787075,5x10,uhaul_1d779bcbfdfd4efa96a61bf0d2079c8c,count,17,16
2026-09-05,uhaul,uhaul_787075,787075,10x10,uhaul_4fe3075b26a74be9b9a5b957e76aa9fa,count,26,25
2026-09-05,uhaul,uhaul_787075,787075,7.3x16.8,uhaul_61a4f8bd862048d399ce21adbd34a886,count,20,21
2026-09-05,uhaul,uhaul_787076,787076,10x10,uhaul_e7d5901ac9c649f0bedeee098f098b82,count,28,29
2026-09-05,uhaul,uhaul_787076,787076,10x10,uhaul_6e2dadcf2f8c45e58807200696d17c06,count,7,5
2026-09-05,uhaul,uhaul_787076,787076,10x20,uhaul_f19e61714e59423b9a50e86f18186e0f,count,2,3
2026-09-05,uhaul,uhaul_787078,787078,5x8,uhaul_00748f2987204c7d962466222eba5a39,count,2,1
2026-09-05,uhaul,uhaul_788028,788028,5x10,uhaul_46caec93aa9e4e58ad86f4bea4ad9c20,count,28,27
2026-09-05,uhaul,uhaul_788028,788028,5x10,uhaul_91a3ebe6eaff45d58729ebd4630652d2,count,26,27
2026-09-05,uhaul,uhaul_788028,788028,9x10,uhaul_d941c43098bc49df99b0af230a05d97f,count,9,10
2026-09-05,uhaul,uhaul_788028,788028,10x10,uhaul_c5f200e0fb2048eb9201606766f31882,count,17,16
2026-09-05,uhaul,uhaul_788029,788029,5x10,uhaul_e23d1daec48e4191b0492c9326ba15fb,count,11,12
2026-09-05,uhaul,uhaul_788029,788029,10x15,uhaul_41fd805e32684de09083452e0d02d6f9,count,2,3
2026-09-05,uhaul,uhaul_788052,788052,4x5,uhaul_3bf056aa1e484c8abefc7f70347f723d,count,3,4
2026-09-05,uhaul,uhaul_788052,788052,10x9,uhaul_951809fbd6274379b7dbe2a74057213e,count,13,12
2026-09-05,uhaul,uhaul_788052,788052,10x10,uhaul_6b0a7fbf1d7f471d8cc6fcde4383ab94,count,4,5
2026-09-05,uhaul,uhaul_788057,788057,5x10,uhaul_bd9d59eabad3425f9bf3876e87246be0,count,56,55
2026-09-05,uhaul,uhaul_788057,788057,5x10,uhaul_c3071f9081924b7d87d2c8b60027d54e,count,22,21
2026-09-05,uhaul,uhaul_788083,788083,5x10,uhaul_dcef9624b22c4d2dbd8374f89687d455,count,5,6
2026-09-05,uhaul,uhaul_789028,789028,5x5,uhaul_56ac7039a9994525a3b83bab414d08ea,count,4,5
2026-09-05,uhaul,uhaul_789028,789028,8x10,uhaul_edb6adc6b29f47f3a7e3bdb9a70e25dd,count,2,3
2026-09-05,uhaul,uhaul_789059,789059,10x8,uhaul_64d78157d2a64627aa2c4d7c79d5072b,count,3,2
2026-09-05,uhaul,uhaul_789059,789059,10x15,uhaul_050077c9452d42cb898b08fd21ca6841,count,15,16
2026-09-05,uhaul,uhaul_789061,789061,7.3x23.5,uhaul_2678372692504bc791347720d0803b8f,count,4,3
2026-09-05,uhaul,uhaul_789071,789071,5x5,uhaul_b2689c794a3a4fce9846014d057accbf,count,6,5
2026-09-05,uhaul,uhaul_789071,789071,5x10,uhaul_22d1521eeef64b31ab39fe8a4e3f1975,count,27,28
2026-09-05,uhaul,uhaul_789071,789071,10x10,uhaul_85cf01789fdf48d1b482dc1216df60cf,count,7,8
2026-09-05,uhaul,uhaul_789072,789072,5x10,uhaul_43c0a836fd1445cabc5c8907130013c6,count,37,36
2026-09-05,uhaul,uhaul_789072,789072,10x8,uhaul_d7bba30d23f04c8da8aec91c21073cbc,count,15,16
2026-09-05,uhaul,uhaul_790049,790049,5x10,uhaul_fcae5086d054469e898081a963ba5a0f,count,10,9
2026-09-05,uhaul,uhaul_790049,790049,10x10,uhaul_c60a8a8afd314759981746747f5de3e5,count,4,3
2026-09-05,uhaul,uhaul_790049,790049,10x15,uhaul_25daefc155b5438fab11838ae4c99525,count,8,9
2026-09-05,uhaul,uhaul_790053,790053,5x5,uhaul_498a41284ba54e9ab14d9091c7b38e29,count,4,5
2026-09-05,uhaul,uhaul_790053,790053,5x10,uhaul_8493202acd594264b74fd7b4bff2419f,count,5,6
2026-09-05,uhaul,uhaul_790055,790055,8x8,uhaul_d08a0b7e861d4ea89b90075ab79c58df,count,2,1
2026-09-05,uhaul,uhaul_790059,790059,5x10,uhaul_a674b3ee281e441eafe992ae64abd5c5,count,6,7
2026-09-05,uhaul,uhaul_790061,790061,10x10,uhaul_a717cde3be3c42f18e27d418865f5c14,count,6,5
2026-09-05,uhaul,uhaul_790062,790062,5x10,uhaul_267376972118482daa4bbc553328d422,count,20,19
2026-09-05,uhaul,uhaul_790064,790064,4x8,uhaul_5e2311de26684bdb8c747d79ba26126a,count,2,3
2026-09-05,uhaul,uhaul_790072,790072,5x10,uhaul_fdcb4c8582f8484caa8b124a556ce639,count,11,10
2026-09-05,uhaul,uhaul_790073,790073,10x10,uhaul_d948531340104d57ab2dc03693e96cc4,count,24,23
2026-09-05,uhaul,uhaul_790074,790074,10x10,uhaul_8c575e1079284651b204faa05ec93273,count,17,18
2026-09-05,uhaul,uhaul_790075,790075,10x20,uhaul_cdae86afbd164284ae61c8f9be29facd,count,8,9
2026-09-05,uhaul,uhaul_790078,790078,10x10,uhaul_19c7329eecff441c90c3aecc368bfcc4,count,13,14
2026-09-05,uhaul,uhaul_790078,790078,7.3x16.8,uhaul_967eb0c835f34ba4b17eb4e6107d8a72,count,4,3
2026-09-05,uhaul,uhaul_790079,790079,10x10,uhaul_42af981384b34dc4ad6abb2048fb5167,count,14,13
2026-09-05,uhaul,uhaul_791023,791023,8x8,uhaul_de04111f684f431ea24f707367fe44b8,count,2,3
2026-09-05,uhaul,uhaul_791023,791023,10x12,uhaul_4f94ffbc2ecd45b68efbf8079450ff09,count,3,4
2026-09-05,uhaul,uhaul_791024,791024,5x10,uhaul_d85adc7d004247da84effe615d716796,count,2,3
2026-09-05,uhaul,uhaul_791073,791073,10x10,uhaul_dd5ab45b16f04d6b962e742b5de10ed6,count,6,7
2026-09-05,uhaul,uhaul_791074,791074,5x5,uhaul_3bcf15ced6c84be3bcba14071385be76,count,2,1
2026-09-05,uhaul,uhaul_791074,791074,10x10,uhaul_3bcce002d33d477d9c47eb239114fbcd,count,15,16
2026-09-05,uhaul,uhaul_791074,791074,10x15,uhaul_6ebd708387224bdb926e2dbc21696d84,count,4,5
2026-09-05,uhaul,uhaul_791076,791076,5x10,uhaul_0296b32f58e04811b2348a02c4674c23,count,2,6
2026-09-05,uhaul,uhaul_791076,791076,10x10,uhaul_14270e470aba45369dd15b29fd2b633b,count,6,5
2026-09-05,uhaul,uhaul_791076,791076,10x10,uhaul_e7af297b74bd4ef4a595c9b29e62fa2a,count,3,5
2026-09-05,uhaul,uhaul_792071,792071,5x10,uhaul_03f560716fff49aba78cae6aa5eb3563,count,3,2
2026-09-05,uhaul,uhaul_792071,792071,10x10,uhaul_1ae3352ac45e463ab513e37050f053ff,count,2,1
2026-09-05,uhaul,uhaul_792072,792072,12x45,uhaul_134aeece1ac34f34a132adfe967caf8f,promo,,Free Lock
2026-09-05,uhaul,uhaul_792072,792072,12x45,uhaul_134aeece1ac34f34a132adfe967caf8f,count,2,3
2026-09-05,uhaul,uhaul_792072,792072,7.3x16.8,uhaul_435cd253389c47ffa576894b75de22e2,count,1,2
2026-09-05,uhaul,uhaul_792075,792075,5x10,uhaul_a73be7340c2d4c4e8acd3423cf7f5b1f,count,6,7
2026-09-05,uhaul,uhaul_792077,792077,10x30,uhaul_1862e1968d0342f7922bec79a6de00ae,count,3,2
2026-09-05,uhaul,uhaul_793028,793028,5x5,uhaul_7b37ea8885a144d882e96b6c6e8708c6,count,7,6
2026-09-05,uhaul,uhaul_793028,793028,5x10,uhaul_9a38570e33814e99b90d418adeef3318,count,9,7
2026-09-05,uhaul,uhaul_793028,793028,10x10,uhaul_350ea7b7c1a14597abba0c89e0b10ee6,count,7,6
2026-09-05,uhaul,uhaul_793028,793028,10x10,uhaul_ca2d7cbc8c9d4d14b67d5cd1a8de5a98,count,9,10
2026-09-05,uhaul,uhaul_793050,793050,5x5,uhaul_bd31e707e8dc4c5d9f154b35536c1751,count,7,5
2026-09-05,uhaul,uhaul_793050,793050,5x10,uhaul_bd39351951f64354ae12541ae2575ac2,count,7,6
2026-09-05,uhaul,uhaul_793070,793070,10x15,uhaul_bff74c81175e4c938d6924d3183a55cc,count,8,7
2026-09-05,uhaul,uhaul_793071,793071,5x10,uhaul_47771a2bd9bc4d9dbf874881fba313d4,count,4,5
2026-09-05,uhaul,uhaul_793071,793071,10x10,uhaul_1aef805e0042402b9a041b3fda6a56ff,count,9,11
2026-09-05,uhaul,uhaul_793071,793071,10x15,uhaul_9db5b53ab51c44199a8e48025449bc29,count,61,62
2026-09-05,uhaul,uhaul_793073,793073,5x10,uhaul_2874dffe0e9048ee879311d9b35e71c9,count,22,21
2026-09-05,uhaul,uhaul_793073,793073,10x10,uhaul_968538f4e95b4e43bd5170daf290dd64,count,11,8
2026-09-05,uhaul,uhaul_793074,793074,5x5,uhaul_cb75f533107542978b971321a61c1f82,count,2,1
2026-09-05,uhaul,uhaul_793074,793074,10x10,uhaul_00420c57a53b4e539c623c170d51e2c6,count,5,6
2026-09-05,uhaul,uhaul_793074,793074,10x10,uhaul_cf0a9f24395149bda5cee3b0f146b868,count,4,5
2026-09-05,uhaul,uhaul_793075,793075,5x10,uhaul_1ef3d1d0548048a5b6fd26cf66291812,promo,Free Lock,
2026-09-05,uhaul,uhaul_793075,793075,8x10,uhaul_82bf470f545441f58a9b865a9af9ae50,count,12,11
2026-09-05,uhaul,uhaul_793080,793080,8x10,uhaul_affda35429844b02a9bf59aba5e6e37e,count,4,3
2026-09-05,uhaul,uhaul_793081,793081,5x10,uhaul_0baaafdd514246f687c76bb4df664921,count,41,42
2026-09-05,uhaul,uhaul_793083,793083,5x10,uhaul_2b67836121c5497ab9ccb5919585c7fa,count,19,18
2026-09-05,uhaul,uhaul_793083,793083,10x10,uhaul_457c6e5518ad433ca41952e62035a5c2,count,6,5
2026-09-05,uhaul,uhaul_793083,793083,10x15,uhaul_4fd579fba78c471bb962d0f311c83ee4,promo,Free Lock,
2026-09-05,uhaul,uhaul_793083,793083,10x15,uhaul_4fd579fba78c471bb962d0f311c83ee4,count,5,4
2026-09-05,uhaul,uhaul_793086,793086,5x5,uhaul_7cecb4e2db8a43d386105cc94a80f88a,count,1,2
2026-09-05,uhaul,uhaul_793086,793086,5x10,uhaul_ae0c9194d1624274963708e7098d63fa,count,57,56
2026-09-05,uhaul,uhaul_793086,793086,10x10,uhaul_5fafeb7bb2504910ae0e1e823525d868,count,32,33
2026-09-05,uhaul,uhaul_793086,793086,10x25,uhaul_8e7e3ee1afeb4141b980235933e7bac1,count,4,3
2026-09-05,uhaul,uhaul_794029,794029,5x5,uhaul_760de49fd8134978b6bd414433d4b201,count,25,26
2026-09-05,uhaul,uhaul_794029,794029,5x12,uhaul_1e2c02c3f1c0418f980e74ebd7356683,count,8,9
2026-09-05,uhaul,uhaul_794032,794032,5x5,uhaul_d51ab6081bc64698bb18dbfc8b7b1216,count,4,3
2026-09-05,uhaul,uhaul_794032,794032,5x5,uhaul_c351aba4fd8249a8b8f50e731794d057,count,7,6
2026-09-05,uhaul,uhaul_794032,794032,5x10,uhaul_57c6f0b0c83842469383610485e96f26,count,5,6
2026-09-05,uhaul,uhaul_794062,794062,5x5,uhaul_c80c3283c3eb4624b56983d695cfe2de,count,5,6
2026-09-05,uhaul,uhaul_794065,794065,5x10,uhaul_9f5a0bbe48db472f8c17a20b7621ef6f,count,3,4
2026-09-05,uhaul,uhaul_794065,794065,5x10,uhaul_0d39f75ce6bf4bfa873e2b771fcbd22d,count,5,4
2026-09-05,uhaul,uhaul_794065,794065,10x10,uhaul_b7dc72507efa4cacbd0a0bcce60a0a05,count,1,2
2026-09-05,uhaul,uhaul_794071,794071,5x10,uhaul_92650c8417c441ac9cbc292d063baafd,promo,,Free Lock
2026-09-05,uhaul,uhaul_794071,794071,5x10,uhaul_4d377d2e4c3345d2b00936b009d083ea,promo,,Free Lock
2026-09-05,uhaul,uhaul_794071,794071,5x10,uhaul_4d377d2e4c3345d2b00936b009d083ea,count,1,2
2026-09-05,uhaul,uhaul_794071,794071,10x10,uhaul_284356e01d0646b9a5075c92ba356848,count,3,4
2026-09-05,uhaul,uhaul_794071,794071,5x5,uhaul_f5ddc9f2bd894495b5f3b30cbf90f449,count,12,11
2026-09-05,uhaul,uhaul_794071,794071,5x10,uhaul_a0623cd699e54662b35c11ddd880abed,count,4,5
2026-09-05,uhaul,uhaul_794075,794075,8x8,uhaul_792c58b90075449aa1c548dc8a94ce2a,count,12,13
2026-09-05,uhaul,uhaul_794076,794076,5x5,uhaul_5a9dfbb79f6741d4bd65875b4c1ab80f,count,8,7
2026-09-05,uhaul,uhaul_794076,794076,5x7,uhaul_4c5d521ccb174e3f80f7c628f0b499d5,count,9,10
2026-09-05,uhaul,uhaul_794076,794076,10x5,uhaul_3d106b3e0c3e45889ae956b345e553bc,count,4,5
2026-09-05,uhaul,uhaul_794076,794076,5x10,uhaul_7a682c8448684978bbdd61c4b5d16feb,count,16,17
2026-09-05,uhaul,uhaul_794076,794076,10x10,uhaul_ab16cbdb82b14c0d8f8af3a6166869d4,count,6,9
2026-09-05,uhaul,uhaul_794077,794077,5x10,uhaul_3853d0cdc8814a33bb64d2c6d6a906ea,count,14,15
2026-09-05,uhaul,uhaul_794077,794077,5x10,uhaul_50c76e5710fc46f99f9bfd8560826fa3,count,14,15
2026-09-05,uhaul,uhaul_794077,794077,10x15,uhaul_3c994fd3a0da4aa3ae6ce941d61a6bee,count,2,3
2026-09-05,uhaul,uhaul_794077,794077,10x15,uhaul_c613fc5d50d2466bbf5e5f7ac4ccff99,count,2,3
2026-09-05,uhaul,uhaul_795028,795028,5x10,uhaul_299bf7da99974d0ba7c948166939a470,count,6,5
2026-09-05,uhaul,uhaul_795029,795029,10x5,uhaul_8b61fca09d774c60bb06995dbaa89434,count,21,22
2026-09-05,uhaul,uhaul_795029,795029,5x10,uhaul_025f7af1be114648882c408b3374b7d7,count,15,14
2026-09-05,uhaul,uhaul_795029,795029,10x16,uhaul_335b2afc41664c38adf188cb48d774a9,count,5,6
2026-09-05,uhaul,uhaul_795048,795048,5x10,uhaul_00dea3261f0a40659f98d1646628bafb,count,11,12
2026-09-05,uhaul,uhaul_795048,795048,10x10,uhaul_d39ee73bac604f67a3a740341ac9cf5f,count,5,6
2026-09-05,uhaul,uhaul_795057,795057,5x10,uhaul_b0fa0b170db54bada2fb6a2d31fb7877,count,2,1
2026-09-05,uhaul,uhaul_796028,796028,5x10,uhaul_eb3f0c2eb5d8436f9a68cc17a892d3aa,count,8,9
2026-09-05,uhaul,uhaul_796028,796028,5x10,uhaul_89ff6b130405487a9c6292ec7d9a1a30,count,2,3
2026-09-05,uhaul,uhaul_796028,796028,10x8,uhaul_e137949ef0e94672b22c916017a04716,count,2,1
2026-09-05,uhaul,uhaul_796028,796028,10x10,uhaul_8f9e36ca43c94c6a91f6904810b9e5bf,count,3,5
2026-09-05,uhaul,uhaul_796028,796028,10x10,uhaul_7a175cf33a6648449d9aa9c0d6a73555,count,3,2
2026-09-05,uhaul,uhaul_796042,796042,4x4,uhaul_bcaf4acf28944427b0ada3fd337c5116,count,4,5
2026-09-05,uhaul,uhaul_796042,796042,4x4,uhaul_2fb8f5f06a874757acc8d22b35c9a552,count,2,3
2026-09-05,uhaul,uhaul_796042,796042,5x10,uhaul_7d54ca00987b485b87f0525c36c15d8b,count,2,3
2026-09-05,uhaul,uhaul_796042,796042,10x10,uhaul_5577fa0a8adc42508f416fb1541804e5,count,5,4
2026-09-05,uhaul,uhaul_796049,796049,5x10,uhaul_c3c1e904d4ef4542ba538aee341ba2a4,count,7,6
2026-09-05,uhaul,uhaul_796049,796049,5x10,uhaul_1ce289d97ac949f29b1e77e8846cc63f,promo,Free Lock,
2026-09-05,uhaul,uhaul_796049,796049,5x10,uhaul_1ce289d97ac949f29b1e77e8846cc63f,count,2,1
2026-09-05,uhaul,uhaul_796049,796049,10x20,uhaul_420039f93d334af09101eb131914d72a,count,5,6
2026-09-05,uhaul,uhaul_796051,796051,5x5,uhaul_5479a26fcc27438b8675325824800684,count,4,5
2026-09-05,uhaul,uhaul_796051,796051,5x10,uhaul_36211ec42fa94b0fab2edf770a14bdae,count,6,7
2026-09-05,uhaul,uhaul_796058,796058,15x6,uhaul_6bc0055145ab446597253a79cb03f0d1,count,5,4
2026-09-05,uhaul,uhaul_796058,796058,10x10,uhaul_30c50216ced54c119a20677146202807,count,7,8
2026-09-05,uhaul,uhaul_796058,796058,10x10,uhaul_4102c22b7e8845e4a8781b9267ba4518,count,3,4
2026-09-05,uhaul,uhaul_796058,796058,10x20,uhaul_03c2658c3e9f4713a9e402fd20f0b545,count,2,1
2026-09-05,uhaul,uhaul_796065,796065,8x9,uhaul_938a58b660c640d294480245ddd8cece,count,5,7
2026-09-05,uhaul,uhaul_796071,796071,5x5,uhaul_f9cba1ac9a7848f0b0ffa5ca08cb9645,count,21,22
2026-09-05,uhaul,uhaul_796071,796071,5x10,uhaul_61bf7fc669074eee8b31bcba7d6d40f5,count,35,36
2026-09-05,uhaul,uhaul_796073,796073,10x5,uhaul_bafbdf39bff34d13af7571e9f16c1bfc,promo,,Free Lock
2026-09-05,uhaul,uhaul_797030,797030,10x5,uhaul_f5b6513cbb4845aca2c3c40a024fe480,promo,,Free Lock
2026-09-05,uhaul,uhaul_797030,797030,10x10,uhaul_17ac716b15cb4c0bbd752e4643a5c20f,count,6,7
2026-09-05,uhaul,uhaul_797048,797048,5x10,uhaul_bc750dca74aa4975a7231cd4917f7a1b,count,6,5
2026-09-05,uhaul,uhaul_797053,797053,8x8,uhaul_76239a3c78744b6f9ec541c463aca4d6,count,7,6
2026-09-05,uhaul,uhaul_797053,797053,8x12,uhaul_41ee3bdc7c1f450cbf72f8bd9e8aadd1,promo,Free Lock,
2026-09-05,uhaul,uhaul_797076,797076,5x5,uhaul_63abf8b6ef73495284cfa1b30fe22020,count,14,13
2026-09-05,uhaul,uhaul_797076,797076,5x10,uhaul_196d9a111a554cbebd56ced912578ecc,promo,,Free Lock
2026-09-05,uhaul,uhaul_797076,797076,5x10,uhaul_196d9a111a554cbebd56ced912578ecc,count,2,1
2026-09-05,uhaul,uhaul_797076,797076,5x10,uhaul_1cca123cca3d4aa9aa6d31cb3ba49629,count,40,39
2026-09-05,uhaul,uhaul_797076,797076,5x10,uhaul_5e8bd8210a1e411e95d4e967932f4ee9,count,56,55
2026-09-05,uhaul,uhaul_798025,798025,5x10,uhaul_af4cc56ec8fe4752a0982890e683e6ec,count,35,34
2026-09-05,uhaul,uhaul_798025,798025,10x15,uhaul_5be6f0b8694d4202a8b2c2a05f81ce65,count,3,2
2026-09-05,uhaul,uhaul_798032,798032,5x5,uhaul_e5a235590b1a4990b4d295cad8441296,count,6,7
2026-09-05,uhaul,uhaul_798032,798032,10x15,uhaul_44857529008849408d4b56520b31c39c,promo,Free Lock,
2026-09-05,uhaul,uhaul_798032,798032,10x15,uhaul_44857529008849408d4b56520b31c39c,count,2,1
2026-09-05,uhaul,uhaul_798071,798071,5x10,uhaul_28da282fd958443a8e7d8f5c85f669d6,count,47,44
2026-09-05,uhaul,uhaul_798074,798074,10x10,uhaul_4f57914acc1145778ed454483cdd2878,count,9,10
2026-09-05,uhaul,uhaul_799043,799043,5x10,uhaul_7e42951a4f5240a48dc66d25403ef91e,count,11,12
2026-09-05,uhaul,uhaul_799043,799043,5x15,uhaul_5fb27e3944874848bd65ba7742297362,promo,,Free Lock
2026-09-05,uhaul,uhaul_799056,799056,8x14,uhaul_a64fa81df21b41b480e84ce484a48c07,count,3,4
2026-09-05,uhaul,uhaul_799056,799056,4x8,uhaul_ec227242a88a48d1afa5fe5c6b8c6e5f,promo,Free Lock,
2026-09-05,uhaul,uhaul_799056,799056,4x8,uhaul_ec227242a88a48d1afa5fe5c6b8c6e5f,count,2,1
2026-09-05,uhaul,uhaul_799056,799056,5x10,uhaul_2cb1d94f5ec04061964e0bc42cd2d026,count,46,45
2026-09-05,uhaul,uhaul_799056,799056,5x12,uhaul_9025588a955846b9b89df9e1915ae598,count,3,4
2026-09-05,uhaul,uhaul_799073,799073,5x10,uhaul_6d09a9667f174b9fa2bbbb80a61a5d51,count,53,54
2026-09-05,uhaul,uhaul_799073,799073,10x10,uhaul_99617dc650fb4f9d9f0921562d225592,promo,Free Lock,
2026-09-05,uhaul,uhaul_799073,799073,10x10,uhaul_99617dc650fb4f9d9f0921562d225592,count,5,4
2026-09-05,uhaul,uhaul_799074,799074,10x10,uhaul_d77d2825a3fd4ba99ea5d1cc53db8bfd,count,8,7
2026-09-05,uhaul,uhaul_799074,799074,10x10,uhaul_ee1874f71cc34b279994c3e1864cdefe,count,1,3
2026-09-05,uhaul,uhaul_799074,799074,10x10,uhaul_ab5882c2f72e4aa283d17b6e79186bfd,count,4,3
2026-09-05,uhaul,uhaul_799074,799074,10x15,uhaul_6333a403610c4f798718489d4cf5a092,count,3,2
2026-09-05,uhaul,uhaul_799077,799077,5x10,uhaul_1242fd0c9f494af5bd0b52579158ac98,count,3,2
2026-09-05,uhaul,uhaul_799079,799079,5x10,uhaul_22017748cbc744819e6da881e60ff42e,count,11,12
2026-09-05,uhaul,uhaul_799079,799079,10x10,uhaul_4addbb44d191484298764d6d48b92347,count,12,11
2026-09-05,uhaul,uhaul_799079,799079,10x10,uhaul_0b4cbc2105eb4ea4b6055007efb392fe,count,40,43
2026-09-05,uhaul,uhaul_799079,799079,10x20,uhaul_79ef0452095d41a49e091047be52b3f5,count,6,5
2026-09-05,uhaul,uhaul_799079,799079,10x10,uhaul_9595298cbf5c4007ac7c6d5db9ca3bfc,count,4,6
2026-09-05,uhaul,uhaul_800036,800036,10x10,uhaul_bdd03812dfb54b6fa92f235ec517b6e7,count,18,19
2026-09-05,uhaul,uhaul_800050,800050,5x10,uhaul_869a39b6fb594a96862d5c1ea2e5421c,count,2,3
2026-09-05,uhaul,uhaul_800057,800057,8x8,uhaul_8d6235520f174141a6a2a8d14f469766,count,12,11
2026-09-05,uhaul,uhaul_800058,800058,4x4,uhaul_0cb04f4fb3404c86bb944fa81c8e14d0,count,3,2
2026-09-05,uhaul,uhaul_800061,800061,10x15,uhaul_633b9df23c754b7caaf9c0f4d447180d,count,2,1
2026-09-05,uhaul,uhaul_800072,800072,5x5,uhaul_77559bb1f06c4760ba0869f2119562aa,promo,Free Lock,
2026-09-05,uhaul,uhaul_800072,800072,5x5,uhaul_77559bb1f06c4760ba0869f2119562aa,count,4,3
2026-09-05,uhaul,uhaul_800073,800073,5x5,uhaul_e446c0932a9b450e9776fccee04ebd42,count,35,36
2026-09-05,uhaul,uhaul_800073,800073,10x10,uhaul_bb87509ff6834be4bf1f65398742a833,count,38,37
2026-09-05,uhaul,uhaul_800073,800073,10x10,uhaul_933f92cc47074c3f949490397d89cf88,count,9,10
2026-09-05,uhaul,uhaul_800074,800074,5x10,uhaul_e43c9a8bb3464113b12524a006bce464,count,16,15
2026-09-05,uhaul,uhaul_800074,800074,10x15,uhaul_d3454a82f3a24c88b8dfb5f55df86cf4,count,6,4
2026-09-05,uhaul,uhaul_800076,800076,10x5,uhaul_375f9d00609540cdbd4280b08de809ad,count,19,20
2026-09-05,uhaul,uhaul_800076,800076,5x10,uhaul_f6f371c4b04c4a3eb5c663d8a5378f0e,count,42,41
2026-09-05,uhaul,uhaul_800076,800076,10x10,uhaul_4e25461511fc470882bc85157ee2220d,count,37,36
2026-09-05,uhaul,uhaul_800076,800076,10x15,uhaul_5da82745e0e442eb8063cf31507676ce,count,14,13
2026-09-05,uhaul,uhaul_800076,800076,10x20,uhaul_35e926b06d26410aa63ad00f51a1e4d3,promo,Free Lock,
2026-09-05,uhaul,uhaul_801038,801038,5x5,uhaul_8dc237b90ce24b98b4f55a54b895ee4f,promo,,Free Lock
2026-09-05,uhaul,uhaul_801038,801038,5x5,uhaul_8dc237b90ce24b98b4f55a54b895ee4f,count,1,2
2026-09-05,uhaul,uhaul_801038,801038,5x10,uhaul_d7bd7eba6788408e8a013c8c4d5f96d2,promo,,Free Lock
2026-09-05,uhaul,uhaul_801038,801038,5x10,uhaul_d7bd7eba6788408e8a013c8c4d5f96d2,count,1,2
2026-09-05,uhaul,uhaul_801038,801038,5x10,uhaul_c094e8c0929c426ab4255a2c22a92fa9,count,2,3
2026-09-05,uhaul,uhaul_801038,801038,10x10,uhaul_e4c7473ea9de4e57ad3ab82a2501dee7,promo,,Free Lock
2026-09-05,uhaul,uhaul_801038,801038,10x10,uhaul_dd517a6686084d9baf2cbf3563005375,count,17,16
2026-09-05,uhaul,uhaul_801038,801038,10x10,uhaul_6451d41f627e4c08a0c0e36b1e6ef140,promo,,Free Lock
2026-09-05,uhaul,uhaul_801038,801038,10x10,uhaul_c51377d3837a433aa57bc56075ecf890,promo,,Free Lock
2026-09-05,uhaul,uhaul_801054,801054,5x7,uhaul_f0d19026b0164bcca31ba744662990b3,count,4,3
2026-09-05,uhaul,uhaul_801061,801061,10x15,uhaul_9d7d1c3b3beb499ba136c3ec22e5a322,count,12,13
2026-09-05,uhaul,uhaul_801061,801061,10x25,uhaul_003780d48d90473b852934b52a3f18f9,promo,,Free Lock
2026-09-05,uhaul,uhaul_801075,801075,5x10,uhaul_1aee434154f44ee19cd2dd3320f7ee24,count,23,24
2026-09-05,uhaul,uhaul_801075,801075,10x15,uhaul_3701933c40554ab9bffc59958671eb2d,count,7,6
2026-09-05,uhaul,uhaul_801075,801075,10x15,uhaul_75921da424464e85bdf0ce3fad22c823,count,24,23
2026-09-05,uhaul,uhaul_801075,801075,10x20,uhaul_f72448da325043c585773bf47dba6b32,count,2,1
2026-09-05,uhaul,uhaul_802023,802023,5x5,uhaul_2c053423d61a494b9ef705c128e68105,count,13,14
2026-09-05,uhaul,uhaul_802023,802023,10x10,uhaul_a49d252bd5c44a948395819145dc7871,count,2,3
2026-09-05,uhaul,uhaul_802023,802023,10x15,uhaul_8caa67f4e6a741f4b1ce75ed31f750d7,count,5,4
2026-09-05,uhaul,uhaul_802029,802029,5x7,uhaul_9a8ff645182a479a9dcc646632579575,count,5,6
2026-09-05,uhaul,uhaul_802029,802029,10x5,uhaul_1225a9db66d246b7bb17cc3cbbcf18a7,count,2,1
2026-09-05,uhaul,uhaul_802059,802059,5x5,uhaul_6583446ee9fd492f8093cd0aff20b591,count,19,17
2026-09-05,uhaul,uhaul_802059,802059,4x12,uhaul_b3bd27e39e104bec9a1a7e4b1d861a18,count,5,6
2026-09-05,uhaul,uhaul_802059,802059,8x8,uhaul_c8cc33787b4347ecba6af19537d25497,count,2,3
2026-09-05,uhaul,uhaul_802059,802059,8x8,uhaul_aae5b761a583413293b27593d62b3a8d,count,15,14
2026-09-05,uhaul,uhaul_802059,802059,5x5,uhaul_c5f60f69ca3543ba98d78ec3bb4cd68d,count,12,13
2026-09-05,uhaul,uhaul_802065,802065,4x12,uhaul_ae780bc92927477b88b9fb9d9548af53,promo,,Free Lock
2026-09-05,uhaul,uhaul_802065,802065,4x8,uhaul_25ad1381687043f9a70667d4e4558545,promo,,Free Lock
2026-09-05,uhaul,uhaul_802065,802065,4x12,uhaul_a0f9ed3260d943f381c74f2d50a32bcc,promo,,Free Lock
2026-09-05,uhaul,uhaul_802065,802065,4x12,uhaul_a0f9ed3260d943f381c74f2d50a32bcc,count,2,1
2026-09-05,uhaul,uhaul_802065,802065,8x8,uhaul_af25e272bb194f47b2f0d63e118fafef,promo,,Free Lock
2026-09-05,uhaul,uhaul_802071,802071,5x5,uhaul_d15b50c5b3344c44ae8f283ea2f9cb2d,count,1,2
2026-09-05,uhaul,uhaul_802071,802071,5x10,uhaul_3144dd35ea4d48768300204d8ddaffb2,count,26,27
2026-09-05,uhaul,uhaul_802071,802071,5x10,uhaul_62d6b08605a643e288892d270ed28281,count,12,13
2026-09-05,uhaul,uhaul_802071,802071,10x9,uhaul_7949fd97f0e540ae8d194e25bd45b9e6,promo,,Free Lock
2026-09-05,uhaul,uhaul_802071,802071,10x15,uhaul_fd09016aa3a24f6580ea2f93f2b53c0f,count,6,5
2026-09-05,uhaul,uhaul_802071,802071,10x15,uhaul_d9fba0b8af2946f3892e4b8b5e152eb0,promo,,Free Lock
2026-09-05,uhaul,uhaul_802071,802071,10x20,uhaul_4949e2d3b1034f45b7cb2b0620e1bc6c,promo,,Free Lock
2026-09-05,uhaul,uhaul_802071,802071,10x20,uhaul_4949e2d3b1034f45b7cb2b0620e1bc6c,count,1,3
2026-09-05,uhaul,uhaul_802073,802073,8x8,uhaul_c1e95e2f9ef64c30bd149658525d4bcd,count,1,2
2026-09-05,uhaul,uhaul_802073,802073,8x12,uhaul_c289edbd33974b138cfd3332c539d66d,promo,Free Lock,
2026-09-05,uhaul,uhaul_802073,802073,8x12,uhaul_c289edbd33974b138cfd3332c539d66d,count,2,1
2026-09-05,uhaul,uhaul_802082,802082,4x8,uhaul_0d3a4e3995984679826f62790224ac9f,count,2,3
2026-09-05,uhaul,uhaul_803029,803029,5x10,uhaul_961866f930ca4b81bb69f94b409fbdb4,count,2,3
2026-09-05,uhaul,uhaul_803052,803052,5x9,uhaul_e637a564893a4cfb8caa5a4ff73c05f1,count,21,22
2026-09-05,uhaul,uhaul_803052,803052,10x10,uhaul_019572a6cb2d4c76b8d2d977a9cc2891,count,2,1
2026-09-05,uhaul,uhaul_803064,803064,6x10,uhaul_56332231ce73419b94721779b321647f,count,3,2
2026-09-05,uhaul,uhaul_803064,803064,10x10,uhaul_005dab20da9b4b9392af4cfdf28f5286,count,11,12
2026-09-05,uhaul,uhaul_803064,803064,10x10,uhaul_3c0abf2e6a65436b8ee61d5821a8336d,count,5,4
2026-09-05,uhaul,uhaul_803068,803068,5x13,uhaul_9264539e6b8a456293105e56bb67312f,count,1,2
2026-09-05,uhaul,uhaul_803068,803068,10x10,uhaul_b6504f7a379b47d6951c0ddef2c0856f,count,2,1
2026-09-05,uhaul,uhaul_803079,803079,4x4,uhaul_a604e6367c0e4d4c9961a9ea5ead0381,count,2,3
2026-09-05,uhaul,uhaul_803079,803079,4x8,uhaul_a3158b34440247028521e2e701164d82,count,31,30
2026-09-05,uhaul,uhaul_803079,803079,8x8,uhaul_da3d486b18f34f94a043203e6b0ddd90,count,4,2
2026-09-05,uhaul,uhaul_803079,803079,8x12,uhaul_129d7320328240e0b653b7dcb073a0a1,count,3,2
2026-09-05,uhaul,uhaul_804050,804050,5x5,uhaul_45c59de2ac2b44cc974ebf20dc6d6373,count,16,15
2026-09-05,uhaul,uhaul_804051,804051,5x5,uhaul_dec0fcb1c370497fbc9fa6210db7cd66,promo,,Free Lock
2026-09-05,uhaul,uhaul_804076,804076,5x10,uhaul_c77804fec7be4f00be2a746cadfb7c8b,count,28,26
2026-09-05,uhaul,uhaul_804076,804076,10x10,uhaul_0f744f83a6fb428ca3ab52399937322d,count,23,24
2026-09-05,uhaul,uhaul_804076,804076,10x15,uhaul_bc0f036557c04ba19067276cd5c007c7,count,12,9
2026-09-05,uhaul,uhaul_806028,806028,5x5,uhaul_db5f3a7a74e942eda0c6219eddcd7392,count,2,3
2026-09-05,uhaul,uhaul_806041,806041,10x10,uhaul_e12f7a0829c64d4c9fd9c0aa786ea2ae,count,4,3
2026-09-05,uhaul,uhaul_806056,806056,10x10,uhaul_da643a5392114ba8bba08c797d413a6b,count,1,2
2026-09-05,uhaul,uhaul_806066,806066,5x12,uhaul_14c0d1c7aba44ff9a0234ff476372b3e,count,7,8
2026-09-05,uhaul,uhaul_806066,806066,11x10,uhaul_cf74984608e64c93a8452dc328e9de77,count,5,4
2026-09-05,uhaul,uhaul_806073,806073,5x10,uhaul_a172269b9c1647838978673e1f7692ca,count,12,13
2026-09-05,uhaul,uhaul_806073,806073,10x15,uhaul_951c638b9c314fe1982e9bc198844e26,count,3,4
2026-09-05,uhaul,uhaul_807022,807022,10x10,uhaul_508617b42f834eec8a7dfc756c9e3533,count,15,16
2026-09-05,uhaul,uhaul_807022,807022,10x15,uhaul_8d29dc84b00e48fea20f44059e697725,count,2,1
2026-09-05,uhaul,uhaul_807025,807025,10x10,uhaul_0b8f659e73a9435781e071b2ab1236df,count,4,5
2026-09-05,uhaul,uhaul_807025,807025,10x10,uhaul_b771852788764d7a884bfbe6874d52aa,count,4,5
2026-09-05,uhaul,uhaul_807027,807027,10x10,uhaul_5026fe4f96a1482c9a641e1e2a3836a0,count,33,32
2026-09-05,uhaul,uhaul_807056,807056,5x5,uhaul_14f5bdd6780c4413aae0ed6d43f3dcf3,count,4,5
2026-09-05,uhaul,uhaul_807056,807056,10x10,uhaul_bbda7c7e28b44c528b597189b4aecee5,count,5,4
2026-09-05,uhaul,uhaul_807056,807056,11x30,uhaul_f6ca4fc6b6114e5babfd1eb240f8b327,count,5,4
2026-09-05,uhaul,uhaul_807058,807058,5x5,uhaul_8af777c5ffc94b7faf62b605a3961459,count,8,7
2026-09-05,uhaul,uhaul_807058,807058,10x10,uhaul_c371a752f1d84dc49c98231a17d5e96c,count,2,3
2026-09-05,uhaul,uhaul_807059,807059,5x10,uhaul_973b7e2a368b4e178588733ba6c2e1ed,count,12,13
2026-09-05,uhaul,uhaul_807060,807060,8x10,uhaul_4eea762bea594d18addfbaf580868d99,count,5,4
2026-09-05,uhaul,uhaul_807060,807060,10x15,uhaul_1346c3f8ffe64127849d3f5f06606167,count,7,8
2026-09-05,uhaul,uhaul_807072,807072,5x10,uhaul_8135b53be91842f5b5d2521decfe3f35,count,68,67
2026-09-05,uhaul,uhaul_807072,807072,10x10,uhaul_d6a9ad9ecef54ff2afb214f463913010,count,48,47
2026-09-05,uhaul,uhaul_807072,807072,10x15,uhaul_0eb92f097fdf4f9da9e891c781dbeec4,count,20,21
2026-09-05,uhaul,uhaul_808028,808028,5x10,uhaul_82c47e30faf54f9686a585846f34786e,count,3,2
2026-09-05,uhaul,uhaul_808028,808028,6x10,uhaul_e73a920a14c14e6bacf9f4740e89ce9e,count,2,1
2026-09-05,uhaul,uhaul_808028,808028,10x10,uhaul_d3b5df0b901449238d0067461a987d37,count,2,1
2026-09-05,uhaul,uhaul_808028,808028,10x20,uhaul_8821377dd3614f45971df65fc995e840,count,2,1
2026-09-05,uhaul,uhaul_808042,808042,5x5,uhaul_fad31220d2324984ab09d0467298cd4a,count,4,5
2026-09-05,uhaul,uhaul_808042,808042,5x10,uhaul_eb6ddc6a0d5c4c83a048fc0e37376a83,count,3,6
2026-09-05,uhaul,uhaul_808042,808042,10x10,uhaul_3a7ae7b37f5f48fbad6d0de00a8cf5c8,count,5,4
2026-09-05,uhaul,uhaul_808042,808042,5x5,uhaul_5b51eb1ddc024ccebe3a44a4e039becd,count,30,29
2026-09-05,uhaul,uhaul_808059,808059,5x5,uhaul_0b819e995d004d68ae9aea5ce920d272,count,2,1
2026-09-05,uhaul,uhaul_808059,808059,5x5,uhaul_0eba9593cd7843cc9d20d5fd592597ed,count,52,51
2026-09-05,uhaul,uhaul_808059,808059,5x10,uhaul_1e396097bdf648c49b88e63196846876,count,53,52
2026-09-05,uhaul,uhaul_808059,808059,5x10,uhaul_2c8a73041135409e9e9181834281b5c1,count,164,165
2026-09-05,uhaul,uhaul_808059,808059,8x10,uhaul_1bbcbb7aae1d498ca61714de3f2edeaa,count,1,2
2026-09-05,uhaul,uhaul_808059,808059,10x10,uhaul_ae5d57a28f834bed90b1524f44168bca,count,1,2
2026-09-05,uhaul,uhaul_808059,808059,10x10,uhaul_a584c4bd323f440ca6a1fa0ceec25c83,count,11,10
2026-09-05,uhaul,uhaul_808059,808059,10x15,uhaul_d0357b402c2343afae17b2a8d708e811,promo,Free Lock,
2026-09-05,uhaul,uhaul_808059,808059,10x15,uhaul_d0357b402c2343afae17b2a8d708e811,count,19,18
2026-09-05,uhaul,uhaul_808066,808066,10x6,uhaul_fc4938366d034abba41caae186531f44,count,1,2
2026-09-05,uhaul,uhaul_808066,808066,6x8,uhaul_6099c2daa3014ae290ea2137df54fe19,count,2,1
2026-09-05,uhaul,uhaul_808066,808066,8x10,uhaul_32a960fd867342c4aa027a232f6d2809,count,17,16
2026-09-05,uhaul,uhaul_808066,808066,10x10,uhaul_845d8c451bea4aeeb547dcbf1e4378fc,count,1,2
2026-09-05,uhaul,uhaul_808066,808066,10x10,uhaul_e75000b605a34e118acbaa0ca50ee271,count,2,3
2026-09-05,uhaul,uhaul_808066,808066,5x5,uhaul_831577d51b9347c7a046817c9b0f2334,count,7,6
2026-09-05,uhaul,uhaul_808069,808069,10x15,uhaul_e8a7878e528a40ed8075b14f1fd7b941,count,15,16
2026-09-05,uhaul,uhaul_808071,808071,5x10,uhaul_ba494b5d52954f2badbbaa7bc1fb7f72,count,33,32
2026-09-05,uhaul,uhaul_808071,808071,5x10,uhaul_b9bbd4f4deb3402f833bd5d91248e4d1,count,59,57
2026-09-05,uhaul,uhaul_808071,808071,5x10,uhaul_aaeaac2c221f432896de6a22f56737f0,count,26,25
2026-09-05,uhaul,uhaul_808071,808071,10x15,uhaul_5b65df8889354b3a9ecd2ee8bf3cdf1d,count,4,5
2026-09-05,uhaul,uhaul_808072,808072,5x10,uhaul_472e1e6b71b3444d9b64733335eceaa2,count,5,6
2026-09-05,uhaul,uhaul_808073,808073,5x10,uhaul_67d922bac36c46cea2de5cb12fa6ebfb,count,21,22
2026-09-05,uhaul,uhaul_808073,808073,10x8,uhaul_de970f0c3c254e82a4d27c9a2817b7be,count,2,1
2026-09-05,uhaul,uhaul_808073,808073,8x10,uhaul_4c8c3fe2299c4c45a6174b422839df38,count,5,6
2026-09-05,uhaul,uhaul_808082,808082,8x12,uhaul_b13d22dedd7543afb9b40eb4c41ef6ed,count,6,5
2026-09-05,uhaul,uhaul_808082,808082,4x8,uhaul_3bfddf4813744939a4023b626b7da158,count,2,1
2026-09-05,uhaul,uhaul_809029,809029,5x10,uhaul_0c0e6f746f264f929594763df9978216,count,5,6
2026-09-05,uhaul,uhaul_809029,809029,5x10,uhaul_cbde2fd62f214345bd7fc07869a262e0,count,26,27
2026-09-05,uhaul,uhaul_809050,809050,5x5,uhaul_d4e8ae54cabd4267bc7b5c925726b84b,count,5,4
2026-09-05,uhaul,uhaul_809050,809050,5x5,uhaul_097a58f9fbda48d2a48abe274af531e2,promo,,Free Lock
2026-09-05,uhaul,uhaul_809050,809050,5x8,uhaul_511ee8ed3f804661bddd6eb965680404,promo,,Free Lock
2026-09-05,uhaul,uhaul_809050,809050,10x10,uhaul_8d8a72adb7c541269b8f4d1ee65c2c52,count,5,4
2026-09-05,uhaul,uhaul_809050,809050,10x10,uhaul_02d0f69c6c474c5fa157cbeda6fa8bd3,count,2,3
2026-09-05,uhaul,uhaul_809050,809050,5x5,uhaul_9462d8b053f84ffd9d896093b0aaabd1,promo,,Free Lock
2026-09-05,uhaul,uhaul_809050,809050,5x5,uhaul_100929b29ba149118433043f66ecd127,count,2,4
2026-09-05,uhaul,uhaul_809058,809058,10x10,uhaul_4ca63a6e61d141c4873bf7fbc3a4680a,count,5,6
2026-09-05,uhaul,uhaul_809058,809058,5x10,uhaul_aff51d6b16f347c2b548cbecc104b5e9,promo,Free Lock,
2026-09-05,uhaul,uhaul_809058,809058,5x10,uhaul_aff51d6b16f347c2b548cbecc104b5e9,count,2,1
2026-09-05,uhaul,uhaul_809061,809061,8x10,uhaul_0e82dc4173734f53a06a05e6bfe48f0d,count,15,16
2026-09-05,uhaul,uhaul_809069,809069,5x10,uhaul_42e8a3565f5e46388a90125e739ae7c4,promo,Free Lock,
2026-09-05,uhaul,uhaul_809071,809071,5x10,uhaul_5d6929606fcf4e8e880b215126b80f4f,count,66,67
2026-09-05,uhaul,uhaul_809071,809071,10x10,uhaul_ebf44c1a480345e1abf1db5605230afd,count,49,47
2026-09-05,uhaul,uhaul_809071,809071,10x20,uhaul_2cbac11e76a04cdc816e57fad5dd5975,count,8,7
2026-09-05,uhaul,uhaul_809077,809077,5x10,uhaul_e7040dce4d124c8684c005459582c36e,count,4,3
2026-09-05,uhaul,uhaul_809078,809078,5x5,uhaul_cec8dae3813f44ab9cf1795393486570,count,3,2
2026-09-05,uhaul,uhaul_809078,809078,5x10,uhaul_f101b1429a7f45ab8b3290f1ec161fd1,count,8,6
2026-09-05,uhaul,uhaul_809082,809082,10x12,uhaul_b23386e1bb5b4ba294969480be0ef95e,count,1,2
2026-09-05,uhaul,uhaul_809085,809085,5x5,uhaul_f9ae8bce401443d3950543d786c09da5,count,3,5
2026-09-05,uhaul,uhaul_810028,810028,5x10,uhaul_0d74a2b7a251419883b4588d7d0e2082,count,10,11
2026-09-05,uhaul,uhaul_810030,810030,10x10,uhaul_5b1e5a7a0c7844a187c59386c4ff2d79,count,10,8
2026-09-05,uhaul,uhaul_810030,810030,10x15,uhaul_91f3feaacd2145a0bf064271823e20f6,count,6,5
2026-09-05,uhaul,uhaul_810033,810033,5x10,uhaul_90c9177042fa490b994c0a1ab3d24245,count,3,2
2026-09-05,uhaul,uhaul_810033,810033,10x10,uhaul_3314398cb4c4405f82db8abab1f11b93,count,1,2
2026-09-05,uhaul,uhaul_810071,810071,10x10,uhaul_0f47067aa29042f2a84fe4150729b9c8,count,2,1
2026-09-05,uhaul,uhaul_810071,810071,10x10,uhaul_1fc7adfb059a4785b4a65a46b5c7b9da,count,3,2
2026-09-05,uhaul,uhaul_810073,810073,10x10,uhaul_870dc62f1002464a90ff9cd1bf6c85ba,count,3,2
2026-09-05,uhaul,uhaul_810073,810073,10x20,uhaul_09c774250cd4404bbcaaae628b1f58bd,count,3,4
2026-09-05,uhaul,uhaul_810079,810079,5x5,uhaul_ca9fc1c5a7164e74b32a843767aa9e4d,promo,,Free Lock
2026-09-05,uhaul,uhaul_810079,810079,5x10,uhaul_d1e996fd98e6438a91738bbf944d9cb2,count,4,5
2026-09-05,uhaul,uhaul_810079,810079,10x30,uhaul_d124cd174315405bb64265d1a881de3e,count,1,2
2026-09-05,uhaul,uhaul_811055,811055,5x10,uhaul_ab5b52dab8bf4ded8e6d28753b49f537,count,8,7
2026-09-05,uhaul,uhaul_811056,811056,5x9,uhaul_8307696c25d94d32a65994e199832dab,count,3,2
2026-09-05,uhaul,uhaul_811071,811071,5x5,uhaul_494c3bc2d15b40e49e9f154c1175c87e,count,10,9
2026-09-05,uhaul,uhaul_811071,811071,10x10,uhaul_7bc5f3a891214aebaddc5e956fea9360,count,19,18
2026-09-05,uhaul,uhaul_811071,811071,10x20,uhaul_e1a40470f8b848fb86bafb05da6ec6f2,count,3,2
2026-09-05,uhaul,uhaul_811071,811071,10x20,uhaul_fbd7840624064c4ea7839f308664b3ee,count,3,4
2026-09-05,uhaul,uhaul_811072,811072,10x10,uhaul_abe64ce8f8204a688ff6b13f20d51ef4,count,3,4
2026-09-05,uhaul,uhaul_811074,811074,10x15,uhaul_0ff3cfc490bb40058af344d4481895fc,count,6,7
2026-09-05,uhaul,uhaul_811075,811075,5x5,uhaul_cd30d245cfcd421c8d82a5c21362d992,count,53,55
2026-09-05,uhaul,uhaul_811075,811075,5x10,uhaul_624b0ec15511409ba4328736030f2b64,count,74,75
2026-09-05,uhaul,uhaul_811075,811075,10x10,uhaul_18dc6306750f423288e31739dd64a4c1,count,87,90
2026-09-05,uhaul,uhaul_811075,811075,10x15,uhaul_dd5b97616aa8408e88ccb44fbcb9e083,count,27,28
2026-09-05,uhaul,uhaul_811075,811075,10x10,uhaul_4bbe3e7263704dcc8da63efff1895a24,count,21,22
2026-09-05,uhaul,uhaul_811075,811075,10x25,uhaul_abe179a15fb94e598f29c55ee7141355,count,51,50
2026-09-05,uhaul,uhaul_811076,811076,5x5,uhaul_874a7c79a63b4c25bd27cf17ed31956d,count,25,26
2026-09-05,uhaul,uhaul_811076,811076,5x8,uhaul_f26f12aa31ff402381cce3b00454a919,count,3,2
2026-09-05,uhaul,uhaul_811076,811076,5x10,uhaul_3f2170931f554757936b22daf09e24bb,count,26,27
2026-09-05,uhaul,uhaul_811077,811077,5x10,uhaul_119f131001004e158f20f9d91905e522,count,10,11
2026-09-05,uhaul,uhaul_811078,811078,5x5,uhaul_4287fcf0cef64a82b37db11977a6e6d2,count,13,15
2026-09-05,uhaul,uhaul_811078,811078,5x10,uhaul_00d8840353114792a3ab600d9821dfc4,promo,Free Lock,
2026-09-05,uhaul,uhaul_811078,811078,10x10,uhaul_999b4c50459146c1b21439718d0ab595,count,17,19
2026-09-05,uhaul,uhaul_811078,811078,10x10,uhaul_95c01efb6ee145608a3a2c267cefaf8a,promo,Free Lock,
2026-09-05,uhaul,uhaul_811078,811078,10x15,uhaul_c96250dd0da2494b94f46f86ed0cf90e,count,8,9
2026-09-05,uhaul,uhaul_811078,811078,10x15,uhaul_dc9c59454993411a905cccf006067e96,promo,,Free Lock
2026-09-05,uhaul,uhaul_811078,811078,10x15,uhaul_03dabbcc13c444e18bce91b19d9d41ba,count,15,14
2026-09-05,uhaul,uhaul_811078,811078,10x15,uhaul_51cf8fdfe2c5444bb3315181cb135bf6,promo,Free Lock,
2026-09-05,uhaul,uhaul_811078,811078,10x20,uhaul_f4b832995ff0445a90e6fb636f928325,count,7,6
2026-09-05,uhaul,uhaul_811078,811078,10x15,uhaul_0dc252f86a344a58926e4524d6f11a51,count,2,3
2026-09-05,uhaul,uhaul_811078,811078,12x45,uhaul_30b1f5a5e8da4ea8a8dc46ca259e0c0c,count,48,47
2026-09-05,uhaul,uhaul_812023,812023,8x10,uhaul_73b3a9bc4dc44db6a9b9dee58bbb823e,count,3,2
2026-09-05,uhaul,uhaul_812023,812023,5x10,uhaul_f1e69e7268b242f4a3bcd01e72ad86d2,count,6,5
2026-09-05,uhaul,uhaul_812026,812026,5x10,uhaul_6c1b80ad2d6f447fb4591c5bac699e1c,count,5,6
2026-09-05,uhaul,uhaul_812028,812028,4x7,uhaul_8a0f4b2064244e719438d3f92850146b,count,3,2
2026-09-05,uhaul,uhaul_812028,812028,5x10,uhaul_8292ad1422464d229ba914228948c0fd,count,2,3
2026-09-05,uhaul,uhaul_812044,812044,10x20,uhaul_99e3579bfe30435888571891f39dbdc4,count,2,3
2026-09-05,uhaul,uhaul_812064,812064,10x5,uhaul_1a90262e5b274d1280249e3d9cc809f8,count,6,5
2026-09-05,uhaul,uhaul_812072,812072,5x10,uhaul_2267a4d7881e4a448d3fb6182f12b62e,count,50,48
2026-09-05,uhaul,uhaul_812072,812072,10x10,uhaul_554cf756c1f849f5bd680321f39dd618,count,24,23
2026-09-05,uhaul,uhaul_813041,813041,5x5,uhaul_f9799c4459564ff0881920e6b0f228c3,count,29,28
2026-09-05,uhaul,uhaul_813051,813051,5x10,uhaul_cb3c457826174104afeeb73436c2398f,count,1,2
2026-09-05,uhaul,uhaul_813051,813051,10x15,uhaul_4ddd79cceeaf48b9ad2829994d6a9dbe,count,17,18
2026-09-05,uhaul,uhaul_813051,813051,10x20,uhaul_a7cc1886dd7645baad68d86af24e5a4b,count,19,18
2026-09-05,uhaul,uhaul_813052,813052,10x10,uhaul_3c695bdb74714196811ee2381bfd8a30,count,10,9
2026-09-05,uhaul,uhaul_813052,813052,10x20,uhaul_d52093eafa4d4aacb5daa0807c4a08de,count,6,5
2026-09-05,uhaul,uhaul_813061,813061,5x10,uhaul_f0715ef083da401da06a5165e42b7ec6,count,7,6
2026-09-05,uhaul,uhaul_813071,813071,5x10,uhaul_c20d5c3cf91d4bd991d49972948a73e8,count,2,3
2026-09-05,uhaul,uhaul_813071,813071,5x5,uhaul_9ef77421de024be9b810354986f4de0d,count,3,4
2026-09-05,uhaul,uhaul_813071,813071,5x10,uhaul_095c2871f4874993840955f4736171b8,count,8,7
2026-09-05,uhaul,uhaul_813071,813071,10x10,uhaul_e018eaf39f5b4c6885da6631cb83061c,count,3,4
2026-09-05,uhaul,uhaul_813072,813072,5x5,uhaul_de98e3315e1c4a4598ad6f1655ffc772,count,18,16
2026-09-05,uhaul,uhaul_813072,813072,10x10,uhaul_cb0b93047825420eb2f6b736240d390b,count,6,7
2026-09-05,uhaul,uhaul_813077,813077,5x5,uhaul_d4bbd302718d4fb7975a2b3e185b078d,promo,,Free Lock
2026-09-05,uhaul,uhaul_813077,813077,7x10,uhaul_e392352fdeab44b7a7bb80db50014e5b,promo,,Free Lock
2026-09-05,uhaul,uhaul_813077,813077,10x10,uhaul_f3866dc84354485392ed0ea84930f20d,count,4,3
2026-09-05,uhaul,uhaul_813081,813081,5x10,uhaul_65a1d46da8d94023b2559a8204b0f255,count,4,5
2026-09-05,uhaul,uhaul_813082,813082,10x10,uhaul_b49f440b6c02498f84b86eedb3aaf301,count,11,10
2026-09-05,uhaul,uhaul_813083,813083,10x10,uhaul_df46014f097e4c57a90a3af27f60c729,count,8,7
2026-09-05,uhaul,uhaul_813088,813088,5x10,uhaul_e023eea369e4423398bf24aff681e42f,count,28,29
2026-09-05,uhaul,uhaul_813088,813088,5x15,uhaul_bd416cc920634c7aa49f6aac1a091e24,count,18,17
2026-09-05,uhaul,uhaul_814027,814027,5x10,uhaul_e619cd45fe184375943ac4e5c95f7062,count,21,19
2026-09-05,uhaul,uhaul_814030,814030,5x5,uhaul_a5e16df267864ff29109dfe8800c6ee0,count,17,16
2026-09-05,uhaul,uhaul_814030,814030,5x10,uhaul_ffc728ba915847889f51fdc67c731395,count,6,7
2026-09-05,uhaul,uhaul_814071,814071,5x5,uhaul_b59fc370c14c4da3bb204aeec5e67429,count,2,3
2026-09-05,uhaul,uhaul_814071,814071,6x8,uhaul_96ee3865c6c74b0fac2e525b7cd1a94c,count,1,2
2026-09-05,uhaul,uhaul_814071,814071,5x10,uhaul_5f23b3e199d948cebad916209a2bf39a,count,10,16
2026-09-05,uhaul,uhaul_814071,814071,9x8,uhaul_b598da5e955f41eda085065cb23be6a6,count,4,7
2026-09-05,uhaul,uhaul_814071,814071,10x10,uhaul_7335e5cf16bd40ba8116a21f790e9d8a,count,12,13
2026-09-05,uhaul,uhaul_814071,814071,10x15,uhaul_6c6219accff54c42ac39f18e33280e4a,count,4,5
2026-09-05,uhaul,uhaul_814071,814071,10x20,uhaul_95d8652bafdf4fe6b662508c2c679442,count,20,21
2026-09-05,uhaul,uhaul_814073,814073,5x5,uhaul_131b119e37bc481fb99d15f17606f9fe,count,39,40
2026-09-05,uhaul,uhaul_814075,814075,10x10,uhaul_4ab9ff4f92224144a767e22fe6584e69,count,3,2
2026-09-05,uhaul,uhaul_814077,814077,5x10,uhaul_8bfff5100bc2453f894cda8db3812666,count,5,4
2026-09-05,uhaul,uhaul_814077,814077,10x15,uhaul_bf49ec411f014473911e5f701715574f,count,13,12
2026-09-05,uhaul,uhaul_814077,814077,5x5,uhaul_412b7053a4614d288466082816017eac,count,1,2
2026-09-05,uhaul,uhaul_815025,815025,4x7,uhaul_9d86b81b83594b7ea8331db29ada31ae,count,39,40
2026-09-05,uhaul,uhaul_815025,815025,5x10,uhaul_1f50d136c3cb4dabafb412ee49673d80,count,25,24
2026-09-05,uhaul,uhaul_815025,815025,9x7,uhaul_d0a183e5de6a458b95a3c791779142f8,count,4,3
2026-09-05,uhaul,uhaul_815026,815026,5x10,uhaul_e65cf8facb2e4e028098cffbffe65735,count,8,6
2026-09-05,uhaul,uhaul_815026,815026,5x5,uhaul_858078748b1f4c00878fcf9d63e4c5e2,count,9,10
2026-09-05,uhaul,uhaul_815064,815064,5x5,uhaul_4e0ae4a09bdc4e6b94a494abd23f1518,count,14,13
2026-09-05,uhaul,uhaul_815064,815064,10x15,uhaul_5bf9a9b6502e480e910b2a805a32f0ad,promo,Free Lock,
2026-09-05,uhaul,uhaul_816061,816061,5x10,uhaul_abb25c8365dc427cb0b68dd5fd493ecf,count,9,10
2026-09-05,uhaul,uhaul_816061,816061,10x10,uhaul_d76b2eff42344222bc78d4c26a04f5a6,count,3,4
2026-09-05,uhaul,uhaul_816061,816061,10x15,uhaul_9e9149f0cdc34f16bae401cd254e377b,count,3,2
2026-09-05,uhaul,uhaul_816075,816075,5x10,uhaul_1b73c15420964d6d9505b1ca0ed1de23,count,5,4
2026-09-05,uhaul,uhaul_816082,816082,7x12,uhaul_7ed319c638ed41859d1cae04e59aee0d,count,1,2
2026-09-05,uhaul,uhaul_817048,817048,5x10,uhaul_66a8ff7d00794018998bcf1da05f42a8,count,5,4
2026-09-05,uhaul,uhaul_817048,817048,5x4,uhaul_215d3bc0d6ab4e6c9cb3e6168a107c91,count,3,4
2026-09-05,uhaul,uhaul_817054,817054,5x5,uhaul_4577fd30096a40e08cba6f67e79777d0,count,7,8
2026-09-05,uhaul,uhaul_817073,817073,5x5,uhaul_477ce31ea5eb4b3d9083648814404669,count,2,1
2026-09-05,uhaul,uhaul_817073,817073,5x10,uhaul_158d3cab68574c89b0bbf069b0d013d3,count,47,48
2026-09-05,uhaul,uhaul_817073,817073,10x10,uhaul_d4bfe33619254141877af0848344d0aa,promo,Free Lock,
2026-09-05,uhaul,uhaul_817073,817073,10x10,uhaul_d4bfe33619254141877af0848344d0aa,count,3,2
2026-09-05,uhaul,uhaul_817073,817073,10x20,uhaul_fac748afd31d435fb064401dcebf692b,promo,Free Lock,
2026-09-05,uhaul,uhaul_817073,817073,10x20,uhaul_fac748afd31d435fb064401dcebf692b,count,4,3
2026-09-05,uhaul,uhaul_817075,817075,5x5,uhaul_0421d6c99bcd44bc9fdc940af52fa2e1,count,15,16
2026-09-05,uhaul,uhaul_817075,817075,5x8,uhaul_6d9bdcd80586413f90f75dd692f4c161,count,2,1
2026-09-05,uhaul,uhaul_817075,817075,5x10,uhaul_0a9192394b9c4c96aab1ad53ce2de792,count,6,5
2026-09-05,uhaul,uhaul_817075,817075,5x10,uhaul_9f653e2f3d0d4442ac7c2b336be24381,count,8,7
2026-09-05,uhaul,uhaul_817075,817075,5x10,uhaul_200fb0fd79f948359f327ab5bb87f140,count,11,12
2026-09-05,uhaul,uhaul_817075,817075,10x10,uhaul_381585f91abf466280c15b56711a3267,count,4,5
2026-09-05,uhaul,uhaul_818029,818029,4x4,uhaul_7863fa094e1c48c5b7f1c259983f3b46,count,15,14
2026-09-05,uhaul,uhaul_818032,818032,5x8,uhaul_70e478ce8c2e4bbe93988d920ea63167,count,19,18
2026-09-05,uhaul,uhaul_818032,818032,5x10,uhaul_a38c7a580a2547cba04aa89a1a9bc039,count,17,20
2026-09-05,uhaul,uhaul_818032,818032,5x6,uhaul_f41e868d92254595ba133bfdcfc73a7e,promo,Free Lock,
2026-09-05,uhaul,uhaul_818032,818032,5x5,uhaul_efc4045d292646b089650391c941a654,count,10,11
2026-09-05,uhaul,uhaul_818032,818032,5x10,uhaul_fa34bca058994a2981cb3ba55f9b03ab,count,14,16
2026-09-05,uhaul,uhaul_818032,818032,5x12,uhaul_6a74a07d97ef44c09067482118205608,count,11,12
2026-09-05,uhaul,uhaul_818032,818032,5x12,uhaul_f0605754715f4d028d2eecadb9f10be1,count,2,1
2026-09-05,uhaul,uhaul_818034,818034,5x5,uhaul_49e2e02ff42744089b5c028695c5ee60,count,37,36
2026-09-05,uhaul,uhaul_818034,818034,5x10,uhaul_cbe55987e56e4a94b7a8fa7e94ba5821,count,21,20
2026-09-05,uhaul,uhaul_818034,818034,5x10,uhaul_a66f6297a0a04a009358143202eea30a,count,13,12
2026-09-05,uhaul,uhaul_818034,818034,10x10,uhaul_161dc023280b46efa1ad3f2a7dbd89b0,count,7,6
2026-09-05,uhaul,uhaul_818034,818034,10x15,uhaul_a34fd7d4d9cd4cffae9617f94a418522,count,14,13
2026-09-05,uhaul,uhaul_818034,818034,5x5,uhaul_c3fda342268040dab893800a1c74ffa6,count,37,38
2026-09-05,uhaul,uhaul_818034,818034,5x5,uhaul_01b734a7606942f98650bc8067a70241,count,30,31
2026-09-05,uhaul,uhaul_818037,818037,5x5,uhaul_a27151391f944a0a807d03a28bf48443,count,34,37
2026-09-05,uhaul,uhaul_818037,818037,5x5,uhaul_0382bd00fd84483596d6ed6470d3bf8c,count,14,17
2026-09-05,uhaul,uhaul_818037,818037,5x5,uhaul_939f8a271d3546909be2d0ba2bf5960f,count,31,32
2026-09-05,uhaul,uhaul_818037,818037,5x5,uhaul_9316671cc37c402892810a5181376409,count,3,4
2026-09-05,uhaul,uhaul_818037,818037,5x5,uhaul_1ce0457fb5d9407e857839a82e45cce8,count,2,3
2026-09-05,uhaul,uhaul_818037,818037,5x5,uhaul_92390d8f8a624bc5aad9e35fe777c193,count,5,6
2026-09-05,uhaul,uhaul_818037,818037,5x5,uhaul_ef57c76d9d444b83b194483aa48b9d40,count,26,27
2026-09-05,uhaul,uhaul_818037,818037,5x5,uhaul_afb1e0f0a6f04e1ca2e1da531dc7f5c4,count,2,1
2026-09-05,uhaul,uhaul_818087,818087,5x10,uhaul_151b8a6679a1441d9a77ff1e1cf572de,count,4,3
2026-09-05,uhaul,uhaul_818087,818087,10x10,uhaul_ef2705018c8644b6904068e47fb85ccb,count,4,3
2026-09-05,uhaul,uhaul_818087,818087,10x10,uhaul_a23b8641d5434212bde9700813915980,count,3,2
2026-09-05,uhaul,uhaul_819024,819024,5x5,uhaul_0a43d36f941140519f2e660e87825780,count,21,20
2026-09-05,uhaul,uhaul_819057,819057,5x10,uhaul_5b9dabf9e0d245e9904b4bcd64deb717,count,14,15
2026-09-05,uhaul,uhaul_819057,819057,10x10,uhaul_867a96e0d6d34c6cafa3aa7c4febb148,count,12,13
2026-09-05,uhaul,uhaul_819057,819057,10x15,uhaul_fb8f6f2c1f6e4f6283773d7c01e77db8,count,3,2
2026-09-05,uhaul,uhaul_819067,819067,10x10,uhaul_7cc9f1007b5641cfab38ede3ad441d24,count,6,7
2026-09-05,uhaul,uhaul_819067,819067,5x10,uhaul_e8468842505f4754ad7112f77aa8f4be,count,19,18
2026-09-05,uhaul,uhaul_819067,819067,10x13,uhaul_22bdb85460ea48b4b8c0e024f930f0bb,count,9,12
2026-09-05,uhaul,uhaul_819072,819072,10x15,uhaul_5c991641829c4a8cb3707a4b3bfd0bf4,count,2,3
2026-09-05,uhaul,uhaul_819073,819073,5x5,uhaul_013d878d2480465f9c73657bc5b40c63,count,10,9
2026-09-05,uhaul,uhaul_819073,819073,10x5,uhaul_b79a0fcb85f245b7908b9aa2b2a4cc77,count,2,1
2026-09-05,uhaul,uhaul_819073,819073,10x10,uhaul_eb8c297c63c6411090cfa5dda0521053,count,7,10
2026-09-05,uhaul,uhaul_819073,819073,10x15,uhaul_e1caeb219c9345ffad6a88aae5148de3,count,1,2
2026-09-05,uhaul,uhaul_820025,820025,8x12,uhaul_62b13a2269d34ca59e2513bc052719ee,count,17,16
2026-09-05,uhaul,uhaul_820025,820025,8x12,uhaul_e91e7851234245e6be0a57c1fcfd59f5,count,21,20
2026-09-05,uhaul,uhaul_820040,820040,10x10,uhaul_f2d7d07f5d534017983bc977479645cf,count,2,1
2026-09-05,uhaul,uhaul_820071,820071,5x5,uhaul_87a3709818b245f3a9bf9227d8ef803c,count,4,6
2026-09-05,uhaul,uhaul_820075,820075,10x10,uhaul_c8e492f4b7164b69a64182dc7df82c0a,count,2,1
2026-09-05,uhaul,uhaul_820082,820082,10x15,uhaul_4a0143527a88494794d0fe9c116fcd8c,count,8,7
2026-09-05,uhaul,uhaul_821040,821040,5x10,uhaul_32e7d840f4ad4928a3e0db22b31eb589,count,3,2
2026-09-05,uhaul,uhaul_821040,821040,11x15,uhaul_4017e499cb0a4e7ba63206bec234d11a,count,2,3
2026-09-05,uhaul,uhaul_821040,821040,7x23.5,uhaul_6ba2ab4868ee44638daa17c4eccd0c1b,count,36,37
2026-09-05,uhaul,uhaul_821053,821053,10x20,uhaul_66408b608f474e28b44abaeeac95d58c,count,4,5
2026-09-05,uhaul,uhaul_821054,821054,10x10,uhaul_cd7d769de6c74562a662fef7c6a0dfc9,promo,Free Lock,
2026-09-05,uhaul,uhaul_821056,821056,5x5,uhaul_15838f46e52443eda4f44ab3db65e7d9,promo,Free Lock,
2026-09-05,uhaul,uhaul_821056,821056,5x10,uhaul_78ff61bcbacd4dfdba1cd98141171d05,count,18,17
2026-09-05,uhaul,uhaul_821056,821056,5x10,uhaul_37a4c7b5af954f4987ca4d66e4bc2c82,count,3,2
2026-09-05,uhaul,uhaul_821056,821056,10x10,uhaul_d58dc2a1ec24412ca71652287197b52f,count,6,7
2026-09-05,uhaul,uhaul_821072,821072,5x10,uhaul_076ffc37293a46fe8251787ad71ef004,count,12,14
2026-09-05,uhaul,uhaul_821072,821072,10x10,uhaul_4cfd16023d134350a10ece5dd64aacc5,count,10,9
2026-09-05,uhaul,uhaul_821079,821079,10x10,uhaul_0ea48e1fe0c342d59226e844e643b13c,count,18,17
2026-09-05,uhaul,uhaul_822025,822025,5x5,uhaul_af18f511cc434535b61978585bab88a2,count,5,6
2026-09-05,uhaul,uhaul_822025,822025,5x10,uhaul_e649615d896e4d16a7e691f0445266e9,count,11,12
2026-09-05,uhaul,uhaul_822025,822025,10x10,uhaul_6aeb63712a974bfa953a9a6953c7f15b,count,15,14
2026-09-05,uhaul,uhaul_822035,822035,10x10,uhaul_aba5c79acd9f438cab84c171ae45263a,count,2,1
2026-09-05,uhaul,uhaul_822035,822035,5x5,uhaul_aee3d86342204a8a8d35c18bf376fa96,count,7,8
2026-09-05,uhaul,uhaul_822035,822035,5x10,uhaul_2ae3464ff8f847f6b39662b2e81908ab,count,17,18
2026-09-05,uhaul,uhaul_822035,822035,10x10,uhaul_134fd36b374c4c1787f75790da000228,count,7,8
2026-09-05,uhaul,uhaul_822042,822042,10x5,uhaul_d2b62bf146e04f16a7e256ff379089a9,count,8,9
2026-09-05,uhaul,uhaul_822072,822072,5x10,uhaul_585efc08f905440fa7b37b9822380aca,count,44,43
2026-09-05,uhaul,uhaul_822083,822083,5x5,uhaul_8519d2ff16b94462b5d91e149b2d015a,count,6,7
2026-09-05,uhaul,uhaul_822083,822083,5x10,uhaul_8ef0bcaad475468f82566396e026e1fe,count,3,2
2026-09-05,uhaul,uhaul_822083,822083,5x10,uhaul_e77887ff9c6946cdb1f9b6c71f440357,count,2,1
2026-09-05,uhaul,uhaul_822088,822088,10x10,uhaul_1bb77a886bf04ee08eaeb739f748ea58,count,22,23
2026-09-05,uhaul,uhaul_824027,824027,10x10,uhaul_874406a28d7145abb4e63bd13def13ed,count,2,3
2026-09-05,uhaul,uhaul_824027,824027,5x7,uhaul_50b5af3d08fe4815924510d2a096d519,count,1,2
2026-09-05,uhaul,uhaul_824027,824027,8x8,uhaul_d3cb6281304144d2bbdf0ea261fd284d,count,25,26
2026-09-05,uhaul,uhaul_824029,824029,5x5,uhaul_a6cf41faedb748d7b1e5b0437a8c5413,count,3,2
2026-09-05,uhaul,uhaul_824029,824029,10x10,uhaul_3cb224e6a3754be9b8538e9f2b2b8a94,promo,Free Lock,
2026-09-05,uhaul,uhaul_824041,824041,10x10,uhaul_db7491ee78874f89a4a4bc6b6c226ca2,count,8,7
2026-09-05,uhaul,uhaul_824052,824052,10x20,uhaul_9d594b696c954248b4b259cace83e3e6,count,5,4
2026-09-05,uhaul,uhaul_824071,824071,5x10,uhaul_59356409d96f493cbc05e7860b2947cf,count,2,3
2026-09-05,uhaul,uhaul_824073,824073,10x30,uhaul_bb59347e3a864476879c35b22c68c9e5,count,2,1
2026-09-05,uhaul,uhaul_824078,824078,5x9,uhaul_64d647d222ae4e1bba955cf553cafcf5,count,28,27
2026-09-05,uhaul,uhaul_824081,824081,5x5,uhaul_8396050ff7cd4ffa98b077c277b17c79,count,11,10
2026-09-05,uhaul,uhaul_824081,824081,5x10,uhaul_48eb9be4c8a94ef5bc504380fa40eff7,count,20,19
2026-09-05,uhaul,uhaul_824081,824081,10x10,uhaul_34927cf9819c41b1bc2f0fb5a31e9890,count,17,16
2026-09-05,uhaul,uhaul_824081,824081,4x4,uhaul_d411a6efb4444660b183a26eae1ef57c,count,15,14
2026-09-05,uhaul,uhaul_825051,825051,5x10,uhaul_20d1022c48474594a2c24b441d7c4e3f,count,14,15
2026-09-05,uhaul,uhaul_825051,825051,10x10,uhaul_c43c42d5614641549ac6e7768bd5eb58,count,2,1
2026-09-05,uhaul,uhaul_825054,825054,4x8,uhaul_acf22a807ec94e118fc50447c13e03fe,count,8,9
2026-09-05,uhaul,uhaul_825054,825054,8x8,uhaul_2f755aa2563a4acea61dc3679d75bafa,count,5,4
2026-09-05,uhaul,uhaul_825054,825054,8x12,uhaul_c0ff71da23354c1db9723b790e720f86,count,8,7
2026-09-05,uhaul,uhaul_825067,825067,5x10,uhaul_5f96ba065d864875bc3519d82fb80e85,count,11,9
2026-09-05,uhaul,uhaul_825077,825077,5x10,uhaul_934d697a7fd741f5bb5cb997801f28c2,count,6,4
2026-09-05,uhaul,uhaul_825077,825077,10x10,uhaul_9fd08227adf54646a9e4e2ef78db0212,count,15,14
2026-09-05,uhaul,uhaul_825077,825077,10x15,uhaul_3e54b9b4d8f941e5be640f002ba8fe4c,count,7,6
2026-09-05,uhaul,uhaul_826028,826028,5x5,uhaul_957f327fa16147da874ee3f2af53f7d8,promo,,Free Lock
2026-09-05,uhaul,uhaul_826030,826030,5x8,uhaul_63038e54acd84c44851423aa7fa507ce,count,29,30
2026-09-05,uhaul,uhaul_826030,826030,10x10,uhaul_b06dac2599bf4310a66d11b6e166edfd,count,15,16
2026-09-05,uhaul,uhaul_826032,826032,7x23.5,uhaul_1f2d327745704ed99891fc4e81efe009,count,3,2
2026-09-05,uhaul,uhaul_826050,826050,5x5,uhaul_cc4f69bc30484e34a1e6b9060f432926,count,9,10
2026-09-05,uhaul,uhaul_826050,826050,5x10,uhaul_c2986675df134c14b4dda922c486a7f5,count,3,5
2026-09-05,uhaul,uhaul_826050,826050,10x10,uhaul_9780d5af5f80499991d45fb7c2702c98,count,7,6
2026-09-05,uhaul,uhaul_826050,826050,10x15,uhaul_1fdb2614dcf845199748a4feb78e58b6,promo,,Free Lock
2026-09-05,uhaul,uhaul_826056,826056,5x5,uhaul_ea0756b906af427d94a4f443c6b1947a,count,2,3
2026-09-05,uhaul,uhaul_826056,826056,5x5,uhaul_bd1959325131450cafb6f25da2c00d90,count,4,3
2026-09-05,uhaul,uhaul_826056,826056,10x10,uhaul_565ac2685c694952906c26e9a2af50de,count,3,2
2026-09-05,uhaul,uhaul_826071,826071,5x10,uhaul_d3919de090c448cda659ecbd2a57627a,count,3,2
2026-09-05,uhaul,uhaul_826072,826072,5x5,uhaul_0650b73705684d0eb77133f0c7490ddd,count,2,1
2026-09-05,uhaul,uhaul_826072,826072,5x10,uhaul_fbd4bb0829394c4ba48d47f04ee24941,count,9,7
2026-09-05,uhaul,uhaul_826072,826072,5x10,uhaul_0eecffe90c7e43cfa5d0d2b126f47b8e,promo,Free Lock,
2026-09-05,uhaul,uhaul_826072,826072,5x10,uhaul_0eecffe90c7e43cfa5d0d2b126f47b8e,count,2,1
2026-09-05,uhaul,uhaul_826073,826073,5x10,uhaul_329c2065806a49379c51dbf40cbe72a8,count,17,15
2026-09-05,uhaul,uhaul_826073,826073,10x10,uhaul_e4180f7db8284b2eacd1f09bed338435,count,6,5
2026-09-05,uhaul,uhaul_826073,826073,12x16,uhaul_1808012343c34ce8adfe7eff90951445,count,3,2
2026-09-05,uhaul,uhaul_828028,828028,10x30,uhaul_27f73e132efa417eba7385cde0a803dc,count,4,3
2026-09-05,uhaul,uhaul_828049,828049,5x10,uhaul_f76b089126da4236bc2f25c216b6a409,count,16,17
2026-09-05,uhaul,uhaul_828059,828059,5x10,uhaul_cd76be5b5d184d4bba8c2ca309e44c58,count,4,3
2026-09-05,uhaul,uhaul_828061,828061,5x10,uhaul_eb9efc1d074440f6955d6dd1e4c129d6,count,4,3
2026-09-05,uhaul,uhaul_828068,828068,5x10,uhaul_e0f77114f36543eda354a11fae6335fb,count,3,4
2026-09-05,uhaul,uhaul_828068,828068,10x10,uhaul_08481f52347148c9991bb2fa3703d071,count,4,5
2026-09-05,uhaul,uhaul_828068,828068,10x10,uhaul_83486dbaa926492c91b025e2c2f97504,count,5,6
2026-09-05,uhaul,uhaul_828074,828074,5x5,uhaul_f291e33a4c434452a3170186ff9e63d6,count,1,2
2026-09-05,uhaul,uhaul_828074,828074,5x10,uhaul_6addf14c1a614de496bf5d0a397ab6ee,count,15,16
2026-09-05,uhaul,uhaul_828074,828074,5x10,uhaul_c4843acd8a0a4ca692be9e6b20e43cca,count,15,14
2026-09-05,uhaul,uhaul_828080,828080,5x10,uhaul_05a5bbeb7ec64df1aff287925478755e,count,19,17
2026-09-05,uhaul,uhaul_828080,828080,10x15,uhaul_e698138fef2a4fe08ea633e1316a3c00,count,12,11
2026-09-05,uhaul,uhaul_829033,829033,10x20,uhaul_23f908c3ffa8428b8b2a8b1cb5d536ba,count,1,2
2026-09-05,uhaul,uhaul_829035,829035,5x10,uhaul_2627094b9aa4486a8d6432edc2dfc62f,count,4,5
2026-09-05,uhaul,uhaul_829053,829053,10x15,uhaul_15737a26ab1c4e8ea47e6197e04ac503,count,4,3
2026-09-05,uhaul,uhaul_829054,829054,5x10,uhaul_766da7f563d44e5c95f056c64e0d8bd0,count,26,25
2026-09-05,uhaul,uhaul_829054,829054,10x20,uhaul_04857a583f394ffaa44e5d860dd6f88a,count,1,2
2026-09-05,uhaul,uhaul_829054,829054,10x15,uhaul_7a69af42fccd4826b892ce1405f2c6a3,count,41,42
2026-09-05,uhaul,uhaul_829055,829055,5x10,uhaul_848578ebe3c54d57b2e52e7924c1be25,count,6,7
2026-09-05,uhaul,uhaul_829057,829057,10x10,uhaul_65d95a43a3d049619ee5ae90f1092dfe,count,3,4
2026-09-05,uhaul,uhaul_829071,829071,10x8,uhaul_45c413e002b341d8b0600c0b7b434e45,count,2,1
2026-09-05,uhaul,uhaul_829071,829071,10x10,uhaul_89ae6e442ea04164aa3e03e5ed4a1047,count,24,23
2026-09-05,uhaul,uhaul_829073,829073,10x15,uhaul_0b3d064e95e24a68b67762bcb649b80b,count,2,1
2026-09-05,uhaul,uhaul_829075,829075,6x16,uhaul_460047b6c80541a09dba0410ab2e0b85,count,1,2
2026-09-05,uhaul,uhaul_829089,829089,5x10,uhaul_31270337471645488258827ee9e26e98,count,5,6
2026-09-05,uhaul,uhaul_830025,830025,5x5,uhaul_1c33e339b011430fb0610bc593fbae7e,count,7,8
2026-09-05,uhaul,uhaul_830071,830071,10x15,uhaul_bf651dd895fe472f835b23f684aa7365,count,12,11
2026-09-05,uhaul,uhaul_830077,830077,10x10,uhaul_b8e41d9737c042e9be37f95aad296ab2,count,3,2
2026-09-05,uhaul,uhaul_830078,830078,7x16.5,uhaul_fb459c74b52b4f47a3464271102160c5,count,163,162
2026-09-05,uhaul,uhaul_830079,830079,5x10,uhaul_7eddfc506d384c5ea92224503b035cc0,count,21,22
2026-09-05,uhaul,uhaul_830081,830081,10x10,uhaul_6ddd620512db4643959e5c18e12c198d,count,22,21
2026-09-05,uhaul,uhaul_830083,830083,5x10,uhaul_abeba649f8bd4d59a920439600462c7e,count,33,34
2026-09-05,uhaul,uhaul_830083,830083,5x10,uhaul_8acaca7939df43ba92e45e98c48ce0af,count,9,8
2026-09-05,uhaul,uhaul_830083,830083,10x15,uhaul_0d0d1ec732e640f2967086041be16f72,count,3,1
2026-09-05,uhaul,uhaul_832028,832028,10x10,uhaul_3f95f28f12da40898135f4f34f0a8a55,count,27,26
2026-09-05,uhaul,uhaul_832048,832048,10x15,uhaul_9fbb360501a94e3ba30a45112c29da8a,count,2,3
2026-09-05,uhaul,uhaul_832048,832048,10x10,uhaul_c470907afa5a4e9a888e3f33ac5baf29,count,6,5
2026-09-05,uhaul,uhaul_832052,832052,4x7,uhaul_f4c3095ac693455da4f49cae4b37e612,count,11,10
2026-09-05,uhaul,uhaul_832065,832065,7.3x23.5,uhaul_87fc0fbc688a439c87d7afab5e3b53a4,count,32,31
2026-09-05,uhaul,uhaul_832071,832071,10x10,uhaul_cc29c7008524481cadd711204542566c,count,10,9
2026-09-05,uhaul,uhaul_832071,832071,10x10,uhaul_5604ed41cdd54808863a5461c5d69afc,count,14,13
2026-09-05,uhaul,uhaul_832071,832071,10x15,uhaul_d10af5e7b6cd412d9a7f937e8765a1be,count,2,1
2026-09-05,uhaul,uhaul_832071,832071,10x20,uhaul_05cb193b89fc456591e5db4b143055cd,count,4,3
2026-09-05,uhaul,uhaul_832073,832073,5x5,uhaul_adf91da9776c4abda2ce6fea0fd9249f,count,3,2
2026-09-05,uhaul,uhaul_832073,832073,10x15,uhaul_05a407ec5bce4b59a3aa8efc1a9f208f,count,4,3
2026-09-05,uhaul,uhaul_832074,832074,5x5,uhaul_063d6ac0cb28488a80b6e38d4488a772,count,1,2
2026-09-05,uhaul,uhaul_832075,832075,10x10,uhaul_ca60c987dd1045ff9d7c0ac09e2570b7,count,22,23
2026-09-05,uhaul,uhaul_832075,832075,10x10,uhaul_099cf8869b6e4e83a6f236c5e59c3fd7,count,24,25
2026-09-05,uhaul,uhaul_832075,832075,10x15,uhaul_cc41cdcd27c04ca7b4cf6b8a3829778f,count,11,9
2026-09-05,uhaul,uhaul_832075,832075,10x10,uhaul_0a5e9a81160e46dc848a59653ebc72ae,count,7,8
2026-09-05,uhaul,uhaul_833021,833021,5x10,uhaul_e955853ef77049e9a275e05bfab1d99c,count,10,11
2026-09-05,uhaul,uhaul_833021,833021,10x10,uhaul_09e597d6c5d04a849f91d8d359e1b3c3,count,10,11
2026-09-05,uhaul,uhaul_833026,833026,10x15,uhaul_9db0dfd1dc5546d28a9a19434f14a4d8,count,4,3
2026-09-05,uhaul,uhaul_833030,833030,10x10,uhaul_1b5caa595e70407aa72a58a5e4ddbcc6,count,9,10
2026-09-05,uhaul,uhaul_833030,833030,10x30,uhaul_9957a37db0434ff9851146bb54cff2aa,count,3,4
2026-09-05,uhaul,uhaul_833030,833030,12x20,uhaul_8bb695f2879542fa8785fc83808d828f,count,1,2
2026-09-05,uhaul,uhaul_833031,833031,10x10,uhaul_68a3846a97984ac8bbb3a1f03a219ffb,count,40,41
2026-09-05,uhaul,uhaul_833031,833031,10x40,uhaul_bfedb01f02474da4b3e6e62f3dd0442a,count,2,1
2026-09-05,uhaul,uhaul_833040,833040,10x10,uhaul_277f89d62d7e453d94376b15dbc4c700,count,5,6
2026-09-05,uhaul,uhaul_833044,833044,5x10,uhaul_44a12ebd79c94163a4d63ba54fd8b0ec,count,4,3
2026-09-05,uhaul,uhaul_833071,833071,7x10,uhaul_3a5392bee2f945189eba8fc6e18f3e6b,count,1,2
2026-09-05,uhaul,uhaul_833071,833071,10x10,uhaul_c18988d4915d48569058983d974ce4b6,count,15,16
2026-09-05,uhaul,uhaul_833071,833071,10x20,uhaul_b4881b5610064df88de0ca50fad67ae7,count,2,3
2026-09-05,uhaul,uhaul_833071,833071,10x10,uhaul_c22f8311de3e40a58114e214685906fe,count,2,4
2026-09-05,uhaul,uhaul_833072,833072,10x10,uhaul_7d2dabd4b9504235862b8dc72543d76d,count,15,13
2026-09-05,uhaul,uhaul_833072,833072,10x20,uhaul_3b170ccba4964d4bb44babe818583260,count,7,6
2026-09-05,uhaul,uhaul_833073,833073,5x10,uhaul_2bb5812a14494945afa2c07665a3c8d8,count,24,22
2026-09-05,uhaul,uhaul_833073,833073,8x10,uhaul_764676217fd849ff8a4eb77f4121edc4,count,9,10
2026-09-05,uhaul,uhaul_833074,833074,5x10,uhaul_55e0aec994364a4ba35928d1beae40b8,count,2,1
2026-09-05,uhaul,uhaul_834021,834021,10x10,uhaul_f573753b330746f2b4892aa243a768d7,count,3,4
2026-09-05,uhaul,uhaul_834028,834028,5x10,uhaul_dec74e90647d4d59835b4549259b0eeb,count,2,3
2026-09-05,uhaul,uhaul_834028,834028,10x10,uhaul_32ac90898b944f46a8d09e1844c2e468,count,2,1
2026-09-05,uhaul,uhaul_834028,834028,5x5,uhaul_1d7d3320a1a84c49b342ec7462b04e40,count,20,19
2026-09-05,uhaul,uhaul_834035,834035,5x5,uhaul_c940c1049e2f48f28e4ca3ab794166a2,count,11,12
2026-09-05,uhaul,uhaul_834035,834035,10x15,uhaul_d2876b7e28094078bdb6f2cf11c0efbd,count,3,2
2026-09-05,uhaul,uhaul_834072,834072,5x10,uhaul_f292e355863d4c819c7b6b85de1cbcfb,count,44,45
2026-09-05,uhaul,uhaul_834072,834072,10x10,uhaul_7af218c9dd584ce2b674c75cc69344a5,count,1,2
2026-09-05,uhaul,uhaul_834072,834072,10x10,uhaul_6ebb678b05164ee880dd2e0981f6fa14,count,5,6
2026-09-05,uhaul,uhaul_835021,835021,5x10,uhaul_efe4ee818de74378ada63ddd849dd155,count,9,8
2026-09-05,uhaul,uhaul_835021,835021,10x10,uhaul_4b283fc0e1744bbf8fcc3ed80d7667bc,count,24,25
2026-09-05,uhaul,uhaul_835021,835021,12x30,uhaul_9b319ba493b443b493c2633534609761,count,4,3
2026-09-05,uhaul,uhaul_835036,835036,13x35,uhaul_3a6055a9ae5e4e068a378df2fb119e73,count,10,12
2026-09-05,uhaul,uhaul_835036,835036,4.6x8,uhaul_9a63d2d0e65045ed8e27c6cb1e2909a9,count,5,7
2026-09-05,uhaul,uhaul_835043,835043,5x5,uhaul_bf1bfe46497d44ffae4c12e9e764da06,count,13,12
2026-09-05,uhaul,uhaul_835043,835043,5x10,uhaul_8ee6565619ce43748a3d3fbe5f9f41b6,count,14,13
2026-09-05,uhaul,uhaul_835043,835043,10x10,uhaul_10b1a5caa0c54822881cf4ce4662bdb1,count,13,12
2026-09-05,uhaul,uhaul_835051,835051,10x10,uhaul_6c22a605cc1345a1b0409bedb9b5e029,count,31,33
2026-09-05,uhaul,uhaul_835056,835056,10x10,uhaul_78b802a7bfb0427aabc25ccdbee729d1,count,2,3
2026-09-05,uhaul,uhaul_835059,835059,10x10,uhaul_8b26783f0b924c539265a13896cff413,count,6,5
2026-09-05,uhaul,uhaul_835060,835060,5x10,uhaul_a604b5afcc9a422eaee4e4477cfb5474,count,57,58
2026-09-05,uhaul,uhaul_835072,835072,5x10,uhaul_4320103ca4b0418593604fb1eb80bf20,count,31,30
2026-09-05,uhaul,uhaul_835072,835072,10x20,uhaul_b5da6253057247218b58440615ed75a1,count,3,4
2026-09-05,uhaul,uhaul_835076,835076,10x15,uhaul_a69bba109ea84332945166b759b4a7f7,promo,,Free Lock
2026-09-05,uhaul,uhaul_835076,835076,10x30,uhaul_faa59dfda598426683b2b661787c8331,promo,,Free Lock
2026-09-05,uhaul,uhaul_835076,835076,10x20,uhaul_457350bce862419bb36edc2c931e8b0c,count,7,8
2026-09-05,uhaul,uhaul_835077,835077,8x13,uhaul_dc5d00ab0f4b433c93ee675baf0a17ef,count,1,2
2026-09-05,uhaul,uhaul_835084,835084,5x5,uhaul_e33b6650f5984972a906b198d4ebd353,promo,,Free Lock
2026-09-05,uhaul,uhaul_835084,835084,5x10,uhaul_4d5c9f8de2ab4a5fab8df3632a297fe7,promo,,Free Lock
2026-09-05,uhaul,uhaul_835084,835084,10x10,uhaul_b47e21d459ea4ee4801628bfb464a570,promo,,Free Lock
2026-09-05,uhaul,uhaul_835084,835084,10x15,uhaul_404592d31c8141fdab32d667db36170d,promo,,Free Lock
2026-09-05,uhaul,uhaul_835084,835084,10x16,uhaul_f26b60cc54e94a83b56c584444211615,count,10,9
2026-09-05,uhaul,uhaul_836026,836026,10x10,uhaul_5669d655f9424ef09545ea686d79412b,count,3,4
2026-09-05,uhaul,uhaul_836041,836041,5x10,uhaul_25aa3cd05f624c62915c40b678fc7727,count,7,6
2026-09-05,uhaul,uhaul_836041,836041,10x10,uhaul_cf29705649284f98a819cdb9f8907c15,count,3,4
2026-09-05,uhaul,uhaul_836041,836041,10x15,uhaul_cda32f4bb82247ab9b6c186a32507aab,count,1,2
2026-09-05,uhaul,uhaul_836048,836048,5x10,uhaul_457ca5559a464b2db75fd581c9a1fb38,count,26,24
2026-09-05,uhaul,uhaul_836048,836048,5x10,uhaul_650f20ac0d814401bc6e4ea895a79b99,count,23,22
2026-09-05,uhaul,uhaul_836048,836048,10x10,uhaul_d3f4ba2bfc0e429da1da9b8690f1636e,count,24,25
2026-09-05,uhaul,uhaul_836048,836048,10x15,uhaul_22002be45407457698b63aeed6650cca,count,3,2
2026-09-05,uhaul,uhaul_836072,836072,4x10,uhaul_255bc832d51246fd8915307522100509,count,27,26
2026-09-05,uhaul,uhaul_836072,836072,9x9,uhaul_bcf55d9cf28840f382a4f69a8576e594,count,18,19
2026-09-05,uhaul,uhaul_836074,836074,5x10,uhaul_0a446e65357140b0a1838979d729d584,count,19,18
2026-09-05,uhaul,uhaul_836074,836074,10x10,uhaul_26b0c77961ca47599eba48614572a2f2,count,1,2
2026-09-05,uhaul,uhaul_836088,836088,5x10,uhaul_a969c174c103425684f7abe3f96301ce,count,4,5
2026-09-05,uhaul,uhaul_836088,836088,10x10,uhaul_5b8b4ef542084482b260a2a63c95cba3,count,2,1
2026-09-05,uhaul,uhaul_837023,837023,4x5,uhaul_3ac0be7724694dd6ac35ab800e12b22e,count,1,2
2026-09-05,uhaul,uhaul_837023,837023,4x8,uhaul_1c1f37ecc8c34ae4ae726773cb7c8978,count,25,26
2026-09-05,uhaul,uhaul_837023,837023,4x8,uhaul_2e03aa20b618456ebd5a38d60837a523,count,4,3
2026-09-05,uhaul,uhaul_837028,837028,5x10,uhaul_861a6b71d3db4b2bb838c239a706e1a0,count,6,7
2026-09-05,uhaul,uhaul_837028,837028,10x8,uhaul_b6c140e1e8f144eb8c59b35514263915,promo,,Free Lock
2026-09-05,uhaul,uhaul_837028,837028,10x10,uhaul_186f0d57177948aab8099d03428729f0,count,2,3
2026-09-05,uhaul,uhaul_837028,837028,10x10,uhaul_0b3bef1d6a7649528b91271a5a6af54b,promo,,Free Lock
2026-09-05,uhaul,uhaul_837029,837029,5x5,uhaul_e6f6efb5f65044fea0538fc19231187b,count,4,3
2026-09-05,uhaul,uhaul_837051,837051,4x8,uhaul_2a922c772c524c3fab7ac4060f485d6c,promo,,Free Lock
2026-09-05,uhaul,uhaul_837051,837051,4x8,uhaul_2a922c772c524c3fab7ac4060f485d6c,count,3,2
2026-09-05,uhaul,uhaul_837051,837051,4x4,uhaul_f697c93be9804268a4b9cc3d49d6ae03,count,21,22
2026-09-05,uhaul,uhaul_837051,837051,4x4,uhaul_3a00bebe552e4b0188252653715bc231,count,2,4
2026-09-05,uhaul,uhaul_837051,837051,8x8,uhaul_b4fd147b97a341d6b7ae800387445e63,count,3,4
2026-09-05,uhaul,uhaul_837051,837051,8x8,uhaul_affc885e6f1542b0a636912b8f9c17ba,count,3,4
2026-09-05,uhaul,uhaul_837054,837054,5x5,uhaul_13f17b50012c4934a72c4cc614897dc5,count,2,4
2026-09-05,uhaul,uhaul_837054,837054,4x8,uhaul_99ab4f2190854046b00e7475bf5aca7c,count,5,6
2026-09-05,uhaul,uhaul_837054,837054,4x12,uhaul_24f5eed4bf4748b7baac723e7e337910,count,1,3
2026-09-05,uhaul,uhaul_837054,837054,5x5,uhaul_1b30ae8221b0428082eb7c68fa076aba,count,13,15
2026-09-05,uhaul,uhaul_837054,837054,5x5,uhaul_0ffe0116ac5a473f934b31b757ebea22,count,6,8
2026-09-05,uhaul,uhaul_837054,837054,5x8,uhaul_8d4c1510c0dd4054bea55aa189f1a05c,count,4,5
2026-09-05,uhaul,uhaul_837054,837054,5x10,uhaul_5f0df18ff88249649ef1a94b7b122769,count,1,2
2026-09-05,uhaul,uhaul_837054,837054,8x10,uhaul_9930ba1bdcee4fd1b19e7c85e9b85080,count,1,2
2026-09-05,uhaul,uhaul_837054,837054,8x8,uhaul_2de1e5ce27d8464080b0aadc72f34ac9,count,2,3
2026-09-05,uhaul,uhaul_837054,837054,8x10,uhaul_ae9477a762884826b10f176e82722db5,count,1,2
2026-09-05,uhaul,uhaul_837054,837054,8x10,uhaul_4233e0b485f14b0ea8de4d4e46501fec,count,4,3
2026-09-05,uhaul,uhaul_837054,837054,10x10,uhaul_1bbb8bd465414b63813da2a5968a55e1,count,2,4
2026-09-05,uhaul,uhaul_837054,837054,4x5,uhaul_5c4e20c6f637422fbb43edf1181a5890,count,4,6
2026-09-05,uhaul,uhaul_837054,837054,4x8,uhaul_2f2aebcdcadb4074b243bbb7acc8cb07,count,1,2
2026-09-05,uhaul,uhaul_837068,837068,5x7,uhaul_624d78eaa1504e0fa668391a472b2538,promo,Free Lock,
2026-09-05,uhaul,uhaul_837068,837068,5x7,uhaul_624d78eaa1504e0fa668391a472b2538,count,2,1
2026-09-05,uhaul,uhaul_837069,837069,4x8,uhaul_c7403cfdbcdf42b49755e670db40ffee,count,16,19
2026-09-05,uhaul,uhaul_837069,837069,8x8,uhaul_792b93accb0f42998e167539ded5909b,count,4,6
2026-09-05,uhaul,uhaul_837078,837078,4x8,uhaul_64f2668075c34d559a46fdf15dd4e85b,count,1,2
2026-09-05,uhaul,uhaul_837078,837078,8x8,uhaul_233f6e76469e46d8aefa48eaab4d8265,count,2,3
2026-09-05,uhaul,uhaul_837078,837078,8x12,uhaul_894c926fe87548889ba34fcbc28edb63,count,1,2
2026-09-05,uhaul,uhaul_837078,837078,5x5,uhaul_35564fca1cd94397873e92d901991f17,count,2,3
2026-09-05,uhaul,uhaul_838023,838023,5x10,uhaul_8c1ce48b69414ba58f784cafcc73e747,count,2,1
2026-09-05,uhaul,uhaul_838023,838023,10x10,uhaul_de99ac9d8d9d44b98942f7afaa51ed49,count,1,2
2026-09-05,uhaul,uhaul_838024,838024,10x10,uhaul_bc3c70774f7d4721adb3634ecebf83ba,count,4,5
2026-09-05,uhaul,uhaul_838024,838024,10x10,uhaul_2a4cf5bd7b094ecaa6776ae2006a12fc,count,7,8
2026-09-05,uhaul,uhaul_838024,838024,10x10,uhaul_08ebc5d031074d8395ad36de5d1ec983,count,1,3
2026-09-05,uhaul,uhaul_838027,838027,10x10,uhaul_2e1fdbb36fa840e5b2814c28fc30b8cb,count,6,5
2026-09-05,uhaul,uhaul_838028,838028,5x15,uhaul_6bc0beeacd84441eac57fb713fca8982,count,2,1
2026-09-05,uhaul,uhaul_838054,838054,5x5,uhaul_a9d74ba03c214cbd80f75b21a1dde251,count,9,10
2026-09-05,uhaul,uhaul_838054,838054,5x10,uhaul_f3b8b83605e14f2fb9b8bb08055c73f9,count,16,15
2026-09-05,uhaul,uhaul_838054,838054,5x10,uhaul_a8d3d3470f8441ada1413985de5488e1,count,11,12
2026-09-05,uhaul,uhaul_838068,838068,10x20,uhaul_accd678ec96c470c9ff7a01c882576b0,count,5,6
2026-09-05,uhaul,uhaul_838071,838071,5x5,uhaul_756db2247d02418d9017fb8618d0856d,count,1,2
2026-09-05,uhaul,uhaul_838071,838071,5x10,uhaul_bee44f07c6684acb8fefe31ee41d4f83,count,4,3
2026-09-05,uhaul,uhaul_838071,838071,5x10,uhaul_df92bedbe2a14a8ab9c2811adf68b6ac,count,31,34
2026-09-05,uhaul,uhaul_838071,838071,5x10,uhaul_88bc2d2a63d54ff4b110276183b44a21,count,51,50
2026-09-05,uhaul,uhaul_838071,838071,10x10,uhaul_b690d9bbaf9a4d70b6ea93da4a9329b8,count,18,17
2026-09-05,uhaul,uhaul_838071,838071,10x20,uhaul_d47288aa74224021b277a25bc98cebe7,count,4,5
2026-09-05,uhaul,uhaul_838078,838078,5x10,uhaul_061b987f8aa047139310d98abf0fc633,count,11,10
2026-09-05,uhaul,uhaul_838078,838078,10x10,uhaul_e36953915f70443d84c402be42053e47,count,2,3
2026-09-05,uhaul,uhaul_838078,838078,10x15,uhaul_24d90641deda47ddbb6dd4422b298e5e,count,2,1
2026-09-05,uhaul,uhaul_838088,838088,5x5,uhaul_218c73c39d3743b4bd4753cf64ff786f,count,13,12
2026-09-05,uhaul,uhaul_838088,838088,10x10,uhaul_2d70fb550adb44318aa0351b4f8d223a,count,5,6
2026-09-05,uhaul,uhaul_842059,842059,10x15,uhaul_63b4b0afa7214747ba81a03ab875a96b,count,6,5
2026-09-05,uhaul,uhaul_842062,842062,5x10,uhaul_e622ecbd0b754e6abb268c8ffe60b60f,count,1,2
2026-09-05,uhaul,uhaul_842062,842062,10x10,uhaul_e45df9a9f0bc4950b50ac3766cd51073,promo,Free Lock,
2026-09-05,uhaul,uhaul_842062,842062,10x10,uhaul_e45df9a9f0bc4950b50ac3766cd51073,count,2,1
2026-09-05,uhaul,uhaul_842071,842071,5x5,uhaul_a27935f345df4114a79d929458ab439a,count,10,9
2026-09-05,uhaul,uhaul_842071,842071,5x10,uhaul_d9334ad13d1e4e8ab7e3825e25225d1c,count,34,32
2026-09-05,uhaul,uhaul_842071,842071,10x10,uhaul_36cb85ade72e4278aa9b18b0a0002949,count,5,6
2026-09-05,uhaul,uhaul_842072,842072,5x5,uhaul_537a26884ed44fd0ab9247655dcec58a,count,10,11
2026-09-05,uhaul,uhaul_842072,842072,5x10,uhaul_808af810fe7943d1930b79760f0e73c0,count,9,10
2026-09-05,uhaul,uhaul_842072,842072,10x10,uhaul_79172b34fcf241eb8e16522a8c7f4146,count,7,8
2026-09-05,uhaul,uhaul_842074,842074,5x10,uhaul_bc51701529f54275a2f0254195c6f2b3,count,5,3
2026-09-05,uhaul,uhaul_842076,842076,5x5,uhaul_1e87b08392e2408e9037e1fc7a47e9f6,promo,,Free Lock
2026-09-05,uhaul,uhaul_842076,842076,5x10,uhaul_d2db2f61ee6545618929a9f40bee2f18,count,44,43
2026-09-05,uhaul,uhaul_842076,842076,10x15,uhaul_c75acc91e6f84af9b458a9dd63be41e5,count,14,13
2026-09-05,uhaul,uhaul_842076,842076,10x10,uhaul_8c50d074660749269a5862989e7ee2bc,count,12,11
2026-09-05,uhaul,uhaul_842079,842079,5x5,uhaul_b2dcc306e14f4784a38e4ecace66538c,count,11,12
2026-09-05,uhaul,uhaul_842079,842079,5x10,uhaul_ebfb741c84eb4d4ea789a71e23ee62cc,count,2,3
2026-09-05,uhaul,uhaul_842079,842079,10x20,uhaul_bada8d175db2466d99f14cd177a1cd11,count,12,10
2026-09-05,uhaul,uhaul_842080,842080,10x20,uhaul_6863809c46b84689aadaefa406c56902,count,105,104
2026-09-05,uhaul,uhaul_842081,842081,10x15,uhaul_d292e4ec41af4b608a66d0207ff34745,count,32,33
2026-09-05,uhaul,uhaul_842086,842086,5x10,uhaul_07a907c4485046a2991efa30139df5fe,count,3,2
2026-09-05,uhaul,uhaul_842086,842086,10x10,uhaul_36945018403d4a3d938f63ad34477fb8,count,7,8
2026-09-05,uhaul,uhaul_853032,853032,5x5,uhaul_66bb815ff5d946829a779a49137805c9,count,7,8
2026-09-05,uhaul,uhaul_853032,853032,10x10,uhaul_e6305401cd23485d9cf5e99e39cebc3e,count,27,25
2026-09-05,uhaul,uhaul_853032,853032,10x15,uhaul_5d47bd68915e4c5eb4d01fd59cc81683,count,7,6
2026-09-05,uhaul,uhaul_853057,853057,5x10,uhaul_0bb7a07d409140a29df5a85bd794b6b5,count,9,10
2026-09-05,uhaul,uhaul_853071,853071,5x5,uhaul_5031f4c1667a4fe9865508304c18c32b,count,28,27
2026-09-05,uhaul,uhaul_853071,853071,10x10,uhaul_8fc01ecd74e2441cb05ff00174fccf3f,count,4,5
2026-09-05,uhaul,uhaul_853071,853071,7x23.5,uhaul_b2fb27cdd627472e9ae2ece86ef35dce,count,1,2
2026-09-05,uhaul,uhaul_853074,853074,5x10,uhaul_107068822aa04fcbb843dd5e2d3ef44e,count,16,17
2026-09-05,uhaul,uhaul_853074,853074,10x10,uhaul_74b1da9bfe3c42bab7b49e2f06cb65d4,count,8,6
2026-09-05,uhaul,uhaul_853076,853076,5x10,uhaul_e19704efdd314898a1f991cc20d742b6,count,6,5
2026-09-05,uhaul,uhaul_853076,853076,10x15,uhaul_fbb86e15fb0b4124a6356a8a195d6bda,count,3,4
2026-09-05,uhaul,uhaul_853077,853077,10x15,uhaul_1df9c5b84db64c2a817e084b2c4fbbb3,count,1,2
2026-09-05,uhaul,uhaul_856023,856023,10x15,uhaul_81ad5d5219fa4d269537cc02b946744e,count,4,3
2026-09-05,uhaul,uhaul_856027,856027,10x15,uhaul_7b1d35cee2f2419091a763a9f2e41833,promo,,Free Lock
2026-09-05,uhaul,uhaul_856031,856031,5x10,uhaul_a0010ab138374bfcb757eeb305de9038,count,7,8
2026-09-05,uhaul,uhaul_856031,856031,5x10,uhaul_0d36dfead0064f4da6e47ae8d83d000f,count,19,20
2026-09-05,uhaul,uhaul_856031,856031,10x15,uhaul_4d9c9640ff524f8cbfa11fa4f767074a,count,2,1
2026-09-05,uhaul,uhaul_856034,856034,10x10,uhaul_b962a218868b4ab0befbd9d46f592c58,count,1,2
2026-09-05,uhaul,uhaul_856053,856053,5x5,uhaul_f84c44e889e248dab68af7d0ef2531e5,count,7,8
2026-09-05,uhaul,uhaul_856053,856053,12x40,uhaul_8c00af2c10a141f1902d6e9671fd026d,count,7,6
2026-09-05,uhaul,uhaul_856058,856058,10x20,uhaul_b5bc1a4f50384d018ddb494c11ef3099,count,1,2
2026-09-05,uhaul,uhaul_856077,856077,10x10,uhaul_1cb700ec5d1a49259c7e7a9c13e43093,count,23,24
2026-09-05,uhaul,uhaul_856077,856077,10x20,uhaul_7af61a7ca22f4483ae83bb427fd717b1,count,6,5
2026-09-05,uhaul,uhaul_857028,857028,5x5,uhaul_040ee0e5ff52431b90696dcbb537ef5c,count,13,14
2026-09-05,uhaul,uhaul_857028,857028,5x10,uhaul_3db4cfeeab724608b68c22ee181bdcbb,count,12,11
2026-09-05,uhaul,uhaul_857028,857028,5x10,uhaul_712e7e3cd12c4cec8e545b96f1ed7db5,count,4,5
2026-09-05,uhaul,uhaul_857028,857028,5x10,uhaul_30df35c663d741cba7c360a4d8ceb5c7,count,3,2
2026-09-05,uhaul,uhaul_857028,857028,5x12,uhaul_d235d3a5b62143b7a2e422d50105dc7b,count,3,2
2026-09-05,uhaul,uhaul_857028,857028,5x10,uhaul_9485784e01054929bf6c6b8a56957d3f,count,1,2
2026-09-05,uhaul,uhaul_857059,857059,10x10,uhaul_5a399e4eb0b2491c99e79a6c0f6c6a4d,count,2,3
2026-09-05,uhaul,uhaul_857072,857072,5x5,uhaul_4b10b435984b485bb94f52119085a660,count,18,17
2026-09-05,uhaul,uhaul_857073,857073,10x10,uhaul_75dc10ae49d547f7883b220eade91579,count,3,4
2026-09-05,uhaul,uhaul_857077,857077,5x5,uhaul_6877a8aa46c14ddaade711ab409069de,count,8,7
2026-09-05,uhaul,uhaul_857077,857077,5x10,uhaul_392488f8247f499e9ea49cf55fee4d28,count,43,42
2026-09-05,uhaul,uhaul_857077,857077,10x10,uhaul_5860471a686f44dc960a5b10cecf2229,count,3,2
2026-09-05,uhaul,uhaul_857077,857077,10x15,uhaul_22fc2ce1aa9c4f9cae1bc50466764194,count,4,3
2026-09-05,uhaul,uhaul_858044,858044,5x10,uhaul_eb05254bb3da4f44a6627024a41d41cd,count,8,7
2026-09-05,uhaul,uhaul_858045,858045,5x5,uhaul_3d806cd9d4e743c3a2db0b7d6b7c0fc7,count,8,7
2026-09-05,uhaul,uhaul_858045,858045,5x10,uhaul_54724b000f1149ef8564c04b095bf727,count,3,2
2026-09-05,uhaul,uhaul_858045,858045,10x10,uhaul_c3019e8a8c8f4348acff219f71a806dc,count,5,6
2026-09-05,uhaul,uhaul_858046,858046,5x5,uhaul_d9865983cc8b4d2aa2e72a14fc7e076d,count,24,23
2026-09-05,uhaul,uhaul_858046,858046,5x10,uhaul_643484adb57b4cee8658ad7bab16408f,count,13,12
2026-09-05,uhaul,uhaul_858046,858046,5x10,uhaul_2b4135f6dc964029a6bb31b1ecfa9bd5,count,6,9
2026-09-05,uhaul,uhaul_858046,858046,10x15,uhaul_9d0f50fd21ff401e9ec434fc340b8f72,count,6,7
2026-09-05,uhaul,uhaul_858046,858046,10x15,uhaul_a083a4639f5c4774a6f25ecece4d41ea,count,2,3
2026-09-05,uhaul,uhaul_858047,858047,10x10,uhaul_1470605cf8774fdfb60f8b61041afc57,count,15,17
2026-09-05,uhaul,uhaul_858061,858061,10x10,uhaul_feb7880f4f744e3c8e22d990ac406e2b,count,4,5
2026-09-05,uhaul,uhaul_858061,858061,10x10,uhaul_9f6452bf499e45a698bec1c3f30a2e8f,count,12,13
2026-09-05,uhaul,uhaul_858061,858061,10x15,uhaul_a48d5330901342478a2e8aa53328f995,count,4,3
2026-09-05,uhaul,uhaul_858082,858082,5x10,uhaul_091bf10a56224913ad9456a9c9a73709,count,26,25
2026-09-05,uhaul,uhaul_858082,858082,10x10,uhaul_766cdc67fa2d4f67876f7ec4aae2a41f,count,53,52
2026-09-05,uhaul,uhaul_858082,858082,10x10,uhaul_dd897e97f030417cb5040d2ee9df2493,count,6,5
2026-09-05,uhaul,uhaul_858082,858082,10x15,uhaul_fc315793e5584626b03d00501a4cca27,count,1,2
2026-09-05,uhaul,uhaul_858082,858082,12x35,uhaul_f62279ef90474bb1856e5e69079c1dc2,count,26,25
2026-09-05,uhaul,uhaul_858082,858082,12x40,uhaul_151d2378926b4f74b335197225b258de,count,78,77
2026-09-05,uhaul,uhaul_858084,858084,10x15,uhaul_64000ddc28d84bf08a0755c5e7d28c7b,count,2,1
2026-09-05,uhaul,uhaul_859023,859023,5x5,uhaul_1618dbf797804ccd8a02a91be3cc069a,count,4,5
2026-09-05,uhaul,uhaul_859023,859023,5x5,uhaul_2ca5616cafb845718659f09dd70aaa38,count,4,3
2026-09-05,uhaul,uhaul_859023,859023,10x10,uhaul_0872c98b9cc440fbbcb10a2a05e2efb4,count,4,5
2026-09-05,uhaul,uhaul_859023,859023,10x10,uhaul_a017e568b4564b899e69910f369ba18e,count,4,5
2026-09-05,uhaul,uhaul_859027,859027,5x10,uhaul_f95b8b3ddbca4bbb82d91624f71580d8,count,4,3
2026-09-05,uhaul,uhaul_859027,859027,10x20,uhaul_63c64f30af4748b0830465dc4fec0b46,count,6,7
2026-09-05,uhaul,uhaul_859027,859027,10x25,uhaul_205c1f955c5f473cb56703df24fd75ec,count,2,3
2026-09-05,uhaul,uhaul_859027,859027,10x15,uhaul_9ce588d3b22e46b4ab030af747b14376,count,4,3
2026-09-05,uhaul,uhaul_859027,859027,10x20,uhaul_8212bca1548f4abc96cbbb6e465377db,count,33,32
2026-09-05,uhaul,uhaul_859031,859031,5x10,uhaul_151cb430002b42718c89e152abe14dfe,count,36,35
2026-09-05,uhaul,uhaul_859041,859041,5x10,uhaul_a59b27707d2149b8b36b37351573498c,count,11,10
2026-09-05,uhaul,uhaul_859041,859041,5x10,uhaul_0c154e641874460fb6d646ab46735be8,count,17,18
2026-09-05,uhaul,uhaul_859041,859041,10x15,uhaul_d25e579606714ee58953f7be3048be6e,count,1,2
2026-09-05,uhaul,uhaul_859041,859041,10x20,uhaul_473959fa6cfb44828dd7c44a64d243bb,count,4,3
2026-09-05,uhaul,uhaul_859042,859042,5x10,uhaul_6e34d76a09de461ba6f3b01513986b5e,count,21,20
2026-09-05,uhaul,uhaul_859063,859063,4x5,uhaul_670c77dfbfa24b41bff3064556bd9bf9,count,29,30
2026-09-05,uhaul,uhaul_859063,859063,4x10,uhaul_29ff7d5e37ba44cabec88a1d36acd2a7,count,19,20
2026-09-05,uhaul,uhaul_859063,859063,9x10,uhaul_5bdaf39fb4af4e9c805052594df166a6,count,11,12
2026-09-05,uhaul,uhaul_859063,859063,10x30,uhaul_bb0601982b0a46d8a67e5d7340c50bf6,count,8,9
2026-09-05,uhaul,uhaul_859063,859063,10x35,uhaul_36540919455541c38d7a9df074a868eb,count,6,5
2026-09-05,uhaul,uhaul_859064,859064,10x40,uhaul_47c901963ab44572aed615e34de5807b,count,7,8
2026-09-05,uhaul,uhaul_859071,859071,10x10,uhaul_8c1fb8bbccde4412ad5c83140c2c4bec,count,16,15
2026-09-05,uhaul,uhaul_859072,859072,10x10,uhaul_15c6c9aaca8d42159b1bc1ec5037df70,count,4,3
2026-09-05,uhaul,uhaul_859072,859072,10x15,uhaul_2562de0dbef345abb7c11db42e751f13,promo,Free Lock,
2026-09-05,uhaul,uhaul_859072,859072,10x15,uhaul_d6acf278bd43475c9f6d8103d78ed97b,count,6,5
2026-09-05,uhaul,uhaul_859083,859083,5x10,uhaul_b5adb19c88e4470d916d8716048d705a,count,50,51
2026-09-05,uhaul,uhaul_859083,859083,10x10,uhaul_ba134a2406394125b7c592223085e81a,count,11,10
2026-09-05,uhaul,uhaul_859083,859083,10x10,uhaul_04f25167495349138aab47df8d61b64a,count,17,16
2026-09-05,uhaul,uhaul_859083,859083,10x15,uhaul_03f3a0cc97cf47a084b112a9227e7bb3,promo,Free Lock,
2026-09-05,uhaul,uhaul_859083,859083,10x15,uhaul_03f3a0cc97cf47a084b112a9227e7bb3,count,2,3
2026-09-05,uhaul,uhaul_861061,861061,10x10,uhaul_1a348a86976b4715b3e2b8fbbc5fd68a,count,12,10
2026-09-05,uhaul,uhaul_861061,861061,10x10,uhaul_600943686c55400b966412c346cbf1c1,count,2,1
2026-09-05,uhaul,uhaul_861062,861062,10x10,uhaul_6e8b8b5f9cd548968a365870cd8415ec,count,2,3
2026-09-05,uhaul,uhaul_861062,861062,10x15,uhaul_e57298ac78d044649608cc30d0113fd8,count,5,4
2026-09-05,uhaul,uhaul_861072,861072,10x10,uhaul_2f1ed55fa5f24f94a7b923ec9f5a60c2,count,13,12
2026-09-05,uhaul,uhaul_861073,861073,6x8,uhaul_169600b74fd64e52b69081ce3c8d335c,count,3,2
2026-09-05,uhaul,uhaul_861075,861075,10x15,uhaul_37d5f72c3e7f4a0abf84b7fcdfd0a06e,count,9,10
2026-09-05,uhaul,uhaul_861076,861076,5x5,uhaul_648a88a9c00543c5a26c9a842d92997d,promo,,Free Lock
2026-09-05,uhaul,uhaul_861077,861077,5x10,uhaul_d09790e07b0745aea5cef580b4b2d4d8,count,1,3
2026-09-05,uhaul,uhaul_861077,861077,5x10,uhaul_53ba963d24eb4afebba567a5e3602cbf,count,1,2
2026-09-05,uhaul,uhaul_861077,861077,10x10,uhaul_abd30b6fa5e04c688bf3f683bd6e7638,count,2,3
2026-09-05,uhaul,uhaul_861077,861077,10x10,uhaul_7132f316643e4592bfa8668b30ac14c8,count,10,11
2026-09-05,uhaul,uhaul_861077,861077,10x10,uhaul_92f2b180dea549c5bdd3542572b65fec,count,4,5
2026-09-05,uhaul,uhaul_861078,861078,5x10,uhaul_8a92f346bf5b4d3dae9be6e9adc74145,count,19,20
2026-09-05,uhaul,uhaul_861078,861078,10x10,uhaul_1a4c3026c53c43b0970f058d854fe342,count,7,8
2026-09-05,uhaul,uhaul_861078,861078,10x15,uhaul_620f4bb5da7a4980bda5f4af146ecc8d,count,17,16
2026-09-05,uhaul,uhaul_861079,861079,5x10,uhaul_eb010e1de51d4a2096107ae8c931df2c,count,9,8
2026-09-05,uhaul,uhaul_861079,861079,7x23.5,uhaul_c991ebca8fae4f4d8df1e8455ebe8732,promo,,Free Lock
2026-09-05,uhaul,uhaul_862025,862025,5x5,uhaul_c4c32760c62941c5ba01e1094e1b122c,count,5,4
2026-09-05,uhaul,uhaul_862025,862025,5x10,uhaul_534655b70e1b40f1827662d183dd072f,count,3,4
2026-09-05,uhaul,uhaul_862025,862025,10x10,uhaul_ac9a40db8bfc4a52aa0dd734225e83b7,count,4,5
2026-09-05,uhaul,uhaul_862036,862036,10x10,uhaul_d780678da32e4851ac5440d667ea8097,count,14,15
2026-09-05,uhaul,uhaul_862036,862036,10x10,uhaul_6e59c2141f1d453499a316ca64926478,count,5,4
2026-09-05,uhaul,uhaul_862036,862036,10x10,uhaul_31547587bcc641a3a8a7bc5b1bb6a633,promo,Free Lock,
2026-09-05,uhaul,uhaul_862036,862036,10x10,uhaul_31547587bcc641a3a8a7bc5b1bb6a633,count,2,1
2026-09-05,uhaul,uhaul_862036,862036,10x15,uhaul_20ad55729d8b4572bd51adb88153a8aa,count,3,2
2026-09-05,uhaul,uhaul_862044,862044,5x10,uhaul_df8877929e174d4db48cf9ff0fd9b155,count,6,4
2026-09-05,uhaul,uhaul_862044,862044,10x15,uhaul_a3b591219f3840e3a224c93cfbbbac79,count,4,2
2026-09-05,uhaul,uhaul_862071,862071,5x5,uhaul_b1aa900b1bac4e0b9c957acf6a7543b4,count,4,5
2026-09-05,uhaul,uhaul_862071,862071,10x5,uhaul_d467c85336f14c0bbe7c1c65504c6ad7,count,6,5
2026-09-05,uhaul,uhaul_862071,862071,10x7,uhaul_eecefbba97e64550b7fe365e6c71a552,count,6,5
2026-09-05,uhaul,uhaul_862071,862071,8x16,uhaul_f6dff27dd95f41fe9abe523cb1bcc16a,count,7,6
2026-09-05,uhaul,uhaul_862073,862073,5x10,uhaul_1df256fc70cf40a2b8cb3b1b6d0d513a,count,8,7
2026-09-05,uhaul,uhaul_862073,862073,10x10,uhaul_048fe9ff4da546a4859c287cd1491fa0,count,3,2
2026-09-05,uhaul,uhaul_863026,863026,5x10,uhaul_76547217d6bf4a418a7fddebc16460a1,count,9,8
2026-09-05,uhaul,uhaul_863031,863031,5x5,uhaul_ca189dc7561b4c5991236b93d4ac676f,count,23,22
2026-09-05,uhaul,uhaul_863037,863037,10x10,uhaul_7fbf33f14461449cac0dfcbd1dfeb789,count,10,9
2026-09-05,uhaul,uhaul_863043,863043,10x15,uhaul_4ebcdde7c2ee4382bbfb459cbcae58dc,promo,Free Lock,
2026-09-05,uhaul,uhaul_863043,863043,10x15,uhaul_4ebcdde7c2ee4382bbfb459cbcae58dc,count,3,1
2026-09-05,uhaul,uhaul_863067,863067,10x10,uhaul_4ecba25ca58b49f7bc34859488dfb66a,promo,,Free Lock
2026-09-05,uhaul,uhaul_863067,863067,10x10,uhaul_4ecba25ca58b49f7bc34859488dfb66a,count,1,2
2026-09-05,uhaul,uhaul_863071,863071,5x5,uhaul_61d5e7a15b1547418436a1c0684be82b,count,9,8
2026-09-05,uhaul,uhaul_863073,863073,5x5,uhaul_54c4f7fab02c46b6aa11b34b177ccea7,count,3,4
2026-09-05,uhaul,uhaul_863073,863073,10x10,uhaul_7314320c33654820b5561eddcddd0691,count,2,3
2026-09-05,uhaul,uhaul_863074,863074,5x5,uhaul_29392e426bbb493eaaca6d9e76c35442,count,9,12
2026-09-05,uhaul,uhaul_863074,863074,5x10,uhaul_3329055a126d417083b60bf33eda044f,count,3,4
2026-09-05,uhaul,uhaul_863074,863074,7x16.5,uhaul_253905beca0e4dfea0a2b492a8aee9c9,count,14,17
2026-09-05,uhaul,uhaul_864072,864072,5x5,uhaul_98a2a012f77644808ca13a54139c39ec,count,24,23
2026-09-05,uhaul,uhaul_864074,864074,5x10,uhaul_455f2617862c46f0b1f569026a30d934,count,1,2
2026-09-05,uhaul,uhaul_864081,864081,5x10,uhaul_d5e65cd86c324c8e8d8e599159966b7a,count,96,95
2026-09-05,uhaul,uhaul_864081,864081,10x10,uhaul_733b70f116ca4590b80ea71229f0797c,count,4,5
2026-09-05,uhaul,uhaul_866047,866047,10x10,uhaul_a2b260b8386047c5808f30c57152b050,count,11,12
2026-09-05,uhaul,uhaul_866047,866047,10x10,uhaul_904e3ae060aa4b3a8a219121af355307,promo,,Free Lock
2026-09-05,uhaul,uhaul_866047,866047,10x15,uhaul_28af872797c54cbdb4e8551a5d40c880,count,1,2
2026-09-05,uhaul,uhaul_866047,866047,10x15,uhaul_f53e77e74e5747f285dd6804ca445c25,promo,,Free Lock
2026-09-05,uhaul,uhaul_866047,866047,10x15,uhaul_f53e77e74e5747f285dd6804ca445c25,count,1,3
2026-09-05,uhaul,uhaul_866070,866070,5x10,uhaul_d6a293af4f884a0faa26b5d769042572,count,5,4
2026-09-05,uhaul,uhaul_866071,866071,10x10,uhaul_30e04135b1354762b0be25b5dc405c29,count,9,11
2026-09-05,uhaul,uhaul_866072,866072,10x10,uhaul_7a15f3ef335041809257294b7600c0bf,count,10,11
2026-09-05,uhaul,uhaul_866072,866072,10x10,uhaul_840bf7bde50f476b854370c973dc56ce,count,3,4
2026-09-05,uhaul,uhaul_866072,866072,10x15,uhaul_2bb5f4b9e4b54a218558035eafdf816b,count,3,4
2026-09-05,uhaul,uhaul_866073,866073,5x5,uhaul_352dff047c0a4aadb0f412d81f63714b,count,9,10
2026-09-05,uhaul,uhaul_866073,866073,5x5,uhaul_bdab9ae7ebc44d56bc558c8742821e03,count,8,7
2026-09-05,uhaul,uhaul_866078,866078,5x5,uhaul_ac309b4f82084dfe9f33db11b7848900,count,5,4
2026-09-05,uhaul,uhaul_866078,866078,5x10,uhaul_744243dc78014e1aae39a459a5413205,count,8,9
2026-09-05,uhaul,uhaul_866078,866078,5x10,uhaul_ddcbd14198524acc9fe8fcb0ce360606,count,5,4
2026-09-05,uhaul,uhaul_866078,866078,10x10,uhaul_309434b796b744f3a91def3ac48db957,count,6,5
2026-09-05,uhaul,uhaul_866078,866078,10x15,uhaul_78880f158c18483b939e2039aa56f4e5,count,2,3
2026-09-05,uhaul,uhaul_866078,866078,5x4,uhaul_5a89f5cb06fe4e19ad2f401c46acb701,count,6,7
2026-09-05,uhaul,uhaul_867034,867034,10x10,uhaul_ec2840be719b4468b6db300ccf3b6cc3,count,7,8
2026-09-05,uhaul,uhaul_867034,867034,10x15,uhaul_1f824bcedbc447fcbca6ccdce096e98a,count,1,2
2026-09-05,uhaul,uhaul_867050,867050,5x5,uhaul_85845e958b4a4fc99c68a6ff5b459370,count,8,7
2026-09-05,uhaul,uhaul_867056,867056,10x10,uhaul_8a6488e894144392b3f58fdf8e6a835b,count,4,3
2026-09-05,uhaul,uhaul_867057,867057,5x5,uhaul_472fbe23b77d4a79806f26038c1a5b95,count,15,14
2026-09-05,uhaul,uhaul_867057,867057,10x10,uhaul_7a3e12445575402eb17f00aa8a76c4e4,count,18,17
2026-09-05,uhaul,uhaul_867060,867060,5x10,uhaul_2773bf985c1b4ddf9723fadf9bf8dd70,count,13,14
2026-09-05,uhaul,uhaul_867064,867064,8x8,uhaul_9d6b8855b5a24063b546b89ee2f434f8,count,14,15
2026-09-05,uhaul,uhaul_867072,867072,5x5,uhaul_9522e50ae85b43a4ac7172694d2e437f,count,20,19
2026-09-05,uhaul,uhaul_867072,867072,5x8,uhaul_0bed4329ee314848838ced9e0a706aaa,count,21,20
2026-09-05,uhaul,uhaul_867072,867072,5x10,uhaul_78e1851d37ff4fb2afd420f38bc07b3a,count,13,14
2026-09-05,uhaul,uhaul_867072,867072,10x5,uhaul_7397a3f0b47c44f0b287b0835f77a83e,count,7,6
2026-09-05,uhaul,uhaul_867072,867072,8x8,uhaul_bb03b4a535924526862c31041c1e8718,count,3,2
2026-09-05,uhaul,uhaul_867072,867072,10x8,uhaul_5e27fc683d8e48628b4823c1b9b75b75,count,4,3
2026-09-05,uhaul,uhaul_867072,867072,10x10,uhaul_1003c3fc94584999b1e2e008acebfe6b,count,41,42
2026-09-05,uhaul,uhaul_867072,867072,10x15,uhaul_eed0fdaff6f046e0af3f9f7302100389,count,9,10
2026-09-05,uhaul,uhaul_867072,867072,10x10,uhaul_69c9f08414ba4320b0568b6dc3b9aff4,count,3,2
2026-09-05,uhaul,uhaul_867073,867073,10x10,uhaul_e4cbef636aed42038baef517bb2a9052,count,5,2
2026-09-05,uhaul,uhaul_867075,867075,5x10,uhaul_f86ccb377c2c455a8b7707d3ddc2c823,count,34,35
2026-09-05,uhaul,uhaul_867075,867075,10x10,uhaul_7d0fea2ee13547a38cf98495ae8c24d1,count,3,2
2026-09-05,uhaul,uhaul_867078,867078,5x10,uhaul_653791a09123476daae5720fef95f5f2,count,32,33
2026-09-05,uhaul,uhaul_867078,867078,10x15,uhaul_a54160adeab747528d7ed8ee76a838f4,count,20,19
2026-09-05,uhaul,uhaul_868029,868029,5x10,uhaul_ebc1fc21ada7416597ae7e6d6d654573,count,6,9
2026-09-05,uhaul,uhaul_868029,868029,10x10,uhaul_d0a2dd3b78194361b3e3274f1099c388,count,6,7
2026-09-05,uhaul,uhaul_868029,868029,10x20,uhaul_717eecad77cb4dfe87cd8a4c6eb1b8a9,count,10,11
2026-09-05,uhaul,uhaul_868034,868034,5x5,uhaul_49475072d86d48babc2f98bea788d696,count,50,49
2026-09-05,uhaul,uhaul_868045,868045,5x10,uhaul_a6b1c6e4d60447ccbfa14a0442439fc0,count,3,4
2026-09-05,uhaul,uhaul_868046,868046,10x10,uhaul_851d581a368d42c7ab53c0d28fea1f70,count,19,20
2026-09-05,uhaul,uhaul_868046,868046,10x20,uhaul_b5c2a65a98c245a5861f53b381babba6,count,11,10
2026-09-05,uhaul,uhaul_868068,868068,5x10,uhaul_c5b4ae7ea73c45c4b221461548643b13,count,23,22
2026-09-05,uhaul,uhaul_868071,868071,5x10,uhaul_d8eefdee57e5422fac08b91b5cc0223d,count,15,16
2026-09-05,uhaul,uhaul_868071,868071,5x10,uhaul_c73b0145a72440368837b8c14ba77f68,count,1,2
2026-09-05,uhaul,uhaul_868072,868072,5x10,uhaul_9f565ee99f464f50b7931d63e2fbe810,count,28,27
2026-09-05,uhaul,uhaul_868072,868072,10x8,uhaul_4076bf3a5ad54860bb830e6a470de862,count,12,11
2026-09-05,uhaul,uhaul_868072,868072,10x10,uhaul_e7910635db4145369ace42ea9348fa9f,count,25,24
2026-09-05,uhaul,uhaul_868072,868072,10x15,uhaul_06e4e166ebdc4aa888760ddf4f7fc5ee,count,8,7
2026-09-05,uhaul,uhaul_868074,868074,5x10,uhaul_283d23b22a2c45ed9922d45c73fd8b38,count,32,33
2026-09-05,uhaul,uhaul_868074,868074,10x10,uhaul_00cc5ae3e4244d4ca8ad15b9cd781696,count,15,14
2026-09-05,uhaul,uhaul_868075,868075,5x10,uhaul_a9c1567fc25c4724bfef8350ecace911,count,21,20
2026-09-05,uhaul,uhaul_868075,868075,10x10,uhaul_c093a4556ada43f7a27b4832ab359c5c,count,6,8
2026-09-05,uhaul,uhaul_868075,868075,10x15,uhaul_76c158f42edd40a7a8260ce30fe55a2b,count,3,4
2026-09-05,uhaul,uhaul_868076,868076,5x5,uhaul_8833cdfbd2ca4035a04a5d0a360b9ec2,count,5,4
2026-09-05,uhaul,uhaul_868076,868076,8x10,uhaul_6bc067a4976c4570a1c20224fa9e69af,count,4,3
2026-09-05,uhaul,uhaul_868076,868076,10x10,uhaul_520e9732ddad4132b67699f45c4859c4,count,8,10
2026-09-05,uhaul,uhaul_868076,868076,10x10,uhaul_8e905c47681f4d429649e69eb448e9b8,count,5,4
2026-09-05,uhaul,uhaul_868078,868078,5x7,uhaul_f903997dc3ae4d04a578d01341fa128a,promo,Free Lock,
2026-09-05,uhaul,uhaul_868078,868078,10x10,uhaul_a417e42b21dd4aefab83527f2221fda7,count,4,5
2026-09-05,uhaul,uhaul_868080,868080,5x5,uhaul_c2cf95a4302b40bdad29625fca367f67,count,17,16
2026-09-05,uhaul,uhaul_868080,868080,10x15,uhaul_85fa49092d1f4a81a844363596836a2f,count,10,11
2026-09-05,uhaul,uhaul_868082,868082,10x20,uhaul_d47c8f9edfb64ce39a92deb29cf17f24,count,5,4
2026-09-05,uhaul,uhaul_868082,868082,10x10,uhaul_8e9689c7ede64fb894b79dfc9ee3a322,count,14,13
2026-09-05,uhaul,uhaul_868082,868082,10x20,uhaul_9530507271b541adb0e37a64148a40ed,count,8,9
2026-09-05,uhaul,uhaul_868083,868083,10x15,uhaul_490a294a06a0484ba99f3ed2da650b7b,count,1,2
2026-09-05,uhaul,uhaul_869029,869029,5x10,uhaul_31a23881a342454582e7a7e978bb2612,count,32,33
2026-09-05,uhaul,uhaul_869029,869029,10x10,uhaul_821f2414f22047feab307798f94daa12,count,13,12
2026-09-05,uhaul,uhaul_869054,869054,4x8,uhaul_80cf036e128646968cab64b1009156ce,count,4,6
2026-09-05,uhaul,uhaul_869054,869054,8x8,uhaul_76e430716f5a4a188df56601a8920745,count,31,32
2026-09-05,uhaul,uhaul_869054,869054,8x8,uhaul_8da3de9ae0a04f7499d48247402aaaa7,count,5,7
2026-09-05,uhaul,uhaul_869054,869054,8x16,uhaul_cf994ee9c241498a82bfb7f7772685c8,count,6,7
2026-09-05,uhaul,uhaul_869054,869054,8x16,uhaul_e5988777a0dd40f0a6b20d55aa108453,count,3,4
2026-09-05,uhaul,uhaul_869054,869054,8x8,uhaul_1d7c7c85e430458780fb53c1357c29d1,count,2,3
2026-09-05,uhaul,uhaul_869054,869054,8x12,uhaul_74a844e7ed1c4d48a0135d1fd7194bda,count,4,5
2026-09-05,uhaul,uhaul_869064,869064,10x10,uhaul_69698c3e564f41b397a69ac3d6dd25be,count,4,3
2026-09-05,uhaul,uhaul_869071,869071,10x15,uhaul_99069bac64da4e088686051358da534a,count,3,2
2026-09-05,uhaul,uhaul_869072,869072,5x8,uhaul_256ffd7e34084952aa0fcfd3c474139a,promo,,Free Lock
2026-09-05,uhaul,uhaul_869072,869072,5x10,uhaul_f03a3d097fb74caca3d992b5a9a21d6c,count,9,8
2026-09-05,uhaul,uhaul_869075,869075,5x10,uhaul_4a28712317244479a6f55b56c15057ca,count,5,1
2026-09-05,uhaul,uhaul_869075,869075,10x10,uhaul_a3adc508bdaf47858b0998d0b06034e7,count,2,3
2026-09-05,uhaul,uhaul_869077,869077,10x10,uhaul_6d19f1b4eadb4f47b09797521b3b618b,count,16,18
2026-09-05,uhaul,uhaul_869077,869077,10x20,uhaul_2ad095aae1fb4f319edc56c8f58b9a77,count,4,7
2026-09-05,uhaul,uhaul_869079,869079,5x5,uhaul_e519ccc2b4184ba4a2c3baa86d084c5a,count,19,20
2026-09-05,uhaul,uhaul_869079,869079,5x10,uhaul_7fab5fdb6ece4fceb89640425621f4e4,count,26,27
2026-09-05,uhaul,uhaul_869079,869079,5x10,uhaul_1e67d555c6c7458680549f499481401c,count,44,43
2026-09-05,uhaul,uhaul_869079,869079,10x15,uhaul_be621e7bdc36401a8e2a95bc67a4df31,count,14,15
2026-09-05,uhaul,uhaul_869079,869079,10x20,uhaul_a29d4a57c0dc43beb27ea9d4055024c4,count,2,4
2026-09-05,uhaul,uhaul_869080,869080,7x8,uhaul_a62561f98d174f6ca107947953dbcc4c,count,12,10
2026-09-05,uhaul,uhaul_869081,869081,10x10,uhaul_d2d4c8e9ecd4411290e10959d0bd3a8c,count,16,18
2026-09-05,uhaul,uhaul_869081,869081,10x20,uhaul_c48d61af26c64b71a663bc6d684b0914,count,1,2
2026-09-05,uhaul,uhaul_869081,869081,10x10,uhaul_929c84de48914dbc91e83e4f5cdc8534,promo,,Free Lock
2026-09-05,uhaul,uhaul_869086,869086,5x10,uhaul_cd83abe80eff40f0ad23b577d8891e98,count,11,17
2026-09-05,uhaul,uhaul_869086,869086,10x10,uhaul_5735785c7b464c92ba3a8227bfa6636c,count,6,7
2026-09-05,uhaul,uhaul_871022,871022,5x5,uhaul_a8adaf92cbef43cfb86bb221f5b11db1,count,10,11
2026-09-05,uhaul,uhaul_871022,871022,5x10,uhaul_6bf7cb8f4881433d85e2e9fd1e9475e9,count,20,21
2026-09-05,uhaul,uhaul_871022,871022,10x15,uhaul_4812a579644b4b92b28170a25935c1a2,count,3,4
2026-09-05,uhaul,uhaul_871027,871027,10x10,uhaul_d7ccfb45a74d4270bf8d0023d64ce942,count,4,1
2026-09-05,uhaul,uhaul_871032,871032,10x10,uhaul_229e1a675eba440dae1aa3dcc9911e01,count,6,5
2026-09-05,uhaul,uhaul_871035,871035,5x10,uhaul_45cd1571485e4a7d9bdd391a8ae947ec,count,1,2
2026-09-05,uhaul,uhaul_871035,871035,10x20,uhaul_c7b33c01699942fca2107f4082b8ac2f,promo,Free Lock,
2026-09-05,uhaul,uhaul_871035,871035,5x5,uhaul_5535f445008e4e47825de109f0e580f2,count,2,3
2026-09-05,uhaul,uhaul_871068,871068,5x10,uhaul_63bd6e2dae8f4e7da53abb5d5fe52c5b,count,34,33
2026-09-05,uhaul,uhaul_871072,871072,5x5,uhaul_e0aae30272e849708374a880ab251a53,count,9,7
2026-09-05,uhaul,uhaul_871072,871072,5x10,uhaul_d6639ffbc8b244c399c0184608901a81,count,12,13
2026-09-05,uhaul,uhaul_871072,871072,10x8,uhaul_a6bdf721204a4d5cb3888ef28e3ec30a,promo,,Free Lock
2026-09-05,uhaul,uhaul_871072,871072,10x10,uhaul_3e6b25291b9f481486dc32ff8a7b027a,count,7,8
2026-09-05,uhaul,uhaul_871072,871072,10x20,uhaul_eb21ccf659724b23b0e3506e1c857f22,promo,,Free Lock
2026-09-05,uhaul,uhaul_871072,871072,10x10,uhaul_ca52b9a2a95040bc916c5811e336ea6e,count,2,1
2026-09-05,uhaul,uhaul_871073,871073,5x10,uhaul_49117ed97b554fef92b0b5ecd04c5f60,count,11,10
2026-09-05,uhaul,uhaul_871073,871073,9x10,uhaul_bc916220fc4c4a5ea32e5457f4bcd464,count,20,22
2026-09-05,uhaul,uhaul_871073,871073,10x10,uhaul_f7ce1f0479094458b7cb2aebdf4657d7,count,7,8
2026-09-05,uhaul,uhaul_871074,871074,5x10,uhaul_f8bcfdf1a5884fb196a3c115c237607e,count,13,12
2026-09-05,uhaul,uhaul_871074,871074,10x10,uhaul_dd25bedc142346dfaf5be19dc74e68ba,count,15,16
2026-09-05,uhaul,uhaul_871076,871076,5x10,uhaul_d0aac38050c44a1fb3d79cabf6e5e445,count,12,13
2026-09-05,uhaul,uhaul_871078,871078,5x5,uhaul_0c2d30c237c841ee9628e3637946b62a,count,28,27
2026-09-05,uhaul,uhaul_871078,871078,5x5,uhaul_0132fb4bea2f4832ba89770970abccfe,count,34,35
2026-09-05,uhaul,uhaul_871078,871078,5x10,uhaul_635923f29e2a4a179e5e7eb7f535b35c,count,66,68
2026-09-05,uhaul,uhaul_871078,871078,10x20,uhaul_9d7e1c45bc724227b323c1ad46936c82,count,4,3
2026-09-05,uhaul,uhaul_872036,872036,5x10,uhaul_27f88244870f4000bf209c5859dde384,count,5,4
2026-09-05,uhaul,uhaul_872036,872036,10x10,uhaul_49238ed1bc9541958a77ace2b575b405,count,3,4
2026-09-05,uhaul,uhaul_872053,872053,6x6,uhaul_bd9bae45e47b42a7a04f6ce3ea6e7c3f,count,6,10
2026-09-05,uhaul,uhaul_872053,872053,7x22,uhaul_83ea026ad0984b8cbfac3540a385bd72,count,4,6
2026-09-05,uhaul,uhaul_872054,872054,10x8,uhaul_ac638d6ff36e464093d79fa732facefc,count,1,2
2026-09-05,uhaul,uhaul_872056,872056,5x7,uhaul_0f8ae4c9d6d342c5899d7f4cda89d52e,count,5,6
2026-09-05,uhaul,uhaul_872072,872072,10x20,uhaul_5d0b94fd551847e8b25d98fd66ff3b5f,count,4,3
2026-09-05,uhaul,uhaul_872079,872079,5x10,uhaul_5e5aa5328a4e46b88677c898edc8566d,count,5,4
2026-09-05,uhaul,uhaul_873028,873028,5x5,uhaul_881cf2adc2a04ba7be694561f683449f,count,2,1
2026-09-05,uhaul,uhaul_873028,873028,10x20,uhaul_52c7e05301d24c928c1a1e745a135017,count,2,1
2026-09-05,uhaul,uhaul_873029,873029,5x10,uhaul_0026dd9585074350b01d0ff6c7ddcebc,count,7,6
2026-09-05,uhaul,uhaul_873032,873032,10x10,uhaul_ed044b59537e483da26d5500968bcacd,count,4,3
2026-09-05,uhaul,uhaul_873035,873035,5x5,uhaul_7fe9714b3da24e14981482ad02714653,count,10,8
2026-09-05,uhaul,uhaul_873035,873035,8x10,uhaul_909d81df63af47f5966bb97c5541f2a0,count,3,1
2026-09-05,uhaul,uhaul_873037,873037,5x10,uhaul_c0ad8f20de1f42c9999534ce29040e9d,count,2,1
2026-09-05,uhaul,uhaul_873037,873037,10x10,uhaul_6d0286735cae44d08892e63a45fbd05a,count,5,4
2026-09-05,uhaul,uhaul_873060,873060,5x5,uhaul_47927a05e78a4daab438aea48b25ed0c,count,2,3
2026-09-05,uhaul,uhaul_873060,873060,10x10,uhaul_37b8366a874f4e2185af79b162fcc70a,count,3,2
2026-09-05,uhaul,uhaul_873060,873060,10x15,uhaul_636bbac86bcb4f909120e71ae9d25cfa,count,18,17
2026-09-05,uhaul,uhaul_873063,873063,4x8,uhaul_f2edcfe3ccfc4e46863e42d21f56be05,count,3,4
2026-09-05,uhaul,uhaul_873071,873071,5x5,uhaul_9b4ea3748cac45f089a04e8025e334cf,count,8,9
2026-09-05,uhaul,uhaul_873071,873071,5x10,uhaul_fcd2cfe8951c4a748dbe1ce6b4be13e2,count,47,49
2026-09-05,uhaul,uhaul_873071,873071,10x10,uhaul_5dc212ccb098467898dd13aba11cccd1,count,57,56
2026-09-05,uhaul,uhaul_873074,873074,5x5,uhaul_ff13fd5776c34893957825ffc347ff7a,count,13,14
2026-09-05,uhaul,uhaul_873074,873074,5x10,uhaul_44c1b87d34fb4110827c380a592fe2c2,count,6,7
2026-09-05,uhaul,uhaul_873074,873074,10x10,uhaul_7ab5933130e54ae79d4eaebdc539b8e7,count,1,2
2026-09-05,uhaul,uhaul_873078,873078,4x8,uhaul_60387f7fadcd4dddab0bce6f69390020,count,4,5
2026-09-05,uhaul,uhaul_873078,873078,7x7,uhaul_f135f7fe30e243159be245432a8da737,count,2,1
2026-09-05,uhaul,uhaul_873078,873078,7x9,uhaul_ad8e6075052c41288b078c360fc7ba3e,count,5,6
2026-09-05,uhaul,uhaul_873086,873086,10x10,uhaul_3f582c41b2b84e20aac439a78cb14450,count,4,5
2026-09-05,uhaul,uhaul_873087,873087,5x10,uhaul_092f64bdeb26433eae35d77389cc13eb,count,33,32
2026-09-05,uhaul,uhaul_873087,873087,10x10,uhaul_c48ad10ffe4c4567baa986204691d624,count,31,30
2026-09-05,uhaul,uhaul_873087,873087,10x20,uhaul_c261a83fab9a461f9a3937391a4410bd,count,18,17
2026-09-05,uhaul,uhaul_874023,874023,10x20,uhaul_1b54ecf1b8e647339e9f021ebb68248f,promo,,Free Lock
2026-09-05,uhaul,uhaul_874023,874023,10x20,uhaul_1b54ecf1b8e647339e9f021ebb68248f,count,1,2
2026-09-05,uhaul,uhaul_874023,874023,10x20,uhaul_3d90b61caa9547a6bfa6a4e54a59a4c3,count,2,3
2026-09-05,uhaul,uhaul_874033,874033,10x10,uhaul_6fa403be4bc3418086a45d935b7fcae4,count,26,27
2026-09-05,uhaul,uhaul_874033,874033,10x15,uhaul_d264e15cd4a14b648de94ae14d4fdcaf,count,18,17
2026-09-05,uhaul,uhaul_874033,874033,15x20,uhaul_6de5e1549db245b6816176f33a43af68,count,1,2
2026-09-05,uhaul,uhaul_874050,874050,5x5,uhaul_14b0f22d43e1482dab35c46e10e1eeba,count,9,8
2026-09-05,uhaul,uhaul_874058,874058,5x10,uhaul_09f1e4ecd6fb4c9e9cf2a04ed00922ee,count,31,30
2026-09-05,uhaul,uhaul_874058,874058,5x10,uhaul_9658511701654cc2899b03a055073aa0,count,11,12
2026-09-05,uhaul,uhaul_874071,874071,5x5,uhaul_6d4b3acf927046e3a1ee20be514166b6,count,8,9
2026-09-05,uhaul,uhaul_874071,874071,10x10,uhaul_c1629b88e57c4c61b2524099f68c65c1,count,3,2
2026-09-05,uhaul,uhaul_875028,875028,5x5,uhaul_4ea090ffd0214f768f63fd0fb62f9724,count,2,1
2026-09-05,uhaul,uhaul_875028,875028,5x10,uhaul_65d286c61e534abb8485a3b87f3d221a,count,2,3
2026-09-05,uhaul,uhaul_875051,875051,5x10,uhaul_3715be2890d7473780e8ce77b4ae8207,count,2,3
2026-09-05,uhaul,uhaul_875072,875072,10x10,uhaul_041a81ad3e324bb6aa140f2f90261824,count,15,14
2026-09-05,uhaul,uhaul_875073,875073,5x10,uhaul_94e0622f34e34776889a7455b78d372d,count,22,21
2026-09-05,uhaul,uhaul_875073,875073,5x5,uhaul_2ee3c0051c1a41c5bd85efc8c674228f,count,3,4
2026-09-05,uhaul,uhaul_875075,875075,5x5,uhaul_6842fb2f574e4e429f802b87af809204,count,7,6
2026-09-05,uhaul,uhaul_875075,875075,5x10,uhaul_42cbbd0062554655a128bd64a95befbd,count,4,3
2026-09-05,uhaul,uhaul_875076,875076,10x10,uhaul_0d81faac921246a5b2f4ca7119d1e94b,count,3,1
2026-09-05,uhaul,uhaul_875080,875080,10x20,uhaul_bd5b1f376b55489a92d26b522a83af33,count,2,1
2026-09-05,uhaul,uhaul_876024,876024,5x10,uhaul_def7cd2831d943038dc66cc4d32e7e23,count,3,2
2026-09-05,uhaul,uhaul_876024,876024,5x10,uhaul_c5b805ac9c0e4062876ab01b751fb31f,count,7,6
2026-09-05,uhaul,uhaul_876024,876024,10x10,uhaul_ac61a970bceb4e32820a4f4e9a174f8f,count,3,1
2026-09-05,uhaul,uhaul_876025,876025,4x4,uhaul_50f874435c6d4595a51766874de0e523,count,2,1
2026-09-05,uhaul,uhaul_876025,876025,10x10,uhaul_cfb48e500c494a6fb56e39b2af2b7e69,count,5,4
2026-09-05,uhaul,uhaul_876025,876025,10x15,uhaul_2f1fad1b8e6443e69cd3d56363f06a8f,count,7,8
2026-09-05,uhaul,uhaul_876027,876027,10x10,uhaul_d323532424fa4479a8eebcd6c129d1ae,count,2,3
2026-09-05,uhaul,uhaul_876029,876029,10x10,uhaul_d27120a096a84e5b99445e852450ba62,count,3,4
2026-09-05,uhaul,uhaul_876035,876035,10x10,uhaul_7bea213c0b60411f84765f5539d83c97,promo,,Free Lock
2026-09-05,uhaul,uhaul_876035,876035,10x10,uhaul_7bea213c0b60411f84765f5539d83c97,count,5,3
2026-09-05,uhaul,uhaul_876035,876035,12x40,uhaul_b59a50bb53fa4cc695fa0a97d5c42c55,count,1,2
2026-09-05,uhaul,uhaul_876073,876073,5x5,uhaul_5a5fc128cce44a26ac955fde60457412,promo,Free Lock,
2026-09-05,uhaul,uhaul_876073,876073,5x5,uhaul_5a5fc128cce44a26ac955fde60457412,count,27,26
2026-09-05,uhaul,uhaul_876073,876073,10x10,uhaul_b5bc41a8b523489f987f6c6e91eb00dd,promo,Free Lock,
2026-09-05,uhaul,uhaul_876073,876073,10x10,uhaul_b5bc41a8b523489f987f6c6e91eb00dd,count,5,4
2026-09-05,uhaul,uhaul_876073,876073,12x43,uhaul_3015d0717d23419290e7e2018e356467,count,4,3
2026-09-05,uhaul,uhaul_876074,876074,5x10,uhaul_875e2ef4b5474aa492f2607b20dba78c,count,52,51
2026-09-05,uhaul,uhaul_876074,876074,10x10,uhaul_d76262af43bb49fe9d8d793ae60a23bd,count,15,16
2026-09-05,uhaul,uhaul_876074,876074,10x10,uhaul_f47611c2e29542c685d76faa53a787dd,count,15,14
2026-09-05,uhaul,uhaul_876079,876079,10x10,uhaul_cb9b9295cda641efacd6e4858a42566f,count,15,16
2026-09-05,uhaul,uhaul_876079,876079,10x20,uhaul_3c34b948082e492ea67b1726ac3d132e,count,36,35
2026-09-05,uhaul,uhaul_878025,878025,10x10,uhaul_78175603193041f684a63ef413295945,count,2,3
2026-09-05,uhaul,uhaul_878029,878029,12x30,uhaul_ae8ffaa1d0c345e4b4081a421643e18a,count,1,2
2026-09-05,uhaul,uhaul_878074,878074,5x5,uhaul_e1b4550e19c44b5980bc048dabb33ec4,count,30,29
2026-09-05,uhaul,uhaul_878074,878074,5x10,uhaul_41feef11672a4d60940da5135ceefedf,count,34,35
2026-09-05,uhaul,uhaul_878074,878074,10x10,uhaul_ed267164563c4b779d6bd732b43a7c2b,count,32,33
2026-09-05,uhaul,uhaul_878074,878074,10x15,uhaul_200bceb470224bbcb1b921584c795783,count,11,12
2026-09-05,uhaul,uhaul_878074,878074,10x10,uhaul_0b0ae75a432946db8229110488ac0726,count,2,1
2026-09-05,uhaul,uhaul_878076,878076,10x10,uhaul_e5f7c687f0de4ecaaa6bb79f28404293,count,19,18
2026-09-05,uhaul,uhaul_878076,878076,10x15,uhaul_5ebfc20ea3a64031ba8738035e564fd9,count,7,8
2026-09-05,uhaul,uhaul_878078,878078,5x5,uhaul_740b2f6d8b644d33b596b3ea6c17af06,count,14,13
2026-09-05,uhaul,uhaul_878078,878078,10x10,uhaul_f892f0d1f03649ab84e2d87bfcb84624,count,20,19
2026-09-05,uhaul,uhaul_878080,878080,10x10,uhaul_3d9c3c6907fb43a08aeb560bcd695c82,count,28,26
2026-09-05,uhaul,uhaul_878080,878080,10x20,uhaul_15b218afeedc41f784eb9e9164c5512a,count,5,4
2026-09-05,uhaul,uhaul_878086,878086,5x10,uhaul_7fa079df67944a5f9632597a30920243,count,9,8
2026-09-05,uhaul,uhaul_878086,878086,10x20,uhaul_ce564f2bc9f74c4fb25d348eb217869f,count,3,4
2026-09-05,uhaul,uhaul_878086,878086,10x20,uhaul_cbdb88dd7ad84007a8dbb07ae14ea93c,count,10,9
2026-09-05,uhaul,uhaul_879029,879029,10x10,uhaul_575107ca115842a49a73a7431ccd3f2f,count,2,3
2026-09-05,uhaul,uhaul_879033,879033,5x10,uhaul_9d37405b22304260b991025c6c2867ac,count,2,3
2026-09-05,uhaul,uhaul_879034,879034,5x10,uhaul_748b66e669b14e099ece2fc750799e8c,count,10,11
2026-09-05,uhaul,uhaul_879034,879034,5x10,uhaul_2420e1cfa80149c5808128ae37699835,count,3,4
2026-09-05,uhaul,uhaul_879034,879034,10x15,uhaul_fc6d37c2b81a4d3ea2865dfaf640fb0d,count,2,1
2026-09-05,uhaul,uhaul_879034,879034,10x15,uhaul_3d7317b47e3e413aa1b837883572dc9b,count,6,8
2026-09-05,uhaul,uhaul_879037,879037,10x10,uhaul_ac7ac3d292db4d4e873d17bbb4462f8d,count,11,10
2026-09-05,uhaul,uhaul_879051,879051,5x5,uhaul_4052671a6f3b450bbc103f2caaa8704f,count,19,20
2026-09-05,uhaul,uhaul_879051,879051,4x5,uhaul_317152d4280b473e836711089e7ad621,count,9,8
2026-09-05,uhaul,uhaul_879069,879069,10x15,uhaul_51ab8637a95e45d9ab59bc9f2aeec838,count,7,8
2026-09-05,uhaul,uhaul_879069,879069,10x10,uhaul_6af7aae91d2f4ad99ad4fdac2a67faea,count,4,3
2026-09-05,uhaul,uhaul_879071,879071,10x10,uhaul_04771047384945acb0548378d317b5f6,count,8,7
2026-09-05,uhaul,uhaul_879075,879075,10x10,uhaul_f885dc8a4c304de9a4bce39409f753c5,count,45,44
2026-09-05,uhaul,uhaul_879075,879075,10x15,uhaul_f61e5bb064ed4815aa2a7033bb6e64da,count,5,4
2026-09-05,uhaul,uhaul_879075,879075,10x25,uhaul_bc702fbf6d444d3e82080352fb0279f6,count,11,14
2026-09-05,uhaul,uhaul_879077,879077,10x10,uhaul_9e230ac01c784e16876e520dc4dbb807,count,9,10
2026-09-05,uhaul,uhaul_920063,920063,5x10,uhaul_9310bde2999a43ec95ce928c28d6582c,count,4,5
2026-09-05,uhaul,uhaul_920063,920063,10x10,uhaul_9620e8127b2f421aa86ea1e765702fdb,count,6,5
2026-09-05,uhaul,uhaul_920063,920063,10x25,uhaul_aec9a0a744d342a38ff8ea041890a1fc,count,1,2
2026-09-05,uhaul,uhaul_920072,920072,5x10,uhaul_a5e4b5fcf2984e5cb02d199cc944ae32,count,2,1
2026-09-05,uhaul,uhaul_920072,920072,10x15,uhaul_fbde5c404b2449aa8202c3462d2ecc56,count,4,3
2026-09-05,uhaul,uhaul_920073,920073,5x5,uhaul_d808299732724878adb7a7b7b3f28d57,count,11,12
2026-09-05,uhaul,uhaul_920073,920073,5x10,uhaul_702890b1a4934e13b9b0689aaca63f6d,count,6,7
2026-09-05,uhaul,uhaul_920084,920084,5x5,uhaul_da22a79704db42ec81146ddf29758f9a,count,6,4
2026-09-05,uhaul,uhaul_920084,920084,5x10,uhaul_00558cd9e6684a9e9fd0f9b5e3a09921,count,34,33
2026-09-05,uhaul,uhaul_920084,920084,10x10,uhaul_da03b211ef6e44b3aacf09e637e26a5e,count,32,30
2026-09-05,uhaul,uhaul_921023,921023,5x10,uhaul_39a9ff271e20493995cd8918e6dc6b54,count,1,2
2026-09-05,uhaul,uhaul_921024,921024,8x8,uhaul_b48b59ab5cd646a98084bb108d195e1f,count,9,8
2026-09-05,uhaul,uhaul_921047,921047,10x10,uhaul_d09c6dd62a6f422486a23845ae54c71b,count,13,14
2026-09-05,uhaul,uhaul_921069,921069,10x20,uhaul_a8925520955641ecba734bc52193c7a0,count,10,11
2026-09-05,uhaul,uhaul_921069,921069,10x25,uhaul_25e3c2b70bd3410c8eda2a7f23e92129,count,1,2
2026-09-05,uhaul,uhaul_921072,921072,5x10,uhaul_47c02af0b2ee4f3da50e10283e5abc37,count,14,13
2026-09-05,uhaul,uhaul_921072,921072,10x10,uhaul_89a4e4f6f2214e00b11450ed8e0562ba,count,2,3
2026-09-05,uhaul,uhaul_921072,921072,10x10,uhaul_a9d5774148874111b6d23d1086866daa,count,16,17
2026-09-05,uhaul,uhaul_922024,922024,5x5,uhaul_2b2c9441eaa748199b0af440f3c0e5d9,promo,Free Lock,
2026-09-05,uhaul,uhaul_922024,922024,5x10,uhaul_d167363de5324649af0edb8a718c6f33,count,26,27
2026-09-05,uhaul,uhaul_922024,922024,10x10,uhaul_b24cc1c6184d4c42bcf3e1bd559ab639,count,20,19
2026-09-05,uhaul,uhaul_922024,922024,10x15,uhaul_39a0992ccca341dbb443bae449069a97,count,3,2
2026-09-05,uhaul,uhaul_922027,922027,5x10,uhaul_4fa0fdc2e93b409595b19767119f0c7c,count,2,3
2026-09-05,uhaul,uhaul_922027,922027,10x10,uhaul_77e83bab4c50499a82b3cc295ded8686,count,19,20
2026-09-05,uhaul,uhaul_922038,922038,10x10,uhaul_320eb12f19ca4458b90f98e1524c3ba7,count,2,1
2026-09-05,uhaul,uhaul_922046,922046,7x23.5,uhaul_f0982d484843495bbc940dafe95db277,count,14,13
2026-09-05,uhaul,uhaul_922071,922071,5x10,uhaul_0ae4d05cb4064a28891965473de2980c,count,9,10
2026-09-05,uhaul,uhaul_922071,922071,10x10,uhaul_9d7fd8c984434ff29e2d152e322f9bfb,count,22,23
2026-09-05,uhaul,uhaul_922071,922071,10x15,uhaul_b7a792e7b3214bd8a5e381ed1906eabe,count,6,5
2026-09-05,uhaul,uhaul_922071,922071,5x10,uhaul_0c29193ce81e4f3a9de8c0500f9de69f,count,5,4
2026-09-05,uhaul,uhaul_922071,922071,10x20,uhaul_af8ccc0c20564eae8859cee091b3b7eb,count,6,5
2026-09-05,uhaul,uhaul_922072,922072,5x10,uhaul_7b460f8327e4471eb9ac1ee8559fe8c0,count,2,3
2026-09-05,uhaul,uhaul_922072,922072,5x10,uhaul_55e7137d64154845ab5d1af7064e19a8,count,20,21
2026-09-05,uhaul,uhaul_922072,922072,10x10,uhaul_6eb92e20c05a4f239c81b8132724ef8a,count,1,2
2026-09-05,uhaul,uhaul_922072,922072,10x20,uhaul_d984191b644648358fa5bfcb149f7129,count,1,2
2026-09-05,uhaul,uhaul_922072,922072,10x20,uhaul_c69c61b888f545e598fd7b6daefa7573,count,2,1
2026-09-05,uhaul,uhaul_922072,922072,12x40,uhaul_df9243327e6c42d7a0fb999221eff1d4,count,18,17
2026-09-05,uhaul,uhaul_922073,922073,5x10,uhaul_f252e4c4a425404d9235472c2b404b2f,count,34,33
2026-09-05,uhaul,uhaul_922073,922073,10x15,uhaul_186722e18c254e01864f013a84f84155,count,9,8
2026-09-05,uhaul,uhaul_923029,923029,5x10,uhaul_ee5e0e6e70074416a21059863339a978,count,21,20
2026-09-05,uhaul,uhaul_923029,923029,5x10,uhaul_776c51847ea84d74b6fc42f79be7d11c,count,7,6
2026-09-05,uhaul,uhaul_923029,923029,10x10,uhaul_9f6de49bf93d40e5af3a6e482988eaab,count,15,16
2026-09-05,uhaul,uhaul_923029,923029,10x15,uhaul_09d1ed63a6b24212891bfc0df95e8423,count,5,6
2026-09-05,uhaul,uhaul_923050,923050,10x10,uhaul_c28ce803a95e48b59d6d7233128a7a1f,count,2,1
2026-09-05,uhaul,uhaul_923067,923067,10x10,uhaul_ed0e03efddde4538963fa06090fd15f6,count,6,7
2026-09-05,uhaul,uhaul_923071,923071,5x5,uhaul_6b666c4d6cf94f369c026a6b3b15b10a,count,10,9
2026-09-05,uhaul,uhaul_923071,923071,5x8,uhaul_112759b55d1547eea72ff62902ffc7c7,count,8,9
2026-09-05,uhaul,uhaul_923071,923071,10x10,uhaul_138865b79b6e48fbae39f0870c5e129b,count,5,6
2026-09-05,uhaul,uhaul_923074,923074,5x10,uhaul_7ab946c217f248aeaabf6b996c9009bf,count,3,4
2026-09-05,uhaul,uhaul_923074,923074,8x10,uhaul_405ecff5cba04f00a6e040024e045239,count,3,2
2026-09-05,uhaul,uhaul_924025,924025,5x5,uhaul_f5beb8eab3894529a14c4c1b7b5728de,count,3,2
2026-09-05,uhaul,uhaul_924025,924025,10x10,uhaul_89e925fc7a84452e82015cf3295d114d,count,4,3
2026-09-05,uhaul,uhaul_924030,924030,10x5,uhaul_b02df61a2a174fe9970adc7d22f6338c,promo,Free Lock,
2026-09-05,uhaul,uhaul_924030,924030,10x5,uhaul_b02df61a2a174fe9970adc7d22f6338c,count,2,1
2026-09-05,uhaul,uhaul_924030,924030,10x15,uhaul_259cc001c03e40a0b8fd198a4fcc722c,count,9,8
2026-09-05,uhaul,uhaul_924050,924050,5x5,uhaul_e3af2b8e51d445229d482fa29bade31e,count,1,2
2026-09-05,uhaul,uhaul_924051,924051,5x10,uhaul_d316926292a4430eb3a0d4104851322d,promo,,Free Lock
2026-09-05,uhaul,uhaul_924051,924051,10x15,uhaul_545e419f84c1401e8309531651e1860d,count,2,3
2026-09-05,uhaul,uhaul_924055,924055,10x8,uhaul_b3e50cfcf0b1455d85473561584579e8,count,1,2
2026-09-05,uhaul,uhaul_924059,924059,12x8,uhaul_5dbe7939b3ea4f7a94f4b45ad7000270,count,1,2
2026-09-05,uhaul,uhaul_924059,924059,8x10,uhaul_9a5c827d194a445782a0ce876d5ec46c,count,5,6
2026-09-05,uhaul,uhaul_924064,924064,5x10,uhaul_4b4afa26e690434aa9b0f9ac194622f3,count,5,6
2026-09-05,uhaul,uhaul_924064,924064,10x10,uhaul_a32e487beab04cf7854fc4f7b5aaed62,count,2,1
2026-09-05,uhaul,uhaul_924064,924064,10x15,uhaul_5a72d942acb444c8a54cb05abfab2eb6,count,2,3
2026-09-05,uhaul,uhaul_924071,924071,10x8,uhaul_c76e0344018f4dce918415c04c52c8f3,count,40,41
2026-09-05,uhaul,uhaul_924071,924071,10x20,uhaul_ddfc278ce3764affa7cab824f963e8bd,count,8,9
2026-09-05,uhaul,uhaul_924072,924072,4x4,uhaul_b2e749f9fc5d46b1a7e617ef884a56ea,count,3,2
2026-09-05,uhaul,uhaul_924073,924073,10x15,uhaul_b4e8ced2c30542d490b98c6ead44a9ae,count,8,6
2026-09-05,uhaul,uhaul_924074,924074,5x8,uhaul_4df3233cc73945ac96f3ce301b356380,promo,,Free Lock
2026-09-05,uhaul,uhaul_924074,924074,5x8,uhaul_4df3233cc73945ac96f3ce301b356380,count,1,2
2026-09-05,uhaul,uhaul_924080,924080,5x5,uhaul_94c806e972004034992950d1ca5c93f1,count,5,6
2026-09-05,uhaul,uhaul_924081,924081,5x10,uhaul_575a4c14eb594d54b763066d34eb18e7,promo,Free Lock,
2026-09-05,uhaul,uhaul_925020,925020,8x14,uhaul_07167451fa674d2d913ca3d87e2ecdff,count,2,3
2026-09-05,uhaul,uhaul_925028,925028,10x10,uhaul_2af492b2b27e47609aeedca6a1c48c8e,count,4,3
2026-09-05,uhaul,uhaul_925029,925029,5x5,uhaul_680e7048d50341b49b92c80f01532cea,count,10,9
2026-09-05,uhaul,uhaul_925032,925032,5x10,uhaul_467592dcfe244d8d988b8ce20437a352,count,12,11
2026-09-05,uhaul,uhaul_925032,925032,10x10,uhaul_19c91365524e4794b2337615da0009a9,count,6,7
2026-09-05,uhaul,uhaul_925072,925072,10x10,uhaul_032b3bcd6a3748418dd06f43f4eed7b0,count,7,8
2026-09-05,uhaul,uhaul_926026,926026,10x15,uhaul_9e83bbf5b8d445d39c5d70d8a6db8ef9,count,6,8
2026-09-05,uhaul,uhaul_926036,926036,5x5,uhaul_fbb20b9b92c94d0b919e100102f476cd,count,5,6
2026-09-05,uhaul,uhaul_926071,926071,10x20,uhaul_9e25b8a843b943f287982dd1e747b04e,count,51,50
2026-09-05,uhaul,uhaul_926077,926077,5x9,uhaul_7bdc5584ef024ea3909c8ea562d623dc,promo,,Free Lock
2026-09-05,uhaul,uhaul_926077,926077,5x9,uhaul_7bdc5584ef024ea3909c8ea562d623dc,count,1,2
2026-09-05,uhaul,uhaul_926086,926086,8x8,uhaul_bc6f76b05d9d4415a47e3e4778260ff6,count,1,2
2026-09-05,uhaul,uhaul_926086,926086,10x10,uhaul_5737912b4bb74a3291f02458a7506550,count,3,2
2026-09-05,uhaul,uhaul_927027,927027,5x10,uhaul_35b06936220048f3ada9a89fd950d2af,count,8,7
2026-09-05,uhaul,uhaul_927027,927027,10x5,uhaul_a7faa2ac72934c0ca08ce8eba41e58bf,count,2,1
2026-09-05,uhaul,uhaul_927027,927027,10x10,uhaul_02ab266e1fe04276ab5a10e5a026344c,count,1,2
2026-09-05,uhaul,uhaul_927027,927027,10x10,uhaul_c640060ec231437cbec2087d2421a84a,count,14,15
2026-09-05,uhaul,uhaul_927027,927027,10x15,uhaul_8c027641f1ca4d9b80c360fb24031ad6,count,11,10
2026-09-05,uhaul,uhaul_927027,927027,10x15,uhaul_3e88e7c7d0bd4c819684da0aa20b993c,count,5,6
2026-09-05,uhaul,uhaul_927030,927030,10x10,uhaul_2b22c1f78f124959ab0ced75d91542f0,count,57,56
2026-09-05,uhaul,uhaul_927035,927035,10x15,uhaul_eb5f14fc2bf044269f331ed2660bb95a,count,4,3
2026-09-05,uhaul,uhaul_927044,927044,5x8,uhaul_f80659d198084be4b070ec6d69f1c78e,count,5,6
2026-09-05,uhaul,uhaul_927044,927044,5x10,uhaul_06ba51aff0d547cea19a219ef99355a7,count,2,1
2026-09-05,uhaul,uhaul_927044,927044,10x10,uhaul_49237e9b5b7c454faaddb44ae1dffb1b,count,17,18
2026-09-05,uhaul,uhaul_927044,927044,10x15,uhaul_85151e5009d9474aa5471e71863bd61f,count,16,15
2026-09-05,uhaul,uhaul_927044,927044,10x25,uhaul_a81e0e68e7ae4eb09e5b7c17be3b05a4,count,2,3
2026-09-05,uhaul,uhaul_927053,927053,5x5,uhaul_1b9c68efbb184e7b94ebce8c97c4b49f,count,2,1
2026-09-05,uhaul,uhaul_927053,927053,5x10,uhaul_0482618179754f7ebc748510f438eb59,count,7,6
2026-09-05,uhaul,uhaul_927053,927053,10x10,uhaul_4583019a93bd4220ac6aa9db782b2266,count,26,27
2026-09-05,uhaul,uhaul_927053,927053,10x20,uhaul_2c9c0983b67c4a008a941611ceb3ac57,count,4,3
2026-09-05,uhaul,uhaul_927061,927061,10x10,uhaul_0c0e5cca1ec94dce8cd9029e950cf3d3,count,2,1
2026-09-05,uhaul,uhaul_927061,927061,10x10,uhaul_f194a7b946024a7faf6f2a42dd041783,count,49,50
2026-09-05,uhaul,uhaul_927065,927065,10x10,uhaul_14bb36a0a2ae4a748324ffb927d51217,count,7,8
2026-09-05,uhaul,uhaul_927071,927071,5x5,uhaul_09ed97632cc44be7a444b28989385afa,count,3,4
2026-09-05,uhaul,uhaul_927071,927071,10x10,uhaul_bdd5314e01414e698b93c860fa45841c,count,9,10
2026-09-05,uhaul,uhaul_927075,927075,10x10,uhaul_8c4ebcd98e934e98b4113606632aef33,count,2,1
2026-09-05,uhaul,uhaul_928056,928056,5x10,uhaul_ffa3189579d44525b094775c580f1556,count,6,7
2026-09-05,uhaul,uhaul_928059,928059,8x8,uhaul_242346faa87241bc834b7f64b6d9dda8,count,1,2
2026-09-05,uhaul,uhaul_928066,928066,5x9,uhaul_e92809250be6441b9f8337797d52f62a,count,28,26
2026-09-05,uhaul,uhaul_928070,928070,10x10,uhaul_9a77b008359d45439cc7bd07ceb365e4,count,3,4
2026-09-05,uhaul,uhaul_928071,928071,5x10,uhaul_74881b65b307404a8c6005408f564f83,count,26,27
2026-09-05,uhaul,uhaul_928071,928071,8x10,uhaul_57e776bffefb45aea63071f4418b6036,count,3,2
2026-09-05,uhaul,uhaul_928071,928071,10x10,uhaul_ffb744f0df724b68bea76c6ca6a62229,count,12,13
2026-09-05,uhaul,uhaul_928074,928074,5x5,uhaul_b04eaa0d619e4f59812143767a4c77cc,count,5,6
2026-09-05,uhaul,uhaul_928074,928074,5x10,uhaul_30ab115506a94dccb7976ada97d9faba,count,1,3
2026-09-05,uhaul,uhaul_928074,928074,10x15,uhaul_fb4e88822c53480eb1f144ea98877375,count,1,2
2026-09-05,uhaul,uhaul_928075,928075,10x20,uhaul_791a1ae1e703447e97616f86ad36856e,count,8,7
2026-09-05,uhaul,uhaul_928077,928077,5x10,uhaul_297c70655ac8486c99e251bb3615fb84,count,2,1
2026-09-05,uhaul,uhaul_928077,928077,10x15,uhaul_c5e2df44079346628b93daeb3cae45d7,count,19,20
2026-09-05,uhaul,uhaul_928077,928077,10x20,uhaul_b72059879455448eaa52b60c17427ebb,count,7,6
2026-09-05,uhaul,uhaul_929026,929026,5x5,uhaul_bbc3528c017c4f55b38ab438b2ac4522,count,15,14
2026-09-05,uhaul,uhaul_929027,929027,5x5,uhaul_e04775956c56446c99287c8a36954643,count,21,22
2026-09-05,uhaul,uhaul_929027,929027,5x10,uhaul_995ae51bc47d4ab3bb1cf90634644109,count,15,14
2026-09-05,uhaul,uhaul_929027,929027,10x10,uhaul_4f24f26db6d0498b897c0d2a822e8075,count,14,13
2026-09-05,uhaul,uhaul_929027,929027,9.5x10,uhaul_70a769fe40d244cd9f452d1a586ac15d,count,32,31
2026-09-05,uhaul,uhaul_929029,929029,10x15,uhaul_34ef6dfb2b05437caf760fbdfcee4e93,count,6,8
2026-09-05,uhaul,uhaul_929029,929029,10x10,uhaul_645e436e8cb64dd58ca848f4d9496045,count,4,3
2026-09-05,uhaul,uhaul_929052,929052,7.5x10,uhaul_a570eaa42f6545e99ced4097e378d0af,count,1,2
2026-09-05,uhaul,uhaul_929064,929064,5x10,uhaul_30dc35e80b2a4432adb4b974df3889e0,promo,,Free Lock
2026-09-05,uhaul,uhaul_929064,929064,5x12,uhaul_674407de5aeb4cd98aee06d2325810ba,promo,Free Lock,
2026-09-05,uhaul,uhaul_929064,929064,5x12,uhaul_674407de5aeb4cd98aee06d2325810ba,count,2,1
2026-09-05,uhaul,uhaul_929064,929064,5x15,uhaul_d059f0099585475d96dcdffdddf05f2a,count,1,2
2026-09-05,uhaul,uhaul_929064,929064,10x20,uhaul_8c110851c5814d719a9414e7a67a85ff,count,4,5
2026-09-05,uhaul,uhaul_929071,929071,5x10,uhaul_b7e795b9b06543ae89d4da3ff9514d0a,count,18,17
2026-09-05,uhaul,uhaul_929071,929071,10x10,uhaul_6a8bc171c678450c94f11eb43a941368,count,6,4
2026-09-05,uhaul,uhaul_929071,929071,10x20,uhaul_4b7b30275b684950989d41128d2a3226,count,2,1
2026-09-05,uhaul,uhaul_929073,929073,5x10,uhaul_fe01c5b8a1394b7ab3adfb7e451e2f30,count,26,25
2026-09-05,uhaul,uhaul_929073,929073,10x10,uhaul_5dbcfa1184b242018975f4d0cad00d65,count,16,14
2026-09-05,uhaul,uhaul_929073,929073,10x15,uhaul_c7895ebb98de4872aa44f381036a859b,count,15,14
2026-09-05,uhaul,uhaul_929074,929074,10x10,uhaul_a0b820abcc6846b1b4605823d0edff97,count,27,26
2026-09-05,uhaul,uhaul_930037,930037,5x10,uhaul_bdfa6001dc3245388e5d45443e050f2d,count,17,18
2026-09-05,uhaul,uhaul_930037,930037,10x10,uhaul_f425a1816ba64de29ccd61856d174f58,count,14,15
2026-09-05,uhaul,uhaul_930053,930053,5x7.5,uhaul_e2a43b43cf6843bb80a1b81711ec1160,count,4,3
2026-09-05,uhaul,uhaul_930053,930053,5x5,uhaul_996ebd6b2ed940a68df915ab2fd46610,count,1,2
2026-09-05,uhaul,uhaul_930062,930062,5x5,uhaul_39f6724f4697414b97240569cf1072f9,count,36,35
2026-09-05,uhaul,uhaul_930062,930062,5x10,uhaul_e9fc1af1fb9b4d13992480f43e786ac4,count,23,22
2026-09-05,uhaul,uhaul_930063,930063,5x5,uhaul_30871387d6e94d7d8ff0172ff4c5c51c,count,7,8
2026-09-05,uhaul,uhaul_930063,930063,5x10,uhaul_c6f0a96945054acd8624acda6145e164,count,21,20
2026-09-05,uhaul,uhaul_930063,930063,10x10,uhaul_d51e1fb34b3c4a9fa0f5d8714f1ecea0,count,15,13
2026-09-05,uhaul,uhaul_930072,930072,5x8,uhaul_c216cc04932542a5b4a2bc7571a3be8d,count,4,5
2026-09-05,uhaul,uhaul_930072,930072,10x10,uhaul_bf06daac12cb4668a66ee441ebbc97c6,count,5,4
2026-09-05,uhaul,uhaul_930073,930073,10x10,uhaul_96fdd866b85e487cb693aad5f8d49a76,count,22,21
2026-09-05,uhaul,uhaul_930074,930074,5x10,uhaul_60de0063ad5e45f7b0cb73fac53c3dcf,count,10,9
2026-09-05,uhaul,uhaul_930074,930074,5x10,uhaul_4e03f41ae61c482eb50f026f5ee7e7a9,count,19,20
2026-09-05,uhaul,uhaul_930082,930082,10x10,uhaul_ea54e5315cc844cc804c960dd04eed4f,count,9,10
2026-09-05,uhaul,uhaul_930086,930086,4x12,uhaul_aa2c39bcb21e4f1eaca22ed7f842994a,count,6,7
2026-09-05,uhaul,uhaul_930086,930086,8x10,uhaul_64d51ebf947b4fb8a2b23e5a0fd4afd9,count,21,20
2026-09-05,uhaul,uhaul_931024,931024,5x5,uhaul_7a277c24be9b4a7db2b89ad41a444f82,count,17,15
2026-09-05,uhaul,uhaul_931024,931024,5x10,uhaul_d92d275bc85946ecad79172b02f25dd1,count,7,6
2026-09-05,uhaul,uhaul_931024,931024,10x20,uhaul_06399814cc65480bb543d7a45d0e94dc,promo,Free Lock,
2026-09-05,uhaul,uhaul_931024,931024,10x20,uhaul_06399814cc65480bb543d7a45d0e94dc,count,2,1
2026-09-05,uhaul,uhaul_931024,931024,10x15,uhaul_87ad29eacf3b486b9d7e6c2d445b1d18,count,3,4
2026-09-05,uhaul,uhaul_931025,931025,10x10,uhaul_77225125dc7b4ed0a3bcca749587048f,count,3,2
2026-09-05,uhaul,uhaul_931025,931025,10x10,uhaul_e62ffc6bb5974d1cb99ac341b33d3685,count,45,44
2026-09-05,uhaul,uhaul_931031,931031,10x10,uhaul_7b577c9321514d9eb5f183bf27a86c76,count,2,1
2026-09-05,uhaul,uhaul_931031,931031,10x10,uhaul_7718113c59e042b4b8ff13350f9dc807,count,2,1
2026-09-05,uhaul,uhaul_931031,931031,10x15,uhaul_b8416879cd994869838e9f6e30382b4a,count,2,3
2026-09-05,uhaul,uhaul_931032,931032,5x5,uhaul_56f8df140f1143e99fb1069d0e110338,count,10,11
2026-09-05,uhaul,uhaul_931032,931032,5x10,uhaul_ec674acfcf5c4ff8b0470a57071eb7e6,count,12,14
2026-09-05,uhaul,uhaul_931034,931034,4x3,uhaul_62b4f6e245f54ae9a15379fea431e5ff,promo,Free Lock,
2026-09-05,uhaul,uhaul_931034,931034,4x3,uhaul_62b4f6e245f54ae9a15379fea431e5ff,count,3,1
2026-09-05,uhaul,uhaul_931043,931043,7x23.5,uhaul_a99383b43b164cd98129855f2a5cae01,count,55,124
2026-09-05,uhaul,uhaul_931045,931045,5x10,uhaul_1420ab81134e4c558def11e0a1bda098,count,16,15
2026-09-05,uhaul,uhaul_931045,931045,10x15,uhaul_61dabf8796e6470791994882d31e592a,count,3,4
2026-09-05,uhaul,uhaul_931075,931075,5x10,uhaul_5a62b641cf5e48d69f9fa24a5710b3a2,count,35,34
2026-09-05,uhaul,uhaul_931075,931075,10x10,uhaul_57a059fac42a4d1ab0acdae013868793,count,7,8
2026-09-05,uhaul,uhaul_931075,931075,10x10,uhaul_66b0a622c47b4a2697db80307a29bc52,count,28,27
2026-09-05,uhaul,uhaul_931075,931075,10x15,uhaul_1bed3f465f454f0b87632ad5535b15dc,count,21,20
2026-09-05,uhaul,uhaul_931080,931080,10x20,uhaul_5a910619951342f382810426ac9eaaac,count,10,9
2026-09-05,uhaul,uhaul_932023,932023,5x5,uhaul_3a3f582cccad478ea3bf1e1d53fda97d,count,2,3
2026-09-05,uhaul,uhaul_932023,932023,10x15,uhaul_b39d4f8b710a4183a9cce88aa550d918,count,3,7
2026-09-05,uhaul,uhaul_932026,932026,10x10,uhaul_2e2553c09990469490cb7c7d84c80c03,count,9,10
2026-09-05,uhaul,uhaul_932027,932027,5x5,uhaul_0a7e7fda84c141a984d4d7e631f66840,count,5,4
2026-09-05,uhaul,uhaul_932027,932027,5x10,uhaul_290d9b5bf18947ba89778b9ad55b60c6,count,3,2
2026-09-05,uhaul,uhaul_932027,932027,10x10,uhaul_4461cb0e66f34ccfb3ef87e831999f92,count,3,2
2026-09-05,uhaul,uhaul_932072,932072,5x10,uhaul_6f741e0af2084638be6362a2020c1576,count,6,7
2026-09-05,uhaul,uhaul_932073,932073,5x5,uhaul_2370bdb2264b41bf9b417aa72fb0f596,count,20,21
2026-09-05,uhaul,uhaul_932073,932073,10x10,uhaul_23a7d243fbb94774b0ca7d3f374ed339,count,31,30
2026-09-05,uhaul,uhaul_932073,932073,10x15,uhaul_c30a56ff3a734574949fc7936cb77fb1,count,6,7
2026-09-05,uhaul,uhaul_932073,932073,10x10,uhaul_80059b47a61f417aa55632e31f55db09,count,48,47
2026-09-05,uhaul,uhaul_932077,932077,10x10,uhaul_a2a4ec11543046c781d441337955d6c1,count,2,3
2026-09-05,uhaul,uhaul_932082,932082,5x5,uhaul_5311726443dc4b0a9b9fa088a3c8809a,count,19,18
2026-09-05,uhaul,uhaul_932082,932082,5x7,uhaul_edaa05e1b1a140a9885f63e2b43dffca,count,11,10
2026-09-05,uhaul,uhaul_932082,932082,5x10,uhaul_d7c1b35c1d84433599a214a40c12a840,count,15,14
2026-09-05,uhaul,uhaul_932082,932082,10x8,uhaul_0f477299e81041b58a250a1ded815568,count,2,1
2026-09-05,uhaul,uhaul_932082,932082,10x10,uhaul_3e276216244145c1bd2d8973f1251750,count,3,1
2026-09-05,uhaul,uhaul_934028,934028,5x7,uhaul_16960ea1813e4eada252ac791f513298,count,7,8
2026-09-05,uhaul,uhaul_934028,934028,5x10,uhaul_9375b91506f6467282cfd338d33551e3,count,49,50
2026-09-05,uhaul,uhaul_934028,934028,10x10,uhaul_42a78f1208f34a099a3bf7138427204b,count,20,21
2026-09-05,uhaul,uhaul_934028,934028,10x15,uhaul_54fea7ad6fc843ddb6e68e1905e9a725,count,5,6
2026-09-05,uhaul,uhaul_934062,934062,8x8,uhaul_60144dcae09c478da7dd03d56faea7ea,count,3,4
2026-09-05,uhaul,uhaul_934064,934064,5x10,uhaul_ff7b2b1179e74433879c9da32e011d40,count,3,4
2026-09-05,uhaul,uhaul_934064,934064,5x12,uhaul_1c924a57d6d7473782519049f69c82eb,count,8,9
2026-09-05,uhaul,uhaul_934071,934071,5x10,uhaul_c2ef0b755bd34e3896f12b32691bc1f0,count,7,8
2026-09-05,uhaul,uhaul_934071,934071,5x10,uhaul_8edb8ef83b88448a8ecacef052607473,count,26,27
2026-09-05,uhaul,uhaul_934071,934071,10x20,uhaul_95768b5f10ba4255a3f722c4fcbe138e,promo,,Free Lock
2026-09-05,uhaul,uhaul_934072,934072,5x10,uhaul_832e8b840e554aa7a18ea02966907e7e,count,30,29
2026-09-05,uhaul,uhaul_934072,934072,10x10,uhaul_20d121bdfe884c31a1e25f41e967f48f,count,11,10
2026-09-05,uhaul,uhaul_934073,934073,5x5,uhaul_a522a2d83b264c84a37adee3be24bb03,count,27,26
2026-09-05,uhaul,uhaul_934073,934073,14x10,uhaul_a9f321b15809439aa52d10b112e8f8d0,count,2,1
2026-09-05,uhaul,uhaul_934073,934073,10x15,uhaul_1dad0ba00f8d4f2b90ee8bf4ab9fe4c7,count,11,10
2026-09-05,uhaul,uhaul_934076,934076,5x5,uhaul_5b63b974835046e69be06dd8cdb9299e,count,1,2
2026-09-05,uhaul,uhaul_934076,934076,10x10,uhaul_64e11370bf8e473a89dda91ecc541219,count,1,2
2026-09-05,uhaul,uhaul_934076,934076,10x15,uhaul_3fbf06a867f8468daec128204fb2d36e,count,5,4
2026-09-05,uhaul,uhaul_934078,934078,5x5,uhaul_eaaeed3e7ae94eb9ab78fb1362724024,count,27,26
2026-09-05,uhaul,uhaul_934078,934078,5x10,uhaul_0f4cad1135614ba1b1976df0ca7eb77d,count,31,30
2026-09-05,uhaul,uhaul_934078,934078,7x10,uhaul_48c0ade4ec984e43a643726485f5aede,count,3,2
2026-09-05,uhaul,uhaul_934078,934078,10x10,uhaul_3dd4ec230dbe45adbf632860eaef27be,count,10,11
2026-09-05,uhaul,uhaul_934079,934079,5x5,uhaul_aca110a792a74105b81e5d986dfb0ca4,count,1,2
2026-09-05,uhaul,uhaul_934079,934079,5x10,uhaul_9ec2289e74cb48b59013783fc2bc59c4,count,37,38
2026-09-05,uhaul,uhaul_934079,934079,10x10,uhaul_0494f81d1c91402b8a42ce9dce652cac,count,32,31
2026-09-05,uhaul,uhaul_934079,934079,10x10,uhaul_2dae1ddecd0f405eb3eaf238af2c300c,count,3,2
2026-09-05,uhaul,uhaul_934080,934080,10x10,uhaul_979530a692d7443db6e38e001aa14977,count,2,1
2026-09-05,uhaul,uhaul_934080,934080,7.3x23.5,uhaul_5d35a8b5d1be497e8897a9d25dfea39f,count,63,64
2026-09-05,uhaul,uhaul_935027,935027,5x10,uhaul_9cca8f9b3e5c4eb8a448bfe7daaee58f,count,16,17
2026-09-05,uhaul,uhaul_935034,935034,5x10,uhaul_4bd47aa623da4eca96859d313e3f31aa,count,4,5
2026-09-05,uhaul,uhaul_935056,935056,5x5,uhaul_aa94b253cd2d4ee1a2668d023d98f465,count,13,12
2026-09-05,uhaul,uhaul_935056,935056,10x10,uhaul_8b1b65f0d20e40d09ffbc82b4e2ceabf,count,6,7
2026-09-05,uhaul,uhaul_935056,935056,10x15,uhaul_c1f59bf33bc8487f892e35d35bedb580,count,4,2
2026-09-05,uhaul,uhaul_935071,935071,5x10,uhaul_14dae12e9a5a4b2b8405f83d9bac11b0,count,21,20
2026-09-05,uhaul,uhaul_935071,935071,10x10,uhaul_f57cee4a96774c35b8546f26df3a9155,count,9,11
2026-09-05,uhaul,uhaul_935071,935071,10x10,uhaul_a24d4d8750ea49a9a75df0ddc0de613f,count,4,3
2026-09-05,uhaul,uhaul_936057,936057,10x10,uhaul_ad62d5bc3f794df9a7377dc3a92787bd,count,1,2
2026-09-05,uhaul,uhaul_936057,936057,10x15,uhaul_a0a612488d6f471ebac60180c5c7dd29,promo,,Free Lock
2026-09-05,uhaul,uhaul_936057,936057,5x10,uhaul_6fbe654018c540858d70b3d5e316fb8b,count,43,44
2026-09-05,uhaul,uhaul_936057,936057,10x24,uhaul_09f1c86b34704bcca11acf722b0da3ec,count,24,25
2026-09-05,uhaul,uhaul_936078,936078,10x10,uhaul_45d32c7c40b44b3092a6fab4ca667199,count,26,27
2026-09-05,uhaul,uhaul_936078,936078,10x15,uhaul_b1277cd78067426eb290f7f22e347fc7,count,9,6
2026-09-05,uhaul,uhaul_936079,936079,12x45,uhaul_015872468e7440cd991a8caa1f942742,count,50,49
2026-09-05,uhaul,uhaul_936084,936084,5x5,uhaul_069509605adc42eab9a1f877c94ac496,count,20,19
2026-09-05,uhaul,uhaul_936084,936084,5x10,uhaul_63c37a3e9b2c48c9bbcf92ab1ef9416b,count,14,13
2026-09-05,uhaul,uhaul_936084,936084,10x10,uhaul_aaac425b429f40e49d27218aed438f4a,count,12,13
2026-09-05,uhaul,uhaul_936084,936084,10x15,uhaul_a2308f33208d4e67bae51344f9840270,count,8,7
2026-09-05,uhaul,uhaul_936087,936087,5x10,uhaul_0aa6e9f1fe7a41b9b76f29b0a03eae1a,count,18,20
2026-09-05,uhaul,uhaul_936087,936087,10x10,uhaul_98a6047fc38a48a9a8b45364e59e16c9,count,8,7
2026-09-05,uhaul,uhaul_936089,936089,10x10,uhaul_3d4b0ba7275749deabd032f48aef3d02,count,60,59
2026-09-05,uhaul,uhaul_937023,937023,5x5,uhaul_55abc8f8c70c4cae99fc632ec3a91f89,count,7,6
2026-09-05,uhaul,uhaul_937023,937023,5x10,uhaul_71ca1c2a5c6748c8b9dd2b5d08dc05cc,count,11,12
2026-09-05,uhaul,uhaul_937023,937023,5x10,uhaul_362e4314a9404cd59a1b759f2cc25c7d,count,17,16
2026-09-05,uhaul,uhaul_937024,937024,5x10,uhaul_e89c4f5b6a48464bb9ce351524335418,count,2,3
2026-09-05,uhaul,uhaul_937024,937024,5x10,uhaul_9871de55431347039ef8b0b97cbbb567,count,6,5
2026-09-05,uhaul,uhaul_937024,937024,10x10,uhaul_b7fda5803e874c89b8e70c04875c6847,count,2,4
2026-09-05,uhaul,uhaul_937024,937024,13x25,uhaul_ca4464264cf14ef6b67cd47ff6d84e9b,count,1,2
2026-09-05,uhaul,uhaul_937028,937028,5x10,uhaul_de60df9db0364b748ce37edfed9b876c,count,2,1
2026-09-05,uhaul,uhaul_937032,937032,5x10,uhaul_8a9c388b88ec4561b395a814b19a66eb,count,6,5
2026-09-05,uhaul,uhaul_937032,937032,12x35,uhaul_3a5d527c807a43b3bef09c242329d781,count,3,4
2026-09-05,uhaul,uhaul_937035,937035,10x15,uhaul_f2f6fca2112d462db4ca5907393375fe,count,4,5
2026-09-05,uhaul,uhaul_937035,937035,10x20,uhaul_28602c32c52c486faa27f0346d93b8e3,count,12,17
2026-09-05,uhaul,uhaul_937050,937050,5x5,uhaul_1be81c2f6c7f4d5c813842143b1ac31c,count,9,8
2026-09-05,uhaul,uhaul_937050,937050,5x10,uhaul_ef179e69c4844e13a5782619adfba4aa,count,4,5
2026-09-05,uhaul,uhaul_937050,937050,10x10,uhaul_5828a1777329436f808d393e9c90c24c,count,10,11
2026-09-05,uhaul,uhaul_937071,937071,10x20,uhaul_44915745dd9243998af6b15b0facf93e,count,97,96
2026-09-05,uhaul,uhaul_938071,938071,5x10,uhaul_b54f7a32280a425c98e796128535a87c,count,6,7
2026-09-05,uhaul,uhaul_938071,938071,10x10,uhaul_74123c599f9140c3a42f4d44ec6b01bc,count,2,1
2026-09-05,uhaul,uhaul_938075,938075,10x10,uhaul_b901306c15794eb594ca7b7c6516318e,count,10,11
2026-09-05,uhaul,uhaul_938080,938080,10x5,uhaul_5e10e83cbf3e4bcfa36119b90fb62e65,count,2,1
2026-09-05,uhaul,uhaul_938080,938080,10x10,uhaul_c04cb5e3e5aa4a32ac00ebda8114e8e2,count,18,19
2026-09-05,uhaul,uhaul_939064,939064,5x10,uhaul_bfa1f85ce9584b73a254016d22c939b9,count,9,8
2026-09-05,uhaul,uhaul_939071,939071,5x5,uhaul_27de0bbabbc4476dae49b6e6d286bd3b,count,5,6
2026-09-05,uhaul,uhaul_939071,939071,5x10,uhaul_b962c51f3c4c4e6c9704a133caaee318,count,49,48
2026-09-05,uhaul,uhaul_940065,940065,10x15,uhaul_52c0936447e04bed91befebbbd444dd6,count,26,25
2026-09-05,uhaul,uhaul_940072,940072,5x8,uhaul_73b1109ab53f4fea9c27df459e2761a2,count,18,17
2026-09-05,uhaul,uhaul_940072,940072,10x15,uhaul_6e6a99e43a6b4cafbbbb0fea93e7de64,count,22,21
2026-09-05,uhaul,uhaul_940072,940072,10x10,uhaul_bbd31066c03441348da44d22b003cba7,count,44,48
2026-09-05,uhaul,uhaul_940085,940085,6x10,uhaul_81474f6107c64fecb2eddc5c7a1dffe4,count,52,51
2026-09-05,uhaul,uhaul_941055,941055,5x10,uhaul_9b3ad9ae70dc4974b3ce79e63870f269,promo,,Free Lock
2026-09-05,uhaul,uhaul_941055,941055,7.3x23.5,uhaul_3f6afdb827d24c67b0e77b3dd8123998,promo,,Free Lock
2026-09-05,uhaul,uhaul_941055,941055,7.3x23.5,uhaul_3f6afdb827d24c67b0e77b3dd8123998,count,1,2
2026-09-05,uhaul,uhaul_941062,941062,5x5,uhaul_1bbb9e19de404a45bc5c4c0b45f823e5,count,20,21
2026-09-05,uhaul,uhaul_941062,941062,5x10,uhaul_6dd01d85a5334ed4a5e8e22be8d1d78c,count,28,29
2026-09-05,uhaul,uhaul_941062,941062,5x15,uhaul_0383d8b58fe943da8f5f19037ae10844,count,30,32
2026-09-05,uhaul,uhaul_941062,941062,10x15,uhaul_24b47da5ac4e4d229fe0ee00a8722cc5,count,7,6
2026-09-05,uhaul,uhaul_941062,941062,5x5,uhaul_1636fbc36d5c4af1aacf8f5413b5cd0d,count,27,28
2026-09-05,uhaul,uhaul_941062,941062,5x5,uhaul_6df13582da3e4b84aa859800575ddfae,count,31,33
2026-09-05,uhaul,uhaul_941069,941069,5x10,uhaul_d75f48fa26554c54b1314b3e29c71a51,count,3,2
2026-09-05,uhaul,uhaul_941070,941070,4x4,uhaul_22f7829dff9742bc8b594dc936b2eb2d,count,5,4
2026-09-05,uhaul,uhaul_941071,941071,4x8,uhaul_9e713f4a6e654355a58864cc0645737d,count,28,29
2026-09-05,uhaul,uhaul_941072,941072,10x10,uhaul_54ff43a744cd46af8df90211538bb564,count,61,60
2026-09-05,uhaul,uhaul_941072,941072,10x20,uhaul_dfa67f3f4b094811828c054ff0353cc8,count,7,6
2026-09-05,uhaul,uhaul_941073,941073,10x15,uhaul_f03dc185d70f4ec79834207f36159293,count,5,7
2026-09-05,uhaul,uhaul_941074,941074,5x5,uhaul_d39e2d373a544b86880012109ec045e0,count,12,21
2026-09-05,uhaul,uhaul_941074,941074,5x10,uhaul_8c8be3c8101f41f5b4e86be83538e300,count,6,12
2026-09-05,uhaul,uhaul_941076,941076,5x5,uhaul_c7321922d3af4a1e9228ea64c6d2db74,promo,Free Lock,
2026-09-05,uhaul,uhaul_941076,941076,5x5,uhaul_c7321922d3af4a1e9228ea64c6d2db74,count,3,2
2026-09-05,uhaul,uhaul_941076,941076,5x10,uhaul_ba7ab06282a6494c91bf4af5a850b443,count,5,4
2026-09-05,uhaul,uhaul_941076,941076,10x10,uhaul_d38dec29f1a24c1790bc11f8449f09b8,count,7,6
2026-09-05,uhaul,uhaul_941076,941076,10x15,uhaul_83fc2f874d774d6aa8aeb8c4d8bcc16d,count,4,3
2026-09-05,uhaul,uhaul_941076,941076,10x20,uhaul_3cb519d449a9485c9622d003c2ba935e,promo,Free Lock,
2026-09-05,uhaul,uhaul_941078,941078,5x10,uhaul_c300ce1e14e7445f90fed564947837db,promo,,Free Lock
2026-09-05,uhaul,uhaul_941078,941078,10x10,uhaul_c7f60e628c0c440c8288262687d669a0,promo,,Free Lock
2026-09-05,uhaul,uhaul_941078,941078,10x10,uhaul_e40d727725384a32810af70f15f3194e,promo,,Free Lock
2026-09-05,uhaul,uhaul_941078,941078,10x10,uhaul_e40d727725384a32810af70f15f3194e,count,11,12
2026-09-05,uhaul,uhaul_941078,941078,10x15,uhaul_60dee4790fa94773b11934c1a075662a,count,6,7
2026-09-05,uhaul,uhaul_941078,941078,10x15,uhaul_f6f44dd2604940eeab783ebf390f9bd7,count,3,2
2026-09-05,uhaul,uhaul_941078,941078,10x15,uhaul_bb18c7ca286d4fee90701b3d97cfe9ab,count,3,2
2026-09-05,uhaul,uhaul_941078,941078,10x20,uhaul_926882d227c9433dbdba77a1879d33a4,promo,,Free Lock
2026-09-05,uhaul,uhaul_941078,941078,10x20,uhaul_926882d227c9433dbdba77a1879d33a4,count,3,5
2026-09-05,uhaul,uhaul_941080,941080,10x10,uhaul_843a342405bd4784b6f3d88f461ecd98,count,10,9
2026-09-05,uhaul,uhaul_941080,941080,10x10,uhaul_10ab84fecacb4c12928d639c6f725cde,count,2,3
2026-09-05,uhaul,uhaul_943034,943034,5x10,uhaul_48dc5962ea5346249e6c37678b22740e,count,5,4
2026-09-05,uhaul,uhaul_943042,943042,10x10,uhaul_7881a552ada940e6811dfafdc2c4a641,count,11,10
2026-09-05,uhaul,uhaul_943054,943054,4x8,uhaul_f6f31d360bb446b3a2fab0e4b3fb2f8c,count,44,43
2026-09-05,uhaul,uhaul_943071,943071,5x10,uhaul_d27a90c7c70841899d04b1b6e71affb2,count,2,3
2026-09-05,uhaul,uhaul_943071,943071,10x15,uhaul_6714913255f24e20adc5870e4489bea9,count,3,4
2026-09-05,uhaul,uhaul_943076,943076,10x10,uhaul_202aa93e3d844851a534d0a90df5f073,count,8,9
2026-09-05,uhaul,uhaul_943076,943076,10x15,uhaul_31c174baf7f84457b95a03745f767b76,count,3,2
2026-09-05,uhaul,uhaul_943076,943076,10x20,uhaul_19af1f3474204e1b8627b332a9a4b3bb,count,3,4
2026-09-05,uhaul,uhaul_943076,943076,10x30,uhaul_d398e0965e2b4bf6804d57bfa6ee5f08,count,7,8
2026-09-05,uhaul,uhaul_943077,943077,5x10,uhaul_3a310ee74b51474eb8247e82ef5959e5,count,3,2
2026-09-05,uhaul,uhaul_944025,944025,5x5,uhaul_06ec9ab71a694382acf676c8dcb4fecb,count,6,5
2026-09-05,uhaul,uhaul_944025,944025,5x10,uhaul_d0b3b13e9d044fed98b696e8f26ab40c,count,15,16
2026-09-05,uhaul,uhaul_944025,944025,10x10,uhaul_b1d349a8da7c4f99af1f857d59de2a09,count,29,28
2026-09-05,uhaul,uhaul_944025,944025,10x15,uhaul_8198f95ddfa34d2f9327c23df78f8fd9,count,9,8
2026-09-05,uhaul,uhaul_944032,944032,8x12,uhaul_799c3001f2b34dafa6a1ec04b59aa565,count,3,4
2026-09-05,uhaul,uhaul_944032,944032,4x8,uhaul_f3e40d918e7744b480fe399804e1e3a7,count,8,7
2026-09-05,uhaul,uhaul_944057,944057,10x15,uhaul_0e53d20156dc440e9be469fc064d59fc,count,2,1
2026-09-05,uhaul,uhaul_944071,944071,10x10,uhaul_d0a4d435cdd3429f811b18c6f80c33cd,count,14,15
2026-09-05,uhaul,uhaul_944076,944076,5x5,uhaul_49bc8f47b5e64920965fd170b19981e4,count,2,1
2026-09-05,uhaul,uhaul_944076,944076,5x10,uhaul_8b1b42dcbf4c4d47aa8c29781388d9ac,count,11,12
2026-09-05,uhaul,uhaul_944076,944076,10x10,uhaul_336a192696cc4f35b2ed2e97d9f04317,count,12,11
2026-09-05,uhaul,uhaul_944078,944078,5x5,uhaul_bec69cae642f471885c048062e59dd90,count,24,25
2026-09-05,uhaul,uhaul_944078,944078,5x10,uhaul_fcb2bd5cb94e4062ae740ef077da51c3,count,125,126
2026-09-05,uhaul,uhaul_944080,944080,5x10,uhaul_1fb17548993545399a3ea3356a6ec7be,count,22,24
2026-09-05,uhaul,uhaul_945032,945032,8x12,uhaul_3ce4466221d64f1982958ed68268e184,count,2,3
2026-09-05,uhaul,uhaul_945034,945034,5x10,uhaul_04da38891d6248bba6068c1af1b1a278,count,8,9
2026-09-05,uhaul,uhaul_945034,945034,8x10,uhaul_c98151230bf140c2b418f84aa76cc468,count,9,8
2026-09-05,uhaul,uhaul_945034,945034,10x10,uhaul_29eccff0b48946e9a1abc14c228b450f,count,3,2
2026-09-05,uhaul,uhaul_945053,945053,10x10,uhaul_c67c2f0576e145659d3a45616631d2a8,count,27,28
2026-09-05,uhaul,uhaul_945075,945075,5x5,uhaul_5941d8e72f7a4172a8399d404371c607,count,4,5
2026-09-05,uhaul,uhaul_945076,945076,5x5,uhaul_6478b631b9184fe3857e0add5d677def,count,25,24
2026-09-05,uhaul,uhaul_945076,945076,5x10,uhaul_16bddf65f21d48ac98945a96fa2186a9,count,8,10
2026-09-05,uhaul,uhaul_945076,945076,10x10,uhaul_d0436039485241e688bc5702d650c066,count,2,3
2026-09-05,uhaul,uhaul_945079,945079,5x5,uhaul_a5782eac9a6e4cc3b0ae370f3d3e191f,count,13,18
2026-09-05,uhaul,uhaul_945079,945079,10x5,uhaul_260c6d2d311d4f1c9950412878099655,count,1,2
2026-09-05,uhaul,uhaul_945079,945079,5x10,uhaul_ecf54594b32b4cfc8b233fcb577d4e28,promo,,Free Lock
2026-09-05,uhaul,uhaul_945079,945079,5x10,uhaul_ecf54594b32b4cfc8b233fcb577d4e28,count,1,5
2026-09-05,uhaul,uhaul_945079,945079,10x10,uhaul_86804ed252434aecb908df29250c367a,count,9,8
2026-09-05,uhaul,uhaul_945081,945081,5x5,uhaul_c651944b2b114c13a7ef9ae7c8357e96,count,9,10
2026-09-05,uhaul,uhaul_945081,945081,5x15,uhaul_457f5be801d348c4b83ad8917fca0250,count,2,1
2026-09-05,uhaul,uhaul_946025,946025,5x10,uhaul_09a53d1e5dd74ff6af9dc74c8c33e0a7,count,6,7
2026-09-05,uhaul,uhaul_946025,946025,10x5,uhaul_3d4506d64b6f4754ac64a500caf087de,count,3,4
2026-09-05,uhaul,uhaul_946025,946025,5x10,uhaul_7feb7f96f53a4f87b7ae227153e5c7b0,count,8,9
2026-09-05,uhaul,uhaul_946025,946025,10x15,uhaul_16c14f03678849088e5af563c07b54ff,promo,Free Lock,
2026-09-05,uhaul,uhaul_946058,946058,5x10,uhaul_3b7a4a786d094a6aa8415ff3edce10be,count,6,5
2026-09-05,uhaul,uhaul_946058,946058,10x10,uhaul_4159a54536394f738399083f6101bbbf,count,2,3
2026-09-05,uhaul,uhaul_946065,946065,5x10,uhaul_775b43085e6c4753be11f4a393b41c66,count,2,3
2026-09-05,uhaul,uhaul_946071,946071,10x10,uhaul_0870f8aa0c554bdc9ab2a94e7fc44883,count,27,26
2026-09-05,uhaul,uhaul_946071,946071,10x15,uhaul_01bf70b4adc041458586937d16b478cf,count,7,6
2026-09-05,uhaul,uhaul_947025,947025,5x5,uhaul_0c4c4dc1b3c94a58b66f8c7f955ca734,count,2,3
2026-09-05,uhaul,uhaul_947025,947025,5x10,uhaul_0481d4bc93574562bbbfbb76d176ebbd,count,17,18
2026-09-05,uhaul,uhaul_947025,947025,10x10,uhaul_b6feb6963fce490382974c2bca110d90,count,5,4
2026-09-05,uhaul,uhaul_947025,947025,10x15,uhaul_fa0d284f7e544e7997714eafed587da9,count,2,3
2026-09-05,uhaul,uhaul_947028,947028,5x10,uhaul_1272c8f44bfb4f529c59d2ca1395ad14,count,8,6
2026-09-05,uhaul,uhaul_947083,947083,5x5,uhaul_a48e075e347341d3a67689f7ff953e36,count,14,15
2026-09-05,uhaul,uhaul_948034,948034,5x5,uhaul_21a42815ce784582b134860e828d12d3,promo,,Free Lock
2026-09-05,uhaul,uhaul_948034,948034,5x10,uhaul_07f05cbb0d7b4bdfb26540138b020af3,count,2,1
2026-09-05,uhaul,uhaul_948034,948034,10x10,uhaul_fff473f7c4034cc6952466e8aed89530,promo,,Free Lock
2026-09-05,uhaul,uhaul_948034,948034,10x10,uhaul_41cdde0d3aff4cbfa7f999f7a5f07768,promo,,Free Lock
2026-09-05,uhaul,uhaul_948034,948034,5x5,uhaul_f73a22b2349f490f9a5eafb097923c70,count,5,4
2026-09-05,uhaul,uhaul_948034,948034,5x7,uhaul_0e95a6e1da8e41e0bd5971d2f0234091,count,2,3
2026-09-05,uhaul,uhaul_948051,948051,5x5,uhaul_c1c60ecb31194c23879665a079d3c0eb,promo,,Free Lock
2026-09-05,uhaul,uhaul_948051,948051,10x10,uhaul_8be5426886174c85b1164ddee467ae83,count,3,2
2026-09-05,uhaul,uhaul_948051,948051,10x15,uhaul_c15d3b8d0527418095da85826def2d4a,count,2,3
2026-09-05,uhaul,uhaul_948065,948065,8x12,uhaul_0f433c7e35344b689f4d7467a9fbf484,count,1,2
2026-09-05,uhaul,uhaul_948072,948072,5x10,uhaul_51bd3c639bbc4a91a6f8b9c817078a56,count,9,7
2026-09-05,uhaul,uhaul_948072,948072,10x10,uhaul_8dc9f08ccf6f4835b112ad56eaadbb08,count,7,6
2026-09-05,uhaul,uhaul_948072,948072,10x10,uhaul_c7c62c1326c64c42aeea499bb70b7e96,count,39,38
2026-09-05,uhaul,uhaul_948072,948072,10x15,uhaul_426ba9d2c94740a2a063b0a50e590163,count,24,23
2026-09-05,uhaul,uhaul_948080,948080,5x5,uhaul_8733b30aa1f14632a5e5b5587e8ff4f4,count,4,3
2026-09-05,uhaul,uhaul_949029,949029,5x5,uhaul_eb372139344f42d2b0f998e251369106,count,8,7
2026-09-05,uhaul,uhaul_949029,949029,5x10,uhaul_2c8a5dbbf68a423daee2b4072b06e0d6,count,2,3
2026-09-05,uhaul,uhaul_949029,949029,5x10,uhaul_64df105ac6bb493aac3c5fdbd8a77b08,count,1,2
2026-09-05,uhaul,uhaul_949029,949029,5x5,uhaul_bddcbd09431d45c9b073efee583ac7d4,count,6,5
2026-09-05,uhaul,uhaul_949042,949042,5x5,uhaul_b1d08e9db4b24169a9f6d189c8cfba9e,count,8,9
2026-09-05,uhaul,uhaul_949061,949061,5x5,uhaul_90484e3bebab41a786dc6d0c635ec134,promo,Free Lock,
2026-09-05,uhaul,uhaul_949061,949061,5x10,uhaul_6c74e943241743618967891174ac4d19,count,2,1
2026-09-05,uhaul,uhaul_949072,949072,5x5,uhaul_e4635b92a0c646918c811838f2568139,promo,Free Lock,
2026-09-05,uhaul,uhaul_949072,949072,5x5,uhaul_e4635b92a0c646918c811838f2568139,count,2,1
2026-09-05,uhaul,uhaul_949072,949072,5x7,uhaul_0230497bf33c4492ab0679dacf0d0780,count,57,58
2026-09-05,uhaul,uhaul_951045,951045,5x10,uhaul_cbde1456bcd24311a1a1feda42da5a93,count,9,10
2026-09-05,uhaul,uhaul_951045,951045,5x10,uhaul_c50aeb648ff1458a8b87c0dc3f14cfa6,count,24,26
2026-09-05,uhaul,uhaul_951045,951045,10x10,uhaul_4e4bc59a51ac4953b50ab062fcb49e6d,count,13,10
2026-09-05,uhaul,uhaul_951045,951045,10x15,uhaul_42f33ed7e7784b6183ad48c94c73567b,count,3,2
2026-09-05,uhaul,uhaul_951059,951059,5x10,uhaul_9f89c89723364cd5a592e590536e83bf,count,4,7
2026-09-05,uhaul,uhaul_951059,951059,10x15,uhaul_3e5a2396c6944bc18c7cbed0fa124a36,promo,Free Lock,
2026-09-05,uhaul,uhaul_951075,951075,10x20,uhaul_68d34bb2227c4f60914bb82112687d7a,count,7,6
2026-09-05,uhaul,uhaul_951079,951079,10x10,uhaul_44d201dd383840969ce9915228601500,count,41,42
2026-09-05,uhaul,uhaul_951080,951080,5x10,uhaul_18235fae7d474a8098ea47e9792466c0,count,18,19
2026-09-05,uhaul,uhaul_951080,951080,10x10,uhaul_5d710991e0a74bc7833d7012405719ed,promo,,Free Lock
2026-09-05,uhaul,uhaul_951080,951080,10x10,uhaul_5d710991e0a74bc7833d7012405719ed,count,5,4
2026-09-05,uhaul,uhaul_951080,951080,10x10,uhaul_57acc4da750c40a98cbe214962322728,count,2,1
2026-09-05,uhaul,uhaul_952028,952028,5x5,uhaul_fd6d10ff30964608aa8b6cae4fbda349,count,31,29
2026-09-05,uhaul,uhaul_952031,952031,5x5,uhaul_c827dd3523ec47089a6eeb06e17cc3b0,count,2,3
2026-09-05,uhaul,uhaul_952031,952031,5x10,uhaul_a802f01e2f3d4144887e64c955006912,count,3,2
2026-09-05,uhaul,uhaul_952073,952073,5x5,uhaul_f9cd09009bfe4a6aab90f870c00f39a7,count,3,4
2026-09-05,uhaul,uhaul_952073,952073,5x7,uhaul_2b05af157482448bafa3ea47230e2b06,count,3,2
2026-09-05,uhaul,uhaul_952073,952073,5x7,uhaul_79643d682a384f40af8a10c374d290bb,count,4,3
2026-09-05,uhaul,uhaul_952073,952073,10x5,uhaul_95514e340276438bbcca5e59067a55e5,count,1,2
2026-09-05,uhaul,uhaul_952073,952073,10x7,uhaul_f08605e41beb409590d2da564044963c,count,1,2
2026-09-05,uhaul,uhaul_952073,952073,10x7,uhaul_84f47af6781140aa9e097a0f522f8944,count,5,4
2026-09-05,uhaul,uhaul_952077,952077,5x10,uhaul_4672bd3ae9c34093bc76e9d0f1c361a1,count,36,37
2026-09-05,uhaul,uhaul_952081,952081,10x10,uhaul_aadfb47111bd45f0b87b73379ca00966,count,24,26
2026-09-05,uhaul,uhaul_952084,952084,4x4,uhaul_cd7b4caaef344b038f90d3fac19314af,count,2,3
2026-09-05,uhaul,uhaul_953055,953055,5x5,uhaul_da92268bbe7946ecabef36d9ecb3492b,count,17,16
2026-09-05,uhaul,uhaul_953055,953055,5x10,uhaul_f759555d4ff34404ac94e2a85ba36a08,count,19,18
2026-09-05,uhaul,uhaul_953055,953055,10x10,uhaul_ec15e4eaf4f34af68676d82bf64a3f88,promo,Free Lock,
2026-09-05,uhaul,uhaul_953055,953055,10x10,uhaul_cd78ccd1379245149ee11caa7acc193c,count,2,1
2026-09-05,uhaul,uhaul_953058,953058,10x10,uhaul_06df1f978f67494a8dc5f80c121c5850,count,6,7
2026-09-05,uhaul,uhaul_953071,953071,5x10,uhaul_2172264ed1f44ce197201e8c75bc2508,count,27,28
2026-09-05,uhaul,uhaul_953071,953071,5x10,uhaul_311a0d3781044c128c5d697134a11149,count,13,12
2026-09-05,uhaul,uhaul_953071,953071,5x10,uhaul_928cee28b2044befb8d69966ba19fe1b,count,19,20
2026-09-05,uhaul,uhaul_953071,953071,10x10,uhaul_6fbaff3543634b55aff633739ad2a3d6,count,18,19
2026-09-05,uhaul,uhaul_953071,953071,10x15,uhaul_afbafca4129a434f85406b238f2f1720,count,6,4
2026-09-05,uhaul,uhaul_953078,953078,5x10,uhaul_9c4d5b9130674d209a600e7744a04277,count,15,14
2026-09-05,uhaul,uhaul_953078,953078,10x10,uhaul_fe3c2c5f0d9747738e597ae73638d64f,count,7,10
2026-09-05,uhaul,uhaul_953079,953079,5x10,uhaul_32706dd058354610ac0124e2a3d24f5b,count,15,13
2026-09-05,uhaul,uhaul_953079,953079,10x10,uhaul_5fbe1ec254704f4f968a6496b7373f7d,count,40,42
2026-09-05,uhaul,uhaul_953079,953079,10x15,uhaul_a23346c7946347b88dbd1aba9f0de933,count,3,4
2026-09-05,uhaul,uhaul_953079,953079,10x15,uhaul_4f0d326fedac498f9d5fcd1768c3a6c1,count,9,6
2026-09-05,uhaul,uhaul_954026,954026,5x10,uhaul_71f7c3fae99a4d12bae0721d1dd6381e,count,2,1
2026-09-05,uhaul,uhaul_954026,954026,10x15,uhaul_c1a01c82d7384ad5967346f7612ff988,count,2,3
2026-09-05,uhaul,uhaul_954028,954028,5x5,uhaul_8e8d458f6fd24989a88fa5b10f1a5b14,count,2,1
2026-09-05,uhaul,uhaul_954038,954038,10x20,uhaul_8fe5afbef0d547bf9058c3732b13a692,count,2,3
2026-09-05,uhaul,uhaul_954038,954038,10x10,uhaul_8d920981a9c14ff2b75054894c6974ed,count,4,5
2026-09-05,uhaul,uhaul_954052,954052,5x10,uhaul_af745d4a2b9f498d8a90160779ce7c6c,count,15,13
2026-09-05,uhaul,uhaul_954052,954052,10x10,uhaul_38fcb24486534bbfa4d9477d27985fea,count,5,4
2026-09-05,uhaul,uhaul_954052,954052,10x15,uhaul_52c1ff58b2614cfd88d9617378a8e2d6,count,7,6
2026-09-05,uhaul,uhaul_954063,954063,5x10,uhaul_fe6908c9d04c4b238b037242c21fcf9f,count,5,3
2026-09-05,uhaul,uhaul_954071,954071,5x5,uhaul_218a1dcf15fb4255854c1b45acd45da3,count,12,11
2026-09-05,uhaul,uhaul_954071,954071,5x5,uhaul_b43874249a8840b6b36ae3a30a8e50ef,count,7,6
2026-09-05,uhaul,uhaul_954071,954071,8x10,uhaul_e3cf649b312f4133a6d53252f51b049e,count,2,1
2026-09-05,uhaul,uhaul_954071,954071,10x15,uhaul_95a2635c69e243a9a6d26a7a46a4a61a,count,1,2
2026-09-05,uhaul,uhaul_954071,954071,5x5,uhaul_9d2a495f5a514d239c33f5c4355866b2,count,32,31
2026-09-05,uhaul,uhaul_955045,955045,10x20,uhaul_f9bc2b2b2bcd4a4d8a506910fe26e012,promo,Free Lock,
2026-09-05,uhaul,uhaul_955045,955045,10x20,uhaul_f9bc2b2b2bcd4a4d8a506910fe26e012,count,3,2
2026-09-05,uhaul,uhaul_955071,955071,5x5,uhaul_efd377b7a0b24cc4b0772f0efbda821a,count,3,4
2026-09-05,uhaul,uhaul_955071,955071,5x10,uhaul_eb8f036cdb864224a1cbfe1dee2a46ad,count,7,8
2026-09-05,uhaul,uhaul_955071,955071,10x10,uhaul_0bb3762b585e4610afffeecc7e0e5815,count,11,10
2026-09-05,uhaul,uhaul_955071,955071,7.3x23.5,uhaul_3746eedd297d49a19c262d2284d87b0e,count,63,64
2026-09-05,uhaul,uhaul_956028,956028,5x5,uhaul_20a8667200f648a1b679a3da5d4fb9b9,count,8,7
2026-09-05,uhaul,uhaul_956028,956028,5x5,uhaul_fdab9e20713a47db95bc97df927e6953,count,5,6
2026-09-05,uhaul,uhaul_956028,956028,5x10,uhaul_b15a3eedbcb141868c31299b1b531e31,count,12,11
2026-09-05,uhaul,uhaul_956028,956028,5x10,uhaul_48665db9e0b54bcc905908141e5a22a5,count,14,13
2026-09-05,uhaul,uhaul_956028,956028,10x10,uhaul_4fae7e1c35a74d928087e080871bdf36,count,7,8
2026-09-05,uhaul,uhaul_956028,956028,10x20,uhaul_dae1eca8e77e433398107afdfeebf0db,count,1,2
2026-09-05,uhaul,uhaul_956038,956038,5x10,uhaul_57a17a948e0545359274e26072251fd0,count,5,3
2026-09-05,uhaul,uhaul_956050,956050,10x12,uhaul_3d37e32d949841cebe44daf87bbd079b,count,6,7
2026-09-05,uhaul,uhaul_956053,956053,5x10,uhaul_0eb3b5b983504f449bdbb8d5b7a13cf0,count,4,3
2026-09-05,uhaul,uhaul_956053,956053,10x10,uhaul_79efd8c178a04d17988208adc711f6bf,count,7,8
2026-09-05,uhaul,uhaul_956056,956056,10x10,uhaul_5738d6c2da594d37850aa41223f1cd1a,promo,Free Lock,
2026-09-05,uhaul,uhaul_956056,956056,10x10,uhaul_a7ad95370e564f17bd8f1cb96b2c61e7,count,10,9
2026-09-05,uhaul,uhaul_956057,956057,10x15,uhaul_620952a3bfc4489d8fa07e06ee677fa1,count,4,2
2026-09-05,uhaul,uhaul_956057,956057,4x8,uhaul_18480dbbd17c4f24ba41cb9f5c594ef4,count,6,5
2026-09-05,uhaul,uhaul_956071,956071,10x7.5,uhaul_ba64a1c3f3dd40f6a7887bbc0833c74a,count,22,21
2026-09-05,uhaul,uhaul_956071,956071,10x10,uhaul_1150cf651b7644428d1bef8b8bf2c591,promo,,Free Lock
2026-09-05,uhaul,uhaul_956071,956071,10x10,uhaul_1150cf651b7644428d1bef8b8bf2c591,count,1,3
2026-09-05,uhaul,uhaul_956082,956082,10x20,uhaul_bcaf32b25fa942afbf15b3325beadb12,count,7,5
2026-09-05,uhaul,uhaul_957031,957031,10x10,uhaul_304ba9dd38c24fcf8719a1b26774722d,count,4,5
2026-09-05,uhaul,uhaul_957031,957031,10x15,uhaul_69b2a4c8807e454391e6ab889dad88fc,count,2,3
2026-09-05,uhaul,uhaul_957031,957031,10x20,uhaul_443f2e45b55842df8469db61fd5d19ae,promo,Free Lock,
2026-09-05,uhaul,uhaul_957033,957033,10x10,uhaul_c030900acdd54d909f4d2e243dde231c,count,15,14
2026-09-05,uhaul,uhaul_957034,957034,5x10,uhaul_992088c8242f410eaa7eeee5dda7617d,count,17,16
2026-09-05,uhaul,uhaul_957035,957035,10x10,uhaul_6d41e107133346c5ace2cf04e1bafd79,count,13,12
2026-09-05,uhaul,uhaul_957035,957035,10x30,uhaul_61748e52faee4a9eab50c1bf719561be,count,4,5
2026-09-05,uhaul,uhaul_957038,957038,10x5,uhaul_fed3f9ce561d41f49341a434349c66d8,promo,,Free Lock
2026-09-05,uhaul,uhaul_957066,957066,5x10,uhaul_6e3c07f5406e4b819fe7a7472145d26f,count,5,6
2026-09-05,uhaul,uhaul_957067,957067,5x10,uhaul_373bdd68562a43d094d3c6204bbdea2a,count,11,12
2026-09-05,uhaul,uhaul_957071,957071,10x10,uhaul_bbacce23e15a42edb90b4aec7cdb35f4,count,16,17
2026-09-05,uhaul,uhaul_957072,957072,10x5,uhaul_2d454d13d70f4a53a87bba57fa6ce6ab,count,2,3
2026-09-05,uhaul,uhaul_957072,957072,10x10,uhaul_4c743e62df8841c99818934f31d23745,count,1,2
2026-09-05,uhaul,uhaul_957072,957072,10x10,uhaul_d1821b93d8144910b404ac786da6708f,count,16,15
2026-09-05,uhaul,uhaul_958025,958025,5x10,uhaul_b133fb58a40040a98ca4de8b84f2ec9d,promo,,Free Lock
2026-09-05,uhaul,uhaul_958025,958025,5x10,uhaul_b133fb58a40040a98ca4de8b84f2ec9d,count,2,3
2026-09-05,uhaul,uhaul_958032,958032,4x7,uhaul_8e2d27c4577541708ccaef6f408ee92d,count,4,3
2026-09-05,uhaul,uhaul_958073,958073,5x10,uhaul_19e299aecae0447db0e4bb4277cbd1bd,count,55,58
2026-09-05,uhaul,uhaul_958073,958073,10x10,uhaul_430fd73549a84769b04474938c1fc675,count,27,26
2026-09-05,uhaul,uhaul_958073,958073,10x15,uhaul_a3db6201c1b14947bcc51c790e92b6e0,count,19,18
2026-09-05,uhaul,uhaul_958074,958074,10x5,uhaul_e22c7fb04f9e46fb8cd1c5b6e063a5d5,count,1,2
2026-09-05,uhaul,uhaul_959026,959026,5x5,uhaul_f666fec5c08949fcb9915b42a73d5e0e,count,18,19
2026-09-05,uhaul,uhaul_959026,959026,5x10,uhaul_f8a56dcd62714ebcaaf1a573e164adc8,count,2,1
2026-09-05,uhaul,uhaul_959081,959081,8x10,uhaul_83549ebe480c41569c239118ae810d55,count,4,5
2026-09-05,uhaul,uhaul_959082,959082,10x10,uhaul_ac2203cbc1624cdd9fa78d35c9ce62b6,count,3,2
2026-09-05,uhaul,uhaul_959083,959083,5x7,uhaul_c18399de1e62476484ca4311b0550fba,count,2,4
2026-09-05,uhaul,uhaul_959083,959083,5x14,uhaul_386537773f1c43d5bdc3719136ea259b,count,2,1
2026-09-05,uhaul,uhaul_961067,961067,5x5,uhaul_30492701df214150a52fef35cb144d9c,count,13,12
2026-09-05,uhaul,uhaul_961067,961067,5x5,uhaul_b21743c6843e4ce28351544abe085728,count,18,19
2026-09-05,uhaul,uhaul_961067,961067,10x10,uhaul_c6cb9deeca0a4fe0be9433aec586b383,count,25,26
2026-09-05,uhaul,uhaul_961067,961067,5x10,uhaul_7c24c69a027d454c98b52bccbf8646c9,count,8,9
2026-09-05,uhaul,uhaul_961067,961067,10x10,uhaul_1d8c8c4884f3476a89742af9b82849fc,count,9,8
2026-09-05,uhaul,uhaul_961071,961071,5x5,uhaul_f39406f0ea104e549ade40cf8bc8f88e,count,1,2
2026-09-05,uhaul,uhaul_961071,961071,5x10,uhaul_d52acd98959f43458b002c7a7df865a1,count,3,2
2026-09-05,uhaul,uhaul_961071,961071,5x10,uhaul_a5b8616636c34418ba5503ff88b69edc,count,9,10
2026-09-05,uhaul,uhaul_961071,961071,10x10,uhaul_fc03c95c65c34c97ab56690d48a0efd4,count,4,3
2026-09-05,uhaul,uhaul_961071,961071,10x10,uhaul_c97cf10cb90a40b1b15fd16a38935c16,count,3,4
2026-09-05,uhaul,uhaul_961071,961071,10x10,uhaul_e86ea8702b184020b0119ab9d0a8be88,count,6,5
2026-09-05,uhaul,uhaul_961072,961072,10x10,uhaul_77670241c3884b87a71bd3e5ff950855,count,18,17
2026-09-05,uhaul,uhaul_961073,961073,10x15,uhaul_2d38639d64e24d61b8ea0a2631bbc760,count,19,18
2026-09-05,uhaul,uhaul_961074,961074,5x7.5,uhaul_b360d667893e4fe2a28e457ee32bd0f8,count,9,10
2026-09-05,uhaul,uhaul_961074,961074,10x15,uhaul_8423413841554276981abbd50eaed0ee,count,8,7
2026-09-05,uhaul,uhaul_961074,961074,10x20,uhaul_4b6f106fabee45bf948b24bf822951b1,count,4,5
2026-09-05,uhaul,uhaul_961076,961076,5x5,uhaul_790e4b09e7e349a78748f2eb8062eeb9,count,2,1
2026-09-05,uhaul,uhaul_961076,961076,5x10,uhaul_c0570ed7b38f44d089a51eb33ec3b2a8,count,6,4
2026-09-05,uhaul,uhaul_961080,961080,5x5,uhaul_43b9b385c1d3434ab2bf7da8be25d366,count,33,32
2026-09-05,uhaul,uhaul_700026,700026,10x15,uhaul_b8137552fca04fa9af291c6c6313322e,listed,True,False
2026-09-05,uhaul,uhaul_700066,700066,5x7,uhaul_765276a122484bc2b1b9ca7c5a9a735a,listed,True,False
2026-09-05,uhaul,uhaul_700066,700066,5x7,uhaul_c1bc18f3d3fd47008e3a7323c28ee9ed,listed,True,False
2026-09-05,uhaul,uhaul_700071,700071,5x9,uhaul_5c0d3c287dd14e299a0406b5ded94475,listed,True,False
2026-09-05,uhaul,uhaul_700076,700076,10x5,uhaul_3356784a782846acbfa3b09b70ae9df0,listed,True,False
2026-09-05,uhaul,uhaul_701031,701031,7x10,uhaul_8c6be7d7b94948169152d08668461339,listed,True,False
2026-09-05,uhaul,uhaul_702029,702029,8x8,uhaul_50730e3afb8e43ccbbddd0cc2d00f83e,listed,True,False
2026-09-05,uhaul,uhaul_702056,702056,5x19,uhaul_06b6a098050d4781819388ea0ee64b4c,listed,True,False
2026-09-05,uhaul,uhaul_702056,702056,8x9,uhaul_6a672696172c4d718c3e4ccda2dd9c51,listed,True,False
2026-09-05,uhaul,uhaul_702079,702079,10x10,uhaul_e2ea7fde00a24f67afd8baf33a5e9d33,listed,True,False
2026-09-05,uhaul,uhaul_703050,703050,4x12,uhaul_049a1e1d9b514dc5b809e683ed2ec8e7,listed,True,False
2026-09-05,uhaul,uhaul_703072,703072,10x5,uhaul_dcfa86ad0e9b425c8c4fd59b8c918e50,listed,True,False
2026-09-05,uhaul,uhaul_703075,703075,8x10,uhaul_b1808a07ffba4837b6d034c0a1b545d8,listed,True,False
2026-09-05,uhaul,uhaul_703078,703078,10x15,uhaul_4b0e56642a3f46dd8ceaf50a88e08d56,listed,True,False
2026-09-05,uhaul,uhaul_703078,703078,10x20,uhaul_4483dfd5cb1849208b8ce57fee7cd239,listed,True,False
2026-09-05,uhaul,uhaul_704075,704075,5x10,uhaul_ec0469ffbb1b4c1884dc14694f966cb5,listed,True,False
2026-09-05,uhaul,uhaul_705029,705029,5x5,uhaul_19dd06cfa57344df8e106695d50505b5,listed,True,False
2026-09-05,uhaul,uhaul_705050,705050,10x10,uhaul_ffccb18648b341a0a0542bb9ff69e7c1,listed,True,False
2026-09-05,uhaul,uhaul_705050,705050,5x5,uhaul_ea9e59a5da734da694dba6256f841f13,listed,True,False
2026-09-05,uhaul,uhaul_705073,705073,10x10,uhaul_f4ee686d13b24d0fb033471cdfa2b055,listed,True,False
2026-09-05,uhaul,uhaul_706046,706046,5x10,uhaul_d40e7fbba35948639a361faf57d6bbfc,listed,True,False
2026-09-05,uhaul,uhaul_706067,706067,5x10,uhaul_8d1571b26457403ab8e99f3afadcf6eb,listed,True,False
2026-09-05,uhaul,uhaul_706073,706073,10x10,uhaul_dc4a7e81c02749338a5dfb430ee19607,listed,True,False
2026-09-05,uhaul,uhaul_706073,706073,10x10,uhaul_8637bc5c422448e497737896d9a4f5ca,listed,True,False
2026-09-05,uhaul,uhaul_706073,706073,10x20,uhaul_b1dc8bb99636423aaafb8c700b9aa472,listed,True,False
2026-09-05,uhaul,uhaul_706076,706076,10x20,uhaul_d325b3a2b312429cb74c5de1eecde270,listed,True,False
2026-09-05,uhaul,uhaul_708021,708021,10x5,uhaul_18e2508639bf41639f5967c688627e6a,listed,True,False
2026-09-05,uhaul,uhaul_708066,708066,8x8,uhaul_4731c3c7f1224bad9ae7a47ad0a2f4cb,listed,True,False
2026-09-05,uhaul,uhaul_708066,708066,4x12,uhaul_37f3eca5858c4074a0f855a6fd9d5549,listed,True,False
2026-09-05,uhaul,uhaul_708066,708066,8x12,uhaul_13cc1e5bb1594402a2b34a84ccbafff2,listed,True,False
2026-09-05,uhaul,uhaul_708066,708066,8x10,uhaul_8cdf44d616474d7bb7ef5fd048a1af4c,listed,True,False
2026-09-05,uhaul,uhaul_708078,708078,5x10,uhaul_e60a69a923da42a59f99985fb997e997,listed,True,False
2026-09-05,uhaul,uhaul_709059,709059,10x10,uhaul_c87c10cea20b42719cef3dfdf1dfa35d,listed,True,False
2026-09-05,uhaul,uhaul_710072,710072,10x8,uhaul_110d7ff251a8499ab5a98db708d33d05,listed,True,False
2026-09-05,uhaul,uhaul_710078,710078,10x10,uhaul_c1afe5bdff5542b88ac74850b00604c5,listed,True,False
2026-09-05,uhaul,uhaul_711064,711064,5x5,uhaul_59cda9301aeb4b1395ecd72cf3c3ea64,listed,True,False
2026-09-05,uhaul,uhaul_711072,711072,10x15,uhaul_18ab5ac1bc674db4aa8ad6b387d19df7,listed,True,False
2026-09-05,uhaul,uhaul_711080,711080,6x6,uhaul_1ae4e5a78e3f42efb1bc01eae7fa5e41,listed,True,False
2026-09-05,uhaul,uhaul_712027,712027,5x5,uhaul_526aca4a211c416eb3e38f9fa1ac0466,listed,True,False
2026-09-05,uhaul,uhaul_712030,712030,8x14,uhaul_b9f3dde2437045abb3850ae5f3353a53,listed,True,False
2026-09-05,uhaul,uhaul_712032,712032,4x10,uhaul_ee4f564f40874f6ca3cd4e5a7a32f547,listed,True,False
2026-09-05,uhaul,uhaul_712034,712034,10x12,uhaul_742a8c2a2ce14a3aae7b53bf5f99c943,listed,True,False
2026-09-05,uhaul,uhaul_713025,713025,7x10,uhaul_00daa3546b0d4c8e9640b4d1f568900a,listed,True,False
2026-09-05,uhaul,uhaul_713059,713059,10x10,uhaul_7c323720a58348e9a00c881317a28b0d,listed,True,False
2026-09-05,uhaul,uhaul_714042,714042,5x5,uhaul_d52092b0c2d347c58aab3868edf1f7c7,listed,True,False
2026-09-05,uhaul,uhaul_714046,714046,5x5,uhaul_fb9ea5debf1e49e39b080706d4088a78,listed,True,False
2026-09-05,uhaul,uhaul_714058,714058,7x11.3,uhaul_7c28b612c21e4b43a59f0afd0bc818b1,listed,True,False
2026-09-05,uhaul,uhaul_714062,714062,10x10,uhaul_1b790b0ad42143da8b9812cfb906a4f6,listed,True,False
2026-09-05,uhaul,uhaul_714071,714071,10x10,uhaul_7fba0439addf4accac73469106541e9f,listed,True,False
2026-09-05,uhaul,uhaul_715075,715075,7x23.5,uhaul_1aee887c51e545dab3888cdedbef1d28,listed,True,False
2026-09-05,uhaul,uhaul_715084,715084,6.5x3,uhaul_cbe166cfd90f4c2f82d14ab039931fe0,listed,True,False
2026-09-05,uhaul,uhaul_715084,715084,4x6,uhaul_aa4fb0714f154fd497a893878f3c1685,listed,True,False
2026-09-05,uhaul,uhaul_716024,716024,8x14,uhaul_cf0545dca03a422c84384483207407e4,listed,True,False
2026-09-05,uhaul,uhaul_716024,716024,5x5,uhaul_2bc65acaebd5481887000c3c850db57a,listed,True,False
2026-09-05,uhaul,uhaul_717027,717027,8x10,uhaul_7016db1ab84e4c2db760ac26a0ad5746,listed,True,False
2026-09-05,uhaul,uhaul_717028,717028,10x10,uhaul_132a4a1854c6473899804e1cac948b1e,listed,True,False
2026-09-05,uhaul,uhaul_717037,717037,5x10,uhaul_078b6e7e422145b5b4788f8aec2e19d3,listed,True,False
2026-09-05,uhaul,uhaul_717037,717037,7.5x10,uhaul_cf053055c5144bf1a580d0dc9f5638b5,listed,True,False
2026-09-05,uhaul,uhaul_717050,717050,5x4,uhaul_83d935f287d54d6db018283aa1e2fada,listed,True,False
2026-09-05,uhaul,uhaul_718051,718051,5x10,uhaul_0d6b8d556bc64efdb4a78a56fcb5880a,listed,True,False
2026-09-05,uhaul,uhaul_718053,718053,5x5,uhaul_c9af10adb78f45e1a434b4443a25a792,listed,True,False
2026-09-05,uhaul,uhaul_718055,718055,5x8,uhaul_bfd1fc35da21458a9670b838334e2578,listed,True,False
2026-09-05,uhaul,uhaul_718072,718072,10x20,uhaul_9942987a20ae43e582f7c59c9f147f1e,listed,True,False
2026-09-05,uhaul,uhaul_718074,718074,10x10,uhaul_dc59574216924450b5bd016b008006e6,listed,True,False
2026-09-05,uhaul,uhaul_718075,718075,10x24,uhaul_5f95666fadab4e41bc2b254d21c61991,listed,True,False
2026-09-05,uhaul,uhaul_718081,718081,5x5,uhaul_46135d20ff294b148d4a3653d497f120,listed,True,False
2026-09-05,uhaul,uhaul_719022,719022,5x5,uhaul_1ad50d18ea374a2387f86adc23540ff7,listed,True,False
2026-09-05,uhaul,uhaul_719054,719054,10x10,uhaul_73696cf0c3f94956841d215af785f463,listed,True,False
2026-09-05,uhaul,uhaul_719054,719054,10x10,uhaul_b18d0a1478d04fb7a2bdf3960da90261,listed,True,False
2026-09-05,uhaul,uhaul_719071,719071,10x15,uhaul_b13e013a3b864c21aee87cb60631854b,listed,True,False
2026-09-05,uhaul,uhaul_719074,719074,10x30,uhaul_dc5bd8cc48aa4676b42f5d54fb122b7f,listed,True,False
2026-09-05,uhaul,uhaul_720073,720073,5x7,uhaul_92f9706235604c6da43630abfca1c57e,listed,True,False
2026-09-05,uhaul,uhaul_721058,721058,5x10,uhaul_5acf3486a8aa492d97c328a8edcce939,listed,True,False
2026-09-05,uhaul,uhaul_721064,721064,5x6,uhaul_a65872cd6c904d74b8cf72d174b174ea,listed,True,False
2026-09-05,uhaul,uhaul_721084,721084,5x10,uhaul_2dfa5e624b404b6eb917082cf188bc27,listed,True,False
2026-09-05,uhaul,uhaul_723076,723076,5x5,uhaul_8b23f02e538640e6bc76e5f32a0698f2,listed,True,False
2026-09-05,uhaul,uhaul_724075,724075,5x10,uhaul_6441d04df5fa4daaa19c7e7a535aa7d6,listed,True,False
2026-09-05,uhaul,uhaul_724075,724075,10x10,uhaul_21d440cf438047ff9d2e624e0f8d6589,listed,True,False
2026-09-05,uhaul,uhaul_724079,724079,6x8,uhaul_c95bda5d732447f98e5f1d55ec555415,listed,True,False
2026-09-05,uhaul,uhaul_724079,724079,10x10,uhaul_fd8133457b054346afa5c1ac18f6c0a4,listed,True,False
2026-09-05,uhaul,uhaul_725030,725030,5x10,uhaul_5744f134cadc4b909dc21aa69aa353ab,listed,True,False
2026-09-05,uhaul,uhaul_725030,725030,10x10,uhaul_62ce7259b2b14439955d72486ec09340,listed,True,False
2026-09-05,uhaul,uhaul_725041,725041,5x4,uhaul_c4b9584ae8b448bdae47b51c7a551c48,listed,True,False
2026-09-05,uhaul,uhaul_725041,725041,10x10,uhaul_96e2d855a1764f53bbcc8de166f85afd,listed,True,False
2026-09-05,uhaul,uhaul_725041,725041,10x15,uhaul_bedbf808134b4560bce2a604edf3c77c,listed,True,False
2026-09-05,uhaul,uhaul_725041,725041,10x20,uhaul_e81f674d781446e8a2a252b86a244ac9,listed,True,False
2026-09-05,uhaul,uhaul_725049,725049,8x10,uhaul_d6f0c05f8098461c9ae5487b1b33aee8,listed,True,False
2026-09-05,uhaul,uhaul_725049,725049,10x10,uhaul_db059495741b4d41bb0cb663a2ce906c,listed,True,False
2026-09-05,uhaul,uhaul_725065,725065,6x10,uhaul_c4cbb4e4df764c9386a03dff004940cd,listed,True,False
2026-09-05,uhaul,uhaul_725069,725069,4x4,uhaul_92ec2be889904185ad009ff1aad1d7c5,listed,True,False
2026-09-05,uhaul,uhaul_725072,725072,5x10,uhaul_604ab4bf83e74ae8b15658b571b18528,listed,True,False
2026-09-05,uhaul,uhaul_726050,726050,5x10,uhaul_a6d491bd384441d0a3923b416f9311e7,listed,True,False
2026-09-05,uhaul,uhaul_726065,726065,5x10,uhaul_c76e12bc5abe413ea9dec200b0325b61,listed,True,False
2026-09-05,uhaul,uhaul_726072,726072,10x15,uhaul_8b335324de704dcab75e2e2b6830f83e,listed,True,False
2026-09-05,uhaul,uhaul_726074,726074,10x5,uhaul_49e994263e0841c48e9d01a67ede1898,listed,True,False
2026-09-05,uhaul,uhaul_726075,726075,10x10,uhaul_09c7efcc8dcd4cc5871e4b19f3c18734,listed,True,False
2026-09-05,uhaul,uhaul_726082,726082,5x5,uhaul_3f36d006150a4e4bac34f271375c2fca,listed,True,False
2026-09-05,uhaul,uhaul_726082,726082,5x10,uhaul_f70f28e883884ff4984f45ebf0a09878,listed,True,False
2026-09-05,uhaul,uhaul_729071,729071,10x10,uhaul_d632188b982c46979bf86459e317d925,listed,True,False
2026-09-05,uhaul,uhaul_729072,729072,5x8,uhaul_282491603c854f759e958c40892f75e5,listed,True,False
2026-09-05,uhaul,uhaul_729073,729073,8x8,uhaul_0e6aaf58ce8441b7b00df283603ad75f,listed,True,False
2026-09-05,uhaul,uhaul_729084,729084,5x5,uhaul_0802720503284101bd5d4929367aaa32,listed,True,False
2026-09-05,uhaul,uhaul_729084,729084,10x9,uhaul_f709aa6937ab4cb39fcc7b46b5695e5a,listed,True,False
2026-09-05,uhaul,uhaul_731066,731066,5x5,uhaul_a1ff66cd86844e46acab53df1b6b118b,listed,True,False
2026-09-05,uhaul,uhaul_732025,732025,10x10,uhaul_266fd97fbd474543b848e12d224fe91c,listed,True,False
2026-09-05,uhaul,uhaul_732034,732034,10x10,uhaul_fcbdb57858d541d1b08ac080f5c183ef,listed,True,False
2026-09-05,uhaul,uhaul_732035,732035,10x15,uhaul_92a6fded61e3470192b058a8889365c2,listed,True,False
2026-09-05,uhaul,uhaul_732052,732052,5x5,uhaul_04d98327d407497f90c165e59833cbcc,listed,True,False
2026-09-05,uhaul,uhaul_732052,732052,4x5,uhaul_4a123ebaa7bb43ae89c6d974a611f591,listed,True,False
2026-09-05,uhaul,uhaul_734052,734052,4x4,uhaul_67bc53c8547f4c77a90228bbb8749883,listed,True,False
2026-09-05,uhaul,uhaul_734052,734052,5x8,uhaul_ddde92dd89e64585aacc2f95f602a32c,listed,True,False
2026-09-05,uhaul,uhaul_734052,734052,8x10,uhaul_9c348bbd93324404813d709f0f26fde8,listed,True,False
2026-09-05,uhaul,uhaul_734071,734071,10x10,uhaul_ae9fcb62b835408a85afd69bb414540f,listed,True,False
2026-09-05,uhaul,uhaul_734071,734071,11x10,uhaul_4c05e08893a5451495f0a7f1022f8e42,listed,True,False
2026-09-05,uhaul,uhaul_734072,734072,7.3x23.5,uhaul_96f1365fc9b24ecc83d828387530a7df,listed,True,False
2026-09-05,uhaul,uhaul_734078,734078,5x10,uhaul_7e3417c3903b4b7eb4a58480518d9acf,listed,True,False
2026-09-05,uhaul,uhaul_734078,734078,6x6,uhaul_b0689839e3a641df9bc03bb77a9909a9,listed,True,False
2026-09-05,uhaul,uhaul_735062,735062,5x7,uhaul_f3539da66413430c828eeb53308bc615,listed,True,False
2026-09-05,uhaul,uhaul_735072,735072,5x9,uhaul_1367f8e956e244d594b8f214430c1888,listed,True,False
2026-09-05,uhaul,uhaul_735084,735084,9x31,uhaul_af5b446b12294b28bb2f864c3f4525fe,listed,True,False
2026-09-05,uhaul,uhaul_736050,736050,5x5,uhaul_d2a9cf411c4148d1aa7e52ccd25011d7,listed,True,False
2026-09-05,uhaul,uhaul_736050,736050,5x10,uhaul_2517abda2bdc4c638841494d5fd7b60e,listed,True,False
2026-09-05,uhaul,uhaul_736055,736055,5x10,uhaul_5a4ff31b0a83456f83ef1e1e64789d2a,listed,True,False
2026-09-05,uhaul,uhaul_736055,736055,8x8,uhaul_c672381fec9142e0ac264b3a32b77d23,listed,True,False
2026-09-05,uhaul,uhaul_736055,736055,5x23,uhaul_3fdf0780a9d04362908e1a01512af0b4,listed,True,False
2026-09-05,uhaul,uhaul_736060,736060,10x15,uhaul_72585af32741416c80cea977a4d6f274,listed,True,False
2026-09-05,uhaul,uhaul_736060,736060,10x20,uhaul_66d91f3db49f4ea6bda0bd5de3f330dd,listed,True,False
2026-09-05,uhaul,uhaul_736075,736075,10x20,uhaul_a39d946549a8455b8dea83c666df0b92,listed,True,False
2026-09-05,uhaul,uhaul_736079,736079,10x20,uhaul_f2d184be5d6049a6ad419952a4fd0fb9,listed,True,False
2026-09-05,uhaul,uhaul_737023,737023,8x10,uhaul_f4fe79b0b07e49c6a5ac36600bfa5f5e,listed,True,False
2026-09-05,uhaul,uhaul_737071,737071,10x10,uhaul_6483a4562670493990bc2d773ff48692,listed,True,False
2026-09-05,uhaul,uhaul_737072,737072,10x10,uhaul_9348833d4c0b419b8c666dadb910b421,listed,True,False
2026-09-05,uhaul,uhaul_737074,737074,10x10,uhaul_301ed6f3abae40cf873de114ca7d5520,listed,True,False
2026-09-05,uhaul,uhaul_738052,738052,7.3x23.5,uhaul_23b0ecb901ee47b49be7240cb6e2f850,listed,True,False
2026-09-05,uhaul,uhaul_738057,738057,12x20,uhaul_4562f97ddb264665b6869644f1542369,listed,True,False
2026-09-05,uhaul,uhaul_738072,738072,10x10,uhaul_066e8c9cc69645f1b9a3020622b4fa99,listed,True,False
2026-09-05,uhaul,uhaul_739026,739026,5x15,uhaul_5b68b3a972644ee6935cd34d230f1e6e,listed,True,False
2026-09-05,uhaul,uhaul_739026,739026,10x20,uhaul_ce83147ed0124211a146bf98cd17e01d,listed,True,False
2026-09-05,uhaul,uhaul_739029,739029,5x10,uhaul_6f64c932fb534a8d8ca66e6bc5a6a0d7,listed,True,False
2026-09-05,uhaul,uhaul_740055,740055,6x10,uhaul_99153c083d164eb4916e30f61d893b20,listed,True,False
2026-09-05,uhaul,uhaul_740065,740065,8x8,uhaul_67205a8b2c114857aa87a8a9dc21f22d,listed,True,False
2026-09-05,uhaul,uhaul_740071,740071,10x30,uhaul_2f073287542c4dc78d41bba42d9b6e1d,listed,True,False
2026-09-05,uhaul,uhaul_740073,740073,10x20,uhaul_3630175c011f4b378e88bcb7c4dd5f1d,listed,True,False
2026-09-05,uhaul,uhaul_741052,741052,10x10,uhaul_c1f1055e22ca4f49b815d55216185d67,listed,True,False
2026-09-05,uhaul,uhaul_741081,741081,5x10,uhaul_7b3fba820b724e998b93a6623c30f636,listed,True,False
2026-09-05,uhaul,uhaul_742053,742053,10x15,uhaul_58bbc56e0efd4df28c0cdd3c05bd6fe1,listed,True,False
2026-09-05,uhaul,uhaul_742057,742057,4x5,uhaul_c59f2f4e93c5458aa66e13ba57de7328,listed,True,False
2026-09-05,uhaul,uhaul_742059,742059,10x20,uhaul_48db541809e54caab475010301ba02d3,listed,True,False
2026-09-05,uhaul,uhaul_742071,742071,5x5,uhaul_c6badd1ae6c34b43b463b98bf42a94c0,listed,True,False
2026-09-05,uhaul,uhaul_742071,742071,10x10,uhaul_b7a6619f81c3450a8e6968c3075b4ee3,listed,True,False
2026-09-05,uhaul,uhaul_742075,742075,5x10,uhaul_19b50d1d93be4c0295edd552291a2432,listed,True,False
2026-09-05,uhaul,uhaul_743052,743052,10x15,uhaul_826d3ca0593f44e689e8a4be10b2040f,listed,True,False
2026-09-05,uhaul,uhaul_743067,743067,10x15,uhaul_37cda7273ece4a6db86bbd0f4fc16d9e,listed,True,False
2026-09-05,uhaul,uhaul_744068,744068,8x7,uhaul_9f03d6696d6d43609ddd99ad7d38b5e6,listed,True,False
2026-09-05,uhaul,uhaul_744068,744068,20x20,uhaul_9eb5a7eab9884084b23206fc77828b6d,listed,True,False
2026-09-05,uhaul,uhaul_745040,745040,25x13,uhaul_250eb4f4c57b44f49392fd9919d18621,listed,True,False
2026-09-05,uhaul,uhaul_745041,745041,10x30,uhaul_44c6f9280b0f488f8b154a51a6413849,listed,True,False
2026-09-05,uhaul,uhaul_745043,745043,10x10,uhaul_8cfd6c2ae35a424d8a0ccb39668bda0c,listed,True,False
2026-09-05,uhaul,uhaul_745083,745083,10x10,uhaul_02513f62567f4147a5b5ccba35bdc4f0,listed,True,False
2026-09-05,uhaul,uhaul_746025,746025,10x5,uhaul_e4e51805e33047478ed4a626d2d738b3,listed,True,False
2026-09-05,uhaul,uhaul_746061,746061,10x5,uhaul_3ebd507a991f4a7d8289b4aa94ff90c9,listed,True,False
2026-09-05,uhaul,uhaul_747068,747068,7.5x10,uhaul_89dfd1bbc6934837971d91151d092811,listed,True,False
2026-09-05,uhaul,uhaul_747075,747075,5x8,uhaul_4e051a6741c7457381fbb48b14c02d69,listed,True,False
2026-09-05,uhaul,uhaul_747075,747075,10x10,uhaul_711e92cb2e584e4cb23a0c18aff81cd1,listed,True,False
2026-09-05,uhaul,uhaul_748034,748034,5x10,uhaul_f7a8b8bd0ee34303be2822c69cb5480e,listed,True,False
2026-09-05,uhaul,uhaul_748051,748051,10x15,uhaul_204a3e0bdb1a46beaaa69ef41c40fcfc,listed,True,False
2026-09-05,uhaul,uhaul_748051,748051,10x20,uhaul_3c214ef8e4fe4944acc4404da9d3443d,listed,True,False
2026-09-05,uhaul,uhaul_748068,748068,5x4,uhaul_a24708135e6744c29796f02e1068729e,listed,True,False
2026-09-05,uhaul,uhaul_748071,748071,5x10,uhaul_f76005bef1aa4e248d8905cfb86867c3,listed,True,False
2026-09-05,uhaul,uhaul_748075,748075,5x5,uhaul_203f55d1e5dd4270b5a3789ce0dd5b47,listed,True,False
2026-09-05,uhaul,uhaul_749071,749071,10x5,uhaul_41c129869dd7469fa3ec7432bbb8787f,listed,True,False
2026-09-05,uhaul,uhaul_749073,749073,5x10,uhaul_7b0cdcca32614d47ba065873c0277dc2,listed,True,False
2026-09-05,uhaul,uhaul_749082,749082,10x15,uhaul_3a02392e8d7d4835a388c85cf75c12fa,listed,True,False
2026-09-05,uhaul,uhaul_750014,750014,5x9,uhaul_85713407f09340f78b6214fb0a2e9123,listed,True,False
2026-09-05,uhaul,uhaul_750014,750014,5x15,uhaul_f40f32bcfe0b472496b76dd46388317f,listed,True,False
2026-09-05,uhaul,uhaul_751051,751051,10x10,uhaul_adea070ec31a483ca00d2421e17a8dae,listed,True,False
2026-09-05,uhaul,uhaul_751073,751073,5x10,uhaul_ad0deb36eddd4b3e832545acbff30be8,listed,True,False
2026-09-05,uhaul,uhaul_751073,751073,10x10,uhaul_913ec5f4a09d4620b4a810fbdc678bc6,listed,True,False
2026-09-05,uhaul,uhaul_751083,751083,10x10,uhaul_0b6d871583fb49bba6e41ebeda2dd497,listed,True,False
2026-09-05,uhaul,uhaul_752026,752026,5x10,uhaul_f7e732dee02d4703b0375f86c4a1e6ca,listed,True,False
2026-09-05,uhaul,uhaul_753035,753035,10x25,uhaul_aae9ab0045ed4718ae0abd6bea57e4a8,listed,True,False
2026-09-05,uhaul,uhaul_753036,753036,5x10,uhaul_604fb7a36b644bba8e0ddbb95143e2e0,listed,True,False
2026-09-05,uhaul,uhaul_753036,753036,10x20,uhaul_5be1eab241cd4aa393db2d48fe8b7c36,listed,True,False
2026-09-05,uhaul,uhaul_753036,753036,10x20,uhaul_835fc6f1f91140cbbfe42ba21363376b,listed,True,False
2026-09-05,uhaul,uhaul_753037,753037,10x10,uhaul_dac8606c8feb4a22b29eab9345da4352,listed,True,False
2026-09-05,uhaul,uhaul_753057,753057,7.3x23.5,uhaul_bf9c89166c2f4d51a196a377811e92eb,listed,True,False
2026-09-05,uhaul,uhaul_754024,754024,10x8,uhaul_710c27d7088b4f97a188ac42cb0f73fe,listed,True,False
2026-09-05,uhaul,uhaul_754024,754024,5x5,uhaul_c2fcb32af673418699b43bdcc6aa8605,listed,True,False
2026-09-05,uhaul,uhaul_754029,754029,10x5,uhaul_a25e3ea8944f4ef8a53a7f96d3f20cf0,listed,True,False
2026-09-05,uhaul,uhaul_754029,754029,6x10,uhaul_e87259e3c1e6490b96edb4caed198d33,listed,True,False
2026-09-05,uhaul,uhaul_754029,754029,10x10,uhaul_b6e97aa48be642d4bb82ed8874881bed,listed,True,False
2026-09-05,uhaul,uhaul_754030,754030,10x10,uhaul_673dc299f82c4e639b9d4912e7c8e3b0,listed,True,False
2026-09-05,uhaul,uhaul_754071,754071,6x8,uhaul_b79d68d83132447c8020fc5643af1578,listed,True,False
2026-09-05,uhaul,uhaul_754077,754077,4x5,uhaul_ce666669adac4b17b549f5d817edfb08,listed,True,False
2026-09-05,uhaul,uhaul_754077,754077,5x8,uhaul_b39591e5a9e44a5db27a7a271121fdf1,listed,True,False
2026-09-05,uhaul,uhaul_754077,754077,8x8,uhaul_f77c3c327dad4bfaa3bcef5f0883b748,listed,True,False
2026-09-05,uhaul,uhaul_755044,755044,10x20,uhaul_2ddb159353ec483493a31fbbb7fe6fec,listed,True,False
2026-09-05,uhaul,uhaul_755044,755044,15x20,uhaul_92daf7c2c336414db2e562d76159cf75,listed,True,False
2026-09-05,uhaul,uhaul_756023,756023,5x5,uhaul_378a84ca854942ce8a4c1accd30f5ae1,listed,True,False
2026-09-05,uhaul,uhaul_756056,756056,10x20,uhaul_020a74176344475586c41359071af7f1,listed,True,False
2026-09-05,uhaul,uhaul_756085,756085,6x10,uhaul_75da5e3350e0475a89a3179174a3ff76,listed,True,False
2026-09-05,uhaul,uhaul_756085,756085,10x12,uhaul_3d2c7f16f49c40dfb076f87d12bd0817,listed,True,False
2026-09-05,uhaul,uhaul_756088,756088,10x15,uhaul_e82bdc8a64874449a8fba96c5bc22264,listed,True,False
2026-09-05,uhaul,uhaul_757030,757030,7.5x15,uhaul_cd5a6fd77e52484ab90423af327643b2,listed,True,False
2026-09-05,uhaul,uhaul_757030,757030,10x10,uhaul_14d2c4ce686a4a3e9b814176704f93ad,listed,True,False
2026-09-05,uhaul,uhaul_757037,757037,4x7,uhaul_54ace63bf32f4d0b8f64d83585bc5dd8,listed,True,False
2026-09-05,uhaul,uhaul_757055,757055,5x5,uhaul_f47d7e9947fa42719d5e639cb3bb77d1,listed,True,False
2026-09-05,uhaul,uhaul_757067,757067,5x10,uhaul_ce9323301388437fa770a2b105a210c9,listed,True,False
2026-09-05,uhaul,uhaul_757067,757067,8x7,uhaul_220109fa6c704bc8802ea61243ce04f5,listed,True,False
2026-09-05,uhaul,uhaul_757075,757075,6x7,uhaul_46b1058bc7834c8d8c219070b8a4286b,listed,True,False
2026-09-05,uhaul,uhaul_757076,757076,10x5,uhaul_260a60cee29f487fb648bf8a260e6c47,listed,True,False
2026-09-05,uhaul,uhaul_758028,758028,5x5,uhaul_e37720937b3a4f76a7908e1d843047eb,listed,True,False
2026-09-05,uhaul,uhaul_758043,758043,9.5x18,uhaul_5071557c5399477b8993762cd9ad5169,listed,True,False
2026-09-05,uhaul,uhaul_758075,758075,5x5,uhaul_b9c3156eec43426eb59f04276ae9bd32,listed,True,False
2026-09-05,uhaul,uhaul_758076,758076,10x15,uhaul_7cb5260bdf2b4b76b07087e8ccb80bd6,listed,True,False
2026-09-05,uhaul,uhaul_758078,758078,5x10,uhaul_677ff3490dc8447caab475d12866afc6,listed,True,False
2026-09-05,uhaul,uhaul_758078,758078,10x10,uhaul_6abd272e71d64c5ca2d67d8dcce8f881,listed,True,False
2026-09-05,uhaul,uhaul_758086,758086,8x12,uhaul_e2d48819cdf84b7cb81793eda738f090,listed,True,False
2026-09-05,uhaul,uhaul_759025,759025,5x10,uhaul_1a5f9c53b9784d30ba739aa3dbb2686c,listed,True,False
2026-09-05,uhaul,uhaul_759025,759025,10x30,uhaul_fe53b44c45d3464a9a9f8988493affea,listed,True,False
2026-09-05,uhaul,uhaul_759051,759051,5x10,uhaul_9d4c92760a70492d91253f9129c9cff6,listed,True,False
2026-09-05,uhaul,uhaul_759051,759051,10x20,uhaul_b745b7d394f94cd583b62dd9806c356a,listed,True,False
2026-09-05,uhaul,uhaul_759051,759051,10x30,uhaul_b48a9d843d1942a798d6b6f5c3989252,listed,True,False
2026-09-05,uhaul,uhaul_759063,759063,8x10,uhaul_21e9ca6056ae41d0a4cf5d0fbbc543a0,listed,True,False
2026-09-05,uhaul,uhaul_759072,759072,5x8,uhaul_ab74f529204843099078a2405dbc9168,listed,True,False
2026-09-05,uhaul,uhaul_759073,759073,5x10,uhaul_b6486e5c6c59494083c7ae281870d769,listed,True,False
2026-09-05,uhaul,uhaul_759073,759073,10x15,uhaul_0d08025054cf4478b500cb41473f87b6,listed,True,False
2026-09-05,uhaul,uhaul_759076,759076,10x30,uhaul_b7e7d6aae896482189aacf89c72b3019,listed,True,False
2026-09-05,uhaul,uhaul_760043,760043,5x5,uhaul_6605ea99819a4454bf86ba6e2c4caa34,listed,True,False
2026-09-05,uhaul,uhaul_760077,760077,8x10,uhaul_bdc5899eb8174b41a55bd63a3f36082f,listed,True,False
2026-09-05,uhaul,uhaul_760077,760077,10x10,uhaul_c081618582a84b80a415141897fb1d99,listed,True,False
2026-09-05,uhaul,uhaul_760082,760082,10x10,uhaul_78946470b26945a79b2fc157b0ec71ca,listed,True,False
2026-09-05,uhaul,uhaul_761072,761072,5x8,uhaul_22e4dcbe6aed4bfa9428f19cafa1abb3,listed,True,False
2026-09-05,uhaul,uhaul_761072,761072,10x10,uhaul_be6fa5c03dbc43e18695d2b1b15f087b,listed,True,False
2026-09-05,uhaul,uhaul_761074,761074,5x5,uhaul_1353bcb7ebed4fc69062de789de0539f,listed,True,False
2026-09-05,uhaul,uhaul_761079,761079,5x10,uhaul_2db49ce72b534920aa60d02ee73d505d,listed,True,False
2026-09-05,uhaul,uhaul_762032,762032,5x5,uhaul_f1b2c4d20326420da2e76e425fa111a3,listed,True,False
2026-09-05,uhaul,uhaul_762058,762058,8x8,uhaul_11477f84f1d442ab9bc79e7fc40c947e,listed,True,False
2026-09-05,uhaul,uhaul_762073,762073,10x5,uhaul_81a2f5f5d3d8472b831140ac9b0e82be,listed,True,False
2026-09-05,uhaul,uhaul_762081,762081,10x30,uhaul_bc221db866354b52a6be5c19594d3042,listed,True,False
2026-09-05,uhaul,uhaul_763025,763025,5x9,uhaul_add0956630aa4907a06583ee3216ac05,listed,True,False
2026-09-05,uhaul,uhaul_763041,763041,5x5,uhaul_0f511a60b9424040a22fe5b0834f8d2f,listed,True,False
2026-09-05,uhaul,uhaul_763066,763066,5x15,uhaul_c27152482f534ec3a7f953dd1aae5497,listed,True,False
2026-09-05,uhaul,uhaul_763070,763070,10x7,uhaul_55f4a17e8b214ebbaf90cbb08e55293c,listed,True,False
2026-09-05,uhaul,uhaul_763070,763070,10x10,uhaul_1f18c7a0600341fc959fadd3826ab895,listed,True,False
2026-09-05,uhaul,uhaul_763073,763073,10x5,uhaul_7c9792a09fd94115be04b00686cc5989,listed,True,False
2026-09-05,uhaul,uhaul_764042,764042,10x10,uhaul_a5b2f2fc1e0049b7921d03d861a94b75,listed,True,False
2026-09-05,uhaul,uhaul_764051,764051,10x10,uhaul_e65f1d75e39741e9b185d24c807e15b6,listed,True,False
2026-09-05,uhaul,uhaul_764068,764068,10x15,uhaul_9c228779170f4f96b031f68c822c5ba5,listed,True,False
2026-09-05,uhaul,uhaul_764070,764070,10x15,uhaul_501f08ddfffd45b3af21f31de543e528,listed,True,False
2026-09-05,uhaul,uhaul_764077,764077,10x24,uhaul_840cdd0233d64428878c2dc327da4a4d,listed,True,False
2026-09-05,uhaul,uhaul_765074,765074,5x5,uhaul_2b5442760fd84ae898a077f934870c12,listed,True,False
2026-09-05,uhaul,uhaul_765076,765076,5x10,uhaul_583ee18262ce4c7c9baf1fa5b4e78f3e,listed,True,False
2026-09-05,uhaul,uhaul_765077,765077,5x10,uhaul_1df28d56a0eb4c65b3c648dd40ea7ce7,listed,True,False
2026-09-05,uhaul,uhaul_766054,766054,8x8,uhaul_1472d1d1acf14c55a16d631973c06473,listed,True,False
2026-09-05,uhaul,uhaul_766054,766054,9x9,uhaul_6564400287ce4cd2af7f1723afdf55ea,listed,True,False
2026-09-05,uhaul,uhaul_766054,766054,10x10,uhaul_1e230bb815314a8b8efbcea403bd65a3,listed,True,False
2026-09-05,uhaul,uhaul_766067,766067,15x10,uhaul_1a4a9cee31fe4fa991eee81eda05dda5,listed,True,False
2026-09-05,uhaul,uhaul_766073,766073,5x5,uhaul_d282095df54244f1bb307c45ca6369be,listed,True,False
2026-09-05,uhaul,uhaul_766073,766073,7x10,uhaul_c213cadf2c574c54a9e76398b20c84bd,listed,True,False
2026-09-05,uhaul,uhaul_767025,767025,7x7,uhaul_1e3ee3f3164040d4834c55bca4d0c73c,listed,True,False
2026-09-05,uhaul,uhaul_767072,767072,5x5,uhaul_bd11dd9fa2304d8ebafcb94b9bc89307,listed,True,False
2026-09-05,uhaul,uhaul_767075,767075,5x5,uhaul_952cec256cb0480daeeacf8d33e342d3,listed,True,False
2026-09-05,uhaul,uhaul_768070,768070,12x40,uhaul_cffd549f418e4017acc3712608ff4b3a,listed,True,False
2026-09-05,uhaul,uhaul_769029,769029,5x5,uhaul_696a7a054bf14453a55c1a93aa353e8b,listed,True,False
2026-09-05,uhaul,uhaul_769029,769029,10x15,uhaul_9c2942ece6d54c3aa7de9a861ce3a5c1,listed,True,False
2026-09-05,uhaul,uhaul_769042,769042,5x10,uhaul_79d5dec171f04448b82d0093a613d537,listed,True,False
2026-09-05,uhaul,uhaul_769042,769042,5x10,uhaul_a96fb29d429a4b499ade4b6cfb19ccde,listed,True,False
2026-09-05,uhaul,uhaul_770028,770028,10x10,uhaul_b80bd1ea2c544093b9ee459c3c0ca581,listed,True,False
2026-09-05,uhaul,uhaul_770074,770074,5x8,uhaul_a56f22b857a847fc9008f343737c8244,listed,True,False
2026-09-05,uhaul,uhaul_770085,770085,10x10,uhaul_8253549ddede42acadd01d5605d234d8,listed,True,False
2026-09-05,uhaul,uhaul_771028,771028,5x5,uhaul_ddf885e9cb7f40f898eae8cc73263471,listed,True,False
2026-09-05,uhaul,uhaul_771057,771057,5x4,uhaul_9b1ed71c209b4c8bb7003ea939777804,listed,True,False
2026-09-05,uhaul,uhaul_771057,771057,10x10,uhaul_12308b8fba1d4047812ef1c97837707d,listed,True,False
2026-09-05,uhaul,uhaul_771066,771066,8x15,uhaul_6757c3f566544f05accdaa6c993d5c2f,listed,True,False
2026-09-05,uhaul,uhaul_771073,771073,5x10,uhaul_a1b440e1289c4784bde6446f87165895,listed,True,False
2026-09-05,uhaul,uhaul_771073,771073,10x20,uhaul_2b9fc98eb8014e3f8510001a8975f166,listed,True,False
2026-09-05,uhaul,uhaul_771074,771074,10x10,uhaul_22ee0d3826fd4398a97b60914d44f18b,listed,True,False
2026-09-05,uhaul,uhaul_772021,772021,5x15,uhaul_0ee97ec78bcd45c19c207e942ef42aa8,listed,True,False
2026-09-05,uhaul,uhaul_772061,772061,5x10,uhaul_3dca10b9b47548059e64490681458fff,listed,True,False
2026-09-05,uhaul,uhaul_772069,772069,10x15,uhaul_71e6f80ebbea4ed9a9e575044dd69e3c,listed,True,False
2026-09-05,uhaul,uhaul_772073,772073,10x10,uhaul_4fcd8a1a08f14ddc839dd869cc7ea5e6,listed,True,False
2026-09-05,uhaul,uhaul_773072,773072,5x10,uhaul_1a932caf13854d05b0eacf4fbab1f567,listed,True,False
2026-09-05,uhaul,uhaul_774024,774024,5x10,uhaul_997b7dcd2a7b4a7293651bad97710827,listed,True,False
2026-09-05,uhaul,uhaul_774061,774061,5x10,uhaul_9c15461fa283419984f73a7c2e4826a9,listed,True,False
2026-09-05,uhaul,uhaul_774065,774065,4x7,uhaul_a2ebed66b5a6448e8cbfb121737d6ec8,listed,True,False
2026-09-05,uhaul,uhaul_774066,774066,5x10,uhaul_4c94a8f4848d4c8287f95f6ecc11f70e,listed,True,False
2026-09-05,uhaul,uhaul_774074,774074,10x12,uhaul_d6fba3a2659e4ccb89d4d6337830dedf,listed,True,False
2026-09-05,uhaul,uhaul_775033,775033,7.5x10,uhaul_08ee536cceb042d9bfd4fb63352f7bab,listed,True,False
2026-09-05,uhaul,uhaul_775052,775052,5x10,uhaul_8117aeb6640f4f8f948d66797588f0e2,listed,True,False
2026-09-05,uhaul,uhaul_776028,776028,10x10,uhaul_9da04eb996f84344ba76ced79823a1b2,listed,True,False
2026-09-05,uhaul,uhaul_776034,776034,10x25,uhaul_7723843fcffc4afba6021a2f06d32b52,listed,True,False
2026-09-05,uhaul,uhaul_776053,776053,10x10,uhaul_e3c7eaf6b2d948489cc090e09df4939b,listed,True,False
2026-09-05,uhaul,uhaul_777026,777026,10x20,uhaul_a243b31b8be24539aa1e08af1c88f41f,listed,True,False
2026-09-05,uhaul,uhaul_777027,777027,10x10,uhaul_03c27b2f048543c3a7bf9da5eae1dcfb,listed,True,False
2026-09-05,uhaul,uhaul_777027,777027,10x13,uhaul_f50839ee09624125b4ecb70101794d4d,listed,True,False
2026-09-05,uhaul,uhaul_777074,777074,5x7,uhaul_0a3deb3b8fe146f783588f5fea416d91,listed,True,False
2026-09-05,uhaul,uhaul_778025,778025,5x10,uhaul_859dac60341e498089d0f92e91dc8d8e,listed,True,False
2026-09-05,uhaul,uhaul_778055,778055,7x10,uhaul_95dcfed4ba98450880818685846b3e88,listed,True,False
2026-09-05,uhaul,uhaul_778056,778056,5x10,uhaul_54dabb6f3bab4ff7a89a30eadc7be815,listed,True,False
2026-09-05,uhaul,uhaul_778061,778061,5x8,uhaul_d79d39fc3ccb4770bd6334613e8eff87,listed,True,False
2026-09-05,uhaul,uhaul_778066,778066,5x10,uhaul_efd39d741e114ad08c433fe52619d7df,listed,True,False
2026-09-05,uhaul,uhaul_778071,778071,7.3x16.8,uhaul_5471a6bb988547cb9ddc69712dc3f58b,listed,True,False
2026-09-05,uhaul,uhaul_778074,778074,10x15,uhaul_31756216807540f3a1c972918c006c53,listed,True,False
2026-09-05,uhaul,uhaul_779055,779055,5x8,uhaul_118596aebceb4bc7a28a88533bd9bb6a,listed,True,False
2026-09-05,uhaul,uhaul_780059,780059,9x10,uhaul_7b6e7d78dd3b4104b1ea7e836332f88f,listed,True,False
2026-09-05,uhaul,uhaul_780059,780059,10x10,uhaul_d8a9f97c880a40cba29cebdf427a3659,listed,True,False
2026-09-05,uhaul,uhaul_780065,780065,10x15,uhaul_25a8345cabff4257bee627e11eb13e14,listed,True,False
2026-09-05,uhaul,uhaul_780074,780074,10x10,uhaul_0d7dc69a1e524bad80775024fceda67d,listed,True,False
2026-09-05,uhaul,uhaul_781059,781059,5x12,uhaul_b7a8c22ee0b94a6b8976a78aa5fcd461,listed,True,False
2026-09-05,uhaul,uhaul_781066,781066,8x12,uhaul_319d423a80d14f499ad06b1485411f7c,listed,True,False
2026-09-05,uhaul,uhaul_781071,781071,10x8,uhaul_690f18b8339440178110e4a41c7065e4,listed,True,False
2026-09-05,uhaul,uhaul_781072,781072,6x9,uhaul_0a6b7b3f909942b9aacf1a951fb0f333,listed,True,False
2026-09-05,uhaul,uhaul_782021,782021,7.3x23.5,uhaul_04ccb54444774413adc9ad55af5ae91c,listed,True,False
2026-09-05,uhaul,uhaul_782032,782032,10x10,uhaul_ef2dee9f8ddc46c0a185aebfec917fb3,listed,True,False
2026-09-05,uhaul,uhaul_783032,783032,5x7.5,uhaul_4f2af787e1f842da87dde31b8dd66a76,listed,True,False
2026-09-05,uhaul,uhaul_783075,783075,10x8,uhaul_9a25cf06b8a24fe9ae763e76d7df3f10,listed,True,False
2026-09-05,uhaul,uhaul_783075,783075,10x12.5,uhaul_baf8eef878414223a02a1d1a0cd61b54,listed,True,False
2026-09-05,uhaul,uhaul_783077,783077,10x15,uhaul_0956a55699f04ebea05d6b7232a555bb,listed,True,False
2026-09-05,uhaul,uhaul_783078,783078,10x8,uhaul_9bb005e80aa247469e6265874811fb68,listed,True,False
2026-09-05,uhaul,uhaul_783080,783080,8x10,uhaul_dbf01c9669f04970a8174c661bca7264,listed,True,False
2026-09-05,uhaul,uhaul_784028,784028,10x13,uhaul_7a71188fefd84d38b8325e0a3d252e1c,listed,True,False
2026-09-05,uhaul,uhaul_784033,784033,5x5,uhaul_74b1baf7a06448d7a9592788a353fad0,listed,True,False
2026-09-05,uhaul,uhaul_784033,784033,10x10,uhaul_300c47ac3edc49b7b8a3ef420fa5babf,listed,True,False
2026-09-05,uhaul,uhaul_784049,784049,5x5,uhaul_77371bb705d743f29044af56fec71037,listed,True,False
2026-09-05,uhaul,uhaul_784051,784051,10x15,uhaul_04e721a38b7845ad94a548f07c18da36,listed,True,False
2026-09-05,uhaul,uhaul_785025,785025,10x10,uhaul_48895c6b00484102ab96a367d743b879,listed,True,False
2026-09-05,uhaul,uhaul_785027,785027,10x10,uhaul_2982f6122c51482197160326c11363f8,listed,True,False
2026-09-05,uhaul,uhaul_785030,785030,10x15,uhaul_80ccfa73848048b894fca44059bfa881,listed,True,False
2026-09-05,uhaul,uhaul_785041,785041,10x15,uhaul_22eb3fa0d4684394922dc865379531f8,listed,True,False
2026-09-05,uhaul,uhaul_785073,785073,5x5,uhaul_fae5e7c85487456c8d5b57a908a0c2c6,listed,True,False
2026-09-05,uhaul,uhaul_785073,785073,10x15,uhaul_101a21c6a5b844b7895fb4a777593582,listed,True,False
2026-09-05,uhaul,uhaul_786046,786046,12x28,uhaul_c7d2b09ceae9463a9e9c9d2a2e4d8b97,listed,True,False
2026-09-05,uhaul,uhaul_786054,786054,7x7,uhaul_eb31202958a44a4e97e8279131526fd0,listed,True,False
2026-09-05,uhaul,uhaul_787015,787015,5x5,uhaul_f22c3e2e8c1d4948b889a78af8fdc01f,listed,True,False
2026-09-05,uhaul,uhaul_787075,787075,5x10,uhaul_ef1b58c1a382403b8636e82370bab30f,listed,True,False
2026-09-05,uhaul,uhaul_788028,788028,10x20,uhaul_49e4252885ce430ab9ac74127f31e526,listed,True,False
2026-09-05,uhaul,uhaul_788029,788029,10x10,uhaul_4485a395b38941dea8960eb2f8679b80,listed,True,False
2026-09-05,uhaul,uhaul_788057,788057,10x10,uhaul_7f604a3a1bce4eca8e3a3210d62653d0,listed,True,False
2026-09-05,uhaul,uhaul_789028,789028,10x15,uhaul_a7d11dec941a47b0a50465cae4b2b5c0,listed,True,False
2026-09-05,uhaul,uhaul_790055,790055,10x10,uhaul_a52145a60fb54e1c98a5b8517c697d1a,listed,True,False
2026-09-05,uhaul,uhaul_790059,790059,10x10,uhaul_029f3f83bff4413facf8063f7985a1f3,listed,True,False
2026-09-05,uhaul,uhaul_790079,790079,5x5,uhaul_a784e5e89073488a86c80e04893f3bb5,listed,True,False
2026-09-05,uhaul,uhaul_791063,791063,5x10,uhaul_7c59575a4067479caab60d7e43948530,listed,True,False
2026-09-05,uhaul,uhaul_791073,791073,5x5,uhaul_45d5a8b4fc6444d6baa29ab148aa57cb,listed,True,False
2026-09-05,uhaul,uhaul_791080,791080,6x12,uhaul_fbb0cd4afbc04b22a821e0e17839cfbd,listed,True,False
2026-09-05,uhaul,uhaul_792073,792073,5x10,uhaul_f0f708c4abc9464da5f95fda04b7af42,listed,True,False
2026-09-05,uhaul,uhaul_792073,792073,10x15,uhaul_8a2d2ddce1b84bd7b1453918a59cf4f8,listed,True,False
2026-09-05,uhaul,uhaul_792074,792074,10x5,uhaul_4ea2c31e8fa647e5b1bdf147cc846469,listed,True,False
2026-09-05,uhaul,uhaul_792075,792075,10x10,uhaul_9e868b9d56c242a3b2cccb49f927e56b,listed,True,False
2026-09-05,uhaul,uhaul_792078,792078,10x10,uhaul_6e0e09fa93374b6e8944557f5fb0b1dd,listed,True,False
2026-09-05,uhaul,uhaul_793050,793050,10x15,uhaul_c1b0e85858c94bdd9d423d272e8746d6,listed,True,False
2026-09-05,uhaul,uhaul_793083,793083,10x9.5,uhaul_28d19442865843bba928cd97f28e024a,listed,True,False
2026-09-05,uhaul,uhaul_794029,794029,5x10,uhaul_3af7c2c26a1940308417c340fdb03013,listed,True,False
2026-09-05,uhaul,uhaul_794032,794032,5x5,uhaul_0fd0ad29681c49f19eea9c05031879dc,listed,True,False
2026-09-05,uhaul,uhaul_794065,794065,5x12,uhaul_5cd2d5814159405caf6330e8069a23fb,listed,True,False
2026-09-05,uhaul,uhaul_794065,794065,8x15,uhaul_8bff92a1cef44421a4bd3b65088e2a72,listed,True,False
2026-09-05,uhaul,uhaul_794071,794071,5x5,uhaul_24f156dbb2414d079b02403546f3f6bc,listed,True,False
2026-09-05,uhaul,uhaul_794071,794071,10x13,uhaul_6cfc5d536fcf4ab78fb1d4a45f323809,listed,True,False
2026-09-05,uhaul,uhaul_794075,794075,5.4x13,uhaul_fe3f5bc2e44e4da88bcb996752299e5a,listed,True,False
2026-09-05,uhaul,uhaul_794075,794075,8x10,uhaul_1ca21da545524f3e8ced630f522baec1,listed,True,False
2026-09-05,uhaul,uhaul_794076,794076,10x15,uhaul_9bd93f085666465392f242c157eda277,listed,True,False
2026-09-05,uhaul,uhaul_794077,794077,10x10,uhaul_11df234e8b684a4985ad460272351c77,listed,True,False
2026-09-05,uhaul,uhaul_796028,796028,10x10,uhaul_5f1c384ebead4f03b303e140dba0de46,listed,True,False
2026-09-05,uhaul,uhaul_796061,796061,10x10,uhaul_13b5b5226b5f4ab982a450bf09aaced1,listed,True,False
2026-09-05,uhaul,uhaul_796071,796071,10x24,uhaul_e2814c6230f44922920c95b8d6f13d95,listed,True,False
2026-09-05,uhaul,uhaul_796072,796072,10x8,uhaul_e2934de7e98040b7a995f8b5a546cbf4,listed,True,False
2026-09-05,uhaul,uhaul_797027,797027,5x10,uhaul_d1b70193603649a3935cd3cfd486bcd5,listed,True,False
2026-09-05,uhaul,uhaul_797027,797027,10x10,uhaul_c985603ba7774c3a8dbe02b8773ca077,listed,True,False
2026-09-05,uhaul,uhaul_798071,798071,5x10,uhaul_6c485e62a21845f5bb7fccdebdd6c240,listed,True,False
2026-09-05,uhaul,uhaul_799043,799043,10x10,uhaul_e92ea3f8bba74159ba08d69aa1166e2d,listed,True,False
2026-09-05,uhaul,uhaul_799077,799077,10x10,uhaul_74b540145e87499aa025c3874905a7da,listed,True,False
2026-09-05,uhaul,uhaul_799077,799077,10x15,uhaul_834d19dcd9764e8ebe348f0183203a0f,listed,True,False
2026-09-05,uhaul,uhaul_801032,801032,10x15,uhaul_d200dd42d67f435a9b97f9b1043e0fad,listed,True,False
2026-09-05,uhaul,uhaul_801032,801032,10x15,uhaul_340e2d09e4ba423e83d35f497b82b8ea,listed,True,False
2026-09-05,uhaul,uhaul_801075,801075,10x10,uhaul_088d22c426dc455da2671b17f68786ce,listed,True,False
2026-09-05,uhaul,uhaul_802023,802023,10x10,uhaul_d7261a628d2e4ca58eb7cdcc47351b0e,listed,True,False
2026-09-05,uhaul,uhaul_802029,802029,5x10,uhaul_494768551f9e403dbd7bc6d82260093b,listed,True,False
2026-09-05,uhaul,uhaul_802029,802029,10x10,uhaul_4a91b2bfb4d14c25b416d49d7e14fe1a,listed,True,False
2026-09-05,uhaul,uhaul_802029,802029,10x10,uhaul_547dcc1ae9f94bfba72e2d042b0b977b,listed,True,False
2026-09-05,uhaul,uhaul_802029,802029,10x10,uhaul_b68357f2909646b3ae4e9cabc533c7fe,listed,True,False
2026-09-05,uhaul,uhaul_802029,802029,5x5,uhaul_03a43d5f673b40c9aa5318c6e27ac25d,listed,True,False
2026-09-05,uhaul,uhaul_802029,802029,5x10,uhaul_6fb7b6fae10c4673807a36ad6d1c3640,listed,True,False
2026-09-05,uhaul,uhaul_802029,802029,5x10,uhaul_79f87dd00c744580967a1264f5f3b086,listed,True,False
2026-09-05,uhaul,uhaul_802059,802059,5x10,uhaul_34badea30a734c2aa42039b85232bc10,listed,True,False
2026-09-05,uhaul,uhaul_802059,802059,8x8,uhaul_93596c0b24284b8c9ef11c2497a530ea,listed,True,False
2026-09-05,uhaul,uhaul_802065,802065,8x8,uhaul_723845ebed2045359d5396eb6cb1c2d8,listed,True,False
2026-09-05,uhaul,uhaul_803034,803034,5x8,uhaul_a6247933219f41f3a5424075c6a08021,listed,True,False
2026-09-05,uhaul,uhaul_803068,803068,5x10,uhaul_0036154ecbbd4c31b5f144d231c4137b,listed,True,False
2026-09-05,uhaul,uhaul_803068,803068,5x5,uhaul_8a5945f82b904a5da74d1121c65f7ddc,listed,True,False
2026-09-05,uhaul,uhaul_803068,803068,5x7,uhaul_8ebfec8dd16947b6a3a2e9c9551ff788,listed,True,False
2026-09-05,uhaul,uhaul_803079,803079,8x8,uhaul_4a666a37345343d99e496f4f7d5794fb,listed,True,False
2026-09-05,uhaul,uhaul_803080,803080,4x10,uhaul_0450f644417e4e949995dd9e671f1fa1,listed,True,False
2026-09-05,uhaul,uhaul_804041,804041,5x10,uhaul_829a9781cec1402897b49c406c8efcdd,listed,True,False
2026-09-05,uhaul,uhaul_804051,804051,4x4,uhaul_88d5eaf5d15a4a06bb2d409ae0d030ee,listed,True,False
2026-09-05,uhaul,uhaul_804076,804076,5x10,uhaul_0223ccc05c3342f1bd1c8fd0ac4fc893,listed,True,False
2026-09-05,uhaul,uhaul_804076,804076,10x10,uhaul_63635d0294044ae6af69361c19092f8b,listed,True,False
2026-09-05,uhaul,uhaul_806022,806022,5x10,uhaul_293cbddae1ff48f187ff1cb3e61fa619,listed,True,False
2026-09-05,uhaul,uhaul_806066,806066,4x9,uhaul_84a3a43815644f45afeb10c26d094992,listed,True,False
2026-09-05,uhaul,uhaul_807025,807025,10x15,uhaul_b1048c694589494f9bbcf624a7b0535e,listed,True,False
2026-09-05,uhaul,uhaul_807060,807060,10x20,uhaul_08f25f7bdac744bb83e920d18a192a65,listed,True,False
2026-09-05,uhaul,uhaul_808021,808021,5x5,uhaul_4e5a600d99074804aec4311a66c4cfc0,listed,True,False
2026-09-05,uhaul,uhaul_808059,808059,10x8,uhaul_f94fc3fb167b409cb317fb38f8a6c166,listed,True,False
2026-09-05,uhaul,uhaul_808072,808072,5x5,uhaul_8ae29ededea0419894e4c1d79288e195,listed,True,False
2026-09-05,uhaul,uhaul_808073,808073,5x5,uhaul_a6e6b6a3427d4c75a87bbe23f086878d,listed,True,False
2026-09-05,uhaul,uhaul_809029,809029,8x10,uhaul_62f82034409241959ad4656262d67e56,listed,True,False
2026-09-05,uhaul,uhaul_809069,809069,5x12,uhaul_e43638f520c94690b64f6127ed89e346,listed,True,False
2026-09-05,uhaul,uhaul_809071,809071,5x10,uhaul_980fc12265844184914a2437d23dd853,listed,True,False
2026-09-05,uhaul,uhaul_809085,809085,10x10,uhaul_7f426f0118ff4305b20b50e40e3c7fd3,listed,True,False
2026-09-05,uhaul,uhaul_810027,810027,3x8,uhaul_bfc24b28a93749979a896267e3d818a8,listed,True,False
2026-09-05,uhaul,uhaul_810028,810028,5x7,uhaul_a6b9d4f6da874fde9a1005df2c3d9130,listed,True,False
2026-09-05,uhaul,uhaul_810073,810073,5x10,uhaul_085847b9247844a28661003cb886e171,listed,True,False
2026-09-05,uhaul,uhaul_811054,811054,5x8,uhaul_c68e51033de74ca7be61f4c398187472,listed,True,False
2026-09-05,uhaul,uhaul_811055,811055,10x20,uhaul_5bf7fdf292cd47479da4ed7b832b510a,listed,True,False
2026-09-05,uhaul,uhaul_811056,811056,5x9.5,uhaul_9c727f365b284b67984f9d636e0bb73c,listed,True,False
2026-09-05,uhaul,uhaul_812023,812023,5x9,uhaul_e64a1440a6ae4b7a9999a19f31656924,listed,True,False
2026-09-05,uhaul,uhaul_812023,812023,8x8,uhaul_5eb39e2489714471824b37bc8aea472c,listed,True,False
2026-09-05,uhaul,uhaul_812044,812044,5x10,uhaul_3fd3293704f843cabbc891c0fe271e85,listed,True,False
2026-09-05,uhaul,uhaul_813071,813071,10x15,uhaul_0ab1daaaa04445ad84d17eff1ea18507,listed,True,False
2026-09-05,uhaul,uhaul_813081,813081,10x20,uhaul_532dc8a17a9c4c2aadd7d6c7cccaed60,listed,True,False
2026-09-05,uhaul,uhaul_814030,814030,5x5,uhaul_d08f42e6cbec46d195bfc8b8dfc18473,listed,True,False
2026-09-05,uhaul,uhaul_815025,815025,6x9,uhaul_be23db4ff9d84a77aa61cae559031204,listed,True,False
2026-09-05,uhaul,uhaul_815025,815025,10x9.5,uhaul_7f9fa7487da84f39a15c1f4b11b05cbc,listed,True,False
2026-09-05,uhaul,uhaul_815064,815064,10x10,uhaul_c3ee0a4123d2479babb56bcd7ae370fd,listed,True,False
2026-09-05,uhaul,uhaul_816061,816061,8x12,uhaul_c9954fbc1e264902888b5d0e5dda9820,listed,True,False
2026-09-05,uhaul,uhaul_817075,817075,8x8,uhaul_3731b59975d54949a3cf2dd917743a9c,listed,True,False
2026-09-05,uhaul,uhaul_817075,817075,10x10,uhaul_7af399dfa94144d2a75ac8c9ba8f1d76,listed,True,False
2026-09-05,uhaul,uhaul_817075,817075,10x15,uhaul_9b63cc31b54c44078310486dcd019bcd,listed,True,False
2026-09-05,uhaul,uhaul_818029,818029,8x8,uhaul_dfbc39bd290b48a795fe118f5bd0fc27,listed,True,False
2026-09-05,uhaul,uhaul_818032,818032,14x15,uhaul_9194f64b77784f379ce64250837b2776,listed,True,False
2026-09-05,uhaul,uhaul_818037,818037,10x10,uhaul_0c1671607a444fca87d0b66f7fb11fbc,listed,True,False
2026-09-05,uhaul,uhaul_818037,818037,10x15,uhaul_f209a1365a404c9ebd2281ac6497114c,listed,True,False
2026-09-05,uhaul,uhaul_819067,819067,8x10,uhaul_41a56ae825e44c0aa649d13d6afd28e0,listed,True,False
2026-09-05,uhaul,uhaul_819072,819072,10x10,uhaul_a316cb50aa9044488703371cc21bec60,listed,True,False
2026-09-05,uhaul,uhaul_819075,819075,8x10,uhaul_7bb714f850974bfb95a93f7cae0467ea,listed,True,False
2026-09-05,uhaul,uhaul_820040,820040,10x15,uhaul_b7e9758ea46a4e0b970cee747b28ecf9,listed,True,False
2026-09-05,uhaul,uhaul_821054,821054,10x20,uhaul_7a210d80bfb54a8194fc20eb1d2f1ebc,listed,True,False
2026-09-05,uhaul,uhaul_821055,821055,10x5,uhaul_cef63a95014d4be18057dd9f0fdfb06e,listed,True,False
2026-09-05,uhaul,uhaul_821056,821056,5x5,uhaul_446e84eac70845819f065006316e5084,listed,True,False
2026-09-05,uhaul,uhaul_821056,821056,5x10,uhaul_12fd8a89e98b4695b3466807b27b9742,listed,True,False
2026-09-05,uhaul,uhaul_821071,821071,10x12,uhaul_e3b83d5502c649488efcd49fbfb17078,listed,True,False
2026-09-05,uhaul,uhaul_821075,821075,5x5,uhaul_ff062b425b884d9b931b542e5b81244f,listed,True,False
2026-09-05,uhaul,uhaul_822035,822035,10x30,uhaul_05335f89b6ce43b0a742dee484009435,listed,True,False
2026-09-05,uhaul,uhaul_822042,822042,6x5,uhaul_e21f55ce124940018cf7883b4f7eebe8,listed,True,False
2026-09-05,uhaul,uhaul_822042,822042,6x7,uhaul_08bb146c121649bcb216e1e2a58756f8,listed,True,False
2026-09-05,uhaul,uhaul_822042,822042,5x10,uhaul_f1f2386a3f024bb5a7dc3518c42ed73b,listed,True,False
2026-09-05,uhaul,uhaul_822081,822081,10x10,uhaul_e9c0ad1630ca47259b3cf1ed710388d4,listed,True,False
2026-09-05,uhaul,uhaul_822083,822083,10x10,uhaul_818ca8e8ffb84365bd98da9f4c10ff58,listed,True,False
2026-09-05,uhaul,uhaul_824027,824027,10x10,uhaul_1ee52346d5034fc88c9d23029f48e3eb,listed,True,False
2026-09-05,uhaul,uhaul_824027,824027,10x12,uhaul_ac079ef1f2dc4ab98a6eebc696d75239,listed,True,False
2026-09-05,uhaul,uhaul_824027,824027,5x10,uhaul_5b051c35702d4df2876f08b1bcdc7baa,listed,True,False
2026-09-05,uhaul,uhaul_824071,824071,5x5,uhaul_f5fcceaa926e4922b967f4ba3e343ee0,listed,True,False
2026-09-05,uhaul,uhaul_824078,824078,5x5,uhaul_f9a53e5e57964f11b86a46ed46ff9a46,listed,True,False
2026-09-05,uhaul,uhaul_825053,825053,10x10,uhaul_f2bfdb12da5d425ba91f741a7353ca9d,listed,True,False
2026-09-05,uhaul,uhaul_825054,825054,5x10,uhaul_bbb7e0cc6be34cc2a5b7a189bc28c658,listed,True,False
2026-09-05,uhaul,uhaul_825054,825054,10x10,uhaul_5b0d33ac6cf6457b9a96f14107bdead7,listed,True,False
2026-09-05,uhaul,uhaul_825065,825065,5x5,uhaul_2fd0f1ea314545b69dd6c359e4835f96,listed,True,False
2026-09-05,uhaul,uhaul_826028,826028,5x8,uhaul_5fee0f24485743dd94100e56457d50b9,listed,True,False
2026-09-05,uhaul,uhaul_826030,826030,10x20,uhaul_c9acb7cd53974ca2b61d454af547b08c,listed,True,False
2026-09-05,uhaul,uhaul_826032,826032,10x15,uhaul_44e2b1274e6f4323a18abd1460daf3b5,listed,True,False
2026-09-05,uhaul,uhaul_826032,826032,10x25,uhaul_d1a869ea230c4dfbbbb88b46bee0a6e9,listed,True,False
2026-09-05,uhaul,uhaul_826032,826032,13x30,uhaul_885c76bfa1d24a3c9fd8b3cfab2e786d,listed,True,False
2026-09-05,uhaul,uhaul_826052,826052,8x10,uhaul_63f487b23b3843dca154da7e516ba3fb,listed,True,False
2026-09-05,uhaul,uhaul_826056,826056,5x10,uhaul_553e254d7aea48ca8ecd073140fb9cfa,listed,True,False
2026-09-05,uhaul,uhaul_826071,826071,10x10,uhaul_11969492b0654bd29ad64ee51dc27bc2,listed,True,False
2026-09-05,uhaul,uhaul_826072,826072,8x10,uhaul_ee69436f1d4f444bbcc8b670f3eab705,listed,True,False
2026-09-05,uhaul,uhaul_826072,826072,10x10,uhaul_01ed2f60ce514d9abb650790f0c4b323,listed,True,False
2026-09-05,uhaul,uhaul_826074,826074,10x5,uhaul_119b59e8e7004a0e88fe292738722f5d,listed,True,False
2026-09-05,uhaul,uhaul_829073,829073,4x4,uhaul_660ae0332bdd4a189982b8f6828f9cf5,listed,True,False
2026-09-05,uhaul,uhaul_829073,829073,4x4,uhaul_dceb7fa1ba1c4080876af2ca59f61716,listed,True,False
2026-09-05,uhaul,uhaul_830066,830066,5x5,uhaul_3f2a70bd3c07456ebbe9606e278d6144,listed,True,False
2026-09-05,uhaul,uhaul_830077,830077,10x10,uhaul_7bc0c5f8a35d4e53854aba473274451a,listed,True,False
2026-09-05,uhaul,uhaul_830083,830083,10x10,uhaul_256bf31efe084567aa9367f47004f60f,listed,True,False
2026-09-05,uhaul,uhaul_832048,832048,5x5,uhaul_43357893e84f4a6db25443a8f029e22f,listed,True,False
2026-09-05,uhaul,uhaul_832050,832050,7.5x10,uhaul_f7c1c2791b004eb3b5a055fee6a06725,listed,True,False
2026-09-05,uhaul,uhaul_832050,832050,10x15,uhaul_53353d29be904919a7b37028dc82799b,listed,True,False
2026-09-05,uhaul,uhaul_832065,832065,5x10,uhaul_6b062ff47add4dd885e1361f02265c5d,listed,True,False
2026-09-05,uhaul,uhaul_832074,832074,10x10,uhaul_529966a8e0564f77bcf098eb9e5547b1,listed,True,False
2026-09-05,uhaul,uhaul_833044,833044,10x10,uhaul_fefe66d3f5304f4ca57380a2ccf9da93,listed,True,False
2026-09-05,uhaul,uhaul_833044,833044,10x13,uhaul_d473f1a4a7a842d094cd8c6d2ae5d117,listed,True,False
2026-09-05,uhaul,uhaul_834021,834021,10x20,uhaul_165b6a0e9c27475b9702e69337ab28d5,listed,True,False
2026-09-05,uhaul,uhaul_835036,835036,7.3x23.5,uhaul_0657b76b21e2482ea0346726b90b0ec8,listed,True,False
2026-09-05,uhaul,uhaul_835056,835056,5x7,uhaul_dcf834681aa5413baad69ccdd974d313,listed,True,False
2026-09-05,uhaul,uhaul_835056,835056,10x7,uhaul_9adb28feab824381ae178dcba87bbfcb,listed,True,False
2026-09-05,uhaul,uhaul_835076,835076,10x15,uhaul_9186e5e542d5471c8dc4fe04061adfb7,listed,True,False
2026-09-05,uhaul,uhaul_836026,836026,5x15,uhaul_14ab6cb8c24a423c8a3c8145a132e1c8,listed,True,False
2026-09-05,uhaul,uhaul_836071,836071,5x10,uhaul_e4a9741779574fe4adbd1623a5e3aa65,listed,True,False
2026-09-05,uhaul,uhaul_836071,836071,7x11.3,uhaul_8c6995b4271f41e9a51c790e2092b39b,listed,True,False
2026-09-05,uhaul,uhaul_836078,836078,5x10,uhaul_641a41e3052c4454a60b69ee4ad3260b,listed,True,False
2026-09-05,uhaul,uhaul_836088,836088,10x10,uhaul_55fa24ef5322448ca3a22653c589417a,listed,True,False
2026-09-05,uhaul,uhaul_837054,837054,8x10,uhaul_07aeee930b3347339eabcb168a176454,listed,True,False
2026-09-05,uhaul,uhaul_837069,837069,10x16,uhaul_f10c739c114f40749d5ec0bc64d0f81a,listed,True,False
2026-09-05,uhaul,uhaul_838027,838027,10x30,uhaul_65b36505f93f47df80d760f202b6c900,listed,True,False
2026-09-05,uhaul,uhaul_838051,838051,7x11.3,uhaul_d9882b800c064119b8daac1b6b8914e6,listed,True,False
2026-09-05,uhaul,uhaul_838054,838054,10x15,uhaul_313b1a5e0f33486b8859c99e03e78da0,listed,True,False
2026-09-05,uhaul,uhaul_838054,838054,10x15,uhaul_d4ed29ba4372412ea84fe57e2cab9447,listed,True,False
2026-09-05,uhaul,uhaul_838068,838068,5x5,uhaul_51ade4c9edb4449392d34247ef068c91,listed,True,False
2026-09-05,uhaul,uhaul_842073,842073,10x10,uhaul_bfdffa1cb81f4a70ad73f89177114307,listed,True,False
2026-09-05,uhaul,uhaul_842073,842073,10x15,uhaul_47f14bccbd1f499ba4889bb09c6275b9,listed,True,False
2026-09-05,uhaul,uhaul_853074,853074,10x15,uhaul_d26038209ab04729ab25519bde547c8b,listed,True,False
2026-09-05,uhaul,uhaul_856058,856058,10x15,uhaul_e820915d40fd4d95bbccc11acc6fc440,listed,True,False
2026-09-05,uhaul,uhaul_857028,857028,10x10,uhaul_6005e0d9c20f47afbea27c105d340117,listed,True,False
2026-09-05,uhaul,uhaul_857028,857028,10x15,uhaul_7ece077bef734607a5b178620f8515c8,listed,True,False
2026-09-05,uhaul,uhaul_857059,857059,5x10,uhaul_9d26770dc0474e469c7adafcb15b5742,listed,True,False
2026-09-05,uhaul,uhaul_858044,858044,10x20,uhaul_f5194584ff544cb2b6bcc11d382279c7,listed,True,False
2026-09-05,uhaul,uhaul_859083,859083,10x30,uhaul_9bd52c44614b4cac81a42ef775538d76,listed,True,False
2026-09-05,uhaul,uhaul_861073,861073,6x8,uhaul_3a2f6e0d23a540d38ae79f50535f39e1,listed,True,False
2026-09-05,uhaul,uhaul_861076,861076,10x10,uhaul_b9d8604fde2c4d6d9d5f307ae48f964c,listed,True,False
2026-09-05,uhaul,uhaul_861077,861077,10x15,uhaul_c5f6046fa72c4e3ab3db15c7383d1ea1,listed,True,False
2026-09-05,uhaul,uhaul_861080,861080,10x10,uhaul_0aaee53bb9ff4d869718d707a4d73542,listed,True,False
2026-09-05,uhaul,uhaul_861086,861086,10x10,uhaul_36879a7d6a444bb3925e6194acbb858e,listed,True,False
2026-09-05,uhaul,uhaul_862036,862036,10x5,uhaul_7f03f008dccc47489b5afe55aff05a8f,listed,True,False
2026-09-05,uhaul,uhaul_863037,863037,5x12,uhaul_194d33a50b5c4a5ab4308a657e9bfd58,listed,True,False
2026-09-05,uhaul,uhaul_863043,863043,10x20,uhaul_66e76ae3e3294a90a38d8065b4889ba4,listed,True,False
2026-09-05,uhaul,uhaul_863071,863071,5x10,uhaul_1a27922fef2c4efe9b10d4d41ddce249,listed,True,False
2026-09-05,uhaul,uhaul_863071,863071,10x10,uhaul_2477da5f296c43628315619d3631ad60,listed,True,False
2026-09-05,uhaul,uhaul_864072,864072,10x15,uhaul_25dd651516c945c19553c50f46bd799d,listed,True,False
2026-09-05,uhaul,uhaul_865053,865053,5x5,uhaul_2a79bf9631354ff2bb030b0567b4dcad,listed,True,False
2026-09-05,uhaul,uhaul_866078,866078,6x11,uhaul_b26651287153428cbdb4704dee51c702,listed,True,False
2026-09-05,uhaul,uhaul_866078,866078,10x20,uhaul_5bed8726a25b4f4880aac4e1b52fcf38,listed,True,False
2026-09-05,uhaul,uhaul_867034,867034,10x20,uhaul_938d39ad8c784e11a23696aa4e4e0e97,listed,True,False
2026-09-05,uhaul,uhaul_867054,867054,10x15,uhaul_e34136aedf334000a605294d51545127,listed,True,False
2026-09-05,uhaul,uhaul_867064,867064,4x8,uhaul_322ea71b817a475982fba5c4e91efe96,listed,True,False
2026-09-05,uhaul,uhaul_867071,867071,5x5,uhaul_8b46f5ea49ab4ce5bf6ff594888190c3,listed,True,False
2026-09-05,uhaul,uhaul_868057,868057,10x10,uhaul_ca592824ef374ebdaca218f2e7e4c277,listed,True,False
2026-09-05,uhaul,uhaul_868057,868057,10x20,uhaul_9d55fba5bcaf43e8a93619c10178be13,listed,True,False
2026-09-05,uhaul,uhaul_868082,868082,5x5,uhaul_a4c7e17dcf6b4dd0a69fece26bc545ad,listed,True,False
2026-09-05,uhaul,uhaul_868082,868082,10x10,uhaul_8884f8f1509a44348b517f82a98b5a42,listed,True,False
2026-09-05,uhaul,uhaul_869029,869029,10x8,uhaul_5b1e0c7d06e8472c989a1aaf9f30eff6,listed,True,False
2026-09-05,uhaul,uhaul_869054,869054,5x5,uhaul_9589ba58a6e3436abc683a8c48088d2b,listed,True,False
2026-09-05,uhaul,uhaul_869079,869079,5x5,uhaul_19e48af1c92642ed85423baac436fe73,listed,True,False
2026-09-05,uhaul,uhaul_869080,869080,8x8,uhaul_b940e08391094f548a6533c5c992cd88,listed,True,False
2026-09-05,uhaul,uhaul_869086,869086,10x15,uhaul_cd151ffa6cfb4981aa087fcd64e43a34,listed,True,False
2026-09-05,uhaul,uhaul_871027,871027,10x15,uhaul_e183e8d20f4549cf91ea8f42d2a287ff,listed,True,False
2026-09-05,uhaul,uhaul_871027,871027,10x20,uhaul_39b640cd9d484f3982af79a00d5c4341,listed,True,False
2026-09-05,uhaul,uhaul_871074,871074,10x8,uhaul_6e7cb9fa37be44d991b0a44fed979e69,listed,True,False
2026-09-05,uhaul,uhaul_872064,872064,5x9,uhaul_ce81c1de6dbb449083e550b6ffc48200,listed,True,False
2026-09-05,uhaul,uhaul_872081,872081,10x25,uhaul_0df856a4f9ff45b0b930b8bc9d0e2619,listed,True,False
2026-09-05,uhaul,uhaul_872083,872083,5x5,uhaul_660b8f98c413494cb7db0a834435175f,listed,True,False
2026-09-05,uhaul,uhaul_873028,873028,10x10,uhaul_c6c19cc0f18e48c6af5c8a0c0210ebd4,listed,True,False
2026-09-05,uhaul,uhaul_873087,873087,10x10,uhaul_f166c15c26404aa880067ff6c8b7e07e,listed,True,False
2026-09-05,uhaul,uhaul_874050,874050,10x15,uhaul_5765557ffba44785932c74d7f3a85ac5,listed,True,False
2026-09-05,uhaul,uhaul_874058,874058,7x10,uhaul_088dfa565a40430ba7ac9578bc7062ae,listed,True,False
2026-09-05,uhaul,uhaul_874058,874058,10x15,uhaul_205dfadae99c4acda085d8d472d41627,listed,True,False
2026-09-05,uhaul,uhaul_875028,875028,10x10,uhaul_a48073ba3b934216b337ce3dfa0bcf67,listed,True,False
2026-09-05,uhaul,uhaul_875054,875054,5x25,uhaul_f4ed7ace72d947be9bd95d2570ceffa4,listed,True,False
2026-09-05,uhaul,uhaul_875080,875080,10x10,uhaul_79f3fc16833f406cb017acbe94c72d51,listed,True,False
2026-09-05,uhaul,uhaul_876024,876024,10x10,uhaul_b5b1f21ba8d8484da87b3c93948e4051,listed,True,False
2026-09-05,uhaul,uhaul_876025,876025,7x11,uhaul_512559c046bf46c3a0af5ed63dabea1b,listed,True,False
2026-09-05,uhaul,uhaul_876027,876027,12x45,uhaul_094ae232d83342c7be4199c8ab7643e8,listed,True,False
2026-09-05,uhaul,uhaul_876035,876035,12x25,uhaul_53d2dc4dd0c74792a127d7f0e2a8484b,listed,True,False
2026-09-05,uhaul,uhaul_876053,876053,7.3x23.5,uhaul_2537e4c2637c4649bf7e71b9a522b53d,listed,True,False
2026-09-05,uhaul,uhaul_876073,876073,5x10,uhaul_e59a8a121f324bad927c42cf70ad7228,listed,True,False
2026-09-05,uhaul,uhaul_878066,878066,5x10,uhaul_cd55c759a518493a9f221ce303d86b19,listed,True,False
2026-09-05,uhaul,uhaul_879033,879033,18x20,uhaul_fe00f13d2bd34ffc93c190c62cfd2761,listed,True,False
2026-09-05,uhaul,uhaul_879034,879034,10x15,uhaul_52f0fb60a4f04aefb68665579ad74c58,listed,True,False
2026-09-05,uhaul,uhaul_879069,879069,5x15,uhaul_5b92f4be66f143b89143da8106d52884,listed,True,False
2026-09-05,uhaul,uhaul_920084,920084,10x8,uhaul_d4050757e57f48f7973e3e7acf0dacc5,listed,True,False
2026-09-05,uhaul,uhaul_921024,921024,10x10,uhaul_c70000fc8a1e4e478f27b74581d35413,listed,True,False
2026-09-05,uhaul,uhaul_921069,921069,5x15,uhaul_9ce1ea2eb6ae42009b45c3ff2284b6c5,listed,True,False
2026-09-05,uhaul,uhaul_921072,921072,10x20,uhaul_2bcba63508dc475e8cd274fe4d5f2f88,listed,True,False
2026-09-05,uhaul,uhaul_922024,922024,10x15,uhaul_7566618abe38468e8ede044b481cc209,listed,True,False
2026-09-05,uhaul,uhaul_922071,922071,11x30,uhaul_ecb22caf949340079fad2394fdf7b78a,listed,True,False
2026-09-05,uhaul,uhaul_923042,923042,10x20,uhaul_a675e183b43c4d00bef9e74fa2f7cb34,listed,True,False
2026-09-05,uhaul,uhaul_923067,923067,10x20,uhaul_90bccd7b1b6647d880168db9c80b1629,listed,True,False
2026-09-05,uhaul,uhaul_923071,923071,5x10,uhaul_554e0ccde33b49018e447cdfc517bc58,listed,True,False
2026-09-05,uhaul,uhaul_924030,924030,5x5,uhaul_99694d291bf04056bafccfa6373168f3,listed,True,False
2026-09-05,uhaul,uhaul_924030,924030,10x10,uhaul_1cd6c0bc738f4f2ca3798ff25cf7cc06,listed,True,False
2026-09-05,uhaul,uhaul_924050,924050,5x6,uhaul_6e5473c4ca5f4b2f80440874009ae41f,listed,True,False
2026-09-05,uhaul,uhaul_924050,924050,8x9,uhaul_217dd5b98a454a57a0a57b35450d80f7,listed,True,False
2026-09-05,uhaul,uhaul_924051,924051,10x10,uhaul_8bf404e565c64abb91054aaa08b31f7a,listed,True,False
2026-09-05,uhaul,uhaul_924051,924051,10x15,uhaul_01773bed2c97473f916a2d9749c5ee26,listed,True,False
2026-09-05,uhaul,uhaul_924059,924059,5x5,uhaul_e74c7d12a8fb498ebd44c3fd01d44c10,listed,True,False
2026-09-05,uhaul,uhaul_924059,924059,3x5,uhaul_be85186de96d45268295a3d418b8f34a,listed,True,False
2026-09-05,uhaul,uhaul_924074,924074,5x10,uhaul_7fc192acb67e4c65a482502b4771c52a,listed,True,False
2026-09-05,uhaul,uhaul_924074,924074,10x5,uhaul_6eae1ed087ad4c2ca363a92cfec6f4b9,listed,True,False
2026-09-05,uhaul,uhaul_925072,925072,10x9,uhaul_40f7654f82d54e6481e94bd1e8e0746f,listed,True,False
2026-09-05,uhaul,uhaul_925072,925072,10x10,uhaul_2e29c1eb27a7499cadbc4f92aa47f6de,listed,True,False
2026-09-05,uhaul,uhaul_925074,925074,10x15,uhaul_930f8b5280e24251b8925994dd01ef9f,listed,True,False
2026-09-05,uhaul,uhaul_927027,927027,10x10,uhaul_de549a510c9b4ad0908c94fe628119de,listed,True,False
2026-09-05,uhaul,uhaul_927065,927065,10x15,uhaul_534025ced7aa48879944c4ffbaccfda3,listed,True,False
2026-09-05,uhaul,uhaul_928070,928070,10x10,uhaul_d421867175e94bb099ad70663b0149e8,listed,True,False
2026-09-05,uhaul,uhaul_928076,928076,5x10,uhaul_94dd217da2854a568d2918e696e8c613,listed,True,False
2026-09-05,uhaul,uhaul_929050,929050,10x10,uhaul_7a9e04370faf4f30b88a68563e2287f6,listed,True,False
2026-09-05,uhaul,uhaul_929050,929050,10x10,uhaul_dd9b3580655b4fce94dc7fc85efa6f3d,listed,True,False
2026-09-05,uhaul,uhaul_929052,929052,10x5,uhaul_709e3ab19a564c6194d3ae13341d339b,listed,True,False
2026-09-05,uhaul,uhaul_929071,929071,10x15,uhaul_1c8748ef7cff4075b4c19cb85441622e,listed,True,False
2026-09-05,uhaul,uhaul_929080,929080,5x5,uhaul_61981e4a4cc64d2483d3004591f2b0e4,listed,True,False
2026-09-05,uhaul,uhaul_929080,929080,10x15,uhaul_cc3867116bbe4d4db2ff9ba336a3644a,listed,True,False
2026-09-05,uhaul,uhaul_930058,930058,10x20,uhaul_a550adf0ec0f4b1e8c8633b058819665,listed,True,False
2026-09-05,uhaul,uhaul_930062,930062,10x10,uhaul_d3e42232323c48cbbfee377e90166365,listed,True,False
2026-09-05,uhaul,uhaul_930074,930074,10x20,uhaul_a7b0cc1986d046618d14fe9b2436842c,listed,True,False
2026-09-05,uhaul,uhaul_930074,930074,10x10,uhaul_5a08018613d34bcca619d811d079b038,listed,True,False
2026-09-05,uhaul,uhaul_930086,930086,10x20,uhaul_39cced1ca75c4fbbb73f8985bdcd636e,listed,True,False
2026-09-05,uhaul,uhaul_930086,930086,10x4,uhaul_7be8d57612744f1eaebb745afd8059e8,listed,True,False
2026-09-05,uhaul,uhaul_931031,931031,12x30,uhaul_01404e1031fa40f781d15773122a7157,listed,True,False
2026-09-05,uhaul,uhaul_931045,931045,10x20,uhaul_7583bce570634f6c960d30e26a29c7cd,listed,True,False
2026-09-05,uhaul,uhaul_932023,932023,5x10,uhaul_f99bc06328c9418ebee117c2d6fbade1,listed,True,False
2026-09-05,uhaul,uhaul_932071,932071,10x15,uhaul_3f8444df610f4feba2a9616dd1a8faf9,listed,True,False
2026-09-05,uhaul,uhaul_932072,932072,10x10,uhaul_61f8561500c843a7bda587a64fd36889,listed,True,False
2026-09-05,uhaul,uhaul_934028,934028,5x5,uhaul_6214717f1fb3477d8703f0563c9cffda,listed,True,False
2026-09-05,uhaul,uhaul_935034,935034,5x10,uhaul_f7f4bf7d77c64ce6b0b6fba2d58bfd08,listed,True,False
2026-09-05,uhaul,uhaul_936057,936057,7x10,uhaul_f00591771d9e4b5586187134a35b421d,listed,True,False
2026-09-05,uhaul,uhaul_936067,936067,5x8,uhaul_9ab1438b27f44297910e0e38734453c4,listed,True,False
2026-09-05,uhaul,uhaul_936079,936079,10x5,uhaul_1e4d1da3171047eabed692f292b7391d,listed,True,False
2026-09-05,uhaul,uhaul_937024,937024,5x10,uhaul_d36bc6d2c4e84f5da9bf8d5038db34b9,listed,True,False
2026-09-05,uhaul,uhaul_938057,938057,5x15,uhaul_900b3f0cfc544b5eaf64ae3194a540fd,listed,True,False
2026-09-05,uhaul,uhaul_938080,938080,10x10,uhaul_20e4253d412245f789c431fb45b84613,listed,True,False
2026-09-05,uhaul,uhaul_940085,940085,10x20,uhaul_8f263862fef14f2a8a6828b1a0dac2b5,listed,True,False
2026-09-05,uhaul,uhaul_941069,941069,10x10,uhaul_060d3e7bae2644ec85187ef4c2cf7e71,listed,True,False
2026-09-05,uhaul,uhaul_943076,943076,10x25,uhaul_84ef6af02dc94cb08666886e13c0c26b,listed,True,False
2026-09-05,uhaul,uhaul_944033,944033,4x12,uhaul_41f01e8769e24689a9e047d76ca6e9cd,listed,True,False
2026-09-05,uhaul,uhaul_944033,944033,16x10,uhaul_40e4e40571da457189eaffb2bf761366,listed,True,False
2026-09-05,uhaul,uhaul_944054,944054,8x8,uhaul_f24f2ace9cab4bcd803ccd40df63a82a,listed,True,False
2026-09-05,uhaul,uhaul_944080,944080,10x5,uhaul_240fd08a5245415f864e60014d06ca68,listed,True,False
2026-09-05,uhaul,uhaul_945075,945075,10x5,uhaul_4136c83540304405880bc1deb9e7fae9,listed,True,False
2026-09-05,uhaul,uhaul_945082,945082,10x9,uhaul_d20ff6460b9a424dbed8280f6dc705b8,listed,True,False
2026-09-05,uhaul,uhaul_946025,946025,5x5,uhaul_f05ca246cb8b4c3490009fd4f756327d,listed,True,False
2026-09-05,uhaul,uhaul_946075,946075,5x10,uhaul_bab94f9f53ef4c17bbf3c06ff3776883,listed,True,False
2026-09-05,uhaul,uhaul_947028,947028,10x10,uhaul_6b67a440399a4ecc9d3e74e833d2374b,listed,True,False
2026-09-05,uhaul,uhaul_948033,948033,10x10,uhaul_27a7fdf35e6044d1b0e4501173330d5e,listed,True,False
2026-09-05,uhaul,uhaul_948036,948036,5x10,uhaul_57451163825c4f198771b271d29d9f8a,listed,True,False
2026-09-05,uhaul,uhaul_948051,948051,5x5,uhaul_1a897d0aed6d4f6ca2896599ba0640f8,listed,True,False
2026-09-05,uhaul,uhaul_948051,948051,10x10,uhaul_3ded24b7177741c2a053bf456979c3c8,listed,True,False
2026-09-05,uhaul,uhaul_948051,948051,7x16.5,uhaul_3739f1a5c1ed4b3ba80722bf0794d721,listed,True,False
2026-09-05,uhaul,uhaul_949029,949029,10x15,uhaul_36078c315b2a44cb9d1d14652f698ada,listed,True,False
2026-09-05,uhaul,uhaul_949042,949042,5x5,uhaul_0f7dfa9a0b744064b9aa02145ee93162,listed,True,False
2026-09-05,uhaul,uhaul_949072,949072,5x10,uhaul_11174b33afa24353a47e1e8c6984e55e,listed,True,False
2026-09-05,uhaul,uhaul_949072,949072,5x7,uhaul_3a9fcaec139c4c56831057dea19996e3,listed,True,False
2026-09-05,uhaul,uhaul_952073,952073,10x10,uhaul_72c789a84bc0424f8e8c19f32da4cdf4,listed,True,False
2026-09-05,uhaul,uhaul_952077,952077,10x20,uhaul_9ce58717a8ac4687afb16f8dd07cecb8,listed,True,False
2026-09-05,uhaul,uhaul_952083,952083,12x30,uhaul_d085379b515a4dca876dd1222409fd98,listed,True,False
2026-09-05,uhaul,uhaul_953054,953054,10x5,uhaul_c17276a3aed44ad597110e03703af635,listed,True,False
2026-09-05,uhaul,uhaul_953055,953055,5x5,uhaul_998e47de8e5e4513b8a0c98fecb9afe0,listed,True,False
2026-09-05,uhaul,uhaul_953078,953078,5x5,uhaul_d19f0480fb9d4f078fad59f9f59e286a,listed,True,False
2026-09-05,uhaul,uhaul_954026,954026,10x10,uhaul_20d9e59ea51a42e5997f9d581a2a1615,listed,True,False
2026-09-05,uhaul,uhaul_954052,954052,10x10,uhaul_bb948671b9604e3493857d7eaa75b14c,listed,True,False
2026-09-05,uhaul,uhaul_955071,955071,5x10,uhaul_3ea501a32e40420cac4878e3839e87ce,listed,True,False
2026-09-05,uhaul,uhaul_955071,955071,10x5,uhaul_ffe7c58a02eb4fa4b6bc8a5309c3fdbe,listed,True,False
2026-09-05,uhaul,uhaul_955071,955071,10x15,uhaul_77df12ad47a244b993dcaa56637dc792,listed,True,False
2026-09-05,uhaul,uhaul_955071,955071,10x20,uhaul_acb1f9f25a5146998b300a2a3d850e54,listed,True,False
2026-09-05,uhaul,uhaul_956038,956038,5x10,uhaul_3123262da13746c697e88e8fecb61969,listed,True,False
2026-09-05,uhaul,uhaul_957066,957066,8x10,uhaul_35c869093e22487094a9db02b54c9ab8,listed,True,False
2026-09-05,uhaul,uhaul_958025,958025,10x10,uhaul_ef7a57e605064ec7b727b1a66851c28c,listed,True,False
2026-09-05,uhaul,uhaul_958073,958073,10x10,uhaul_3d875b10ba964f32896fc3863f8d6e4f,listed,True,False
2026-09-05,uhaul,uhaul_959081,959081,8x10,uhaul_659d6eda43784b97af82ea3e49916ba6,listed,True,False
2026-09-05,uhaul,uhaul_961071,961071,10x15,uhaul_cbf0311a160b4d45813690b56c95c4e2,listed,True,False
2026-09-05,uhaul,uhaul_961076,961076,5x5,uhaul_ba2cb908bb094ce08f5d0f3137f96d4a,listed,True,False
2026-09-05,uhaul,uhaul_961076,961076,5x10,uhaul_9ecf70f445f744a99cbc2e4c661c4d31,listed,True,False
2026-09-05,uhaul,uhaul_961076,961076,7x10,uhaul_547ffeca747745f79ca2b24ef5c25d5e,listed,True,False
2026-09-05,uhaul,uhaul_700071,700071,5x5,uhaul_366cd9a244e0418b8d8990a9fac359ef,listed,False,True
2026-09-05,uhaul,uhaul_700076,700076,5x7,uhaul_0c8e72f4678444c9bb8a6e5c01744df8,listed,False,True
2026-09-05,uhaul,uhaul_701043,701043,7x10,uhaul_a2131ca44e3f41c7bc40e30b752aba40,listed,False,True
2026-09-05,uhaul,uhaul_701057,701057,10x9,uhaul_899264e53e4a4f4bb769b1286d609417,listed,False,True
2026-09-05,uhaul,uhaul_702029,702029,8x10,uhaul_1d7ca1cfad69484d88d12d54958e1ed6,listed,False,True
2026-09-05,uhaul,uhaul_702079,702079,8x8,uhaul_7511a40b352a45caaf1e5f198b267ce5,listed,False,True
2026-09-05,uhaul,uhaul_702079,702079,10x15,uhaul_318a7178fa20490f89a65907fab609ff,listed,False,True
2026-09-05,uhaul,uhaul_703023,703023,10x20,uhaul_5de582a1d22d479386e8f2b0c6857e9f,listed,False,True
2026-09-05,uhaul,uhaul_703071,703071,10x15,uhaul_4b336f0d800c44298926f1603ec73d7b,listed,False,True
2026-09-05,uhaul,uhaul_703072,703072,7x10,uhaul_2ce5e00eae2244488350f8daa86b2eb1,listed,False,True
2026-09-05,uhaul,uhaul_703083,703083,5x5,uhaul_c116e73d114f4cdcac9f441103700250,listed,False,True
2026-09-05,uhaul,uhaul_703083,703083,5x10,uhaul_62738147f7604b919646a9fcdc6fa855,listed,False,True
2026-09-05,uhaul,uhaul_704024,704024,10x20,uhaul_6268c5a82ae742e2b7dff5d77f3679c5,listed,False,True
2026-09-05,uhaul,uhaul_704024,704024,9x10,uhaul_4a61eab0ce134a679ab15ad228acb57d,listed,False,True
2026-09-05,uhaul,uhaul_704024,704024,9x15,uhaul_2bf2c5d6913847dfb6f63332d5da9141,listed,False,True
2026-09-05,uhaul,uhaul_704026,704026,9.5x12.5,uhaul_eb6f78a48c0346358e3016fdde6fae22,listed,False,True
2026-09-05,uhaul,uhaul_704042,704042,5x10,uhaul_b845a483c40647bcbe9898de8f07f16c,listed,False,True
2026-09-05,uhaul,uhaul_704075,704075,10x10,uhaul_8e9bd8a1dd1d4fa187742d5455b50e96,listed,False,True
2026-09-05,uhaul,uhaul_706067,706067,10x10,uhaul_28b65339463244c88dad804d9c072254,listed,False,True
2026-09-05,uhaul,uhaul_706067,706067,10x10,uhaul_4d92d91f702f4c8bb858bfa4f534ff8d,listed,False,True
2026-09-05,uhaul,uhaul_706067,706067,20x10,uhaul_0078b545c12a488f848c244636e6e4dd,listed,False,True
2026-09-05,uhaul,uhaul_706071,706071,10x16,uhaul_5b52609b6c0f46799257033146aaf1c7,listed,False,True
2026-09-05,uhaul,uhaul_706073,706073,5x7,uhaul_8f13d5dacc4e401889fac62251b800bb,listed,False,True
2026-09-05,uhaul,uhaul_706075,706075,10x30,uhaul_0cd141456e8c44cdaf856c753fbcb6a2,listed,False,True
2026-09-05,uhaul,uhaul_706075,706075,12x25,uhaul_5f0bc267e009491db83406e055ddba59,listed,False,True
2026-09-05,uhaul,uhaul_707028,707028,5x5,uhaul_ee9bc93d522640148eeef0a05b623b77,listed,False,True
2026-09-05,uhaul,uhaul_707028,707028,5x8,uhaul_246247253d2b4d8f853dd1a88ef27417,listed,False,True
2026-09-05,uhaul,uhaul_707028,707028,10x15,uhaul_bff97b7debbb4b88a9f8ff5593105f37,listed,False,True
2026-09-05,uhaul,uhaul_708061,708061,8x6,uhaul_0e62a913778c4627b6efb54e1465d8fb,listed,False,True
2026-09-05,uhaul,uhaul_708066,708066,4x8,uhaul_88c560a28453410e9407fe3b05883217,listed,False,True
2026-09-05,uhaul,uhaul_708066,708066,8x12,uhaul_99802e7a4cbb40acbed8f6c603831565,listed,False,True
2026-09-05,uhaul,uhaul_710078,710078,10x30,uhaul_aa7d438e363a43a68371585ab25e3f03,listed,False,True
2026-09-05,uhaul,uhaul_711064,711064,4x8,uhaul_4b6fa7d78b1b4faf8bb5f22a4a2c44e9,listed,False,True
2026-09-05,uhaul,uhaul_711072,711072,10x10,uhaul_c06bd352853d488bbaf2d6fb0d70bbef,listed,False,True
2026-09-05,uhaul,uhaul_712027,712027,6x8,uhaul_ccdf00e87b884a9b9fdd392483de7ff2,listed,False,True
2026-09-05,uhaul,uhaul_712030,712030,7x9,uhaul_352ca192cb374e9fb5d468b22d79ddeb,listed,False,True
2026-09-05,uhaul,uhaul_712032,712032,5x10,uhaul_269543f903b84df7b718c20c69462f11,listed,False,True
2026-09-05,uhaul,uhaul_712032,712032,5x7,uhaul_c97f8c181b0542169e0c9c27782f5ec2,listed,False,True
2026-09-05,uhaul,uhaul_712034,712034,5x5,uhaul_b0685bb22fc040379dcac49c64adbf56,listed,False,True
2026-09-05,uhaul,uhaul_713059,713059,10x15,uhaul_4957382455354564b9dd5fbce7494f03,listed,False,True
2026-09-05,uhaul,uhaul_714042,714042,10x10,uhaul_34d38187c0fa41e5a8585d5ab9fc93a5,listed,False,True
2026-09-05,uhaul,uhaul_714064,714064,6x12,uhaul_afe7522941274af984eb5a15b4fc7a0a,listed,False,True
2026-09-05,uhaul,uhaul_714071,714071,4x4,uhaul_5523ede0e71a414488cac7afcf2ca7c9,listed,False,True
2026-09-05,uhaul,uhaul_714071,714071,5x7,uhaul_e14feb252bae494dacaa1f2753d0e55a,listed,False,True
2026-09-05,uhaul,uhaul_715083,715083,6x10,uhaul_dba85f5a28864b7f9d8caacd9315071e,listed,False,True
2026-09-05,uhaul,uhaul_716024,716024,12x8,uhaul_b1c4a15a6d814b9188709c2cdddcc7ab,listed,False,True
2026-09-05,uhaul,uhaul_716035,716035,6x8,uhaul_ca6048f7c026431bbbf3192c95310b60,listed,False,True
2026-09-05,uhaul,uhaul_716071,716071,5x9.5,uhaul_f8f24f002c43488288f8b33c2e4a85da,listed,False,True
2026-09-05,uhaul,uhaul_716071,716071,7x14,uhaul_193961f47ecd4f66a6fcafcae6dbd0ba,listed,False,True
2026-09-05,uhaul,uhaul_717037,717037,5x10,uhaul_c8dd3e3a53784afa957338b7bdde8c35,listed,False,True
2026-09-05,uhaul,uhaul_718051,718051,4x4,uhaul_bdb167b3fbba421cb54cf96874e48a66,listed,False,True
2026-09-05,uhaul,uhaul_718051,718051,10x15,uhaul_3a3924ae890546fd8c323a3928bc13cf,listed,False,True
2026-09-05,uhaul,uhaul_718053,718053,5x15,uhaul_ffd84c23477746efb921dc00a2f21ca4,listed,False,True
2026-09-05,uhaul,uhaul_718055,718055,10x15,uhaul_54817ca840234921b9e164b6ddbee4b9,listed,False,True
2026-09-05,uhaul,uhaul_718072,718072,10x5,uhaul_724c2af186564400b4344177fb43e972,listed,False,True
2026-09-05,uhaul,uhaul_718072,718072,10x8,uhaul_c7ea21c6920a4d90976a2062eb499585,listed,False,True
2026-09-05,uhaul,uhaul_718078,718078,10x15,uhaul_d0838cb998ab485c98550836e7ac9103,listed,False,True
2026-09-05,uhaul,uhaul_718081,718081,5x5,uhaul_47cbbc3f8aac41f49b5912b7fc63d5e6,listed,False,True
2026-09-05,uhaul,uhaul_718081,718081,10x10,uhaul_b0133a11573e4644801a5ae7747d1362,listed,False,True
2026-09-05,uhaul,uhaul_718081,718081,10x15,uhaul_2d64562d31dd49a2b7b7df6ad3991011,listed,False,True
2026-09-05,uhaul,uhaul_719067,719067,10x10,uhaul_26142de7e14e4a64817ff5c8bcd78997,listed,False,True
2026-09-05,uhaul,uhaul_719076,719076,10x10,uhaul_a131ba7b79ca421091b5cac46a61bda9,listed,False,True
2026-09-05,uhaul,uhaul_720059,720059,5x10,uhaul_28c0f8afbc444622b6dc08a9b07c83d6,listed,False,True
2026-09-05,uhaul,uhaul_720077,720077,10x25,uhaul_8bd5fd17ec8842af9ec2f39433715722,listed,False,True
2026-09-05,uhaul,uhaul_720082,720082,10x10,uhaul_dcb90f395de344c4af06acc3468330e5,listed,False,True
2026-09-05,uhaul,uhaul_721058,721058,20x10,uhaul_71e9c771bd5e484b8f030e73b4464eb9,listed,False,True
2026-09-05,uhaul,uhaul_721073,721073,10x5,uhaul_cc617750353048e2842d72474b16e1ab,listed,False,True
2026-09-05,uhaul,uhaul_721073,721073,10x15,uhaul_875aba9ebc9e49edb9a4ebaf065fcaa3,listed,False,True
2026-09-05,uhaul,uhaul_723061,723061,10x10,uhaul_674a765d0dc444a3bb9b87a6219dd201,listed,False,True
2026-09-05,uhaul,uhaul_724072,724072,5x5,uhaul_9ba3d609f4484dca90517fd7c814f719,listed,False,True
2026-09-05,uhaul,uhaul_724072,724072,5x10,uhaul_b26387f9bc0b47469bef5bfc02112f3e,listed,False,True
2026-09-05,uhaul,uhaul_724075,724075,5x5,uhaul_79b8653ce21e476a9fd33fbb37597629,listed,False,True
2026-09-05,uhaul,uhaul_724080,724080,8x10,uhaul_ca98a6d033404008bcef149ffd361c27,listed,False,True
2026-09-05,uhaul,uhaul_724080,724080,10x20,uhaul_a08de0c399744b6cb858c8d265f1ac69,listed,False,True
2026-09-05,uhaul,uhaul_725030,725030,5x10,uhaul_29ac510e36e84814ba4700451a9cdc92,listed,False,True
2026-09-05,uhaul,uhaul_725030,725030,10x15,uhaul_e68d46cf3a604ee4a5acc808a69447fa,listed,False,True
2026-09-05,uhaul,uhaul_725049,725049,10x7,uhaul_a500e61f848f45bd9d1c0fff2363a348,listed,False,True
2026-09-05,uhaul,uhaul_725050,725050,5x10,uhaul_8198d4ae27cb4ddfb0c5c0a2650adcee,listed,False,True
2026-09-05,uhaul,uhaul_725071,725071,5x5,uhaul_6cb98e3bb17b476ab775479f932b4e12,listed,False,True
2026-09-05,uhaul,uhaul_725071,725071,10x10,uhaul_969ef1d1135949f39b8127635ef368cd,listed,False,True
2026-09-05,uhaul,uhaul_725072,725072,7x10,uhaul_912d3ca4f3034fea9d1799444b810ad4,listed,False,True
2026-09-05,uhaul,uhaul_726028,726028,10x15,uhaul_eb77eff3705e4259ace0cc9a830ca884,listed,False,True
2026-09-05,uhaul,uhaul_726065,726065,7x10,uhaul_90f88dd01c9245daa7efecb72e77a581,listed,False,True
2026-09-05,uhaul,uhaul_726065,726065,10x15,uhaul_bdaef0bac22541778824598e0385f8d2,listed,False,True
2026-09-05,uhaul,uhaul_726072,726072,5x5,uhaul_1789035f5cc4484c96c37d05bb518311,listed,False,True
2026-09-05,uhaul,uhaul_726072,726072,5x10,uhaul_f1d77ec98a854337af66643b32ab52ae,listed,False,True
2026-09-05,uhaul,uhaul_726072,726072,5x15,uhaul_420fc0578f364e0e90f4473a83dae09e,listed,False,True
2026-09-05,uhaul,uhaul_726075,726075,5x10,uhaul_7432a6c9a3b94254ad32c88fe1f41396,listed,False,True
2026-09-05,uhaul,uhaul_726078,726078,10x20,uhaul_0ec09b67a383462bab8070a989577a0e,listed,False,True
2026-09-05,uhaul,uhaul_726080,726080,10x15,uhaul_94c9179dbd404a4b9184382278dfab6f,listed,False,True
2026-09-05,uhaul,uhaul_729072,729072,10x5,uhaul_f337aeb966914393929c81f0ffc096e2,listed,False,True
2026-09-05,uhaul,uhaul_729076,729076,7x10,uhaul_6551230930fc4a45bffe0366e28f0b78,listed,False,True
2026-09-05,uhaul,uhaul_729084,729084,10x22,uhaul_a36de2db7a1148bbb53bf0cd411958ae,listed,False,True
2026-09-05,uhaul,uhaul_729085,729085,9x9,uhaul_0c773ce180b246a1b31d3eb8f189633f,listed,False,True
2026-09-05,uhaul,uhaul_730056,730056,10x15,uhaul_500df47017784816961fa17f7b2ad366,listed,False,True
2026-09-05,uhaul,uhaul_730063,730063,10x30,uhaul_25883e04294a4b46b4e67204522d509d,listed,False,True
2026-09-05,uhaul,uhaul_730073,730073,10x10,uhaul_6517279ed30d45a69dbb21046b13a9fa,listed,False,True
2026-09-05,uhaul,uhaul_730073,730073,10x10,uhaul_b4bd87d8892f429280dfe919d83d080b,listed,False,True
2026-09-05,uhaul,uhaul_730073,730073,10x10,uhaul_e022a431ae2f4db1927318f79da25f34,listed,False,True
2026-09-05,uhaul,uhaul_731071,731071,5x10,uhaul_f20594cbb831447f9013d0f4e6cb1bfc,listed,False,True
2026-09-05,uhaul,uhaul_732034,732034,5x5,uhaul_8a0c49c220fa4b1389967685a071996a,listed,False,True
2026-09-05,uhaul,uhaul_732035,732035,5x5,uhaul_49a00e89a88b4b018e0e005ad9d76242,listed,False,True
2026-09-05,uhaul,uhaul_732059,732059,5x10,uhaul_de6bbb9e8a264bc8b4e9465f7ab8607e,listed,False,True
2026-09-05,uhaul,uhaul_732059,732059,10x5,uhaul_9c62b4e6a58a4bf584cb03ab9a1b27b0,listed,False,True
2026-09-05,uhaul,uhaul_733035,733035,5x5,uhaul_ce1013b4a18d4f9aa72ce9bd15cad0d3,listed,False,True
2026-09-05,uhaul,uhaul_733035,733035,10x20,uhaul_2e4f2d5991cb48eb86df3bacb05afbb5,listed,False,True
2026-09-05,uhaul,uhaul_733079,733079,5x5,uhaul_026fcea99a1e4e4497e50edf4b4f1078,listed,False,True
2026-09-05,uhaul,uhaul_733079,733079,10x10,uhaul_cfbde728a4624e29a2308a7b3ea75d80,listed,False,True
2026-09-05,uhaul,uhaul_734024,734024,10x15,uhaul_0ebb4a8645c042aa87a1c376e7ebd6b7,listed,False,True
2026-09-05,uhaul,uhaul_734084,734084,10x15,uhaul_3f80f6171804454f9bf7a2bc51c32fb7,listed,False,True
2026-09-05,uhaul,uhaul_734085,734085,5x10,uhaul_0daca115ddac4f0e9843cd216830acc3,listed,False,True
2026-09-05,uhaul,uhaul_735065,735065,10x20,uhaul_72a5b4c7e3154908812c85aa70f06092,listed,False,True
2026-09-05,uhaul,uhaul_735078,735078,10x20,uhaul_8f851e9e5bd54441977c0d6f339ad8c8,listed,False,True
2026-09-05,uhaul,uhaul_735081,735081,10x20,uhaul_cc8bc6e6a86e48ab8e4cff629f34aeb8,listed,False,True
2026-09-05,uhaul,uhaul_735086,735086,10x20,uhaul_05200bf29b5c4da0a3bf4218e5bc077e,listed,False,True
2026-09-05,uhaul,uhaul_736028,736028,10x15,uhaul_c21a2fb6f265424ea3ed8ccf0dc1df46,listed,False,True
2026-09-05,uhaul,uhaul_736055,736055,3x3,uhaul_d2f7620d9cee44c99e7debc2d6c15d2c,listed,False,True
2026-09-05,uhaul,uhaul_736078,736078,10x12,uhaul_4800136c83bc4d059c7e0f987bdea079,listed,False,True
2026-09-05,uhaul,uhaul_737060,737060,10x15,uhaul_5945f20e298d4e3294bb9fb20f3dc582,listed,False,True
2026-09-05,uhaul,uhaul_739027,739027,10x10,uhaul_30f52d69742a447894ed3be49f179bef,listed,False,True
2026-09-05,uhaul,uhaul_740055,740055,10x13,uhaul_9b1d19a39d4d4e19a5a65349a69932fd,listed,False,True
2026-09-05,uhaul,uhaul_740065,740065,6x9,uhaul_6e2a6c85ee23428f808c0323ed69b06d,listed,False,True
2026-09-05,uhaul,uhaul_740065,740065,7x23,uhaul_a1b6019acc1a42d6bf0a01c91d4a93c6,listed,False,True
2026-09-05,uhaul,uhaul_740073,740073,10x15,uhaul_6ce9055b18b74379b4efaaecb2a9c538,listed,False,True
2026-09-05,uhaul,uhaul_741060,741060,10x15,uhaul_a4a281cc477c4dca9ec12916c1874897,listed,False,True
2026-09-05,uhaul,uhaul_741065,741065,5x5,uhaul_e3776dd91aa54b90953915ed05bfbf1a,listed,False,True
2026-09-05,uhaul,uhaul_741065,741065,5x10,uhaul_818ef41ed3ae49e4a4ce8c6873e018dc,listed,False,True
2026-09-05,uhaul,uhaul_741065,741065,10x20,uhaul_a028dbcf70ca49099eec5e1f257766be,listed,False,True
2026-09-05,uhaul,uhaul_742028,742028,10x10,uhaul_cfdf9b4a7286453187a7317befb3dbaf,listed,False,True
2026-09-05,uhaul,uhaul_742053,742053,8x10,uhaul_cc4ef4c7f546418eb6ff5c5d336c4362,listed,False,True
2026-09-05,uhaul,uhaul_742053,742053,10x10,uhaul_33afb6a72d234f15b20dec6fb9278147,listed,False,True
2026-09-05,uhaul,uhaul_742055,742055,10x20,uhaul_0f3d3b90f2ea4c48b3b9b310a7d7c6bb,listed,False,True
2026-09-05,uhaul,uhaul_742062,742062,5x10,uhaul_9e23c703a5fa452b9dc7fdf634bce884,listed,False,True
2026-09-05,uhaul,uhaul_743052,743052,10x10,uhaul_462a0a9c8b114b0eade3c2a0bf26e410,listed,False,True
2026-09-05,uhaul,uhaul_743052,743052,10x10,uhaul_285e0751d1a44250a76d62d8ddca62e6,listed,False,True
2026-09-05,uhaul,uhaul_743072,743072,10x8,uhaul_2ca7f704d592423b969a6b0ba4b6a334,listed,False,True
2026-09-05,uhaul,uhaul_743075,743075,8x10,uhaul_4af8fb79ec8a4ad28185ebc81ea7dae5,listed,False,True
2026-09-05,uhaul,uhaul_743075,743075,8x13,uhaul_28bc149026a5456db3b8effc540c54e8,listed,False,True
2026-09-05,uhaul,uhaul_743081,743081,10x20,uhaul_e40ef0e037a04552ba5a6d8f5a2d6a90,listed,False,True
2026-09-05,uhaul,uhaul_745040,745040,7.5x10,uhaul_f2899e82d190415c86b2a15e285d96c1,listed,False,True
2026-09-05,uhaul,uhaul_745053,745053,10x25,uhaul_6756505d1ae74ca8b162d934c38b3258,listed,False,True
2026-09-05,uhaul,uhaul_745076,745076,5x5,uhaul_e44dacbca42643efb5f6e3db6aefc3d7,listed,False,True
2026-09-05,uhaul,uhaul_746036,746036,5x5,uhaul_ff5d6967d7f44751aa16d1e8fd8d352d,listed,False,True
2026-09-05,uhaul,uhaul_746055,746055,7.5x10,uhaul_8c4661b4b08d492ebac929f4f805f2ad,listed,False,True
2026-09-05,uhaul,uhaul_746055,746055,10x10,uhaul_001c3998c79845869db367e48aad138d,listed,False,True
2026-09-05,uhaul,uhaul_746077,746077,10x10,uhaul_5aa2f33d9f5946eeb442c076638286dd,listed,False,True
2026-09-05,uhaul,uhaul_747074,747074,10x10,uhaul_2f62fe2c0eba44febb6df14270948b91,listed,False,True
2026-09-05,uhaul,uhaul_747075,747075,10x10,uhaul_a845b36393584279a26792dbde0c24ad,listed,False,True
2026-09-05,uhaul,uhaul_748052,748052,10x20,uhaul_addc73af6ba44540b7efe2c27e888fce,listed,False,True
2026-09-05,uhaul,uhaul_748057,748057,4x7,uhaul_f2bfda9b7f244cdc9f031b051ae92660,listed,False,True
2026-09-05,uhaul,uhaul_748057,748057,5x10,uhaul_d9e2ae8ec931489c90ecf97838e583e3,listed,False,True
2026-09-05,uhaul,uhaul_748066,748066,8x8,uhaul_3de743ab536044159dd520756ead99a1,listed,False,True
2026-09-05,uhaul,uhaul_749052,749052,4x9,uhaul_337af47316844094b686908eb802bb38,listed,False,True
2026-09-05,uhaul,uhaul_749072,749072,10x15,uhaul_b7688c90c08145d69ff134e33c4a5317,listed,False,True
2026-09-05,uhaul,uhaul_749075,749075,8x10,uhaul_22dd3ecef4744949ac45781cc1959e55,listed,False,True
2026-09-05,uhaul,uhaul_749079,749079,5x10,uhaul_007248c0a4b849f8859810e2a5602b16,listed,False,True
2026-09-05,uhaul,uhaul_749081,749081,5x10,uhaul_acb3575d509d4c1f93ce93e57d99ffe5,listed,False,True
2026-09-05,uhaul,uhaul_749085,749085,10x10,uhaul_f32f20d50f934666980316a830c59169,listed,False,True
2026-09-05,uhaul,uhaul_749086,749086,5x10,uhaul_7a908ae768764638b9741670c4cdf873,listed,False,True
2026-09-05,uhaul,uhaul_750080,750080,5x8,uhaul_1a86e863e5bd40e0910a32dd125ba043,listed,False,True
2026-09-05,uhaul,uhaul_750083,750083,5x15,uhaul_31bbdc86481b41d1ad18a2396e71b597,listed,False,True
2026-09-05,uhaul,uhaul_751073,751073,10x8,uhaul_d66c0519ab21445ba78c8b48681ce317,listed,False,True
2026-09-05,uhaul,uhaul_751083,751083,10x10,uhaul_63bf971e24134984b3a8b9be83d5f419,listed,False,True
2026-09-05,uhaul,uhaul_752023,752023,10x18,uhaul_47575125aa304d4494d1a1ad4e138b17,listed,False,True
2026-09-05,uhaul,uhaul_752075,752075,10x15,uhaul_f5d6bba7a2ca4b78b9e2b00db7095ceb,listed,False,True
2026-09-05,uhaul,uhaul_753031,753031,10x10,uhaul_690cf8925c45470d946a29d8b6fb3adb,listed,False,True
2026-09-05,uhaul,uhaul_754030,754030,8x10,uhaul_0207dabb800540d2955bff54acf28581,listed,False,True
2026-09-05,uhaul,uhaul_754030,754030,10x15,uhaul_cf48c78b61a64d239054a9617ad1ba37,listed,False,True
2026-09-05,uhaul,uhaul_754052,754052,5x5,uhaul_3a381e4d3dad4c228690993a451540db,listed,False,True
2026-09-05,uhaul,uhaul_754071,754071,10x15,uhaul_87ded7eaff1549afb365795f4ad2f1ec,listed,False,True
2026-09-05,uhaul,uhaul_755045,755045,5x7.5,uhaul_9f61185eb3a843e4b38a18e4b0972e43,listed,False,True
2026-09-05,uhaul,uhaul_755045,755045,10x20,uhaul_238716a7fe5c41009a8caa9332208d50,listed,False,True
2026-09-05,uhaul,uhaul_756049,756049,7x8,uhaul_d688b83167e4407b84c6b873b5e7bd7e,listed,False,True
2026-09-05,uhaul,uhaul_757030,757030,10x7,uhaul_f24fd12c6ea34edeade9301dea4dd9c1,listed,False,True
2026-09-05,uhaul,uhaul_757037,757037,8x11,uhaul_44366c0800ca41aeadbf8269cb9b943a,listed,False,True
2026-09-05,uhaul,uhaul_757072,757072,5x10,uhaul_3672236a605249c987fac43e5b9456c6,listed,False,True
2026-09-05,uhaul,uhaul_757075,757075,4x8,uhaul_df41cc6ece0949a584caaf616d646b85,listed,False,True
2026-09-05,uhaul,uhaul_757076,757076,5x10,uhaul_57856a4da6e04c9cbc9dd50794dd621d,listed,False,True
2026-09-05,uhaul,uhaul_757085,757085,5x10,uhaul_cf851f8acd834aca815a6b9f06d33f3b,listed,False,True
2026-09-05,uhaul,uhaul_757085,757085,10x5,uhaul_f5f313d4b0a44c45ab2955155dec75fe,listed,False,True
2026-09-05,uhaul,uhaul_758028,758028,10x9,uhaul_6ead9cee5c2e4c11a36e2fabb72af0fe,listed,False,True
2026-09-05,uhaul,uhaul_758059,758059,7x9,uhaul_cbfc9f29d0694a0f9aa91e41071f8c35,listed,False,True
2026-09-05,uhaul,uhaul_758059,758059,3x5,uhaul_f4d263f6720d4512b64f3d35b59ed169,listed,False,True
2026-09-05,uhaul,uhaul_758059,758059,5x7,uhaul_6f1aa0213f9e47bd9778910ee9f82cb2,listed,False,True
2026-09-05,uhaul,uhaul_758059,758059,3x11,uhaul_a8c657db559c4b7ea8e4bd39c09254f3,listed,False,True
2026-09-05,uhaul,uhaul_758059,758059,7x7,uhaul_b3e07d2811524b70bb0b59b84ad192ae,listed,False,True
2026-09-05,uhaul,uhaul_758059,758059,9x11,uhaul_287a2264d52947a2a6f58bc93322ceb7,listed,False,True
2026-09-05,uhaul,uhaul_758059,758059,7x9,uhaul_6eb45e98a4bc42e2ad7a62ca84f02bba,listed,False,True
2026-09-05,uhaul,uhaul_758059,758059,7x9,uhaul_3ff3f8e7bbda45fdb8126a602c5d8805,listed,False,True
2026-09-05,uhaul,uhaul_758059,758059,8x8,uhaul_0f23cb9fb3a4465789a903c44b140113,listed,False,True
2026-09-05,uhaul,uhaul_758061,758061,8x6,uhaul_6a9d417e38054c40a83e2524cd88a454,listed,False,True
2026-09-05,uhaul,uhaul_758076,758076,10x10,uhaul_4d9ad99539d54974976c6730e32657a7,listed,False,True
2026-09-05,uhaul,uhaul_759022,759022,10x10,uhaul_7e896de6629f41bcbbb18f148b22005d,listed,False,True
2026-09-05,uhaul,uhaul_759025,759025,10x15,uhaul_ca80838a67384fd0be3f3004ffb17dbd,listed,False,True
2026-09-05,uhaul,uhaul_759025,759025,10x15,uhaul_29476e0f9a294e4abcfdcf01e7b1ff58,listed,False,True
2026-09-05,uhaul,uhaul_759051,759051,5x10,uhaul_60f3aa813105474e921efbce56effde4,listed,False,True
2026-09-05,uhaul,uhaul_759068,759068,5x5,uhaul_bf919ac698014eac9664a39a5ef940cb,listed,False,True
2026-09-05,uhaul,uhaul_759073,759073,8x8,uhaul_92ed679b10a149e9bcc41a050adbc6fa,listed,False,True
2026-09-05,uhaul,uhaul_759073,759073,10x8,uhaul_bef552741faa449bb048b8185d271626,listed,False,True
2026-09-05,uhaul,uhaul_760043,760043,10x15,uhaul_0bfe4285af194e0e8c44910c589b4128,listed,False,True
2026-09-05,uhaul,uhaul_761028,761028,10x15,uhaul_8474064ec8ca4c9b97c54bd950adce75,listed,False,True
2026-09-05,uhaul,uhaul_761074,761074,5x5,uhaul_ff12dbb3bfdd4912a2381925aec713d9,listed,False,True
2026-09-05,uhaul,uhaul_761078,761078,8x10,uhaul_a4cb1cd4c26e4b8d96f26c1d60713040,listed,False,True
2026-09-05,uhaul,uhaul_761079,761079,5x5,uhaul_0ff52a8216374a1f9354df1f782987aa,listed,False,True
2026-09-05,uhaul,uhaul_762048,762048,5x10,uhaul_5fb6e1082357465db3634c09b5ccfd06,listed,False,True
2026-09-05,uhaul,uhaul_762064,762064,5x10,uhaul_1c864fc39eae43fa8ebee896e22945e0,listed,False,True
2026-09-05,uhaul,uhaul_763025,763025,5x9,uhaul_a020cd271a8744d2b7ba491bf72f99b9,listed,False,True
2026-09-05,uhaul,uhaul_763025,763025,6x10,uhaul_cb9db6f044dc432f9f83f53fec088ae0,listed,False,True
2026-09-05,uhaul,uhaul_763041,763041,5x10,uhaul_369ae79b7556478692a527aadb3a1c7e,listed,False,True
2026-09-05,uhaul,uhaul_763072,763072,10x8,uhaul_59f0c759e79f4ef9b4324173ac369a1c,listed,False,True
2026-09-05,uhaul,uhaul_763074,763074,5x5,uhaul_93f8e9b0df8d42e7984c7cd0e6bf2817,listed,False,True
2026-09-05,uhaul,uhaul_764051,764051,10x7,uhaul_028aa805f05440d99295345f12bd206f,listed,False,True
2026-09-05,uhaul,uhaul_764051,764051,10x10,uhaul_63973110656a46cfab70eb40c4e24079,listed,False,True
2026-09-05,uhaul,uhaul_764070,764070,8x10,uhaul_29c6914b4fc643c184ba369231aa3757,listed,False,True
2026-09-05,uhaul,uhaul_765072,765072,8x10,uhaul_1a2893d713f34f3aab1542c9cf96b4a8,listed,False,True
2026-09-05,uhaul,uhaul_765075,765075,10x5,uhaul_a6c4d03511804822b22d232345abf203,listed,False,True
2026-09-05,uhaul,uhaul_766067,766067,10x5,uhaul_7d10bb1366d844b0b94a76fc27f7dc30,listed,False,True
2026-09-05,uhaul,uhaul_766071,766071,10x10,uhaul_6388cbbe45b749d78777a39f14fd8bc6,listed,False,True
2026-09-05,uhaul,uhaul_767045,767045,5x5,uhaul_5061abfdc49e4f36aa563e591c4ea895,listed,False,True
2026-09-05,uhaul,uhaul_767045,767045,5x12,uhaul_f11a4f1d384f4a458ccdd9812fb5f567,listed,False,True
2026-09-05,uhaul,uhaul_767071,767071,8x10,uhaul_867db423471f4ee4b963bff1032cf132,listed,False,True
2026-09-05,uhaul,uhaul_769073,769073,5x5,uhaul_44dfc7ae31924783b39b83e336c17cb5,listed,False,True
2026-09-05,uhaul,uhaul_769073,769073,5x10,uhaul_7e04a5eb83a944578b43891bc4af5b0a,listed,False,True
2026-09-05,uhaul,uhaul_769073,769073,10x10,uhaul_f45c0d8827344d519d104cf14430dd70,listed,False,True
2026-09-05,uhaul,uhaul_770028,770028,10x10,uhaul_d055c0660256462499a2f28411439621,listed,False,True
2026-09-05,uhaul,uhaul_770028,770028,10x15,uhaul_0ac5666ba96c49a6be02e01c6ef8fe60,listed,False,True
2026-09-05,uhaul,uhaul_770069,770069,7.3x23.5,uhaul_935f3ce3019e4420a6c0513e5c07c375,listed,False,True
2026-09-05,uhaul,uhaul_770074,770074,10x20,uhaul_b88bec5a895f4f05b81e32658b284a8e,listed,False,True
2026-09-05,uhaul,uhaul_771028,771028,10x15,uhaul_a4dafea60e9d4ceb9540f73693856f74,listed,False,True
2026-09-05,uhaul,uhaul_771068,771068,10x15,uhaul_f87f978ef8534eddae4b0cacefe32809,listed,False,True
2026-09-05,uhaul,uhaul_771073,771073,10x10,uhaul_d7164ce411a14f7c94f7b898593e0ed7,listed,False,True
2026-09-05,uhaul,uhaul_771087,771087,5x10,uhaul_80b8365cd6f247c695ff09b3cb94fe1d,listed,False,True
2026-09-05,uhaul,uhaul_772021,772021,10x15,uhaul_0fbb4c948f0b4a548d333666140c7bde,listed,False,True
2026-09-05,uhaul,uhaul_774061,774061,4x8,uhaul_29073cef5e0c41908c5aeea3e3c80af7,listed,False,True
2026-09-05,uhaul,uhaul_774065,774065,4x4,uhaul_49ccfc040bb54b32a944ac61936135a7,listed,False,True
2026-09-05,uhaul,uhaul_774072,774072,5x8,uhaul_163241383b9b4c28b9f3d2782e677cf3,listed,False,True
2026-09-05,uhaul,uhaul_774072,774072,10x10,uhaul_a75f4ddb6d6942aca0325131b331d1f8,listed,False,True
2026-09-05,uhaul,uhaul_774074,774074,10x12,uhaul_b1bb7f7ac0a0439f92d7e105cc4341af,listed,False,True
2026-09-05,uhaul,uhaul_775031,775031,5x5,uhaul_f2e68108d71841c888fe86d019b6180e,listed,False,True
2026-09-05,uhaul,uhaul_775052,775052,5x10,uhaul_bc755659edff4b50ad869ea009353404,listed,False,True
2026-09-05,uhaul,uhaul_775052,775052,10x10,uhaul_148d4bd1e37640439622f02fe7e22b7e,listed,False,True
2026-09-05,uhaul,uhaul_775075,775075,5x5,uhaul_ee4d575d5d1d4a08b690b68fd0529b0c,listed,False,True
2026-09-05,uhaul,uhaul_775077,775077,10x30,uhaul_b1ff0fae4b4849f0979f907e49561416,listed,False,True
2026-09-05,uhaul,uhaul_776034,776034,7.5x10,uhaul_b11ee25799a346a88a11931502df4108,listed,False,True
2026-09-05,uhaul,uhaul_776035,776035,5x10,uhaul_2350edb51928424582dcbe011850ee80,listed,False,True
2026-09-05,uhaul,uhaul_776053,776053,10x5,uhaul_651d2a28cb1f4a85bd08460632d7153e,listed,False,True
2026-09-05,uhaul,uhaul_776053,776053,10x15,uhaul_37e8c015534f4a25b8402a841129c19a,listed,False,True
2026-09-05,uhaul,uhaul_777072,777072,8x10,uhaul_0bf4d8b602ca4cf8b11a84526e9ae2ce,listed,False,True
2026-09-05,uhaul,uhaul_777076,777076,7x10,uhaul_a74ac4c3e27e4ef39f2a0ec56cf408f5,listed,False,True
2026-09-05,uhaul,uhaul_778026,778026,5x5,uhaul_b6374ff96e5a48f7afcc10985f194b47,listed,False,True
2026-09-05,uhaul,uhaul_778026,778026,10x10,uhaul_03003c857a94468ea4085851fd818212,listed,False,True
2026-09-05,uhaul,uhaul_778072,778072,8x10,uhaul_c757c5f5df5749749ec07d071061cc03,listed,False,True
2026-09-05,uhaul,uhaul_778079,778079,10x15,uhaul_eaa45bffb056436593dcaf6c750cc52e,listed,False,True
2026-09-05,uhaul,uhaul_778080,778080,10x18,uhaul_5c2378a83b0a4c609b8aeb669f67d1e3,listed,False,True
2026-09-05,uhaul,uhaul_779078,779078,5x10,uhaul_ef25567268234741b4939436187aa73d,listed,False,True
2026-09-05,uhaul,uhaul_780072,780072,10x8,uhaul_49e1efe71c8d49b0b07f8e83ab524317,listed,False,True
2026-09-05,uhaul,uhaul_780073,780073,5x7,uhaul_b3c57628725344be8525fb675680fda2,listed,False,True
2026-09-05,uhaul,uhaul_780073,780073,10x15,uhaul_1a4910015b2647a3b90b55f7b9a4f6e6,listed,False,True
2026-09-05,uhaul,uhaul_780075,780075,10x10,uhaul_aec9fd0bee7e42aebbeff07b550b3659,listed,False,True
2026-09-05,uhaul,uhaul_781061,781061,10x20,uhaul_bd5a36df80814722b67714ebd5ce60c5,listed,False,True
2026-09-05,uhaul,uhaul_781072,781072,10x20,uhaul_bce5b2247f7d4be386e65fbfd0015397,listed,False,True
2026-09-05,uhaul,uhaul_782059,782059,5x15,uhaul_92566cbdbe914f57ab75f85738baae8e,listed,False,True
2026-09-05,uhaul,uhaul_783032,783032,10x15,uhaul_a28f32e890744009bdedf70f18fc238b,listed,False,True
2026-09-05,uhaul,uhaul_784028,784028,10x25,uhaul_137e5163ec854775b305ea14583ef7a4,listed,False,True
2026-09-05,uhaul,uhaul_784030,784030,10x30,uhaul_45ccebe83f6b493cb6d5362e99d02633,listed,False,True
2026-09-05,uhaul,uhaul_784033,784033,10x5,uhaul_c59d7360c8814855bc5a52171a1795d3,listed,False,True
2026-09-05,uhaul,uhaul_784051,784051,6x8,uhaul_f4ac9afb01b14cf78cc12202becc2cf5,listed,False,True
2026-09-05,uhaul,uhaul_784051,784051,10x15,uhaul_1339e293a57f43b9b05bc7600b714760,listed,False,True
2026-09-05,uhaul,uhaul_784054,784054,4x10,uhaul_bdd7ccaed5c44b62925b0f0bfbca3249,listed,False,True
2026-09-05,uhaul,uhaul_785030,785030,10x15,uhaul_d08350c4a50a4122a1deac116a2c4c16,listed,False,True
2026-09-05,uhaul,uhaul_785073,785073,10x20,uhaul_5b7e112a205744c7a6df3cbaf1f6d243,listed,False,True
2026-09-05,uhaul,uhaul_786031,786031,5x10,uhaul_635d1e155e0b4a3d88d42fdd0680662d,listed,False,True
2026-09-05,uhaul,uhaul_786033,786033,7.5x10,uhaul_8f11a63d9fd14888a86251901487b35c,listed,False,True
2026-09-05,uhaul,uhaul_786042,786042,10x12,uhaul_5846156aca344991a6f03ddcacc8c026,listed,False,True
2026-09-05,uhaul,uhaul_786042,786042,15x8,uhaul_e2f1ad93bbdb47338087ac692001c40e,listed,False,True
2026-09-05,uhaul,uhaul_786042,786042,10x13,uhaul_40f397b024cb4b97b9b031b45c49fb31,listed,False,True
2026-09-05,uhaul,uhaul_786054,786054,23x10,uhaul_19a366dad4e448aab867f8d066e33b43,listed,False,True
2026-09-05,uhaul,uhaul_786055,786055,10x10,uhaul_9d36a4028e6d446c94e9fee910f21b65,listed,False,True
2026-09-05,uhaul,uhaul_787015,787015,5x15,uhaul_95eee9ba907f4cf8ab49778998169bb6,listed,False,True
2026-09-05,uhaul,uhaul_787057,787057,10x10,uhaul_d12d672316ba4f53ba8d0af06cb32b29,listed,False,True
2026-09-05,uhaul,uhaul_787067,787067,10x10,uhaul_cb47936e65284a2f8b5a739a0d43d8f2,listed,False,True
2026-09-05,uhaul,uhaul_787067,787067,5x5,uhaul_ed579972acbe4fb9a63cba1e87f419ed,listed,False,True
2026-09-05,uhaul,uhaul_788022,788022,10x20,uhaul_c745b499910c4d87b8e0f0fd96522fb6,listed,False,True
2026-09-05,uhaul,uhaul_788029,788029,10x15,uhaul_5eefccdb7887496daaa5ff71d9c29ea6,listed,False,True
2026-09-05,uhaul,uhaul_789058,789058,5x20,uhaul_3e7c8695ead54584bf2ad2dcba2f00a0,listed,False,True
2026-09-05,uhaul,uhaul_789058,789058,13x17,uhaul_3a4b489485384c858f40b082a2b4be17,listed,False,True
2026-09-05,uhaul,uhaul_790055,790055,8x8,uhaul_82bf5430d57c4d6ca13d66d7812d0a27,listed,False,True
2026-09-05,uhaul,uhaul_790064,790064,5x7,uhaul_79ecc5fa0db54b10b2a5dca1a0e65df2,listed,False,True
2026-09-05,uhaul,uhaul_790068,790068,8x13,uhaul_f67c8b0ecf854cd687893fe68562298f,listed,False,True
2026-09-05,uhaul,uhaul_791063,791063,5x10,uhaul_8ade14651c4341b5b3c227700f15d6eb,listed,False,True
2026-09-05,uhaul,uhaul_791076,791076,5x5,uhaul_3cbdd8a6e89c4393bedf44820302ea87,listed,False,True
2026-09-05,uhaul,uhaul_792073,792073,10x10,uhaul_f1278d8089504c868a786931d4ebbfe8,listed,False,True
2026-09-05,uhaul,uhaul_792075,792075,5x5,uhaul_d1bfc6ef894b41f4b42d21a7b91cf33e,listed,False,True
2026-09-05,uhaul,uhaul_792075,792075,8x10,uhaul_b616169e745e4d1a930bf0f845910ab7,listed,False,True
2026-09-05,uhaul,uhaul_793028,793028,8x8,uhaul_ede005532fe54ca687ecd411a2651e14,listed,False,True
2026-09-05,uhaul,uhaul_793075,793075,8x8,uhaul_f095d631f2b341498c3f4f7a8a04bd7d,listed,False,True
2026-09-05,uhaul,uhaul_793083,793083,9x10,uhaul_6c32de947b3647d69f38a2142e2b2ad6,listed,False,True
2026-09-05,uhaul,uhaul_794032,794032,5x5,uhaul_90c51155ba62472fb4e51939d5d1e8f9,listed,False,True
2026-09-05,uhaul,uhaul_794032,794032,10x10,uhaul_3a71746826024efcb3b3a41d62bff8fb,listed,False,True
2026-09-05,uhaul,uhaul_794071,794071,5x10,uhaul_76e25b198fd4476c92d37a45a8aa3ab1,listed,False,True
2026-09-05,uhaul,uhaul_794071,794071,8x10,uhaul_881706a4dcf24421bd1a635d30bc710c,listed,False,True
2026-09-05,uhaul,uhaul_794077,794077,5x5,uhaul_5e72cbad5be7482c9d1f266c3d3cf9b6,listed,False,True
2026-09-05,uhaul,uhaul_795077,795077,5x10,uhaul_c5d1032ad6ee4ebbb6ce332e84015d01,listed,False,True
2026-09-05,uhaul,uhaul_796028,796028,5x5,uhaul_cccaf89f75ef46a0bf9dfb72f3dc311d,listed,False,True
2026-09-05,uhaul,uhaul_796042,796042,4x6,uhaul_d5f7f98431cf4740a0bf35a06bcfe493,listed,False,True
2026-09-05,uhaul,uhaul_796042,796042,8x7,uhaul_b8b2ada27f4e457dac22d52888c1effa,listed,False,True
2026-09-05,uhaul,uhaul_796049,796049,10x15,uhaul_1e5d8b04d053461c89837f7069f1ba7d,listed,False,True
2026-09-05,uhaul,uhaul_797030,797030,10x10,uhaul_4e9e365ce8734890a2e4ecd404a202f9,listed,False,True
2026-09-05,uhaul,uhaul_797048,797048,5x10,uhaul_f0146b606ebe4b36b3d0b2f2808eb3fa,listed,False,True
2026-09-05,uhaul,uhaul_799053,799053,16x8,uhaul_203a73f6ce724eff81c90ed18757c2ea,listed,False,True
2026-09-05,uhaul,uhaul_799073,799073,7x10,uhaul_85291181d69d4171a7d74e41e24d4401,listed,False,True
2026-09-05,uhaul,uhaul_799074,799074,5x5,uhaul_066c1b54ad864b37895fa4c6ac4c597b,listed,False,True
2026-09-05,uhaul,uhaul_800074,800074,10x5,uhaul_82ad5c64227f4e0d8df1fa4f3c5774c6,listed,False,True
2026-09-05,uhaul,uhaul_801085,801085,4x7,uhaul_44da7deaa9a745a899724b85ccc206ce,listed,False,True
2026-09-05,uhaul,uhaul_802023,802023,5x10,uhaul_27c5a4a0db82415db1d469184bc96f56,listed,False,True
2026-09-05,uhaul,uhaul_802059,802059,8x8,uhaul_03ca302dd39e4339a2ca06d1c6de5ce5,listed,False,True
2026-09-05,uhaul,uhaul_802059,802059,8x12,uhaul_ada08be76b7741dc8c642aa3fbad641c,listed,False,True
2026-09-05,uhaul,uhaul_802059,802059,8x10,uhaul_2018611f1dc8414d8c9adac70ab65244,listed,False,True
2026-09-05,uhaul,uhaul_802059,802059,8x16,uhaul_0d27be55327a432589e1593a6b795b6b,listed,False,True
2026-09-05,uhaul,uhaul_802059,802059,5x5,uhaul_f0539b60ec2645d38da6e24cdeeebc9f,listed,False,True
2026-09-05,uhaul,uhaul_803029,803029,10x10,uhaul_cdad5b10833d469f8639745554d091fc,listed,False,True
2026-09-05,uhaul,uhaul_803034,803034,10x10,uhaul_1b1e7fe54b5b4c90be91a7fd1a1969d1,listed,False,True
2026-09-05,uhaul,uhaul_803080,803080,4x8,uhaul_7b3b893101e343a8a6a1de988b603642,listed,False,True
2026-09-05,uhaul,uhaul_804072,804072,10x10,uhaul_0de28519bd0345c697b82587f026c69b,listed,False,True
2026-09-05,uhaul,uhaul_804072,804072,10x10,uhaul_f9b311f6f82c4e1f8bb40b2d0b137403,listed,False,True
2026-09-05,uhaul,uhaul_806063,806063,4x6,uhaul_814f58f00fc348d99b2df5a371466884,listed,False,True
2026-09-05,uhaul,uhaul_807058,807058,10x15,uhaul_00eeb4c7141842d7a0fc05aa96ac5afa,listed,False,True
2026-09-05,uhaul,uhaul_807059,807059,3x4,uhaul_7eea6c228b9e49b784446eeb867ad3d4,listed,False,True
2026-09-05,uhaul,uhaul_808028,808028,7x10,uhaul_cb60b0df378848899c1d485ecaefd8a8,listed,False,True
2026-09-05,uhaul,uhaul_808042,808042,10x10,uhaul_39e7089361d943ee941a24edb2a3e828,listed,False,True
2026-09-05,uhaul,uhaul_808066,808066,10x10,uhaul_28f9af2168bf4858af1c93090e2fff23,listed,False,True
2026-09-05,uhaul,uhaul_808066,808066,10x12,uhaul_a12ab0c1e4834ae980549da4df382c79,listed,False,True
2026-09-05,uhaul,uhaul_808073,808073,10x10,uhaul_e9ea4dcc6e1e438a8ae3773483f8921f,listed,False,True
2026-09-05,uhaul,uhaul_808075,808075,4x3,uhaul_bc246febe5f147e9b8f3bb3c9f317ad1,listed,False,True
2026-09-05,uhaul,uhaul_808082,808082,5x10,uhaul_9a08125a64e54e1a8d80a333b1977253,listed,False,True
2026-09-05,uhaul,uhaul_808082,808082,5x10,uhaul_e9dd1076a97e43f8a395b68f7ecabb39,listed,False,True
2026-09-05,uhaul,uhaul_809069,809069,10x20,uhaul_5aa14582fcf54f99a878fefaecd1fd8f,listed,False,True
2026-09-05,uhaul,uhaul_809077,809077,10x15,uhaul_e7d478f72e5245eab729176a3848ee52,listed,False,True
2026-09-05,uhaul,uhaul_809078,809078,10x10,uhaul_ad560917c98041dd9d48c3a37fc10c1a,listed,False,True
2026-09-05,uhaul,uhaul_809085,809085,5x10,uhaul_5349d75eb47f4f9e8b1c4434baa9c95d,listed,False,True
2026-09-05,uhaul,uhaul_810028,810028,5x10,uhaul_216e973a15ac4de7bb09f854091eec74,listed,False,True
2026-09-05,uhaul,uhaul_810029,810029,10x9,uhaul_20fba8fe3a934e77914ddc030581644d,listed,False,True
2026-09-05,uhaul,uhaul_810042,810042,7x11,uhaul_1f8a215603b640bfbdd61f860d5564c1,listed,False,True
2026-09-05,uhaul,uhaul_810073,810073,10x10,uhaul_873b3655eeca43ef9363cc793b115e0b,listed,False,True
2026-09-05,uhaul,uhaul_811054,811054,8x12,uhaul_4812c86807a64957a737f94776078517,listed,False,True
2026-09-05,uhaul,uhaul_811054,811054,10x10,uhaul_cd0641007a0845efb3c2cc7beb11fc9e,listed,False,True
2026-09-05,uhaul,uhaul_811055,811055,10x10,uhaul_2bff2397b00a41f99e3c64647fbfbf91,listed,False,True
2026-09-05,uhaul,uhaul_812020,812020,9x10,uhaul_22e8142c3f1a4406b291b90c424d44cf,listed,False,True
2026-09-05,uhaul,uhaul_813072,813072,5x5,uhaul_ac5a47d908794a1a8ee971189a2ec25a,listed,False,True
2026-09-05,uhaul,uhaul_813082,813082,5x5,uhaul_77772ff133784e42b1d728fe5243d2fb,listed,False,True
2026-09-05,uhaul,uhaul_814030,814030,10x15,uhaul_0289102b8d554746966ba62ea1b9ade8,listed,False,True
2026-09-05,uhaul,uhaul_814071,814071,10x8,uhaul_894cd04d33524b53bb58b399e58e619a,listed,False,True
2026-09-05,uhaul,uhaul_814077,814077,5x7,uhaul_90c966b4d8c644eca0339b31a313bab6,listed,False,True
2026-09-05,uhaul,uhaul_817073,817073,5x5,uhaul_d4407f25da83486fa21b001663ae0726,listed,False,True
2026-09-05,uhaul,uhaul_817073,817073,5x8,uhaul_968fafcc35e3464a9bfa2834be9439d5,listed,False,True
2026-09-05,uhaul,uhaul_817075,817075,5x5,uhaul_9c9d566ebc6a456dbb4e4c699f64e835,listed,False,True
2026-09-05,uhaul,uhaul_818032,818032,5x10,uhaul_00a176bd28ea46c1ade689feb84b87f3,listed,False,True
2026-09-05,uhaul,uhaul_818032,818032,5x10,uhaul_7d32b6dd47d34f76b573c159101be040,listed,False,True
2026-09-05,uhaul,uhaul_818032,818032,10x10,uhaul_2f8b895b8e0847709ab2def83ca6e897,listed,False,True
2026-09-05,uhaul,uhaul_818032,818032,10x20,uhaul_cfe3c20e24d047f4af4e6da378135da9,listed,False,True
2026-09-05,uhaul,uhaul_818034,818034,30x10,uhaul_ee3a3995a2e4418a8b28df458d104ad0,listed,False,True
2026-09-05,uhaul,uhaul_818037,818037,5x10,uhaul_99d4719e13774ef48a832181c92df2ec,listed,False,True
2026-09-05,uhaul,uhaul_818037,818037,10x15,uhaul_fcb6201d4c394e0bbbc6fc8e17150f99,listed,False,True
2026-09-05,uhaul,uhaul_818087,818087,9x10,uhaul_28f8ed4649324f99b30039f835554308,listed,False,True
2026-09-05,uhaul,uhaul_820040,820040,5x5,uhaul_69962ceae81e4cb5b95fa7c134985e1a,listed,False,True
2026-09-05,uhaul,uhaul_820073,820073,5x10,uhaul_4c48d2ade0074a9db4eaca914390f84e,listed,False,True
2026-09-05,uhaul,uhaul_821054,821054,5x5,uhaul_59bfa3d3a4e64bfe9b32cb455512e8c3,listed,False,True
2026-09-05,uhaul,uhaul_822035,822035,7x8,uhaul_bf3cd90c5cfd4f449cc0c72ca2489952,listed,False,True
2026-09-05,uhaul,uhaul_822042,822042,5x5,uhaul_1254611ff3c24d6aa25339e0c6956496,listed,False,True
2026-09-05,uhaul,uhaul_824025,824025,10x10,uhaul_95157956ffe9406bba3f1c43e9da1364,listed,False,True
2026-09-05,uhaul,uhaul_824027,824027,7x7,uhaul_a3c8c2d0c7904ca0bf9cb58bd30fc0e3,listed,False,True
2026-09-05,uhaul,uhaul_825053,825053,5x10,uhaul_cee6eb14dd4f40a3be71ad8c46e5f180,listed,False,True
2026-09-05,uhaul,uhaul_825054,825054,4x8,uhaul_4cdec3ea98b4468b9714c2699220455c,listed,False,True
2026-09-05,uhaul,uhaul_825054,825054,8x10,uhaul_e753fa9615c140e798a9c7da94db0fae,listed,False,True
2026-09-05,uhaul,uhaul_825077,825077,10x20,uhaul_89d511db8aee4eed98334c067abe15f4,listed,False,True
2026-09-05,uhaul,uhaul_826028,826028,10x10,uhaul_ef1edfba00df41fcb5d77f6a7aef08f6,listed,False,True
2026-09-05,uhaul,uhaul_826071,826071,5x10,uhaul_bb3043dba20b4445936184807b48fab5,listed,False,True
2026-09-05,uhaul,uhaul_826074,826074,10x10,uhaul_63357d85ab18409cbbb5dceeae4ee26c,listed,False,True
2026-09-05,uhaul,uhaul_829034,829034,5x10,uhaul_cecf79c43dc644e6a0887f0b4c0413cc,listed,False,True
2026-09-05,uhaul,uhaul_829075,829075,7x10,uhaul_97e2e410709e45a780300f84aa80c235,listed,False,True
2026-09-05,uhaul,uhaul_830077,830077,5x10,uhaul_bdc208fa409c4d71827e0fc288f2cf3d,listed,False,True
2026-09-05,uhaul,uhaul_830083,830083,10x10,uhaul_b3cf623462e24da98ed4e93839115c11,listed,False,True
2026-09-05,uhaul,uhaul_832048,832048,10x30,uhaul_b83610aac2574f6ea5fb3c78bb71238e,listed,False,True
2026-09-05,uhaul,uhaul_832052,832052,5x6,uhaul_f57353a7dd3548b2a3fe5a5270cb65c7,listed,False,True
2026-09-05,uhaul,uhaul_832052,832052,12x12,uhaul_ff9d14c607fc4dc9b7ca8a6799e7d2e2,listed,False,True
2026-09-05,uhaul,uhaul_832065,832065,10x15,uhaul_97f378b955ad4782bb32c7782c2c677a,listed,False,True
2026-09-05,uhaul,uhaul_832074,832074,10x10,uhaul_7fc654861fb84920a9c2f34964a8487d,listed,False,True
2026-09-05,uhaul,uhaul_833026,833026,10x10,uhaul_f8ade7ff31904467afc6f04dd7c81fd3,listed,False,True
2026-09-05,uhaul,uhaul_833026,833026,10x25,uhaul_4b014be972d74e05bd9e9dad982ba602,listed,False,True
2026-09-05,uhaul,uhaul_833044,833044,5x5,uhaul_1f11da802c7f4dff9d314fb2468f08bd,listed,False,True
2026-09-05,uhaul,uhaul_834035,834035,10x10,uhaul_45e636d174224316bd19f1e917273373,listed,False,True
2026-09-05,uhaul,uhaul_835036,835036,6x11.5,uhaul_a13ae48b0c36416d97f02abf44777b76,listed,False,True
2026-09-05,uhaul,uhaul_835036,835036,7.3x20.8,uhaul_bb932b8e0ff44e8dbd897ce5faf4af49,listed,False,True
2026-09-05,uhaul,uhaul_835060,835060,5x5,uhaul_340435d08af9474084ab0f93c681f0ec,listed,False,True
2026-09-05,uhaul,uhaul_836033,836033,8x12,uhaul_e34d6c9906af4113a6ed71180eaa8d70,listed,False,True
2026-09-05,uhaul,uhaul_836041,836041,10x10,uhaul_e3ad6af758854d5cbce65a6e147b0fd4,listed,False,True
2026-09-05,uhaul,uhaul_836044,836044,5x12,uhaul_ece1e1ed83294478988b88c052736afc,listed,False,True
2026-09-05,uhaul,uhaul_836078,836078,10x20,uhaul_3253ab24278845339202b83404230471,listed,False,True
2026-09-05,uhaul,uhaul_837023,837023,5x5,uhaul_2cd72c2bf77040c1a6dbbf6bcbff52d5,listed,False,True
2026-09-05,uhaul,uhaul_837023,837023,5x10,uhaul_075b8e221f5344ca96fbd8b3afa6d682,listed,False,True
2026-09-05,uhaul,uhaul_837023,837023,7x9,uhaul_e03c75c7ed004e88a46c20c4b47f50dd,listed,False,True
2026-09-05,uhaul,uhaul_837023,837023,4x8,uhaul_543ec9dcc49c4123843bea7aae70e7c3,listed,False,True
2026-09-05,uhaul,uhaul_837028,837028,5x10,uhaul_94f002b100e8453c892a59eeeb12441e,listed,False,True
2026-09-05,uhaul,uhaul_837028,837028,10x15,uhaul_1aee68c8c60d47ea935a1642713d8228,listed,False,True
2026-09-05,uhaul,uhaul_837051,837051,7x8,uhaul_41f97d8581fc4f04b1790f362b37c657,listed,False,True
2026-09-05,uhaul,uhaul_837054,837054,5x8,uhaul_a4bd49c71b004c8babaf12aa883b7738,listed,False,True
2026-09-05,uhaul,uhaul_837054,837054,8x8,uhaul_99e9056e34a44fd69a9638dda4045079,listed,False,True
2026-09-05,uhaul,uhaul_837054,837054,6x12,uhaul_45006c4cb27c45738eb4a9bf150fd2fc,listed,False,True
2026-09-05,uhaul,uhaul_837054,837054,5x15,uhaul_e77f4590ea874ab39afa7d1f50e89bac,listed,False,True
2026-09-05,uhaul,uhaul_837054,837054,8x10,uhaul_4d321570e07d45e48eea0fd283c0ba96,listed,False,True
2026-09-05,uhaul,uhaul_837078,837078,3x5,uhaul_acca43d03846408997cd07f6e58fd3d4,listed,False,True
2026-09-05,uhaul,uhaul_837078,837078,6x6,uhaul_7951cbe728f248c19d5f022f78de58f6,listed,False,True
2026-09-05,uhaul,uhaul_837078,837078,7x7,uhaul_1d95186d618b4385a0fab92434af3c96,listed,False,True
2026-09-05,uhaul,uhaul_837078,837078,7x7,uhaul_4d94684449984a69ba9e86c701e473df,listed,False,True
2026-09-05,uhaul,uhaul_837078,837078,6x6,uhaul_ae4d5d3e879042f1b575d2423a17b9be,listed,False,True
2026-09-05,uhaul,uhaul_837078,837078,5x10,uhaul_abec7b26e3954113bc95ee2c38ea19ea,listed,False,True
2026-09-05,uhaul,uhaul_837078,837078,7x7,uhaul_75406a5d0e864701944b6f5afc261f03,listed,False,True
2026-09-05,uhaul,uhaul_837078,837078,8x10,uhaul_0bcbaa3cca3344bdba8e9c039fa914c8,listed,False,True
2026-09-05,uhaul,uhaul_837078,837078,8x9,uhaul_fff864d36c834763bab89a281b9cac4f,listed,False,True
2026-09-05,uhaul,uhaul_837078,837078,8x10,uhaul_576c54e4e4cc45cf9e8378f396c4f16c,listed,False,True
2026-09-05,uhaul,uhaul_838023,838023,10x5,uhaul_d285fd1adec746168869a677832f98ff,listed,False,True
2026-09-05,uhaul,uhaul_838024,838024,10x10,uhaul_d6257a174c1846489c9cff5e203b7240,listed,False,True
2026-09-05,uhaul,uhaul_838075,838075,5x5,uhaul_40821f65e68c4183ae08c867e919833e,listed,False,True
2026-09-05,uhaul,uhaul_838075,838075,20x20,uhaul_3fc1e8564bd346b9bd2a61346c997c5e,listed,False,True
2026-09-05,uhaul,uhaul_838088,838088,10x10,uhaul_ac866f12698e47fd985ae5c5c2883285,listed,False,True
2026-09-05,uhaul,uhaul_842071,842071,10x10,uhaul_8f87d9a053ac4cbd8c4ec8e5b8f682bd,listed,False,True
2026-09-05,uhaul,uhaul_842071,842071,10x20,uhaul_5ed2e0c4e84649eabf89b0ae14efa902,listed,False,True
2026-09-05,uhaul,uhaul_842073,842073,5x5,uhaul_cd1118f0688e48ffa25a9021d6ce3690,listed,False,True
2026-09-05,uhaul,uhaul_853069,853069,10x15,uhaul_3f17d356b5f9402cb9cb54ca3b578f05,listed,False,True
2026-09-05,uhaul,uhaul_853074,853074,5x10,uhaul_48473b6d39f54779ab04736bb1d3e6b7,listed,False,True
2026-09-05,uhaul,uhaul_857028,857028,5x5,uhaul_9a5335a52c8a4799b6ae90bbcc106e06,listed,False,True
2026-09-05,uhaul,uhaul_857028,857028,5x10,uhaul_56b1b0782e6a4b6a8d23cbb3d9119007,listed,False,True
2026-09-05,uhaul,uhaul_857058,857058,10x10,uhaul_226e8a0ba5e347e58f291846f3d21e94,listed,False,True
2026-09-05,uhaul,uhaul_857076,857076,5x10,uhaul_98db8aa6594048bb86db29afe99cf222,listed,False,True
2026-09-05,uhaul,uhaul_857082,857082,5x7,uhaul_7186e5fb11ad44e9bcf68ef9911b100c,listed,False,True
2026-09-05,uhaul,uhaul_858045,858045,10x20,uhaul_6c395ac4a65740b09ae6d46897dd1cc0,listed,False,True
2026-09-05,uhaul,uhaul_858077,858077,10x10,uhaul_7f4201cae07140a3a81590e496591089,listed,False,True
2026-09-05,uhaul,uhaul_861061,861061,7x7,uhaul_ced73e992e0f4de994714584e3e0a424,listed,False,True
2026-09-05,uhaul,uhaul_861061,861061,5x10,uhaul_c04c61c771d740fd95dc9967c6d58eb2,listed,False,True
2026-09-05,uhaul,uhaul_861073,861073,5x5,uhaul_c6b892f1f8384aef9f7c9fd92eea98df,listed,False,True
2026-09-05,uhaul,uhaul_861073,861073,8x10,uhaul_c33955efdbbd424db7e4468eef7d9d67,listed,False,True
2026-09-05,uhaul,uhaul_861076,861076,10x10,uhaul_e51dcfff26b84c30b2d4d6fea8f61068,listed,False,True
2026-09-05,uhaul,uhaul_861076,861076,10x10,uhaul_b8f34210992d4666aca0c673c6c079a7,listed,False,True
2026-09-05,uhaul,uhaul_861077,861077,5x5,uhaul_c710adc3b11d43deba48b6305d83ebea,listed,False,True
2026-09-05,uhaul,uhaul_861077,861077,7x7,uhaul_9da41eacf3c0425ea00608beb5714125,listed,False,True
2026-09-05,uhaul,uhaul_861077,861077,10x10,uhaul_a00b02247bb049ccb90822f4c033ca5b,listed,False,True
2026-09-05,uhaul,uhaul_861077,861077,10x10,uhaul_e8441702e7b44caeb8466c2d5253454f,listed,False,True
2026-09-05,uhaul,uhaul_861080,861080,10x10,uhaul_c738c092e8f546afb0e850881b8d3854,listed,False,True
2026-09-05,uhaul,uhaul_862073,862073,10x10,uhaul_b5a55c1a290949ff8b25ab32db5ec9f8,listed,False,True
2026-09-05,uhaul,uhaul_863029,863029,10x3,uhaul_270766b11a314c0391629bf3a42ce203,listed,False,True
2026-09-05,uhaul,uhaul_863071,863071,5x10,uhaul_95d76bac2edf4b26abf18726ac98d291,listed,False,True
2026-09-05,uhaul,uhaul_863073,863073,5x10,uhaul_569e39b6b06d4c15b4d0b9d87abb7034,listed,False,True
2026-09-05,uhaul,uhaul_863074,863074,5x8,uhaul_088dd75b40ae4786b60615060b623819,listed,False,True
2026-09-05,uhaul,uhaul_863074,863074,10x10,uhaul_06dfd9f0fdac4564940f778e945d1252,listed,False,True
2026-09-05,uhaul,uhaul_865023,865023,6x4,uhaul_149a1e065af74178b5f517a3a91403cc,listed,False,True
2026-09-05,uhaul,uhaul_865031,865031,10x20,uhaul_23f59b103130469cb92a45f75635d4f7,listed,False,True
2026-09-05,uhaul,uhaul_865053,865053,10x5,uhaul_054817c81446418b80de3adbfcbc7951,listed,False,True
2026-09-05,uhaul,uhaul_866047,866047,10x15,uhaul_a35e3b3379b04aed92be3e4cbfbddd7c,listed,False,True
2026-09-05,uhaul,uhaul_866073,866073,5x10,uhaul_f1b4f5bd9df44573b4a479c514c8d6d1,listed,False,True
2026-09-05,uhaul,uhaul_866078,866078,10x10,uhaul_6402d447d5364be7a7ce0dcb614c20c8,listed,False,True
2026-09-05,uhaul,uhaul_867071,867071,5x10,uhaul_0f44f1cb033b4e55b79cb4074f52925e,listed,False,True
2026-09-05,uhaul,uhaul_867073,867073,5x10,uhaul_4803821025914e3e98f9b0f8ac17d2b0,listed,False,True
2026-09-05,uhaul,uhaul_867075,867075,10x10,uhaul_135dfd4ab48f42fca2682719963c9167,listed,False,True
2026-09-05,uhaul,uhaul_868029,868029,10x15,uhaul_bcefae415f9b42728d2bd5ff93562e91,listed,False,True
2026-09-05,uhaul,uhaul_868046,868046,5x10,uhaul_12cfa51448404ad5af3a65aad7b4c720,listed,False,True
2026-09-05,uhaul,uhaul_868071,868071,10x10,uhaul_90f66839edd14613bfb2b753021f3c39,listed,False,True
2026-09-05,uhaul,uhaul_868076,868076,5x10,uhaul_702064d8ac7a484d83fb44a8acb0934d,listed,False,True
2026-09-05,uhaul,uhaul_868082,868082,10x20,uhaul_e727f3af3cf64a52b343209456950fec,listed,False,True
2026-09-05,uhaul,uhaul_869054,869054,7x9,uhaul_9d629c1c59ec4a3f9d2a3203e198e265,listed,False,True
2026-09-05,uhaul,uhaul_869054,869054,10x10,uhaul_5a4cb78ed9744243887cc1370df9299b,listed,False,True
2026-09-05,uhaul,uhaul_869064,869064,10x10,uhaul_993634fedba64b6585bbc5f66ab3805f,listed,False,True
2026-09-05,uhaul,uhaul_869072,869072,10x10,uhaul_e05f8c68fa7946bc8fe644fa837a63cd,listed,False,True
2026-09-05,uhaul,uhaul_869075,869075,10x10,uhaul_8f987de6fa564d988c961a7ddf126ee0,listed,False,True
2026-09-05,uhaul,uhaul_869079,869079,10x20,uhaul_368832cd07174faf986930d784055056,listed,False,True
2026-09-05,uhaul,uhaul_869086,869086,10x15,uhaul_f94cefe896b84ca5b0970bbb9d9448be,listed,False,True
2026-09-05,uhaul,uhaul_871035,871035,7.5x10,uhaul_f76165d35cd94d728650f58700de537b,listed,False,True
2026-09-05,uhaul,uhaul_871037,871037,5x5,uhaul_7298eefe6721434f8bdaba87f3075d05,listed,False,True
2026-09-05,uhaul,uhaul_871072,871072,10x15,uhaul_0a45cb5392034b7f8bfc1f04ba0845d9,listed,False,True
2026-09-05,uhaul,uhaul_871076,871076,10x30,uhaul_59ab50770802465d844f77847e3907cd,listed,False,True
2026-09-05,uhaul,uhaul_872064,872064,8x5,uhaul_a0a3ab81b5e448dba3f18975ca9c4de2,listed,False,True
2026-09-05,uhaul,uhaul_872081,872081,10x20,uhaul_3139206a49014fb0b8f4547c94b0b89e,listed,False,True
2026-09-05,uhaul,uhaul_873035,873035,10x20,uhaul_533020e9f0644bfc81d4479c23c1d44f,listed,False,True
2026-09-05,uhaul,uhaul_873063,873063,6x12,uhaul_6533c809f11c4454845f775de5297192,listed,False,True
2026-09-05,uhaul,uhaul_873067,873067,6x8,uhaul_ac44b7a6ed774e83bd0bd96442d3a934,listed,False,True
2026-09-05,uhaul,uhaul_873067,873067,9x23,uhaul_a88fcfed188d46f9b4b9a6168d20aa12,listed,False,True
2026-09-05,uhaul,uhaul_873071,873071,5x10,uhaul_39b59496614d42348b919a84c8708125,listed,False,True
2026-09-05,uhaul,uhaul_873074,873074,10x8,uhaul_f6e58d9e0c29452399937aa5189ad667,listed,False,True
2026-09-05,uhaul,uhaul_874071,874071,10x15,uhaul_b43b92acd76c4ea98f7bd995bb8d95c9,listed,False,True
2026-09-05,uhaul,uhaul_875051,875051,5x10,uhaul_ff79a18024f044daa3afd8416dac9ba9,listed,False,True
2026-09-05,uhaul,uhaul_875054,875054,10x8,uhaul_1d3e926ac4134004b27d47798f08f7bd,listed,False,True
2026-09-05,uhaul,uhaul_875054,875054,10x13,uhaul_62568efc41d742f68c3c05446278767b,listed,False,True
2026-09-05,uhaul,uhaul_875075,875075,5x6,uhaul_1930641245804a0da554b620169bb374,listed,False,True
2026-09-05,uhaul,uhaul_875076,875076,10x10,uhaul_42afe4b98d9a4518980c12d60bec078a,listed,False,True
2026-09-05,uhaul,uhaul_876027,876027,5x10,uhaul_95a05076a2b045539cc62eca770bb93d,listed,False,True
2026-09-05,uhaul,uhaul_878062,878062,10x10,uhaul_bf80b207592a4f46a395d054d9f0d74b,listed,False,True
2026-09-05,uhaul,uhaul_878062,878062,10x15,uhaul_65432ff5df07453fba67ee845df3777d,listed,False,True
2026-09-05,uhaul,uhaul_878062,878062,10x20,uhaul_e75aa1eb63b140c780d59bc3802384d3,listed,False,True
2026-09-05,uhaul,uhaul_879055,879055,20x10,uhaul_63fd0fed255547a1b7eac0fac4ec79f8,listed,False,True
2026-09-05,uhaul,uhaul_879069,879069,5x5,uhaul_f9ff5c859fce4099b365cf147759fb75,listed,False,True
2026-09-05,uhaul,uhaul_879069,879069,10x5,uhaul_9969a2b327d143eda2ef62afa4724f18,listed,False,True
2026-09-05,uhaul,uhaul_920084,920084,10x10,uhaul_be1c89fc1a8b44178cac170865e3d9d0,listed,False,True
2026-09-05,uhaul,uhaul_921024,921024,5x10,uhaul_9a44e924b45e40108aa7dc02ebd2f55a,listed,False,True
2026-09-05,uhaul,uhaul_921072,921072,5x8,uhaul_c44b2f96a9274de19304d60d4c607cd3,listed,False,True
2026-09-05,uhaul,uhaul_921072,921072,10x10,uhaul_5633960043714eef980da3c1fe5eed85,listed,False,True
2026-09-05,uhaul,uhaul_922027,922027,12x30,uhaul_b3df1a5119b2424e8cd75e4e762d4495,listed,False,True
2026-09-05,uhaul,uhaul_922030,922030,5x10,uhaul_06ff7232dbd0497aa19274b3ca2c4fa8,listed,False,True
2026-09-05,uhaul,uhaul_922030,922030,10x9,uhaul_d6e549f20f3046fe96f06d89799ced49,listed,False,True
2026-09-05,uhaul,uhaul_923067,923067,10x10,uhaul_5cd69d896e0a4344ae35c89224f390fa,listed,False,True
2026-09-05,uhaul,uhaul_923067,923067,6x11.5,uhaul_67ed4f609c164c498140215d7b5bfd1e,listed,False,True
2026-09-05,uhaul,uhaul_924025,924025,5x10,uhaul_3dd6057eca91469481b08c331608a57d,listed,False,True
2026-09-05,uhaul,uhaul_924025,924025,10x20,uhaul_9745b765c0f44620b96d7dcba080c294,listed,False,True
2026-09-05,uhaul,uhaul_924055,924055,8x8,uhaul_b30cccc571d443b598827575808a8fa3,listed,False,True
2026-09-05,uhaul,uhaul_924071,924071,10x15,uhaul_8ab49f0e3ba04e618f9e68e35f83d916,listed,False,True
2026-09-05,uhaul,uhaul_924073,924073,5x10,uhaul_cf470a19adff43a18e7450b4ce22f571,listed,False,True
2026-09-05,uhaul,uhaul_924074,924074,5x10,uhaul_36d93c4f600c481f881fb73a6d7dbe70,listed,False,True
2026-09-05,uhaul,uhaul_926025,926025,10x20,uhaul_a85ad6a624124ee29b4094f1540e3fbc,listed,False,True
2026-09-05,uhaul,uhaul_927043,927043,5x10,uhaul_dfaee96bab554d9c881af6c333d2408e,listed,False,True
2026-09-05,uhaul,uhaul_927065,927065,5x10,uhaul_8de61a7e89164b77b03f8bb95ca0776a,listed,False,True
2026-09-05,uhaul,uhaul_928074,928074,10x10,uhaul_c905683115e14ff0b638211c42b65798,listed,False,True
2026-09-05,uhaul,uhaul_929024,929024,5x10,uhaul_3af5aa39e8f04f39bc6d968d8de4a0d6,listed,False,True
2026-09-05,uhaul,uhaul_929026,929026,5x5,uhaul_5484986cc9214ee789c4fe12713d9f7f,listed,False,True
2026-09-05,uhaul,uhaul_929026,929026,5x10,uhaul_04bd7f1b33504376a4dcb30296982cf9,listed,False,True
2026-09-05,uhaul,uhaul_929027,929027,10x15,uhaul_c0642a2d05fd455ea12e326c5e450cc9,listed,False,True
2026-09-05,uhaul,uhaul_929050,929050,5x10,uhaul_f38d6d6d22664b7aa97ab67edd2d8a58,listed,False,True
2026-09-05,uhaul,uhaul_929050,929050,10x15,uhaul_64c1eb629a604ace85c87a4df59ec645,listed,False,True
2026-09-05,uhaul,uhaul_930037,930037,10x10,uhaul_3950f0296e784a7ebc85014f450f8ca6,listed,False,True
2026-09-05,uhaul,uhaul_930053,930053,10x5,uhaul_32622b6b6834444c9ee804ed9e7f847b,listed,False,True
2026-09-05,uhaul,uhaul_930053,930053,12x30,uhaul_3ebb6533d1934227a3391f16de8fb5fa,listed,False,True
2026-09-05,uhaul,uhaul_930056,930056,12x35,uhaul_f15fa587fa734d069d99c6de86c9a443,listed,False,True
2026-09-05,uhaul,uhaul_931032,931032,5x5,uhaul_18f0e1ffd4364c628bf4037fa6870ea2,listed,False,True
2026-09-05,uhaul,uhaul_931034,931034,5x5,uhaul_f6dc51c65f7545aabb81171faf59d8f8,listed,False,True
2026-09-05,uhaul,uhaul_931045,931045,10x15,uhaul_b8598d01bccd46b388b9431a33da24ba,listed,False,True
2026-09-05,uhaul,uhaul_931045,931045,10x15,uhaul_536394ab13584539bd074c2b92227b74,listed,False,True
2026-09-05,uhaul,uhaul_932023,932023,10x10,uhaul_fc0db69249d845659605d452dd3a2ecf,listed,False,True
2026-09-05,uhaul,uhaul_932023,932023,5x10,uhaul_cf53a2812ccf4238a0d12705fe441384,listed,False,True
2026-09-05,uhaul,uhaul_932071,932071,10x10,uhaul_23eddcfd627a420fb29739c91bc489cb,listed,False,True
2026-09-05,uhaul,uhaul_932082,932082,5x10,uhaul_b167d64c1c854669bbf4c995bb726e71,listed,False,True
2026-09-05,uhaul,uhaul_934071,934071,10x10,uhaul_3a45b1c4a2564d839674dfbfd957bd90,listed,False,True
2026-09-05,uhaul,uhaul_934079,934079,5x7,uhaul_2af14313883d4f8faf97805bfdbb6a2b,listed,False,True
2026-09-05,uhaul,uhaul_935061,935061,4x6,uhaul_1fe34b580b9f4f5baade3883947921ca,listed,False,True
2026-09-05,uhaul,uhaul_935061,935061,6x8,uhaul_512c89b0a89141efb1cf2fb27a017246,listed,False,True
2026-09-05,uhaul,uhaul_936079,936079,5x5,uhaul_0bd4b3298d64406f81db7b8e5f721b03,listed,False,True
2026-09-05,uhaul,uhaul_936079,936079,10x25,uhaul_90556bab052b4a5698cf65041a0956b9,listed,False,True
2026-09-05,uhaul,uhaul_937024,937024,10x15,uhaul_c8bdd436bec54f878e0114c81e77a4fd,listed,False,True
2026-09-05,uhaul,uhaul_937032,937032,10x15,uhaul_d70a62e83c9a463b9021026f7c71d0a3,listed,False,True
2026-09-05,uhaul,uhaul_938057,938057,10x10,uhaul_5c80e530ccb74b52997a051ae0f7db0e,listed,False,True
2026-09-05,uhaul,uhaul_938073,938073,10x20,uhaul_8832f295d3cc47a19fc8fa2d8d7cddb9,listed,False,True
2026-09-05,uhaul,uhaul_939057,939057,10x9,uhaul_1cc6497c8c0f41bfbc2a3b1573fb459d,listed,False,True
2026-09-05,uhaul,uhaul_940077,940077,30x10,uhaul_4f01f54cec474c458441cd7e0c66ecfa,listed,False,True
2026-09-05,uhaul,uhaul_941074,941074,5x8,uhaul_6af451f545f843aea81c1e6d6d89ac7b,listed,False,True
2026-09-05,uhaul,uhaul_941074,941074,10x10,uhaul_6145dafa448c4dca8cd2f0a8387bfec8,listed,False,True
2026-09-05,uhaul,uhaul_941074,941074,10x10,uhaul_5320313c45b64db8b745826d271b72af,listed,False,True
2026-09-05,uhaul,uhaul_941076,941076,5x7,uhaul_31e00eed965541acb4c7cfca236021fd,listed,False,True
2026-09-05,uhaul,uhaul_941078,941078,10x20,uhaul_35cce429b83641b2abac0f6f42068c77,listed,False,True
2026-09-05,uhaul,uhaul_941078,941078,10x10,uhaul_a74f65da86304199b77b7f22861f59fc,listed,False,True
2026-09-05,uhaul,uhaul_943034,943034,10x10,uhaul_cbd58c2c86e3449597c558bbeb133870,listed,False,True
2026-09-05,uhaul,uhaul_943076,943076,10x10,uhaul_5a2e7076d50344249949cb44cff630b2,listed,False,True
2026-09-05,uhaul,uhaul_943077,943077,10x15,uhaul_b56cea38674e42f0a3d18aa7623a1cbb,listed,False,True
2026-09-05,uhaul,uhaul_945025,945025,10x10,uhaul_1ed68772fcd145e5ab2013a36f731556,listed,False,True
2026-09-05,uhaul,uhaul_945034,945034,9.5x14,uhaul_0166979e964e4a2cab6e1a0cde88f951,listed,False,True
2026-09-05,uhaul,uhaul_945075,945075,10x10,uhaul_f4d14819f5024e4583ae905fbd7be468,listed,False,True
2026-09-05,uhaul,uhaul_946025,946025,10x15,uhaul_940a21a2145a4c689c1f57088f882676,listed,False,True
2026-09-05,uhaul,uhaul_946051,946051,5x10,uhaul_51aa979d4000474a95c56f1a69468b03,listed,False,True
2026-09-05,uhaul,uhaul_947071,947071,10x10,uhaul_97326cc5b78f4a4eb4b85591ca520165,listed,False,True
2026-09-05,uhaul,uhaul_948034,948034,10x10,uhaul_ff1f2732b66241598a450932baa3cb0e,listed,False,True
2026-09-05,uhaul,uhaul_948036,948036,5x10,uhaul_dbac2f484dd44fa099a99255920e5c96,listed,False,True
2026-09-05,uhaul,uhaul_949029,949029,10x15,uhaul_beb60235d3734dd9ba5b906a6dd6aa22,listed,False,True
2026-09-05,uhaul,uhaul_949061,949061,5x5,uhaul_f9dd2bfb3105436a9cb9a5b8670cb714,listed,False,True
2026-09-05,uhaul,uhaul_951059,951059,10x15,uhaul_9f58d23b93b84ef597c23ad2a6d4908e,listed,False,True
2026-09-05,uhaul,uhaul_951072,951072,7.3x23.5,uhaul_0c2c31e25acc4ee499b93a88b8c1f365,listed,False,True
2026-09-05,uhaul,uhaul_951079,951079,10x10,uhaul_504d69cec280491299519acf89af4254,listed,False,True
2026-09-05,uhaul,uhaul_951079,951079,10x15,uhaul_2eff14df8bc84ca2b67331bdb271339b,listed,False,True
2026-09-05,uhaul,uhaul_951080,951080,5x10,uhaul_7e5e78df8a1b4aa6bd4c70229648a936,listed,False,True
2026-09-05,uhaul,uhaul_952030,952030,4x8,uhaul_f6b64ee0f40142ed8c42ad29d5af799b,listed,False,True
2026-09-05,uhaul,uhaul_952031,952031,8x8,uhaul_bcac9011686b408589e6571534fd44a5,listed,False,True
2026-09-05,uhaul,uhaul_952073,952073,10x8,uhaul_44fa76e494a847beb09d0424fc8f9671,listed,False,True
2026-09-05,uhaul,uhaul_952084,952084,10x20,uhaul_cae2dd43bb53401d85ceacc46702d33f,listed,False,True
2026-09-05,uhaul,uhaul_953055,953055,5x10,uhaul_96084530381a4c1a99607db0780bb736,listed,False,True
2026-09-05,uhaul,uhaul_953055,953055,10x8,uhaul_4c537fb13c5e4e13b8d5936f33edc464,listed,False,True
2026-09-05,uhaul,uhaul_953058,953058,7.3x23.5,uhaul_dd9e526ec7ed4630bcb2bf0799786e59,listed,False,True
2026-09-05,uhaul,uhaul_953071,953071,5x10,uhaul_47d0a0e76b5b42159ec0c0fbf6b3f3d8,listed,False,True
2026-09-05,uhaul,uhaul_953078,953078,10x15,uhaul_204890bef5df4c25bd3b1ed5a871b3ac,listed,False,True
2026-09-05,uhaul,uhaul_954028,954028,5x10,uhaul_d34c08dd0e8a429da3b9e8587f1d7a2d,listed,False,True
2026-09-05,uhaul,uhaul_954052,954052,10x10,uhaul_5419a7996afe4a87a496c9374e8a3e50,listed,False,True
2026-09-05,uhaul,uhaul_954071,954071,5x10,uhaul_c79b90ce6561438389f57437adb0474e,listed,False,True
2026-09-05,uhaul,uhaul_954071,954071,5x10,uhaul_9153ae0ed7094c0a9a7dc096990c58c2,listed,False,True
2026-09-05,uhaul,uhaul_955071,955071,10x10,uhaul_9031c20fe0504356aebf0286bc8fe059,listed,False,True
2026-09-05,uhaul,uhaul_955071,955071,10x10,uhaul_8eae507a318b47ac99ba92622a88393a,listed,False,True
2026-09-05,uhaul,uhaul_956028,956028,5x10,uhaul_9c205e9b988b4cbcb88a7020dda10d7c,listed,False,True
2026-09-05,uhaul,uhaul_956038,956038,5x15,uhaul_0d2bd93c4f7b4852b99505c50ae62019,listed,False,True
2026-09-05,uhaul,uhaul_956050,956050,10x15,uhaul_6c82d832345143b0bf0950cc4d8fb08b,listed,False,True
2026-09-05,uhaul,uhaul_956057,956057,10x12,uhaul_58b6ae1aac884c2e9c853c5ed356bb86,listed,False,True
2026-09-05,uhaul,uhaul_957031,957031,5x5,uhaul_f0e5b9e1d9d74cd9b507e186ea91e921,listed,False,True
2026-09-05,uhaul,uhaul_957031,957031,10x20,uhaul_2fcde6d4050f456cba9c1faf5db62b0b,listed,False,True
2026-09-05,uhaul,uhaul_957038,957038,10x10,uhaul_b093cb865c2f498eb7eeb16efd92177f,listed,False,True
2026-09-05,uhaul,uhaul_957066,957066,8x10,uhaul_04bcbd4c1fc44071b1323ad0935e2710,listed,False,True
2026-09-05,uhaul,uhaul_957066,957066,10x10,uhaul_cf44ee5bc9944eae96c4c2d49bdf56b5,listed,False,True
2026-09-05,uhaul,uhaul_957071,957071,12x15,uhaul_49fe0fe164a044d6aba4ada9b063d320,listed,False,True
2026-09-05,uhaul,uhaul_959082,959082,5x5,uhaul_7544671ddee44a08a6980fec9418d512,listed,False,True
2026-09-05,uhaul,uhaul_959082,959082,5x20,uhaul_7f616618ac584922b58868b8f202fa11,listed,False,True
2026-09-05,uhaul,uhaul_961076,961076,10x10,uhaul_472e5f6cf56643ac859b38ef043a49a8,listed,False,True
2026-09-05,uhaul,uhaul_961076,961076,10x15,uhaul_220e3a0027b547969833e00f1b84026e,listed,False,True
